<VTKFile type="UnstructuredGrid" version="0.1" byte_order="BigEndian">
  <UnstructuredGrid>
    <Piece NumberOfPoints="1962" NumberOfCells="24346">
      <Points>
        <DataArray type="Float32" NumberOfComponents="3" format="ascii">
	-60.9477 -3.17722 -5.34569
	-56.2245 -4.99827 0.0759441
	-59.8357 -4.85119 1.07213
	-63.6565 2.93194 3.49767
	-61.0999 -5 -1.54297
	-64.366 4.48287 1.96195
	-61.2672 4.99811 -2.08333
	-60.285 -3.88811 2.76037
	-76.4316 -4.83884 -0.163457
	-72.0594 1.26808 3.98421
	-69.9885 1.50137 -5.96712
	-67.9935 2.74131 3.59375
	-67.8367 -4.56792 1.79215
	-63.5279 -4.79543 1.2364
	-66.3513 -4.61134 -3.70143
	-60.2893 4.5383 1.84954
	-57.4742 -4.13983 2.47334
	-50.1916 3.00885 2.03179
	-51.4445 -2.92146 3.50218
	-58.3333 0.5093 4
	-54.9921 5 -1.52853
	-68.814 5 -1.59694
	-50.6302 -1.36187 -5.39451
	-29.7523 -4.96713 0.506803
	-40.1486 -1.9325 3.88766
	-41.9817 4.31641 -4.23485
	-37.3455 -3.79999 -4.85349
	-31.4625 4.83433 -3.12182
	-32.9353 1.48065 3.9685
	-19.8103 3.4648 3.14201
	-22.9482 -0.4672 -6
	-21.1785 -4.80863 1.21496
	-44.5634 -5 -1.89223
	-75.9235 3.1756 -1.96909
	-30.079 -1.68664 -5.93305
	-25.9658 -0.0345156 4
	-24.5357 5 -1.85144
	-38.7685 4.52826 1.87483
	-17.2766 -0.206681 -2.10366
	-44.3846 0.806953 0.279331
	-56.3552 0.931732 -6
	-36.3821 2.22826 -5.79904
	-72.364 -3.98445 -4.6559
	-35.7942 -4.89138 0.896674
	-64.1471 1.67767 -5.93483
	-25.1482 -4.8753 -2.98218
	-28.6247 4.47986 1.96804
	-49.8599 3.87013 -3.50698
	-42.2497 -1.16749 -5.22001
	-19.8771 3.96236 -4.68176
	-16.2222 5 -0.718986
	-50.0098 -5 -1.35317
	-19.9226 -4.43128 -4.05433
	-27.3786 2.75038 -5.5872
	-16.2738 -5 -0.427517
	-11.4197 0.0856648 3.22027
	-55.0542 -3.87118 -4.78237
	-72.662 -3.65139 2.98868
	-32.8114 -4.77289 -3.3028
	-34.1174 4.90068 0.849355
	-54.8231 3.59873 3.03314
	-46.551 5 -0.286832
	-21.3064 -0.961911 4
	-72.7151 4.86455 1.02589
	-40.4461 -4.98371 0.344221
	-65.1935 -1.42805 3.97194
	-48.6189 -0.972979 0.365462
	-25.5953 -4.26805 2.29507
	-74.9099 -0.567781 0.461495
	-87.7694 1.04413 3.9974
	-81.3388 -1.07641 2.83171
	-82.2551 -1.54827 -5.95741
	-83.8254 5 -1.69029
	-93.6773 0.593112 -6
	-88.8294 -5 -1.85803
	-98.2674 -2.69598 3.61533
	-94.9221 4.77334 1.30149
	-104.354 2.52217 -3.97115
	-99.9313 -4.33146 -4.20421
	-105.185 -3.03779 0.901065
	-102.384 3.47752 3.13459
	-113.497 4.32982 2.21143
	-113.35 -2.59251 -5.66302
	-113.332 -4.03975 2.59084
	-143.491 -0.601759 -0.992954
	-128.408 -5 -1.79776
	-122.358 3.99402 -4.6396
	-134.62 3.41976 -10.4686
	-122.183 -0.374915 4
	-134.451 0.556729 8.3438
	-135.201 5 -0.598076
	-136.858 -5 -6.39312
	-143.629 0.316911 -10.4763
	-141.54 5 5.54003
	-143.531 -4.94337 8.70103
	-136.824 -5 2.21395
	-120.346 -4.97453 -2.38865
	-128.726 4.29379 4.11423
	-141.025 5 -5.27342
	-128.961 0.934171 -6.28772
	-130.226 -4.46989 5.22213
	-115.331 4.06026 -4.56701
	-143.676 -5 -6.20352
	-119.783 4.82345 1.15386
	-90.1027 4.89106 -2.89776
	-131.718 -0.168439 0.698456
	-98.3153 4.43933 -4.03923
	-130.73 -4.91086 -7.59456
	-92.085 -3.38469 3.20706
	-144.959 -0.154025 5.02086
	-140.782 0.927379 11.0531
	-146.494 5 1.05974
	-151.7 -1.48359 0.271551
	-148.662 2.10869 -5.08813
	-146.85 -5 1.71722
	-110.198 1.50699 -2.32033
	-127.729 5 -1.88255
	-138.313 0.857745 2.53053
	-149.454 -3.88123 -4.80701
	-137.301 0.472407 -3.94716
	-124.669 -3.13976 -6
	-118.87 -0.557507 -6
	-82.974 -5 -1.24217
	-87.7916 0.45305 -6
	-94.6663 -5 -1.7733
	-151.891 4.17864 -0.786406
	-109.822 -5 -1.83918
	-138.106 -3.71526 7.58836
	-125.166 -5 2.80694
	-135.431 5 5.02754
	-138.206 -0.799089 -9.80439
	-139.737 3.65456 -13.197
	-141.713 -5 -11.6267
	-132.657 5 -5.52716
	-116.668 0.153376 4
	-86.3512 -3.92205 2.72378
	-133.717 -5 -2.10188
	-141.921 -5 3.65515
	-119.041 -4.12561 2.48956
	-127.265 -0.550923 4
	-83.4479 3.50227 3.11678
	-100.352 0.315734 -6
	-79.13 -0.631838 -2.18657
	-115.405 -5 -1.82674
	-94.7231 0.677972 4
	-133.326 -1.21578 -9.51288
	-136.01 -5 -11.2873
	-104.405 -2.37153 -3.88492
	-124.568 5 1.76627
	-142.805 5 -9.7434
	-149.006 1.40323 2.98394
	-90.1961 4.53714 1.8519
	-100.89 -4.9794 0.393202
	-79.6719 4.60703 0.512775
	-105.777 1.61918 0.435091
	-145.35 5 -3.48
	-91.7953 -3.53188 -5.08849
	-102.501 -1.01127 3.99934
	-111.701 0.150494 1.77645
	-101.785 5 -1.12655
	-83.8522 2.70002 -5.61759
	-145.506 -0.8462 -6.49953
	-142.475 2.976 1.59534
	-32.5711 -3.00557 3.46038
	-138.259 2.94892 7.89468
	-37.8545 4.9648 -2.52444
	-143.978 -5 -1.72796
	-24.2498 3.90715 2.74133
	-42.0061 2.1368 3.82719
	-136.888 5 -6.9595
	-141.08 -1.79877 -4.53304
	-86.1181 -3.55681 -5.06926
	-133.714 -3.74381 7.79918
	-135.971 -1.52095 -0.291424
	-130.96 0.936686 5.76458
	-126.455 4.46875 -6
	-73.5522 0.119027 -3.92373
	-140.742 -0.876781 5.66231
	-143.701 2.4235 8.24711
	-96.0488 -2.96659 -5.48058
	-72.3543 4.47758 -3.97063
	-131.195 4.0841 0.618034
	-13.9831 1.44141 0.0742469
	-37.1988 1.16074 3.99053
	-140.436 -3.31548 11.1294
	-98.1743 3.06906 3.41909
	-60.0996 2.84988 -5.53813
	-71.1924 -5 -0.730626
	-94.0975 4.36314 -4.15111
	-112.335 1.46462 -5.92498
	-147.311 -1.00935 -2.64898
	-20.5208 5 -0.682284
	-141.066 5 10.1994
	-112.402 5 -1.7544
	-108.515 4.71682 -0.225287
	-42.3852 5 -0.142881
	-140.757 -1.21753 -13.0585
	-34.216 -1.31178 -5.98131
	-131.245 -5 1.23301
	-140.825 1.66201 -7.72991
	-124.314 -5 -1.23644
	-80.4925 3.119 -3.25186
	-13.1165 -2.55191 0.556769
	-65.1411 4.74047 -3.39831
	-66.9812 -1.27379 -5.98387
	-149.982 -5 -0.910517
	-118.872 4.91205 -2.79223
	-138.705 4.87581 2.66542
	-124.567 0.898028 -6
	-31.8374 1.93244 -5.88416
	-145.294 3.83612 4.71134
	-54.4029 -0.266286 4
	-145 3.09672 -6.98635
	-53.5643 3.62773 -5.00946
	-69.1855 -1.50344 3.96728
	-107.762 -1.59356 -1.76856
	-41.0468 -4.62312 -3.68829
	-141.292 -2.78847 -8.40749
	-137.377 -0.941319 10.4887
	-151.097 -0.475673 -3.45572
	-18.7494 -1.75531 1.16117
	-131.028 -2.20907 -2.55525
	-28.9551 -4.62672 -3.67023
	-131.828 4.65645 6.40561
	-26.2837 -2.40854 -5.73708
	-86.4401 4.83809 1.11628
	-23.5896 3.24579 -5.30358
	-28.769 -2.61643 3.65326
	-142.296 1.73479 -3.76271
	-117.57 -3.89943 -4.74746
	-150.031 5 2.40534
	-95.4409 -4.51704 1.89265
	-43.4565 -2.78921 0.96207
	-143.275 -1.20806 9.18815
	-79.9649 -3.8873 0.732929
	-131.659 2.63809 -8.28136
	-146.491 1.3401 0.185846
	-36.2751 -2.46559 3.71835
	-149.195 -2.33815 2.92334
	-134.844 4.25419 8.63455
	-141.791 -1.59307 2.16474
	-115.916 5 -0.534016
	-47.299 1.7087 -1.84536
	-133.777 -5 4.31692
	-40.0284 1.68913 -5.93367
	-98.1756 5 -0.404318
	-138.242 3.17348 -9.87002
	-145.213 -3.81679 4.79179
	-127.779 -5 -5.41384
	-86.6284 4.46596 -3.99561
	-119.653 2.27116 3.78363
	-106.164 -4.9981 -2.03442
	-29.2827 1.49479 3.96757
	-124.814 2.13841 4
	-28.1635 5 -1.60125
	-90.6848 2.61097 -5.65595
	-84.7541 -0.944351 4
	-19.6592 0.358409 -4.758
	-91.2952 1.79076 3.91234
	-122.511 5 -1.18725
	-61.6616 -0.820036 4
	-148.697 4.42684 -2.36905
	-57.0232 4.2241 -4.35953
	-136.786 -3.01981 -3.42544
	-45.871 -1.68584 -1.78964
	-97.0662 1.69119 -5.93215
	-111.093 -1.87371 -3.00156
	-51.5572 5 -0.586651
	-121.177 -3.1812 -5.34303
	-136.891 3.98104 -3.55435
	-52.7695 -4.8994 0.872831
	-80.6782 -3.52896 -3.4911
	-105.283 5 -1.62829
	-17.9332 2.13963 0.456566
	-58.2737 -4.65785 -3.60713
	-43.3825 1.33307 -3.03905
	-91.7197 -4.99728 0.119707
	-74.8452 -2.79709 -2.5077
	-140.248 -5 -5.61178
	-118.428 2.84775 -5.53918
	-133.51 -5 -5.54846
	-79.8767 1.16756 0.659106
	-82.9181 -4.1212 2.49441
	-137.466 1.14917 -12.546
	-115.488 0.0847371 -6
	-138.764 -4.01612 -13.0901
	-116.862 3.93644 2.70552
	-133.385 2.16025 -1.16707
	-34.7648 4.52398 -3.87858
	-110.745 -2.92438 0.68887
	-102.765 -4.97476 -2.44155
	-51.7418 -4.33943 -4.19849
	-98.0466 -5 -1.46094
	-89.0005 -2.1151 3.83661
	-51.0867 0.406174 4
	-57.7647 -2.13863 -5.82862
	-101.334 3.43566 -5.16734
	-146.342 -5 -4.13519
	-122.143 -4.76287 1.33232
	-131.006 5 -2.60516
	-37.8361 -5 -1.76097
	-130.082 1.74807 -1.50343
	-68.1171 3.95251 -4.68899
	-58.2252 5 -0.7246
	-130.679 -1.59827 -7.55722
	-146.958 -1.91718 0.522797
	-133.789 -5 -8.84094
	-70.2418 -1.79051 -5.91532
	-37.801 -0.741765 -6
	-103.633 0.0310376 -6
	-50.9239 1.87675 -5.89958
	-129.633 4.74519 -6.78386
	-113.705 1.56045 3.95604
	-22.9362 -3.59849 -5.03482
	-49.0374 -2.1609 -2.65246
	-63.7249 -1.56423 -5.9574
	-149.344 1.37122 -1.4072
	-143.711 5 -0.652995
	-53.8207 -1.11189 -5.99267
	-138.048 -0.257063 7.3792
	-138.675 -2.36796 2.65912
	-92.8754 5 -1.21013
	-138.867 -5 4.72013
	-136.19 2.10286 0.43614
	-69.5327 4.69216 1.53434
	-132.696 5 3.3201
	-112.617 -4.74512 -3.39749
	-47.144 -4.15446 -0.181639
	-99.54 0.224253 4
	-86.0351 -5 -0.281472
	-128.371 -5 2.65866
	-141.348 -3.88152 6.60564
	-22.1597 -5 -1.83043
	-116.219 -2.97478 3.47733
	-130.677 -5 -4.07019
	-140.006 2.21013 5.32875
	-69.5221 -4.73363 -3.42914
	-90.7629 -0.669731 -6
	-102.748 -3.91429 2.73739
	-138.58 3.21416 11.0416
	-31.0636 4.99964 0.0156799
	-127.579 -1.89734 -6
	-142.574 2.84901 -12.0512
	-138.01 -3.8767 -9.11315
	-121.433 1.28868 -5.98108
	-32.8298 -5 -0.161592
	-151.407 1.60431 0.958761
	-110.952 3.06466 0.871803
	-54.5495 -3.31301 3.25849
	-127.661 5 1.25173
	-53.9154 -4.99907 -2.0411
	-60.9529 -0.121083 -6
	-143.626 -2.80825 -10.4856
	-63.2379 -4.5786 -3.76781
	-124.902 5 -3.16945
	-65.9782 -5 -0.649698
	-104.756 4.39299 1.36384
	-135.746 -1.92091 -11.3009
	-124.663 -2.20346 4
	-101.918 -2.51127 -5.69871
	-89.2647 -4.50662 1.91378
	-118.081 -5 -0.302878
	-133.067 -2.84619 3.7681e-05
	-119.298 -1.44189 3.97104
	-17.9309 3.12516 -2.45488
	-131.686 -1.99598 6.30065
	-26.8272 -5 -0.417574
	-74.5896 2.46757 0.693461
	-44.397 4.11628 -2.2724
	-151.122 2.83115 -3.42159
	-112.78 -5 -0.258889
	-137.508 -3.99392 10.5729
	-139.505 2.4039 -4.78663
	-35.2233 3.35197 3.22892
	-49.7449 0.71205 -3.35091
	-143.843 -5 1.30495
	-38.5295 -4.10016 2.52039
	-141.043 0.984314 8.0347
	-22.2939 1.90053 3.89368
	-31.4733 3.8597 2.79277
	-57.8384 3.38825 3.20468
	-17.755 -3.18626 -2.34641
	-138.517 5 5.6838
	-14.9674 -2.14007 -1.80246
	-65.9982 5 -0.519526
	-122.301 3.52739 3.09243
	-113.068 -1.38123 3.97754
	-147.824 4.99468 -5.18983
	-60.7406 2.2857 3.7787
	-22.8886 -3.37739 3.21165
	-84.8558 -0.0846592 -6
	-94.8019 -2.29466 3.77565
	-105.484 0.109429 -2.64437
	-42.4207 -0.529923 2.58767
	-83.4443 -4.39831 -4.10606
	-77.3873 -2.03446 -0.242392
	-140.387 -1.85989 8.54825
	-49.9108 -4.56881 1.57603
	-140.284 1.15635 -10.5964
	-112.384 4.07215 -4.55186
	-151.503 -3.30875 -2.77579
	-88.9526 -2.92615 -5.50052
	-134.164 5 -8.04181
	-26.0407 4.93805 0.662825
	-72.813 2.23986 -5.79666
	-81.066 0.389357 -4.12198
	-98.8327 -2.16695 -5.82079
	-104.035 1.11107 2.71706
	-78.8814 -5 -1.73188
	-62.5419 4.08327 -4.53784
	-100.052 4.57485 1.78087
	-77.1195 1.17502 -0.242205
	-107.121 2.77036 -1.86093
	-25.7072 0.419281 -6
	-20.5174 -2.20247 -5.80823
	-135.852 -5 6.32259
	-123.275 -4.52081 -3.885
	-43.4165 -2.59654 -3.00195
	-109.458 -0.058172 -0.0186236
	-149.72 -5 1.95752
	-67.0256 1.6051 -5.94968
	-95.6821 5 -1.83724
	-19.5471 0.690647 2.4409
	-135.877 5 2.19182
	-26.7083 2.70876 3.60773
	-98.2831 -4.68644 1.55105
	-73.6934 -4.94512 0.655758
	-39.9222 -2.79052 -5.5733
	-135.951 -4.37454 -0.433849
	-82.4902 4.90917 0.828241
	-115.558 -4.86836 1.01611
	-19.8822 -3.31059 3.25735
	-146.865 2.25662 -2.47903
	-143.491 2.22836 -1.23367
	-93.6703 3.2205 3.31677
	-133.224 -0.612166 -1.73886
	-148.835 -1.12471 -5.03568
	-139.555 -0.836246 -7.31269
	-87.6866 5 -1.42255
	-149.385 -2.24461 -1.17005
	-73.7924 5 -1.58868
	-126.623 -5 0.388764
	-19.458 -5 -1.01404
	-148.786 3.54031 0.306705
	-31.1006 -0.660657 4
	-136.53 1.67379 9.87959
	-22.0035 4.85238 -3.06876
	-140.185 5 -10.767
	-137.614 5 -11.9227
	-134.037 -5 1.522
	-92.009 -4.93641 -2.66977
	-73.2208 -0.921492 2.67203
	-142.252 -4.23972 -3.8038
	-134.296 5 -3.25207
	-140.213 -5 8.90618
	-143.912 -2.17552 6.64363
	-142.93 -5 -8.89707
	-121.532 -3.03433 3.44116
	-56.8252 -1.83504 3.90381
	-41.6009 -3.97333 2.66903
	-147.071 -0.575042 3.2607
	-134.959 0.676501 -10.7195
	-23.038 4.97012 0.483513
	-36.7611 4.99949 0.0223979
	-81.3657 1.68888 2.93262
	-63.0801 -3.11466 3.38749
	-139.448 4.02341 -7.32203
	-144.13 5 2.49136
	-86.1854 3.20553 3.32922
	-92.3624 -0.754378 4
	-146.241 -3.42974 -1.86939
	-142.749 5 8.01711
	-38.5044 3.74217 -4.90667
	-35.0822 -5 -1.76138
	-26.4888 4.58982 -3.74508
	-78.4168 4.33466 -1.91896
	-24.126 -4.99796 0.0899704
	-72.9772 -1.64375 -5.94022
	-52.4845 4.49595 1.93601
	-56.0865 4.87695 0.973401
	-147.706 3.79856 3.19443
	-65.7453 1.24464 3.98559
	-29.8935 3.63104 -5.00153
	-144.189 -2.83626 -7.81833
	-43.0489 2.88008 1.42721
	-130.35 -2.73397 0.0252762
	-125.914 -5 -3.43545
	-137.336 5 9.41698
	-135.334 -1.92525 8.99643
	-129.506 -1.91068 4.69039
	-29.3289 0.91576 -6
	-143.073 5 -7.04757
	-75.5594 -0.0151842 -2.10961
	-126.033 4.55628 4
	-32.3013 -3.12294 -5.38195
	-142.733 4.35755 -3.27966
	-122.729 -1.07546 -5.99505
	-40.5125 4.99816 -2.08088
	-128.862 1.6062 4.21461
	-139.864 -2.7256 -10.6857
	-49.1121 4.96202 0.531678
	-141 0.946146 2.56135
	-137.93 -1.48215 -12.7987
	-73.3102 -4.98136 -2.36256
	-103.548 -4.99742 0.113467
	-132.814 2.28458 7.13419
	-34.1278 -0.906391 4
	-39.3932 2.6356 3.64594
	-82.6599 4.45422 -4.01584
	-141.348 5 2.89195
	-63.3456 5 -0.432901
	-70.4868 -4.57269 1.78776
	-128.926 5 -4.24443
	-102.94 4.70795 -3.49081
	-15.4114 2.70583 -1.76056
	-11.7883 0.614706 -4.11306
	-1.33136 -5 -1.34881
	-7.02436 -4.54905 1.83151
	-2.38454 4.36349 2.15582
	-8.52337 4.9967 0.0672233
	-12.3009 5 -1.02946
	-3.3587 1.87164 -5.89836
	14.36 3.13998 -3.96239
	7.43956 -0.595999 3.93956
	7.25943 -3.22344 -5.32502
	3.8681 3.6319 -2.84557
	13.5044 -3.99563 -0.220829
	13.6598 2.19084 2.8402
	30 -0.953761 0.579879
	22.5134 4.9451 0.6323
	22.1484 -3.16535 -5.36
	21.4171 -3.2549 3.30168
	26.9876 2.97728 -5.47275
	0.716528 -1.3678 3.98128
	-6.81144 -3.73524 -4.91247
	-11.2174 -4.79299 -3.26591
	28.6069 -3.27348 -5.28589
	20.5878 3.04121 -5.43441
	9.47736 5 -0.70191
	28.6171 4.99607 0.079896
	1.34494 -1.96746 -5.87699
	4.19113 -3.30887 -0.327006
	16.4256 -2.21282 -4.9256
	3.54575 3.60046 2.95425
	8.93766 2.29082 -5.78136
	19.1617 1.85098 3.90545
	-5.91389 0.463842 4
	25.0963 -3 -0.747208
	19.1967 -5 -1.26602
	17.32 4.82004 0.0111091
	25.7685 1.36128 2.26851
	-7.92123 3.82103 -4.83257
	8.74765 -4.75756 1.35733
	-1.00121 4.94266 -2.66215
	16.627 -2.26338 3.12696
	11.7564 -1.61224 -5.94808
	11.9331 -2.11288 3.83985
	26.9853 -2.94276 3.48531
	30 2.45947 3.63349
	29.1019 -5 -1.16367
	-2.71533 -3.91113 2.73696
	9.43802 3.24636 3.30802
	30 0.477436 -3.54311
	0.942484 2.34113 -5.76336
	10.1393 -4.93846 -2.67712
	-2.56522 -3.48394 -5.13318
	24.9511 -0.369841 -4
	4.64414 -0.281555 -4
	25.4027 3 -1.62216
	-5.06611 4.99433 -2.13528
	-8.2392 -0.073382 -6
	1.08756 -4.5955 1.7422
	-11.323 3.9864 2.65331
	2.07385 -4.79019 -3.26614
	-5.21898 -5 -1.59036
	13.2609 4.2391 -0.418617
	30 4.34289 -3.47088
	-10.4684 -3.5736 3.05964
	-2.17953 1.06526 3.99616
	1.72722 5 -0.0481885
	3.97083 -0.125316 2.52917
	17.2083 1.39166 -5.70829
	6.09836 3.59836 0.18716
	22.5739 0.269016 3.92609
	-6.06266 3.95805 2.68172
	20.2269 4.98564 -2.29237
	7.27782 4.67061 -3.5834
	13.4572 -4.04276 -3.85233
	11.0411 4.51794 -3.90184
	-11.4716 4.17845 -4.42589
	22.3607 -4.98299 0.346282
	30 -4.11343 2.11439
	-10.898 -2.35025 -5.76393
	20.1927 -0.364845 -6
	-9.90457 -5 -0.0567941
	29.7242 -0.940979 4
	23.8001 3.69989 -4.53744
	-4.88368 -1.15872 -5.99065
	6.84575 -4.34575 -2.1566
	17.4905 4.36625 -4.15493
	-8.82491 2.10413 3.83942
	5.99114 -3.24003 2.49114
	19.0965 -4.13879 -4.47454
	12.1726 1.66093 -5.94086
	30 2.09777 -0.670749
	27.5693 -0.225714 -6
	16.2483 -3.74828 -2.02046
	18.7088 -4.49746 1.93602
	16.5869 3.65594 2.98476
	0.346821 3.06929 3.41923
	24.4313 -1.59067 2.06874
	19.7178 4.41119 2.07994
	-7.71604 -2.15938 3.82425
	14.2564 -0.0110039 -4.24358
	23.3676 3.21869 3.13238
	21.9538 -4.92516 -2.76674
	-1.5056 -0.659558 -6
	25.8628 -3.3628 -3.76775
	6.48594 2.23605 2.98594
	27.4351 3.92243 2.72471
	30 -2.46994 -2.66423
	11.1818 0.840071 4
	7.18296 -0.198399 -5.68296
	19.3215 -1.17536 3.99139
	22.8476 1.04236 -5.65239
	-8.10384 -4.97058 -2.47978
	3.11677 -3.08882 3.38323
	14.1538 -0.73648 2.34615
	-13.3613 -5 -1.16964
	27.0316 -4.53157 0.947949
	11.6209 -4.44219 2.02823
	29.8729 2.45157 -5.72271
	-12.3954 -2.10835 -3.21048
	16.5832 0.727154 3.08324
	-3.69131 -1.44239 3.97273
	11.8597 4.37695 2.13706
	6.03574 2.21736 -4.53574
	4.42435 -3.07565 -3.21803
	9.16112 -2.88647 3.52716
	-3.28802 4.2709 -4.29272
	27.1652 4.66515 -3.1581
	-10.0681 2.1205 -5.83323
	-9.37501 4.94354 -2.65262
	-6.18438 1.86363 -5.89863
	1.43554 4.46766 -3.98734
	15.6239 3.12386 -1.45262
	16.2604 -3.76042 0.783965
	-2.79061 5 -0.526644
	9.99506 -3.55927 -5.07238
	22.9406 4.55938 -2.06343
	2.00454 1.01135 3.99933
	27.796 0.94658 4
	-12.8942 2.64452 -2.72485
	2.7253 0.333369 -5.7747
	14.0817 -3.41833 2.33477
	-3.38948 -4.97598 0.370022
	-13.6247 0.124146 -2.24005
	-0.509331 -4.55026 -3.83365
	8.09747 4.69188 1.53842
	2.18068 -5 -0.631876
	-71.4601 3.64166 2.99901
	-65.5689 -3.78423 2.86719
	-18.3589 4.71093 0.780706
	-114.986 -4.20472 -4.39151
	-68.5806 -5 -0.99332
	-135.714 -5 8.94317
	-94.1571 -4.29867 -4.24759
	-48.6651 1.6481 0.39137
	-21.2992 2.09154 -5.8419
	-81.2077 5 -1.57364
	-143.882 2.65073 -9.31326
	-107.474 -3.66811 -0.200356
	-52.2527 4.84236 -3.10183
	-85.6902 -4.89875 -2.86906
	-127.095 -3.1574 4
	-34.7379 -3.85204 -4.8015
	30 -1.0944 -5.62475
	-52.5222 2.55787 3.67849
	-136.088 1.93089 -2.16143
	-66.9704 4.48721 1.95409
	-138.277 1.29196 -8.0791
	-146.833 -2.75079 -5.3364
	-5.19204 4.97082 0.456661
	-136.438 5 -9.51197
	24.4606 3.03937 0.790633
	-96.6417 -4.65663 -3.60959
	-88.127 2.96648 -5.48063
	-110.029 4.08593 -2.22504
	-12.0385 -4.75161 1.37913
	-97.0465 -0.451854 4
	-68.1219 -3.43959 -5.16774
	-125.462 5 -0.652396
	-93.6993 -1.98165 -5.87437
	-5.18831 -3.38684 3.20569
	-33.5661 5 -1.65735
	-151.866 0.94212 -1.46956
	-30.7168 -5 -1.8584
	-58.4922 -5 -1.08985
	-3.92187 2.86641 3.53113
	-106.272 -0.860759 0.158991
	-79.7109 -1.36581 0.540642
	-71.3023 5 -1.0819
	9.7014 -0.121217 -6
	-143.421 -3.02388 -0.233284
	-138.549 -1.63446 -4.6143
	-3.17485 -4.84886 -3.08421
	-73.9114 2.56772 -3.38309
	-146.301 1.39568 -5.64205
	-75.6753 4.65907 0.0606209
	-59.3514 -1.8376 3.90302
	3.36416 2.69249 -5.13584
	-59.462 4.56457 -3.79627
	-150.194 5 -4.32004
	-142.291 2.80032 10.3018
	11.2 -5 -0.392522
	-140.619 1.29744 -13.089
	-56.0733 1.6154 3.94809
	-9.30551 -3.96623 -4.67678
	27.9211 -4.75277 -3.37073
	-146.282 1.77905 3.65667
	-8.82807 4.18083 2.42443
	-138.932 -2.60968 5.48956
	15.1788 3 1.01392
	-41.1514 4.09806 2.52161
	-0.904554 3.77724 -4.87482
	-16.7378 -2.56528 -0.0866494
	-95.9127 -0.525321 -6
	-144.076 0.518405 -8.02726
	-78.7436 1.82939 -2.02214
	-53.3583 1.33919 -5.98002
	23.5751 -3.92492 2.24892
	-143.539 -5 6.20935
	-63.583 -5 -1.33636
	-50.2813 -1.13357 2.21438
	-42.9048 -5 -0.0374985
	-138.545 5 -5.10564
	-140.823 3.44912 8.27179
	-12.0807 1.86144 1.61466
	-115.913 -2.35012 -5.75864
	-100.749 -2.72488 3.60452
	-25.0726 -2.33711 3.76276
	-141.399 -0.384681 -9.00633
	-135.387 -5 -3.93189
	-150.493 -0.38376 2.13255
	-151.543 -3.9199 0.677967
	-88.6599 3.24554 3.30004
	-148.54 -0.0152885 0.477032
	-142.958 -2.03182 -2.9396
	-146.021 4.21698 -1.235
	-15.6542 -0.348889 -0.246593
	-148.45 -5 -2.84745
	-69.6155 0.926357 4
	-126.764 2.0206 -6
	-34.173 1.15249 -5.99102
	-83.5381 1.1988 3.98721
	6.62526 -4.12526 0.284369
	-48.4577 5 -1.83594
	30 3.44196 1.38361
	-18.798 -4.20913 1.21425
	-143.886 0.214563 7.1961
	-111.734 0.340613 -3.83231
	-142.895 0.626441 1.04176
	-19.2097 -1.83517 -3.7745
	-30.5006 -4.00513 2.62694
	-108.826 2.29518 -0.177832
	-28.0287 -4.37615 2.13163
	-132.169 -3.18542 -8.65787
	-0.0274019 4.65845 1.60911
	-104.202 -1.28009 2.27433
	-45.0004 3.14498 -0.00342422
	-101.725 1.29442 3.98266
	-42.2765 2.05543 -5.08108
	-90.5469 5 -0.509449
	-14.1876 3.86046 -0.0085031
	-81.4565 2.43195 -5.36671
	-0.401054 -3.37595 3.2142
	3.76022 3.73978 -0.428431
	-92.5043 4.81608 1.17557
	-65.5078 -3.10222 -5.3958
	-141.287 3.12119 -9.60356
	-133.396 5 1.008
	-100.545 4.81457 -3.19138
	-132.341 -5 6.25934
	-141.67 5 -12.669
	-58.7661 0.89475 -6
	-130.006 -0.617501 -1.06728
	-146.908 -2.97386 3.30815
	-89.9095 -4.49102 -3.94541
	-139.121 -5 -10.9254
	-94.8785 2.64425 -5.63954
	2.99477 -3.53222 -5.09627
	-136.597 5 7.12969
	-23.5642 -0.137322 4
	-75.0289 -2.96631 0.383521
	-131.769 5 -7.85432
	-97.2682 4.57305 1.77907
	18.6546 -2.19765 -5.8147
	-9.17733 -0.264085 4
	-124.5 3.21775 -5.39138
	-100.419 -5 -1.95577
	-40.3124 0.453444 4
	25.3819 1.98513 -4
	-56.2901 -4.98254 -2.31344
	-102.418 4.82326 1.1659
	-34.653 -3.9067 2.73917
	-46.5934 0.107613 -0.240316
	-131.845 0.278178 -8.41867
	-141.977 -5 10.4908
	-5.65514 4.25955 -4.30709
	-138.205 -4.58522 -4.49199
	-117.632 -4.9452 -2.62559
	-135.023 5 -5.50382
	-144.122 2.19571 5.93696
	-70.4271 3.61571 -5.02043
	-21.9323 4.18915 2.41364
	-122.14 4.83005 1.13442
	-130.436 5 2.65278
	-114.633 4.96675 -2.50848
	-1.18949 -4.8147 1.18987
	-99.0965 2.81906 -5.55578
	-139.615 -1.11126 11.1915
	30 1.11177 1.7055
	-137.053 -0.951764 1.71568
	-32.0479 -0.405296 -6
	-32.73 3.83048 -4.82608
	-65.6332 3.35315 -5.22813
	-114.55 2.22586 -5.80307
	-129.226 -3.4958 -6.48325
	-130.376 3.1635 5.33323
	-63.4808 0.652648 4
	26.5026 4.00262 0.181574
	-12.4304 -0.405475 1.17233
	-148.524 -3.64469 0.484221
	-91.7808 4.21721 -4.36951
	-71.4839 -1.86387 3.9017
	-129.059 -5 0.436054
	26.5077 -0.716787 3.0077
	-86.0524 1.99178 -5.87389
	-95.8995 2.64869 3.63735
	-145.581 5 -5.79031
	-81.2466 3.97579 2.55194
	-133.498 -1.43858 7.63942
	21.0689 3.07692 3.413
	-142.235 -2.85556 -12.3412
	30 -3.19552 -0.0158108
	-131.765 2.81006 -2.69431
	-118.235 5 -0.563941
	23.8705 -3.62951 -2.61199
	-38.0375 -0.99463 4
	26.8632 -4.36323 -1.35197
	-139.452 -3.66639 -7.32165
	-108.115 0.688593 -1.75174
	-19.3373 4.94369 -2.66334
	-137.521 2.9799 2.10222
	-136.225 -0.978139 -2.51626
	-136.076 -5 -8.5604
	21.6883 4.46258 -3.99421
	13.0013 4.49872 -2.69245
	-140.115 3.06016 2.77159
	-139.905 -4.30867 2.78596
	-89.8287 0.0228953 4
	-26.8213 -4.19645 -4.40057
	-10.7411 4.94492 0.651894
	-131.636 -5 3.49293
	8.66438 -5 -0.921808
	-120.365 -5 -0.0957595
	16.8342 -4.33418 -4.15812
	-10.6879 -0.0799669 -6
	-24.5825 1.90935 3.89014
	-143.786 5 5.97781
	-39.018 5 -0.349336
	-86.6356 -1.51865 -5.96548
	-145.749 -5 -0.284475
	-120.077 4.0773 -4.54464
	-136.433 3.04811 -11.808
	-134.228 -3.2039 -10.1791
	-139.943 0.164272 -4.78337
	-7.16553 -5 -0.400449
	8.92169 1.13476 3.99338
	-103.059 -4.09614 -4.52376
	-133.354 1.77345 -9.53343
	6.01179 3.51179 -2.08675
	23.2348 -1.16718 -5.26516
	19.5831 5 -0.111916
	-112.14 4.96655 0.502918
	-40.1991 -0.575829 -6
	-27.9529 -0.891042 -6
	-138.514 0.947288 11.0207
	-131.351 0.270012 -2.65982
	-129.329 5 -0.279996
	-38.0196 -4.96893 0.494184
	-82.7211 0.66559 -6
	-84.3864 -2.28727 -5.78246
	-86.7423 -2.01253 3.86916
	-45.1565 0.45229 -1.95046
	-106.491 3.76088 0.0666533
	-67.6209 -3.04052 3.43853
	-115.848 2.2434 3.79497
	-28.1774 -0.469306 4
	-112.139 2.61115 2.72846
	-73.4121 1.2666 2.18701
	-7.29073 5 -1.81258
	-60.5187 -4.62201 -3.67979
	-103.1 2.20478 -5.80761
	-96.2214 -5 -0.155279
	-82.9698 -2.28659 3.7841
	-14.3463 4.97756 -1.94462
	-84.0367 -4.92806 0.728862
	-67.2087 -0.450877 4
	-1.14334 1.54999 -5.95936
	-78.5907 -2.79346 -1.97034
	-8.29501 -2.29989 -5.77773
	-105.957 -2.79009 -2.32861
	-132.088 2.03529 0.649181
	-87.6804 -4.55235 -3.8217
	-1.4933 -1.05809 3.99715
	8.28363 -4.54482 -3.84936
	-93.2192 -4.60125 1.72189
	13.6443 -2.06314 -4.8557
	3.26859 -4.23141 1.47777
	-4.6378 -4.0607 -4.56425
	-142.332 0.139941 -12.2726
	-71.8295 0.257865 -6
	18.0153 4.99554 -2.09078
	-133.998 5 6.72283
	-146.007 -0.523298 -0.919317
	-28.5748 -3.2023 -5.32893
	-52.3602 -2.73552 -5.60121
	-125.518 -1.09797 -6
	-55.6133 2.95101 -5.49043
	-47.8302 -0.431796 -1.99085
	-42.0249 -3.36462 -5.21713
	30 -0.544259 -1.58787
	-136.606 -3.0506 1.20454
	-0.424606 5 -0.533701
	-124.359 -0.0193858 4
	-141.208 5 -8.2236
	0.54493 0.139102 -6
	-78.2437 3.06287 -0.132173
	-70.3294 4.81875 -3.18125
	30 -4.28066 -3.91335
	-96.2263 4.03332 -4.59479
	-141.704 -1.57551 10.6818
	-48.1609 -4.10381 -2.12662
	-35.7445 5 -1.92239
	-11.0173 2.15588 3.82171
	-75.4867 -4.85981 -2.14031
	-141.167 -5 -7.59914
	-105.764 -4.99734 0.117152
	-53.9753 4.97596 0.408428
	4.56011 1.91368 2
	-142.16 -3.73114 1.88992
	-37.4076 3.42261 3.18027
	-54.9849 4.62359 -3.68097
	-40.0199 -5 -1.79784
	9.81117 -0.857818 4
	-36.1973 -2.208 -5.8057
	-120.33 5 -1.17239
	-44.8055 -1.32266 0.0774435
	-145.791 -4.47126 -6.17712
	5.93494 -1.06299 2.43494
	-61.9725 1.80172 -5.91016
	12.2798 -4.9861 -2.28286
	-44.9794 -4.01481 0.00399249
	-81.8623 -4.94918 0.628694
	-17.727 -0.023069 0.330703
	-113.378 -0.443346 -6
	-116.721 4.84446 -3.09332
	-138.94 0.323744 5.4856
	-126.937 2.58385 4
	-111.943 -1.95861 2.21674
	-100.333 2.89127 3.52189
	26.7793 -2.10999 -5.27926
	-0.458204 -3.07415 -5.4168
	-139.411 5 8.80451
	-133.335 4.30529 -1.44295
	-32.4756 -4.50779 1.91141
	7.35087 4.85087 -1.04846
	2.36357 4.9944 -2.1109
	-38.8899 -4.65793 -3.61339
	-142.644 0.694597 9.98706
	-18.6402 1.17529 -3.04206
	-58.1638 4.69812 1.52307
	-35.0462 1.044 3.99741
	-65.7719 3.27982 3.27713
	-119.103 -2.66747 -5.62809
	-88.5198 4.95736 0.564422
	-109.479 -2.87791 -1.98744
	-130.393 -4.21292 -2.08541
	-135.925 -5 4.17056
	-119.64 -4.2676 -4.29408
	30 4.14469 -1.32967
	-98.244 -0.106596 -6
	-110.669 -4.99696 0.13371
	-122.169 -5 -1.25679
	-125.64 -5 -5.56159
	-117.417 1.01601 -5.99906
	-145.141 -5 3.008
	-54.7667 -4.6599 1.60777
	12.5732 3.57181 -5.06101
	-88.1293 -4.99624 0.165592
	-151.266 3.72517 1.20973
	9.06679 4.05432 -4.57919
	-132.966 -2.99987 -2.12859
	-0.0930352 0.608627 4
	-124.228 -4.89195 0.893248
	-42.4431 -4.99218 -2.11937
	-51.4348 3.70862 -4.93532
	-28.6003 -5 -1.60138
	-123.51 -3.66864 2.96856
	-144.213 -5 -4.14246
	-62.3089 4.1818 2.42249
	-11.6333 -1.89366 2.46808
	-149.931 5 -0.73396
	-142.865 -3.21732 9.74798
	22.9359 -1.79283 3.56413
	20.8236 -4.58799 1.75809
	-67.2222 4.87197 -2.9968
	-128.638 3.01925 -6.04874
	-28.6087 4.63906 -3.64522
	-80.9882 -5 -1.99233
	-48.8383 -3.07923 0.51017
	-85.6486 0.979707 4
	15.7129 1.52811 -4.21288
	-121.684 1.68329 3.93372
	-61.2797 4.99921 0.034813
	-49.7876 -4.54346 -3.4089
	-30.9697 -4.30571 -4.23704
	5.84662 -1.98827 -4.34662
	-100.227 -4.28392 2.276
	-56.9223 4.97763 -2.38799
	11.7759 2.81823 3.55954
	-57.701 2.6767 -5.62354
	-55.655 -2.14115 -5.82957
	11.5008 5 -1.29733
	-52.4951 -1.16127 3.9905
	-50.0538 0.919375 1.79845
	-121.408 4.87508 -2.97806
	-92.78 2.79921 -5.56312
	-126.836 5 -3.99962
	-68.8165 -0.245441 -6
	-47.1465 2.98567 -0.181205
	-73.5408 -1.98385 -3.94292
	-84.4124 4.64567 1.639
	-136.97 -3.37095 -12.2051
	18.4875 3.03536 -5.43791
	-14.8505 -3.47834 -0.177201
	-24.2075 -2.13468 -5.83207
	-65.2362 -0.112259 -6
	18.5481 -3.04142 3.43428
	29.0773 -2.8752 3.52787
	-109.638 -0.713137 -2.04927
	14.2107 -3.28935 -2.05553
	-81.1308 -3.07141 2.25838
	19.576 4.3565 -4.1712
	-9.10984 -4.55663 1.8197
	-24.4094 4.52638 -3.87758
	-111.583 2.4049 -3.59251
	-143.637 5 -5.0426
	30 2.39568 -2.73201
	-81.9225 -3.44287 -5.15903
	-143.889 -1.24181 -9.12196
	-115.146 -1.26582 3.98434
	-115.395 4.72227 1.45949
	-139.037 1.1395 8.5596
	-52.0708 -5 -1.08242
	25.7132 -3.21315 1.8649
	-151.823 -1.50199 -1.80192
	-150.458 -5 -3.37468
	-148.11 -2.96196 -2.64335
	8.85791 -2.01348 -5.86475
	-91.6577 3.6235 3.00815
	-70.3448 -3.6465 -4.99332
	-42.1867 -2.2683 3.69535
	-73.3761 3.33876 2.26536
	-151.516 4.75014 -2.74352
	-85.7046 5 -0.815084
	-6.76736 2.33711 3.76317
	-108.968 -2.06514 -0.153079
	-132.529 0.245121 6.92393
	-63.2925 4.96774 -2.49987
	3.39538 -1.50404 -5.10462
	-35.8533 -0.0507381 -6
	-139.301 -5 10.7583
	-80.5915 -1.4723 -3.37346
	-70.0723 -3.24272 3.30672
	2.00098 4.5008 1.93144
	-98.0479 -3.80484 -4.84988
	-36.4594 -4.78283 -3.27631
	-104.749 -4.33518 -3.37313
	-34.5823 3.12889 -5.37798
	-133.002 3.83624 -9.27311
	9.12413 4.93157 -2.72352
	-118.913 3.88839 2.76005
	-142.992 0.0178771 -2.88307
	-42.5411 4.9812 -2.37779
	-84.6472 4.17305 -4.43386
	-4.98992 -4.65685 1.6096
	-146.049 5 3.20569
	-141.211 -4.31398 -9.76687
	-5.76203 -1.57406 3.95588
	-137.244 5 4.08679
	-140.003 -0.821947 2.77928
	-135.909 0.466672 -0.750947
	-23.8882 1.34382 -5.97975
	-1.68907 2.97496 3.47696
	17.3415 -0.638371 -5.84146
	23.9853 -2.90748 -4.51473
	17.7742 -4.9905 0.193392
	-118.675 0.497481 4
	-43.0509 -0.638564 -3.42442
	24.0119 0.356543 2.48809
	-138.2 -2.06305 -8.20889
	-67.9764 4.98316 0.256881
	-20.3159 4.77182 1.32728
	-130.894 5 4.63296
	-150.293 1.1928 -4.29313
	2.72415 -1.13464 3.77585
	10.0995 4.80636 1.22096
	-47.0491 -2.12793 -0.198161
	12.0171 -3.45707 -5.15175
	-36.2507 4.50478 1.91868
	-107.286 4.78773 -1.83232
	-103.673 5 -0.407838
	-36.5029 3.92805 -4.71589
	-148.174 -4.54034 3.1707
	-150.466 -2.26114 -4.15437
	0.609495 -5 -1.89581
	-16.1086 1.61389 -0.217387
	20.5656 0.409186 4
	-33.4628 4.06401 2.5598
	-61.719 -4.97969 0.372461
	-120.732 -1.32373 -5.97878
	-44.3716 5 -0.46471
	-89.6373 3.99515 -4.63832
	-146.674 3.35734 -5.40086
	-96.4122 -3.36294 3.22159
	-117.057 -4.3096 2.23124
	-142.979 5 4.13791
	-45.4288 2.44067 -1.87003
	-6.27413 -4.78042 -3.28446
	-62.9501 -3.28445 -5.27404
	-59.7201 -1.70208 -5.92998
	-113.913 5 -0.435029
	-103.841 -1.94874 -5.76198
	-24.93 -3.75351 -4.8961
	-19.6866 -1.26254 2.86108
	-139.722 -3.24694 -4.79848
	-25.5704 3.48011 -5.13498
	-26.8601 -3.14607 3.3665
	-104.261 -0.392538 -4.14756
	-76.6551 -3.2716 -1.79763
	-127.151 0.0574239 -6
	-77.9444 4.92972 -0.186784
	-151.656 -5 -1.8653
	-12.6808 4.58945 -2.9139
	-104.654 -4.65732 1.50201
	-15.0688 -4.45674 -1.7848
	-135.779 4.80851 -11.3253
	-46.9209 3.93312 -1.77952
	-15.7143 0.693874 -1.75686
	-75.6413 5 -1.76485
	-134.828 5 -9.96368
	-14.7345 -5 -0.383211
	-76.2523 2.86267 -0.128043
	-138.803 5 10.5641
	-138.374 1.20266 -10.059
	-60.0176 0.0458508 -0.892555
	-4.17401 0.0312487 -0.965966
	-29.7726 -0.0104885 -0.943425
	-89.2914 0.0576316 -1.10578
	-36.1703 -0.0662607 -0.881487
	-67.4748 0.0742397 -1.07779
	-24.6639 -0.0395474 -1.01936
	-54.9164 -0.0856378 -1.07709
	-94.7867 0.0441559 -1.05631
	-119.6 -0.0401378 -0.982797
	10.3761 0.0105875 -0.969966
	19.749 0.0192808 -0.976281
	-124.71 0.0255771 -1.03282
	-100.359 -0.053606 -0.969409
	0.701368 0.00451334 -1.12628
	-84.4711 0.283746 -0.677682
	-8.61287 -0.684802 -1.19798
	-115.135 -0.580217 -1.03582
	-40.1653 0.770863 -0.57115
	-63.7764 -0.965036 0.0740075
	-71.2403 -1.06435 -0.880854
	-134.597 1.14727 3.80633
	-134.189 -1.22285 -5.76697
	-32.9955 0.973166 -2.48302
	6.70094 0.0767261 -0.974691
	-21.3599 1.45221 -0.629507
	16.1533 -0.381075 -0.664213
	-33.0019 -1.32467 0.297787
	-127.526 1.06088 0.854342
	-64.0699 1.526 -2.40931
	23.2697 0.217225 -0.956437
	-97.5243 -1.48051 0.445805
	-97.6211 1.40002 -2.52212
	-92.0229 -1.55531 0.272456
	-127.157 -1.87184 -2.56956
	-6.82305 1.99338 -0.0233976
	-51.8557 -1.59474 -0.791497
	26.7429 -0.00660171 -0.706886
	-92.0578 0.669349 -3.00133
	-21.878 -1.90837 -0.428681
	-27.1879 1.75192 0.382781
	-38.6879 -1.38284 -2.74076
	-135.231 1.85065 -6.72027
	-122.162 -1.64631 -2.49591
	-86.6686 -1.71488 -2.28965
	-133.145 -1.85421 3.25598
	-117.164 1.53513 -2.68539
	-52.0937 1.73529 -1.17609
	-57.5625 -1.55887 -2.52736
	-27.2514 -1.33186 -2.71372
	-57.3744 1.65378 0.381393
	-1.68761 -1.47835 0.684791
	-126.963 1.85381 -2.67617
	-122.148 1.58881 0.396307
	-70.0788 2.00137 -0.337576
	-135.785 -1.59372 5.24457
	-117.164 1.18311 0.894189
	-91.859 1.74638 0.12138
	-1.77229 1.74802 -2.42858
	-1.7959 -1.54146 -2.59798
	-27.2811 -1.51745 0.556171
	-10.1317 2.20678 -1.02967
	-62.3234 -1.19901 -2.84084
	-86.7935 1.52725 -2.59639
	-102.937 1.9163 -1.11248
	-126.178 -1.87647 1.14875
	-87.0864 1.67694 0.622946
	-122.486 -1.60317 0.7128
	-102.859 -2.06491 -1.08727
	-6.3176 -0.0639416 -3.34403
	-32.0523 1.72533 0.480468
	-57.19 -1.52806 0.649136
	-6.28847 -1.58812 0.802537
	-121.746 1.49867 -2.76019
	-65.3127 1.7861 0.506891
	-96.9868 1.64631 0.579618
	-132.359 1.35179 -5.46686
	-87.4051 -1.64091 0.792155
	-38.5218 -1.75378 0.397343
	-65.3995 -1.84764 -2.49319
	13.3431 1.06956 -0.690822
	-113.266 1.95901 -0.963083
	-96.9074 -1.66851 -2.64018
	-57.0359 1.53151 -2.74005
	-1.2898 1.63353 0.669221
	-62.2093 2.01323 0.167455
	-27.8426 1.73438 -2.67076
	-31.7315 -1.86147 -2.48264
	-38.0456 1.65208 -2.65925
	-117.536 -1.5397 -2.74072
	8.51184 -1.63728 -2.81164
	-82.3781 -1.98357 -0.900036
	3.69746 0.758732 -1.24655
	-117.536 -1.8464 0.433525
	8.5044 -1.72952 0.749207
	18.2538 2.00621 0.837111
	-22.3159 -0.267999 -2.9951
	-69.7874 0.569439 -3.04342
	21.6125 -1.86957 0.568618
	8.56723 1.76329 0.773255
	-68.8565 -1.83071 0.878852
	21.3891 2.10678 0.534436
	-53.003 0.265178 1.33991
	21.5455 -1.66353 -2.77574
	8.56902 1.60547 -2.83491
	-41.2235 -2.05267 -0.96651
	21.4333 1.66243 -2.87774
	-93.1741 -2.07779 -2.46326
	-52.5965 -0.251014 -3.38106
	-82.1938 2.23118 -0.936176
	-61.1054 2.08701 -2.81108
	-37.7089 2.07829 0.525472
	-135.838 2.23308 6.29717
	-34.6357 -1.45735 -3.02706
	1.66879 -1.75796 1.06572
	18.1294 1.95677 -2.53993
	1.73722 1.65801 1.11292
	-83.6548 -0.815038 -3.31126
	-84.502 -1.96564 1.2385
	11.8755 -1.77977 0.812577
	11.6785 1.63126 -3.04524
	18.3773 -1.86675 -2.75982
	11.5509 -2.15695 -2.5622
	-34.7577 2.49689 -0.702643
	-90.321 -1.67968 -3.22895
	-61.1751 -1.57607 1.23058
	-9.11369 0.757622 1.27755
	-68.64 -2.07371 -2.65366
	-101.672 0.725179 -3.44285
	-99.8919 2.8011 -1.20583
	18.3444 -1.74431 0.848196
	-23.6273 1.54651 1.17608
	-124.929 2.33156 0.703551
	-23.5334 2.25685 -2.3377
	0.986377 -2.13691 -3.02701
	-129.263 -0.930545 1.97506
	-4.01301 0.541557 1.85261
	-8.92493 1.12889 -3.3973
	-30.2858 2.739 -1.56255
	-135.796 -0.505548 -8.24804
	-24.3498 -2.03416 1.00964
	-144.648 -1.6372 2.18065
	-101.282 1.57187 1.18142
	-94.6374 -2.62836 -0.0823359
	-100.082 -1.63086 -3.3212
	-66.8358 2.05896 -3.00522
	-72.7232 1.34077 -1.11963
	-101.541 -1.28042 1.29693
	-114.605 0.215576 1.63095
	-4.54552 2.08976 -2.87055
	-30.1308 -1.45321 1.46346
	-131.836 -2.69221 -5.22099
	-66.2882 -0.753852 1.34741
	-4.90552 -2.30545 -2.37011
	1.64399 1.80318 -3.08444
	-114.436 0.929111 -3.30709
	-120.28 -0.0237553 1.74775
	-89.329 1.0755 -3.72793
	-23.9318 -2.44682 -2.26728
	-112.401 -1.08935 -0.643778
	-10.7563 -2.48262 -0.962062
	-93.9232 2.52967 -2.03317
	-54.3803 -2.75892 -0.418283
	-40.5519 0.631379 -3.39086
	-70.8596 0.150327 1.61382
	-54.2763 1.93023 -2.90841
	-36.1954 -0.366897 1.888
	-124.179 2.59528 -1.96529
	-89.6093 -2.65658 -0.57251
	-54.662 2.27873 0.369676
	-94.3283 1.3743 1.33947
	-113.86 -2.09694 -2.97987
	11.392 1.29647 1.27024
	-84.0695 1.90255 -2.95131
	-129.178 -0.714247 -4.07063
	-131.987 1.98252 3.41551
	-30.5289 0.373717 -3.57201
	-99.7386 -2.70317 -0.617563
	-95.2166 0.749972 -3.67259
	-60.0756 -2.48739 -1.94158
	-59.6278 -0.111933 -3.60087
	-3.93946 2.57514 0.0201417
	-142.984 -0.158894 -5.61263
	-89.5966 0.978815 1.44964
	-89.2571 2.76916 -1.40575
	-134.352 -0.130397 1.40826
	-59.6729 0.935845 1.66262
	-55.4028 -0.408796 -3.73988
	-35.2729 -2.6046 -0.483752
	-35.5206 1.07328 -3.49115
	-59.6893 2.71978 -0.554972
	-68.3046 1.05798 1.4872
	-124.636 -1.92887 -3.57212
	-119.439 2.58425 -0.33117
	27.7499 -0.940424 -3.03944
	-9.14049 -1.9416 1.13623
	-134.389 0.648285 -3.82681
	-9.6014 -1.47042 -3.57523
	-119.479 -2.71765 -1.21001
	-114.576 -2.36892 0.891717
	-29.743 -2.68606 -0.892749
	-119.432 0.464542 -3.59878
	-3.45287 -0.0377639 -4.04336
	-84.6114 1.65553 1.59678
	-19.8147 -0.559024 -1.41183
	-42.1138 2.51335 -1.02914
	-136.538 -2.37936 -6.17028
	-129.707 2.23388 1.78675
	-25.4746 0.801911 -3.39275
	-29.6024 2.08652 1.40953
	-143.425 1.38816 3.51763
	-142.403 -2.56804 4.52741
	-80.915 0.348114 1.85115
	-21.072 2.13532 -3.23088
	-55.6197 0.262345 1.74095
	10.5418 2.61526 -0.820672
	-53.7478 -2.55413 -2.94395
	-144.095 -2.62331 -5.21207
	27.495 1.72373 -2.5013
	-21.7959 -0.246561 1.55794
	27.651 -2.04084 0.611444
	-3.98345 -2.48026 0.0401746
	-71.4756 -4.84183 -3.10357
	-125.077 -2.53326 -1.09694
	0.0724055 -2.77495 -0.694735
	-84.6841 -3.06529 -1.33377
	-99.0295 0.346719 1.47324
	0.482533 2.61653 -0.928285
	-21.4323 -2.73705 -2.82907
	-144.741 2.53413 -3.91071
	-66.7608 -2.5578 -0.427055
	-142.61 2.63282 -6.15282
	-67.4989 2.59765 -0.578872
	-71.0367 -1.63591 -3.47505
	-129.789 1.88762 -4.05127
	-11.1155 -0.0590491 -1.72892
	-7.45452 -2.49066 -2.60683
	-124.011 0.559174 -3.51792
	-145.269 -0.287387 -4.01283
	-34.3461 1.37062 1.5579
	-39.1413 0.337457 1.73067
	27.7535 1.84479 0.734612
	-95.3604 -0.935335 1.68734
	-72.0781 -2.9688 0.598836
	-25.8694 2.85319 -1.50329
	-128.755 -5 -3.7209
	-7.02066 2.56187 -2.49837
	19.8633 0.170866 1.5635
	-115.752 2.47257 -0.786077
	-134.545 -2.86717 -7.67647
	-145.005 2.75372 1.68719
	-134.197 2.74918 1.87437
	-133.593 5 4.92735
	-62.3386 -2.84235 -0.848261
	-130.912 -2.78391 2.49704
	-124.298 -0.000508248 1.46704
	-0.196929 0.147088 -3.58508
	-52.7792 -2.2473 1.46683
	-127.87 -2.93505 -0.395143
	-138.368 3.0718 5.9495
	-67.0783 -0.364226 -3.63947
	19.5421 0.185109 -3.63284
	-104.837 0.194087 1.26304
	2.67926 -1.53785 -1.27005
	-131.136 -0.376479 3.55258
	-25.6606 0.128129 1.52101
	-71.2969 2.54679 -2.78314
	-48.9819 2.36131 -2.61282
	4.76833 -0.944988 0.230952
	-89.9189 -1.48744 1.6065
	-84.6069 2.77103 -0.630962
	-136.12 2.0694 -9.02599
	-40.7484 -1.9785 1.4667
	-127.005 3.06387 -0.511954
	-137.496 2.71717 -6.20661
	-40.6381 4.91666 0.790444
	13.8771 -1.34125 -0.570485
	-42.4809 0.0703583 -1.11476
	-120.193 -2.4136 1.13389
	20.0288 -2.68735 -1.12926
	9.96928 -2.91457 -0.834804
	-134.005 2.95556 -4.58917
	-40.9256 -2.13971 -3.39914
	-29.5084 -1.85217 -3.51086
	-91.5283 2.94939 -2.29384
	16.0621 -0.254361 -4.56208
	-26.0755 -2.79149 -1.14556
	-137.23 -0.046168 -6.32932
	-119.941 -1.91601 -3.46551
	-88.1411 -1.04377 -4.11035
	10.3798 -0.331756 -3.67049
	5.53796 -3.03796 -1.66083
	-50.2282 0.189653 -1.0306
	-81.3911 0.0780192 -1.69576
	-40.0152 2.50208 1.10754
	-133.783 -2.9133 5.53256
	0.0226904 -0.110509 1.69906
	-135.336 -2.85615 3.24242
	-62.616 0.273638 1.78366
	-136.816 0.392333 4.35672
	19.8975 2.87285 -1.1904
	-116.1 -2.77038 -1.25796
	-40.0416 4.49916 -3.93002
	-134.469 -2.78997 -3.97978
	-141.94 -5 -6.03555
	-59.2627 -2.6642 0.298464
	-127.733 0.0638996 -1.30186
	-72.5325 -2.76984 -1.93117
	-50.2205 -2.76136 -4.09026
	-32.3997 0.0558021 2.13977
	-36.6504 -2.56987 -2.42346
	-39.5806 2.93028 -1.37225
	-119.61 2.65603 -2.6994
	-141.16 0.922945 6.13273
	-91.7825 0.165138 1.88996
	-6.81942 0.490776 1.8097
	-69.9013 -3.01919 -0.884686
	-130.891 5 -4.59776
	6.06963 0.496862 -4.56963
	-136.182 2.88675 4.04987
	-50.1978 3.06977 -0.712959
	-95.452 3.17715 -0.355032
	-99.3587 0.546946 -3.87203
	-85.9332 -0.25519 2.00943
	-126.259 -0.085047 -3.82098
	-64.2518 -0.315896 -3.86836
	-21.2967 2.05404 1.64727
	-68.988 2.79086 -2.39234
	-36.5787 -4.11344 2.50459
	-56.2996 3.08665 -1.13965
	-94.9424 -1.56965 -3.92404
	15.3722 -3 -3.5422
	-85.8457 -0.195305 -3.87607
	-99.4098 -2.18264 1.63941
	-114.32 2.46623 1.06246
	-83.1118 -0.0884779 1.18587
	-64.5293 -3.16848 -0.107138
	-141.28 3.2547 6.38108
	-50.2837 2.23451 -4.21909
	-28.2586 0.215527 1.77237
	-99.0683 2.62288 0.968354
	-131 -0.538315 -5.50936
	-33.3606 -3.27211 -1.61864
	-133.712 -0.563727 5.09896
	-115.637 -0.952556 -3.93079
	-120.575 3.54689 3.07533
	-25.2568 -1.4506 -3.88428
	2.45422 -0.359819 -3.25106
	-133.358 3.20899 -6.81572
	-36.7836 -0.81519 -3.92429
	9.57748 -0.0094284 1.86152
	-104.588 2.5246 1.59148
	23.5459 3.95409 -0.471597
	-8.575 -3.19862 -0.716171
	-52.1776 2.3966 1.03178
	-102.381 -1.46155 -3.26059
	-132.079 -1.0873 -2.65183
	-56.592 -3.00324 -1.01691
	-19.7426 -2.73944 -0.670304
	-104.03 -0.0949776 -0.87248
	-129.645 -2.95612 -4.28703
	-112.369 -3.17947 -1.60294
	5.83297 0.712617 2.33297
	-32.5666 2.94909 -1.39375
	-42.5482 1.29559 2.26058
	-19.6094 2.90757 -0.90737
	-130.105 2.28971 -7.13256
	-141.911 2.97156 4.19481
	-73.5359 -0.789273 -1.36016
	-31.5273 2.43368 -3.46442
	-21.3814 -2.49318 1.73003
	12.8274 -0.261987 -2.47651
	5.52852 1.31529 -2.4972
	-126.178 0.920079 4
	-36.8684 3.09817 -1.33855
	-101.731 2.90798 -2.77728
	-58.9835 2.34025 -3.6134
	-145.362 0.521086 1.99097
	-93.2828 -1.74737 2.16424
	-133.456 2.72532 4.99182
	-128.091 -2.88098 1.87138
	25.0061 -0.986233 -1.80787
	-6.44795 0.00803011 -1.07236
	-57.5407 -0.387526 -6
	-97.5996 4.98792 -2.28797
	-31.62 -3.13233 0.313433
	-92.51 -0.707382 -6
	24.1009 3.39911 -2.79285
	-142.251 -2.14036 -6.45103
	-72.0417 2.75439 0.522578
	-117.331 -0.00859872 -1.0301
	15.1583 1.37275 2
	23.0833 -2.03511 -1.15022
	-55.1537 -1.94812 1.55234
	-64.6523 3.26475 -1.07805
	-12.5183 3.73198 1.07639
	-121.627 -0.248837 -4.19687
	-59.3454 -3.83841 -4.81704
	-126.507 -3.41569 -6
	-98.4361 -4.79427 -3.24375
	14.9655 0.736783 -2.23062
	-136.066 -2.881 7.08225
	-22.7356 5 -1.35812
	-64.4493 -2.05787 1.93362
	-10.0777 2.79639 1.15013
	-136.201 -2.52546 -9.17313
	-86.6948 -0.106922 -0.704727
	-126.8 2.98379 1.78394
	-34.4556 -1.80086 1.95543
	-1.54997 0.0232773 -0.992397
	-82.5827 2.57325 1.25604
	-38.0927 1.22733 -5.9851
	-142.735 -0.355601 4.75873
	-113.643 2.99375 -2.91993
	-91.6693 -3.2258 -1.25727
	-53.1521 5 -1.5043
	-105.472 3.37759 -2.65308
	-11.7798 2.4221 -4.13046
	-88.5512 -2.89693 -2.58488
	-130.082 3.69168 -1.50426
	-27.9033 4.98408 0.28239
	24.0539 1.01119 -4.4461
	-133.851 0.237356 -7.42852
	-51.4625 -3.21383 -2.28496
	-38.9355 -3.10208 -1.33551
	-117.814 -0.508307 2.20061
	-110.668 1.22333 0.631453
	22.0879 0.158645 1.37237
	-135.929 0.0488927 6.74946
	-121.461 3.03074 -1.16245
	-24.5431 3.34384 0.222557
	-96.024 2.95218 -2.6538
	28.1922 1.57763 -5.95447
	-62.2366 0.163785 -1.078
	-65.255 0.0150093 -1.27652
	15.9276 -0.78792 2.42755
	-69.8897 2.75709 3.58859
	-26.8871 0.0297782 -0.992789
	-28.376 0.0602268 -4.03452
	-135.979 -2.68001 -1.7665
	28.0976 -2.52048 -1.51364
	17.1339 -0.028852 -2.62778
	28.1653 -0.141011 1.64374
	-117.942 4.73457 1.41568
	-2.9589 4.97 -2.48507
	-146.542 0.532078 -2.23709
	-98.2054 -0.399882 -1.36656
	-99.6138 2.69892 -3.40314
	-84.7693 -2.71976 -3.52186
	24.9847 0.959032 0.235052
	-2.71268 -3.28498 -1.58554
	-102.332 -4.77677 1.30905
	-121.804 -0.201661 -0.858006
	-62.2738 0.66234 -4.03697
	-34.0281 0.411291 -0.609901
	-137.311 -3.27777 4.14247
	-137.669 2.34483 -4.20688
	-41.0896 2.73448 -2.97522
	-97.0217 -3.10573 -0.965101
	-87.2284 -3.20391 -0.757895
	7.79249 2.68831 -1.07512
	-57.8145 -0.0872345 -0.901858
	5.35421 1.53525 -0.0196943
	-50.8576 -4.99607 0.172901
	-52.1992 2.59503 -3.19855
	7.60543 -2.60121 -1.05688
	-32.8174 -0.646751 -3.95642
	-119.101 1.82936 1.70394
	-87.9348 -0.715137 4
	-58.984 -1.14001 1.85394
	-73.8301 -0.0798665 1.49339
	-123.194 2.31909 3.76736
	-88.3806 4.70447 -3.50435
	-69.0327 2.82845 -5.55221
	-121.621 -2.92772 -0.802918
	-82.6409 -2.72252 -2.94573
	-6.28666 -3.04127 -0.836947
	-86.7392 3.06352 -1.0364
	5.01694 -0.931113 -1.94348
	-97.5225 3.01173 -1.04476
	-146.235 -3.34421 -0.139787
	-141.398 -2.043 6.97803
	-95.1724 -2.91429 -2.18107
	9.94097 -4.11487 2.50679
	-57.0451 -3.75189 -4.89574
	-138.5 -1.93609 8.19539
	-97.1989 -0.0611617 -4.08581
	-136.846 0.816393 1.49959
	-9.90365 -5 -1.93692
	-80.2114 3.12816 -1.06799
	-64.7411 0.527294 2.19043
	20.0926 -1.98904 2.12402
	21.5909 -0.114103 -4.3034
	26.6853 4.18528 -1.54723
	20.2801 -3.04643 -5.43128
	-148.308 0.488267 -2.58515
	-1.61146 3.19428 -0.811582
	-5.38885 2.20246 1.59449
	-55.8961 -2.84133 -3.06682
	-25.5704 2.27767 1.81004
	-34.2637 2.70479 -2.80594
	-9.63759 4.24682 -4.33271
	17.9182 -3.07384 -0.811747
	-91.3505 -4.51456 1.89767
	-54.1655 1.62597 3.94561
	-140.306 -0.811058 -10.5858
	-36.6116 -2.38036 1.20491
	-101.314 -3.04878 -2.24319
	-4.45289 -1.57604 1.95049
	-96.3523 1.07446 3.99561
	-128.548 3.29222 -2.97433
	-145.068 -2.32024 -3.30623
	-12.2442 2.48772 -0.669503
	-69.4485 -0.0610795 -0.209822
	-92.6289 0.0746055 -1.00644
	-130.572 -2.88322 5.47812
	13.0332 0.432274 3.46685
	-62.5773 3.12998 -1.63603
	-103.049 -2.77375 0.936576
	-126.467 -5 -1.5603
	-0.134813 3.00839 -3.02089
	-116.459 2.70022 -5.613
	-131.417 3.2609 -5.73982
	-127.291 -3.45897 -4.00484
	-7.82837 2.38128 1.82896
	-124.229 -2.76617 1.16279
	-31.1118 2.2085 3.8049
	-36.3404 1.86918 2.16021
	-80.5533 -3.07494 -1.1597
	-10.4943 -0.529146 0.26576
	-88.8758 2.85032 0.699633
	-135.428 -0.718503 3.16342
	-6.44225 -2.15774 -5.82365
	-38.3006 -0.171483 -1.0227
	-104.407 -5 -1.75913
	-132.015 -1.53494 -8.54388
	-31.9054 0.0825852 -0.876624
	-93.3419 3.2744 -0.0418078
	-134.633 -2.24503 1.32155
	17.3053 0.107594 1.0651
	-38.67 0.122511 -4.25498
	2.84869 -0.0651648 0.527701
	16.9532 1.59033 -0.800058
	-85.2505 4.90224 -2.85344
	-71.8411 0.158218 -2.65593
	-13.5624 -1.492 -2.27495
	-123.676 4.98725 0.19458
	-50.0393 -2.8225 1.77382
	13.5711 3.92895 1.43384
	-150.807 -2.28906 1.81559
	-137.137 -1.45892 -3.79404
	-143.825 -3.33894 3.14973
	-117.428 3.40068 -1.70477
	3.80365 -1.75685 2.69635
	-140.438 -2.61072 2.71873
	-27.3979 -4.89323 -2.88683
	-28.2536 2.96813 -0.992709
	-56.2868 3.0948 3.40196
	-148.23 1.80306 0.611236
	-4.10341 -2.71526 -5.60551
	-28.1146 -4.95075 0.59768
	7.36749 0.0360008 1.03689
	-104.627 3.13448 -0.724479
	10.658 3.17138 -5.35639
	-123.417 -3.31534 -2.15096
	-138.777 2.31343 2.68035
	22.5979 2.20837 -1.19844
	24.7482 1.07489 -2.20038
	-11.0258 4.88054 -2.96479
	-22.8362 1.42317 -4.14938
	-122.798 2.52474 -5.69755
	-98.6318 -2.86487 -2.40846
	-67.1127 -4.9966 -2.08399
	28.6909 3.79393 -4.8597
	-2.02346 -0.062686 2.21342
	-138.019 2.93844 -12.8406
	-135.944 -0.132142 9.44724
	-132.638 -5 -3.76645
	-21.6775 3.41141 0.0802322
	-63.5635 -2.88032 -2.5629
	-140.387 -5 4.16623
	-111.365 2.83856 -1.1804
	-121.942 -4.88619 -2.92223
	15.1586 -1.35943 -2.24053
	20.0483 -4.87314 -2.97997
	-49.982 -1.03406 -3.67683
	-22.3043 -2.12745 -5.83228
	12.8946 -0.0946562 -5.60538
	-139.039 0.114749 -13.1393
	-41.514 -0.169695 0.730981
	-34.0357 -4.83165 1.12969
	-18.7112 0.932011 1.1195
	-126.283 -0.032555 2.1373
	-65.5362 1.24057 -4.42938
	-68.2944 1.3132 -4.30956
	14.6539 -3 0.702803
	14.1655 3.33455 -2.29
	-8.28042 3.18045 -0.945041
	-70.7269 -1.92929 1.81383
	-5.55032 3.20871 -1.15653
	-125.523 1.83797 -4.19517
	-101.739 3.23076 -0.00975795
	11.3459 -0.694572 4
	-149.393 -0.422868 -1.08266
	26.3362 0.593653 -4.83623
	-117.453 0.060915 -4.13949
	-114.506 -5 -0.349777
	4.37643 1.5354 -4.12357
	-42.9885 -3.1681 -1.03852
	-122.519 0.741513 2.2681
	5.42715 -3 0.860744
	-58.2219 3.29238 -1.92161
	-66.9265 -2.43849 -3.78382
	-130.079 -2.81756 -1.49547
	-2.87613 2.37122 1.79935
	10.1202 2.99369 -2.82383
	-23.0705 -4.61541 1.69972
	-30.3612 0.404758 2.37233
	-122.904 -1.99275 3.87216
	23.154 -0.35647 -2.95254
	-60.9554 2.57172 1.72991
	-28.3085 -3.08132 -2.34247
	25.6868 -1.39078 0.426038
	-127.907 1.06389 -4.34832
	-91.673 1.01118 -5.99934
	-115.716 3.01674 -2.81428
	-26.8202 -1.53041 3.96413
	-130.344 0.795534 0.0155685
	-57.5862 -0.0556864 -3.95441
	-57.6623 0.445334 2.04025
	-148.61 2.64159 -2.42999
	-73.9992 2.96989 -1.22829
	-63.8934 3.27306 -5.28165
	-140.013 4.02862 5.33067
	-92.162 -1.13803 -4.00529
	-102.827 0.255388 0.775097
	-120.87 3.06355 1.08466
	-145.1 1.36178 -6.90072
	10.1644 -1.99075 1.95551
	-111.969 0.5768 -1.79078
	-115.918 -1.32218 2.06663
	-146.969 -0.854426 -5.28496
	-12.0829 -3.16874 1.61164
	7.26795 0.00555482 -2.96003
	-22.7411 -0.0393726 -0.266346
	-70.4408 2.17036 1.6877
	-58.871 -1.97434 -4.06852
	-3.40588 -2.08235 -3.76966
	-122.941 -2.82108 -5.55234
	-97.0522 0.190921 2.03995
	-138.189 -1.14248 4.24513
	-6.8091 5 -0.152719
	-116.123 -4.77092 -3.31275
	-135.257 -5 -5.67947
	-143.164 -1.24264 -11.3622
	-132.797 -3.41602 1.96014
	-127.916 -1.04615 0.422118
	-28.7697 -2.89479 0.909211
	-132.981 0.25724 2.89403
	-132.78 -0.454432 -4.47963
	-81.0093 1.90579 -4.01089
	-22.3677 -5 -0.0766483
	-61.8888 -1.70566 -5.92927
	-8.11507 2.15071 -5.82638
	-63.689 2.60488 1.4675
	22.9709 -4.52911 -1.30868
	-62.0683 -4.26547 2.29727
	4.10562 -3.39438 -1.80513
	-139.269 2.31718 -10.6378
	-82.9505 -3.18499 0.665566
	-53.6866 3.02927 -1.27561
	-130.372 2.59065 0.0556521
	-139.445 -3.34708 8.67769
	-135.754 5 -8.07538
	-32.349 4.7751 1.29629
	-58.8265 2.76947 1.30502
	-66.8228 2.45551 1.72151
	-140.205 2.10712 8.61797
	-140.753 0.102091 -7.6696
	-10.1024 2.75884 -3.00278
	-93.4877 1.82388 -3.90643
	-135.745 1.88441 -4.73775
	2.48295 2.40678 -1.3159
	-136.338 -0.16073 -11.7382
	-87.9757 -0.12266 2.04101
	-38.5351 -2.68143 3.62518
	-134.503 5 3.36591
	-101.919 -0.680001 -6
	-136.227 3.50909 9.656
	-29.2762 1.89352 -4.11919
	17.6974 -4.96175 -2.52011
	-13.4964 -3.43378 -2.31197
	-23.2428 -1.74585 -4.05825
	-104.605 1.02562 -3.56808
	-92.5307 2.06086 2.02443
	28.2583 3.16158 -0.742363
	-66.774 -2.71992 1.60839
	19.9421 2.16919 1.97303
	-145.56 -3.42013 1.78502
	30 0.638312 0.116353
	-126.131 5 -2.12221
	-96.9318 -4.34672 2.17567
	-138.042 1.41413 6.64299
	-95.8269 4.0364 2.59128
	-90.9761 -1.05155 -1.40318
	-22.8778 -1.76133 3.92092
	-117.338 3.1294 0.313626
	-0.146491 -2.64719 1.32774
	-144.894 -2.00934 5.07623
	-111.643 -4.33427 1.67811
	-2.44888 3.20347 -5.33157
	-104.874 -1.97848 -0.80862
	-36.6825 -5 -0.531865
	-33.2145 -2.79947 -3.59247
	-93.6759 -0.430682 0.663509
	19.7048 2.20595 -3.80293
	-71.1899 1.25225 -4.34659
	-136.006 3.81827 -1.86737
	-132.64 -5 -7.28024
	-151.865 2.43399 -0.528683
	-88.1433 -3.56694 3.05774
	-13.8966 -0.903512 0.110776
	-85.63 -4.74837 1.38345
	-61.8699 -4.14349 -4.46916
	-112.744 -3.07827 0.387208
	-120.238 2.62955 -5.64679
	-134.133 1.15724 6.0842
	-143.447 0.87224 -0.420351
	-97.48 3.19974 -5.33084
	-147.49 3.60059 -2.68162
	-141.367 1.44967 -9.3237
	-23.472 -3.15469 -0.428391
	-123.21 4.3614 2.1537
	-33.2541 1.8034 -4.30997
	-21.1266 0.1745 -6
	12.8818 -0.0306635 0.941763
	-65.1611 -4.979 -2.32034
	10.0661 1.57547 -4.26386
	2.97132 -4.52868 -1.95405
	-23.7632 -0.374547 2.00279
	-140.887 1.51211 -4.60168
	-51.8081 0.10889 -6
	-26.7329 -4.76448 1.32758
	-96.1576 -2.73463 1.24067
	-143.406 3.81403 -1.82357
	-39.4421 2.19854 -4.00838
	-58.8386 1.37342 -1.84928
	-143.168 1.49352 -2.53242
	-132.194 -3.25993 4.34274
	-49.8806 -1.99324 -0.829764
	11.9136 3.11226 0.569167
	-117.103 4.01628 -4.61422
	-135.001 2.34736 8.75008
	-85.9681 3.47301 -5.14218
	-88.1669 2.70211 -3.48463
	-138.245 3.04044 -8.12569
	-138.144 4.88852 -8.33054
	12.436 2.67445 -1.49925
	-123.25 2.40869 -3.74013
	21.5153 5 -0.943025
	-8.20114 1.2564 -1.52521
	-62.7682 -2.79722 1.11538
	-139.367 2.20726 -7.33592
	-117.748 2.53902 3.69143
	-78.1739 -3.86598 -0.146839
	-102.215 -0.172043 -1.7295
	-146.045 -1.96839 -0.632711
	-98.626 1.38637 -0.550966
	-118.109 -2.85164 3.53727
	24.2891 2.15701 2.21094
	-9.28707 -3.28951 -2.78718
	-51.2219 -0.331503 0.633312
	-38.1689 -2.46926 -5.71925
	8.5241 -0.760127 -1.00727
	-140.933 3.36103 -7.83813
	-93.6424 -5 -0.127308
	-7.78302 -1.04051 -4.30347
	-68.74 2.94259 0.958044
	-129.469 -3.3627 4.66323
	-151.776 3.11225 -1.98164
	-26.015 -1.76038 2.09066
	-80.7522 -1.74954 1.59142
	-141.148 -2.05324 -9.88457
	23.7236 -3.77637 0.17749
	-101.102 -0.19884 4
	-146.897 3.20044 0.494126
	18.0286 -1.00543 -0.985992
	-18.7567 1.10093 -1.04438
	-84.8559 -2.8783 3.52849
	-148.753 -0.901133 -2.33002
	-135.751 -0.238925 -4.99473
	-69.2896 -0.984635 -4.20164
	-10.5013 5 -1.23516
	10.1136 2.82184 1.47347
	-60.8961 -1.53774 -4.20079
        </DataArray>
      </Points>
      <Cells>
        <DataArray type="Int32" Name="connectivity" format="ascii">
          550 1408 619
          619 1408 830
          550 619 830
          550 830 1408
          1186 1246 1746
          1229 1746 1246
          1186 1746 1229
          1186 1229 1246
          1177 1940 1457
          1271 1457 1940
          1177 1457 1271
          1177 1271 1940
          581 1023 599
          599 1023 1045
          581 599 1045
          581 1045 1023
          245 1646 795
          245 1488 1646
          795 1646 1488
          245 795 1488
          301 785 1341
          301 1341 888
          301 888 785
          785 888 1341
          179 1497 1653
          179 726 1497
          726 1653 1497
          179 1653 726
          281 411 728
          142 411 281
          142 728 411
          142 281 728
          62 422 1386
          62 1146 422
          422 1146 1386
          62 1386 1146
          198 449 362
          198 1822 449
          362 449 1822
          198 362 1822
          14 1246 778
          14 1746 1246
          778 1246 1746
          14 778 1746
          930 1752 1459
          314 1459 1752
          314 930 1459
          314 1752 930
          250 1930 1634
          250 1109 1930
          1109 1634 1930
          250 1634 1109
          17 500 267
          17 267 1487
          17 1487 500
          267 500 1487
          94 731 331
          94 455 731
          331 731 455
          94 331 455
          540 1423 616
          540 937 1423
          616 1423 937
          540 616 937
          541 1645 1834
          541 1458 1645
          1458 1834 1645
          541 1834 1458
          105 1352 287
          105 913 1352
          287 1352 913
          105 287 913
          153 938 1656
          153 281 938
          281 1656 938
          153 1656 281
          226 1300 1148
          226 1056 1300
          1056 1148 1300
          226 1148 1056
          556 1805 638
          638 1805 1650
          556 638 1650
          556 1650 1805
          983 1476 1406
          506 983 1406
          506 1476 983
          506 1406 1476
          238 460 743
          238 746 460
          460 746 743
          238 743 746
          77 1542 1583
          77 1583 513
          77 513 1542
          513 1583 1542
          147 879 1089
          147 1089 290
          147 290 879
          290 1089 879
          101 817 1580
          101 1580 1792
          101 1792 817
          817 1792 1580
          1094 1349 1405
          747 1094 1405
          747 1349 1094
          747 1405 1349
          11 1358 751
          11 908 1358
          751 1358 908
          11 751 908
          216 417 1449
          216 1006 417
          417 1006 1449
          216 1449 1006
          344 1892 1240
          344 1737 1892
          1240 1892 1737
          344 1240 1737
          1359 1815 1563
          496 1815 1359
          496 1563 1815
          496 1359 1563
          1067 1956 1126
          439 1067 1126
          439 1956 1067
          439 1126 1956
          892 1499 1284
          1284 1499 1615
          892 1284 1615
          892 1615 1499
          813 1883 1494
          813 1761 1883
          1494 1883 1761
          813 1494 1761
          177 501 1102
          177 968 501
          501 968 1102
          177 1102 968
          67 1909 1947
          1149 1947 1909
          67 1947 1149
          67 1149 1909
          1193 1706 1709
          1193 1709 1953
          1193 1953 1706
          1706 1953 1709
          5 984 1831
          5 1831 1843
          5 1843 984
          984 1843 1831
          83 1891 370
          83 1876 1891
          370 1891 1876
          83 370 1876
          1 998 1329
          1 350 998
          350 1329 998
          1 1329 350
          38 1160 364
          364 1160 981
          38 364 981
          38 981 1160
          484 1133 769
          195 769 1133
          195 484 769
          195 1133 484
          354 1767 1219
          354 1219 1334
          354 1334 1767
          1219 1767 1334
          10 1040 922
          10 922 1958
          10 1958 1040
          922 1040 1958
          541 1645 1430
          1430 1645 1834
          541 1430 1834
          551 642 1413
          551 1413 1846
          551 1846 642
          642 1846 1413
          210 467 1417
          210 1377 467
          467 1377 1417
          210 1417 1377
          180 706 1798
          180 1433 706
          706 1433 1798
          180 1798 1433
          1240 1892 1368
          1368 1892 1479
          1240 1368 1479
          1240 1479 1892
          1225 1316 1611
          1225 1611 1663
          1225 1663 1316
          1316 1663 1611
          114 832 1647
          114 1865 832
          832 1865 1647
          114 1647 1865
          159 1296 1542
          159 1768 1296
          1296 1768 1542
          159 1542 1768
          1265 1950 1832
          590 1265 1832
          590 1950 1265
          590 1832 1950
          1256 1368 1557
          1176 1368 1256
          1176 1557 1368
          1176 1256 1557
          528 1607 932
          528 932 1387
          528 1387 1607
          932 1607 1387
          177 1378 1579
          177 1579 1648
          177 1648 1378
          1378 1648 1579
          1174 1354 1332
          1250 1332 1354
          1174 1332 1250
          1174 1250 1354
          526 714 962
          714 1289 962
          526 962 1289
          526 1289 714
          29 1493 1114
          29 1114 814
          29 814 1493
          814 1114 1493
          1286 1517 1805
          1177 1517 1286
          1177 1805 1517
          1177 1286 1805
          120 1359 416
          120 486 1359
          416 1359 486
          120 416 486
          263 1470 1606
          263 854 1470
          854 1606 1470
          263 1606 854
          777 1704 1224
          772 1224 1704
          772 777 1224
          772 1704 777
          70 905 1836
          70 1285 905
          905 1285 1836
          70 1836 1285
          33 440 706
          440 1798 706
          33 706 1798
          33 1798 440
          336 1294 664
          336 664 1483
          336 1483 1294
          664 1294 1483
          314 1590 1026
          314 1026 1475
          314 1475 1590
          1026 1590 1475
          873 1918 1479
          206 1918 873
          206 1479 1918
          206 873 1479
          1246 1903 1397
          1246 1503 1903
          1397 1903 1503
          1246 1397 1503
          118 436 681
          118 1069 436
          436 1069 681
          118 681 1069
          1384 1471 1555
          102 1555 1471
          102 1384 1555
          102 1471 1384
          1175 1328 1205
          1175 1681 1328
          1205 1328 1681
          1175 1205 1681
          55 600 945
          600 1293 945
          55 945 1293
          55 1293 600
          1311 1613 1653
          1249 1311 1653
          1249 1613 1311
          1249 1653 1613
          1378 1718 1875
          247 1378 1875
          247 1718 1378
          247 1875 1718
          29 1493 273
          29 273 1114
          273 1493 1114
          437 1373 1454
          437 1112 1373
          1112 1454 1373
          437 1454 1112
          1188 1698 1466
          1188 1510 1698
          1466 1698 1510
          1188 1466 1510
          42 1400 1389
          42 1474 1400
          1389 1400 1474
          42 1389 1474
          112 1067 744
          112 744 439
          112 439 1067
          439 744 1067
          504 1701 1235
          504 1878 1701
          1235 1701 1878
          504 1235 1878
          437 704 1454
          437 1373 704
          704 1373 1454
          1178 1270 1288
          1270 1446 1288
          1178 1288 1446
          1178 1446 1270
          568 684 830
          568 830 1616
          568 1616 684
          684 1616 830
          536 1361 718
          536 617 1361
          617 718 1361
          536 718 617
          190 1405 925
          190 1612 1405
          925 1405 1612
          190 925 1612
          88 1323 457
          88 457 363
          88 363 1323
          363 457 1323
          897 1501 1063
          286 1063 1501
          286 897 1063
          286 1501 897
          424 1666 868
          167 868 1666
          167 424 868
          167 1666 424
          351 1347 784
          351 1142 1347
          784 1347 1142
          351 784 1142
          785 1780 1341
          221 785 1341
          221 1780 785
          221 1341 1780
          244 885 1707
          244 1707 1578
          244 1578 885
          885 1578 1707
          675 956 1280
          675 1477 956
          956 1477 1280
          675 1280 1477
          571 626 1281
          571 919 626
          626 919 1281
          571 1281 919
          1182 1285 1392
          1182 1573 1285
          1285 1573 1392
          1182 1392 1573
          1277 1600 1620
          1196 1620 1600
          1196 1277 1620
          1196 1600 1277
          553 1225 1611
          553 1663 1225
          553 1611 1663
          1167 1628 1472
          1167 1636 1628
          1472 1628 1636
          1167 1472 1636
          87 1438 1091
          880 1091 1438
          87 1091 880
          87 880 1438
          1263 1513 1859
          1263 1859 1375
          1263 1375 1513
          1375 1859 1513
          1506 1793 1947
          227 1947 1793
          227 1506 1947
          227 1793 1506
          238 460 305
          305 460 786
          238 305 786
          238 786 460
          61 1041 1159
          61 1159 756
          61 756 1041
          756 1159 1041
          51 314 1916
          51 1590 314
          314 1590 1916
          51 1916 1590
          335 501 1732
          335 858 501
          501 858 1732
          335 1732 858
          1016 1446 1265
          1016 1658 1446
          1265 1446 1658
          1016 1265 1658
          1202 1927 1293
          1202 1293 1549
          1202 1549 1927
          1293 1927 1549
          620 932 844
          620 1607 932
          844 932 1607
          620 844 1607
          193 1143 1248
          193 1580 1143
          1143 1580 1248
          193 1248 1580
          144 434 1337
          434 1861 1337
          144 1337 1861
          144 1861 434
          392 851 412
          154 392 412
          154 851 392
          154 412 851
          128 358 1232
          128 1692 358
          358 1692 1232
          128 1232 1692
          1331 1637 1410
          1187 1331 1410
          1187 1637 1331
          1187 1410 1637
          565 1226 1617
          565 1814 1226
          1226 1814 1617
          565 1617 1814
          1205 1291 1801
          1205 1871 1291
          1291 1871 1801
          1205 1801 1871
          1192 1745 1532
          1192 1493 1745
          1493 1532 1745
          1192 1532 1493
          39 958 894
          39 894 805
          39 805 958
          805 894 958
          158 386 1315
          158 1315 312
          158 312 386
          312 1315 386
          504 1156 1685
          504 1685 1618
          504 1618 1156
          1156 1618 1685
          388 1842 1353
          380 1353 1842
          380 388 1353
          380 1842 388
          1269 1336 1521
          1269 1521 1671
          1269 1671 1336
          1336 1671 1521
          643 1236 1369
          597 643 1369
          597 1236 643
          597 1369 1236
          1132 1368 1455
          1132 1563 1368
          1368 1563 1455
          1132 1455 1563
          571 1874 1391
          571 1391 1281
          571 1281 1874
          1281 1391 1874
          1237 1476 1784
          1476 1703 1784
          1237 1784 1703
          1237 1703 1476
          1195 1574 1299
          1299 1574 1759
          1195 1299 1759
          1195 1759 1574
          1385 1866 1408
          604 1385 1408
          604 1866 1385
          604 1408 1866
          581 1452 1608
          581 1608 1106
          581 1106 1452
          1106 1608 1452
          27 482 824
          482 1536 824
          27 824 1536
          27 1536 482
          805 894 1139
          242 805 1139
          242 894 805
          242 1139 894
          1246 1746 1903
          1503 1903 1746
          1246 1503 1746
          36 462 1597
          36 1597 403
          36 403 462
          403 1597 462
          1254 1450 1633
          34 1633 1450
          34 1254 1633
          34 1450 1254
          529 611 842
          529 842 1268
          529 1268 611
          611 1268 842
          1176 1619 1323
          1323 1619 1445
          1176 1323 1445
          1176 1445 1619
          835 1425 1780
          85 835 1780
          85 1425 835
          85 1780 1425
          1445 1619 1641
          1176 1445 1641
          1176 1641 1619
          465 1292 1928
          465 1928 1833
          465 1833 1292
          1292 1833 1928
          55 797 945
          55 600 797
          600 945 797
          1182 1490 1370
          1370 1490 1502
          1182 1370 1502
          1182 1502 1490
          1245 1673 1852
          848 1673 1245
          848 1852 1673
          848 1245 1852
          412 764 895
          154 895 764
          154 412 895
          154 764 412
          142 700 395
          142 910 700
          395 700 910
          142 395 910
          558 619 651
          558 1408 619
          619 1408 651
          558 651 1408
          627 1602 1193
          1193 1602 1443
          627 1193 1443
          627 1443 1602
          330 1421 1945
          330 1945 863
          330 863 1421
          863 1945 1421
          147 1878 392
          392 1878 1526
          147 392 1526
          147 1526 1878
          1061 1949 1821
          352 1061 1821
          352 1949 1061
          352 1821 1949
          337 1205 1324
          1205 1801 1324
          337 1324 1801
          337 1801 1205
          44 1760 825
          44 825 1799
          44 1799 1760
          825 1760 1799
          571 1391 818
          571 818 1127
          571 1127 1391
          818 1391 1127
          547 1066 1387
          547 1387 629
          547 629 1066
          629 1387 1066
          1265 1414 1594
          1265 1658 1414
          1414 1658 1594
          1265 1594 1658
          1254 1450 1343
          1343 1450 1633
          1254 1343 1633
          1291 1335 1871
          1170 1291 1871
          1170 1335 1291
          1170 1871 1335
          378 1493 814
          814 1493 1298
          378 814 1298
          378 1298 1493
          20 949 1496
          20 1496 479
          20 479 949
          479 1496 949
          139 358 1232
          358 674 1232
          139 1232 674
          139 674 358
          294 733 1035
          18 1035 733
          18 294 1035
          18 733 294
          167 1298 814
          814 1298 1597
          167 814 1597
          167 1597 1298
          358 1692 1422
          1232 1422 1692
          358 1422 1232
          1179 1195 1299
          1195 1422 1299
          1179 1299 1422
          1179 1422 1195
          254 1019 1305
          1019 1723 1305
          254 1305 1723
          254 1723 1019
          354 1925 1767
          354 1334 1925
          1334 1767 1925
          1325 1811 1898
          1173 1898 1811
          1173 1325 1898
          1173 1811 1325
          264 327 943
          264 943 1119
          264 1119 327
          327 1119 943
          132 499 843
          132 843 285
          132 285 499
          285 843 499
          128 358 674
          128 674 1232
          589 1846 1584
          589 1584 1735
          589 1735 1846
          1584 1846 1735
          1292 1353 1465
          1167 1353 1292
          1167 1465 1353
          1167 1292 1465
          610 1066 1950
          730 1950 1066
          610 1950 730
          610 730 1066
          287 1352 323
          323 1352 1418
          287 323 1418
          287 1418 1352
          1093 1873 1610
          1093 1610 1634
          1093 1634 1873
          1610 1873 1634
          1236 1943 1304
          1183 1943 1236
          1183 1304 1943
          1183 1236 1304
          120 928 496
          120 1815 928
          496 928 1815
          120 496 1815
          142 1460 1084
          405 1084 1460
          142 1084 405
          142 405 1460
          1129 1414 1594
          1129 1594 1864
          1129 1864 1414
          1414 1864 1594
          42 1042 1400
          1042 1474 1400
          42 1474 1042
          1301 1391 1905
          1127 1905 1391
          1127 1301 1905
          1127 1391 1301
          1426 1800 1732
          207 1800 1426
          207 1732 1800
          207 1426 1732
          1057 1748 1248
          1248 1748 1580
          1057 1248 1580
          1057 1580 1748
          241 1063 1143
          241 1501 1063
          1063 1501 1143
          241 1143 1501
          1121 1290 1278
          1121 1278 1694
          1121 1694 1290
          1278 1290 1694
          489 1431 1302
          489 498 1431
          498 1302 1431
          489 1302 498
          1278 1478 1700
          1255 1700 1478
          1255 1278 1700
          1255 1478 1278
          329 1889 1626
          1392 1626 1889
          329 1626 1392
          329 1392 1889
          1248 1415 1580
          1143 1580 1415
          1143 1415 1248
          152 504 1685
          152 1618 504
          152 1685 1618
          76 1488 1704
          76 321 1488
          321 1704 1488
          76 1704 321
          626 1281 775
          571 775 1281
          571 626 775
          175 1018 512
          175 512 1039
          175 1039 1018
          512 1018 1039
          333 1062 1366
          83 1062 333
          83 1366 1062
          83 333 1366
          990 1455 1365
          96 1365 1455
          96 990 1365
          96 1455 990
          886 1216 926
          886 1450 1216
          926 1216 1450
          886 926 1450
          413 886 490
          53 886 413
          53 490 886
          53 413 490
          377 942 980
          110 377 980
          110 942 377
          110 980 942
          139 1759 1232
          139 358 1759
          358 1232 1759
          155 387 1896
          155 1896 1135
          155 1135 387
          387 1135 1896
          925 1544 1894
          84 1544 925
          84 1894 1544
          84 925 1894
          434 1704 1861
          434 777 1704
          777 1861 1704
          434 1861 777
          112 1716 743
          743 1716 746
          112 743 746
          112 746 1716
          635 1917 1960
          1031 1960 1917
          635 1960 1031
          635 1031 1917
          1187 1680 1331
          1187 1331 1221
          1187 1221 1680
          1221 1331 1680
          268 1132 985
          268 1455 1132
          985 1132 1455
          268 985 1455
          340 1723 1587
          254 340 1587
          254 1723 340
          254 1587 1723
          58 1509 473
          58 1880 1509
          473 1509 1880
          58 473 1880
          435 1470 1363
          854 1363 1470
          435 1363 854
          435 854 1470
          137 1378 1721
          137 1747 1378
          1378 1747 1721
          137 1721 1747
          1222 1698 1622
          1222 1464 1698
          1464 1622 1698
          1222 1622 1464
          1222 1817 1622
          1222 1698 1817
          1622 1817 1698
          268 1210 1455
          268 1749 1210
          1210 1749 1455
          268 1455 1749
          741 1897 921
          398 741 921
          398 1897 741
          398 921 1897
          370 1528 1773
          326 1528 370
          326 1773 1528
          326 370 1773
          1233 1573 1851
          1233 1851 1490
          1233 1490 1573
          1490 1851 1573
          1 16 697
          1 1472 16
          16 1472 697
          1 697 1472
          850 947 1471
          278 1471 947
          278 850 1471
          278 947 850
          204 1040 690
          204 690 307
          204 307 1040
          307 690 1040
          1015 1265 1594
          1015 1594 1658
          1015 1658 1265
          409 1684 1196
          409 1080 1684
          1080 1196 1684
          409 1196 1080
          765 1227 1824
          1227 1909 1824
          765 1824 1909
          765 1909 1227
          1176 1365 1260
          1260 1365 1557
          1176 1260 1557
          1176 1557 1365
          523 638 1805
          638 1261 1805
          523 1805 1261
          523 1261 638
          301 1440 1677
          301 1677 1219
          301 1219 1440
          1219 1677 1440
          488 1743 1595
          89 488 1595
          89 1743 488
          89 1595 1743
          842 1129 1594
          842 1864 1129
          842 1594 1864
          525 1774 1259
          1259 1774 1539
          525 1259 1539
          525 1539 1774
          124 904 685
          124 685 1625
          124 1625 904
          685 904 1625
          196 502 499
          196 1672 502
          499 502 1672
          196 499 1672
          1245 1333 1673
          848 1673 1333
          848 1333 1245
          637 1514 1301
          637 1301 1081
          637 1081 1514
          1081 1301 1514
          187 336 664
          187 1483 336
          187 664 1483
          599 1023 1282
          599 1282 1045
          1023 1045 1282
          151 1224 1861
          151 1861 1697
          151 1697 1224
          1224 1697 1861
          33 1153 708
          33 708 1164
          33 1164 1153
          708 1153 1164
          139 935 1540
          139 1759 935
          935 1759 1540
          139 1540 1759
          311 794 1689
          311 1689 1533
          311 1533 794
          794 1533 1689
          417 1775 1449
          417 1006 1775
          1006 1449 1775
          1171 1700 1255
          1171 1278 1700
          1171 1255 1278
          1307 1783 1537
          1307 1537 1898
          1307 1898 1783
          1537 1783 1898
          540 1301 973
          540 1423 1301
          973 1301 1423
          540 973 1423
          302 1640 813
          813 1640 1494
          302 813 1494
          302 1494 1640
          372 466 735
          98 466 372
          98 735 466
          98 372 735
          1182 1258 1460
          1182 1460 1284
          1182 1284 1258
          1258 1284 1460
          144 1481 469
          469 1481 1861
          144 469 1861
          144 1861 1481
          1212 1698 1222
          1212 1222 1464
          1212 1464 1698
          1172 1312 1601
          1172 1399 1312
          1312 1399 1601
          1172 1601 1399
          1259 1849 1321
          1259 1321 1774
          1259 1774 1849
          1321 1849 1774
          603 613 1754
          603 1754 1287
          603 1287 613
          613 1287 1754
          50 273 514
          50 364 273
          273 364 514
          50 514 364
          650 1004 1463
          650 1283 1004
          1004 1283 1463
          650 1463 1283
          836 1387 1789
          836 1066 1387
          1066 1789 1387
          836 1789 1066
          1178 1428 1953
          1178 1288 1428
          1288 1953 1428
          1178 1953 1288
          139 498 489
          139 1302 498
          139 489 1302
          905 1285 1502
          256 905 1502
          256 1285 905
          256 1502 1285
          37 463 870
          37 870 1278
          37 1278 463
          463 1278 870
          1181 1226 1301
          1181 1301 1423
          1181 1423 1226
          1226 1423 1301
          229 738 663
          229 1511 738
          663 738 1511
          229 663 1511
          287 435 1352
          105 1352 435
          105 435 287
          1169 1506 1317
          1169 1317 1784
          1169 1784 1506
          1317 1506 1784
          615 1270 1446
          615 1751 1270
          1270 1751 1446
          615 1446 1751
          805 1139 1041
          242 1041 1139
          242 805 1041
          763 1317 1824
          227 1317 763
          227 1824 1317
          227 763 1824
          1241 1561 1831
          5 1561 1241
          5 1831 1561
          5 1241 1831
          36 446 1056
          446 1300 1056
          36 1056 1300
          36 1300 446
          166 872 703
          375 703 872
          166 703 375
          166 375 872
          170 1384 1555
          170 1555 1349
          170 1349 1384
          1349 1555 1384
          182 1160 749
          182 656 1160
          656 749 1160
          182 749 656
          1188 1510 1825
          1510 1698 1825
          1188 1825 1698
          259 815 957
          815 1596 957
          259 957 1596
          259 1596 815
          1182 1285 1258
          1258 1285 1392
          1182 1258 1392
          234 408 1931
          234 1931 1695
          234 1695 408
          408 1695 1931
          1 1524 1472
          697 1472 1524
          1 697 1524
          737 945 1293
          55 945 737
          55 737 1293
          1004 1463 1251
          1251 1463 1741
          1004 1251 1741
          1004 1741 1463
          226 1375 1148
          226 1300 1375
          1148 1375 1300
          35 1506 1793
          35 1947 1506
          35 1793 1947
          1087 1249 1738
          406 1087 1738
          406 1249 1087
          406 1738 1249
          306 875 855
          146 855 875
          146 306 855
          146 875 306
          1168 1236 1549
          1168 1320 1236
          1236 1320 1549
          1168 1549 1320
          1328 1704 1488
          321 1704 1328
          321 1328 1488
          191 1532 852
          191 852 446
          191 446 1532
          446 852 1532
          637 1430 1834
          1301 1834 1430
          637 1834 1301
          637 1301 1430
          677 1521 1269
          294 1269 1521
          294 677 1269
          294 1521 677
          1017 1399 1312
          1017 1494 1399
          1312 1399 1494
          1017 1312 1494
          13 465 1928
          13 1833 465
          13 1928 1833
          151 1071 745
          151 745 1350
          151 1350 1071
          745 1071 1350
          202 1046 628
          202 628 1858
          202 1858 1046
          628 1046 1858
          304 1318 827
          107 827 1318
          107 304 827
          107 1318 304
          305 460 1544
          305 1308 460
          460 1308 1544
          305 1544 1308
          10 1883 1761
          10 1264 1883
          1264 1761 1883
          10 1761 1264
          436 1956 1662
          190 1662 1956
          190 436 1662
          190 1956 436
          54 1163 1046
          1046 1163 1157
          54 1046 1157
          54 1157 1163
          28 1476 983
          28 983 506
          28 506 1476
          152 1500 1314
          152 1344 1500
          1314 1500 1344
          152 1314 1344
          595 821 1609
          528 821 595
          528 1609 821
          528 595 1609
          79 504 1156
          79 1685 504
          79 1156 1685
          99 1790 1152
          99 1341 1790
          1152 1790 1341
          99 1152 1341
          407 1309 770
          80 1309 407
          80 770 1309
          80 407 770
          1275 1908 1631
          729 1631 1908
          729 1275 1631
          729 1908 1275
          1193 1297 1706
          1193 1953 1297
          1297 1953 1706
          685 1738 1566
          685 1087 1738
          1087 1566 1738
          685 1566 1087
          738 1772 1511
          1256 1511 1772
          738 1511 1256
          738 1256 1772
          1302 1823 1759
          1195 1759 1823
          1195 1302 1759
          1195 1823 1302
          584 720 1077
          584 1691 720
          720 1691 1077
          584 1077 1691
          93 1138 1534
          93 509 1138
          509 1534 1138
          93 1534 509
          36 462 1569
          462 1597 1569
          36 1569 1597
          526 1286 1289
          1286 1443 1289
          526 1289 1443
          526 1443 1286
          357 1572 875
          146 1572 357
          146 875 1572
          146 357 875
          432 1135 1896
          113 432 1896
          113 1135 432
          113 1896 1135
          164 1855 487
          164 791 1855
          487 1855 791
          164 487 791
          380 1217 479
          380 982 1217
          479 1217 982
          380 479 982
          1291 1871 1324
          1170 1324 1871
          1170 1291 1324
          563 644 1321
          644 1687 1321
          563 1321 1687
          563 1687 644
          266 1326 1528
          266 1528 1338
          266 1338 1326
          1326 1338 1528
          1266 1629 1627
          582 1627 1629
          582 1266 1627
          582 1629 1266
          113 1797 432
          113 432 1662
          113 1662 1797
          432 1797 1662
          242 667 805
          242 930 667
          667 930 805
          242 805 930
          609 1004 1251
          1004 1105 1251
          609 1251 1105
          609 1105 1004
          372 1441 1623
          372 735 1441
          735 1623 1441
          372 1623 735
          1283 1708 1849
          1181 1708 1283
          1181 1849 1708
          1181 1283 1849
          892 1642 1284
          71 1642 892
          71 1284 1642
          71 892 1284
          1453 1824 1788
          1227 1453 1788
          1227 1824 1453
          1227 1788 1824
          1240 1334 1925
          1334 1596 1925
          1240 1925 1596
          1240 1596 1334
          103 846 957
          103 957 1360
          103 1360 846
          846 1360 957
          1197 1268 1594
          1178 1268 1197
          1178 1594 1268
          1178 1197 1594
          69 468 745
          468 1233 745
          69 745 1233
          69 1233 468
          625 1140 877
          877 1140 1643
          625 877 1643
          625 1643 1140
          192 713 339
          339 713 1844
          192 339 1844
          192 1844 713
          1386 1537 1906
          1386 1872 1537
          1537 1872 1906
          1386 1906 1872
          364 852 1532
          852 1380 1532
          364 1532 1380
          364 1380 852
          1174 1329 1269
          1203 1269 1329
          1174 1269 1203
          1174 1203 1329
          1264 1494 1761
          1264 1312 1494
          1312 1761 1494
          1264 1761 1312
          761 1544 1377
          761 1377 1308
          761 1308 1544
          1308 1377 1544
          237 1333 1673
          1333 1575 1673
          237 1673 1575
          237 1575 1333
          507 1461 1278
          507 952 1461
          952 1278 1461
          507 1278 952
          1140 1320 1403
          534 1320 1140
          534 1403 1320
          534 1140 1403
          368 769 1159
          368 1159 1133
          368 1133 769
          769 1133 1159
          67 1307 1783
          67 389 1307
          389 1783 1307
          67 1783 389
          1192 1300 1811
          1192 1263 1300
          1263 1811 1300
          1192 1811 1263
          542 1288 602
          542 602 866
          542 866 1288
          602 1288 866
          1224 1704 1337
          1337 1704 1681
          1224 1337 1681
          1224 1681 1704
          6 1684 1080
          6 1080 510
          6 510 1684
          510 1080 1684
          1307 1898 1811
          1173 1307 1811
          1173 1898 1307
          246 448 874
          448 683 874
          246 874 683
          246 683 448
          1149 1947 1793
          227 1947 1149
          227 1149 1793
          545 1414 1129
          545 1129 1864
          545 1864 1414
          400 744 1067
          400 1067 439
          400 439 744
          113 387 1135
          113 1896 387
          455 1378 1875
          247 455 1875
          247 1378 455
          168 1461 507
          168 723 1461
          507 1461 723
          168 507 723
          601 638 1261
          552 1261 638
          552 601 1261
          552 638 601
          577 612 1362
          577 1362 1055
          577 1055 612
          612 1055 1362
          617 1107 1548
          617 847 1107
          847 1548 1107
          617 1548 847
          1231 1932 1526
          1231 1526 1802
          1231 1802 1932
          1526 1932 1802
          913 1418 1352
          287 1418 913
          31 1537 1828
          31 1206 1537
          1206 1828 1537
          31 1828 1206
          1030 1496 1778
          303 1778 1496
          303 1030 1778
          303 1496 1030
          1548 1734 1786
          566 1734 1548
          566 1786 1734
          566 1548 1786
          1187 1483 1680
          1187 1680 1294
          1187 1294 1483
          1294 1680 1483
          1167 1277 1357
          1167 1252 1277
          1252 1357 1277
          1167 1357 1252
          127 371 1839
          127 1652 371
          371 1652 1839
          127 1839 1652
          1252 1600 1465
          1167 1252 1465
          1167 1600 1252
          1167 1465 1600
          120 1690 995
          120 995 1565
          120 1565 1690
          995 1690 1565
          311 1689 1018
          311 1018 1533
          1018 1689 1533
          186 711 1277
          409 1277 711
          186 1277 409
          186 409 711
          437 1454 680
          680 1454 1112
          437 680 1112
          46 1207 1666
          403 1666 1207
          46 1666 403
          46 403 1207
          166 470 703
          470 1647 703
          166 703 1647
          166 1647 470
          1199 1646 1598
          1488 1598 1646
          1199 1598 1488
          1199 1488 1646
          522 1287 999
          522 999 857
          522 857 1287
          857 999 1287
          213 1332 729
          213 929 1332
          729 1332 929
          213 729 929
          1123 1768 1729
          803 1123 1729
          803 1768 1123
          803 1729 1768
          61 500 1041
          500 756 1041
          61 756 500
          567 1514 637
          567 637 1081
          567 1081 1514
          91 1820 263
          91 1373 1820
          263 1820 1373
          91 263 1373
          913 1825 1342
          105 1342 1825
          105 913 1342
          105 1825 913
          247 997 731
          137 247 731
          137 997 247
          137 731 997
          40 1250 1795
          1032 1795 1250
          40 1795 1032
          40 1032 1250
          323 853 423
          323 1418 853
          423 853 1418
          323 423 1418
          1177 1289 1538
          1289 1457 1538
          1177 1538 1457
          1177 1457 1289
          186 1277 1620
          186 961 1277
          961 1620 1277
          186 1620 961
          123 1230 1921
          837 1921 1230
          123 1921 837
          123 837 1230
          1347 1795 1550
          1347 1550 1813
          1347 1813 1795
          1550 1795 1813
          1185 1444 1756
          1185 1272 1444
          1272 1756 1444
          1185 1756 1272
          543 609 650
          543 1283 609
          609 1283 650
          543 650 1283
          1200 1881 1681
          1200 1681 1481
          1200 1481 1881
          1481 1681 1881
          871 1456 1211
          171 1211 1456
          171 871 1211
          171 1456 871
          575 635 1715
          575 1715 1917
          575 1917 635
          635 1917 1715
          252 1784 1506
          252 1506 1376
          252 1376 1784
          1376 1506 1784
          911 1943 1699
          534 911 1699
          534 1943 911
          534 1699 1943
          1209 1441 1438
          1209 1438 1840
          1209 1840 1441
          1438 1441 1840
          40 1332 929
          40 729 1332
          40 929 729
          331 1378 731
          137 331 731
          137 1378 331
          137 731 1378
          1201 1390 1686
          1201 1425 1390
          1390 1425 1686
          1201 1686 1425
          1174 1238 1628
          1174 1381 1238
          1238 1381 1628
          1174 1628 1381
          166 470 297
          297 470 1010
          166 297 1010
          166 1010 470
          224 886 1216
          224 926 886
          224 1216 926
          148 691 1574
          148 1574 1299
          148 1299 691
          691 1299 1574
          119 1848 1363
          119 678 1848
          678 1363 1848
          119 1363 678
          599 1282 645
          599 645 923
          599 923 1282
          645 1282 923
          142 411 700
          281 700 411
          142 700 281
          179 1653 1249
          179 1249 406
          179 406 1653
          406 1249 1653
          1215 1472 1628
          1215 1628 1238
          1215 1238 1472
          1238 1628 1472
          770 1309 971
          80 971 1309
          80 770 971
          1218 1463 1874
          1218 1741 1463
          1463 1741 1874
          1218 1874 1741
          1033 1795 1665
          295 1795 1033
          295 1665 1795
          295 1033 1665
          1405 1914 1612
          1396 1405 1612
          1396 1914 1405
          1396 1612 1914
          1296 1489 1934
          1296 1614 1489
          1489 1614 1934
          1296 1934 1614
          44 1760 1492
          44 1492 1048
          44 1048 1760
          1048 1492 1760
          84 1894 1612
          1612 1894 1914
          84 1612 1914
          84 1914 1894
          1466 1595 1817
          319 1817 1595
          319 1466 1817
          319 1595 1466
          513 1123 1729
          272 1729 1123
          272 513 1729
          272 1123 513
          281 1276 1577
          281 1577 1379
          281 1379 1276
          1276 1379 1577
          673 1585 914
          673 914 1211
          673 1211 1585
          914 1585 1211
          1335 1581 1670
          276 1670 1581
          276 1335 1670
          276 1581 1335
          630 714 1286
          714 1447 1286
          630 1286 1447
          630 1447 714
          1219 1790 1401
          301 1401 1790
          301 1219 1401
          301 1790 1219
          30 1263 1859
          30 1736 1263
          1263 1736 1859
          30 1859 1736
          235 311 1533
          235 794 311
          235 1533 794
          1203 1214 1459
          1203 1938 1214
          1214 1938 1459
          1203 1459 1938
          455 1579 1648
          455 759 1579
          759 1648 1579
          455 1648 759
          474 1253 1148
          53 474 1148
          53 1253 474
          53 1148 1253
          255 833 1134
          833 1451 1134
          255 1134 1451
          255 1451 833
          574 705 1320
          705 920 1320
          574 1320 920
          574 920 705
          282 905 1955
          282 1285 905
          905 1285 1955
          282 1955 1285
          182 514 1128
          182 1160 514
          514 1160 1128
          182 1128 1160
          21 1399 1017
          21 1494 1399
          21 1017 1494
          149 447 779
          149 936 447
          447 936 779
          149 779 936
          1196 1492 1620
          1196 1620 1760
          1196 1760 1492
          1492 1760 1620
          110 339 1844
          110 887 339
          339 887 1844
          110 1844 887
          410 1507 971
          185 971 1507
          185 410 971
          185 1507 410
          143 1819 1338
          1338 1819 1468
          143 1338 1468
          143 1468 1819
          128 1547 674
          128 674 330
          128 330 1547
          330 674 1547
          1237 1621 1530
          1237 1530 1290
          1237 1290 1621
          1290 1530 1621
          540 1301 790
          790 1301 973
          540 790 973
          1307 1432 1906
          1307 1906 1947
          1307 1947 1432
          1432 1947 1906
          37 1461 723
          37 507 1461
          37 723 507
          59 944 1290
          694 1290 944
          59 1290 694
          59 694 944
          1169 1237 1305
          1237 1376 1305
          1169 1305 1376
          1169 1376 1237
          592 1937 717
          535 592 717
          535 1937 592
          535 717 1937
          756 1487 1434
          47 1434 1487
          47 756 1434
          47 1487 756
          674 1547 1945
          330 674 1945
          330 1945 1547
          253 1759 935
          935 1759 1422
          253 935 1422
          253 1422 1759
          385 1899 1803
          385 815 1899
          815 1803 1899
          385 1803 815
          264 958 417
          264 1775 958
          417 958 1775
          264 417 1775
          204 1427 1958
          204 1958 1040
          204 1040 1427
          1040 1958 1427
          563 1423 937
          563 909 1423
          909 937 1423
          563 937 909
          884 1748 1143
          884 1143 1248
          884 1248 1748
          1143 1748 1248
          233 455 1014
          233 1648 455
          455 1648 1014
          233 1014 1648
          1284 1460 1340
          405 1340 1460
          405 1284 1340
          405 1460 1284
          58 345 473
          58 1509 345
          345 1509 473
          419 1125 832
          114 1125 419
          114 832 1125
          114 419 832
          340 1376 1723
          340 1723 1305
          340 1305 1376
          1305 1723 1376
          868 1666 1298
          167 868 1298
          167 1298 1666
          400 1126 1068
          400 1068 1069
          400 1069 1126
          1068 1126 1069
          1210 1240 1404
          1210 1404 1563
          1210 1563 1240
          1240 1563 1404
          1177 1902 1538
          1177 1538 1443
          1177 1443 1902
          1443 1538 1902
          533 650 1004
          533 1004 1463
          533 1463 650
          82 760 266
          266 760 1338
          82 266 1338
          82 1338 760
          966 1511 1322
          1322 1511 1338
          966 1322 1338
          966 1338 1511
          51 943 314
          314 943 1026
          51 314 1026
          51 1026 943
          43 1757 1355
          43 473 1757
          473 1355 1757
          43 1355 473
          162 501 1534
          162 1534 858
          162 858 501
          501 858 1534
          1168 1251 1303
          1168 1348 1251
          1251 1348 1303
          1168 1303 1348
          560 655 818
          560 818 1388
          560 1388 655
          655 1388 818
          81 899 884
          81 884 347
          81 347 899
          347 884 899
          268 1749 416
          268 416 1210
          416 1749 1210
          10 1958 1883
          10 1264 1958
          1264 1883 1958
          1167 1347 1215
          1167 1628 1347
          1215 1347 1628
          1167 1215 1628
          289 1891 1876
          289 1876 993
          289 993 1891
          993 1876 1891
          150 743 460
          150 460 746
          150 746 743
          549 1262 611
          549 611 883
          549 883 1262
          611 1262 883
          1298 1811 1300
          1173 1811 1298
          1173 1300 1811
          1173 1298 1300
          643 1236 1304
          643 1413 1236
          1236 1413 1304
          643 1304 1413
          260 1353 1465
          260 1292 1353
          260 1465 1292
          243 1915 1464
          243 1464 1212
          243 1212 1915
          1212 1464 1915
          296 1542 781
          296 1614 1542
          781 1542 1614
          296 781 1614
          324 701 1556
          324 1221 701
          701 1221 1556
          324 1556 1221
          25 1469 1912
          25 1912 1624
          25 1624 1469
          1469 1624 1912
          235 1589 1243
          235 1243 806
          235 806 1589
          806 1243 1589
          123 255 686
          255 1324 686
          123 686 1324
          123 1324 255
          130 343 1044
          130 1044 499
          130 499 343
          343 499 1044
          153 475 669
          153 1656 475
          475 1656 669
          153 669 1656
          1174 1332 1837
          1174 1336 1332
          1332 1336 1837
          1174 1837 1336
          268 1563 496
          268 496 1132
          268 1132 1563
          496 1563 1132
          538 1118 1034
          538 1034 1382
          538 1382 1118
          1034 1118 1382
          332 1828 1898
          332 1206 1828
          1206 1898 1828
          332 1898 1206
          441 1232 1390
          1232 1692 1390
          441 1390 1692
          441 1692 1232
          24 1439 1407
          24 1407 800
          24 800 1439
          800 1407 1439
          796 1106 1288
          542 1106 796
          542 1288 1106
          542 796 1288
          560 1675 1388
          560 1218 1675
          1218 1388 1675
          560 1388 1218
          217 947 483
          483 947 1555
          217 483 1555
          217 1555 947
          252 1784 444
          252 898 1784
          444 1784 898
          252 444 898
          1169 1450 1605
          1169 1605 1343
          1169 1343 1450
          1343 1605 1450
          7 1292 709
          7 709 260
          7 260 1292
          260 709 1292
          771 1110 1330
          48 771 1330
          48 1110 771
          48 1330 1110
          682 1202 1766
          682 1818 1202
          1202 1818 1766
          682 1766 1818
          342 715 921
          342 398 715
          398 921 715
          342 921 398
          277 395 492
          277 492 793
          277 793 395
          395 793 492
          260 388 829
          260 1465 388
          388 1465 829
          260 829 1465
          335 501 1534
          335 1534 1480
          335 1480 501
          501 1480 1534
          542 602 796
          602 866 796
          542 796 866
          598 1458 1257
          598 1632 1458
          1257 1458 1632
          598 1257 1632
          374 1459 930
          374 1752 1459
          374 930 1752
          1180 1932 1802
          1314 1802 1932
          1180 1802 1314
          1180 1314 1932
          26 956 675
          26 1477 956
          26 675 1477
          342 779 670
          149 779 342
          149 670 779
          149 342 670
          1060 1084 1642
          71 1060 1642
          71 1084 1060
          71 1642 1084
          1222 1466 1698
          1222 1698 1510
          1222 1510 1466
          83 1366 970
          386 970 1366
          83 970 386
          83 386 1366
          1180 1296 1614
          1180 1614 1489
          1180 1489 1296
          1287 1763 1567
          1287 1924 1763
          1567 1763 1924
          1287 1567 1924
          904 1310 1942
          231 1310 904
          231 1942 1310
          231 904 1942
          338 1314 1029
          338 739 1314
          739 1029 1314
          338 1029 739
          412 764 687
          194 412 687
          194 764 412
          194 687 764
          1259 1514 1645
          567 1514 1259
          567 1645 1514
          567 1259 1645
          49 1380 364
          49 981 1380
          364 1380 981
          49 364 981
          177 1378 331
          177 331 721
          177 721 1378
          331 1378 721
          1168 1303 1239
          1168 1549 1303
          1239 1303 1549
          1168 1239 1549
          371 1839 1083
          371 1083 454
          371 454 1839
          454 1083 1839
          517 612 1055
          517 1362 612
          517 1055 1362
          161 681 1808
          161 1808 1384
          161 1384 681
          681 1384 1808
          740 1307 1906
          740 1947 1307
          740 1906 1947
          302 939 1017
          302 1494 939
          939 1494 1017
          302 1017 1494
          403 1597 1207
          1207 1597 1666
          403 1666 1597
          268 1455 990
          990 1455 1749
          268 990 1749
          358 1692 1785
          1422 1785 1692
          358 1785 1422
          226 1736 668
          226 668 1104
          226 1104 1736
          668 1736 1104
          13 1503 1570
          661 1570 1503
          13 1570 661
          13 661 1503
          541 1905 1430
          541 659 1905
          659 1430 1905
          541 1430 659
          176 1313 1535
          176 1535 492
          176 492 1313
          492 1535 1313
          1171 1516 1700
          1171 1700 1208
          1171 1208 1516
          1208 1700 1516
          1209 1957 1454
          1209 1454 1848
          1209 1848 1957
          1454 1957 1848
          391 1409 1545
          144 1545 1409
          144 391 1545
          144 1409 391
          1307 1898 1325
          1307 1325 1453
          1307 1453 1898
          1325 1898 1453
          121 1455 1368
          121 1368 1772
          121 1772 1455
          1368 1455 1772
          6 510 1025
          6 1025 1684
          510 1684 1025
          396 820 942
          110 396 942
          110 820 396
          110 942 820
          192 339 974
          339 736 974
          192 974 736
          192 736 339
          145 357 461
          145 1306 357
          357 1306 461
          145 461 1306
          1182 1211 1573
          1211 1392 1573
          1182 1392 1211
          290 1674 799
          152 1674 290
          152 799 1674
          152 290 799
          1187 1483 1267
          1187 1267 1680
          1267 1483 1680
          1336 1837 1496
          1332 1496 1837
          1332 1336 1496
          1174 1383 1203
          1174 1203 1275
          1174 1275 1383
          1203 1383 1275
          1293 1696 1927
          1228 1293 1927
          1228 1696 1293
          1228 1927 1696
          269 1448 1848
          269 1848 678
          269 678 1448
          678 1848 1448
          637 1645 1834
          637 1430 1645
          135 1887 1244
          135 893 1887
          893 1244 1887
          135 1244 893
          136 428 362
          136 449 428
          362 428 449
          136 362 449
          697 1215 1346
          274 1215 697
          274 1346 1215
          274 697 1346
          1170 1224 1451
          1170 1451 1351
          1170 1351 1224
          1224 1351 1451
          1366 1468 1891
          1366 1891 1528
          1366 1528 1468
          1468 1528 1891
          35 1432 1506
          1432 1947 1506
          35 1947 1432
          1380 1745 1569
          446 1569 1745
          446 1380 1569
          446 1745 1380
          1365 1641 1619
          1176 1641 1365
          1176 1365 1619
          77 903 296
          77 296 513
          77 513 903
          296 903 513
          610 1111 1594
          610 1616 1111
          1111 1616 1594
          610 1594 1616
          1186 1397 1319
          1319 1397 1503
          1186 1319 1503
          1186 1503 1397
          172 1568 488
          172 488 665
          172 665 1568
          488 1568 665
          28 1406 983
          28 1476 1406
          61 1041 769
          769 1041 1159
          61 769 1159
          449 989 1464
          243 989 449
          243 1464 989
          243 449 1464
          870 1541 1478
          1278 1478 1541
          870 1478 1278
          870 1278 1541
          1013 1075 1946
          261 1075 1013
          261 1946 1075
          261 1013 1946
          289 987 993
          289 1078 987
          987 1078 993
          289 993 1078
          47 1007 672
          47 1631 1007
          672 1007 1631
          47 672 1631
          1328 1704 1681
          1175 1704 1328
          1175 1681 1704
          737 831 1696
          737 1696 1679
          737 1679 831
          831 1679 1696
          1215 1346 1628
          1215 1472 1346
          1346 1472 1628
          1401 1586 1677
          301 1401 1677
          301 1586 1401
          301 1677 1586
          290 1674 504
          290 504 1235
          290 1235 1674
          504 1674 1235
          247 731 455
          247 1378 731
          455 731 1378
          1239 1549 1320
          1168 1239 1320
          1062 1366 1807
          333 1062 1807
          333 1807 1366
          1540 1574 1759
          253 1759 1574
          253 1540 1759
          253 1574 1540
          148 691 349
          148 349 1574
          349 691 1574
          1172 1680 1358
          1172 1358 1267
          1172 1267 1680
          1267 1358 1680
          580 1720 1435
          580 1708 1720
          1435 1720 1708
          580 1435 1708
          739 1500 1029
          75 1500 739
          75 1029 1500
          75 739 1029
          881 1539 1271
          636 1539 881
          636 1271 1539
          636 881 1271
          30 1736 1513
          30 1375 1736
          1375 1513 1736
          30 1513 1375
          88 1109 1323
          363 1323 1109
          88 363 1109
          671 987 1078
          671 993 987
          671 1078 993
          428 1606 1003
          362 428 1003
          362 1606 428
          362 1003 1606
          1335 1581 1585
          1291 1585 1581
          1291 1335 1585
          1291 1581 1335
          460 786 1308
          305 1308 786
          520 773 1679
          652 1679 773
          520 1679 652
          520 652 773
          563 1423 1687
          1321 1687 1423
          563 1321 1423
          28 1237 1693
          379 1693 1237
          28 1693 379
          28 379 1237
          1019 1253 1305
          1253 1723 1305
          1019 1723 1253
          369 1075 712
          261 712 1075
          261 369 712
          261 1075 369
          360 1887 1244
          1000 1244 1887
          360 1244 1000
          360 1000 1887
          1179 1390 1359
          1179 1201 1390
          1201 1359 1390
          1179 1359 1201
          1246 1739 1397
          1246 1903 1739
          1397 1739 1903
          1189 1363 1957
          1363 1589 1957
          1189 1957 1589
          1189 1589 1363
          1274 1871 1581
          1200 1274 1581
          1200 1871 1274
          1200 1581 1871
          383 656 749
          383 1160 656
          383 749 1160
          298 457 1234
          298 1445 457
          457 1445 1234
          298 1234 1445
          58 1254 1027
          58 1027 696
          58 696 1254
          696 1027 1254
          185 1242 1870
          795 1870 1242
          185 1870 795
          185 795 1242
          328 689 1393
          75 689 328
          75 1393 689
          75 328 1393
          504 948 1701
          79 1701 948
          79 504 1701
          79 948 504
          154 1526 699
          154 699 1429
          154 1429 1526
          699 1526 1429
          1176 1256 1455
          1176 1455 1365
          1176 1365 1256
          1256 1365 1455
          1261 1805 1286
          1261 1286 1447
          1261 1447 1805
          1286 1805 1447
          727 1845 741
          727 1555 1845
          741 1845 1555
          727 741 1555
          1337 1861 1704
          1224 1861 1337
          1224 1704 1861
          106 1199 1646
          106 1598 1199
          106 1646 1598
          1229 1620 1600
          1196 1229 1600
          1196 1620 1229
          1174 1329 1383
          1174 1383 1665
          1174 1665 1329
          1329 1665 1383
          362 1352 435
          105 1352 362
          105 362 435
          1311 1653 1489
          406 1489 1653
          406 1311 1489
          406 1653 1311
          121 284 738
          121 1772 284
          284 1772 738
          121 738 1772
          1183 1403 1937
          1403 1520 1937
          1183 1937 1520
          1183 1520 1403
          468 1697 745
          745 1697 1233
          468 1233 1697
          190 1678 1933
          190 925 1678
          925 1933 1678
          190 1933 925
          9 751 1331
          751 834 1331
          9 1331 834
          9 834 751
          205 1068 750
          205 1069 1068
          750 1068 1069
          205 750 1069
          188 1451 1328
          188 1328 321
          188 321 1451
          321 1328 1451
          1141 1229 1961
          1141 1961 1890
          1141 1890 1229
          1229 1890 1961
          1260 1468 1365
          361 1260 1365
          361 1468 1260
          361 1365 1468
          73 1847 1038
          73 1038 1791
          73 1791 1847
          1038 1847 1791
          769 1159 1139
          368 1139 1159
          368 769 1139
          38 364 1954
          364 981 1954
          38 1954 981
          141 406 1311
          141 1489 406
          141 1311 1489
          69 1851 1233
          745 1233 1851
          69 745 1851
          818 1391 1617
          516 1391 818
          516 1617 1391
          516 818 1617
          1252 1600 1277
          1252 1684 1600
          1277 1600 1684
          1252 1277 1684
          226 1104 1148
          226 1375 1104
          1104 1375 1148
          429 1577 1656
          1276 1656 1577
          429 1656 1276
          429 1276 1577
          484 1461 1372
          1372 1461 1531
          484 1372 1531
          484 1531 1461
          301 1440 1586
          1440 1677 1586
          65 465 1570
          65 661 465
          465 661 1570
          65 1570 661
          610 1265 1015
          610 1015 730
          610 730 1265
          730 1015 1265
          301 1341 1401
          301 1401 888
          888 1401 1341
          193 1057 1748
          193 687 1057
          687 1748 1057
          193 1748 687
          1317 1703 1476
          1194 1317 1476
          1194 1703 1317
          1194 1476 1703
          762 1263 1371
          1263 1395 1371
          762 1371 1395
          762 1395 1263
          72 1043 429
          429 1043 1437
          72 429 1437
          72 1437 1043
          110 1844 1064
          887 1064 1844
          110 1064 887
          638 1261 1650
          1261 1805 1650
          416 486 995
          120 416 995
          120 995 486
          1194 1621 1355
          1194 1280 1621
          1280 1355 1621
          1194 1355 1280
          473 1879 1355
          43 1355 1879
          43 1879 473
          16 458 1238
          16 1238 1560
          16 1560 458
          458 1560 1238
          116 1440 691
          116 1867 1440
          691 1440 1867
          116 691 1867
          522 1287 603
          522 603 999
          603 1287 999
          568 1554 1519
          568 1733 1554
          1519 1554 1733
          568 1519 1733
          364 1128 514
          364 1160 1128
          364 514 1160
          203 825 1312
          203 1312 1760
          203 1760 825
          825 1760 1312
          153 429 1577
          153 1577 1656
          153 1656 429
          230 480 443
          150 230 443
          150 480 230
          150 443 480
          38 1371 762
          38 762 981
          38 981 1371
          762 1371 981
          1295 1542 1932
          1231 1932 1542
          1231 1295 1932
          1231 1542 1295
          554 1049 1297
          607 1297 1049
          554 1297 607
          554 607 1049
          1196 1601 1492
          1492 1601 1760
          1196 1760 1601
          94 1014 455
          331 455 1014
          94 331 1014
          568 1660 640
          640 1660 1385
          568 640 1385
          568 1385 1660
          260 1636 1292
          260 709 1636
          709 1292 1636
          1210 1731 1359
          1210 1359 1390
          1210 1390 1731
          1359 1731 1390
          299 512 1484
          299 1677 512
          512 1677 1484
          299 1484 1677
          1199 1653 1613
          1199 1249 1653
          1199 1613 1249
          711 1030 1778
          303 711 1778
          303 1030 711
          1299 1422 1759
          253 1422 1299
          253 1299 1759
          130 343 1572
          130 1572 1044
          343 1044 1572
          344 1368 1240
          344 1892 1368
          1183 1403 1236
          1236 1403 1943
          1183 1943 1403
          249 1340 1710
          249 1096 1340
          1096 1710 1340
          249 1710 1096
          1244 1392 1573
          1244 1573 1626
          1244 1626 1392
          1392 1626 1573
          156 1581 1291
          156 450 1581
          450 1291 1581
          156 1291 450
          122 394 1020
          122 1642 394
          394 1642 1020
          122 1020 1642
          1190 1621 1356
          1356 1621 1667
          1190 1356 1667
          1190 1667 1621
          198 863 449
          449 863 1822
          198 1822 863
          933 1705 1464
          822 933 1464
          822 1705 933
          822 1464 1705
          17 1487 1521
          1036 1521 1487
          17 1521 1036
          17 1036 1487
          569 808 1766
          569 1766 1316
          569 1316 808
          808 1316 1766
          1261 1728 1517
          523 1728 1261
          523 1517 1728
          523 1261 1517
          121 1455 1132
          121 1132 1368
          1230 1920 1921
          837 1921 1920
          837 1920 1230
          44 1760 1620
          44 1620 1492
          19 1353 1842
          19 1842 380
          19 380 1353
          362 1212 1705
          105 1212 362
          105 1705 1212
          105 362 1705
          96 994 1749
          994 1641 1749
          96 1749 1641
          96 1641 994
          7 260 465
          7 465 1292
          260 1292 465
          588 1092 1782
          588 1782 1002
          588 1002 1092
          1002 1782 1092
          241 1415 1792
          241 1719 1415
          1415 1719 1792
          241 1792 1719
          498 1195 1374
          498 1302 1195
          1195 1302 1374
          498 1374 1302
          27 694 824
          27 824 288
          27 288 694
          288 824 694
          721 1817 1222
          319 721 1222
          319 1817 721
          319 1222 1817
          1257 1457 1289
          1177 1457 1257
          1177 1257 1289
          66 1036 1938
          1036 1459 1938
          66 1938 1459
          66 1459 1036
          1355 1575 1757
          804 1355 1757
          804 1575 1355
          804 1757 1575
          567 1539 1259
          567 1774 1539
          567 1259 1774
          258 745 1350
          745 860 1350
          258 1350 860
          258 860 745
          649 1554 1733
          649 1733 1519
          649 1519 1554
          1211 1499 1456
          871 1456 1499
          871 1499 1211
          214 908 751
          214 751 1358
          214 1358 908
          1181 1423 1225
          1181 1576 1423
          1225 1423 1576
          1181 1225 1576
          409 1196 1277
          409 1620 1196
          409 1277 1620
          902 1346 1813
          902 1564 1346
          1346 1564 1813
          902 1813 1564
          1173 1432 1906
          1173 1906 1307
          1173 1307 1432
          336 1389 1483
          187 1389 336
          187 1483 1389
          819 1895 1489
          819 1489 1614
          819 1614 1895
          1489 1895 1614
          178 713 736
          377 736 713
          178 736 377
          178 377 713
          667 1487 1041
          500 667 1041
          500 1487 667
          500 1041 1487
          78 1087 1311
          78 406 1087
          406 1311 1087
          78 1311 406
          23 345 1552
          23 976 345
          345 976 1552
          23 1552 976
          348 1424 998
          270 348 998
          270 1424 348
          270 998 1424
          406 1249 1311
          155 839 387
          155 1135 839
          387 839 1135
          1258 1460 1642
          1084 1460 1258
          1084 1642 1460
          1084 1258 1642
          1247 1538 1287
          1177 1247 1287
          1177 1538 1247
          1177 1287 1538
          721 1721 1817
          721 1102 1721
          1102 1817 1721
          721 1817 1102
          1323 1776 1803
          1024 1803 1776
          1024 1323 1803
          1024 1776 1323
          1234 1390 1731
          1210 1234 1731
          1210 1390 1234
          1188 1510 1893
          1510 1546 1893
          1188 1893 1546
          1188 1546 1510
          206 1360 957
          206 957 846
          206 846 1360
          1173 1411 1207
          1173 1604 1411
          1207 1411 1604
          1173 1207 1604
          1169 1784 1376
          1169 1376 1506
          24 1439 1073
          24 459 1439
          459 1073 1439
          24 1073 459
          806 1589 1702
          145 1702 1589
          145 806 1702
          145 1589 806
          1168 1369 1236
          1236 1369 1320
          1168 1320 1369
          913 1374 1794
          105 1794 1374
          105 913 1794
          105 1374 913
          235 880 1589
          235 806 880
          806 1589 880
          1517 1940 1728
          1261 1728 1940
          1261 1940 1517
          28 1130 1406
          1130 1237 1406
          28 1406 1237
          28 1237 1130
          559 940 620
          620 940 718
          559 620 718
          559 718 940
          189 966 826
          189 826 1322
          189 1322 966
          826 966 1322
          549 645 722
          549 722 1709
          549 1709 645
          645 1709 722
          392 1860 1231
          1231 1860 1729
          392 1231 1729
          392 1729 1860
          548 1446 607
          548 1669 1446
          607 1446 1669
          548 607 1669
          546 578 698
          578 1303 698
          546 698 1303
          546 1303 578
          600 945 1571
          600 720 945
          720 1571 945
          600 1571 720
          1175 1598 1345
          1328 1345 1598
          1175 1345 1328
          1175 1328 1598
          1200 1481 1545
          1481 1881 1545
          1200 1545 1881
          1253 1305 1343
          1253 1343 1856
          1253 1856 1305
          1305 1856 1343
          585 883 1926
          585 1926 1467
          585 1467 883
          883 1467 1926
          747 1094 1678
          747 1678 1405
          1094 1405 1678
          486 1201 1359
          486 1390 1201
          486 1359 1390
          209 490 1856
          482 1856 490
          209 1856 482
          209 482 490
          265 1345 941
          265 789 1345
          789 941 1345
          265 941 789
          386 1062 1315
          312 1315 1062
          312 1062 386
          1185 1245 1407
          1185 1700 1245
          1245 1700 1407
          1185 1407 1700
          211 1560 458
          348 458 1560
          211 458 348
          211 348 1560
          156 1274 1581
          156 450 1274
          450 1581 1274
          1137 1260 1366
          1137 1807 1260
          1260 1807 1366
          1137 1366 1807
          1203 1275 1752
          1203 1459 1275
          1275 1459 1752
          1203 1752 1459
          199 1845 1907
          199 1907 876
          199 876 1845
          876 1907 1845
          1427 1761 1760
          1312 1760 1761
          1312 1427 1760
          1312 1761 1427
          132 352 1099
          132 456 352
          352 456 1099
          132 1099 456
          265 992 1489
          265 1489 1653
          265 1653 992
          992 1653 1489
          59 1290 1406
          59 1237 1290
          1237 1406 1290
          59 1406 1237
          1311 1613 1489
          1489 1613 1653
          1571 1959 1764
          519 1959 1571
          519 1764 1959
          519 1571 1764
          65 1570 1863
          65 1863 661
          661 1863 1570
          1026 1590 1065
          291 1590 1026
          291 1065 1590
          291 1026 1065
          835 1780 988
          85 835 988
          85 988 1780
          83 1891 430
          83 1773 1891
          430 1891 1773
          83 430 1773
          340 1237 1530
          340 1530 1841
          340 1841 1237
          1237 1841 1530
          1360 1634 1873
          1223 1634 1360
          1223 1873 1634
          1223 1360 1873
          362 449 1705
          449 1822 1705
          362 1705 1822
          198 330 1421
          198 835 330
          330 835 1421
          198 1421 835
          1295 1854 1522
          1295 1522 1311
          1295 1311 1854
          1311 1522 1854
          339 1855 487
          164 1855 339
          164 339 487
          305 746 460
          238 746 305
          805 930 894
          242 894 930
          1184 1415 1315
          1184 1223 1415
          1223 1315 1415
          1184 1315 1223
          364 1954 1128
          1128 1954 1160
          364 1160 1954
          1140 1643 1320
          574 1140 1320
          574 1643 1140
          574 1320 1643
          1177 1289 1286
          1177 1286 1538
          1286 1289 1538
          986 1644 1697
          225 1644 986
          225 1697 1644
          225 986 1697
          36 254 403
          36 403 1411
          36 1411 254
          254 1411 403
          765 1227 1947
          765 1947 1824
          1227 1824 1947
          310 1505 1275
          310 1631 1505
          1275 1505 1631
          310 1275 1631
          240 951 1378
          240 1378 1721
          240 1721 951
          951 1721 1378
          207 858 509
          207 509 1800
          207 1800 858
          509 858 1800
          444 898 1317
          227 1317 898
          227 444 1317
          227 898 444
          818 1617 1388
          655 1388 1617
          655 1617 818
          1179 1210 1359
          1179 1390 1210
          685 1649 1249
          179 1249 1649
          179 685 1249
          179 1649 685
          715 1672 921
          398 1672 715
          398 921 1672
          225 1043 1076
          1043 1437 1076
          225 1076 1437
          225 1437 1043
          170 437 704
          170 876 437
          437 876 704
          170 704 876
          680 1454 1209
          680 1438 1454
          1209 1454 1438
          680 1209 1438
          1039 1767 1677
          1219 1677 1767
          1039 1677 1219
          1039 1219 1767
          1250 1913 1778
          1250 1778 1496
          1250 1496 1913
          1496 1778 1913
          217 947 1099
          217 1099 456
          217 456 947
          456 1099 947
          1052 1750 1538
          918 1538 1750
          918 1052 1538
          918 1750 1052
          40 1354 1795
          1250 1795 1354
          40 1250 1354
          186 784 1347
          186 1347 1543
          186 1543 784
          784 1543 1347
          66 1036 733
          733 1036 1938
          66 733 1938
          265 992 819
          265 819 1489
          819 992 1489
          888 1401 1508
          888 1508 1341
          1341 1508 1401
          249 686 1921
          249 1920 686
          686 1920 1921
          249 1921 1920
          287 913 780
          780 913 975
          287 780 975
          287 975 913
          489 1421 1302
          1302 1421 1431
          489 1431 1421
          932 1204 1385
          1204 1866 1385
          932 1385 1866
          932 1866 1204
          3 829 388
          3 388 1465
          3 1465 829
          1200 1436 1350
          1200 1350 1871
          1200 1871 1436
          1350 1436 1871
          816 828 1115
          97 828 816
          97 1115 828
          97 816 1115
          74 1000 276
          276 1000 1335
          74 276 1335
          74 1335 1000
          499 1044 502
          285 499 502
          285 1044 499
          285 502 1044
          19 388 1353
          19 380 388
          118 1068 1126
          118 1126 1069
          118 1069 1068
          1041 1139 1159
          242 1041 1159
          242 1159 1139
          92 921 741
          92 741 1897
          92 1897 921
          130 1044 357
          130 357 502
          130 502 1044
          357 1044 502
          392 412 1729
          154 1729 412
          154 392 1729
          198 330 863
          198 863 1421
          85 1690 1201
          1201 1690 1780
          85 1201 1780
          85 1780 1690
          583 842 1129
          583 1594 842
          583 1129 1594
          528 844 1607
          528 1387 844
          844 1387 1607
          529 1268 684
          529 1519 1268
          684 1268 1519
          529 684 1519
          1236 1927 1549
          1183 1236 1549
          1183 1927 1236
          1183 1549 1927
          128 1547 1232
          674 1232 1547
          614 1594 842
          583 1594 614
          583 614 842
          1175 1337 1704
          1175 1681 1337
          53 482 1856
          53 490 482
          53 1856 490
          149 936 1941
          149 491 936
          491 1941 936
          149 1941 491
          346 746 743
          150 746 346
          150 346 743
          1214 1631 1332
          1275 1332 1631
          1214 1332 1275
          1214 1275 1631
          876 1845 1929
          199 1929 1845
          199 876 1929
          95 989 1622
          989 1464 1622
          95 1622 1464
          95 1464 989
          607 1669 646
          646 1669 1108
          607 646 1108
          607 1108 1669
          1185 1278 1478
          1185 1478 1700
          1185 1700 1278
          332 1898 1395
          332 1395 1206
          1206 1395 1898
          3 1831 1787
          1011 1787 1831
          3 1787 1011
          3 1011 1831
          1111 1594 1936
          583 1111 1936
          583 1594 1111
          583 1936 1594
          124 1625 1649
          124 1649 904
          904 1649 1625
          366 1008 1722
          366 1722 1788
          366 1788 1008
          1008 1788 1722
          441 1232 1425
          441 1425 1390
          1232 1390 1425
          742 1470 1820
          280 742 1820
          280 1470 742
          280 1820 1470
          65 1863 908
          65 908 896
          65 896 1863
          896 908 1863
          841 1510 1079
          1079 1510 1893
          841 1079 1893
          841 1893 1510
          193 817 1143
          817 1580 1143
          193 1580 817
          278 809 850
          91 809 278
          91 850 809
          91 278 850
          186 1543 711
          186 711 1032
          186 1032 1543
          711 1543 1032
          112 1770 746
          743 746 1770
          112 743 1770
          137 1378 951
          137 951 1721
          649 1554 1273
          1273 1554 1733
          649 1273 1733
          1202 1549 1413
          1413 1549 1927
          1202 1413 1927
          1286 1902 1517
          1286 1517 1339
          1286 1339 1902
          1339 1517 1902
          675 1280 1880
          1280 1477 1880
          675 1880 1477
          1335 1436 1871
          1170 1871 1436
          1170 1436 1335
          1123 1231 1729
          1123 1768 1231
          1231 1768 1729
          1172 1397 1267
          1267 1397 1319
          1172 1267 1319
          1172 1319 1397
          1366 1773 1468
          430 1366 1468
          430 1773 1366
          430 1468 1773
          72 1340 1096
          72 1710 1340
          72 1096 1710
          319 1743 445
          319 1595 1743
          445 1743 1595
          319 445 1595
          804 1673 1575
          237 1673 804
          237 804 1575
          327 1021 397
          51 1021 327
          51 397 1021
          51 327 397
          378 1386 1906
          792 1906 1386
          378 1906 792
          378 792 1386
          1173 1307 1325
          1173 1453 1307
          1173 1325 1453
          1172 1319 1358
          1172 1358 1241
          1172 1241 1319
          1241 1358 1319
          130 502 499
          133 794 402
          133 1515 794
          402 794 1515
          133 402 1515
          1668 1846 1735
          642 1735 1846
          642 1668 1735
          642 1846 1668
          555 1538 918
          555 918 1457
          555 1457 1538
          918 1538 1457
          339 1844 736
          192 736 1844
          713 1844 980
          110 713 980
          110 1844 713
          110 980 1844
          552 1261 1447
          552 1805 1261
          552 1447 1805
          319 721 1568
          319 1568 1222
          721 1222 1568
          791 1426 1279
          129 791 1279
          129 1426 791
          129 1279 1426
          1267 1863 1319
          1267 1397 1863
          1319 1863 1397
          1171 1700 1245
          1171 1245 1477
          1171 1477 1700
          1245 1700 1477
          1236 1549 1403
          1183 1403 1549
          219 1116 1956
          1116 1662 1956
          219 1956 1662
          219 1662 1116
          244 1912 1578
          1578 1912 1707
          244 1707 1912
          81 884 1143
          81 1143 1501
          81 1501 884
          884 1501 1143
          266 1338 326
          82 266 326
          82 326 1338
          357 1306 1850
          357 1850 461
          461 1850 1306
          126 993 987
          126 987 671
          126 671 993
          1300 1597 1745
          1298 1745 1597
          1298 1300 1745
          1298 1597 1300
          1273 1554 1588
          1554 1734 1588
          1273 1588 1734
          1273 1734 1554
          1192 1300 1745
          1192 1745 1298
          1192 1298 1300
          1109 1634 1592
          1592 1634 1930
          1109 1592 1930
          567 637 1028
          637 1081 1028
          567 1028 1081
          546 698 1664
          546 1664 1303
          698 1303 1664
          183 983 373
          183 373 1694
          183 1694 983
          373 983 1694
          183 507 1407
          507 1694 1407
          183 1407 1694
          183 1694 507
          1264 1294 1958
          1264 1400 1294
          1294 1400 1958
          1264 1958 1400
          1349 1396 1804
          1349 1804 1398
          1349 1398 1396
          1396 1398 1804
          161 1061 483
          483 1061 727
          161 483 727
          161 727 1061
          1224 1350 1861
          1350 1697 1861
          1224 1697 1350
          423 853 1101
          423 1101 1486
          423 1486 853
          853 1486 1101
          184 1839 371
          371 1839 820
          184 371 820
          184 820 1839
          1217 1796 1842
          380 1796 1217
          380 1842 1796
          380 1217 1842
          609 1251 1283
          609 1283 767
          609 767 1251
          767 1283 1251
          145 1306 1589
          145 1416 1306
          1306 1416 1589
          145 1589 1416
          1232 1823 1759
          1547 1759 1823
          1232 1759 1547
          1232 1547 1823
          273 965 1128
          273 1128 1954
          273 1954 965
          965 1954 1128
          261 1896 387
          113 1896 261
          113 261 387
          222 1008 696
          222 1788 1008
          696 1008 1788
          222 696 1788
          1249 1649 1625
          1249 1310 1649
          1310 1625 1649
          1249 1625 1310
          434 1704 1337
          252 1693 444
          252 1784 1693
          444 1693 1784
          722 1558 1247
          527 1247 1558
          527 722 1247
          527 1558 722
          68 793 492
          68 395 793
          68 492 395
          1199 1614 1895
          106 1895 1614
          106 1199 1895
          106 1614 1199
          13 355 732
          355 1503 732
          13 732 1503
          13 1503 355
          186 1347 351
          186 1620 1347
          351 1347 1620
          186 351 1620
          190 681 1678
          190 1808 681
          681 1808 1678
          190 1678 1808
          52 381 1395
          52 1395 762
          52 762 381
          381 762 1395
          81 1143 1063
          81 1063 1501
          1089 1878 1235
          1089 1701 1878
          1089 1235 1701
          525 881 636
          525 636 1539
          525 1539 881
          1244 1490 1573
          1244 1285 1490
          1285 1573 1490
          1244 1573 1285
          1225 1251 1394
          1251 1576 1394
          1225 1394 1576
          1225 1576 1251
          95 1622 859
          320 859 1622
          95 859 320
          95 320 1622
          763 976 1552
          163 976 763
          163 1552 976
          163 763 1552
          632 1402 656
          515 1402 632
          515 656 1402
          515 632 656
          367 1556 900
          367 900 1074
          367 1074 1556
          900 1556 1074
          566 1588 1786
          566 882 1588
          882 1786 1588
          566 1786 882
          1210 1365 1641
          1210 1641 1619
          1210 1619 1365
          1256 1772 1368
          1256 1455 1772
          1256 1368 1455
          1273 1786 1588
          1273 1588 1659
          1273 1659 1786
          1588 1786 1659
          118 297 1069
          118 681 297
          297 681 1069
          35 424 1666
          35 1666 868
          35 868 424
          50 514 773
          514 906 773
          50 773 906
          50 906 514
          667 1036 1459
          667 1487 1036
          1036 1487 1459
          667 1459 1487
          169 269 1441
          169 1441 735
          169 735 269
          269 735 1441
          72 1076 1043
          72 1437 1076
          560 1218 915
          915 1218 1741
          560 915 1741
          560 1741 1218
          579 1283 1394
          767 1394 1283
          579 1394 767
          579 767 1283
          305 832 786
          305 786 1865
          305 1865 832
          786 832 1865
          145 1572 1416
          145 875 1572
          875 1416 1572
          145 1416 875
          1255 1541 1278
          1255 1478 1541
          1298 1597 1666
          1173 1597 1298
          1173 1666 1597
          1173 1298 1666
          77 1295 1860
          77 1860 1542
          77 1542 1295
          1295 1542 1860
          13 1570 465
          13 465 661
          653 937 1514
          540 937 653
          540 1514 937
          540 653 1514
          385 1803 1512
          815 1512 1803
          385 1512 815
          23 696 1552
          345 1552 696
          23 345 696
          1401 1689 1533
          1018 1689 1401
          1018 1401 1533
          292 1344 1625
          425 1625 1344
          292 1625 425
          292 425 1344
          554 1602 1706
          623 1706 1602
          554 1706 623
          554 623 1602
          335 1534 1800
          335 1800 1504
          335 1504 1534
          1504 1800 1534
          1266 1339 1382
          1177 1382 1339
          1177 1266 1382
          1177 1339 1266
          101 1792 967
          101 967 817
          817 967 1792
          363 1592 1935
          134 363 1935
          134 1592 363
          134 1935 1592
          264 1119 805
          264 805 958
          264 958 1119
          805 1119 958
          707 1405 1612
          432 707 1612
          432 1405 707
          432 1612 1405
          1233 1437 1573
          1182 1437 1233
          1182 1573 1437
          1182 1233 1573
          139 489 1547
          139 1547 1302
          489 1302 1547
          280 1416 1470
          1416 1820 1470
          280 1820 1416
          244 771 1469
          771 1912 1469
          244 1469 1912
          244 1912 771
          766 1885 1318
          107 1318 1885
          107 766 1318
          107 1885 766
          112 1770 1716
          746 1716 1770
          0 1141 1961
          0 1890 1141
          0 1961 1890
          49 226 446
          49 1380 226
          226 1380 446
          49 446 1380
          252 424 1376
          424 1506 1376
          252 1506 424
          541 1281 659
          659 1281 1430
          541 1430 1281
          1206 1898 1325
          1206 1811 1898
          1206 1325 1811
          562 620 1361
          562 1361 932
          562 932 620
          620 932 1361
          1211 1392 1284
          1284 1392 1615
          1211 1284 1615
          1211 1615 1392
          172 782 1462
          172 415 782
          415 1462 782
          172 1462 415
          727 1897 1845
          199 1897 727
          199 1845 1897
          199 727 1845
          274 1524 697
          697 1524 1215
          274 1215 1524
          200 1749 994
          200 1731 1749
          994 1749 1731
          200 994 1731
          205 744 400
          205 439 744
          205 400 439
          863 1945 1915
          1421 1915 1945
          863 1915 1421
          1220 1713 1334
          1220 1334 1596
          1220 1596 1713
          1334 1713 1596
          657 1301 1127
          657 1127 1391
          657 1391 1301
          1279 1855 1919
          164 1279 1919
          164 1855 1279
          164 1919 1855
          302 825 1312
          302 1017 825
          825 1017 1312
          302 1312 1017
          802 1524 1329
          1 1524 802
          1 1329 1524
          1 802 1329
          1558 1706 1709
          1193 1706 1558
          1193 1558 1709
          1263 1380 1300
          1300 1380 1736
          1263 1300 1736
          1263 1736 1380
          187 426 1410
          426 511 1410
          187 1410 511
          187 511 426
          945 1571 1293
          600 1293 1571
          1231 1768 1296
          1231 1309 1768
          1296 1768 1309
          1231 1296 1309
          1170 1456 1585
          1170 1211 1456
          1211 1585 1456
          1170 1585 1211
          549 1709 923
          549 923 645
          645 923 1709
          236 1612 433
          236 433 432
          236 432 1612
          432 433 1612
          33 938 1164
          33 1164 411
          33 411 938
          411 1164 938
          1317 1824 1552
          763 1317 1552
          763 1552 1824
          315 351 1829
          315 1620 351
          351 1620 1829
          315 1829 1620
          217 1061 483
          352 483 1061
          217 483 352
          217 352 1061
          814 1597 1745
          462 814 1745
          462 1597 814
          462 1745 1597
          79 338 1685
          338 1156 1685
          79 1156 338
          140 1577 1043
          140 1370 1577
          1043 1577 1370
          140 1043 1370
          1052 1289 1443
          526 1289 1052
          526 1052 1443
          1290 1356 1667
          1290 1541 1356
          1356 1541 1667
          1290 1667 1541
          809 1373 1147
          809 1147 850
          809 850 1373
          850 1147 1373
          598 755 1632
          598 864 755
          755 864 1632
          598 1632 864
          657 1617 1391
          516 657 1391
          516 1617 657
          1319 1503 1570
          1186 1319 1570
          1186 1570 1503
          1320 1403 1549
          1320 1549 1643
          1320 1643 1403
          1403 1643 1549
          610 1789 1559
          1559 1789 1950
          610 1559 1950
          610 1950 1789
          151 1697 986
          151 986 772
          151 772 1697
          772 986 1697
          1172 1397 1294
          1172 1294 1267
          1267 1294 1397
          503 1474 1389
          187 1389 1474
          187 503 1389
          187 1474 503
          979 1208 1591
          979 1449 1208
          1208 1449 1591
          979 1591 1449
          566 1734 801
          801 1734 1771
          566 801 1771
          566 1771 1734
          1211 1284 1499
          1211 1499 1615
          215 1078 418
          418 1078 699
          215 418 699
          215 699 1078
          550 651 619
          550 1408 651
          120 928 1359
          928 1565 1359
          120 1359 1565
          120 1565 928
          135 1000 1244
          135 1887 1000
          1251 1463 1576
          1218 1251 1576
          1218 1463 1251
          1218 1576 1463
          202 1327 831
          831 1327 1888
          202 831 1888
          202 1888 1327
          87 1091 402
          87 402 1162
          87 1162 1091
          402 1091 1162
          1170 1851 1350
          1233 1350 1851
          1170 1350 1233
          1170 1233 1851
          298 1005 1641
          1005 1692 1641
          298 1641 1692
          298 1692 1005
          1243 1363 1826
          1189 1243 1826
          1189 1363 1243
          1189 1826 1363
          1175 1310 1198
          1175 1198 1409
          1175 1409 1310
          1198 1310 1409
          302 825 420
          420 825 1312
          302 420 1312
          532 801 640
          532 640 1385
          532 1385 801
          640 801 1385
          418 851 1051
          215 851 418
          215 1051 851
          215 418 1051
          704 1147 809
          704 809 1373
          704 1373 1147
          74 1626 329
          329 1626 1000
          74 329 1000
          74 1000 1626
          756 1041 1434
          1041 1487 1434
          756 1487 1041
          617 1607 1361
          718 1361 1607
          617 718 1607
          391 1136 1910
          1136 1409 1910
          391 1910 1409
          391 1409 1136
          197 753 1356
          197 1356 1082
          197 1082 753
          753 1082 1356
          1307 1386 1811
          1206 1811 1386
          1206 1307 1811
          1206 1386 1307
          328 1816 1393
          328 689 1816
          689 1393 1816
          983 1406 1694
          1333 1694 1406
          983 1694 1333
          983 1333 1406
          203 1196 409
          203 409 1799
          203 1799 1196
          409 1196 1799
          1253 1343 1605
          1253 1605 1856
          1343 1856 1605
          244 472 1578
          472 1912 1578
          244 1912 472
          336 1294 1739
          664 1739 1294
          336 1739 664
          1071 1861 1350
          151 1350 1861
          151 1861 1071
          520 1959 1679
          520 862 1959
          862 1679 1959
          520 1679 862
          1197 1548 1734
          1197 1734 1786
          1197 1786 1548
          64 376 459
          376 1439 459
          64 459 1439
          64 1439 376
          215 671 1078
          671 699 1078
          215 699 671
          729 1332 1631
          729 1275 1332
          67 765 1909
          765 1149 1909
          67 1149 765
          786 1308 1718
          786 1718 1875
          786 1875 1308
          1308 1875 1718
          133 311 794
          133 1689 311
          133 794 1689
          260 1353 388
          388 1353 1465
          293 860 1436
          293 1851 860
          860 1851 1436
          293 1436 1851
          121 1563 1368
          121 1132 1563
          390 1340 1284
          1284 1340 1499
          390 1284 1499
          390 1499 1340
          681 1678 1405
          681 1405 1384
          681 1384 1678
          1384 1405 1678
          624 1273 1588
          624 1588 1659
          624 1659 1273
          657 705 1617
          516 705 657
          516 1617 705
          539 619 757
          539 757 1408
          539 1408 619
          619 1408 757
          40 1550 784
          784 1550 1795
          40 784 1795
          40 1795 1550
          473 1880 1280
          473 1280 1477
          473 1477 1880
          31 1525 1206
          1206 1525 1828
          31 1828 1525
          568 1519 684
          684 1519 1733
          568 684 1733
          313 1395 1325
          1325 1395 1859
          313 1325 1859
          313 1859 1395
          1169 1227 1506
          1169 1506 1604
          1169 1604 1227
          1227 1604 1506
          52 381 1525
          52 1525 1395
          381 1395 1525
          165 870 1541
          165 1541 1478
          165 1478 870
          547 847 1548
          547 1559 847
          847 1559 1548
          547 1548 1559
          1213 1918 1688
          1213 1792 1918
          1688 1918 1792
          1213 1688 1792
          1200 1481 1224
          1200 1224 1871
          1200 1871 1481
          1224 1481 1871
          177 331 1648
          177 1648 721
          331 721 1648
          331 1648 1378
          113 436 1116
          113 1116 1662
          113 1662 436
          436 1662 1116
          301 1195 1794
          1195 1838 1794
          301 1794 1838
          301 1838 1195
          111 443 230
          111 230 480
          111 480 443
          425 904 1868
          425 1910 904
          904 1910 1868
          425 1868 1910
          218 319 1743
          218 1064 319
          319 1064 1743
          218 1743 1064
          142 411 395
          395 411 700
          571 659 1391
          571 1127 659
          659 1127 1391
          205 439 1068
          439 1069 1068
          205 1069 439
          86 873 1240
          86 1037 873
          873 1037 1240
          86 1240 1037
          73 789 1038
          789 1847 1038
          73 1847 789
          1217 1336 1724
          479 1217 1724
          479 1336 1217
          479 1724 1336
          1244 1436 1335
          1170 1436 1244
          1170 1244 1335
          55 1012 797
          55 1362 1012
          797 1012 1362
          55 797 1362
          545 1129 842
          545 842 1864
          79 1878 504
          504 1878 1685
          79 1685 1878
          1148 1253 1375
          53 1375 1253
          53 1148 1375
          1217 1913 1250
          1217 1250 1496
          1217 1496 1913
          180 706 440
          180 440 1798
          952 1694 1121
          952 1121 1278
          952 1278 1694
          391 689 1409
          144 1409 689
          144 689 391
          405 1084 1284
          1084 1460 1284
          421 1598 1646
          421 1646 1488
          421 1488 1598
          520 1155 906
          520 652 1155
          652 906 1155
          520 906 652
          572 1571 945
          572 945 720
          572 720 1571
          1328 1337 1704
          1175 1337 1328
          1222 1817 1595
          319 1222 1595
          276 1000 360
          276 360 1335
          360 1000 1335
          619 830 684
          550 684 830
          550 619 684
          268 1210 1815
          268 1815 1563
          268 1563 1210
          1210 1563 1815
          84 1405 1612
          84 925 1405
          84 1612 925
          1214 1459 1434
          374 1214 1434
          374 1459 1214
          374 1434 1459
          428 449 1705
          362 428 1705
          165 463 944
          165 944 1541
          165 1541 463
          463 1541 944
          849 1607 1387
          547 1387 1607
          547 849 1387
          547 1607 849
          559 844 591
          559 629 844
          591 844 629
          559 591 629
          277 1151 395
          277 793 1151
          395 1151 793
          48 1330 885
          48 885 1449
          48 1449 1330
          885 1330 1449
          745 1233 1350
          745 1350 1851
          249 1230 1644
          249 1710 1230
          1230 1710 1644
          249 1644 1710
          254 1723 1411
          474 1411 1723
          254 1411 474
          254 474 1723
          293 1244 1887
          293 1887 893
          293 893 1244
          45 332 476
          332 1898 476
          45 476 1898
          45 1898 332
          970 1366 1315
          386 1315 1366
          386 970 1315
          1193 1297 1602
          1193 1602 1706
          1297 1706 1602
          241 1415 1501
          1143 1501 1415
          241 1143 1415
          1281 1435 1720
          1281 1720 1708
          1281 1708 1435
          251 671 912
          251 912 948
          251 948 671
          671 948 912
          70 905 1053
          905 1836 1053
          70 1053 1836
          1542 1729 1583
          513 1583 1729
          513 1729 1542
          664 1397 1483
          1294 1483 1397
          664 1294 1397
          1106 1452 1288
          542 1452 1106
          542 1288 1452
          111 1417 480
          111 480 1098
          111 1098 1417
          480 1417 1098
          498 1540 1195
          498 1759 1540
          1195 1540 1759
          498 1195 1759
          139 1540 498
          139 498 1759
          1023 1567 1608
          1023 1608 1452
          1023 1452 1567
          1452 1608 1567
          286 1930 897
          897 1930 1223
          286 897 1223
          286 1223 1930
          1234 1776 1422
          1220 1234 1422
          1220 1776 1234
          1220 1422 1776
          1306 1957 1373
          1306 1454 1957
          1373 1957 1454
          1306 1373 1454
          818 1218 1388
          1218 1617 1388
          818 1617 1218
          684 1408 1616
          550 1616 1408
          550 684 1616
          550 1408 684
          573 973 1301
          573 657 973
          657 1301 973
          573 1301 657
          352 456 483
          217 483 456
          217 456 352
          1251 1663 1348
          1348 1663 1576
          1251 1348 1576
          1251 1576 1663
          218 1064 445
          218 887 1064
          445 1064 887
          218 445 887
          1213 1772 1368
          1368 1772 1557
          1213 1368 1557
          1213 1557 1772
          189 1580 399
          399 1580 1057
          189 399 1057
          189 1057 1580
          19 716 380
          19 1796 716
          380 716 1796
          19 380 1796
          449 1464 1705
          449 1822 1464
          1464 1822 1705
          193 1580 1748
          193 1057 1580
          293 1436 1244
          1244 1436 1851
          293 1244 1851
          613 1750 1538
          613 1538 1567
          613 1567 1750
          1538 1750 1567
          196 285 499
          196 502 285
          219 1126 1067
          219 1067 1956
          219 1956 1126
          66 1021 1119
          66 1119 1916
          66 1916 1021
          1021 1916 1119
          10 1883 1640
          1640 1883 1761
          10 1640 1761
          934 1394 1663
          767 934 1663
          767 1394 934
          767 1663 1394
          1171 1356 1255
          1171 1255 1516
          1171 1516 1356
          1255 1356 1516
          566 617 1548
          617 1361 1548
          566 1548 1361
          566 1361 617
          152 1029 1314
          152 1500 1029
          1029 1500 1314
          218 1743 445
          445 1743 1064
          581 1608 1282
          581 1282 1428
          581 1428 1608
          1282 1608 1428
          857 1924 1287
          857 1287 1782
          857 1782 1924
          1287 1924 1782
          575 1763 857
          857 1763 1924
          575 857 1924
          575 1924 1763
          111 1952 1417
          111 1417 748
          111 748 1952
          748 1417 1952
          1176 1368 1210
          1176 1210 1455
          1176 1455 1368
          1210 1368 1455
          571 659 1281
          659 1391 1281
          146 1044 357
          357 1044 1572
          146 1572 1044
          268 1455 1563
          156 1291 787
          450 787 1291
          156 787 450
          69 1851 1490
          69 1490 1233
          989 1462 1222
          989 1464 1462
          1222 1462 1464
          989 1222 1464
          1317 1703 1552
          1317 1367 1703
          1367 1552 1703
          1317 1552 1367
          24 393 1439
          24 800 393
          393 800 1439
          332 1828 476
          476 1828 1898
          62 1537 1146
          1146 1537 1386
          62 1386 1537
          88 1234 1776
          88 1785 1234
          1234 1785 1776
          88 1776 1785
          258 1350 1071
          258 1071 1861
          258 1861 1350
          101 817 399
          399 817 1580
          101 399 1580
          28 444 1476
          444 506 1476
          28 506 444
          515 1364 1402
          1304 1402 1364
          515 1402 1304
          515 1304 1364
          560 634 1675
          560 1741 634
          634 1741 1675
          560 1675 1741
          1255 1356 1707
          1255 1707 1516
          1356 1516 1707
          1318 1416 1885
          766 1416 1318
          766 1885 1416
          298 1234 1641
          1234 1445 1641
          298 1641 1445
          170 452 1147
          452 1471 1147
          170 1147 1471
          170 1471 452
          1201 1359 1491
          1201 1491 1690
          1201 1690 1359
          1359 1690 1491
          102 483 1384
          483 959 1384
          102 1384 959
          102 959 483
          65 1319 1657
          65 1657 908
          65 908 1319
          908 1657 1319
          1227 1824 1506
          227 1227 1506
          227 1824 1227
          227 1506 1824
          130 461 1438
          130 1166 461
          461 1166 1438
          130 1438 1166
          358 1009 1785
          358 1692 1009
          1009 1692 1785
          1220 1299 1776
          1299 1422 1776
          1220 1422 1299
          55 1293 1362
          797 1362 1293
          55 797 1293
          1288 1857 1751
          602 1288 1751
          602 1857 1288
          602 1751 1857
          384 1113 1399
          21 384 1399
          21 1113 384
          21 1399 1113
          8 793 946
          426 946 793
          8 946 426
          8 426 793
          553 978 1687
          553 934 978
          934 1687 978
          553 1687 934
          135 1626 1244
          1000 1244 1626
          135 1000 1626
          1209 1243 1515
          1243 1589 1515
          1209 1515 1589
          1209 1589 1243
          242 667 1459
          242 1434 667
          667 1434 1459
          242 1459 1434
          1418 1546 1486
          1486 1546 1853
          1418 1486 1853
          1418 1853 1546
          1194 1703 1552
          1194 1552 1317
          1244 1626 1285
          1244 1285 1392
          1285 1626 1392
          1285 1836 1502
          1258 1285 1502
          1258 1836 1285
          1258 1502 1836
          1169 1703 1317
          1169 1317 1367
          1169 1367 1703
          1206 1307 1537
          1206 1898 1307
          1206 1537 1898
          486 1390 1686
          486 1686 1201
          559 1607 629
          629 1607 849
          559 629 849
          559 849 1607
          548 1669 1288
          1288 1669 1446
          548 1288 1446
          191 462 1745
          191 1745 1569
          191 1569 462
          462 1569 1745
          1218 1741 1251
          191 1745 446
          191 446 1569
          162 1417 761
          162 1894 1417
          761 1417 1894
          162 761 1894
          786 832 1125
          114 786 1125
          114 832 786
          186 1277 1347
          1277 1620 1347
          53 482 1019
          482 1856 1019
          53 1019 1856
          1200 1681 1871
          1224 1871 1681
          1200 1224 1681
          545 1262 608
          608 1262 633
          545 608 633
          545 633 1262
          175 1039 354
          354 1039 798
          175 354 798
          175 798 1039
          377 980 1844
          110 377 1844
          450 787 1581
          787 1291 1581
          1189 1306 1373
          1189 1416 1306
          1306 1416 1373
          1189 1373 1416
          43 1673 890
          43 1879 1673
          890 1673 1879
          43 890 1879
          1259 1514 1430
          1430 1514 1645
          1259 1430 1645
          226 1380 1736
          226 1736 446
          446 1736 1380
          451 1331 900
          451 1637 1331
          900 1331 1637
          451 900 1637
          1181 1430 1514
          1301 1514 1430
          1181 1514 1301
          1181 1301 1430
          403 1411 1587
          403 1723 1411
          1411 1723 1587
          403 1587 1723
          1548 1734 1616
          1197 1548 1616
          1197 1616 1734
          199 372 1907
          199 1907 1398
          199 1398 372
          372 1398 1907
          354 1037 1925
          259 1925 1037
          259 354 1925
          259 1037 354
          574 877 1140
          574 1643 877
          263 1717 1373
          263 1470 1717
          1373 1717 1470
          263 1373 1470
          858 1732 1800
          207 1732 858
          775 1874 915
          915 1874 1218
          775 915 1218
          775 1218 1874
          1179 1759 1422
          1232 1422 1759
          1179 1422 1232
          1179 1232 1759
          615 1107 847
          530 847 1107
          530 615 847
          530 1107 615
          606 646 1669
          606 1669 1108
          606 1108 646
          39 958 1444
          39 1444 894
          894 1444 958
          882 1659 1588
          882 1786 1659
          643 1369 1316
          521 1369 643
          521 1316 1369
          521 643 1316
          117 822 1102
          117 1102 320
          117 320 822
          320 1102 822
          1310 1545 1881
          1200 1310 1881
          1200 1545 1310
          259 1334 1925
          259 354 1334
          1218 1391 1874
          1391 1463 1874
          1218 1463 1391
          139 1195 1759
          139 498 1195
          1037 1479 1596
          957 1479 1037
          957 1596 1479
          957 1037 1596
          1215 1795 1354
          1215 1250 1795
          1215 1354 1250
          1254 1509 1880
          1254 1880 1280
          1254 1280 1509
          1280 1880 1509
          1679 1959 1735
          1735 1959 1846
          1679 1735 1846
          1679 1846 1959
          1252 1684 1357
          1025 1684 1252
          1025 1357 1684
          1025 1252 1357
          1213 1479 1918
          1213 1719 1479
          1479 1719 1918
          1213 1918 1719
          277 1151 492
          395 492 1151
          200 994 1641
          994 1731 1641
          200 1641 1731
          183 1694 1333
          183 1333 983
          383 749 725
          38 725 749
          38 383 725
          38 749 383
          182 652 656
          652 1679 656
          182 656 1679
          182 1679 652
          328 1393 1500
          75 328 1500
          75 1500 1393
          1401 1689 1484
          845 1484 1689
          845 1401 1484
          845 1689 1401
          277 492 1042
          492 1535 1042
          277 1042 1535
          277 1535 492
          474 1019 1253
          53 1019 474
          53 1253 1019
          1031 1683 1339
          621 1339 1683
          621 1031 1339
          621 1683 1031
          154 392 1526
          154 1526 1729
          392 1729 1526
          274 802 697
          697 802 1524
          274 1524 802
          623 1658 1297
          1049 1297 1658
          623 1297 1049
          623 1049 1658
          594 1327 628
          594 1655 1327
          628 1327 1655
          594 628 1655
          204 1048 1779
          204 1427 1048
          1048 1427 1779
          204 1779 1427
          539 1408 830
          539 830 619
          555 1754 1457
          555 702 1754
          702 1457 1754
          555 1457 702
          968 1732 1426
          335 968 1426
          335 1732 968
          335 1426 1732
          95 1464 449
          95 449 989
          1319 1503 1863
          1319 1863 1570
          1503 1570 1863
          1189 1826 1589
          1189 1589 1508
          1189 1508 1826
          1508 1589 1826
          245 421 1488
          76 421 245
          76 1488 421
          76 245 1488
          667 1434 1487
          1434 1459 1487
          359 1144 1854
          1144 1522 1854
          359 1854 1522
          359 1522 1144
          780 1418 1853
          325 1418 780
          325 1853 1418
          325 780 1853
          1236 1927 1413
          1236 1413 1549
          386 1366 1062
          83 386 1062
          1176 1368 1213
          1213 1368 1479
          1176 1213 1479
          1176 1479 1368
          1355 1673 1591
          1355 1477 1673
          1477 1591 1673
          1355 1591 1477
          569 639 808
          569 1316 639
          639 1316 808
          1169 1254 1367
          1169 1367 1450
          1169 1450 1254
          1254 1450 1367
          1588 1786 1734
          566 1588 1734
          1174 1628 1217
          1217 1628 1381
          1174 1217 1381
          134 1315 1062
          134 312 1315
          134 1062 312
          145 1702 766
          766 1702 1416
          145 766 1416
          145 1416 1702
          199 1845 1349
          199 1349 1907
          1349 1845 1907
          717 911 1364
          592 717 1364
          592 911 717
          592 1364 911
          1378 1579 1875
          1308 1378 1875
          1308 1579 1378
          1308 1875 1579
          603 1904 702
          544 603 702
          544 1904 603
          544 702 1904
          658 1960 1266
          561 1266 1960
          561 658 1266
          561 1960 658
          515 1304 867
          867 1304 1364
          515 867 1364
          324 1603 1812
          324 660 1603
          660 1812 1603
          324 1812 660
          134 1062 1807
          134 333 1062
          134 1807 333
          1349 1384 1405
          747 1405 1384
          747 1384 1349
          722 1262 1709
          722 1558 1262
          1262 1558 1709
          722 1709 1558
          154 392 699
          392 1526 699
          209 1633 823
          209 823 1900
          209 1900 1633
          823 1633 1900
          482 1305 1536
          27 1536 1305
          27 1305 482
          145 880 806
          145 1589 880
          560 818 1218
          437 1929 876
          437 1845 1929
          437 876 1845
          577 612 797
          577 797 1362
          612 1362 797
          8 395 1151
          8 1151 793
          8 793 395
          114 786 997
          786 1125 997
          114 997 1125
          430 1137 1260
          430 1260 1366
          430 1366 1137
          1280 1880 1633
          197 1880 1280
          197 1633 1880
          197 1280 1633
          1037 1240 1925
          1037 1925 1596
          1037 1596 1240
          902 1420 1346
          4 1420 902
          4 1346 1420
          4 902 1346
          174 1079 365
          174 365 1510
          174 1510 1079
          365 1079 1510
          1189 1589 1702
          1189 1702 1508
          1508 1702 1589
          194 1748 687
          194 687 347
          194 347 1748
          347 687 1748
          158 1593 1326
          158 418 1593
          418 1326 1593
          158 1326 418
          597 1699 1943
          597 1236 1699
          1236 1943 1699
          597 1943 1236
          50 364 662
          273 662 364
          50 662 273
          175 311 512
          175 1018 311
          311 1018 512
          298 1445 865
          138 1445 298
          138 865 1445
          138 298 865
          606 646 1193
          606 1193 1669
          646 1669 1193
          257 981 1371
          257 1380 981
          981 1380 1371
          257 1371 1380
          400 1068 439
          400 439 1069
          1210 1365 1455
          1365 1641 1455
          1210 1455 1641
          66 667 930
          66 805 667
          66 930 805
          1503 1570 1928
          13 1928 1570
          13 1503 1928
          1195 1838 1440
          1195 1374 1838
          1374 1440 1838
          1195 1440 1374
          34 1450 886
          34 926 1450
          34 886 926
          1175 1198 1613
          1175 1613 1242
          1175 1242 1198
          1198 1242 1613
          367 1313 1798
          367 492 1313
          492 1798 1313
          367 1798 492
          1194 1703 1237
          1237 1703 1621
          1194 1237 1621
          1194 1621 1703
          1242 1816 1337
          1242 1337 1409
          1242 1409 1816
          1337 1816 1409
          435 854 1103
          173 1103 854
          173 435 1103
          173 854 435
          85 1412 1527
          988 1527 1412
          85 1527 988
          85 988 1412
          909 1369 1225
          909 1423 1369
          1225 1369 1423
          909 1225 1423
          378 422 1493
          422 1386 1493
          378 1493 1386
          378 1386 422
          352 843 1099
          843 1949 1099
          352 1099 1949
          352 1949 843
          1293 1696 1362
          1183 1293 1362
          1183 1696 1293
          1183 1362 1696
          177 1378 1102
          1102 1378 1579
          177 1102 1579
          372 1929 466
          466 1929 1941
          372 466 1941
          372 1941 1929
          420 825 1760
          420 1760 1312
          47 672 1487
          672 1631 1487
          47 1487 1631
          440 1161 708
          440 708 1798
          440 1798 1161
          708 1161 1798
          1374 1794 1838
          913 1838 1794
          913 1374 1838
          258 1861 1481
          258 1481 1350
          1350 1481 1861
          549 722 608
          549 608 1262
          549 1262 722
          608 722 1262
          225 1076 438
          225 1644 1076
          438 1076 1644
          225 438 1644
          1184 1260 1557
          1260 1807 1557
          1184 1557 1807
          1184 1807 1260
          384 679 1399
          384 1113 679
          679 1113 1399
          64 459 734
          64 232 459
          232 734 459
          64 734 232
          1234 1390 1641
          1390 1731 1641
          1234 1641 1731
          753 1900 823
          753 1633 1900
          753 823 1633
          667 1434 1041
          629 844 1607
          559 1607 844
          253 1540 935
          93 869 471
          93 471 1504
          93 1504 869
          471 869 1504
          1175 1310 1649
          1175 1249 1310
          1175 1649 1249
          460 1725 746
          236 460 746
          236 1725 460
          236 746 1725
          414 762 1395
          414 1263 762
          414 1395 1263
          335 858 1534
          39 769 805
          769 1139 805
          39 805 1139
          39 1139 769
          252 1376 1693
          1376 1784 1693
          295 1550 1795
          295 1795 1813
          295 1813 1550
          410 971 1309
          80 410 1309
          80 971 410
          1237 1693 1784
          1476 1784 1693
          1237 1476 1693
          228 495 1398
          98 1398 495
          98 228 1398
          98 495 228
          507 1278 1407
          507 1694 1278
          1278 1694 1407
          1268 1414 1594
          1178 1414 1268
          1178 1594 1414
          924 1419 1546
          223 1546 1419
          223 924 1546
          223 1419 924
          539 757 991
          539 991 1862
          539 1862 757
          757 1862 991
          568 1408 830
          568 830 1862
          568 1862 1408
          830 1408 1862
          917 1670 1545
          917 1545 1200
          917 1200 1670
          1200 1545 1670
          1190 1343 1536
          1343 1900 1536
          1190 1536 1900
          1190 1900 1343
          648 1289 1257
          648 1257 1457
          648 1457 1289
          3 5 1831
          5 1011 1831
          3 1011 5
          1346 1961 1890
          902 1346 1890
          902 1961 1346
          902 1890 1961
          1682 1915 1945
          1421 1682 1945
          1421 1915 1682
          1292 1420 1472
          1292 1346 1420
          1346 1472 1420
          1292 1472 1346
          861 1513 1453
          1216 1453 1513
          861 1453 1216
          861 1216 1513
          581 1023 1608
          581 1452 1023
          310 1631 1908
          310 729 1631
          310 1908 729
          35 424 1506
          35 1432 424
          424 1432 1506
          1094 1396 1405
          228 1405 1396
          228 1094 1405
          228 1396 1094
          264 930 1119
          314 1119 930
          264 1119 314
          264 314 930
          494 1633 1254
          494 1254 1880
          494 1880 1633
          1254 1633 1880
          516 657 1127
          516 1127 1391
          59 373 1130
          59 1406 373
          373 1406 1130
          59 1130 1406
          115 1748 764
          764 1748 1593
          115 764 1593
          115 1593 1748
          170 1349 1094
          170 1094 747
          170 747 1349
          1455 1749 1641
          96 1455 1641
          96 1749 1455
          1066 1950 1789
          610 1066 1789
          155 432 748
          155 748 1396
          155 1396 432
          432 1396 748
          700 1695 1460
          700 1460 1258
          700 1258 1695
          1258 1460 1695
          379 1237 1130
          28 379 1130
          1251 1741 1576
          1251 1576 1303
          1251 1303 1741
          1303 1576 1741
          77 296 1542
          296 513 1542
          841 1222 1510
          1222 1595 1510
          841 1510 1595
          841 1595 1222
          287 678 323
          323 678 1103
          287 323 1103
          287 1103 678
          277 1042 503
          277 1474 1042
          503 1042 1474
          277 503 1474
          527 1247 1917
          527 1902 1247
          1247 1902 1917
          527 1917 1902
          327 943 1021
          51 1021 943
          51 943 327
          770 1802 1951
          1309 1951 1802
          770 1951 1309
          770 1309 1802
          1193 1602 1558
          1558 1602 1706
          699 1429 1878
          699 1878 768
          699 768 1429
          768 1878 1429
          258 1861 434
          144 1861 258
          144 258 434
          257 1736 1263
          1263 1736 1901
          257 1263 1901
          257 1901 1736
          394 1392 1615
          1392 1642 1615
          394 1615 1642
          394 1642 1392
          528 1050 591
          528 591 1387
          528 1387 1050
          591 1050 1387
          243 782 1462
          782 1915 1462
          243 1462 1915
          243 1915 782
          20 1496 303
          20 303 479
          303 1496 479
          212 1398 1804
          212 1396 1398
          212 1804 1396
          1245 1591 1673
          1245 1673 1477
          1245 1477 1591
          1266 1940 1517
          1177 1266 1517
          1177 1940 1266
          1177 1517 1940
          139 489 674
          139 674 1547
          489 1547 674
          808 1413 1316
          643 1316 1413
          643 808 1316
          643 1413 808
          292 685 1625
          685 1738 1625
          292 1625 1738
          292 1738 685
          402 1515 1840
          402 811 1515
          811 1840 1515
          402 1840 811
          1170 1211 1335
          1170 1244 1211
          1211 1244 1335
          1753 1901 1859
          30 1901 1753
          30 1859 1901
          30 1753 1859
          395 411 492
          68 492 411
          68 411 395
          1459 1487 1521
          1214 1521 1487
          1214 1459 1521
          1214 1487 1459
          267 1521 1837
          267 949 1521
          949 1837 1521
          267 1837 949
          60 1724 1336
          60 479 1724
          60 1336 479
          1175 1242 1409
          1198 1409 1242
          68 492 367
          68 367 411
          367 492 411
          573 790 1301
          573 973 790
          0 1961 902
          0 902 1890
          293 1851 893
          293 893 1635
          293 1635 1851
          893 1851 1635
          1319 1601 1397
          1186 1601 1319
          1186 1397 1601
          274 1665 1524
          1215 1524 1665
          274 1215 1665
          142 1460 700
          142 700 1695
          142 1695 1460
          124 1649 1274
          124 1274 1310
          124 1310 1649
          1274 1649 1310
          810 1365 990
          810 990 1455
          810 1455 1365
          1249 1649 1497
          179 1249 1497
          179 1497 1649
          212 1058 839
          212 839 491
          212 491 1058
          491 839 1058
          1182 1340 1284
          1182 1460 1340
          572 737 945
          572 1571 737
          737 1571 945
          27 340 1305
          27 1305 1530
          27 1530 340
          340 1530 1305
          464 840 1577
          281 840 464
          281 1577 840
          281 464 1577
          339 887 445
          339 445 1064
          339 1064 887
          1257 1289 1447
          1177 1447 1289
          1177 1257 1447
          328 1951 739
          328 739 1500
          328 1500 1951
          739 1951 1500
          686 1639 1921
          686 1921 1134
          686 1134 1639
          1134 1921 1639
          1210 1404 1359
          1210 1359 1563
          1359 1404 1563
          1000 1335 1244
          360 1244 1335
          335 1504 1480
          1480 1504 1534
          439 1067 1770
          112 439 1770
          112 1770 1067
          911 1364 1937
          717 911 1937
          717 1937 1364
          260 1928 1292
          1292 1928 1465
          260 1465 1928
          1172 1358 1399
          1172 1399 1241
          1241 1399 1358
          561 1031 1960
          621 1960 1031
          561 1960 621
          561 621 1031
          1274 1801 1291
          1274 1291 1871
          1274 1871 1801
          182 1562 773
          182 773 1679
          182 1679 1562
          773 1562 1679
          1288 1669 1953
          1446 1953 1669
          1288 1953 1446
          1206 1525 1395
          332 1395 1525
          332 1525 1206
          523 638 955
          638 1517 955
          523 955 1517
          523 1517 638
          533 915 1874
          533 1463 915
          915 1463 1874
          533 1874 1463
          881 1629 1539
          776 1539 1629
          776 881 1539
          776 1629 881
          782 1682 1915
          100 1682 782
          100 1915 1682
          100 782 1915
          7 1472 1636
          7 1636 1292
          7 1292 1472
          1292 1636 1472
          7 16 709
          7 709 1636
          7 1636 16
          16 1636 709
          1331 1358 1812
          1331 1680 1358
          1358 1680 1812
          1331 1812 1680
          439 1716 1770
          439 746 1716
          439 1770 746
          1168 1369 1576
          1168 1225 1369
          1225 1576 1369
          1168 1576 1225
          1197 1559 1270
          1265 1270 1559
          1197 1270 1265
          1197 1265 1559
          913 1418 1342
          1342 1418 1825
          913 1825 1418
          240 951 1308
          951 1718 1308
          240 1308 1718
          240 1718 951
          279 1688 1213
          279 1213 1918
          279 1918 1688
          183 848 983
          183 1333 848
          848 1333 983
          1249 1497 1653
          1466 1510 1893
          1188 1466 1893
          41 1912 472
          41 472 1255
          41 1255 1912
          472 1912 1255
          1242 1393 1507
          1242 1816 1393
          1393 1816 1507
          1242 1507 1816
          1255 1578 1912
          1255 1707 1578
          1255 1912 1707
          179 692 666
          179 1497 692
          666 692 1497
          179 666 1497
          1220 1334 1240
          1220 1240 1596
          757 1862 1408
          604 1862 757
          604 1408 1862
          604 757 1408
          277 946 1151
          277 793 946
          793 1151 946
          1226 1576 1369
          1225 1226 1369
          1225 1576 1226
          510 1684 1252
          510 1252 1025
          46 1723 1207
          46 1587 1723
          1207 1723 1587
          46 1207 1587
          1259 1774 1514
          567 1514 1774
          202 1858 1712
          202 1712 383
          202 383 1858
          383 1712 1858
          845 1363 1243
          1243 1363 1448
          845 1243 1448
          845 1448 1363
          210 869 1138
          812 1138 869
          210 1138 812
          210 812 869
          1180 1489 1934
          1180 1934 1296
          157 1802 407
          157 407 768
          157 768 1802
          407 1802 768
          667 1459 930
          242 930 1459
          98 936 491
          98 1941 936
          98 491 1941
          1223 1415 1557
          1184 1223 1557
          1184 1557 1415
          1145 1859 1513
          1047 1513 1859
          1047 1145 1513
          1047 1859 1145
          1200 1335 1436
          1200 1871 1335
          65 1863 1319
          908 1319 1863
          223 1546 828
          828 1546 1115
          223 828 1115
          223 1115 1546
          1279 1893 1595
          89 1893 1279
          89 1595 1893
          89 1279 1595
          43 1495 1673
          43 1673 804
          43 804 1495
          804 1673 1495
          196 843 1672
          196 499 843
          499 1672 843
          1347 1620 1961
          351 1347 1961
          351 1961 1620
          264 1119 963
          264 963 327
          327 963 1119
          1181 1394 1283
          1181 1251 1394
          1251 1283 1394
          1181 1283 1251
          529 1268 614
          529 614 684
          614 1268 684
          504 1685 1235
          152 504 1235
          152 1235 1685
          533 775 626
          533 626 1281
          533 1281 775
          362 1822 1421
          362 485 1822
          485 1421 1822
          362 1421 485
          68 1313 367
          68 492 1313
          616 909 937
          616 1423 909
          531 1015 1265
          531 1265 730
          531 730 1015
          1171 1355 1673
          1171 1333 1355
          1333 1673 1355
          1171 1673 1333
          547 1559 1789
          547 1950 1559
          547 1789 1950
          95 933 449
          95 1464 933
          449 933 1464
          253 1299 1574
          777 1861 1224
          165 1124 472
          472 1124 1255
          165 472 1255
          165 1255 1124
          121 344 1368
          344 1563 1368
          121 1563 344
          1235 1344 1314
          1180 1344 1235
          1180 1314 1344
          1180 1235 1314
          41 472 1124
          41 1124 1255
          1569 1597 1745
          1300 1569 1745
          1300 1597 1569
          1176 1365 1445
          1260 1445 1365
          1176 1445 1260
          650 950 1283
          580 1283 950
          580 650 1283
          580 950 650
          124 1274 666
          124 450 1274
          450 666 1274
          124 666 450
          230 443 1001
          150 230 1001
          150 1001 443
          1200 1350 1481
          1350 1871 1481
          456 483 947
          102 483 456
          102 947 483
          102 456 947
          279 1688 996
          279 996 1213
          996 1688 1213
          629 844 1387
          629 1387 1607
          269 811 1441
          269 1441 1848
          269 1848 811
          811 1848 1441
          127 1568 488
          127 1652 1568
          488 1568 1652
          127 488 1652
          469 860 1481
          469 1481 1436
          469 1436 860
          860 1436 1481
          321 421 1328
          188 1328 421
          188 421 321
          1241 1600 1252
          1196 1241 1252
          1196 1600 1241
          1196 1252 1600
          1215 1628 1524
          1215 1524 1238
          1238 1524 1628
          360 1436 1244
          1244 1436 1887
          360 1887 1436
          396 1014 942
          184 942 1014
          184 396 942
          184 1014 396
          82 738 1338
          663 1338 738
          82 1338 663
          82 663 738
          152 1029 1685
          152 1685 1314
          1029 1314 1685
          363 1935 1445
          138 363 1445
          138 1935 363
          138 1445 1935
          1184 1248 1501
          1184 1415 1248
          1248 1415 1501
          1184 1501 1415
          127 1568 721
          127 1622 1568
          721 1568 1622
          127 721 1622
          857 1924 1034
          575 857 1034
          575 1034 1924
          25 275 368
          25 368 1624
          25 1624 275
          275 1624 368
          25 1624 1095
          25 1095 497
          25 497 1624
          497 1095 1624
          1222 1466 1595
          1222 1817 1466
          476 1783 1307
          476 1307 1898
          476 1898 1783
          894 1444 1110
          264 1444 894
          264 1110 1444
          264 894 1110
          130 1572 1306
          130 1306 357
          130 357 1572
          357 1306 1572
          864 1447 1632
          864 916 1447
          916 1632 1447
          864 1632 916
          441 1425 1547
          441 1547 835
          441 835 1425
          835 1547 1425
          767 1251 1105
          609 767 1105
          576 631 1740
          576 1059 631
          631 1059 1740
          576 1740 1059
          596 1588 1273
          596 1554 1588
          596 1273 1554
          437 1929 680
          680 1929 1454
          437 1454 1929
          350 1383 1329
          350 1329 1665
          350 1665 1383
          56 1383 350
          56 1665 1383
          56 350 1665
          603 1457 702
          603 1904 1457
          702 1457 1904
          285 499 788
          132 285 788
          132 788 499
          1371 1395 1525
          762 1371 1525
          762 1525 1395
          1226 1423 1369
          616 1369 1423
          616 1226 1369
          616 1423 1226
          613 1567 1452
          613 1452 1750
          1452 1567 1750
          1234 1445 1619
          1234 1619 1641
          279 1368 1213
          279 1213 1772
          279 1772 1368
          582 1627 881
          881 1627 1629
          582 881 1629
          84 1678 1933
          84 1933 703
          84 703 1678
          703 1933 1678
          381 1371 1525
          381 762 1371
          381 1525 762
          1298 1386 1493
          1386 1811 1493
          1298 1493 1811
          1298 1811 1386
          1097 1239 1643
          1097 1388 1239
          1239 1388 1643
          1097 1643 1388
          907 964 1836
          122 964 907
          122 1836 964
          122 907 1836
          347 884 1248
          347 1748 884
          347 1248 1748
          237 1333 983
          237 848 1333
          237 983 848
          90 780 975
          90 1418 780
          780 1418 975
          90 975 1418
          1182 1490 1233
          1233 1490 1370
          1182 1233 1370
          210 1377 1534
          210 1534 1138
          210 1138 1377
          1138 1534 1377
          806 1589 1508
          806 1508 1702
          1236 1369 1814
          1320 1814 1369
          1236 1814 1320
          229 1256 1819
          229 1819 810
          229 810 1256
          810 1819 1256
          77 903 1860
          77 1295 903
          903 1295 1860
          1179 1334 1220
          1220 1334 1299
          1179 1220 1299
          1179 1299 1334
          599 1023 645
          645 1023 1282
          557 1050 836
          557 1609 1050
          836 1050 1609
          557 836 1609
          1226 1576 1423
          1181 1576 1226
          59 1406 1121
          373 1121 1406
          59 1121 373
          204 420 1048
          420 1427 1048
          204 1427 420
          315 1141 778
          315 778 1746
          315 1746 1141
          778 1141 1746
          39 1372 1139
          275 1139 1372
          39 1139 275
          39 275 1372
          751 1358 1812
          751 1331 1358
          751 1812 1331
          307 1072 477
          42 477 1072
          42 307 477
          42 1072 307
          1213 1511 1256
          1213 1557 1511
          1256 1511 1557
          1213 1256 1557
          88 1234 1323
          1234 1776 1323
          88 1323 1776
          1199 1489 1613
          1199 1653 1489
          248 1412 827
          248 827 1527
          248 1527 1412
          827 1412 1527
          162 501 1377
          162 1377 1534
          501 1534 1377
          707 1396 1405
          432 1396 707
          432 1405 1396
          1175 1881 1409
          1175 1337 1881
          1337 1409 1881
          1175 1409 1337
          568 801 1554
          568 1734 801
          801 1734 1554
          568 1554 1734
          131 715 1835
          131 1742 715
          715 1742 1835
          131 1835 1742
          1427 1492 1779
          1246 1492 1427
          1246 1779 1492
          1246 1427 1779
          733 1938 1916
          66 733 1916
          66 1916 1938
          1328 1451 1704
          321 1704 1451
          291 927 1383
          56 927 291
          56 1383 927
          56 291 1383
          1591 1673 1879
          890 1673 1591
          890 1591 1879
          35 424 898
          424 1506 898
          35 898 1506
          530 1661 1659
          530 1270 1661
          1270 1659 1661
          530 1659 1270
          521 808 1316
          521 643 808
          174 1510 1431
          174 1431 1825
          174 1825 1510
          1431 1510 1825
          444 763 1317
          163 1317 763
          163 444 1317
          163 763 444
          417 1110 1449
          1110 1272 1449
          417 1449 1272
          417 1272 1110
          1329 1665 1524
          350 1329 1524
          350 1524 1665
          298 1641 865
          865 1641 1445
          626 1281 1117
          533 626 1117
          533 1117 1281
          221 1744 988
          334 988 1744
          221 988 334
          221 334 1744
          522 1023 645
          522 645 599
          522 599 1023
          1169 1216 1604
          1216 1253 1604
          1169 1604 1253
          1169 1253 1216
          1179 1195 1759
          1195 1232 1759
          1179 1232 1195
          1257 1447 1940
          1177 1940 1447
          1177 1257 1940
          266 760 1051
          760 1806 1051
          266 1051 1806
          266 1806 760
          104 772 438
          104 1351 772
          438 772 1351
          104 438 1351
          1208 1272 1591
          1208 1449 1272
          1272 1449 1591
          1318 1702 1416
          766 1702 1318
          1209 1848 1363
          1209 1363 1957
          1363 1848 1957
          1174 1275 1354
          1174 1354 1383
          1275 1383 1354
          1179 1219 1473
          1219 1491 1473
          1179 1473 1491
          1179 1491 1219
          259 1596 1334
          259 1713 1596
          259 1334 1713
          1227 1506 1947
          227 1227 1947
          1236 1549 1316
          1168 1316 1549
          1168 1236 1316
          261 1013 443
          443 1013 1797
          261 443 1797
          261 1797 1013
          526 1447 1289
          1286 1289 1447
          526 1286 1447
          461 1306 1589
          145 461 1589
          1536 1900 1667
          1190 1536 1667
          1190 1667 1900
          1203 1714 1630
          1424 1630 1714
          1203 1630 1424
          1203 1424 1714
          1292 1465 1600
          1167 1292 1600
          577 797 1012
          577 1012 1362
          68 277 492
          68 793 277
          646 1193 1602
          646 1762 1193
          1193 1762 1602
          646 1602 1762
          1184 1468 1260
          1184 1260 1366
          1184 1366 1468
          1260 1468 1366
          1141 1829 1229
          315 1229 1829
          315 1141 1229
          315 1829 1141
          315 1492 1829
          1229 1829 1492
          315 1229 1492
          925 1894 1612
          39 393 1756
          39 1756 958
          39 958 393
          393 958 1756
          530 882 1107
          530 1107 1270
          530 1270 882
          882 1270 1107
          588 1034 1782
          588 1092 1034
          1034 1092 1782
          300 1879 1477
          1088 1477 1879
          300 1477 1088
          300 1088 1879
          733 1269 1938
          294 1269 733
          294 1938 1269
          294 733 1938
          417 1775 1272
          1272 1775 1449
          1023 1567 1282
          1023 1282 1608
          1282 1567 1608
          41 1578 472
          41 1912 1578
          1299 1638 1422
          253 1638 1299
          253 1422 1638
          556 1902 1769
          1286 1769 1902
          556 1769 1286
          556 1286 1902
          390 891 1284
          390 1340 891
          891 1340 1284
          1262 1268 1414
          1262 1864 1268
          1268 1864 1414
          1262 1414 1864
          1270 1428 1288
          1270 1661 1428
          1288 1428 1661
          1270 1288 1661
          142 492 395
          142 411 492
          489 1945 674
          489 1547 1945
          383 725 1157
          381 383 1157
          381 725 383
          381 1157 725
          1212 1822 1705
          1212 1464 1822
          1212 1705 1464
          16 1472 1524
          16 1524 1238
          16 1238 1472
          1238 1524 1472
          458 1381 1238
          458 1560 1381
          1238 1381 1560
          1172 1601 1241
          1241 1601 1399
          1185 1700 1272
          1245 1272 1700
          1185 1272 1245
          1 16 1524
          1 1238 16
          1 1524 1238
          458 1796 1636
          458 1636 1238
          458 1238 1796
          1238 1636 1796
          929 1250 1032
          262 929 1032
          262 1250 929
          262 1032 1250
          78 1674 799
          78 799 290
          78 290 1674
          83 970 1891
          83 1876 970
          970 1876 1891
          334 827 1527
          334 1318 827
          827 1318 1527
          334 1527 1318
          34 494 1633
          34 1254 494
          39 1531 484
          39 484 1372
          39 1372 1531
          1233 1437 1644
          1437 1573 1644
          1233 1644 1573
          1080 1561 1684
          1196 1684 1561
          1080 1196 1561
          405 1284 891
          405 891 1340
          1222 1595 1568
          319 1568 1595
          127 415 1568
          415 1622 1568
          127 1622 415
          299 845 453
          299 453 975
          299 975 845
          453 845 975
          205 744 832
          205 419 744
          419 832 744
          205 832 419
          556 627 1683
          627 1769 1683
          556 1683 1769
          556 1769 627
          24 393 1073
          393 1439 1073
          370 1773 1891
          83 1773 370
          158 1248 1593
          1248 1501 1593
          158 1593 1501
          158 1501 1248
          813 1640 1883
          813 1761 1640
          1205 1328 1451
          1205 1451 1681
          1328 1681 1451
          597 1369 616
          616 1369 1726
          597 616 1726
          597 1726 1369
          563 1321 653
          563 653 937
          563 937 1321
          653 1321 937
          1173 1906 1811
          1307 1811 1906
          423 780 1418
          423 1418 1853
          423 1853 780
          1267 1319 1358
          367 1313 900
          367 1556 1313
          900 1313 1556
          822 1622 1698
          822 1698 1464
          822 1464 1622
          1323 1803 1634
          1024 1634 1803
          1024 1323 1634
          533 915 775
          533 775 1874
          164 791 382
          164 1426 791
          382 791 1426
          164 382 1426
          567 1645 637
          637 1645 1514
          209 1856 1536
          482 1536 1856
          209 1536 482
          53 1253 1605
          53 1856 1253
          53 1605 1856
          1019 1856 1253
          652 656 1402
          515 656 652
          515 652 1402
          1174 1250 1215
          1174 1215 1354
          827 1508 1527
          1318 1527 1508
          827 1318 1508
          612 693 1100
          612 1100 1239
          612 1239 693
          693 1239 1100
          1210 1815 1359
          1210 1731 1815
          1359 1815 1731
          1175 1199 1345
          1199 1598 1345
          1175 1598 1199
          586 1002 1271
          1002 1092 1271
          586 1271 1092
          586 1092 1002
          1409 1910 1545
          1310 1910 1409
          1310 1545 1910
          1310 1409 1545
          81 1063 897
          81 897 1501
          622 1257 1028
          622 1028 1810
          622 1810 1257
          1028 1257 1810
          333 1807 1137
          333 1137 1366
          1285 1490 1502
          256 1490 1285
          256 1502 1490
          256 893 1490
          256 1022 893
          893 1022 1490
          256 1490 1022
          1263 1395 1325
          1206 1325 1395
          1206 1263 1325
          1206 1395 1263
          1202 1691 1764
          1691 1818 1764
          1202 1764 1818
          1202 1818 1691
          706 1313 1433
          1313 1711 1433
          706 1433 1711
          706 1711 1313
          249 686 1639
          249 1639 1921
          1215 1524 1346
          1215 1472 1524
          1346 1524 1472
          173 1606 428
          173 428 362
          173 362 1606
          1169 1605 1216
          1169 1253 1605
          1216 1605 1253
          366 1788 1824
          366 1824 1727
          366 1727 1788
          1727 1824 1788
          17 478 267
          267 478 500
          17 500 478
          207 1101 1426
          207 1800 1101
          1101 1800 1426
          1256 1772 1557
          485 785 1780
          485 1425 785
          785 1425 1780
          485 1780 1425
          264 958 894
          264 1444 958
          896 1267 908
          214 896 908
          214 1267 896
          214 908 1267
          765 1947 1149
          765 1149 1824
          1149 1947 1824
          1171 1673 1245
          1171 1245 1333
          218 1652 1743
          319 1743 1652
          218 319 1652
          17 267 1521
          267 1487 1521
          90 453 1884
          90 1884 975
          90 975 453
          453 975 1884
          929 1250 1332
          929 1354 1250
          929 1332 1354
          236 1952 748
          433 748 1952
          236 748 433
          236 433 1952
          1279 1595 1919
          89 1919 1595
          89 1279 1919
          239 1919 505
          239 1279 1919
          505 1919 1279
          239 505 1279
          860 1350 1851
          69 860 1851
          69 1350 860
          69 1851 1350
          218 1652 488
          488 1652 1743
          218 488 1743
          653 1514 1774
          567 653 1774
          567 1514 653
          4 353 1746
          353 732 1746
          4 1746 732
          4 732 353
          1271 1457 1287
          1287 1457 1904
          1271 1287 1904
          1271 1904 1457
          430 1891 1366
          1366 1891 1773
          488 1595 1568
          488 841 1595
          841 1568 1595
          488 1568 841
          20 1582 1837
          20 1837 949
          20 949 1582
          949 1837 1582
          413 1148 1104
          413 1104 1375
          413 1375 1148
          614 1936 684
          684 1936 1268
          614 1268 1936
          486 1690 1686
          85 1686 1690
          85 486 1686
          85 1690 486
          622 702 1810
          622 1904 702
          702 1904 1810
          622 1810 1904
          680 1166 1438
          246 1438 1166
          246 680 1438
          246 1166 680
          307 477 922
          477 1400 922
          307 922 1400
          307 1400 477
          1297 1446 1658
          1265 1446 1297
          1265 1297 1658
          581 1428 593
          581 593 1106
          581 1106 1428
          593 1428 1106
          115 1051 418
          115 418 851
          115 851 1051
          1303 1781 1348
          1251 1348 1781
          1251 1781 1303
          1245 1673 1355
          1245 1355 1477
          1173 1207 1597
          1173 1666 1207
          1186 1746 1420
          1229 1420 1746
          1186 1420 1229
          17 1487 667
          17 667 500
          1121 1694 1406
          1121 1406 1290
          1290 1406 1694
          1257 1810 1457
          1271 1457 1810
          1257 1457 1271
          1257 1271 1810
          287 888 845
          287 845 1363
          287 1363 888
          845 888 1363
          225 1437 1644
          225 1644 1233
          225 1233 1437
          602 1661 1288
          602 796 1661
          796 1288 1661
          602 1288 796
          602 1270 1288
          602 1661 1270
          28 1476 1237
          1237 1476 1406
          97 1374 349
          97 816 1374
          349 1374 816
          97 349 816
          1230 1644 1437
          1230 1437 1573
          1230 1573 1644
          182 773 1128
          514 1128 773
          182 514 773
          1208 1255 1707
          1208 1516 1255
          1208 1707 1516
          273 364 1128
          273 1128 514
          213 1332 1631
          213 1631 729
          971 1309 1507
          410 1507 1309
          1047 1753 1859
          30 1047 1859
          30 1753 1047
          1186 1252 1241
          1186 1241 1600
          1186 1600 1252
          660 900 1074
          9 1074 900
          9 660 1074
          9 900 660
          1239 1293 1362
          1183 1239 1362
          1183 1293 1239
          446 1380 1532
          446 852 1380
          1009 1785 1234
          457 1785 1009
          457 1234 1785
          457 1009 1234
          739 1500 1314
          289 418 1326
          289 1078 418
          418 1078 1326
          289 1326 1078
          392 1878 699
          699 1878 1526
          1131 1420 1292
          1292 1420 1928
          1131 1292 1928
          1131 1928 1420
          1231 1860 1583
          1231 1583 1729
          1583 1860 1729
          83 1366 430
          83 1891 1366
          1279 1893 1919
          505 1919 1893
          505 1893 1279
          1468 1891 1773
          896 1267 1085
          12 1267 896
          12 1085 1267
          12 896 1085
          174 505 1079
          174 1079 1893
          174 1893 505
          505 1893 1079
          1235 1526 1802
          1235 1685 1526
          1526 1685 1802
          1235 1802 1685
          418 1051 1078
          215 1078 1051
          300 1591 1879
          300 890 1591
          300 1879 890
          89 1893 1079
          89 1079 505
          89 505 1893
          433 748 1417
          433 1417 1952
          614 1268 842
          614 1594 1268
          842 1268 1594
          1177 1271 1627
          1177 1627 1940
          1271 1940 1627
          299 1401 845
          299 845 1677
          299 1677 1401
          845 1401 1677
          37 1121 463
          37 1278 1121
          463 1121 1278
          914 1585 1456
          171 914 1456
          171 1585 914
          171 1456 1585
          550 1789 1204
          1204 1789 1616
          550 1204 1616
          550 1616 1789
          1167 1346 1229
          1167 1229 1600
          1167 1600 1346
          1229 1346 1600
          321 833 1451
          104 833 321
          104 1451 833
          104 321 1451
          517 693 1239
          693 1097 1239
          517 1239 1097
          517 1097 693
          272 412 1122
          272 1122 895
          272 895 412
          412 895 1122
          704 850 1373
          704 1112 850
          850 1112 1373
          704 1373 1112
          1239 1388 1320
          1239 1320 1643
          1320 1388 1643
          1178 1270 1273
          1270 1428 1273
          1178 1273 1428
          1178 1428 1270
          911 1937 1943
          717 911 1943
          717 1943 1937
          1167 1347 1600
          1167 1229 1347
          1229 1600 1347
          6 1357 1684
          6 1025 1357
          281 728 1656
          728 1460 1656
          281 1656 1460
          281 1460 728
          409 961 1277
          186 961 409
          954 1591 979
          300 979 1591
          300 954 979
          300 1591 954
          152 1029 1344
          152 425 1029
          425 1344 1029
          152 1344 425
          557 595 836
          557 1050 595
          595 1050 836
          791 1279 924
          129 791 924
          129 924 1279
          1300 1745 1380
          1192 1300 1380
          1192 1380 1745
          425 1625 1910
          425 1198 1625
          1198 1910 1625
          425 1910 1198
          822 1654 1352
          822 1352 1698
          822 1698 1654
          1352 1654 1698
          1172 1312 1264
          1172 1761 1312
          1172 1264 1761
          1218 1303 1741
          1218 1675 1303
          1303 1675 1741
          1218 1741 1675
          629 1387 849
          725 965 1525
          725 1371 965
          965 1371 1525
          725 1525 1371
          1286 1769 1517
          1517 1769 1902
          36 1569 1300
          36 1300 1597
          960 1435 1529
          580 1435 960
          580 1529 1435
          580 960 1529
          682 1664 1202
          682 1818 1664
          1202 1664 1818
          1184 1511 1213
          1184 1557 1511
          1184 1213 1557
          814 1745 1114
          462 1114 1745
          462 814 1114
          527 1339 1917
          527 1031 1339
          1031 1917 1339
          527 1917 1031
          1237 1376 1693
          379 1376 1237
          379 1693 1376
          1224 1351 1697
          772 1697 1351
          772 1224 1697
          772 1351 1224
          911 1364 1943
          1364 1937 1943
          1264 1494 1883
          1170 1585 1335
          1211 1335 1585
          730 1265 1950
          610 1950 1265
          0 1829 1142
          1142 1829 1961
          0 1142 1961
          0 1961 1829
          606 1953 1669
          606 1669 1750
          606 1750 1953
          1669 1953 1750
          825 1196 1799
          1196 1760 1799
          825 1760 1196
          378 1298 1386
          175 752 1767
          752 798 1767
          175 1767 798
          175 798 752
          412 895 1729
          154 1729 895
          932 1607 1361
          932 1361 1204
          932 1204 1607
          1204 1361 1607
          1218 1617 1226
          1218 1226 1388
          1226 1617 1388
          1212 1421 1915
          1212 1431 1421
          1421 1431 1915
          1212 1915 1431
          458 716 1796
          458 1796 1381
          458 1381 716
          716 1381 1796
          1077 1691 1664
          584 1664 1691
          584 1077 1664
          780 1418 913
          287 1418 780
          36 1597 1411
          403 1411 1597
          119 1454 1848
          1454 1623 1848
          119 1848 1623
          119 1623 1454
          517 1239 612
          612 1239 1362
          517 1362 1239
          546 698 1077
          546 1077 1664
          698 1664 1077
          393 1756 1407
          800 1407 1756
          393 1407 800
          393 800 1756
          231 1545 917
          231 391 1545
          391 917 1545
          231 917 391
          210 719 812
          210 812 1377
          210 1377 719
          719 1377 812
          652 1402 1584
          515 1584 1402
          515 652 1584
          110 377 1064
          377 1844 1064
          232 1439 459
          232 1073 1439
          232 459 1073
          213 1631 953
          672 953 1631
          213 953 672
          213 672 1631
          143 1468 1773
          143 1773 430
          143 430 1468
          74 1585 787
          74 787 914
          74 914 1585
          787 1585 914
          337 1791 1324
          1205 1324 1791
          337 1205 1791
          59 1290 1121
          286 1873 1093
          286 1093 1634
          286 1634 1873
          433 1612 1894
          433 1914 1612
          433 1894 1914
          277 503 946
          277 793 503
          503 793 946
          109 759 812
          759 1579 812
          109 812 1579
          109 1579 759
          1171 1477 1516
          1171 1208 1477
          1208 1516 1477
          40 1032 929
          40 929 1250
          172 1568 841
          172 841 488
          607 1446 1016
          607 1658 1446
          607 1016 1658
          186 1032 784
          784 1032 1543
          39 894 1139
          58 494 1880
          494 675 1880
          58 1880 675
          58 675 494
          812 1377 1579
          812 1579 1480
          812 1480 1377
          1377 1480 1579
          1243 1401 1689
          1243 1689 1533
          1243 1533 1401
          73 1497 1801
          1497 1553 1801
          73 1801 1553
          73 1553 1497
          1255 1516 1700
          565 657 705
          565 1617 657
          565 705 1617
          1204 1408 1385
          1204 1866 1408
          1255 1478 1912
          165 1478 1255
          165 1912 1478
          165 1255 1912
          1288 1953 1750
          1288 1608 1953
          1608 1750 1953
          1288 1750 1608
          1264 1711 1680
          1187 1264 1680
          1187 1711 1264
          1187 1680 1711
          186 784 351
          526 714 1447
          526 1286 714
          568 1616 1733
          684 1733 1616
          1331 1410 1765
          1187 1331 1765
          1187 1765 1410
          226 1380 668
          668 1380 1736
          156 337 1801
          156 1553 337
          337 1553 1801
          156 1801 1553
          769 1041 805
          769 1139 1041
          1175 1649 1497
          1175 1497 1249
          1303 1348 1664
          1168 1303 1664
          1168 1664 1348
          243 1462 989
          243 1464 1462
          109 812 1377
          109 1377 1579
          1022 1490 1233
          69 1490 1022
          69 1022 1233
          1199 1489 1895
          1199 1614 1489
          533 1004 915
          915 1004 1463
          1167 1347 1277
          1167 1277 1600
          1277 1347 1600
          700 1502 1948
          1258 1948 1502
          700 1948 1258
          700 1258 1502
          853 1418 1654
          853 1654 1486
          853 1486 1418
          1418 1486 1654
          551 1846 1668
          551 1668 642
          598 1028 1458
          598 1458 637
          598 637 1028
          637 1458 1028
          1284 1392 1642
          1284 1642 1615
          86 873 1892
          873 1240 1892
          86 1892 1240
          1199 1934 1489
          1199 1614 1934
          1178 1273 1282
          1273 1428 1282
          1178 1282 1428
          601 1261 960
          960 1261 1777
          601 960 1777
          601 1777 1261
          556 654 627
          627 654 1286
          556 627 1286
          556 1286 654
          41 1255 1578
          1207 1411 1723
          1207 1253 1411
          1253 1723 1411
          1207 1723 1253
          1233 1697 1644
          225 1697 1233
          692 1553 1801
          692 1497 1553
          692 1801 1497
          270 998 350
          270 1329 998
          270 350 1329
          194 1122 412
          194 895 1122
          194 412 895
          259 1334 691
          691 1334 1713
          259 691 1713
          1259 1321 1514
          1321 1774 1514
          538 1627 658
          538 1266 1627
          658 1627 1266
          538 658 1266
          400 1154 744
          205 744 1154
          205 1154 400
          190 436 1069
          190 681 436
          190 1069 681
          908 1267 1358
          214 1358 1267
          483 1555 1471
          102 483 1471
          102 1555 483
          314 1475 1752
          1475 1590 1752
          314 1752 1590
          408 910 1695
          271 1695 910
          271 408 1695
          271 910 408
          310 1007 1505
          310 1631 1007
          1007 1631 1505
          985 1455 990
          268 985 990
          57 1410 426
          57 426 511
          57 511 1410
          552 755 1632
          755 1261 1632
          552 1632 1261
          552 1261 755
          473 1880 675
          58 473 675
          520 1679 1155
          652 1155 1679
          1042 1711 1535
          176 1711 1042
          176 1535 1711
          176 1042 1535
          353 1746 778
          353 1141 1746
          353 778 1141
          1176 1240 1368
          1176 1479 1240
          1241 1561 1252
          1252 1561 1831
          1241 1252 1831
          121 279 1892
          279 996 1892
          121 1892 996
          121 996 279
          165 472 1912
          1228 1293 1764
          1228 1764 1927
          1293 1927 1764
          814 1298 1745
          16 1560 998
          16 998 348
          16 348 1560
          348 998 1560
          204 1040 420
          420 1040 1427
          1311 1344 1613
          1344 1738 1613
          1311 1613 1738
          1311 1738 1344
          152 1029 1618
          1029 1685 1618
          738 985 1256
          229 1256 985
          229 738 1256
          229 985 738
          588 857 1287
          588 1782 857
          588 1287 1782
          186 1543 1277
          711 1277 1543
          141 1295 903
          141 296 1295
          296 903 1295
          141 903 296
          92 727 741
          92 1061 727
          727 1061 741
          92 741 1061
          1131 1472 1292
          1131 1420 1472
          1473 1794 1823
          785 1823 1794
          785 1473 1823
          785 1794 1473
          1337 1545 1409
          144 1545 1337
          144 1337 1409
          19 388 260
          19 260 1353
          657 1226 1301
          657 1391 1226
          1226 1391 1301
          1263 1736 1375
          1375 1736 1859
          530 1270 847
          530 615 1270
          615 847 1270
          659 1391 1430
          1281 1430 1391
          134 897 1930
          134 1223 897
          134 1930 1223
          3 1831 1657
          3 829 1831
          829 1657 1831
          3 1657 829
          219 1116 436
          436 1116 1956
          219 436 1956
          1205 1345 1274
          1205 1274 1497
          1205 1497 1345
          1274 1345 1497
          1181 1391 1281
          1181 1281 1430
          1181 1430 1391
          1281 1463 1874
          1281 1391 1463
          1230 1324 1921
          1324 1351 1921
          1230 1921 1351
          1230 1351 1324
          570 641 1304
          570 867 641
          641 867 1304
          570 1304 867
          613 1452 1498
          613 1498 1750
          1452 1750 1498
          243 1464 1822
          243 1822 1212
          310 1275 1908
          627 1558 1193
          627 1602 1558
          1220 1713 1299
          1299 1713 1334
          188 1847 1328
          188 1451 1847
          1328 1847 1451
          876 1454 1929
          437 1454 876
          148 1299 1713
          691 1713 1299
          148 1713 691
          1208 1939 1516
          1516 1939 1707
          1208 1707 1939
          156 1291 337
          156 401 1291
          337 1291 401
          156 337 401
          560 775 915
          560 1218 775
          1084 1284 1642
          71 1284 1084
          1177 1627 1266
          1266 1627 1940
          417 1110 1444
          417 958 1110
          958 1444 1110
          417 1444 958
          1222 1462 1568
          841 1222 1568
          841 1462 1222
          841 1568 1462
          41 1356 753
          41 1082 1356
          41 753 1082
          159 1231 1542
          159 1123 1231
          1123 1542 1231
          159 1542 1123
          164 974 791
          487 791 974
          164 487 974
          943 1119 1021
          943 1021 1916
          943 1916 1119
          1101 1853 1486
          129 1853 1101
          129 1486 1853
          129 1101 1486
          857 1763 1287
          1186 1241 1657
          1241 1319 1657
          1186 1657 1319
          1186 1319 1241
          1205 1847 1345
          1205 1345 1801
          1205 1801 1847
          1345 1847 1801
          561 1960 878
          621 878 1960
          561 878 621
          432 748 1896
          155 1896 748
          155 432 1896
          412 851 764
          154 764 851
          140 840 429
          140 1577 840
          429 840 1577
          140 429 1577
          308 1516 1082
          308 1082 956
          308 956 1516
          956 1082 1516
          951 1718 1378
          137 1378 1718
          137 1718 951
          599 1282 1882
          599 1882 1045
          1045 1882 1282
          1087 1738 1311
          406 1311 1738
          394 673 1392
          122 1392 673
          122 394 1392
          122 673 394
          210 1098 719
          210 1417 1098
          719 1098 1417
          210 719 1417
          1174 1203 1214
          1174 1214 1275
          1203 1275 1214
          1199 1895 1598
          106 1598 1895
          1172 1427 1312
          1172 1761 1427
          1180 1295 1542
          1180 1542 1932
          1180 1932 1295
          193 1143 1748
          193 1748 1248
          1261 1805 1517
          1177 1261 1517
          1177 1805 1261
          1204 1387 1609
          528 1609 1387
          528 1204 1609
          528 1387 1204
          987 1326 1528
          266 1326 987
          266 987 1528
          316 443 1013
          316 1797 443
          316 1013 1797
          165 1541 1255
          127 665 1568
          415 1568 665
          127 415 665
          1330 1444 1624
          1330 1624 1372
          1330 1372 1444
          1372 1624 1444
          23 1367 1552
          23 696 1367
          696 1552 1367
          68 1535 1313
          68 492 1535
          1477 1591 1879
          300 1591 1477
          867 1364 911
          592 867 911
          592 1364 867
          1187 1313 1331
          1187 1637 1313
          1313 1637 1331
          475 938 728
          475 728 1656
          475 1656 938
          728 938 1656
          973 1301 1226
          973 1226 1423
          607 1297 646
          646 1297 1669
          607 1669 1297
          661 1863 1503
          236 925 1544
          236 1544 1894
          236 1894 925
          1567 1750 1608
          1452 1608 1750
          1246 1397 1601
          1397 1503 1601
          1246 1601 1503
          651 821 1408
          651 1609 821
          821 1609 1408
          651 1408 1609
          1421 1945 1547
          330 1421 1547
          267 1631 1582
          1582 1631 1837
          267 1582 1837
          267 1837 1631
          1170 1585 1291
          226 1056 446
          226 446 1300
          1169 1506 1207
          1169 1207 1604
          1207 1506 1604
          318 1275 927
          318 927 1383
          318 1383 1275
          927 1275 1383
          14 1903 1746
          14 353 1903
          353 1746 1903
          14 1746 353
          921 1672 1821
          741 1672 921
          741 1821 1672
          741 921 1821
          457 1323 1234
          457 1445 1323
          1234 1323 1445
          547 1832 1559
          547 1950 1832
          1559 1832 1950
          76 434 1704
          76 1337 434
          76 1704 1337
          729 1275 1354
          1275 1332 1354
          729 1354 1332
          235 880 1515
          235 1515 1589
          880 1589 1515
          847 1832 1270
          1270 1832 1559
          847 1270 1559
          847 1559 1832
          1142 1961 1347
          1142 1347 1813
          1142 1813 1961
          1347 1961 1813
          1167 1420 1600
          1167 1292 1420
          1292 1600 1420
          124 1581 450
          124 1942 1581
          450 1581 1942
          124 450 1942
          1339 1382 1917
          1339 1960 1382
          1382 1960 1917
          1339 1917 1960
          240 1377 1579
          240 1579 1308
          240 1308 1377
          1308 1579 1377
          1264 1883 1433
          1264 1433 1711
          1264 1711 1883
          1433 1883 1711
          377 396 980
          377 942 396
          396 942 980
          1180 1344 1198
          1180 1198 1613
          1180 1613 1344
          1198 1344 1613
          554 1297 646
          554 646 607
          350 1329 1065
          270 350 1065
          270 1065 1329
          376 1673 1245
          890 1245 1673
          376 1245 890
          376 890 1673
          886 1605 1216
          886 1450 1605
          1216 1605 1450
          251 912 1089
          251 1701 912
          912 1701 1089
          251 1089 1701
          1212 1462 1464
          1212 1222 1462
          590 1265 730
          730 1265 1016
          590 730 1016
          590 1016 1265
          33 475 1153
          33 1164 475
          475 1164 1153
          236 748 432
          432 748 433
          664 1267 1483
          664 1397 1267
          1267 1397 1483
          153 429 840
          153 840 1577
          547 1789 1066
          547 1066 1950
          89 841 1595
          89 488 841
          20 1837 1336
          20 1336 949
          949 1336 1837
          1259 1539 1629
          776 1259 1629
          776 1539 1259
          426 503 793
          426 946 503
          1236 1304 1927
          1183 1927 1304
          389 1537 1872
          389 1906 1537
          389 1872 1906
          3 1831 984
          984 1831 1657
          3 984 1657
          3 5 984
          984 1831 1241
          1241 1831 1657
          984 1241 1657
          970 1326 1315
          970 1366 1326
          1315 1326 1366
          460 1544 746
          305 746 1544
          278 1147 452
          278 1471 1147
          278 452 1471
          828 1546 1342
          828 1342 1115
          1115 1342 1546
          174 365 1431
          365 1510 1431
          50 273 1128
          50 1128 514
          1517 1805 1769
          1286 1769 1805
          1300 1569 1380
          151 772 1224
          331 1378 455
          554 1602 646
          646 1602 1297
          554 1297 1602
          38 383 381
          38 381 725
          250 1109 1323
          250 1323 1024
          250 1024 1109
          1024 1323 1109
          1313 1535 1711
          176 1313 1711
          298 1009 1234
          298 457 1009
          291 1475 1026
          291 1590 1475
          179 726 692
          692 726 1497
          77 1542 903
          903 1542 1295
          62 422 378
          62 378 1386
          90 287 1418
          287 975 1418
          90 975 287
          182 1128 749
          749 1128 1160
          1337 1704 1488
          1328 1337 1488
          1373 1470 1820
          263 1820 1470
          370 1891 1528
          993 1528 1891
          370 1528 993
          370 993 1891
          147 1235 1089
          147 1089 1878
          147 1878 1235
          463 1278 1290
          463 1541 1278
          1278 1541 1290
          463 1290 1541
          572 720 862
          572 862 1571
          720 1571 862
          168 1531 1461
          168 723 1531
          723 1461 1531
          197 1880 675
          197 675 1280
          103 1634 1093
          103 1610 1634
          103 1093 1610
          411 728 938
          281 411 938
          281 938 728
          411 1164 492
          367 492 1164
          367 1164 411
          643 1830 1413
          1304 1413 1830
          643 1304 1830
          280 334 1318
          280 1885 334
          334 1885 1318
          280 1318 1885
          1185 1208 1272
          1208 1700 1272
          1185 1700 1208
          182 514 656
          514 652 656
          182 652 514
          1169 1253 1343
          156 1291 1274
          156 1801 1291
          156 1274 1801
          878 1266 1728
          878 1517 1266
          1266 1517 1728
          878 1728 1517
          271 1060 1084
          271 1084 1642
          271 1642 1060
          1335 1871 1581
          1291 1581 1871
          156 692 1553
          156 1801 692
          510 1252 1561
          510 1561 1831
          510 1831 1252
          64 232 1439
          1342 1546 1418
          325 1342 1418
          325 1546 1342
          325 1418 1546
          904 1649 1310
          904 1310 1625
          527 1715 1917
          527 1247 1715
          1247 1917 1715
          720 1691 1818
          519 720 1818
          519 1691 720
          519 1818 1691
          388 1787 1353
          1353 1787 1842
          388 1842 1787
          1216 1605 1513
          1216 1513 1375
          1216 1375 1605
          1375 1513 1605
          855 1416 875
          306 1416 855
          306 875 1416
          1184 1213 1322
          1184 1415 1213
          1213 1415 1322
          1184 1322 1415
          62 1872 1537
          62 1386 1872
          570 1364 867
          570 1304 1364
          1212 1825 1352
          105 1825 1212
          105 1352 1825
          105 1212 1352
          518 934 647
          647 934 1663
          518 647 1663
          518 1663 934
          1175 1345 1205
          1175 1205 1847
          1175 1847 1345
          518 767 1663
          767 1251 1663
          518 1663 1251
          518 1251 767
          319 1568 488
          319 488 1595
          1304 1927 1413
          393 1073 800
          24 800 1073
          1343 1900 1633
          209 1900 1343
          209 1343 1633
          219 1770 1956
          1067 1956 1770
          219 1067 1770
          233 759 377
          233 980 759
          377 759 980
          233 377 980
          209 490 1343
          490 1856 1343
          209 1343 1856
          860 1350 1436
          1350 1851 1436
          10 404 813
          10 813 1883
          10 1883 404
          404 1883 813
          426 793 1410
          57 1410 793
          57 793 426
          1217 1250 1628
          1174 1628 1250
          1174 1250 1217
          1343 1536 1856
          1305 1856 1536
          1305 1536 1343
          1211 1244 1573
          1211 1626 1244
          1211 1573 1626
          388 1465 1787
          3 388 1787
          3 1787 1465
          1167 1420 1346
          1346 1420 1600
          33 492 411
          33 1164 492
          960 1728 1261
          523 960 1261
          523 1728 960
          54 758 442
          54 725 758
          442 758 725
          54 442 725
          1668 1830 1846
          551 1830 1668
          551 1846 1830
          1355 1673 1575
          804 1673 1355
          1225 1394 1423
          1181 1423 1394
          1181 1394 1225
          148 1574 253
          148 253 1299
          1244 1889 1626
          135 1889 1244
          135 1626 1889
          1190 1280 1633
          1190 1356 1280
          1280 1356 1633
          1190 1633 1356
          196 285 843
          217 1949 1061
          217 352 1949
          515 632 1364
          592 1364 632
          515 1364 592
          515 592 632
          1270 1751 1661
          602 1751 1270
          602 1661 1751
          236 305 1544
          305 925 1544
          236 925 305
          126 266 987
          126 1528 266
          126 987 1528
          659 919 1281
          541 919 659
          541 1281 919
          53 413 1375
          53 1148 413
          686 1921 1324
          686 1324 1134
          1134 1324 1921
          1248 1322 1580
          1322 1415 1580
          1248 1415 1322
          1464 1705 1698
          822 1698 1705
          812 1534 1377
          812 1480 1534
          1377 1534 1480
          1391 1905 1430
          1301 1430 1905
          1301 1391 1430
          61 368 1159
          61 1133 368
          61 1159 1133
          1641 1692 1731
          1390 1731 1692
          1390 1692 1641
          1186 1292 1465
          1186 1465 1600
          1186 1600 1292
          418 764 1593
          115 764 418
          115 418 1593
          1327 1655 1937
          535 1655 1327
          535 1937 1655
          535 1327 1937
          581 1045 1282
          581 1282 1023
          1395 1753 1859
          313 1859 1753
          313 1753 1395
          1443 1538 1750
          1443 1567 1538
          1443 1750 1567
          1173 1263 1375
          1173 1375 1513
          1173 1513 1263
          339 487 974
          164 339 974
          302 420 1761
          302 1761 1312
          420 1312 1761
          1272 1449 1330
          1272 1330 1444
          1272 1444 1449
          1330 1449 1444
          893 1490 1635
          1490 1851 1635
          893 1851 1490
          1327 1888 1712
          1327 1712 1402
          1327 1402 1888
          1402 1712 1888
          1466 1893 1595
          1279 1466 1595
          1279 1893 1466
          617 849 1607
          718 1607 849
          617 718 849
          706 1313 1798
          1313 1433 1798
          152 1344 799
          152 292 1344
          292 799 1344
          152 799 292
          653 1321 710
          653 710 1774
          653 1774 1321
          710 1321 1774
          582 658 1266
          582 1266 618
          582 618 658
          618 1266 658
          169 269 811
          169 811 1441
          545 1864 608
          608 1864 1262
          545 1262 1864
          461 880 1438
          87 880 461
          87 461 1438
          52 1525 442
          52 442 1395
          442 1525 1395
          603 1457 1754
          603 1754 702
          241 1415 817
          817 1415 1792
          241 817 1792
          1223 1557 1807
          1184 1223 1807
          930 1916 1119
          314 1916 930
          314 1119 1916
          292 1738 1566
          292 1566 685
          415 1222 1568
          1222 1622 1568
          415 1622 1222
          733 1035 1269
          294 1269 1035
          212 727 670
          212 1804 727
          670 727 1804
          212 670 1804
          254 474 1019
          474 1723 1019
          1152 1790 1491
          1341 1491 1790
          1152 1491 1341
          341 1341 1527
          341 1527 1508
          341 1508 1341
          1341 1508 1527
          77 1860 1231
          77 1231 1542
          1231 1860 1542
          1174 1336 1381
          1217 1381 1336
          1174 1217 1336
          1261 1940 1632
          1261 1632 1447
          1261 1447 1940
          1447 1632 1940
          1177 1261 1940
          527 1917 635
          527 635 1031
          201 1460 1276
          201 1656 1460
          1276 1460 1656
          201 1276 1656
          281 1656 1577
          281 1276 1656
          153 669 429
          429 669 1656
          281 1276 1460
          1189 1470 1826
          1318 1826 1470
          1189 1826 1318
          1189 1318 1470
          1173 1432 1298
          1173 1298 1906
          1298 1432 1906
          499 1099 788
          132 1099 499
          132 788 1099
          90 287 323
          90 323 1418
          199 1941 1398
          670 1398 1941
          199 1398 670
          199 670 1941
          633 1706 1602
          623 1706 633
          623 633 1602
          1177 1902 1247
          1247 1902 1538
          987 1078 1051
          215 1078 987
          215 987 1051
          130 502 1672
          130 1672 499
          1059 1385 1862
          604 1059 1862
          604 1385 1059
          604 1862 1385
          54 381 725
          381 442 725
          54 442 381
          402 1091 1438
          402 1515 1091
          1091 1515 1438
          402 1438 1515
          1229 1600 1277
          1229 1277 1347
          473 1509 1280
          845 1243 1689
          1243 1448 1689
          845 1689 1448
          331 455 1648
          331 1648 1014
          492 706 1313
          492 1798 706
          680 1922 1438
          1438 1922 1441
          680 1438 1441
          680 1441 1922
          1170 1351 1324
          1170 1324 1230
          1170 1230 1351
          400 1067 1126
          400 1126 439
          358 1422 935
          358 1759 1422
          358 935 1759
          625 1643 1520
          625 1403 1643
          1403 1520 1643
          625 1520 1403
          1196 1600 1684
          1196 1684 1277
          510 1561 1684
          510 1080 1561
          1196 1252 1684
          1277 1684 1357
          421 1328 1488
          321 421 1488
          150 460 719
          460 1725 719
          150 719 1725
          150 1725 460
          1181 1423 1514
          1181 1514 1321
          1181 1321 1423
          1321 1514 1423
          1247 1339 1917
          1247 1902 1339
          1339 1902 1917
          1034 1917 1382
          1118 1382 1917
          1034 1118 1917
          1178 1953 1446
          282 905 1836
          282 1053 905
          282 1836 1053
          1141 1890 1746
          1141 1746 1229
          1229 1746 1890
          157 1951 1802
          157 1802 1314
          157 1314 1951
          1314 1802 1951
          46 1207 424
          424 1207 1666
          46 424 1666
          1177 1261 1447
          6 1277 1684
          6 1357 1277
          123 1921 686
          686 1921 837
          123 686 837
          1172 1246 1294
          1172 1397 1246
          1246 1397 1294
          351 1620 961
          186 351 961
          1224 1328 1704
          1224 1681 1328
          1115 1546 1419
          223 1115 1419
          1352 1825 1418
          913 1825 1352
          1171 1278 1290
          1171 1694 1278
          1171 1290 1694
          1312 1601 1427
          1172 1427 1601
          1171 1694 1406
          1171 1333 1694
          1171 1406 1333
          373 1406 1694
          373 983 1406
          622 1257 702
          622 702 1070
          622 1070 1257
          702 1257 1070
          1215 1665 1354
          1354 1665 1795
          1215 1795 1665
          1186 1746 1503
          1420 1503 1746
          1186 1503 1420
          1180 1542 1231
          1180 1231 1932
          402 1515 1209
          1209 1515 1840
          402 1209 1840
          59 1237 1530
          59 1530 1290
          405 1460 728
          142 405 728
          142 728 1460
          349 889 816
          816 889 1374
          349 1374 889
          207 1800 382
          207 382 1101
          382 1800 1101
          512 1677 1401
          512 1401 1484
          1401 1677 1484
          586 1627 881
          881 1627 977
          586 881 977
          586 977 1627
          124 1310 904
          124 685 1649
          685 1625 1649
          1221 1556 1331
          1221 1313 1556
          1313 1331 1556
          1221 1331 1313
          1465 1928 1570
          465 1928 1465
          465 1570 1928
          465 1465 1570
          1364 1403 1943
          1403 1937 1943
          1364 1937 1403
          1188 1825 1418
          1188 1352 1825
          1188 1418 1352
          1227 1506 1432
          1227 1432 1947
          1225 1348 1663
          1225 1576 1348
          1225 1663 1576
          222 1722 1008
          222 1788 1722
          194 687 884
          194 884 347
          347 884 687
          855 1820 1416
          306 1416 1820
          306 1820 855
          1234 1619 1323
          1220 1619 1234
          1220 1323 1619
          1220 1234 1323
          169 1922 1923
          169 1923 466
          169 466 1922
          466 1923 1922
          289 987 1528
          987 993 1528
          289 1528 993
          8 1151 946
          241 1415 1063
          1063 1415 1501
          265 1199 1895
          265 1598 1199
          265 1895 1598
          385 1803 1776
          385 1024 1803
          385 1776 1024
          354 798 1767
          354 1925 798
          798 1925 1767
          584 1818 720
          584 1691 1818
          151 777 1861
          151 1224 777
          1270 1288 1751
          1175 1242 1337
          1183 1402 1304
          1304 1402 1927
          1183 1927 1402
          518 1251 1105
          518 1105 767
          334 1412 1527
          334 827 1412
          1300 1736 1375
          1263 1300 1375
          1174 1275 1332
          1641 1749 1731
          548 1857 1288
          1288 1857 1669
          548 1669 1857
          452 1384 1471
          452 1555 1384
          452 1471 1555
          1237 1376 1784
          81 899 1501
          81 312 899
          312 1501 899
          81 1501 312
          110 396 377
          58 494 1027
          58 1027 1880
          494 1880 1027
          648 1070 1257
          524 1070 648
          524 1257 1070
          524 648 1257
          473 1477 1355
          1355 1477 1879
          473 1879 1477
          1184 1366 1338
          1184 1338 1468
          1338 1366 1468
          57 834 1765
          57 1085 834
          834 1085 1765
          57 1765 1085
          421 941 1598
          188 1598 941
          188 421 1598
          188 941 421
          680 1209 1441
          361 1260 1445
          361 1445 1365
          1257 1940 1457
          1375 1411 1604
          1253 1375 1604
          1253 1411 1375
          1253 1604 1411
          954 1591 1449
          954 1449 979
          1347 1628 1913
          1215 1347 1913
          1215 1913 1628
          1191 1627 1271
          1191 1940 1627
          1191 1271 1940
          1191 1539 1259
          1191 1259 1645
          1191 1645 1539
          1259 1539 1645
          605 1599 676
          562 676 1599
          562 605 676
          562 1599 605
          221 785 888
          221 888 1341
          70 1502 1836
          70 1948 1502
          1502 1948 1836
          70 1836 1948
          39 275 1444
          39 1444 1372
          275 1372 1444
          64 1775 232
          232 1775 734
          64 734 1775
          805 930 1119
          264 930 805
          1228 1293 1571
          1228 1571 1764
          1293 1764 1571
          401 787 1585
          401 1585 914
          401 914 787
          595 821 651
          595 651 1609
          472 1912 1469
          165 1469 1912
          165 472 1469
          19 1353 709
          709 1353 1636
          19 709 1636
          19 1636 1353
          196 921 715
          196 715 1672
          196 1672 921
          1407 1461 1531
          1407 1756 1461
          1461 1756 1531
          1407 1531 1756
          52 414 762
          52 1395 414
          911 1943 1403
          717 911 1403
          717 1403 1943
          539 640 1660
          539 991 640
          640 991 1660
          539 1660 991
          1258 1284 1392
          1258 1642 1284
          1258 1392 1642
          65 896 661
          661 896 1863
          76 1870 434
          76 1337 1870
          434 1870 1337
          30 1104 1736
          30 1375 1104
          1104 1375 1736
          1244 1285 1889
          135 1285 1244
          135 1889 1285
          136 1470 742
          136 742 1744
          136 1744 1470
          742 1470 1744
          1189 1470 1363
          1363 1470 1826
          339 1844 974
          736 974 1844
          78 1087 1738
          78 1738 1311
          1170 1436 1350
          1170 1851 1436
          21 324 1113
          21 1113 1944
          21 1944 324
          324 1944 1113
          169 735 811
          269 811 735
          1462 1915 1464
          116 1677 1440
          116 1219 1677
          116 1440 1219
          1170 1230 1456
          1170 1211 1230
          1211 1456 1230
          123 1324 1230
          1230 1324 1456
          123 1230 1456
          123 1456 1324
          73 1847 1205
          73 1205 1801
          73 1801 1847
          1186 1246 1503
          40 1354 1033
          40 1033 1550
          40 1550 1354
          1033 1354 1550
          408 910 1931
          910 1695 1931
          322 859 1622
          322 721 859
          721 1622 859
          322 1622 721
          491 1398 670
          212 491 670
          212 1398 491
          212 670 1398
          255 1134 686
          255 1324 1134
          363 1323 1592
          363 1592 1109
          1109 1592 1323
          185 1242 838
          838 1242 1870
          185 838 1870
          0 1142 1813
          0 1813 1961
          667 805 1041
          242 667 1041
          91 1416 1373
          855 1373 1416
          91 1373 855
          91 855 1416
          686 1920 837
          138 457 298
          138 1445 457
          534 1403 625
          534 1937 1403
          625 1403 1937
          534 625 1937
          315 1746 1492
          315 1492 1141
          1141 1492 1746
          1183 1403 1364
          1183 1364 1937
          625 1520 1937
          538 1382 1960
          538 1960 1118
          1118 1960 1382
          704 850 1147
          893 1244 1851
          869 1504 1534
          812 1504 869
          812 1534 1504
          812 869 1534
          1268 1864 1467
          883 1268 1467
          883 1864 1268
          883 1467 1864
          514 652 773
          652 906 773
          514 906 652
          514 656 1160
          184 396 820
          184 820 942
          127 488 665
          127 371 488
          371 665 488
          127 665 371
          1182 1284 1392
          197 956 1516
          197 1280 956
          956 1280 1516
          197 1516 1280
          194 1748 764
          687 764 1748
          539 1862 1408
          1548 1559 1789
          547 1548 1789
          105 1431 1421
          105 1421 1212
          105 1212 1431
          262 1250 1332
          262 1332 929
          1175 1249 1613
          1198 1613 1249
          1175 1198 1249
          1175 1249 1199
          1175 1199 1613
          141 1489 296
          141 296 1614
          141 1614 1489
          296 1489 1614
          518 767 934
          258 469 860
          258 1481 469
          258 860 1481
          228 1349 1405
          228 1094 1349
          74 450 787
          74 787 1581
          74 1581 450
          714 1447 962
          962 1447 1289
          714 1289 1447
          192 471 713
          192 736 471
          471 736 713
          192 713 736
          12 1267 664
          12 1397 1267
          12 664 1397
          178 713 471
          178 471 736
          428 449 933
          449 1705 933
          428 933 1705
          950 1708 1283
          580 1708 950
          580 1283 1708
          284 1688 826
          826 1688 1322
          284 826 1322
          284 1322 1688
          1180 1296 1309
          1180 1309 1231
          1180 1231 1296
          203 1080 409
          203 1196 1080
          177 1721 1378
          721 1378 1721
          177 721 1721
          56 318 927
          56 1383 318
          85 441 835
          85 1425 441
          271 1084 910
          910 1084 1695
          271 1695 1084
          437 850 704
          437 704 1112
          437 1112 850
          11 1843 1944
          11 1358 1843
          1358 1944 1843
          11 1944 1358
          269 1448 811
          811 1448 1848
          1171 1355 1245
          1167 1636 1353
          1353 1636 1628
          1167 1353 1628
          558 757 619
          558 1408 757
          116 1677 299
          299 1677 1586
          116 299 1586
          116 1586 1677
          721 859 1747
          322 721 1747
          322 1747 859
          1175 1249 1345
          1199 1345 1249
          530 593 1659
          530 1661 593
          593 1661 1659
          432 1612 1396
          43 1757 804
          43 804 1355
          888 1243 1363
          888 1826 1243
          888 1363 1826
          1236 1403 1320
          1236 1320 1943
          1320 1403 1943
          649 1554 856
          856 1554 1273
          649 856 1273
          552 864 714
          714 864 1447
          552 714 1447
          552 1447 864
          1317 1367 1824
          1169 1317 1824
          1169 1824 1367
          202 1712 1327
          202 1888 1712
          1179 1473 1390
          1179 1201 1473
          1201 1390 1473
          128 1692 1005
          128 1009 1692
          1005 1692 1009
          128 1005 1009
          546 1482 600
          600 1482 797
          546 600 797
          546 797 1482
          1373 1470 1957
          1189 1957 1470
          1189 1373 1957
          1189 1470 1373
          578 634 1303
          546 1303 634
          546 634 578
          1275 1590 1383
          1203 1590 1275
          1203 1383 1590
          160 508 774
          160 774 1340
          160 1340 508
          508 1340 774
          589 641 1584
          589 1584 1668
          589 1668 641
          641 1668 1584
          363 1323 1445
          363 1445 1592
          1323 1592 1445
          121 344 1892
          121 1892 1368
          377 980 713
          377 713 1844
          87 1438 874
          87 874 683
          87 683 1438
          683 874 1438
          1224 1881 1681
          1337 1681 1881
          1224 1337 1881
          130 1112 437
          130 680 1112
          130 437 680
          210 480 719
          210 1098 480
          480 1098 719
          1229 1346 1961
          1229 1890 1346
          1173 1227 1604
          1173 1604 1432
          1173 1432 1227
          1227 1432 1604
          1216 1375 1604
          1216 1253 1375
          219 316 1116
          316 1662 1116
          219 1662 316
          238 419 1125
          238 1125 832
          238 832 419
          534 911 1403
          534 717 911
          534 1403 717
          669 1656 1276
          429 669 1276
          1171 1280 1356
          1171 1516 1280
          1280 1516 1356
          26 1208 979
          26 1939 1208
          979 1208 1939
          26 979 1939
          189 1322 760
          189 760 966
          760 1322 966
          1225 1316 1348
          1168 1225 1348
          1168 1316 1225
          1168 1348 1316
          2 16 697
          1 16 2
          1 2 697
          29 1758 273
          29 1493 1758
          273 1758 1493
          441 1425 1686
          441 1686 1390
          137 859 1747
          859 1721 1747
          137 1721 859
          1182 1460 1502
          1182 1502 1276
          1182 1276 1460
          1276 1502 1460
          1183 1927 1293
          1183 1696 1927
          62 389 1537
          62 1872 389
          209 823 1343
          490 1343 823
          209 490 823
          421 1598 1328
          188 1328 1598
          918 1289 1457
          918 1538 1289
          221 1003 988
          988 1003 1744
          221 1744 1003
          315 778 1492
          778 1746 1492
          578 1741 1303
          578 634 1741
          634 1303 1741
          536 620 940
          536 718 620
          536 940 718
          102 1010 1384
          452 1384 1010
          102 1384 452
          102 452 1010
          39 1756 1531
          1372 1531 1756
          39 1372 1756
          237 1673 1495
          237 1495 804
          1372 1461 1756
          890 1495 1673
          43 1495 890
          689 1910 1816
          75 689 1816
          75 1910 689
          75 1816 1910
          1173 1453 1216
          1173 1604 1453
          1216 1453 1604
          1173 1216 1604
          291 1383 350
          56 291 350
          461 1306 880
          880 1306 1589
          461 880 1589
          529 1268 883
          529 883 611
          611 883 1268
          291 1065 350
          291 350 1590
          350 1065 1590
          291 1383 1590
          350 1590 1383
          191 1745 1532
          446 1532 1745
          1338 1366 1528
          1338 1528 1468
          1276 1460 1340
          1182 1276 1340
          802 1524 1665
          350 1524 802
          350 802 1665
          1333 1575 1355
          1274 1291 1581
          955 1517 1805
          955 1769 1517
          955 1805 1769
          556 955 638
          638 955 1805
          556 1805 955
          638 1517 1805
          400 1068 1154
          205 1154 1068
          205 1068 400
          1105 1781 1251
          518 1251 1781
          518 1781 1105
          96 865 1365
          96 361 865
          361 1365 865
          96 1365 361
          632 1327 1712
          632 1402 1327
          632 1712 1402
          1267 1294 1680
          1267 1483 1294
          1219 1473 1440
          1179 1440 1473
          1179 1219 1440
          44 420 1760
          44 1048 420
          420 1048 1760
          584 1664 1818
          584 1202 1664
          584 1818 1202
          325 1115 1342
          325 1546 1115
          44 420 825
          143 1338 663
          143 326 1338
          326 663 1338
          143 663 326
          570 1943 911
          570 911 1364
          570 1364 1943
          263 1717 704
          263 704 1373
          704 1717 1373
          685 1625 1249
          331 1014 396
          396 1014 454
          331 396 454
          331 454 1014
          440 1556 1798
          63 1798 1556
          63 440 1798
          63 1556 440
          27 1530 694
          27 694 340
          340 694 1530
          314 943 1916
          314 1119 943
          113 712 387
          261 387 712
          113 261 712
          1191 1728 1940
          1191 1261 1728
          1191 1940 1261
          168 484 1531
          168 723 484
          484 723 1531
          490 1605 1856
          53 1605 490
          46 1693 1376
          46 379 1693
          46 1376 379
          1321 1423 1394
          1181 1321 1394
          516 1617 655
          655 1617 705
          516 655 705
          370 993 1876
          1265 1559 1446
          1265 1446 1832
          1265 1832 1559
          1446 1559 1832
          304 1189 1702
          304 1508 1189
          304 1702 1508
          586 881 1271
          586 1271 636
          586 636 881
          98 1398 1907
          98 372 1398
          98 1907 372
          1003 1318 1470
          1003 1744 1318
          1318 1744 1470
          1003 1470 1744
          260 1353 709
          19 260 709
          463 1121 1290
          1184 1322 1248
          432 1135 1396
          1135 1896 1396
          432 1396 1896
          787 1585 1581
          787 1291 1585
          74 1585 1581
          1520 1655 1937
          1327 1655 1520
          1327 1520 1937
          663 1511 1468
          663 1819 1511
          1468 1511 1819
          663 1468 1819
          1632 1810 1645
          1257 1645 1810
          1257 1632 1645
          1257 1810 1632
          467 1377 1138
          467 1534 1377
          467 1138 1534
          1468 1773 1528
          143 1468 1528
          143 1528 1773
          4 697 1346
          697 902 1346
          4 902 697
          1194 1575 1355
          1194 1621 1575
          1355 1575 1621
          335 858 1800
          858 1534 1800
          211 1381 458
          211 1560 1381
          1181 1259 1849
          1181 1849 1321
          1181 1321 1259
          86 1925 1037
          86 1240 1925
          645 1247 1763
          575 1763 1247
          575 645 1763
          575 1247 645
          287 1363 435
          287 435 888
          435 1363 888
          266 1326 1051
          987 1051 1326
          266 1051 987
          29 378 1493
          29 814 378
          606 646 1762
          606 1762 1193
          151 772 777
          100 1915 1945
          100 1945 1682
          89 841 1079
          89 1893 841
          1247 1558 1902
          527 1902 1558
          1182 1499 1211
          1182 1211 1284
          1182 1284 1499
          265 1345 1199
          265 1598 1345
          568 1385 801
          801 1385 1734
          568 1734 1385
          1213 1511 1772
          1213 1772 1256
          1554 1734 1733
          568 1733 1734
          345 1757 1509
          1509 1757 1552
          345 1509 1552
          345 1552 1757
          160 1096 508
          160 1340 1096
          508 1096 1340
          56 1033 1383
          1033 1665 1383
          56 1665 1033
          51 1026 1590
          51 1590 1065
          51 1065 1026
          43 1673 1355
          296 1542 1295
          296 903 1542
          1172 1319 1601
          1172 1601 1397
          372 1623 1454
          119 1623 372
          119 372 1454
          682 1664 1781
          1348 1781 1664
          682 1781 1348
          682 1348 1664
          193 884 687
          193 1748 884
          687 884 1748
          193 1143 884
          1036 1938 1269
          294 1036 1269
          294 1938 1036
          631 1059 1599
          631 1599 1740
          1059 1740 1599
          521 597 643
          521 1369 597
          1270 1659 1428
          1428 1659 1661
          201 475 1656
          201 669 475
          201 1656 669
          1367 1824 1552
          543 1086 609
          609 1086 1283
          543 1283 1086
          435 1523 1826
          1470 1826 1523
          435 1826 1470
          435 1470 1523
          59 463 1121
          59 1290 463
          368 1372 1139
          769 1139 1372
          368 769 1372
          200 1390 1731
          200 1731 1692
          200 1692 1390
          576 1740 640
          640 1740 1059
          576 640 1059
          342 447 779
          149 447 342
          690 1072 1294
          336 1294 1072
          336 690 1294
          336 1072 690
          1048 1492 1779
          1048 1427 1492
          16 1636 1238
          16 458 1636
          1185 1372 1461
          1185 1756 1372
          1185 1461 1756
          1199 1646 1614
          106 1614 1646
          158 970 1315
          158 386 970
          133 1484 311
          311 1484 1689
          133 1689 1484
          332 1525 1828
          79 1878 1701
          597 1814 1369
          597 1726 1814
          1369 1814 1726
          499 1099 843
          499 1949 1099
          499 843 1949
          1264 1958 1761
          10 1761 1958
          263 854 1717
          854 1470 1717
          307 922 1040
          307 1040 1958
          307 1958 922
          10 922 1883
          922 1958 1883
          78 1087 1566
          78 1566 1738
          238 746 832
          305 832 746
          238 832 305
          341 1527 827
          341 827 1508
          857 1034 1782
          588 1034 857
          1180 1231 1802
          115 1806 1748
          1593 1748 1806
          115 1593 1806
          784 1795 1543
          1032 1543 1795
          784 1032 1795
          40 784 1032
          1063 1873 1610
          286 1063 1610
          286 1873 1063
          286 1610 1873
          241 1063 1873
          241 1610 1063
          241 1873 1610
          1187 1400 1264
          1264 1400 1711
          1187 1711 1400
          1036 1269 1521
          294 1036 1521
          538 1382 1266
          538 1266 1960
          1266 1382 1960
          546 1077 600
          600 1077 1482
          546 1482 1077
          546 797 612
          546 612 1482
          612 797 1482
          147 1235 290
          290 1235 1089
          429 1437 1276
          72 429 1276
          72 1276 1437
          567 1645 1028
          637 1028 1645
          290 1701 1235
          290 504 1701
          1190 1254 1633
          1190 1280 1254
          1254 1280 1633
          455 1579 1875
          455 1378 1579
          289 970 1891
          289 1326 970
          970 1326 1891
          289 1891 1326
          531 1016 730
          531 1265 1016
          247 731 1718
          137 1718 731
          137 247 1718
          924 1279 1546
          129 1546 1279
          129 924 1546
          1361 1385 1771
          562 1361 1771
          562 1385 1361
          562 1771 1385
          1385 1771 1734
          566 1771 1385
          566 1385 1734
          566 1771 1361
          566 1361 1385
          605 1361 1771
          562 1361 605
          562 605 1771
          1186 1241 1465
          1241 1657 1465
          1186 1465 1657
          801 1385 1771
          1316 1348 1663
          35 1666 1432
          35 1432 868
          868 1432 1666
          656 1402 1679
          652 1679 1402
          831 1402 1679
          182 1679 1402
          182 831 1679
          182 1402 831
          45 366 1722
          45 1453 366
          366 1453 1722
          45 1722 1453
          576 640 1862
          576 1862 1059
          640 1059 1862
          1397 1503 1863
          439 832 746
          305 439 746
          305 832 439
          1175 1497 1274
          1175 1274 1345
          1175 1345 1497
          622 1028 1070
          524 622 1070
          524 1028 622
          524 1070 1028
          1177 1382 1247
          1247 1382 1339
          1177 1247 1339
          568 1204 1408
          568 1408 1385
          568 1385 1204
          130 461 1306
          461 1438 1306
          130 1306 1438
          103 1512 1803
          103 1803 815
          103 815 1512
          558 651 595
          558 595 821
          558 821 651
          3 481 1657
          481 984 1657
          3 984 481
          1037 1479 1240
          1240 1479 1596
          402 794 1091
          794 1515 1091
          749 1128 965
          965 1128 1160
          749 965 1160
          925 1405 1678
          84 1678 1405
          84 925 1678
          142 910 1695
          700 1695 910
          85 1686 441
          85 1425 1686
          1354 1795 1550
          33 706 492
          33 492 1798
          785 1425 1201
          785 1201 1780
          1201 1425 1780
          593 1428 796
          593 796 1106
          796 1428 1106
          96 1365 1641
          275 1624 771
          275 1330 1624
          771 1624 1330
          275 771 1330
          122 329 673
          122 1392 329
          329 1392 673
          304 1702 1318
          304 1318 766
          304 766 1702
          127 1652 721
          721 1652 1568
          174 1342 1546
          174 1546 1893
          174 1893 1342
          1342 1893 1546
          792 1906 1872
          792 1872 1386
          264 805 894
          320 721 859
          721 1721 859
          320 859 1721
          320 1721 721
          474 1723 1253
          1214 1275 1459
          374 1459 1275
          374 1275 1214
          1221 1264 1494
          1221 1433 1264
          1264 1433 1494
          1221 1494 1433
          1169 1343 1254
          810 1455 1256
          810 1256 1365
          239 791 1279
          239 924 791
          239 1279 924
          892 1642 1615
          603 1287 1904
          603 1904 1730
          603 1730 1287
          1287 1730 1904
          143 1528 326
          143 326 1773
          1231 1860 1932
          1231 1295 1860
          1295 1932 1860
          830 1408 1616
          684 1408 830
          171 871 1499
          171 1499 1211
          1193 1750 1953
          1193 1953 1608
          1193 1608 1750
          1190 1900 1633
          1190 1633 1343
          1204 1387 1607
          1204 1607 1789
          1204 1789 1387
          1387 1789 1607
          57 834 451
          451 834 1765
          57 451 1765
          121 1368 279
          121 996 1368
          279 1368 996
          1184 1468 1557
          1260 1557 1468
          767 1394 1251
          1404 1767 1491
          208 1404 1491
          208 1767 1404
          208 1491 1767
          1210 1749 1731
          1210 1731 1641
          1210 1641 1749
          305 1647 832
          305 1865 1647
          1025 1252 1787
          1025 1787 1357
          1252 1357 1787
          67 740 1307
          67 389 740
          389 1307 740
          160 1340 1920
          160 1920 1096
          1096 1920 1340
          818 1391 1218
          1218 1391 1617
          71 390 1284
          71 892 390
          390 892 1284
          550 1408 1609
          550 1609 651
          717 1937 1655
          535 717 1655
          159 1296 245
          159 781 1296
          245 1296 781
          159 245 781
          1191 1629 1266
          1191 1266 1728
          1191 1728 1629
          1266 1629 1728
          1028 1070 1257
          4 732 1420
          732 1131 1420
          4 1420 1131
          4 1131 732
          13 1420 732
          13 1131 1420
          13 732 1131
          557 629 1387
          557 1066 629
          557 1387 1066
          1181 1301 1391
          1232 1547 1425
          1232 1425 1823
          1425 1547 1823
          85 1425 1201
          85 1201 1686
          84 747 1094
          84 1678 747
          84 1094 1678
          474 1411 1253
          27 254 1019
          27 1019 1305
          27 1305 254
          19 1842 1796
          72 508 1710
          508 1096 1710
          72 1096 508
          180 813 404
          180 1883 813
          180 404 1883
          19 458 1796
          19 1636 458
          19 1796 1636
          299 845 1586
          845 1677 1586
          240 951 703
          703 951 1308
          240 703 1308
          1245 1333 1700
          1171 1700 1333
          549 1262 1467
          549 1467 1709
          549 1709 1262
          1262 1709 1467
          1261 1777 1728
          960 1728 1777
          754 1502 1370
          256 1502 754
          256 1370 1502
          256 754 1370
          915 1741 1463
          915 1004 1741
          1217 1842 1353
          1217 1357 1842
          1353 1842 1357
          1217 1353 1357
          555 918 1289
          555 1289 1457
          1356 1900 1633
          1190 1900 1356
          90 287 1884
          287 323 1884
          90 1884 323
          1191 1810 1632
          1191 1940 1810
          1632 1810 1940
          1191 1632 1940
          76 1488 1337
          1195 1374 1794
          151 777 1071
          777 1861 1071
          1180 1314 1500
          1180 1500 1344
          154 1518 1729
          1231 1729 1518
          154 1729 1231
          154 1231 1518
          641 1830 1668
          551 641 1668
          551 1830 641
          248 1412 334
          248 334 827
          293 360 1436
          108 1436 360
          108 293 1436
          108 360 293
          233 377 396
          233 396 980
          1142 1813 1550
          295 1813 1142
          295 1142 1550
          428 1606 742
          136 428 742
          136 1606 428
          136 742 1606
          164 1426 1869
          164 1279 1426
          1279 1869 1426
          164 1869 1279
          1018 1484 1401
          1018 1689 1484
          1187 1474 1535
          1187 1535 1410
          1187 1410 1474
          1410 1535 1474
          228 1094 1907
          228 1907 1349
          1094 1349 1907
          637 1458 1834
          637 1645 1458
          721 1747 1721
          721 1378 1747
          296 1295 1614
          296 1489 1295
          1295 1489 1614
          1140 1643 1403
          1258 1836 1392
          1285 1392 1836
          70 1502 1285
          282 1285 1836
          1325 1395 1898
          332 1325 1395
          332 1898 1325
          20 1030 1496
          20 953 1030
          953 1496 1030
          20 1496 953
          163 1552 1317
          163 1194 1552
          163 1317 1194
          23 1552 763
          23 763 976
          1594 1936 1616
          1111 1616 1936
          717 1937 1403
          534 1937 717
          614 1936 1594
          583 1936 614
          1178 1733 1273
          1178 1273 1197
          1178 1197 1733
          1197 1273 1733
          194 347 764
          347 1748 764
          1189 1470 1416
          1373 1416 1470
          238 1125 786
          238 786 832
          1365 1641 1445
          865 1641 1365
          865 1365 1445
          96 865 1641
          590 1446 1265
          590 1016 1446
          115 764 851
          418 851 764
          193 399 1057
          193 687 399
          399 687 1057
          912 1878 948
          671 948 1878
          671 1878 912
          141 1311 1295
          1295 1311 1489
          141 1295 1489
          1028 1257 1645
          1028 1645 1810
          79 768 1878
          768 1685 1878
          79 1685 768
          38 749 1160
          38 1160 383
          264 930 894
          611 1864 1268
          611 883 1864
          968 1869 1466
          1466 1869 1595
          968 1466 1595
          968 1595 1869
          342 783 447
          149 447 783
          149 783 342
          131 447 342
          131 783 447
          131 342 783
          634 1303 1675
          1177 1339 1902
          1177 1902 1286
          1177 1286 1339
          1184 1366 1807
          1184 1807 1315
          1184 1315 1366
          1315 1807 1366
          1224 1704 1451
          772 1224 1451
          772 1451 1704
          287 678 1884
          323 1884 678
          1328 1598 1847
          188 1847 1598
          594 1655 1520
          594 1520 1327
          553 647 1663
          647 1611 1663
          553 1611 647
          1249 1311 1738
          292 1738 1344
          799 1344 1738
          292 799 1738
          1344 1625 1738
          1283 1849 1394
          1181 1394 1849
          912 1878 1089
          912 1701 1878
          301 1794 1473
          301 785 1794
          301 1473 785
          52 442 332
          52 332 1395
          332 442 1395
          895 1518 1729
          154 1518 895
          32 417 1006
          32 1775 417
          32 1006 1775
          181 913 1418
          181 1342 913
          181 1418 1342
          1231 1860 1526
          1526 1860 1932
          1312 1601 1760
          1427 1760 1601
          240 1377 761
          501 761 1377
          240 761 501
          240 501 1377
          245 1296 410
          245 1507 1296
          410 1296 1507
          245 410 1507
          1077 1691 1482
          1482 1691 1664
          1077 1482 1664
          1177 1517 1339
          51 1630 1590
          1590 1630 1916
          51 1916 1630
          439 744 832
          205 439 832
          604 1408 821
          604 821 1866
          821 1408 1866
          117 853 1654
          117 1654 1486
          117 1486 853
          1311 1738 1674
          1311 1674 1344
          1344 1674 1738
          78 1674 1311
          78 1738 1674
          362 1822 1212
          105 1212 1822
          105 1822 362
          258 745 1071
          70 256 754
          70 754 905
          70 905 256
          256 905 754
          1416 1702 1589
          304 1702 806
          304 806 1508
          635 1917 1118
          635 1118 1960
          1118 1917 1960
          522 613 1287
          522 1287 1567
          522 1567 613
          613 1567 1287
          1287 1567 1538
          1247 1567 1287
          1247 1538 1567
          613 1538 1287
          1031 1960 1339
          304 1189 1318
          1189 1702 1318
          210 1138 467
          1059 1385 1599
          1385 1740 1599
          1059 1740 1385
          1389 1483 1400
          336 1389 1400
          336 1400 1483
          517 693 612
          122 1642 1392
          1349 1398 1907
          228 1907 1398
          228 1398 1349
          61 769 1133
          249 1920 1340
          249 1096 1920
          258 469 1861
          144 469 258
          319 488 1652
          319 1743 488
          979 1477 1591
          979 1208 1477
          1208 1591 1477
          257 981 762
          257 762 1371
          140 429 1043
          429 1577 1043
          123 1921 1324
          801 1588 1734
          566 1588 801
          194 764 895
          37 1278 952
          37 952 1121
          1453 1909 1824
          1227 1909 1453
          1179 1240 1334
          1179 1334 1404
          1179 1404 1240
          1240 1404 1334
          568 640 801
          1201 1690 1686
          486 1690 1201
          109 1377 719
          109 1544 1377
          719 1377 1544
          109 719 1544
          69 1350 745
          69 745 860
          210 812 1534
          812 1534 1138
          335 1800 1732
          335 1426 1800
          138 1260 1445
          138 361 1260
          138 1445 361
          1189 1416 1702
          1189 1589 1416
          264 958 1110
          264 1110 417
          772 1351 1451
          779 936 1941
          149 779 1941
          39 1372 769
          214 1267 1331
          214 1331 1765
          214 1765 1267
          1267 1765 1331
          519 862 720
          519 1571 862
          519 720 1571
          1186 1503 1601
          1415 1580 1792
          1322 1415 1792
          1322 1792 1580
          167 1597 462
          167 403 1597
          167 462 403
          1186 1570 1928
          1186 1928 1503
          650 1708 1117
          580 650 1117
          580 1708 650
          580 1117 1708
          561 618 1266
          561 658 618
          1052 1498 1750
          918 1750 1498
          918 1498 1052
          168 1461 800
          507 800 1461
          168 800 507
          608 1262 611
          549 608 611
          1180 1614 1295
          1180 1295 1489
          511 1085 1267
          12 1085 511
          12 511 1267
          255 1324 337
          255 1791 1324
          255 337 1791
          627 1902 1769
          556 1902 627
          571 659 919
          1236 1320 1699
          1320 1943 1699
          1245 1756 1407
          1407 1756 1439
          1245 1407 1439
          1245 1439 1756
          1220 1634 1323
          1220 1803 1634
          1220 1323 1803
          700 1379 1948
          1379 1502 1948
          700 1502 1379
          1192 1758 1493
          1493 1758 1532
          1192 1532 1758
          209 1343 1536
          1172 1221 1494
          1221 1399 1494
          1172 1494 1399
          1172 1399 1221
          920 1140 1320
          574 1140 920
          102 1471 452
          576 1862 991
          576 991 1059
          991 1862 1059
          542 1498 1288
          542 866 1498
          866 1288 1498
          340 1237 1376
          340 1305 1237
          1198 1816 1242
          1198 1409 1816
          41 1356 1124
          41 1124 1090
          41 1090 1356
          1090 1124 1356
          46 340 1376
          46 1723 340
          46 1376 1723
          46 1587 340
          254 1305 340
          173 1352 1103
          435 1103 1352
          173 435 1352
          574 1388 1643
          574 1320 1388
          412 1583 1729
          412 895 1583
          895 1729 1583
          307 1958 1072
          307 1072 1400
          307 1400 1958
          1072 1958 1400
          154 1526 1231
          1231 1526 1729
          116 1039 512
          512 1039 1677
          116 512 1677
          116 1677 1039
          969 1574 1195
          969 1540 1574
          1195 1574 1540
          969 1195 1540
          197 1880 494
          197 494 675
          366 1788 1453
          366 1453 1824
          197 1633 494
          182 514 1679
          514 773 1679
          406 992 1653
          406 1489 992
          726 992 1653
          406 726 1653
          406 992 726
          161 1405 1349
          161 1384 1405
          161 1349 1384
          1028 1257 1458
          1257 1645 1458
          1028 1458 1645
          860 1851 1635
          69 860 1635
          69 1635 1851
          815 1713 1596
          259 1713 815
          123 1499 837
          123 837 390
          123 390 1499
          390 837 1499
          784 1550 1347
          784 1347 1795
          1357 1787 1842
          1353 1787 1357
          987 1326 1078
          289 1326 987
          1214 1487 1434
          282 907 1285
          282 1285 1889
          282 1889 907
          907 1889 1285
          181 1374 1342
          181 816 1374
          816 1342 1374
          181 1342 816
          1234 1641 1692
          298 1234 1692
          1215 1628 1795
          1250 1795 1628
          1215 1250 1628
          1326 1366 1891
          1326 1528 1366
          1326 1891 1528
          216 1272 954
          216 1006 1272
          954 1272 1006
          216 954 1006
          201 475 728
          201 728 1656
          1178 1428 1608
          1428 1953 1608
          1178 1608 1953
          234 1931 700
          234 700 1695
          700 1931 1695
          1008 1727 1788
          366 1727 1008
          505 1279 924
          239 505 924
          1202 1764 1766
          1764 1818 1766
          521 1369 616
          521 616 597
          173 428 933
          173 933 1705
          173 1705 428
          320 721 1622
          1179 1299 1440
          1179 1440 1334
          1299 1334 1440
          681 1678 1069
          190 1069 1678
          489 1421 1547
          1302 1547 1421
          671 1878 699
          215 699 1878
          215 1878 671
          249 1340 1230
          1230 1340 1710
          620 1361 676
          562 620 676
          562 676 1361
          1303 1482 1549
          1303 1549 1664
          1303 1664 1482
          1482 1664 1549
          269 1448 453
          269 453 811
          453 1448 811
          1220 1776 1323
          327 1119 1021
          1429 1878 1526
          224 1513 1216
          886 1216 1513
          224 886 1513
          77 1860 1583
          77 1583 1231
          432 707 1135
          113 707 432
          113 1135 707
          689 1136 1910
          75 1136 689
          75 1910 1136
          1613 1738 1625
          1249 1613 1625
          1249 1738 1613
          1249 1625 1738
          1213 1360 1557
          1176 1213 1557
          1176 1360 1213
          1176 1557 1360
          1328 1488 1598
          311 1484 512
          311 1018 1484
          512 1484 1018
          344 1404 1737
          1404 1563 1737
          344 1737 1563
          344 1563 1404
          231 391 1136
          231 1136 1910
          231 1910 391
          482 1305 1856
          452 747 1384
          170 747 452
          170 1384 747
          170 452 1384
          181 1374 913
          913 1374 1342
          817 1415 1580
          93 1534 869
          93 1504 1534
          133 845 1484
          133 1689 845
          845 1401 1586
          622 1457 1257
          622 1810 1457
          116 1586 1440
          632 1364 1402
          1183 1402 1364
          1183 1364 1304
          248 995 486
          248 1690 995
          486 995 1690
          248 486 1690
          1360 1634 1610
          1360 1610 1873
          740 1947 1793
          740 1149 1947
          740 1793 1149
          588 1287 1730
          588 1730 1782
          1287 1782 1730
          515 1304 641
          515 641 867
          272 1583 1122
          272 412 1583
          412 1122 1583
          180 939 813
          813 939 1433
          180 813 1433
          180 1433 939
          530 1659 882
          882 1659 1270
          645 1023 1567
          645 1567 1282
          1228 1959 1679
          1228 1846 1959
          1228 1679 1846
          1319 1570 1657
          1186 1657 1570
          118 1126 436
          436 1126 1069
          372 466 1441
          466 735 1441
          474 1253 1375
          474 1375 1148
          1217 1381 1724
          1336 1724 1381
          1183 1327 1364
          1183 1402 1327
          1327 1402 1364
          632 1364 1327
          133 453 299
          133 299 845
          133 845 453
          20 1336 1496
          949 1496 1336
          515 867 592
          1212 1822 1421
          105 1421 1822
          246 1923 448
          448 1923 683
          246 683 1923
          579 1849 1283
          579 1283 776
          579 776 1849
          776 1283 1849
          1187 1294 1400
          1294 1483 1400
          1187 1400 1483
          528 591 844
          591 1387 844
          760 1338 966
          760 1322 1338
          38 1371 381
          38 381 762
          14 778 353
          1327 1696 1402
          1183 1402 1696
          1183 1696 1327
          52 381 442
          381 1525 442
          582 950 1629
          582 776 950
          776 1629 950
          582 1629 776
          82 966 760
          82 1338 966
          1202 1927 1764
          1202 1764 1293
          107 766 304
          123 1456 1499
          123 1499 871
          123 871 1456
          215 851 392
          392 851 699
          215 392 699
          215 699 851
          154 851 699
          418 699 851
          1011 1252 1025
          510 1011 1025
          510 1252 1011
          1005 1731 1641
          1005 1692 1731
          50 364 852
          364 662 852
          50 852 662
          1303 1781 1664
          1367 1450 1788
          1216 1788 1450
          1216 1367 1788
          1216 1450 1367
          1185 1330 1624
          1185 1372 1330
          1185 1624 1372
          1185 1330 1478
          1330 1624 1478
          1185 1478 1624
          25 368 1095
          368 1624 1095
          280 1885 1416
          1416 1885 1820
          280 1820 1885
          589 1155 1735
          589 1584 1155
          1155 1584 1735
          347 1593 764
          347 1748 1593
          976 1575 1552
          163 1575 976
          163 1552 1575
          62 389 431
          62 431 1537
          389 1537 431
          1329 1383 1590
          1203 1383 1329
          1203 1329 1590
          5 384 1561
          5 1561 510
          5 510 384
          384 510 1561
          416 1815 1210
          416 1210 1731
          416 1731 1815
          789 1598 941
          188 789 941
          188 1598 789
          731 1718 1378
          99 1790 752
          752 1790 1152
          99 752 1152
          703 951 1718
          703 1718 1308
          240 1718 1378
          201 728 1460
          169 1209 1441
          811 1441 1209
          169 811 1209
          1 1560 1238
          1238 1560 1524
          1 1524 1560
          1105 1251 1741
          1004 1105 1741
          578 1105 1741
          578 1004 1105
          578 1741 1004
          634 915 1741
          560 915 634
          164 1869 445
          445 1869 1279
          164 445 1279
          244 1469 472
          306 1416 1885
          306 1885 1820
          73 1791 1205
          1205 1791 1847
          1178 1733 1467
          1273 1467 1733
          1178 1467 1273
          1183 1549 1293
          1178 1268 1733
          1197 1733 1268
          1178 1268 1467
          1268 1733 1467
          365 1915 1682
          1431 1682 1915
          365 1682 1431
          365 1431 1915
          179 1249 1087
          179 1087 406
          185 1393 328
          185 328 1816
          185 1816 1393
          190 1405 1678
          813 1433 1494
          813 1883 1433
          1433 1883 1494
          1180 1344 1311
          1180 1674 1344
          1180 1311 1674
          1223 1557 1260
          1223 1260 1807
          233 396 1014
          233 1014 942
          233 942 396
          269 1848 1623
          269 1623 678
          678 1623 1848
          1178 1467 1282
          1273 1282 1467
          320 1622 933
          95 320 933
          95 933 1622
          1174 1524 1215
          1174 1215 1628
          1174 1628 1524
          1240 1563 1368
          344 1563 1240
          1210 1368 1563
          1210 1563 1455
          145 1306 1572
          145 1572 357
          202 688 1809
          202 1809 1327
          202 1327 688
          688 1327 1809
          470 872 1647
          166 1647 872
          166 872 470
          1266 1517 1960
          1266 1960 1339
          1266 1339 1517
          1339 1960 1517
          1180 1393 1613
          1198 1613 1393
          1180 1198 1393
          440 701 1798
          701 1556 1798
          440 1556 701
          191 1114 662
          191 662 1532
          191 1532 1114
          662 1114 1532
          156 666 692
          666 1274 692
          156 692 1274
          156 1274 666
          174 1431 489
          174 489 498
          174 498 1431
          1205 1224 1681
          1205 1451 1224
          1224 1451 1681
          91 1820 1416
          91 855 1820
          113 707 1808
          113 1808 1662
          113 1662 707
          707 1662 1808
          70 1502 905
          189 826 399
          399 826 1580
          189 1580 826
          32 264 963
          32 327 264
          32 963 327
          480 1417 1952
          480 719 1417
          719 1952 1417
          480 1952 719
          1266 1627 1382
          538 1382 1627
          551 1413 1304
          551 1304 1846
          1304 1413 1846
          1172 1264 1221
          1172 1680 1264
          1221 1264 1680
          1172 1221 1680
          217 1099 352
          215 671 987
          1184 1468 1511
          1184 1511 1256
          1184 1256 1468
          1256 1511 1468
          364 1532 1954
          364 981 1532
          981 1954 1532
          1350 1351 1697
          1224 1351 1350
          522 613 603
          249 1644 438
          438 1644 1710
          249 438 1710
          415 1568 1462
          172 1462 1568
          172 1568 415
          160 390 837
          160 837 1340
          160 1340 390
          390 1340 837
          1167 1215 1346
          1167 1346 1628
          280 1318 1470
          280 1189 1318
          280 1470 1189
          609 1004 1283
          609 1283 1463
          609 1463 1004
          635 1034 1118
          635 1917 1034
          262 1250 953
          262 953 1332
          953 1250 1332
          592 1937 1364
          881 1271 1627
          586 1627 1271
          40 1354 929
          40 1332 1354
          401 787 1291
          401 1291 1585
          1174 1238 1560
          1174 1329 1238
          1238 1329 1560
          1174 1560 1329
          1372 1461 1442
          1372 1442 1478
          1372 1478 1461
          1442 1461 1478
          197 675 956
          870 1461 1278
          870 1478 1461
          1278 1461 1478
          161 1405 1804
          161 1804 1349
          1349 1804 1405
          38 1128 1160
          38 965 1128
          38 1160 965
          423 1418 1486
          423 1486 1853
          232 393 1439
          232 1073 393
          1182 1490 1573
          250 1930 1093
          250 1093 1634
          1093 1930 1634
          284 996 1688
          996 1772 1688
          284 1688 1772
          284 1772 996
          384 1399 1017
          21 384 1017
          627 1558 1683
          627 1902 1558
          1558 1902 1683
          627 1683 1902
          165 1541 1124
          1124 1541 1255
          625 1655 1520
          594 1655 625
          594 625 1520
          1173 1227 1453
          1227 1604 1453
          181 780 1418
          181 913 780
          566 1107 1786
          1107 1548 1786
          566 1548 1107
          622 1904 1271
          544 1904 622
          544 1271 1904
          544 622 1271
          338 1618 1029
          338 1685 1618
          338 1029 1685
          1333 1406 1575
          506 1333 1575
          506 1406 1333
          506 1575 1406
          1173 1263 1300
          1173 1300 1375
          277 1535 1474
          793 1474 1535
          277 1474 793
          277 793 1535
          224 861 1216
          224 1513 861
          246 683 1922
          683 1923 1922
          246 1922 1923
          348 1424 1560
          998 1560 1424
          653 1081 1514
          567 1081 653
          1386 1811 1906
          1307 1386 1906
          126 1528 993
          126 370 1528
          126 993 370
          324 1812 1221
          1221 1812 1556
          324 1556 1812
          136 428 1003
          136 1003 362
          1173 1375 1216
          1173 1216 1513
          298 994 865
          298 1641 994
          865 994 1641
          139 1302 1195
          754 1490 1022
          256 1490 754
          256 754 1022
          224 1513 1047
          224 1145 1513
          224 1047 1145
          55 1696 1362
          55 1293 1696
          1198 1393 1242
          1198 1816 1393
          621 1517 1339
          621 1339 1960
          621 1960 1517
          1228 1304 1402
          1228 1927 1304
          1228 1402 1927
          434 1337 838
          144 838 1337
          144 434 838
          36 1411 1056
          36 1056 474
          36 474 1411
          474 1056 1411
          155 1396 1135
          155 1896 1396
          579 1086 1283
          767 1283 1086
          579 767 1086
          264 958 963
          958 1119 963
          174 365 489
          365 1431 489
          653 1514 1321
          185 1676 838
          838 1676 1816
          185 838 1816
          185 1816 1676
          890 1245 1591
          129 1486 1546
          129 1546 1853
          754 1370 1022
          754 1490 1370
          1022 1370 1490
          167 378 814
          167 1298 378
          609 1086 767
          59 1121 1130
          373 1130 1121
          91 1112 850
          343 850 1112
          91 850 343
          91 343 1112
          547 1607 617
          547 617 849
          1174 1354 1665
          1354 1383 1665
          15 1842 1357
          15 1787 1842
          15 1357 1787
          40 729 1354
          466 1941 936
          98 466 936
          98 1941 466
          98 1941 372
          1238 1628 1636
          1238 1636 1472
          1167 1292 1636
          1167 1472 1292
          1292 1636 1353
          1264 1294 1427
          1294 1958 1427
          1264 1427 1958
          1219 1401 1677
          111 1952 480
          236 1952 1417
          236 1417 719
          236 719 1952
          889 1440 1838
          889 1838 1374
          889 1374 1440
          213 1332 953
          953 1332 1631
          99 1152 341
          341 1152 1341
          99 341 1341
          16 1636 1472
          346 1001 443
          150 1001 346
          150 346 443
          146 1572 343
          146 343 1044
          39 1756 1444
          958 1444 1756
          460 1544 1725
          236 1544 460
          236 1725 1544
          117 501 968
          117 1102 501
          117 968 1102
          937 1321 1514
          937 1514 1423
          937 1423 1321
          361 865 1445
          138 865 361
          1211 1230 1573
          1170 1211 1573
          1170 1573 1230
          1179 1234 1210
          1179 1390 1234
          159 1296 410
          159 410 245
          1204 1609 1866
          528 1866 1609
          528 1204 1866
          203 1312 1196
          203 1196 1760
          1196 1312 1760
          273 1493 1532
          1114 1532 1493
          273 1532 1114
          842 1864 1268
          611 1864 842
          295 1215 1795
          295 1665 1215
          1250 1543 1795
          1032 1543 1250
          597 1814 1236
          1110 1444 1272
          417 1272 1444
          953 1837 1582
          672 953 1582
          672 1837 953
          672 1582 1837
          235 1243 1533
          806 1533 1243
          235 1533 806
          179 685 1087
          685 1249 1087
          237 506 983
          237 1333 506
          506 1333 983
          1169 1376 1207
          1207 1376 1506
          49 257 1380
          49 981 257
          35 740 1947
          35 1793 740
          1227 1432 1307
          1227 1307 1947
          48 417 1110
          48 1110 1449
          48 1449 417
          1186 1465 1928
          1186 1570 1465
          1250 1913 1543
          1250 1543 1778
          1543 1913 1778
          358 1785 935
          935 1785 1422
          561 1266 878
          878 1266 1960
          1373 1416 1820
          425 1029 1500
          75 425 1500
          75 1029 425
          66 1119 930
          66 930 1916
          691 1334 1299
          320 1622 822
          822 1622 933
          320 822 933
          692 1274 1801
          152 1685 1344
          1314 1344 1685
          601 1261 755
          552 601 755
          203 1312 1561
          203 1561 1196
          1196 1561 1312
          420 1760 1761
          476 1307 1453
          476 1453 1898
          1194 1509 1757
          1194 1552 1509
          1194 1757 1552
          130 343 1112
          130 1112 1572
          343 1572 1112
          26 1939 1516
          26 1516 1208
          263 704 809
          263 809 1373
          246 874 1438
          246 1438 683
          1302 1547 1759
          1302 1823 1547
          124 292 685
          124 904 292
          292 904 685
          640 1059 1385
          640 1385 1862
          270 1065 1630
          1065 1203 1630
          270 1630 1203
          270 1203 1065
          22 1275 1475
          22 1475 927
          22 927 1275
          927 1475 1275
          1015 1129 1594
          583 1129 1015
          583 1015 1594
          570 911 867
          520 906 773
          680 1306 1438
          1166 1438 1306
          680 1166 1306
          262 953 929
          929 953 1332
          616 1369 909
          725 749 965
          38 965 749
          38 725 965
          215 392 1878
          139 1302 1759
          1229 1347 1346
          1167 1346 1347
          207 423 853
          207 1101 423
          207 853 1101
          982 1842 1357
          15 982 1357
          15 1842 982
          1203 1424 1329
          1269 1329 1424
          1203 1269 1424
          412 687 1122
          194 1122 687
          180 1883 1433
          403 1207 1411
          403 1723 1207
          1213 1479 1360
          1176 1360 1479
          229 990 1256
          810 1256 990
          229 810 990
          67 1307 476
          67 476 1783
          588 999 1287
          588 857 999
          1039 1677 1867
          1219 1867 1677
          1039 1867 1219
          427 885 1939
          427 1939 1707
          427 1707 885
          885 1707 1939
          1353 1796 1636
          19 1796 1353
          213 1631 1007
          213 1007 729
          729 1007 1631
          147 912 392
          392 912 1878
          147 1878 912
          332 442 1525
          1330 1912 1478
          1330 1624 1912
          1478 1912 1624
          1238 1329 1524
          1329 1560 1524
          198 1421 485
          485 1421 835
          198 485 835
          1257 1632 1447
          916 1257 1447
          916 1632 1257
          1347 1795 1543
          498 828 1374
          97 828 498
          97 1374 828
          97 498 1374
          485 1421 1547
          835 1547 1421
          485 1547 835
          34 823 490
          34 1343 823
          34 490 1343
          1220 1634 1360
          1323 1360 1634
          1220 1360 1323
          113 1808 436
          436 1808 1662
          84 925 1308
          84 1308 1933
          84 1933 925
          925 1933 1308
          1033 1550 1795
          295 1550 1033
          1033 1354 1795
          1033 1354 1665
          1353 1842 1796
          431 1146 1537
          220 431 1537
          220 1146 431
          220 1537 1146
          547 1789 1607
          547 1387 1789
          347 1593 1248
          347 1248 1501
          347 1501 1593
          323 1352 1654
          323 1654 1418
          1352 1418 1654
          236 746 1544
          236 305 746
          463 944 1290
          59 944 463
          142 281 1460
          234 1695 1020
          234 1020 408
          408 1020 1695
          208 1152 1491
          928 1491 1152
          208 1491 928
          208 928 1152
          1169 1450 1216
          227 444 763
          859 951 1721
          137 951 859
          237 848 1673
          1205 1801 1274
          1205 1274 1871
          774 1340 891
          160 891 1340
          160 774 891
          458 709 1636
          19 709 458
          1195 1232 1823
          1310 1625 1910
          904 1910 1625
          904 1310 1910
          1187 1535 1637
          1410 1637 1535
          121 985 1132
          121 1455 985
          1245 1333 1407
          1333 1700 1407
          51 1021 1916
          51 1916 943
          1199 1934 1296
          1199 1296 1646
          1199 1646 1934
          1296 1934 1646
          147 1089 912
          565 1226 973
          565 973 657
          565 657 1226
          657 973 1226
          1553 1801 1791
          337 1553 1791
          337 1791 1801
          105 1302 1421
          105 1431 1302
          845 1243 1401
          1571 1764 1691
          519 1571 1691
          519 1691 1764
          703 1678 747
          84 703 747
          1106 1428 1608
          631 676 1599
          562 676 631
          562 631 1599
          1304 1846 1927
          1228 1846 1304
          1228 1927 1846
          1413 1927 1846
          1413 1764 1927
          1764 1846 1927
          1413 1846 1764
          1191 1271 1539
          1191 1810 1271
          1271 1810 1539
          1191 1539 1810
          91 1373 809
          91 850 1373
          28 1130 373
          28 373 1406
          1228 1571 1679
          862 1228 1679
          862 1571 1228
          862 1679 1571
          182 656 1402
          328 770 1309
          328 1309 971
          328 971 770
          20 953 1332
          20 1837 953
          953 1837 1332
          20 1332 1837
          1257 1632 1940
          368 1133 1095
          195 1095 1133
          195 368 1095
          195 1133 368
          1258 1948 1836
          719 1544 1417
          236 1417 1544
          236 1544 719
          697 1524 1346
          1171 1356 1621
          1171 1290 1356
          1290 1621 1356
          1171 1621 1290
          481 829 1657
          65 829 481
          65 1657 829
          65 481 1657
          366 1453 1909
          366 1909 1824
          67 1453 1909
          67 476 1453
          476 1909 1453
          67 1909 476
          1305 1530 1536
          27 1536 1530
          396 1014 1839
          396 1839 454
          454 1839 1014
          791 1101 1426
          129 1101 791
          129 1426 1101
          228 1396 1349
          228 1398 1396
          1169 1254 1703
          1254 1367 1703
          1180 1934 1309
          1296 1309 1934
          1238 1381 1796
          1217 1238 1796
          1217 1381 1238
          1217 1796 1381
          275 771 1110
          275 1110 1330
          523 955 878
          878 955 1517
          523 878 1517
          48 885 427
          48 427 1449
          427 885 1449
          373 1121 952
          373 952 1694
          373 1694 1121
          70 1948 1379
          70 1379 1502
          1168 1251 1576
          1168 1576 1303
          680 1306 1454
          1306 1438 1454
          333 1366 430
          83 333 430
          178 1480 759
          178 377 1480
          377 759 1480
          178 759 377
          95 933 428
          95 428 449
          249 1920 1230
          1230 1920 1340
          361 1260 430
          361 1137 1260
          361 430 1137
          427 1208 979
          427 979 1449
          427 1449 1208
          546 1482 1664
          1254 1280 1621
          1194 1280 1254
          1194 1254 1621
          590 1446 1832
          33 411 728
          33 728 938
          157 770 1802
          157 1951 770
          950 1283 1629
          776 1283 950
          776 1629 1283
          72 508 1340
          508 1276 1340
          72 1340 1276
          72 1276 508
          33 475 938
          33 728 475
          153 938 475
          578 1741 915
          578 915 1004
          219 1662 1770
          316 1770 1662
          219 1770 316
          259 1596 1037
          259 1925 1596
          262 711 1543
          262 1032 711
          262 1543 1032
          338 1685 768
          79 338 768
          109 1308 1579
          109 1377 1308
          6 1277 711
          6 711 409
          6 409 1277
          420 1760 1427
          420 1427 1761
          593 1428 1659
          593 1661 1428
          177 1579 759
          177 759 1648
          229 1511 1256
          338 1156 1618
          184 807 1083
          454 1083 807
          184 1083 454
          184 454 807
          528 844 932
          101 1792 826
          101 1688 1792
          826 1792 1688
          101 826 1688
          359 1674 879
          359 879 1522
          359 1522 1674
          879 1674 1522
          276 360 1670
          360 1335 1670
          4 1420 1472
          4 1472 1131
          36 474 254
          87 874 1158
          87 1158 683
          683 1158 874
          1325 1513 1859
          1263 1513 1325
          1263 1325 1859
          1255 1356 1578
          1356 1707 1578
          917 1545 1310
          917 1310 1200
          528 932 1204
          932 1387 1204
          247 786 1718
          247 1875 786
          439 1069 1126
          753 1090 1900
          753 1356 1090
          1090 1356 1900
          753 1900 1356
          455 1378 1648
          1419 1546 1853
          129 1419 1853
          129 1546 1419
          1173 1300 1411
          1300 1375 1411
          1173 1411 1375
          325 1546 1853
          325 1419 1546
          325 1853 1419
          1355 1591 1879
          376 1439 1852
          24 1439 376
          24 1852 1439
          24 376 1852
          1295 1614 1542
          128 441 1547
          128 330 441
          330 1547 441
          912 948 1701
          251 1701 948
          27 694 1667
          27 1667 824
          694 824 1667
          1208 1255 1330
          1255 1707 1330
          1208 1330 1707
          280 1416 1189
          1380 1532 1745
          1358 1399 1843
          1399 1944 1843
          1358 1944 1399
          48 427 931
          48 931 1449
          427 1449 931
          1435 1632 1645
          1458 1645 1632
          1435 1645 1458
          1435 1458 1632
          178 377 980
          178 980 713
          178 759 980
          507 952 1694
          183 1694 952
          183 952 507
          1427 1492 1601
          1427 1760 1492
          1 802 350
          350 802 1329
          65 1570 1319
          96 865 994
          1188 1342 1418
          1188 1825 1342
          198 362 485
          198 485 1822
          185 328 1676
          328 1816 1676
          315 961 351
          315 1620 961
          1284 1460 1642
          523 601 638
          523 638 960
          523 960 601
          601 960 638
          1174 1269 1214
          1203 1214 1269
          1192 1371 1263
          1192 1811 1371
          1263 1371 1811
          636 1002 1271
          586 1002 636
          303 1357 1025
          15 1025 1357
          15 303 1025
          15 1357 303
          587 918 1052
          587 1289 918
          918 1289 1052
          587 1052 1289
          962 1289 1052
          526 962 1052
          587 962 1289
          587 1052 962
          114 1865 786
          1217 1796 1353
          616 1423 973
          616 973 1226
          575 1715 1247
          575 1247 1917
          1046 1157 1858
          383 1046 1858
          383 1157 1046
          383 1858 1157
          628 1046 1157
          628 1157 1858
          112 439 1716
          324 1944 679
          679 1944 1113
          324 679 1113
          598 1632 916
          598 916 864
          1218 1741 1576
          801 1588 1554
          162 1534 509
          162 509 858
          509 1534 858
          1063 1501 1873
          286 1873 1501
          1223 1557 1360
          1176 1557 1223
          1176 1223 1360
          737 1571 1293
          638 960 1261
          335 501 968
          117 335 968
          117 501 335
          197 1356 1280
          197 1280 1082
          1082 1280 1356
          550 836 1609
          836 1789 1609
          550 1609 1789
          550 1789 836
          201 774 508
          201 1827 774
          508 774 1827
          201 508 1827
          208 496 928
          208 1404 496
          496 1404 928
          208 928 1404
          725 1157 1046
          383 725 1046
          54 1046 725
          54 725 1157
          618 1728 1266
          1266 1728 1529
          618 1266 1529
          618 1529 1728
          1179 1491 1404
          1179 1404 1219
          1219 1404 1491
          442 1525 1828
          332 442 1828
          902 1420 1746
          1346 1746 1420
          902 1746 1346
          201 1340 1827
          508 1827 1340
          201 508 1340
          393 1407 1439
          246 1922 1438
          246 680 1922
          617 1607 1548
          1361 1548 1607
          1400 1483 1474
          1187 1400 1474
          1187 1474 1483
          622 1028 1485
          622 1485 1810
          1028 1810 1485
          151 745 1697
          151 1697 1350
          745 1350 1697
          536 972 605
          536 676 972
          605 972 676
          536 605 676
          622 1271 1810
          622 1485 1271
          1271 1485 1810
          67 1307 1909
          1307 1453 1909
          67 1453 1307
          366 1453 476
          366 476 1909
          1371 1758 1386
          1192 1371 1386
          1192 1758 1371
          1192 1386 1758
          348 1035 1424
          18 348 1424
          18 1035 348
          18 1424 1035
          1270 1273 1659
          1270 1786 1273
          1270 1659 1786
          301 1473 1440
          301 1219 1473
          255 1205 1324
          255 1791 1205
          220 1386 1146
          220 1537 1386
          898 1317 1506
          898 1784 1317
          898 1506 1784
          1208 1477 1700
          1342 1825 1431
          105 1342 1431
          105 1431 1825
          1212 1825 1698
          1352 1698 1825
          1212 1698 1352
          425 1625 904
          1198 1910 1310
          1198 1310 1625
          306 766 1885
          306 1416 766
          93 1138 869
          869 1138 1534
          29 422 1758
          29 1493 422
          422 1493 1758
          1386 1758 1493
          1192 1386 1493
          1170 1451 1205
          1170 1205 1324
          1170 1324 1451
          1205 1451 1324
          915 1741 1874
          3 481 829
          529 1926 883
          529 1268 1926
          883 1926 1268
          1186 1252 1465
          1241 1465 1252
          199 1929 372
          199 1941 1929
          199 372 1941
          138 1137 1260
          138 361 1137
          910 1151 1931
          395 1151 910
          395 1931 1151
          395 910 1931
          873 1479 1892
          873 1240 1479
          1168 1369 1226
          1168 1226 1576
          172 365 1462
          172 782 365
          365 782 1462
          1174 1214 1332
          245 421 1551
          245 1646 421
          421 1646 1551
          245 1551 1646
          1172 1264 1494
          233 942 980
          30 1513 1859
          30 1047 1513
          171 1211 1585
          1221 1711 1264
          1221 1433 1711
          1170 1456 1291
          1291 1456 1585
          401 1291 1456
          401 1456 1585
          1174 1269 1381
          1269 1336 1381
          1174 1336 1269
          1283 1629 1708
          950 1708 1629
          4 1746 902
          4 1420 1746
          1196 1241 1561
          1196 1561 1252
          473 1509 1757
          473 1355 1509
          1355 1757 1509
          1239 1303 1482
          1239 1482 1549
          354 1039 1219
          354 1767 1039
          124 685 666
          124 666 1649
          666 685 1649
          800 1531 1461
          168 1531 800
          1239 1675 1303
          1168 1303 1675
          1168 1675 1239
          232 1272 1444
          232 1775 1272
          1272 1775 1444
          232 1444 1775
          354 1039 1867
          354 1867 1219
          153 1577 281
          1249 1653 1345
          1199 1345 1653
          1205 1324 1291
          1205 1871 1324
          1182 1502 1285
          1182 1285 1490
          1229 1829 1961
          1620 1961 1829
          1229 1961 1620
          1229 1620 1829
          1094 1405 1612
          84 1405 1094
          84 1094 1612
          1466 1595 1510
          220 1386 1206
          220 1206 1371
          220 1371 1386
          1206 1386 1371
          298 1005 994
          994 1005 1641
          328 1393 971
          971 1393 1309
          328 1309 1393
          292 904 1625
          148 349 493
          148 493 1574
          349 1574 493
          29 378 422
          123 1230 1499
          1230 1456 1499
          157 768 1314
          768 1802 1314
          546 1675 1303
          546 1303 1482
          546 1482 1675
          1303 1675 1482
          651 836 1609
          550 836 651
          141 1614 819
          141 819 1489
          1217 1796 1724
          1381 1724 1796
          176 706 1313
          176 492 706
          498 1431 1374
          498 1342 1431
          1342 1374 1431
          498 1374 1342
          16 348 458
          320 1721 1817
          320 1817 721
          1029 1344 1500
          838 1337 1816
          1337 1676 1816
          838 1676 1337
          178 812 759
          178 1480 812
          759 812 1480
          1252 1465 1353
          1167 1252 1353
          1193 1750 1567
          1193 1567 1443
          1193 1443 1750
          213 929 953
          55 1696 1012
          1012 1696 1362
          1261 1632 1728
          1632 1777 1728
          1261 1777 1632
          571 1874 818
          818 1874 1391
          73 1553 692
          73 692 1497
          897 1315 1223
          134 1315 897
          134 1223 1315
          1022 1370 1233
          1310 1409 1881
          1409 1545 1881
          282 964 1053
          282 1836 964
          964 1836 1053
          109 1544 1308
          86 354 1925
          86 1925 798
          86 798 354
          123 337 255
          123 1324 337
          64 376 1245
          64 1245 890
          64 890 376
          319 1064 445
          341 1491 1152
          341 928 1491
          341 1152 928
          225 1370 1437
          1233 1437 1370
          225 1233 1370
          1539 1627 1629
          881 1627 1539
          698 1781 1105
          518 1781 698
          518 698 1105
          1052 1443 1538
          1052 1750 1443
          1293 1696 1571
          737 1571 1696
          737 1696 1293
          363 457 1445
          606 1498 1750
          606 1750 1052
          606 1052 1498
          838 1337 1242
          838 1242 1816
          606 1288 1750
          1288 1498 1750
          606 1498 1288
          1189 1416 1318
          1211 1335 1626
          1211 1626 1585
          1335 1585 1626
          546 1675 634
          1271 1810 1904
          1518 1729 1768
          803 1729 1518
          803 1518 1768
          225 1697 468
          225 468 1233
          203 1561 1080
          578 1781 1303
          578 1741 1781
          1303 1781 1741
          1105 1781 1741
          1251 1741 1781
          578 1105 1781
          191 1745 1114
          1114 1745 1532
          1043 1370 1437
          225 1370 1043
          52 332 313
          313 332 1395
          52 313 1395
          771 1330 885
          48 771 885
          1189 1318 1508
          304 1508 1318
          486 1731 1390
          486 1359 1731
          416 1359 1731
          416 1731 486
          408 1151 1931
          408 910 1151
          8 408 1151
          8 1151 1931
          8 1931 408
          138 363 457
          1176 1323 1360
          1176 1634 1323
          1176 1360 1634
          900 1331 1556
          900 1313 1331
          1167 1357 1353
          1252 1353 1357
          62 431 1146
          1628 1913 1795
          1250 1913 1628
          1250 1795 1913
          301 1195 1440
          301 1473 1195
          1195 1473 1440
          1185 1461 1478
          1185 1278 1461
          139 1759 1547
          139 1547 1232
          727 1349 1845
          727 1555 1349
          1349 1555 1845
          585 856 1273
          585 1273 649
          585 649 856
          537 856 596
          537 596 1273
          537 1273 856
          596 856 1273
          483 1555 1061
          217 1061 1555
          537 596 624
          537 624 1273
          596 1273 624
          351 1142 1829
          351 1961 1142
          351 1829 1961
          133 1448 1515
          133 1515 811
          133 811 1448
          811 1515 1448
          1184 1248 1326
          1184 1315 1248
          1248 1315 1326
          1184 1326 1315
          1239 1675 1482
          1298 1811 1906
          1298 1906 1386
          1204 1609 1789
          550 1609 1204
          689 1393 1500
          689 1500 1816
          1393 1816 1500
          650 1463 1708
          650 1708 1283
          1283 1708 1463
          1266 1940 1728
          166 747 1010
          452 1010 747
          166 1010 452
          166 452 747
          1206 1525 1371
          1206 1371 1395
          88 1024 1776
          88 1323 1024
          145 875 357
          343 855 1572
          146 855 343
          146 1572 855
          123 337 1456
          337 401 1456
          123 1456 401
          123 401 337
          1469 1624 1478
          1469 1478 1912
          1275 1752 1475
          1275 1475 1590
          1275 1590 1752
          970 1366 1891
          230 443 1013
          230 1013 1001
          443 1001 1013
          125 1013 443
          125 1001 1013
          125 443 1001
          293 1436 1887
          1433 1798 1556
          1313 1433 1556
          1313 1556 1798
          701 1433 1798
          701 1556 1433
          440 701 1433
          440 1433 1798
          454 807 1014
          184 1014 807
          184 454 1014
          94 1014 454
          94 807 1014
          94 454 807
          94 331 454
          119 1454 704
          704 1454 1717
          119 704 1717
          119 1717 1454
          1040 1761 1427
          1040 1958 1761
          1427 1761 1958
          10 1761 1040
          1373 1454 1717
          490 1605 1343
          32 1775 264
          32 264 417
          1211 1573 1499
          1182 1499 1573
          908 1319 1267
          908 1267 1863
          1062 1315 1807
          386 1807 1315
          386 1062 1807
          694 1530 1290
          59 1530 694
          1168 1316 1369
          1225 1369 1316
          382 791 1101
          382 1101 1426
          41 1090 753
          252 1506 898
          252 898 424
          371 488 1652
          140 1370 754
          754 1370 1577
          140 754 1577
          367 1637 1313
          68 1313 1637
          68 1637 367
          6 1684 409
          6 409 1080
          174 828 1342
          174 1342 498
          174 498 828
          498 1342 828
          1244 1335 1626
          521 1316 1225
          521 1225 1369
          532 640 1740
          532 1740 1385
          640 1385 1740
          532 1740 1599
          532 1599 1385
          566 1107 882
          882 1107 1786
          279 1368 1479
          279 1479 1213
          646 1193 1297
          55 737 1696
          831 1696 1402
          831 1327 1696
          831 1402 1327
          928 1815 1359
          496 928 1359
          328 770 1951
          328 1951 1309
          124 1581 1274
          1178 1197 1270
          1178 1270 1265
          1178 1265 1197
          1 1329 1560
          257 1263 1371
          257 762 1263
          64 1272 1439
          64 232 1272
          232 1439 1272
          1212 1705 1698
          512 1401 1018
          752 1219 1767
          752 1790 1219
          1219 1790 1767
          752 1767 1790
          263 742 1606
          742 1470 1606
          263 1470 742
          536 620 1361
          536 676 620
          536 1361 676
          1259 1708 1283
          1259 1283 1629
          1259 1629 1708
          861 1216 926
          224 861 926
          418 1051 1326
          1051 1078 1326
          1187 1535 1313
          1313 1535 1637
          691 1440 1574
          1299 1574 1440
          691 1299 1440
          1258 1948 1695
          1258 1695 1836
          1695 1948 1836
          409 961 1620
          1202 1664 1348
          1168 1664 1202
          1168 1202 1348
          369 1116 695
          316 1116 369
          316 695 1116
          316 369 695
          219 695 1116
          219 316 695
          29 662 1114
          273 1114 662
          29 273 662
          7 1833 1292
          7 465 1833
          672 1631 1837
          672 1582 1631
          643 1236 1316
          1236 1369 1316
          197 956 1082
          197 1082 1516
          123 390 871
          390 1499 871
          54 381 1157
          1219 1767 1491
          1219 1404 1767
          355 661 1503
          13 661 355
          1169 1305 1343
          1169 1253 1305
          1257 1940 1271
          41 1255 1356
          41 1356 1578
          165 870 463
          463 870 1541
          22 1275 1752
          22 1752 1475
          633 1262 1706
          633 1414 1262
          1262 1414 1706
          633 1706 1414
          284 1322 966
          284 1511 1322
          284 966 1511
          233 759 455
          233 1648 759
          823 1633 1343
          34 1633 823
          34 1343 1633
          1196 1312 1601
          73 1497 726
          73 726 1345
          73 1345 1497
          726 1497 1345
          747 1678 1384
          1263 1859 1753
          1263 1753 1901
          1263 1901 1859
          63 1556 1074
          660 1074 1556
          63 1074 660
          63 660 1556
          36 1411 1300
          1056 1300 1411
          566 617 1107
          1199 1614 1296
          402 1209 1438
          402 1438 1840
          427 1208 1939
          427 1939 979
          489 1915 1431
          489 1682 1915
          489 1431 1682
          561 1031 635
          561 635 1960
          561 635 1118
          561 1118 1960
          66 1119 805
          575 722 1247
          575 1715 722
          722 1715 1247
          169 1441 466
          169 466 735
          1252 1561 1684
          854 1470 1957
          854 1957 1717
          1470 1717 1957
          1363 1470 1957
          854 1363 1957
          364 662 1532
          662 852 1532
          273 1532 364
          273 662 1532
          17 1036 677
          17 294 1036
          294 677 1036
          17 677 294
          1215 1665 1651
          274 1215 1651
          274 1651 1665
          323 1654 853
          215 392 912
          215 912 1878
          385 1024 1512
          1024 1803 1512
          175 1039 752
          175 752 1018
          752 1039 1018
          1230 1340 1644
          1340 1710 1644
          403 1207 1587
          46 403 1587
          621 955 1517
          621 1517 878
          621 878 955
          1236 1316 1413
          164 1279 791
          1458 1777 1632
          755 1458 1632
          755 1777 1458
          755 1632 1777
          396 1652 1839
          396 820 1652
          820 1839 1652
          396 1839 820
          162 1377 467
          162 467 1534
          42 503 277
          42 277 1042
          42 1042 503
          1342 1510 1825
          1188 1510 1342
          685 1738 1249
          711 1277 1778
          711 1778 1543
          1277 1543 1778
          16 458 709
          1208 1330 1272
          1208 1449 1330
          880 1438 1306
          1174 1238 1524
          1185 1330 1272
          1185 1208 1330
          1260 1323 1445
          1176 1323 1260
          438 1351 986
          438 986 1697
          438 1697 1351
          986 1351 1697
          1209 1454 1441
          1209 1441 1848
          1441 1454 1848
          1441 1848 1623
          269 1441 1623
          1683 1902 1769
          285 1044 788
          499 788 1044
          146 788 1044
          343 1044 788
          146 343 788
          343 499 788
          293 1635 860
          761 1894 1544
          84 761 1544
          84 1894 761
          184 396 1839
          337 1456 1324
          978 1394 1687
          934 1394 978
          934 1687 1394
          88 1785 457
          88 457 1234
          1259 1849 1708
          1181 1259 1708
          1112 1306 1454
          680 1306 1112
          174 505 1546
          174 1546 828
          174 828 505
          505 828 1546
          886 1605 1513
          738 1511 1338
          663 1338 1511
          73 692 726
          280 1318 1416
          1247 1567 1443
          1193 1567 1247
          1193 1247 1443
          1211 1230 1499
          1230 1573 1499
          96 990 810
          96 810 1365
          296 819 1614
          106 819 296
          106 1614 819
          106 296 1614
          778 1779 1048
          778 1048 1492
          778 1492 1779
          1441 1454 1623
          600 1482 1293
          600 1293 797
          797 1293 1482
          320 1721 1102
          320 1102 1817
          1168 1239 1388
          1168 1388 1320
          202 628 688
          202 1327 628
          628 1327 688
          617 972 1361
          566 1361 972
          566 972 617
          189 1322 1057
          760 1057 1322
          189 1057 760
          789 1598 1345
          941 1345 1598
          284 826 966
          1190 1621 1280
          1280 1621 1356
          1217 1842 1778
          303 1778 1842
          303 1217 1778
          303 1842 1217
          1201 1690 1527
          1201 1527 1780
          1527 1690 1780
          707 1405 1808
          707 1808 1612
          1405 1612 1808
          31 442 1525
          31 1828 442
          554 1602 1762
          554 1762 646
          1377 1534 1579
          1480 1579 1534
          1235 1526 1522
          1235 1932 1526
          1522 1526 1932
          1235 1522 1932
          637 1301 790
          790 1301 1081
          637 790 1081
          333 1137 430
          1255 1478 1330
          1255 1330 1912
          1221 1711 1680
          72 1340 1437
          1276 1437 1340
          174 1342 1431
          56 1033 318
          318 1033 1383
          549 1709 1282
          549 1282 923
          923 1282 1709
          1183 1482 1549
          1183 1549 1239
          1183 1239 1482
          202 1858 1327
          1327 1858 1712
          628 1858 1327
          785 1201 1341
          1201 1780 1341
          376 1245 1439
          64 1439 1245
          751 1358 1603
          1358 1812 1603
          751 1603 1812
          21 939 701
          21 1494 939
          701 939 1494
          21 701 1494
          1198 1910 1409
          10 813 1640
          1178 1414 1262
          1178 1262 1268
          1225 1226 1423
          1171 1621 1355
          1171 1575 1621
          1171 1355 1575
          1082 1516 1280
          232 1444 1756
          232 958 1444
          232 1756 958
          81 1063 286
          81 286 897
          609 1004 650
          1372 1444 1756
          1185 1444 1372
          218 820 1064
          820 887 1064
          218 887 820
          265 726 992
          265 1653 726
          396 1064 820
          110 820 1064
          110 1064 396
          110 820 887
          377 1064 396
          164 445 1064
          164 339 445
          164 1064 339
          560 1388 1097
          655 1097 1388
          560 1097 655
          759 1648 1480
          177 1480 1648
          177 759 1480
          1009 1692 1234
          1234 1692 1785
          1235 1932 1802
          208 344 1404
          208 1404 1737
          208 1737 344
          118 297 750
          118 750 1069
          297 1069 750
          118 750 1068
          297 470 750
          470 1069 750
          297 1069 470
          470 681 1069
          297 681 470
          1170 1351 1697
          1170 1697 1350
          1170 1350 1351
          1489 1613 1934
          1199 1934 1613
          1270 1832 1446
          1270 1446 1559
          1192 1380 1532
          18 348 270
          18 270 1424
          625 877 1520
          877 1643 1520
          1223 1415 1501
          1415 1873 1501
          1223 1501 1873
          1223 1873 1415
          178 1504 812
          178 1480 1504
          812 1504 1480
          289 970 1876
          1256 1511 1819
          1256 1819 1468
          214 1331 834
          214 834 1765
          834 1331 1765
          1202 1482 1691
          1202 1691 1664
          1202 1664 1482
          1213 1792 1719
          1719 1792 1918
          238 743 1716
          238 1716 746
          1150 1295 1854
          1150 1522 1295
          1150 1854 1522
          67 1947 1307
          67 740 1947
          1307 1909 1947
          497 1372 1095
          195 497 1095
          195 1372 497
          195 1095 1372
          28 373 983
          543 950 1283
          543 650 950
          293 469 1436
          293 860 469
          847 1107 1270
          501 1377 1579
          240 501 1579
          998 1424 1329
          270 1329 1424
          68 1535 1637
          65 1570 1657
          829 1570 1657
          65 1570 829
          1168 1320 1617
          1168 1617 1226
          1168 1226 1320
          1226 1617 1320
          34 1343 1450
          521 639 1316
          521 808 639
          353 1141 1890
          353 1890 1746
          555 1289 648
          555 648 1457
          1237 1406 1621
          1290 1621 1406
          339 445 1855
          164 1855 445
          214 1085 896
          214 1267 1085
          1183 1943 1364
          1170 1351 1233
          1233 1351 1697
          1170 1233 1697
          87 1158 1162
          87 1162 683
          683 1162 1158
          158 1326 1248
          158 1248 1315
          158 1315 1326
          17 1036 667
          1245 1852 1439
          1245 1407 1852
          1407 1439 1852
          8 395 1931
          214 1331 751
          214 751 834
          759 1480 1579
          177 1579 1480
          1194 1575 1757
          1194 1757 1355
          1194 1575 1552
          1552 1575 1757
          1226 1814 1369
          1168 1369 1814
          1168 1814 1226
          1144 1150 1854
          1144 1522 1150
          131 715 342
          342 715 1835
          131 342 1835
          71 390 891
          71 891 1284
          1069 1126 1956
          439 1069 1956
          1180 1314 1309
          1309 1314 1393
          1180 1309 1393
          1180 1393 1314
          677 1269 1671
          294 1671 1269
          294 677 1671
          677 1521 1671
          1336 1381 1671
          1269 1671 1381
          283 715 1742
          283 1835 715
          283 1742 1835
          398 715 1835
          342 398 1835
          874 1835 1742
          246 874 1742
          246 1835 874
          246 1742 1835
          20 1496 1332
          953 1332 1496
          262 1250 1030
          262 1030 1496
          262 1496 1250
          1030 1250 1496
          262 1030 953
          262 953 1496
          1234 1422 1619
          1220 1619 1422
          444 1476 1784
          444 1693 1476
          1337 1481 1861
          1224 1481 1337
          1224 1861 1481
          1195 1794 1473
          1317 1784 1476
          1317 1703 1784
          262 711 1778
          262 1778 1543
          262 1778 1030
          262 1250 1778
          1030 1778 1250
          132 1099 843
          132 352 843
          221 1318 1003
          221 1744 1318
          280 1318 1744
          280 1744 1470
          643 1236 1830
          1236 1304 1830
          551 1413 643
          551 1830 1413
          551 643 1830
          570 1236 1943
          570 1943 1304
          570 1304 1236
          1304 1943 1364
          374 1275 1505
          374 1505 1631
          374 1631 1275
          319 1869 445
          319 1064 1869
          445 1869 1064
          570 597 1943
          570 1236 597
          570 597 1699
          570 1699 1943
          220 422 1146
          220 1386 422
          474 1411 1375
          246 1835 448
          447 448 1835
          246 448 447
          246 447 1835
          131 448 1835
          131 447 448
          131 1835 447
          609 1463 1251
          55 831 1012
          831 1696 1012
          55 1696 831
          550 836 610
          610 836 1111
          550 610 1111
          550 1111 836
          529 842 614
          1262 1268 1467
          1178 1262 1467
          1337 1545 1881
          1840 1922 1923
          169 1922 1840
          169 1840 1923
          259 354 691
          354 1334 691
          527 722 1715
          213 672 1007
          1190 1254 1343
          555 918 1120
          555 1120 1289
          918 1289 1120
          470 1069 1678
          190 1069 470
          190 470 1678
          518 1348 1663
          518 647 1348
          647 1663 1348
          588 1730 1002
          1002 1730 1782
          267 1582 949
          1209 1515 1448
          811 1209 1448
          811 1515 1209
          267 1521 1214
          1214 1521 1837
          267 1214 1837
          38 1371 965
          38 725 1371
          87 461 874
          461 1438 874
          1363 1848 1448
          678 1363 1448
          605 972 1771
          972 1361 1771
          605 1361 972
          1011 1252 1787
          1011 1787 1025
          1202 1413 1764
          737 1679 1228
          737 1228 1571
          737 1571 1679
          1169 1227 1317
          1227 1506 1317
          598 755 1458
          196 1821 921
          196 1672 1821
          1213 1557 1415
          1175 1488 1328
          1175 1337 1488
          733 1424 1035
          18 1424 733
          443 1952 1725
          443 1725 480
          443 480 1952
          480 1725 1952
          211 716 458
          211 1381 716
          167 814 462
          536 617 972
          536 972 1361
          279 1368 1892
          279 1892 1479
          281 464 1379
          464 1577 1379
          434 1870 838
          838 1870 1337
          1033 1354 1383
          1170 1350 1224
          1173 1375 1604
          272 1123 895
          272 895 356
          272 356 1123
          356 895 1123
          485 1302 1547
          485 1421 1302
          8 408 946
          408 1151 946
          24 459 376
          475 938 1164
          628 1046 1163
          628 1163 1157
          46 252 1376
          46 1693 252
          1361 1734 1548
          566 1734 1361
          319 1595 1869
          319 968 1595
          319 1869 968
          445 1869 1595
          445 1595 1279
          1279 1595 1869
          91 263 809
          162 509 1138
          467 1138 509
          162 1138 467
          162 467 509
          1000 1626 1889
          135 1000 1889
          817 1415 1143
          275 894 1139
          39 894 275
          162 317 467
          317 1417 467
          162 467 1417
          162 1417 317
          533 1117 650
          650 1117 1463
          533 1463 1117
          705 1140 920
          574 1140 705
          584 1202 1691
          289 1891 1528
          289 1528 1326
          1293 1482 1691
          1202 1293 1691
          1202 1482 1293
          600 1482 1691
          600 1691 1293
          1301 1423 1514
          600 1691 1571
          1293 1571 1691
          188 1847 1038
          188 1038 789
          188 789 1847
          551 1830 1304
          1203 1590 1752
          548 615 1446
          548 1446 1751
          548 1751 615
          1170 1681 1205
          1170 1205 1224
          1170 1224 1681
          1246 1294 1427
          1172 1427 1294
          1172 1246 1427
          593 1661 796
          796 1661 1428
          258 1071 434
          434 1071 1861
          359 879 1144
          147 1144 879
          147 359 1144
          147 879 359
          523 1805 1517
          310 729 1007
          1177 1286 1443
          1286 1538 1443
          427 1208 1707
          1171 1280 1621
          971 1507 1393
          185 971 1393
          185 1393 1507
          38 1371 1525
          38 1525 381
          4 1472 1346
          697 1346 1472
          4 697 1472
          437 1147 704
          437 850 1147
          181 816 889
          181 889 1374
          278 809 1147
          278 1147 850
          170 1147 704
          170 437 1147
          1215 1346 1347
          1273 1786 1734
          1193 1608 1567
          1218 1391 1226
          1226 1391 1617
          127 371 454
          127 454 1839
          204 778 690
          204 690 1779
          204 1779 778
          690 778 1779
          433 1396 1612
          433 1914 1396
          144 1337 1481
          105 1302 785
          105 485 1302
          485 785 1302
          105 785 485
          564 1289 1257
          564 1257 648
          564 648 1289
          599 923 1054
          599 1054 1282
          923 1282 1054
          49 668 226
          49 1380 668
          308 1516 1939
          308 1707 1516
          308 1939 1707
          308 1939 885
          308 885 1707
          433 1396 748
          432 1396 433
          540 973 616
          97 969 1374
          97 498 969
          498 1374 969
          888 1341 1523
          221 888 1523
          221 1523 1341
          888 1508 1523
          1341 1523 1508
          153 1153 475
          153 938 1153
          475 1153 938
          401 1456 914
          1179 1234 1422
          1179 1619 1234
          1179 1422 1619
          504 1156 948
          79 948 1156
          1179 1619 1210
          1210 1619 1234
          1176 1619 1220
          1176 1220 1323
          1176 1619 1596
          1220 1596 1619
          1176 1596 1220
          1220 1619 1240
          1220 1334 1619
          1240 1619 1334
          1179 1619 1220
          1179 1334 1619
          1240 1596 1619
          892 1060 1642
          71 1060 892
          1176 1240 1596
          1176 1619 1240
          202 1046 1163
          202 1163 628
          1492 1620 1829
          1229 1620 1492
          315 1492 1620
          448 1158 874
          448 683 1158
          814 1745 1493
          1114 1493 1745
          1298 1745 1493
          280 1744 742
          334 1744 1318
          221 334 1318
          280 334 1744
          432 1896 1797
          113 1797 1896
          1229 1420 1346
          1229 1346 1746
          203 1799 825
          203 825 1196
          33 475 1161
          33 1161 1153
          475 1153 1161
          33 1161 708
          708 1161 1153
          938 1164 1153
          209 1900 753
          209 753 1090
          209 1090 1900
          1194 1703 1254
          1194 1254 1552
          1254 1703 1552
          196 843 1821
          843 1672 1821
          590 1950 730
          201 1340 1276
          1276 1340 1827
          201 1276 1827
          1243 1589 1508
          806 1243 1508
          192 339 1165
          339 974 1165
          192 1165 974
          303 1496 1842
          303 1842 982
          303 982 1496
          982 1842 1496
          1217 1357 1778
          1357 1842 1778
          303 1496 1217
          1217 1496 1842
          275 1444 1330
          1110 1330 1444
          275 1110 1444
          1299 1638 1776
          1422 1776 1638
          1205 1681 1871
          1274 1871 1681
          1205 1274 1681
          1200 1681 1274
          1170 1871 1681
          1170 1224 1871
          1170 1871 1205
          1019 1305 1856
          482 1305 1019
          339 487 1165
          487 974 1165
          1432 1604 1506
          490 1605 886
          34 490 886
          34 1605 490
          34 886 1605
          34 1450 1605
          1207 1253 1604
          275 894 1444
          275 1110 894
          1173 1207 1432
          1207 1604 1432
          316 346 443
          346 1725 443
          316 443 1725
          316 1725 346
          1288 1608 1428
          1171 1290 1406
          1084 1695 1642
          1084 1258 1695
          1258 1642 1695
          1278 1333 1694
          1171 1333 1278
          1278 1333 1407
          1333 1694 1407
          183 1407 1333
          606 1288 1669
          606 1953 1288
          398 741 1672
          1207 1506 1432
          1193 1709 1608
          1608 1709 1953
          515 1584 641
          515 1304 1584
          641 1584 1304
          1262 1706 1558
          633 1262 1558
          633 1558 1706
          468 1022 1233
          69 1022 468
          1331 1812 1556
          1221 1812 1331
          1341 1790 1473
          301 1790 1341
          301 1473 1790
          301 1341 1473
          85 1412 486
          486 1412 1690
          85 1690 1412
          256 1955 905
          256 1285 1955
          59 1130 1237
          1195 1759 1422
          781 1296 1542
          159 781 1542
          79 699 671
          79 1878 699
          79 671 1878
          1124 1255 1356
          161 1808 1405
          1384 1405 1808
          732 1503 1746
          732 1420 1503
          732 1746 1420
          1494 1640 1761
          302 1494 1761
          302 1761 1640
          70 1502 256
          312 1315 897
          134 312 897
          158 1315 899
          312 899 1315
          158 899 312
          27 340 254
          27 1019 482
          284 1772 1511
          284 1511 738
          570 643 597
          570 1236 643
          1035 1269 1424
          733 1424 1269
          1247 1763 1567
          645 1567 1763
          645 1247 1567
          199 1349 1398
          204 1958 690
          690 1958 1040
          547 1548 617
          547 1607 1548
          244 771 1330
          244 885 771
          244 1330 885
          45 861 1453
          861 1722 1453
          45 1722 861
          301 1401 845
          845 1401 888
          301 845 888
          216 427 979
          216 1449 427
          216 979 1449
          563 710 1321
          644 1321 710
          563 644 710
          1206 1811 1263
          1206 1371 1811
          1206 1263 1371
          1465 1831 1657
          1241 1831 1465
          563 710 653
          270 1329 1203
          270 1203 1424
          1466 1698 1817
          521 1369 909
          521 909 616
          1241 1399 1561
          384 1561 1399
          384 1241 1561
          384 1399 1241
          23 1367 1008
          23 1008 1727
          23 1727 1367
          1008 1367 1727
          521 1225 909
          1318 1508 1826
          1302 1431 1374
          161 1405 707
          161 707 1804
          707 1405 1804
          1435 1720 1777
          541 1777 1720
          541 1435 1777
          541 1720 1435
          1175 1681 1881
          545 1262 1414
          151 745 986
          745 1697 986
          815 1220 1596
          815 1713 1220
          1005 1390 1692
          441 1390 1005
          441 1005 1692
          191 662 852
          60 1336 949
          479 949 1336
          60 949 479
          206 1918 1719
          206 1719 967
          206 967 1918
          967 1719 1918
          693 1675 1100
          1100 1675 1239
          693 1239 1675
          546 1100 634
          546 1675 1100
          634 1100 1675
          1177 1271 1382
          1177 1382 1627
          1271 1627 1382
          20 1030 303
          1196 1492 1229
          584 1664 682
          584 682 1818
          497 1478 870
          165 497 870
          165 1478 497
          681 1808 1405
          1405 1808 1678
          483 1555 727
          727 1555 1061
          691 1334 1440
          571 775 1874
          775 1281 1874
          58 1254 1880
          1027 1880 1254
          575 722 645
          645 722 1247
          328 1393 1951
          1393 1500 1951
          1219 1790 1491
          1491 1790 1767
          197 1356 1633
          598 1028 1257
          689 1136 1409
          689 1409 1910
          232 1775 958
          232 958 963
          232 963 1775
          958 1775 963
          569 808 901
          569 901 1413
          569 1413 808
          808 1413 901
          1179 1334 1219
          1219 1334 1404
          201 508 1276
          204 1048 778
          172 665 415
          415 1222 1462
          766 1416 875
          145 766 875
          306 875 766
          1169 1703 1305
          1237 1305 1703
          1169 1237 1703
          140 468 754
          468 1370 754
          140 1370 468
          594 1327 688
          594 688 628
          438 1644 986
          225 438 986
          1214 1336 1521
          1214 1269 1336
          1214 1521 1269
          267 478 1521
          267 949 478
          478 949 1521
          119 854 678
          678 854 1363
          119 1363 854
          678 854 1103
          678 1103 1363
          854 1363 1103
          478 949 1336
          949 1521 1336
          478 1336 1521
          88 1109 1024
          305 1308 1865
          786 1865 1308
          761 1417 1544
          1417 1894 1544
          1152 1491 1767
          208 1152 1767
          1239 1549 1643
          417 1449 931
          216 417 931
          216 931 1449
          1196 1601 1229
          1229 1601 1492
          269 678 1884
          269 1884 1448
          678 1448 1884
          889 1440 1586
          1440 1838 1586
          889 1586 1838
          157 1314 739
          157 739 1951
          739 1314 1951
          615 1270 1832
          615 1832 1446
          1316 1413 1766
          1316 1766 1549
          1316 1549 1413
          1413 1549 1766
          927 1275 1590
          927 1590 1383
          675 1477 1088
          26 1088 1477
          26 675 1088
          141 296 819
          673 1626 1392
          329 1626 673
          1143 1248 1501
          884 1501 1248
          208 1767 752
          208 798 1767
          208 752 798
          372 1441 1454
          161 1804 727
          161 727 1349
          727 1804 1349
          81 1501 347
          347 1501 884
          104 1351 1451
          104 1451 772
          303 982 1357
          15 982 303
          6 303 1357
          6 1025 303
          156 401 787
          1189 1589 1306
          831 1402 1888
          524 1257 1028
          524 598 1028
          524 1257 598
          485 1547 1425
          485 1425 835
          598 916 1257
          524 1257 916
          524 916 598
          1171 1477 1280
          1280 1477 1516
          564 916 648
          648 916 1257
          564 1257 916
          524 648 916
          610 1559 1197
          610 1197 1265
          610 1265 1559
          573 1127 1301
          573 1301 1905
          573 1905 1127
          1183 1228 1696
          1228 1402 1696
          1183 1402 1228
          1662 1770 1956
          20 1837 1496
          5 384 1241
          1216 1453 1227
          1216 1227 1604
          518 682 1348
          518 647 682
          647 1348 682
          517 1643 877
          877 1643 1097
          517 877 1097
          517 1097 1643
          185 971 328
          1185 1330 1444
          1082 1516 1356
          416 1749 1731
          1212 1825 1510
          1212 1510 1698
          200 1731 486
          200 416 1731
          200 486 416
          389 1783 1537
          389 1537 1307
          525 1849 1259
          525 1774 1849
          1371 1954 1758
          1192 1758 1954
          1192 1954 1371
          25 1912 771
          25 771 1624
          771 1912 1624
          378 868 1298
          167 868 378
          824 1667 1090
          288 824 1090
          288 1667 824
          288 1090 1667
          158 289 418
          158 1326 289
          158 970 289
          158 1326 970
          950 1529 1435
          580 950 1435
          580 1529 950
          1259 1849 1283
          257 762 414
          257 414 1263
          707 1135 1396
          142 910 1084
          142 1084 1695
          403 424 1666
          46 424 403
          38 725 1525
          134 1807 1315
          1223 1315 1807
          134 1223 1807
          424 1207 1376
          424 1506 1207
          1041 1159 1434
          242 1041 1434
          242 1434 1159
          756 1159 1434
          157 1314 338
          157 338 739
          810 1819 1468
          810 1468 1256
          250 1634 1803
          250 1803 1024
          250 1024 1634
          262 1543 1250
          564 1289 1447
          564 1447 1257
          117 501 1732
          117 1732 335
          200 994 1005
          200 1005 1641
          256 1490 1370
          425 1344 1500
          160 891 390
          800 1461 1407
          507 1407 1461
          507 800 1407
          260 465 1570
          65 465 260
          65 260 1570
          618 1266 878
          561 618 878
          999 1287 1730
          588 999 1730
          1237 1530 1305
          594 625 877
          594 877 1520
          716 1724 1796
          716 1381 1724
          128 1009 358
          546 1482 1100
          1100 1482 1675
          147 879 1522
          147 1522 359
          634 1100 693
          634 693 1675
          569 1766 1611
          569 1611 1316
          1316 1611 1766
          573 790 637
          573 637 1301
          610 1789 1197
          1197 1789 1559
          180 1433 404
          404 1433 706
          180 404 706
          1182 1340 1499
          540 1081 790
          540 1301 1081
          1173 1227 1307
          1227 1453 1307
          544 1002 1271
          544 1271 636
          544 636 1002
          141 1854 1295
          141 1311 1854
          1188 1466 1486
          1188 1486 1279
          1188 1279 1466
          1279 1486 1466
          294 733 1036
          1195 1299 1440
          1179 1195 1440
          1204 1548 1616
          1548 1789 1616
          1204 1789 1548
          222 696 1027
          222 1450 696
          696 1450 1027
          222 1027 1450
          1191 1645 1810
          1539 1810 1645
          555 1120 648
          648 1120 1289
          1197 1270 1273
          880 1209 1515
          880 1589 1209
          235 1515 1243
          170 452 1555
          880 1438 1589
          1306 1589 1438
          543 776 1283
          543 950 776
          543 776 1086
          776 1283 1086
          313 332 1325
          579 1086 776
          318 729 1275
          318 1275 1354
          318 1354 729
          1286 1443 1902
          1307 1386 1537
          1307 1537 1906
          519 1818 1764
          156 450 666
          1050 1609 1387
          528 1609 1050
          24 1407 848
          24 848 800
          800 848 1407
          833 1038 1847
          255 1038 833
          255 1847 1038
          255 833 1847
          1048 1427 1760
          95 322 859
          95 1622 322
          1191 1539 1629
          1191 1629 1259
          1181 1576 1463
          1181 1218 1576
          1181 1463 1218
          848 1407 1245
          848 1333 1407
          13 1420 1503
          1355 1673 1879
          257 1263 1380
          1263 1371 1380
          103 1803 1634
          103 1360 1803
          1360 1634 1803
          103 1634 1360
          72 429 669
          72 669 1276
          164 974 1844
          164 736 974
          164 1844 736
          72 669 508
          508 669 1276
          201 508 669
          201 669 1276
          829 1465 1657
          829 1570 1465
          1465 1570 1657
          1152 1767 1790
          752 1767 1152
          723 1442 1461
          37 1442 723
          37 1461 1442
          37 1461 870
          37 870 1442
          870 1461 1442
          484 723 1442
          484 1442 1461
          484 1461 723
          243 449 1822
          60 478 949
          60 1336 478
          232 963 734
          734 963 1775
          271 1695 1642
          1299 1899 1776
          1299 1638 1899
          1638 1776 1899
          114 1647 872
          872 1647 1865
          114 872 1865
          114 375 1865
          375 872 1865
          114 872 375
          554 633 1602
          554 623 633
          554 1762 654
          646 654 1762
          554 654 646
          1193 1762 1750
          1443 1750 1762
          1193 1443 1762
          870 1478 1442
          1167 1913 1277
          1277 1913 1347
          1167 1347 1913
          346 746 1770
          346 1770 743
          696 1450 1788
          696 1788 1367
          696 1367 1450
          1241 1843 1831
          984 1843 1241
          11 481 1358
          481 908 1358
          11 908 481
          1241 1319 1843
          1241 1843 1657
          1319 1657 1843
          1167 1357 1217
          1167 1217 1353
          533 1874 1281
          533 1281 1463
          727 1398 1804
          212 1398 727
          1188 1352 1698
          349 1440 1574
          349 691 1440
          1271 1627 1539
          221 1508 1318
          221 1527 1508
          221 1318 1527
          6 711 1778
          6 1778 303
          6 303 711
          430 1468 1260
          361 1468 430
          263 1820 809
          742 809 1820
          263 809 742
          263 742 1820
          1256 1365 1260
          1256 1260 1468
          1256 1468 1365
          386 1366 1807
          75 328 739
          71 405 1284
          71 891 405
          71 405 1084
          1185 1407 1461
          1185 1278 1407
          1278 1461 1407
          1171 1280 1355
          42 503 1474
          42 1389 503
          208 1152 752
          574 1643 1097
          574 1097 877
          1224 1481 1681
          1224 1881 1481
          135 1285 893
          893 1285 1244
          603 1730 999
          424 1666 1432
          630 1286 654
          556 1286 630
          556 630 654
          526 1286 654
          526 630 1286
          526 654 630
          526 630 714
          501 1534 1579
          956 1516 1477
          26 1516 956
          26 1477 1516
          531 1658 1016
          531 1265 1658
          423 1101 1853
          243 415 989
          243 1462 415
          415 1462 989
          64 1245 1591
          64 1591 890
          87 1438 402
          167 1597 1666
          322 989 1622
          95 989 322
          874 1166 1835
          246 1166 874
          246 1835 1166
          444 1317 1476
          163 1476 1317
          163 444 1476
          200 1731 1005
          200 1005 1692
          1220 1360 1803
          1220 1803 1596
          1220 1596 1360
          1360 1596 1803
          516 818 655
          1177 1447 1286
          587 1120 918
          587 1289 1120
          587 962 1120
          962 1289 1120
          564 1120 962
          564 1289 1120
          564 962 1289
          564 648 1120
          1209 1448 1243
          1209 1363 1448
          1209 1243 1363
          275 1444 1624
          25 771 275
          776 1849 1259
          525 1849 776
          525 776 1259
          25 497 1469
          497 1624 1469
          683 1840 1922
          683 1923 1840
          133 811 453
          133 453 1448
          1169 1367 1216
          30 1901 1263
          30 1736 1901
          622 1457 702
          702 1457 1257
          719 1377 1417
          1377 1544 1417
          761 1417 1377
          109 460 1308
          109 1544 460
          1205 1328 1847
          1205 1847 1451
          511 1267 1483
          12 1483 1267
          12 511 1483
          12 1483 664
          1179 1390 1232
          1179 1692 1390
          1179 1232 1692
          808 1413 1766
          1410 1474 1483
          1187 1410 1483
          336 1400 1294
          1306 1572 1416
          287 1103 1363
          287 1363 678
          1302 1823 1794
          785 1823 1302
          785 1302 1794
          172 1462 841
          105 1421 362
          438 1697 1644
          438 1644 1351
          1351 1644 1697
          1200 1670 1581
          276 1200 1581
          276 1670 1200
          554 623 1297
          554 1049 623
          229 1819 1511
          229 663 1819
          1318 1523 1508
          221 1523 1318
          221 1508 1523
          214 834 1085
          214 1085 1765
          435 1470 1003
          435 1003 1523
          1003 1470 1523
          1264 1680 1294
          1187 1264 1294
          203 825 1017
          203 1017 1312
          1168 1576 1348
          14 1779 690
          14 778 1779
          14 690 778
          564 962 1447
          564 962 714
          564 714 1447
          564 714 864
          564 864 1447
          1252 1353 1787
          1214 1332 1837
          1174 1214 1837
          1182 1258 1502
          1258 1460 1502
          276 917 1581
          276 1200 917
          917 1200 1581
          530 593 882
          593 1659 882
          792 868 1298
          378 792 1298
          378 868 792
          1340 1437 1710
          72 1710 1437
          152 504 290
          152 1674 504
          220 1386 1758
          220 1758 422
          422 1758 1386
          165 944 1124
          944 1541 1124
          485 1780 835
          121 996 284
          121 1772 996
          183 373 952
          340 1376 379
          46 340 379
          1234 1785 1422
          1422 1785 1776
          1191 1627 1629
          1191 1539 1627
          203 1561 1017
          203 1017 384
          203 384 1561
          384 1017 1561
          1017 1312 1561
          573 1127 657
          610 1197 1616
          1197 1594 1616
          610 1594 1197
          568 1408 1616
          211 1269 1424
          211 1424 1035
          211 1035 1269
          1389 1474 1483
          187 1483 1474
          1240 1404 1925
          1334 1925 1404
          1170 1324 1456
          679 1843 1399
          679 1399 1944
          679 1944 1843
          582 977 881
          582 1627 977
          624 1588 882
          624 882 1659
          3 1465 1831
          829 1831 1465
          545 623 1129
          623 1414 1129
          545 1414 623
          130 680 1306
          130 1306 1112
          130 1166 1306
          130 680 1166
          1528 1773 1891
          828 1374 1342
          816 1342 828
          816 828 1374
          1182 1230 1437
          1182 1573 1230
          220 1371 1758
          1145 1859 1325
          1145 1325 1513
          147 1674 879
          147 290 1674
          290 879 1674
          599 1054 1882
          1054 1282 1882
          377 1648 1480
          377 759 1648
          155 748 317
          155 317 1911
          155 1911 748
          317 748 1911
          317 748 433
          433 748 1911
          317 433 1911
          231 1310 917
          231 1545 1310
          84 1308 761
          84 761 240
          84 240 1308
          240 761 1308
          84 703 1308
          84 240 703
          1199 1934 1242
          1199 1242 1613
          1242 1934 1613
          130 1850 357
          130 1306 1850
          483 947 1471
          947 1555 1471
          1182 1499 1230
          73 726 789
          73 789 1345
          726 1345 789
          1209 1448 1848
          811 1209 1848
          78 1311 359
          78 359 406
          359 1311 406
          287 1448 1884
          287 678 1448
          274 1564 1813
          274 1346 1564
          274 1813 1346
          42 307 1400
          42 1400 477
          522 1287 1763
          522 1763 1567
          1190 1536 1305
          1190 1530 1536
          1190 1305 1530
          1228 1571 1959
          1228 1959 1764
          42 1072 1400
          642 1959 1228
          642 1846 1959
          642 1228 1846
          563 724 1687
          563 909 724
          724 909 1687
          563 1687 909
          553 1687 644
          553 644 724
          553 724 1687
          644 1687 724
          600 1077 720
          600 720 1691
          600 1691 1077
          140 464 840
          140 1577 464
          1168 1549 1664
          81 897 312
          312 897 1501
          683 1922 1438
          1247 1763 1924
          1247 1924 1567
          836 1387 1609
          1387 1789 1609
          1134 1451 1324
          255 1324 1451
          552 1650 1261
          552 1805 1650
          1192 1380 1263
          1192 1371 1380
          473 675 1477
          473 1477 1088
          473 1088 675
          1595 1919 1743
          445 1743 1919
          445 1919 1595
          184 1014 1839
          1510 1893 1595
          401 871 1456
          123 871 401
          841 1893 1595
          346 1886 695
          316 695 1886
          316 346 695
          316 1886 346
          107 334 1318
          107 827 334
          495 1398 1396
          228 495 1396
          318 1908 1275
          318 729 1908
          1262 1864 1467
          1360 1596 1479
          957 1360 1479
          957 1596 1360
          623 1414 633
          623 1706 1414
          534 1320 920
          534 920 1140
          537 1659 624
          537 624 593
          537 593 1659
          593 624 1659
          120 1815 1359
          1457 1810 1904
          525 644 978
          644 1321 978
          525 978 1321
          525 1321 644
          525 1321 710
          525 710 644
          235 794 1515
          235 1091 794
          235 1515 1091
          235 880 1091
          880 1515 1091
          547 1832 847
          1243 1515 1448
          105 1374 1302
          105 1431 1374
          44 1196 1620
          44 1760 1196
          209 823 753
          287 435 1103
          287 1103 1352
          1371 1811 1386
          200 1390 486
          372 1941 1398
          340 1237 379
          300 979 1088
          979 1477 1088
          300 1477 979
          26 1088 979
          26 979 1477
          64 1775 1272
          704 1454 876
          119 1454 876
          119 876 704
          45 1145 313
          45 313 1325
          45 1325 1145
          313 1145 1325
          45 313 332
          45 332 1325
          1181 1259 1514
          1181 1430 1259
          1216 1227 1367
          1169 1227 1216
          1169 1367 1227
          188 833 1451
          188 321 833
          104 1134 833
          104 1451 1134
          111 1952 443
          696 1367 1008
          23 696 1008
          680 1454 1441
          220 1525 1371
          220 1206 1525
          845 888 1243
          216 931 427
          1110 1444 1449
          1179 1404 1359
          1179 1210 1404
          267 1487 1214
          837 1230 1499
          323 1103 1352
          1214 1521 1938
          1214 1938 1269
          1269 1938 1521
          1180 1295 1311
          1180 1311 1489
          1065 1329 1203
          620 1607 1361
          1217 1778 1913
          1217 1496 1778
          501 1480 1579
          177 501 1480
          177 1579 501
          1316 1766 1348
          1168 1348 1766
          1168 1766 1316
          1187 1313 1221
          1184 1256 1557
          1256 1468 1557
          1142 1564 1813
          295 1813 1564
          295 1564 1142
          9 451 1331
          9 900 451
          9 1331 900
          209 824 1900
          209 1090 824
          824 1090 1900
          209 824 482
          209 1536 824
          451 1331 834
          9 451 834
          1385 1408 1862
          128 441 1005
          128 1692 441
          1174 1524 1665
          1174 1665 1215
          434 1071 777
          147 1674 1522
          188 833 1038
          188 1847 833
          301 1586 845
          166 1678 747
          166 747 703
          166 703 1678
          1191 1645 1629
          1191 1629 1435
          1191 1435 1645
          1435 1629 1645
          1231 1542 1583
          692 1497 1274
          666 1274 1497
          1249 1345 1497
          301 1440 1838
          301 1838 1586
          1174 1336 1214
          1100 1482 1239
          569 1766 647
          569 647 1611
          647 1766 1611
          647 1766 1348
          1348 1766 1611
          647 1348 1611
          569 682 647
          569 1766 682
          647 682 1766
          1245 1439 1591
          1245 1591 1272
          1245 1272 1439
          1272 1591 1439
          1168 1766 1549
          1193 1247 1558
          1193 1902 1247
          1193 1558 1902
          682 1766 1348
          1242 1934 1393
          1198 1934 1242
          1198 1393 1934
          1316 1611 1348
          274 1665 802
          250 1093 1512
          250 1512 1634
          1093 1634 1512
          261 1797 1896
          113 1797 261
          82 326 663
          250 1803 1512
          250 1512 1024
          15 1025 1787
          409 1277 1684
          318 1383 1354
          318 1033 1354
          1485 1774 1539
          567 1485 1539
          567 1774 1485
          126 326 1528
          126 370 326
          58 1509 1254
          696 1254 1509
          58 696 1509
          115 687 764
          115 1748 687
          1205 1497 1801
          1345 1801 1497
          73 1345 1801
          325 816 1342
          816 1115 1342
          325 1115 816
          181 1342 325
          181 325 816
          178 869 812
          178 1504 869
          128 441 1232
          441 1547 1232
          245 1646 1296
          1296 1646 1507
          245 1507 1646
          220 1537 1206
          1206 1537 1386
          673 1211 1392
          1211 1626 1392
          673 1626 1211
          152 292 425
          347 899 1501
          522 1023 613
          522 1567 1023
          613 1023 1567
          632 1858 1327
          535 632 1327
          535 1858 632
          535 1327 1858
          117 822 1466
          117 1466 1654
          117 1654 822
          822 1654 1466
          265 726 1345
          265 789 726
          119 678 1623
          1175 1274 1205
          265 1489 1199
          265 1199 1653
          274 902 1346
          274 697 902
          1227 1824 1317
          1317 1824 1506
          785 1341 1473
          785 1201 1473
          1201 1341 1473
          880 1438 1209
          1209 1438 1589
          1169 1227 1824
          1195 1794 1823
          1195 1823 1473
          1179 1195 1473
          616 1369 1814
          616 1814 1726
          932 1385 1059
          604 932 1059
          604 1385 932
          562 932 1385
          562 1385 1059
          562 1059 932
          932 1385 1361
          1204 1385 1361
          1248 1593 1326
          63 324 701
          63 701 1556
          63 1556 324
          652 1584 1846
          652 1735 1584
          652 1846 1735
          1112 1572 1306
          110 339 713
          63 1556 367
          63 367 1074
          63 701 440
          701 1221 1433
          1221 1556 1433
          633 1558 1602
          535 628 1327
          535 1655 628
          438 772 986
          772 1351 986
          1192 1811 1386
          1192 1493 1811
          1192 1298 1493
          1192 1811 1298
          1230 1351 1233
          1170 1230 1233
          1212 1510 1222
          1466 1654 1698
          1188 1654 1466
          1188 1698 1654
          1267 1331 1358
          214 1358 1331
          984 1843 1657
          1453 1722 1788
          517 1239 1520
          517 1643 1239
          1239 1643 1520
          517 1520 1643
          40 318 1033
          40 1354 318
          40 729 318
          959 1010 1384
          102 1010 959
          520 773 1562
          520 1562 1679
          497 1469 1478
          165 1469 497
          165 1478 1469
          292 904 425
          1198 1625 1344
          425 1198 1344
          305 1308 925
          305 1933 1308
          305 925 1933
          1198 1625 1613
          1344 1613 1625
          171 914 1615
          171 1615 673
          171 673 914
          673 1615 914
          394 1615 673
          171 394 673
          171 1615 394
          164 1869 1064
          1185 1330 1255
          1185 1255 1478
          494 1254 1027
          84 1308 1544
          1169 1784 1237
          497 1442 870
          497 1478 1442
          497 1372 1442
          497 1478 1372
          960 1777 1435
          960 1720 1777
          960 1435 1720
          713 736 1844
          531 1049 1016
          1016 1049 1658
          531 1658 1049
          908 1358 1319
          481 1319 1358
          481 908 1319
          176 922 477
          176 1400 922
          176 477 1400
          1349 1405 1396
          1180 1613 1311
          378 1298 1906
          376 1673 1852
          376 1852 1245
          1176 1220 1360
          1300 1597 1411
          1173 1300 1597
          1173 1597 1411
          335 1480 968
          501 968 1480
          1174 1524 1329
          676 1361 972
          605 1361 676
          302 813 939
          813 1494 939
          939 1433 1494
          21 1017 939
          1237 1476 1621
          1406 1621 1476
          17 478 1521
          702 1810 1457
          528 932 1866
          435 1363 1103
          1113 1399 1944
          11 679 324
          11 1944 679
          11 324 1944
          1272 1591 1700
          1208 1700 1591
          496 1404 1359
          928 1359 1404
          1036 1938 1521
          1269 1938 1424
          733 1424 1938
          108 1545 917
          108 917 1670
          108 1670 1545
          1178 1446 1297
          1178 1297 1265
          1178 1265 1446
          361 810 1365
          96 810 361
          1314 1500 1393
          1180 1393 1500
          6 1778 1277
          6 1357 1778
          1277 1778 1357
          707 1662 1612
          1612 1662 1808
          1184 1326 1366
          1184 1326 1338
          1326 1366 1338
          1203 1630 1590
          1065 1203 1590
          1065 1590 1630
          321 1451 772
          104 321 772
          1213 1415 1719
          1213 1792 1415
          445 1279 1919
          164 445 1919
          1212 1431 1510
          1212 1825 1431
          1529 1629 1728
          1266 1629 1529
          618 1728 878
          1291 1324 1456
          174 1342 1825
          1198 1816 1910
          75 1816 1198
          75 1198 1910
          468 1022 1370
          468 1370 1233
          468 1022 754
          1231 1542 1296
          1231 1768 1542
          200 1005 1390
          862 1571 1562
          572 1562 1571
          572 862 1562
          1188 1279 1893
          341 1491 1341
          159 1123 1768
          159 1768 1231
          225 468 1370
          461 1166 874
          874 1166 1438
          240 1378 1579
          240 1102 1378
          240 1579 1102
          468 1370 1043
          225 468 1043
          140 1043 468
          275 1139 368
          275 368 1372
          1294 1397 1739
          664 1739 1397
          368 1095 1372
          195 368 1372
          368 1372 1133
          195 1133 1372
          769 1372 1133
          195 769 1372
          484 769 1372
          195 484 1372
          39 484 769
          1342 1893 1510
          1342 1510 1546
          86 354 1037
          1230 1233 1573
          1170 1573 1233
          343 1112 1373
          91 343 1373
          91 1373 1112
          343 1373 855
          91 343 855
          111 1098 467
          111 467 1417
          467 1098 1417
          92 1821 1061
          741 1061 1821
          92 741 1821
          0 1142 1564
          0 1564 1813
          102 947 1471
          210 467 1098
          162 1377 1417
          111 467 317
          111 317 1417
          1168 1320 1814
          105 1374 1342
          637 1514 1430
          540 1301 1514
          540 1514 1081
          540 653 1081
          540 1423 1514
          1296 1551 1646
          245 1551 1296
          548 1751 1288
          548 1857 1751
          375 703 951
          375 1718 703
          375 951 1718
          46 252 424
          46 424 1376
          46 1207 1376
          596 1588 624
          1309 1507 1393
          185 1507 1242
          795 1242 1507
          185 795 1507
          245 410 795
          245 795 1507
          410 1507 795
          90 1418 423
          90 423 780
          309 1854 1295
          903 1295 1854
          309 1295 903
          309 903 1854
          162 761 1377
          162 501 761
          176 1042 492
          1042 1535 1474
          129 924 1419
          101 399 826
          101 826 1580
          231 1136 1868
          231 1868 1910
          1136 1910 1868
          108 391 917
          108 1545 391
          109 812 719
          1548 1607 1789
          1204 1607 1548
          1415 1719 1557
          1213 1557 1719
          37 507 952
          37 952 1461
          49 852 364
          49 1380 852
          49 446 852
          49 257 668
          257 1380 668
          505 1546 1893
          174 1510 1893
          68 1535 1410
          68 1410 1637
          460 1544 719
          719 1544 1725
          150 1725 746
          1293 1691 1764
          31 389 1783
          31 1537 389
          31 1783 1537
          1094 1612 1914
          84 1094 1914
          220 725 965
          220 965 1525
          220 1525 725
          868 1432 1298
          1298 1432 1666
          220 965 1371
          890 1591 954
          300 890 954
          64 1591 954
          64 954 890
          163 1476 1194
          324 660 1556
          63 660 324
          1256 1557 1260
          1256 1365 1557
          2 1472 1131
          2 1131 4
          2 4 1472
          381 725 1525
          2 1292 1131
          2 1472 1292
          1221 1313 1433
          161 1384 483
          161 483 681
          483 1384 681
          681 959 1384
          483 959 681
          297 1384 681
          297 681 959
          297 959 1384
          297 1010 1384
          297 959 1010
          391 689 1136
          721 1817 1622
          721 1622 1222
          822 1817 1698
          822 1622 1817
          116 1867 1219
          1219 1867 1440
          62 792 1386
          62 378 792
          286 1610 1093
          286 1634 1223
          286 1223 1873
          180 701 939
          701 1433 939
          180 1433 701
          591 1387 629
          1288 1751 1446
          547 849 629
          1178 1282 1608
          535 628 1858
          629 1050 1387
          591 1050 629
          557 1050 1387
          557 629 1050
          557 836 1066
          557 1387 836
          1401 1677 1790
          1219 1790 1677
          99 1401 1790
          99 1341 1401
          1341 1790 1401
          200 1390 1686
          200 1686 486
          574 1388 655
          574 1097 1388
          574 655 1097
          1076 1437 1644
          200 441 1390
          200 1005 441
          553 978 644
          644 978 1687
          978 1687 1321
          1181 1226 1391
          1184 1322 1511
          1184 1338 1322
          1184 1511 1338
          1178 1706 1414
          1297 1414 1706
          1178 1414 1297
          1178 1297 1706
          377 736 1844
          1213 1322 1511
          516 1127 818
          517 1520 877
          122 1392 907
          122 907 329
          329 907 1392
          299 1484 1401
          116 512 299
          1 697 802
          888 1401 1243
          888 1243 1508
          1243 1401 1508
          1180 1296 1295
          1295 1296 1614
          1248 1501 1315
          1184 1315 1501
          579 978 934
          579 934 1394
          579 1394 978
          579 934 767
          357 502 1850
          130 1850 502
          791 1279 1855
          791 1919 1279
          791 1855 1919
          130 283 1850
          283 1166 1850
          130 1850 1166
          130 1166 283
          283 1850 502
          130 283 502
          752 1677 1039
          752 1767 1677
          752 1039 1767
          603 1457 1287
          1287 1457 1754
          313 1395 414
          52 313 414
          155 1058 1396
          155 495 1058
          495 1396 1058
          155 1396 495
          155 839 1396
          839 1058 1396
          155 1058 839
          839 1396 1135
          212 1396 1135
          212 1135 839
          212 839 1396
          212 1396 707
          212 707 1135
          212 1058 1396
          1235 1674 1344
          1180 1674 1235
          1330 1912 1707
          1174 1381 1560
          73 1801 1791
          73 1791 1553
          337 1801 1291
          1217 1913 1628
          355 664 1397
          12 355 1397
          12 664 355
          1177 1286 1261
          199 1349 727
          727 1349 1398
          199 727 1398
          199 727 670
          670 727 1398
          124 1942 904
          124 1310 1942
          212 1058 1398
          1058 1396 1398
          491 1058 1398
          98 491 1058
          98 1398 491
          98 1058 1398
          495 1058 1398
          98 1058 495
          100 330 1945
          100 863 330
          100 1945 863
          42 1072 1389
          1072 1400 1389
          336 1389 1072
          336 1072 1400
          147 1235 1522
          147 1674 1235
          1235 1674 1522
          1072 1400 1294
          477 1042 1400
          42 1042 477
          176 1042 1400
          176 477 1042
          1175 1881 1310
          1194 1509 1254
          1194 1280 1509
          157 770 407
          407 770 1802
          656 1712 1402
          632 1712 656
          1172 1399 1680
          1221 1680 1399
          1233 1351 1644
          1358 1399 1680
          1036 1521 1459
          1459 1938 1521
          625 1140 1403
          534 1140 625
          1245 1591 1700
          1438 1922 1840
          1441 1840 1922
          1187 1711 1221
          1221 1711 1313
          1187 1313 1711
          1224 1328 1451
          302 1494 1312
          522 857 1763
          315 778 1048
          315 1048 1492
          302 420 1640
          420 1761 1640
          44 315 1048
          44 1492 315
          1175 1199 1242
          1180 1613 1489
          1445 1592 1935
          514 1679 652
          538 658 1118
          538 1960 658
          658 1960 1118
          392 1526 1231
          392 1860 1526
          20 1582 953
          237 1575 506
          527 1683 1339
          527 1031 1683
          243 782 415
          66 930 1459
          66 1459 1916
          930 1916 1459
          183 800 1407
          183 507 800
          271 1020 1695
          271 408 1020
          183 848 1407
          183 800 848
          116 1867 1677
          116 1867 1039
          571 775 818
          775 1874 818
          558 821 1408
          757 821 1408
          558 821 757
          604 757 821
          223 505 828
          223 1546 505
          1142 1550 1347
          784 1550 1142
          505 1279 1546
          505 1546 924
          512 1677 1018
          1018 1677 1401
          1018 1039 1677
          451 1410 793
          57 1410 451
          57 451 793
          120 1690 486
          1148 1411 1375
          474 1411 1148
          1148 1411 1300
          1056 1148 1411
          474 1056 1148
          1465 1831 1787
          551 1413 808
          551 808 643
          551 901 808
          551 1413 901
          551 642 901
          642 1413 901
          38 1160 1954
          451 1765 1331
          1331 1765 1637
          451 1637 1765
          1410 1765 1637
          57 511 1085
          511 1765 1085
          57 1765 511
          451 1410 1765
          451 1637 1410
          57 1410 1765
          511 1410 1765
          244 1330 1707
          885 1707 1330
          545 633 1414
          1199 1646 1242
          1242 1646 1934
          703 1718 1865
          703 1865 1308
          1308 1865 1718
          545 633 623
          1178 1414 1265
          1265 1414 1297
          70 1502 754
          241 1143 817
          580 1720 960
          919 1720 1281
          541 1720 919
          541 1281 1720
          541 1281 1435
          446 1736 1300
          446 1300 1380
          116 1586 889
          116 889 1440
          1259 1645 1629
          108 469 1545
          108 1436 469
          469 1436 1545
          108 1545 1436
          108 1545 1200
          1200 1545 1436
          108 1200 1436
          391 469 1545
          108 469 391
          162 1417 433
          317 433 1417
          162 433 317
          317 748 1417
          111 317 748
          90 323 423
          181 325 1418
          181 780 325
          330 835 441
          330 1547 835
          785 1425 1473
          1201 1473 1425
          1167 1292 1346
          1172 1601 1246
          1241 1319 1601
          1205 1801 1791
          115 1748 1057
          115 1057 687
          105 1421 485
          105 485 362
          485 1302 1823
          485 1823 1547
          1221 1812 1358
          1221 1358 1680
          1221 1680 1812
          1179 1220 1422
          1435 1777 1458
          541 1435 1458
          541 1458 1777
          1435 1777 1632
          1223 1557 1873
          1360 1873 1557
          279 1479 1918
          308 956 1939
          956 1516 1939
          578 1781 698
          698 1781 1303
          518 1663 1781
          1251 1781 1663
          700 1948 1695
          547 847 617
          5 1241 1843
          1340 1437 1644
          1437 1710 1644
          518 1348 1781
          1348 1663 1781
          578 1105 698
          1321 1687 1394
          1394 1687 1423
          684 1268 1733
          1268 1519 1733
          585 1273 1467
          649 1467 1273
          585 1467 649
          1197 1616 1268
          1268 1616 1733
          1197 1733 1616
          1200 1310 1681
          1310 1881 1681
          1172 1427 1264
          1172 1264 1294
          642 1764 1228
          642 1959 1764
          385 1220 1803
          385 1899 1220
          1220 1899 1803
          254 1587 1411
          45 1453 476
          45 476 366
          796 1428 1288
          1106 1288 1428
          432 1662 707
          1204 1408 1609
          550 1408 1204
          334 1527 988
          221 988 1527
          221 1527 334
          334 1412 988
          815 1220 1803
          815 1803 1596
          518 1664 698
          518 1781 1664
          698 1664 1781
          388 1787 1011
          3 388 1011
          291 927 1590
          927 1475 1590
          291 927 1475
          360 1436 1335
          7 1472 16
          108 293 469
          689 1676 1409
          144 1409 1676
          144 1676 689
          1178 1262 1709
          1178 1709 1467
          1189 1243 1589
          1243 1826 1589
          1318 1523 1470
          1318 1826 1523
          435 888 1826
          888 1523 1826
          435 1523 888
          1195 1302 1794
          1302 1374 1794
          105 1794 1302
          105 1794 785
          98 228 1907
          313 1145 1859
          1285 1889 1626
          273 1758 1532
          78 879 359
          78 359 1674
          78 1674 879
          1117 1281 1720
          580 1720 1281
          580 1117 1720
          580 1281 1117
          626 1281 1720
          626 1720 1117
          180 1433 440
          180 440 701
          66 667 1459
          303 1357 1778
          1248 1748 1593
          1102 1721 1378
          177 1721 1102
          541 1430 1435
          1281 1435 1430
          66 667 1036
          76 321 421
          1247 1558 1709
          1193 1247 1709
          1247 1709 1567
          1193 1567 1709
          722 1709 1247
          1182 1437 1370
          1195 1440 1574
          1195 1574 1374
          1374 1574 1440
          1259 1645 1435
          1259 1435 1629
          1182 1230 1340
          1182 1340 1437
          1230 1437 1340
          1182 1276 1437
          340 1841 379
          379 1841 1237
          340 694 1841
          694 1530 1841
          415 1222 989
          1219 1440 1334
          116 349 691
          116 1440 349
          349 889 1440
          116 889 349
          349 1374 1440
          220 965 1758
          965 1371 1758
          1167 1913 1217
          1167 1357 1913
          1217 1913 1357
          1176 1210 1365
          48 931 417
          1110 1449 1330
          365 1462 841
          172 365 841
          195 484 723
          195 723 1442
          195 1442 484
          195 1372 1442
          195 1442 497
          484 1372 1442
          206 873 1037
          206 1037 1479
          873 1479 1037
          303 1842 1357
          345 976 1757
          976 1552 1757
          976 1575 1757
          804 1757 976
          804 976 1575
          1194 1509 1355
          1 16 1560
          1 998 16
          1 1560 998
          548 1016 1446
          548 1446 590
          548 590 1016
          548 1016 607
          1200 1335 1581
          1200 1670 1335
          276 1670 917
          537 1659 1273
          1265 1446 1270
          616 1226 1814
          424 1506 1666
          1207 1666 1506
          616 973 1814
          973 1226 1814
          564 1447 916
          564 864 916
          257 414 1901
          414 1263 1901
          107 334 1885
          453 1448 975
          845 975 1448
          453 845 1448
          287 975 1448
          287 845 975
          287 1448 845
          287 1448 1363
          133 845 1448
          216 954 1449
          216 979 954
          954 1449 1272
          216 1272 1449
          1006 1272 1449
          1181 1463 1283
          1181 1708 1463
          1117 1463 1708
          696 1450 1254
          1027 1254 1450
          696 1367 1254
          494 1254 1450
          494 1450 1027
          34 1450 494
          34 1450 1027
          34 1027 494
          926 1450 1027
          34 926 1027
          222 1027 926
          222 926 1450
          1324 1451 1351
          255 1205 1451
          307 690 1072
          307 1958 690
          690 1958 1072
          595 1050 1609
          595 1609 836
          978 1394 1849
          978 1849 1687
          1394 1687 1849
          557 1609 1387
          1197 1789 1548
          1197 1548 1559
          1197 1616 1789
          610 1789 1616
          1253 1375 1605
          391 1910 1545
          1112 1306 1373
          1209 1454 1306
          1209 1306 1438
          286 1093 1930
          286 1930 1634
          372 1454 876
          119 372 876
          1167 1628 1913
          922 1400 1958
          990 1455 1256
          229 990 1455
          229 1455 1256
          229 990 985
          229 985 1455
          985 1455 1256
          337 1456 1291
          337 1291 1324
          171 914 401
          171 401 1456
          171 401 871
          1177 1457 1287
          1177 1287 1271
          555 1070 702
          702 1070 1457
          555 1457 1070
          1070 1457 1257
          648 1070 1457
          555 648 1070
          421 1598 1551
          1551 1598 1646
          106 1646 1551
          106 1551 1598
          1551 1614 1646
          106 1614 1551
          1296 1614 1646
          1296 1551 1614
          283 874 1166
          283 1835 874
          283 1166 1835
          283 1742 874
          930 1434 1459
          374 1434 930
          242 930 1434
          1247 1902 1443
          1247 1443 1538
          1193 1902 1443
          281 1379 1460
          1276 1460 1379
          281 1379 700
          700 1379 1460
          281 700 1460
          331 1747 721
          331 1378 1747
          55 737 831
          37 1461 1278
          626 919 1720
          1240 1360 1479
          1176 1360 1240
          206 1360 1479
          206 1479 957
          206 1037 957
          260 465 1465
          260 1465 1570
          89 1919 1893
          89 505 1919
          139 358 935
          1251 1283 1463
          1181 1463 1251
          153 840 281
          1181 1463 1391
          1181 1391 1218
          109 460 1875
          109 1875 1308
          460 1308 1875
          460 786 1875
          1308 1378 1718
          1117 1281 1463
          273 364 1954
          1262 1706 1709
          1178 1706 1709
          1178 1262 1706
          1181 1463 1281
          623 1297 1414
          623 1706 1297
          1227 1947 1909
          765 1909 1947
          531 1015 1658
          737 1562 1571
          572 1562 737
          1172 1680 1294
          199 1907 1929
          876 1929 1907
          117 1466 968
          968 1466 1732
          117 968 1732
          117 1732 1466
          1297 1658 1414
          623 1658 1414
          222 1450 1788
          114 997 1865
          375 1865 997
          114 375 997
          549 883 1467
          883 1262 1467
          549 883 923
          549 923 1467
          883 1467 923
          549 1282 1467
          923 1467 1282
          923 1467 1054
          1054 1467 1282
          585 923 1467
          585 1054 923
          585 1467 1054
          585 923 883
          810 1468 1365
          91 1820 809
          91 742 809
          91 1820 742
          361 1468 810
          143 1468 361
          143 810 1468
          143 361 810
          143 430 361
          25 244 771
          25 771 1469
          25 1469 244
          1277 1357 1913
          1198 1625 1249
          1175 1625 1249
          1175 1198 1625
          1175 1625 1310
          191 462 1114
          559 620 844
          559 1607 620
          452 1010 1471
          102 1471 1010
          569 901 1766
          569 1766 1413
          901 1413 1766
          2 7 1292
          2 1472 7
          2 16 7
          2 1472 16
          2 1472 697
          2 4 697
          1167 1472 1346
          426 1474 503
          187 426 503
          187 1474 426
          503 793 1474
          426 1474 793
          548 1108 1857
          1108 1669 1857
          548 1669 1108
          486 1359 1690
          120 1690 1359
          426 1410 1474
          187 1474 1410
          793 1410 1474
          1181 1576 1394
          1181 1251 1576
          163 506 1476
          163 444 506
          290 1701 1089
          1171 1355 1477
          1280 1355 1477
          365 1212 1431
          365 1510 1212
          619 684 1936
          550 1936 684
          550 619 1936
          134 1109 363
          134 1592 1109
          26 1208 1477
          171 1615 1211
          171 1499 1615
          513 1542 781
          296 513 781
          1185 1372 1478
          174 1510 1342
          177 968 1480
          1057 1580 1322
          189 1322 1580
          580 1708 1281
          640 991 1862
          640 1862 1660
          991 1660 1862
          539 1660 1862
          576 640 991
          860 1481 1350
          1350 1436 1481
          1200 1436 1481
          62 792 1872
          568 1862 1385
          568 830 1660
          568 1660 1862
          830 1862 1660
          1188 1342 1546
          1188 1546 1418
          546 612 1100
          612 1482 1100
          612 1482 1239
          612 1482 1362
          1239 1362 1482
          797 1482 1362
          1293 1482 1362
          1239 1293 1482
          1183 1293 1482
          380 1724 1796
          380 716 1724
          19 458 716
          511 1483 1410
          187 1410 1483
          187 1483 511
          511 664 1483
          187 664 511
          12 511 664
          299 1484 845
          133 299 1484
          248 1565 995
          248 1690 1565
          498 969 1195
          498 1540 969
          264 1775 963
          622 1485 636
          544 1485 622
          544 636 1485
          544 622 636
          544 1485 1271
          636 1485 1271
          1714 1938 1916
          733 1938 1714
          733 1714 1916
          649 1467 1733
          1279 1426 1486
          129 1486 1426
          129 1279 1486
          1101 1486 1426
          684 1268 1616
          47 672 267
          267 672 1487
          47 267 1487
          262 711 1030
          267 1487 756
          47 267 756
          500 1487 756
          267 500 756
          173 435 362
          173 362 1705
          173 1705 435
          362 435 1705
          173 1705 1352
          435 1352 1705
          173 933 822
          173 822 1705
          1242 1337 1488
          1175 1242 1488
          1175 1199 1488
          1199 1242 1488
          76 795 1488
          76 245 795
          1294 1427 1779
          1246 1294 1779
          171 914 1211
          914 1615 1211
          141 992 1489
          141 819 992
          141 992 406
          323 1103 1654
          1103 1352 1654
          1277 1347 1543
          260 1353 1636
          893 1285 1490
          893 1490 1244
          148 493 253
          253 493 1574
          159 1123 803
          159 803 1768
          159 1768 410
          410 1768 1296
          928 1404 1491
          1359 1404 1491
          928 1359 1491
          1179 1491 1359
          1179 1491 1201
          1201 1473 1491
          1201 1341 1491
          1341 1473 1491
          341 1491 1201
          341 1201 1341
          720 1691 1571
          137 1747 331
          1141 1229 1492
          485 988 835
          485 1780 988
          701 1433 1494
          701 1221 1494
          21 1221 1494
          21 701 1221
          968 1466 1426
          1426 1466 1732
          28 1476 1693
          1210 1641 1234
          1172 1312 1494
          953 1496 1250
          1250 1332 1496
          1174 1332 1496
          1174 1496 1250
          1174 1336 1496
          1217 1336 1496
          1174 1217 1496
          479 1496 1217
          479 1336 1496
          982 1496 1217
          479 1496 982
          303 982 479
          587 918 1498
          587 1498 1052
          606 1498 866
          606 866 1288
          390 892 1499
          871 892 1499
          390 892 871
          568 1204 1616
          1204 1408 1616
          837 1499 1340
          837 1230 1340
          1230 1499 1340
          1198 1344 1500
          425 1198 1500
          1180 1500 1198
          1198 1393 1500
          320 1622 1817
          320 1817 822
          75 1500 689
          335 968 1869
          335 1869 1426
          968 1426 1869
          615 847 1832
          1015 1594 1111
          583 1015 1111
          158 1501 899
          899 1501 1315
          158 1315 1501
          312 1501 1315
          897 1501 1315
          1223 1501 1315
          897 1501 1223
          1315 1415 1501
          818 1874 1218
          286 1501 1223
          741 1061 1949
          741 1949 1821
          464 1379 1502
          70 1379 464
          70 464 1502
          1281 1708 1463
          1181 1708 1281
          1379 1502 1460
          1276 1502 1379
          700 1502 1460
          464 1502 754
          70 464 754
          793 1410 1535
          178 377 1504
          377 1480 1504
          178 736 1504
          377 1504 736
          178 471 1504
          471 736 1504
          178 471 869
          755 1777 1261
          601 1777 755
          552 1632 1447
          552 1632 864
          552 755 864
          227 1506 898
          227 1317 1506
          1234 1692 1422
          185 795 410
          143 1338 1528
          636 1539 1485
          636 1485 1774
          636 1774 1539
          304 341 827
          304 1508 341
          304 827 1508
          99 341 304
          99 1508 341
          99 304 1508
          99 1508 1341
          99 1508 1401
          99 1243 1401
          99 1508 1243
          99 806 1508
          99 304 806
          345 696 1509
          58 696 345
          1280 1509 1355
          1280 1509 1477
          1355 1477 1509
          473 1509 1477
          1175 1681 1310
          365 841 1510
          365 1079 841
          841 1510 1462
          365 1462 1510
          1222 1510 1462
          1396 1804 1405
          1240 1360 1596
          1191 1261 1632
          1191 1632 1728
          1212 1510 1462
          1021 1714 1916
          66 1916 1714
          66 1714 1021
          1176 1360 1596
          231 1868 904
          231 904 1910
          1338 1468 1511
          663 1338 1468
          82 1338 1511
          82 1511 966
          82 738 1511
          738 1511 966
          82 738 966
          284 966 738
          45 861 1513
          45 1513 1453
          45 861 1145
          45 1145 1513
          861 1513 1145
          45 1325 1513
          45 1325 1453
          1325 1513 1453
          1173 1325 1513
          1173 1513 1453
          1173 1325 1263
          224 1145 861
          224 413 1513
          413 886 1513
          224 886 413
          413 1513 1047
          224 413 1047
          30 413 1513
          30 1047 413
          30 1104 1513
          30 413 1104
          413 1513 1104
          1104 1513 1375
          413 1513 1375
          136 1606 1003
          1274 1497 1801
          133 402 811
          1209 1438 1515
          880 1438 1515
          350 1590 1329
          240 1378 1308
          1271 1940 1810
          1117 1708 1281
          115 1806 1057
          1057 1806 1748
          1248 1748 1806
          1248 1806 1593
          1057 1806 1580
          1248 1580 1806
          1057 1248 1806
          1123 1729 1542
          513 1123 1542
          1229 1347 1620
          1229 1961 1347
          1346 1961 1347
          356 803 1518
          80 803 356
          80 1518 803
          80 356 1518
          14 1903 1246
          1512 1634 1803
          407 1518 1309
          80 1309 1518
          80 1518 407
          1183 1239 1520
          1183 1520 1362
          1239 1362 1520
          1327 1520 1362
          1183 1327 1362
          1183 1520 1327
          594 1520 1362
          594 1362 1327
          594 1520 1055
          1055 1520 1362
          594 1055 1362
          594 877 1055
          877 1520 1055
          517 1520 1055
          517 1055 877
          517 1520 1362
          1203 1938 1269
          1203 1938 1424
          677 1036 1521
          17 1521 677
          17 478 677
          478 1521 677
          60 478 1521
          60 1521 677
          60 677 478
          60 1336 1521
          243 449 863
          243 863 1822
          1168 1303 1218
          1168 1218 1675
          1097 1675 1388
          560 1675 1097
          1168 1388 1675
          1168 1218 1388
          560 634 693
          560 693 1675
          393 1756 1439
          518 682 1664
          518 1781 682
          221 1341 1508
          221 1527 1341
          147 1150 1144
          147 1522 1150
          147 1144 1522
          1003 1318 1523
          221 1523 1003
          1191 1627 1266
          203 384 1080
          384 1561 1080
          384 510 1080
          1432 1666 1506
          1207 1666 1432
          167 403 1666
          167 403 424
          1173 1666 1432
          442 725 1525
          725 1525 758
          442 758 1525
          220 758 725
          220 1525 758
          31 442 758
          31 758 1525
          470 1933 1678
          470 1678 703
          470 703 1933
          147 1522 1526
          1150 1526 1522
          147 1526 1150
          392 1526 1150
          147 392 1150
          1220 1803 1776
          385 1220 1776
          266 326 1528
          126 326 266
          326 1528 1338
          272 1583 895
          272 895 1729
          272 1729 1583
          1231 1542 1729
          895 1729 1123
          618 878 1529
          523 1529 878
          523 618 1529
          523 878 618
          345 1757 473
          168 1531 393
          393 1531 800
          168 393 800
          444 1317 1784
          689 1409 1816
          1409 1910 1816
          800 1531 1407
          981 1532 1380
          99 1533 1018
          99 1018 1401
          99 1401 1533
          248 486 1412
          248 1412 1690
          1201 1341 1690
          341 1690 1341
          341 1201 1690
          341 1491 1690
          99 1243 1533
          1243 1533 1508
          99 1508 1533
          806 1533 1508
          99 806 1533
          162 1534 1138
          919 1777 1720
          541 1777 919
          753 1633 1356
          68 1535 793
          68 793 1410
          68 1535 277
          1435 1777 1728
          1435 1728 1632
          226 1375 1736
          31 431 389
          31 1537 431
          31 758 431
          431 758 1537
          31 1537 758
          220 431 758
          220 758 1537
          758 1537 1525
          220 1525 1537
          31 1537 1525
          1206 1537 1525
          1169 1784 1703
          530 1270 1751
          530 1751 1661
          1052 1289 1538
          1289 1443 1538
          397 1630 1021
          397 1021 1714
          397 1714 1630
          1021 1630 1714
          1287 1538 1457
          958 1444 1775
          417 1775 1444
          525 776 1539
          525 776 881
          163 1194 1575
          1171 1255 1541
          1171 1541 1278
          1255 1541 1356
          1171 1356 1541
          1124 1541 1356
          288 1541 1124
          288 1124 944
          288 944 1541
          159 803 410
          410 803 1768
          257 1736 668
          257 1380 1736
          1171 1290 1541
          944 1290 1541
          673 1392 1615
          673 1615 1211
          1180 1296 1542
          1295 1542 1296
          159 513 1542
          159 781 513
          159 513 1123
          1294 1779 1739
          1294 1397 1779
          1397 1739 1779
          336 1294 1779
          336 1779 1739
          14 336 690
          336 1779 690
          14 1779 336
          690 1294 1779
          109 719 460
          925 1544 1308
          469 1481 1545
          1436 1545 1481
          144 1545 469
          144 1481 1545
          144 391 469
          1337 1481 1545
          1282 1882 1467
          1054 1467 1882
          236 1894 433
          236 1612 1894
          1421 1822 1915
          863 1822 1421
          863 1915 1822
          236 1612 925
          1188 1546 1279
          1188 1486 1546
          1279 1546 1486
          1188 1486 1418
          309 1150 1295
          309 1854 1150
          309 1854 1144
          309 1144 1150
          141 1854 903
          325 1419 1115
          223 924 505
          1293 1482 1549
          260 1928 465
          1202 1482 1549
          1230 1644 1233
          1230 1351 1644
          1131 1292 1833
          1131 1833 1928
          1238 1628 1796
          1628 1636 1796
          380 1724 1217
          562 631 1059
          562 1059 1599
          781 1551 1296
          245 1551 781
          604 1862 991
          604 991 757
          76 434 777
          76 777 1704
          1254 1552 1509
          696 1509 1552
          696 1254 1552
          1254 1552 1367
          305 1933 1647
          305 1865 1933
          1647 1933 1865
          703 1308 1933
          154 1429 1802
          154 1802 1526
          1429 1526 1802
          768 1526 1685
          768 1802 1526
          768 1685 1802
          1314 1685 1802
          768 1685 1314
          1235 1802 1314
          1235 1314 1685
          596 856 649
          596 1554 856
          596 649 1554
          161 483 1555
          161 1555 727
          161 1384 1555
          483 1555 1384
          161 1349 1555
          589 1668 1846
          589 1735 1668
          652 1679 1735
          652 1846 1679
          1584 1668 1846
          641 1668 1846
          641 1846 1584
          641 1830 1846
          170 1555 1147
          437 1147 1555
          170 437 1555
          170 1555 1471
          1147 1471 1555
          278 1555 1147
          278 1471 1555
          850 1555 1147
          278 1555 850
          437 850 1555
          217 1555 437
          217 850 1555
          217 437 850
          1186 1292 1928
          217 741 1555
          741 1061 1555
          217 1061 741
          217 850 947
          850 1555 947
          850 1555 1471
          608 1558 1262
          608 722 1558
          608 1558 633
          1516 1707 1578
          1356 1516 1578
          308 1578 1516
          308 1707 1578
          11 984 679
          679 984 1843
          11 679 1843
          11 1843 984
          5 384 1843
          384 1241 1843
          5 384 679
          5 679 1843
          384 1843 679
          2 7 1833
          2 1833 1292
          998 1329 1560
          1329 1560 1424
          1269 1329 1560
          1269 1560 1424
          1174 1560 1269
          1269 1381 1560
          211 1269 1381
          211 1560 1269
          211 1560 1424
          1035 1560 1424
          211 1560 1035
          348 1035 1560
          211 348 1035
          1017 1561 1399
          1312 1561 1399
          1229 1620 1277
          208 1563 1404
          208 344 1563
          496 1563 1404
          208 1563 496
          344 1563 496
          208 344 496
          344 1132 496
          344 1563 1132
          121 1132 344
          565 1814 973
          274 902 1564
          565 616 1814
          565 1726 616
          565 1814 1726
          597 1814 1320
          597 1320 1236
          565 616 973
          597 1814 1699
          597 1699 1320
          1320 1699 1814
          1320 1726 1814
          1699 1814 1726
          1320 1699 1726
          597 1726 1699
          811 1840 1209
          87 1162 1840
          87 1840 683
          683 1840 1162
          279 1892 873
          279 873 1479
          613 1023 1452
          1018 1790 1401
          1018 1677 1790
          530 615 1751
          579 1849 1394
          579 978 1849
          579 776 978
          776 1849 978
          259 957 1037
          596 801 1588
          596 1554 801
          106 941 1598
          941 1551 1598
          106 1551 941
          421 941 1551
          778 1246 1492
          1246 1746 1492
          446 1300 1569
          36 1569 446
          1229 1492 1746
          1229 1492 1246
          1268 1864 1594
          607 1297 1446
          607 1658 1297
          607 1658 1049
          260 829 1570
          65 260 829
          607 1016 1049
          1085 1765 1267
          511 1765 1267
          343 1373 1572
          855 1572 1373
          1112 1373 1572
          1306 1373 1572
          1373 1572 1416
          855 1572 1416
          855 1572 875
          538 1627 1092
          538 977 1627
          977 1092 1627
          538 1092 977
          1170 1244 1573
          498 969 1574
          498 1574 1195
          969 1574 1374
          498 1374 1574
          97 969 1574
          97 1574 1374
          97 493 1574
          97 969 493
          493 969 1574
          97 493 349
          97 349 1574
          349 1574 1374
          253 969 1574
          253 493 969
          253 969 1540
          359 1674 1311
          359 1522 1311
          1311 1522 1674
          1171 1333 1575
          506 804 1575
          237 804 506
          163 1575 506
          163 804 1575
          163 506 804
          506 1476 1575
          163 1575 1476
          1406 1476 1575
          1194 1575 1406
          1194 1476 1575
          1194 1406 1476
          163 804 976
          1218 1576 1391
          1181 1391 1576
          1226 1576 1391
          1218 1576 1226
          1218 1576 1388
          1226 1388 1576
          1168 1218 1576
          1168 1576 1388
          1218 1576 1303
          1168 1226 1388
          1379 1502 1577
          464 1577 1502
          1276 1502 1577
          1182 1577 1276
          1182 1502 1577
          1276 1437 1577
          1182 1577 1437
          429 1437 1577
          1043 1437 1577
          1370 1437 1577
          1182 1577 1370
          1370 1502 1577
          754 1502 1577
          464 1577 754
          140 754 464
          1082 1578 1516
          308 1578 1082
          1082 1578 1356
          41 1082 1578
          1281 1430 1708
          1181 1708 1430
          109 1579 455
          109 455 759
          666 1649 1274
          501 1102 1579
          240 501 1102
          193 399 1580
          193 399 817
          826 1322 1580
          1200 1274 1310
          1200 1310 1581
          1274 1581 1310
          534 1943 1403
          276 1581 450
          74 1581 276
          74 276 450
          570 1699 911
          74 1581 1335
          79 768 699
          948 1701 1878
          226 1300 1736
          1193 1297 1669
          1380 1954 1532
          981 1954 1380
          1297 1446 1669
          833 1847 1451
          255 1451 1847
          74 1585 1335
          658 1627 977
          582 658 977
          582 1627 658
          538 977 658
          184 1083 371
          184 1839 1083
          470 681 1678
          254 1587 403
          380 1724 479
          60 1724 716
          60 1381 1724
          60 716 1381
          60 1381 1336
          1243 1589 1363
          1427 1779 1958
          1294 1958 1779
          1209 1589 1363
          204 1958 1779
          690 1779 1958
          1209 1306 1589
          1194 1476 1237
          1254 1621 1703
          1169 1343 1703
          1254 1703 1343
          1305 1343 1703
          145 461 880
          47 1505 1007
          47 1631 1505
          1065 1329 1590
          64 1439 1591
          64 1272 1591
          64 1272 954
          954 1272 1591
          161 1808 707
          1260 1592 1557
          1223 1592 1260
          1223 1557 1592
          1176 1260 1592
          1176 1592 1557
          1260 1592 1323
          1176 1323 1592
          1260 1592 1445
          550 1936 1616
          684 1616 1936
          1268 1616 1936
          1268 1616 1594
          1268 1594 1936
          1176 1223 1592
          1223 1323 1592
          1176 1323 1223
          899 1593 1501
          158 1593 899
          347 899 1593
          1273 1659 1428
          593 624 882
          1178 1594 1265
          1197 1594 1265
          610 1594 1265
          610 1594 1015
          610 1111 1015
          657 1617 1226
          63 708 1798
          63 440 708
          1242 1870 1337
          433 1894 1417
          162 1894 433
          236 1894 1417
          236 1417 433
          319 968 1466
          544 1730 603
          544 1904 1730
          1290 1621 1667
          27 1530 1667
          694 1667 1530
          27 1536 1667
          1530 1667 1536
          824 1536 1667
          288 1667 694
          414 1753 1901
          414 1263 1753
          1207 1411 1597
          265 1598 941
          1175 1488 1598
          1180 1613 1934
          1322 1772 1688
          1213 1322 1688
          1213 1772 1322
          1213 1688 1772
          996 1213 1772
          279 996 1772
          578 634 915
          562 1385 1599
          284 1322 1772
          1322 1511 1772
          1186 1600 1420
          1186 1420 1292
          1186 1600 1229
          1229 1600 1420
          1196 1601 1600
          1229 1600 1601
          1241 1601 1600
          1196 1601 1241
          1186 1241 1601
          1186 1601 1600
          1186 1601 1229
          1229 1246 1601
          1186 1601 1246
          1246 1601 1492
          1246 1601 1427
          1196 1601 1561
          1241 1561 1601
          1312 1601 1561
          1399 1601 1561
          11 1358 1603
          11 1603 751
          1564 1813 1651
          274 1651 1813
          274 1564 1651
          295 1813 1651
          295 1651 1564
          53 1605 886
          413 1605 886
          53 1605 413
          413 1605 1513
          413 1605 1375
          53 1605 1375
          34 1605 1343
          173 854 1606
          173 1606 435
          435 1606 854
          362 1606 435
          435 1003 1606
          362 1003 435
          435 1470 1606
          1003 1606 1470
          136 1606 1470
          136 1470 1003
          1204 1361 1548
          536 1607 718
          536 1361 1607
          536 1607 620
          620 1607 718
          559 1607 718
          559 849 718
          1106 1288 1608
          1288 1608 1452
          542 1608 1452
          542 1288 1608
          632 1858 1712
          528 595 1050
          595 651 836
          103 1360 1610
          846 1610 1360
          103 1610 846
          893 1022 1635
          1022 1490 1635
          69 1635 1022
          69 1490 1635
          518 1664 584
          518 584 698
          584 1664 698
          553 1225 639
          639 1225 1611
          553 639 1611
          639 1316 1611
          639 1225 1316
          569 1611 639
          752 1219 1677
          518 682 584
          1348 1611 1663
          553 647 934
          553 934 1663
          1251 1663 1394
          1225 1663 1394
          1225 1251 1663
          106 1895 819
          1137 1935 1807
          333 1935 1137
          333 1807 1935
          673 1626 1585
          544 702 622
          1309 1934 1507
          1296 1309 1507
          1296 1507 1934
          781 1614 1296
          781 1551 1614
          1296 1542 1614
          106 1614 781
          106 781 1551
          106 296 781
          394 892 1615
          171 892 394
          171 1615 892
          171 1615 871
          171 871 892
          871 1615 892
          871 1499 1615
          752 1790 1018
          752 1018 1677
          752 1677 1790
          99 1018 752
          99 1790 1018
          625 1937 1655
          625 1655 717
          625 717 1937
          1204 1734 1548
          1204 1361 1734
          1204 1734 1616
          568 1734 1616
          568 1204 1734
          1616 1733 1734
          1168 1388 1617
          1320 1617 1388
          574 1320 1617
          574 1617 1388
          705 1320 1617
          574 705 1617
          574 655 1617
          574 705 655
          200 441 1686
          563 724 644
          909 1423 1687
          1179 1240 1619
          1179 1404 1619
          1240 1619 1404
          1210 1404 1619
          1210 1240 1619
          1210 1563 1619
          1240 1619 1563
          1210 1368 1619
          1368 1563 1619
          1176 1368 1619
          1176 1619 1210
          1240 1368 1619
          394 892 1642
          394 892 1060
          394 1060 1642
          10 1640 420
          10 420 1761
          44 1620 315
          44 1620 961
          44 961 315
          1194 1476 1621
          1194 1406 1621
          1406 1621 1575
          1333 1406 1621
          1333 1621 1575
          1171 1406 1621
          1171 1621 1333
          1190 1530 1621
          1190 1621 1290
          1190 1290 1530
          989 1622 1222
          415 1622 989
          933 1464 1622
          322 415 1622
          322 989 415
          127 1622 322
          127 322 415
          127 721 322
          269 735 1623
          978 1849 1321
          1321 1849 1687
          1357 1778 1913
          1167 1628 1217
          1277 1913 1778
          1277 1543 1913
          1347 1543 1913
          1215 1913 1795
          497 1624 1478
          1372 1624 1478
          497 1624 1372
          1095 1624 1372
          368 1624 1372
          275 1624 1372
          1002 1271 1782
          1271 1904 1782
          1002 1782 1904
          1002 1904 1271
          74 1626 673
          74 673 329
          74 914 673
          673 914 1626
          74 1626 914
          914 1626 1585
          74 1626 1585
          74 1626 1335
          1000 1626 1335
          1092 1627 1271
          586 1627 1092
          586 977 1092
          1217 1628 1238
          900 1637 1313
          367 1637 900
          1217 1353 1628
          1094 1405 1914
          582 618 1629
          618 950 1629
          582 950 618
          618 1629 1266
          618 1629 1529
          392 412 1583
          392 1583 1729
          1242 1488 1646
          1282 1467 1709
          950 1529 1629
          1435 1629 1529
          950 1629 1435
          618 950 1529
          582 881 776
          527 1715 635
          51 1630 1065
          51 397 1630
          51 1630 1021
          270 1630 1424
          279 873 1918
          1434 1505 1631
          374 1434 1631
          374 1505 1434
          47 1631 1434
          47 1434 1505
          1434 1487 1631
          1214 1487 1631
          1214 1631 1434
          267 1487 1631
          267 1631 1214
          267 672 1631
          267 672 1582
          374 1214 1631
          494 1633 823
          34 494 823
          197 823 494
          197 1633 823
          197 753 823
          197 1633 753
          1176 1223 1634
          1223 1634 1323
          1323 1592 1634
          1223 1634 1592
          1109 1634 1323
          250 1634 1323
          960 1728 1435
          848 1407 1852
          793 1410 1637
          68 793 1637
          451 1637 793
          209 1900 1536
          824 1900 1536
          1191 1435 1632
          1191 1632 1645
          169 1441 1922
          466 1922 1441
          1034 1782 1924
          104 1639 1351
          438 1351 1639
          104 438 1639
          1187 1535 1711
          1187 1474 1711
          1474 1535 1711
          1042 1711 1474
          1400 1474 1711
          176 706 1711
          1042 1711 1400
          176 1711 1400
          606 1750 1762
          606 1762 1052
          1052 1762 1750
          606 1750 1193
          1286 1762 1443
          526 1443 1762
          526 1762 1286
          1052 1443 1762
          526 1052 1762
          202 1696 831
          202 1327 1696
          122 1258 1392
          122 1642 1258
          271 394 1642
          271 1020 394
          271 1642 1020
          271 394 1060
          1183 1520 1643
          1183 1643 1403
          1183 1239 1643
          1183 1549 1643
          169 1441 1840
          683 1840 1438
          575 1924 1247
          287 1884 975
          1259 1430 1435
          1430 1645 1435
          541 1645 1435
          131 448 1742
          448 1835 1742
          246 1742 448
          567 1539 1645
          795 1507 1646
          1242 1507 1646
          795 1242 1646
          795 1242 1488
          703 1647 872
          1408 1609 1866
          821 1609 1866
          528 1866 821
          1334 1440 1867
          691 1334 1867
          354 1334 1867
          354 1867 691
          604 1866 932
          1309 1934 1393
          1393 1934 1507
          169 1840 1209
          169 811 1840
          396 1648 1014
          331 1648 396
          233 396 1648
          233 377 1648
          377 396 1648
          1175 1310 1274
          1175 1274 1649
          1274 1649 1497
          666 1649 1497
          179 666 1649
          179 666 685
          1322 1580 1806
          1248 1322 1806
          552 1650 638
          630 714 1650
          552 1650 714
          552 630 1650
          552 714 630
          714 1650 1447
          630 1447 1650
          552 1650 1447
          1057 1322 1806
          760 1057 1806
          760 1806 1322
          115 760 1057
          115 1806 760
          115 1051 760
          115 1806 1051
          319 721 1652
          319 1652 1568
          136 1744 1003
          218 371 488
          218 1652 371
          319 1652 1064
          218 1064 1652
          396 1064 1652
          820 1652 1064
          218 820 1652
          87 402 1840
          402 1162 1840
          1345 1653 1497
          726 1653 1345
          265 1653 1345
          179 406 726
          1466 1654 1486
          117 1466 1486
          1188 1654 1486
          1221 1944 1812
          324 1812 1944
          324 1944 1221
          173 822 1654
          173 1352 822
          173 1654 1352
          173 1654 1103
          1188 1654 1352
          1188 1418 1654
          265 819 1895
          265 1895 1489
          65 481 908
          481 1657 908
          481 1657 1319
          164 339 1844
          1129 1414 1658
          1129 1658 1594
          623 1658 1129
          623 1015 1129
          623 1658 1015
          1015 1658 1129
          531 623 1658
          531 1015 623
          531 623 1049
          1353 1787 1465
          1252 1465 1787
          5 679 984
          896 1863 1267
          12 1863 896
          12 1267 1863
          12 661 896
          12 1863 661
          374 1752 1275
          432 1662 1612
          1189 1957 1306
          1306 1957 1589
          532 1771 801
          532 1385 1771
          1202 1549 1664
          1168 1549 1202
          1234 1692 1390
          1179 1692 1234
          584 1077 698
          1033 1665 1651
          295 1033 1651
          295 1651 1665
          56 1651 1033
          56 1665 1651
          56 1665 802
          802 1665 1651
          56 802 1651
          56 350 802
          274 1651 802
          1353 1796 1628
          1217 1628 1796
          1190 1530 1667
          1190 1290 1667
          1290 1530 1667
          694 1667 1290
          944 1667 1290
          694 1667 944
          944 1667 1541
          288 1667 1541
          288 944 1667
          288 1667 1124
          1124 1667 1541
          1090 1667 1124
          288 1090 1124
          1124 1356 1667
          1090 1667 1356
          288 944 694
          1328 1345 1847
          1345 1598 1847
          1175 1328 1847
          548 607 1108
          202 383 1046
          981 1954 1371
          1371 1954 1380
          360 1670 1436
          108 1670 360
          108 1436 1670
          1335 1670 1436
          1200 1670 1436
          108 1200 1670
          60 1671 1336
          60 1381 1671
          60 1671 1521
          60 1671 677
          150 719 480
          480 719 1725
          150 480 1725
          716 1381 1671
          60 716 1671
          211 1671 716
          211 1381 1671
          211 1035 1671
          211 1671 1269
          1035 1269 1671
          294 1671 1035
          1185 1407 1756
          1185 1245 1756
          800 1531 1756
          393 1531 1756
          39 393 1531
          376 1495 1673
          376 890 1495
          152 1344 1235
          152 1674 1344
          152 1235 1674
          799 1674 1344
          544 1002 1904
          355 1739 1397
          355 664 1739
          78 290 879
          1239 1675 1388
          1097 1675 1239
          693 1097 1675
          560 693 1097
          964 1695 1836
          122 1695 964
          122 1836 1695
          177 1817 1102
          177 1102 721
          177 721 1817
          177 968 1817
          177 721 968
          721 1817 968
          319 968 721
          319 1817 968
          968 1817 1102
          144 1676 1337
          144 838 1676
          117 1102 1817
          117 1817 320
          1231 1768 1518
          166 1678 1010
          747 1010 1678
          470 1678 1010
          166 1678 470
          297 470 1678
          297 1678 1010
          297 681 1678
          297 1384 1678
          1010 1384 1678
          452 1678 1010
          452 1384 1678
          452 1678 747
          1242 1934 1507
          1198 1934 1613
          652 1228 1402
          1228 1679 1402
          652 1679 1228
          862 1562 1679
          520 1562 862
          1562 1679 1571
          737 1562 1679
          182 1679 737
          182 737 1562
          182 831 737
          1267 1331 1680
          1221 1358 1399
          485 785 1823
          1273 1882 1282
          1273 1428 1882
          1282 1882 1428
          1273 1882 1467
          537 1045 1882
          537 1882 593
          537 593 1045
          593 1882 1045
          537 1045 1054
          537 1054 1882
          1045 1882 1054
          856 1054 1882
          537 1054 856
          537 856 1882
          581 1882 1045
          581 1045 593
          581 593 1882
          581 1882 1282
          599 1054 1045
          1274 1310 1681
          740 1872 1307
          389 1307 1872
          389 1872 740
          768 1429 1526
          768 1802 1429
          1175 1274 1681
          1203 1916 1630
          1630 1916 1714
          1203 1714 1916
          1203 1916 1590
          365 1682 489
          14 1739 1246
          14 1903 1739
          316 1770 346
          316 746 1770
          316 346 746
          1235 1685 1344
          103 1803 1093
          1093 1803 1634
          473 1879 1088
          300 473 1879
          300 1088 473
          103 1512 1093
          1093 1512 1803
          157 768 1685
          157 1685 1314
          157 768 338
          157 338 1685
          338 1685 1314
          553 724 639
          553 639 1687
          639 724 1687
          553 1225 1687
          639 1687 1225
          553 1663 1687
          1225 1687 1663
          934 1663 1687
          1394 1663 1687
          1225 1687 1394
          1225 1687 1423
          909 1225 1687
          724 1225 1687
          724 909 1225
          639 724 1225
          1448 1689 1515
          1243 1515 1689
          133 1448 1689
          133 1689 1515
          794 1689 1515
          235 1689 1515
          235 794 1689
          235 1689 1243
          235 1689 1533
          1201 1341 1527
          1341 1690 1527
          341 1690 1527
          827 1690 1527
          341 1690 827
          248 827 1690
          248 1690 1527
          248 827 1565
          827 1690 1565
          341 1565 827
          341 1690 1565
          928 1690 1565
          341 1690 928
          341 928 1565
          928 1690 1359
          1359 1690 1565
          928 1690 1491
          1412 1690 1527
          85 1690 1527
          882 1270 1786
          1107 1786 1270
          298 1009 1692
          298 1009 1005
          1179 1692 1422
          28 444 1693
          1084 1460 1695
          122 1695 1258
          122 1642 1695
          953 1631 1837
          1332 1631 1837
          234 964 1020
          234 1695 964
          964 1695 1020
          122 1020 964
          122 1695 1020
          1020 1642 1695
          1228 1696 1571
          737 1228 1696
          1228 1696 1679
          1402 1696 1679
          1327 1362 1696
          225 745 468
          225 1697 745
          225 986 745
          1233 1350 1697
          822 1698 1466
          1243 1826 1508
          888 1826 1508
          21 1399 1944
          1221 1358 1944
          1221 1944 1399
          920 1699 1320
          534 1699 920
          534 1320 1699
          1320 1699 1403
          534 1403 1699
          1358 1944 1812
          1185 1255 1700
          1255 1700 1330
          1185 1330 1700
          1208 1255 1700
          1208 1700 1330
          1278 1407 1700
          1278 1333 1700
          1477 1700 1591
          1280 1621 1703
          1254 1280 1703
          1190 1703 1280
          1190 1621 1703
          1190 1703 1254
          1190 1703 1343
          1190 1703 1536
          1343 1536 1703
          1305 1703 1536
          1190 1703 1305
          1305 1530 1703
          1190 1703 1530
          1237 1530 1703
          1530 1703 1621
          604 1059 991
          321 1704 777
          321 772 1704
          321 777 772
          76 777 321
          822 1705 1352
          1352 1698 1705
          1212 1705 1352
          105 1705 1352
          362 1705 1352
          554 1297 1706
          273 1532 1954
          1257 1940 1810
          885 1449 1707
          427 1707 1449
          1330 1449 1707
          1208 1449 1707
          308 885 1578
          1430 1708 1435
          1259 1430 1708
          1259 1708 1435
          1435 1629 1708
          950 1708 1435
          240 1102 1721
          645 1247 1709
          645 1709 1567
          645 1709 1282
          1282 1709 1567
          1567 1608 1709
          1282 1709 1608
          273 1758 965
          273 1954 1758
          965 1758 1954
          1178 1709 1282
          1076 1644 1710
          438 1076 1710
          1076 1437 1710
          72 1710 1076
          313 1047 1753
          313 1859 1047
          414 1263 1859
          414 1859 1753
          1263 1395 1859
          414 1395 1859
          1285 1889 1392
          329 1889 1000
          527 1339 1902
          18 1424 1714
          18 1714 733
          733 1714 1424
          18 270 1714
          270 1424 1714
          18 270 397
          18 397 1714
          270 1714 397
          270 1714 1630
          270 1630 397
          744 1716 832
          419 1716 744
          419 832 1716
          439 1716 832
          439 744 1716
          746 1716 832
          566 1771 972
          112 744 1716
          238 1716 832
          238 1716 419
          247 1718 997
          137 997 1718
          375 997 1718
          137 997 375
          137 375 1718
          137 375 951
          1213 1360 1719
          1360 1557 1719
          1360 1719 1479
          206 1360 1719
          206 1719 1479
          846 1360 1719
          206 846 1719
          206 846 967
          846 1719 967
          898 1793 1506
          227 1793 898
          1053 1836 1948
          70 1053 1948
          35 898 1793
          241 967 846
          241 1719 967
          241 846 1719
          1207 1376 1723
          1169 1376 1723
          1169 1723 1207
          1169 1305 1723
          1169 1253 1723
          1169 1604 1723
          1253 1723 1604
          1207 1604 1723
          150 1725 443
          150 346 1725
          1193 1750 1669
          1193 1669 1953
          346 1725 746
          316 1725 746
          236 1725 719
          268 416 1815
          268 1815 496
          920 1726 1320
          920 1699 1726
          1191 1435 1728
          1435 1728 1629
          1435 1728 1529
          960 1728 1529
          523 1529 960
          523 1728 1529
          878 1728 1529
          523 1728 878
          621 1769 1683
          1339 1683 1769
          621 1339 1769
          356 1729 1518
          356 803 1729
          356 1729 895
          356 895 1518
          356 1729 1123
          356 803 1123
          272 513 1583
          541 1905 1834
          1430 1834 1905
          573 637 1905
          637 1301 1905
          613 1498 918
          613 918 1750
          613 918 1538
          1291 1801 1324
          1101 1426 1732
          207 1101 1732
          1101 1486 1732
          1426 1732 1486
          853 1486 1732
          853 1732 1101
          117 1486 1732
          117 1732 853
          1466 1486 1732
          1426 1466 1486
          207 853 1732
          15 1011 388
          15 388 1787
          15 1787 1011
          1273 1734 1733
          1197 1733 1734
          1361 1385 1734
          1204 1385 1734
          255 1205 1847
          652 1155 1584
          652 1735 1155
          1155 1679 1735
          520 1735 1155
          520 1679 1735
          799 1674 1738
          78 1738 799
          799 1566 1738
          78 1566 799
          292 799 1566
          389 1906 1307
          637 1834 1905
          1301 1905 1834
          1287 1782 1904
          1730 1904 1782
          1271 1287 1782
          1002 1730 1904
          544 1002 1730
          1245 1756 1272
          1272 1439 1756
          232 1756 1272
          232 1439 1756
          232 1756 393
          232 393 958
          89 1919 1743
          1213 1792 1322
          241 967 1792
          241 817 967
          1322 1688 1792
          448 874 1742
          217 1949 741
          234 1053 964
          234 964 1836
          234 1836 1053
          122 1392 1836
          907 1836 1392
          234 1695 1836
          217 1099 1949
          122 1258 1836
          200 416 1749
          96 1749 990
          1192 1380 1954
          1192 1954 1532
          965 1371 1954
          542 1750 1608
          542 1288 1750
          542 1750 1452
          542 1498 1452
          542 1750 1498
          190 470 1933
          414 1753 1395
          313 1753 414
          555 1754 1538
          1457 1538 1754
          555 1754 918
          918 1754 1538
          613 918 1754
          613 1754 1538
          1287 1754 1538
          1339 1902 1683
          527 1683 1902
          196 1672 1755
          196 1755 502
          502 1755 1672
          196 715 1755
          715 1672 1755
          398 1755 715
          398 1672 1755
          282 907 1836
          907 1285 1836
          715 1742 1755
          283 715 1755
          283 1755 1742
          826 1580 1792
          826 1792 1322
          283 502 1755
          130 1755 502
          130 283 1755
          130 1755 1672
          1166 1755 1672
          130 1166 1672
          130 1755 1166
          398 1672 1166
          398 1166 1755
          282 907 964
          283 1755 1166
          1264 1761 1427
          420 1040 1761
          10 420 1040
          642 1735 1959
          627 1286 1762
          627 1762 1443
          627 1443 1286
          627 654 1762
          654 1286 1762
          627 1762 1602
          1443 1602 1762
          526 1762 654
          522 1023 1763
          522 1763 645
          645 1763 1023
          1023 1763 1567
          1186 1420 1928
          13 1131 1833
          13 1928 1131
          175 1039 1767
          901 1764 1413
          642 1413 1764
          642 1764 901
          519 901 642
          519 1764 901
          519 642 1764
          798 1767 1039
          663 1819 1338
          143 1819 663
          143 810 1819
          1410 1765 1483
          511 1483 1765
          1187 1765 1483
          1187 1765 1267
          1267 1765 1483
          1187 1765 1680
          1267 1680 1765
          1331 1765 1680
          1348 1664 1766
          682 1766 1664
          1202 1766 1348
          1202 1664 1766
          1168 1202 1766
          1202 1766 1549
          1202 1766 1413
          1413 1764 1766
          901 1764 1766
          585 1926 649
          649 1926 1467
          1334 1404 1767
          1309 1507 1768
          1296 1768 1507
          410 1768 1309
          410 1507 1768
          80 1768 1309
          80 410 1768
          1309 1518 1768
          80 1768 1518
          80 1768 803
          80 410 803
          266 1806 1338
          760 1338 1806
          1322 1338 1806
          621 1517 1769
          1339 1769 1517
          621 955 1769
          1209 1589 1957
          1209 1306 1957
          1373 1717 1957
          112 346 1770
          112 743 346
          112 346 695
          346 1770 695
          112 695 1770
          316 1770 695
          219 1770 695
          219 1067 695
          695 1067 1770
          112 695 1067
          605 1771 1599
          562 1599 1771
          532 1599 1771
          1385 1771 1599
          996 1368 1772
          121 1772 985
          985 1772 1455
          121 738 985
          738 1772 985
          985 1256 1772
          525 636 1774
          525 1321 1774
          525 1774 710
          32 1775 963
          32 734 963
          32 1775 734
          734 1006 1775
          32 1006 734
          64 1006 1775
          64 734 1006
          64 954 1775
          954 1006 1775
          64 1006 954
          954 1775 1272
          1006 1775 1272
          88 935 1422
          88 1422 1776
          88 1776 935
          935 1776 1422
          88 1776 1638
          88 1638 935
          935 1638 1776
          88 1024 1638
          1024 1776 1638
          385 1638 1024
          385 1776 1638
          253 1638 1776
          253 935 1638
          253 1776 935
          253 1422 1776
          1094 1396 1914
          228 1396 1914
          228 1914 1094
          1246 1397 1779
          1246 1739 1779
          14 1779 1246
          14 1739 1779
          778 1779 1246
          14 1739 336
          1341 1527 1780
          221 1527 1780
          988 1527 1780
          221 988 1780
          85 1527 1780
          1177 1287 1782
          1177 1782 1271
          1177 1287 1382
          1287 1782 1382
          1177 1382 1782
          1271 1382 1782
          1382 1782 1627
          1271 1627 1782
          538 1382 1782
          538 1782 1627
          1034 1382 1782
          538 1034 1782
          538 1034 1092
          538 1092 1782
          1092 1782 1627
          1092 1782 1271
          659 1905 1391
          659 1127 1905
          1198 1910 1500
          75 1198 1500
          75 1500 1910
          425 1910 1500
          75 1910 1868
          75 1868 1136
          88 935 1785
          88 1785 1422
          1733 1734 1786
          1197 1733 1786
          1273 1786 1733
          1197 1273 1786
          1197 1270 1786
          1197 1559 1786
          1270 1786 1559
          1548 1559 1786
          847 1559 1786
          847 1786 1548
          847 1270 1786
          847 1107 1786
          15 1025 1011
          1216 1453 1788
          1216 1788 1227
          861 1453 1788
          861 1788 1216
          861 1722 1788
          222 861 1722
          222 1788 861
          222 1788 926
          222 926 861
          861 926 1788
          926 1450 1788
          926 1216 1788
          1227 1367 1788
          1008 1788 1367
          550 1616 1111
          1111 1616 1789
          550 1111 1789
          610 1789 1111
          550 610 1789
          610 1789 836
          610 1066 836
          1473 1491 1790
          1219 1790 1473
          967 1792 1719
          234 1948 1695
          234 700 1948
          234 1948 1836
          1063 1873 1415
          241 1415 1873
          1415 1557 1873
          481 1358 1843
          11 481 1843
          113 1797 712
          261 712 1797
          113 369 712
          369 1797 712
          113 1797 369
          261 369 1797
          227 1947 1824
          227 1824 1149
          369 1797 1116
          316 1797 369
          316 1116 1797
          113 1116 369
          113 1797 1116
          1116 1662 1797
          316 1662 1797
          367 1556 1798
          63 1798 367
          63 708 367
          367 708 1798
          367 1164 1798
          367 708 1164
          708 1798 1164
          492 1164 1798
          33 1164 1798
          33 708 1798
          33 1161 1798
          33 1161 440
          409 1799 1620
          961 1620 1799
          409 961 1799
          1196 1799 1620
          44 1196 1799
          44 1799 1620
          44 1799 961
          93 1534 1800
          509 1800 1534
          93 1800 509
          93 1504 1800
          382 1800 1426
          243 1915 1822
          243 863 1915
          154 1429 1518
          154 1518 1802
          1429 1802 1518
          154 1231 1802
          1231 1518 1802
          1308 1865 1933
          1231 1802 1309
          1180 1309 1802
          1231 1802 1768
          1309 1768 1802
          1518 1802 1768
          1309 1518 1802
          407 1518 1802
          407 1802 1309
          407 1518 1429
          407 1429 1802
          407 1429 768
          1309 1802 1314
          957 1803 1596
          815 1803 957
          957 1803 1360
          103 957 1803
          103 957 815
          707 1804 1396
          212 1804 707
          1447 1805 1650
          630 1805 1650
          630 1447 1805
          556 1650 630
          556 630 1805
          556 1286 1805
          630 1805 1286
          556 1769 1805
          556 1769 955
          1248 1806 1326
          1326 1806 1593
          1184 1248 1806
          1184 1806 1326
          1184 1322 1806
          1184 1338 1806
          1326 1338 1806
          266 1806 1326
          1051 1806 1326
          418 1806 1326
          418 1051 1806
          418 1806 1593
          115 418 1806
          550 1936 1111
          1223 1592 1807
          1260 1807 1592
          134 1592 1807
          134 1223 1592
          333 1592 1807
          134 1592 333
          436 1808 681
          190 1808 436
          190 1808 1662
          190 1612 1662
          190 1808 1612
          190 1808 1405
          831 1012 1809
          202 1012 831
          202 1809 1012
          202 831 1809
          1012 1809 1696
          831 1696 1809
          1012 1809 1362
          1362 1809 1696
          577 1012 1809
          577 1809 1362
          577 1809 1055
          1055 1809 1362
          577 688 1055
          577 1809 688
          688 1809 1055
          594 1809 1055
          594 688 1809
          594 1055 688
          594 1809 1362
          1327 1809 1362
          594 1809 1327
          1327 1809 1696
          202 1809 1696
          567 1810 1028
          567 1645 1810
          567 1485 1028
          567 1810 1485
          1485 1539 1810
          567 1810 1539
          636 1539 1810
          636 1810 1485
          636 1271 1810
          1173 1263 1811
          1263 1811 1325
          385 1776 1899
          385 1899 1638
          1220 1776 1899
          9 1812 1603
          9 660 1812
          9 1603 660
          9 1812 751
          9 751 1603
          9 1812 1331
          900 1812 1331
          9 1812 900
          900 1812 1556
          900 1812 1074
          1074 1812 1556
          660 1812 1074
          660 900 1812
          660 1812 1556
          1346 1347 1813
          1215 1346 1813
          1215 1813 1347
          274 1813 1215
          1215 1651 1813
          1651 1813 1665
          1215 1665 1813
          295 1813 1665
          295 1813 1215
          1215 1795 1813
          1215 1795 1347
          920 1726 1814
          920 1814 1320
          565 920 1726
          565 1814 920
          565 1814 705
          705 1814 920
          565 705 920
          705 1617 1814
          1320 1617 1814
          705 1320 1814
          1226 1814 1320
          496 1132 1815
          268 1815 1132
          416 1359 1815
          120 1815 416
          185 1816 1507
          185 1816 1242
          1198 1816 1500
          75 1816 1500
          748 1911 1396
          433 1396 1911
          155 1911 1396
          689 1676 1816
          1409 1816 1676
          328 689 1676
          144 1409 1816
          144 1816 1676
          144 1337 1816
          489 1421 1915
          489 1682 1421
          1212 1822 1915
          968 1466 1817
          117 1817 968
          117 1466 1817
          822 1466 1817
          117 822 1817
          569 1818 682
          569 1766 1818
          878 1517 1960
          901 1818 1764
          519 1818 901
          901 1818 1766
          569 901 1818
          92 921 1821
          198 1421 1822
          1179 1195 1823
          1179 1823 1473
          1179 1232 1823
          1232 1823 1390
          1179 1390 1823
          1390 1425 1823
          1201 1425 1823
          1201 1823 1390
          1425 1823 1473
          1201 1473 1823
          785 1425 1823
          485 1425 1823
          1390 1473 1823
          1367 1788 1824
          1227 1367 1824
          1008 1824 1367
          1008 1788 1824
          1008 1824 1727
          1367 1727 1824
          23 1824 1367
          23 1727 1824
          23 1824 1552
          23 1824 763
          23 765 763
          23 1824 765
          763 765 1824
          23 1727 765
          765 1727 1824
          227 765 1824
          227 763 765
          227 765 1149
          435 1363 1826
          1508 1523 1826
          405 891 774
          405 1827 891
          774 891 1827
          405 774 1827
          891 1340 1827
          405 1827 1340
          774 1340 1827
          1340 1460 1827
          405 1827 1460
          1276 1460 1827
          201 1460 1827
          201 728 1827
          728 1460 1827
          405 1827 728
          1537 1828 1783
          31 1783 1828
          253 1638 1899
          253 1899 1299
          570 1236 1830
          570 1830 643
          570 1304 1830
          641 1304 1830
          570 641 1830
          5 1831 510
          510 1011 1831
          5 1011 510
          1011 1831 1252
          1252 1787 1831
          1252 1465 1831
          548 1446 1832
          548 1832 590
          548 615 1832
          548 615 590
          590 615 1832
          1441 1922 1929
          680 1441 1929
          680 1929 1922
          2 1833 1131
          437 1845 680
          680 1845 1929
          715 1835 1755
          398 1755 1835
          283 1835 1755
          1166 1835 1755
          398 1166 1835
          342 779 1835
          342 398 779
          398 1835 779
          342 447 1835
          447 779 1835
          907 1285 1392
          1336 1521 1837
          1214 1336 1837
          1214 1837 1631
          181 1586 1838
          181 889 1586
          181 1838 889
          181 1838 1374
          181 1838 913
          218 371 1839
          218 820 371
          218 1839 820
          218 1652 1839
          184 1839 454
          331 1839 454
          331 396 1839
          87 1438 1840
          59 1841 694
          59 1530 1841
          59 1237 1841
          1130 1237 1841
          59 1130 1841
          379 1841 1130
          982 1842 1217
          380 982 1842
          15 380 982
          15 1842 380
          15 1842 388
          15 388 380
          1241 1358 1843
          1319 1843 1358
          1241 1399 1843
          384 1399 1843
          489 1945 1421
          489 1682 1945
          100 1915 863
          369 1946 1075
          261 1946 369
          125 1075 1946
          125 1013 1075
          125 1946 1013
          481 1319 1843
          481 1657 1843
          481 984 1843
          11 481 984
          339 1844 1064
          164 1064 1844
          217 1845 437
          437 1845 1555
          217 1555 1845
          170 1845 1555
          170 437 1845
          170 1845 1349
          170 876 1349
          876 1845 1349
          170 1845 876
          217 741 1845
          652 1402 1846
          1402 1584 1846
          1228 1402 1846
          652 1228 1846
          1304 1402 1846
          515 1846 1304
          515 1402 1846
          1304 1584 1846
          515 1846 1584
          641 1846 1304
          1304 1830 1846
          642 1764 1846
          1228 1846 1764
          255 1791 1038
          255 1847 1791
          789 1847 1345
          789 1598 1847
          73 1847 1345
          525 978 1849
          525 1849 1321
          525 978 776
          1321 1849 1394
          1283 1849 1629
          776 1629 1849
          1259 1849 1629
          283 874 1850
          874 1166 1850
          461 1850 874
          461 1166 1850
          130 1850 461
          1170 1573 1851
          1170 1244 1851
          1244 1573 1851
          1244 1490 1851
          376 1495 1852
          1495 1673 1852
          237 1852 1495
          237 1673 1852
          237 848 1852
          24 1852 848
          24 1407 1852
          359 1311 1854
          406 1854 1311
          359 1854 406
          141 406 1854
          160 837 1920
          837 1340 1920
          239 487 1855
          239 1855 791
          239 791 487
          866 1857 1288
          602 1857 866
          606 1857 1288
          606 866 1857
          606 1857 1669
          606 1857 1108
          313 1145 1047
          1513 1859 1736
          1150 1295 1860
          309 1150 1860
          309 1860 1295
          392 1583 1860
          392 1860 1150
          1150 1860 1526
          470 1647 1933
          703 1933 1647
          309 1860 903
          1224 1350 1481
          1385 1660 1862
          539 1660 830
          539 830 1862
          12 1397 1863
          355 1397 1863
          12 355 1863
          355 1397 1503
          355 1503 1863
          355 661 1863
          12 355 661
          545 611 608
          608 611 1864
          545 1864 611
          611 1864 1262
          883 1864 1262
          545 842 611
          375 1865 703
          375 1718 1865
          703 872 1865
          703 1647 1865
          997 1718 1865
          247 1865 997
          247 1718 1865
          786 1865 997
          247 786 997
          247 1865 786
          786 1718 1865
          1219 1867 1334
          155 1911 495
          495 1911 1396
          425 1500 1868
          75 1868 1500
          75 425 1868
          1426 1869 1466
          1466 1486 1869
          1426 1869 1486
          1279 1486 1869
          1279 1869 1466
          795 1488 1870
          76 1870 1488
          76 795 1870
          1242 1488 1870
          1337 1488 1870
          1224 1871 1350
          1170 1350 1871
          1360 1873 1719
          1557 1719 1873
          846 1873 1719
          846 1360 1873
          241 846 1873
          241 1873 1719
          241 846 1610
          846 1873 1610
          1415 1873 1719
          560 1218 1874
          560 1874 775
          560 818 1874
          560 818 775
          109 1579 1875
          109 1875 455
          521 1877 909
          909 1877 1225
          521 1225 1877
          724 909 1877
          724 1877 1225
          639 1877 1225
          639 724 1877
          1225 1316 1877
          639 1877 1316
          521 1316 1877
          521 639 1877
          79 948 1878
          79 671 948
          215 912 671
          1235 1522 1878
          147 1878 1522
          1235 1526 1878
          1522 1878 1526
          1526 1878 1685
          1235 1685 1878
          768 1526 1878
          1337 1881 1481
          585 1054 1882
          585 856 1054
          585 1882 856
          585 1467 1882
          585 1273 1882
          856 1273 1882
          537 1273 1882
          537 1659 1882
          1273 1882 1659
          593 1659 1882
          1428 1659 1882
          593 1428 1882
          581 1428 1882
          10 922 404
          404 922 1883
          176 1883 404
          176 922 1883
          176 404 922
          404 706 1883
          176 1883 706
          176 706 404
          706 1883 1433
          404 1433 1883
          706 1883 1711
          176 1883 1711
          1400 1883 1711
          176 1883 1400
          1264 1400 1883
          862 1959 1571
          519 1959 862
          520 1959 1735
          922 1883 1400
          862 1228 1959
          269 1884 453
          453 1884 1448
          975 1884 1448
          125 1886 443
          443 1886 1013
          125 1013 1886
          125 1886 1001
          443 1001 1886
          346 1001 1886
          346 1886 443
          316 1886 443
          436 1069 1956
          190 1956 1069
          439 1956 1770
          135 1887 360
          135 360 1000
          293 360 1887
          202 1888 1046
          383 1046 1888
          202 383 1888
          383 1888 1712
          383 1888 656
          383 656 1712
          656 1888 1712
          383 1888 749
          656 749 1888
          182 749 1888
          182 1888 656
          182 1402 1888
          182 1888 831
          656 1402 1888
          907 1392 1889
          329 907 1889
          1346 1746 1890
          902 1746 1890
          4 1890 902
          4 1746 1890
          353 1890 902
          4 353 902
          4 1890 353
          1279 1893 1546
          365 1915 782
          365 782 1682
          106 941 1895
          941 1598 1895
          265 1895 941
          265 1895 789
          789 1895 941
          727 1897 741
          741 1897 1845
          92 727 1897
          92 670 1897
          670 727 1897
          92 727 670
          92 670 342
          342 670 1897
          92 342 1897
          342 779 1897
          670 1897 779
          342 398 1897
          398 779 1897
          342 921 1897
          92 342 921
          199 1897 670
          45 1453 1898
          45 1325 1898
          1783 1828 1898
          476 1828 1783
          1537 1828 1898
          1220 1299 1899
          1220 1713 1899
          1299 1899 1713
          815 1899 1220
          815 1713 1899
          148 1899 1713
          148 1299 1899
          148 253 1899
          148 493 1899
          253 1899 493
          1090 1667 1900
          1356 1900 1667
          824 1667 1900
          1104 1736 1901
          30 1104 1901
          668 1901 1104
          668 1736 1901
          257 1901 668
          627 1902 1193
          627 1902 1443
          627 1902 1286
          527 1683 1558
          1339 1902 1769
          355 1903 1397
          355 1739 1903
          355 1903 1503
          355 1903 732
          732 1903 1503
          732 1903 1746
          353 732 1903
          1307 1872 1906
          740 1872 1906
          234 1948 1053
          35 1906 868
          868 1906 1432
          35 1432 1906
          35 792 868
          792 1906 868
          35 1906 792
          868 1298 1906
          792 1906 1298
          740 1906 792
          35 1906 740
          35 740 792
          740 1872 792
          365 1915 1462
          170 1349 1907
          170 1907 1094
          876 1349 1907
          170 876 1907
          310 1505 374
          310 1908 1505
          374 1505 1908
          310 374 1908
          1275 1908 1505
          374 1275 1908
          1275 1908 1752
          374 1752 1908
          22 1275 1908
          22 1908 1752
          22 927 1908
          927 1275 1908
          318 1908 927
          22 1908 374
          22 374 1752
          1727 1824 1909
          765 1727 1909
          366 1909 1727
          1500 1910 1868
          231 1310 1910
          231 1545 1910
          244 1330 1912
          771 1330 1912
          1347 1795 1913
          1543 1913 1795
          1396 1911 1914
          433 1914 1911
          495 1914 1396
          495 1911 1914
          228 495 1914
          782 1915 863
          100 782 863
          243 863 782
          365 1212 1915
          365 1510 1915
          1212 1915 1510
          1462 1510 1915
          1212 1915 1462
          314 1916 1459
          314 1916 1752
          1459 1752 1916
          1590 1916 1752
          1203 1916 1752
          1203 1916 1459
          1021 1916 1630
          66 733 1714
          575 1917 1034
          575 1034 635
          1346 1813 1961
          902 1961 1813
          1141 1829 1961
          0 1141 1829
          101 1688 1918
          101 1918 1792
          967 1918 1792
          101 1918 967
          239 1855 1919
          239 1919 791
          445 1919 1855
          249 1921 1230
          1230 1644 1921
          249 1921 1644
          1351 1644 1921
          438 1644 1921
          438 1921 1351
          249 1921 438
          438 1639 1921
          249 1639 438
          1351 1639 1921
          104 1921 1351
          104 1639 1921
          1351 1451 1921
          104 1921 1451
          1324 1451 1921
          1134 1451 1921
          104 1921 1134
          104 1639 1134
          1034 1924 1917
          575 1917 1924
          1034 1924 1382
          1382 1924 1917
          1382 1782 1924
          1287 1924 1382
          1177 1287 1924
          1177 1924 1382
          1247 1287 1924
          1177 1247 1924
          1247 1924 1382
          1247 1924 1339
          1339 1924 1382
          1247 1924 1917
          1339 1917 1924
          86 1892 1925
          1240 1925 1892
          86 1892 1737
          86 1737 1925
          1737 1892 1925
          798 1737 1925
          86 1737 798
          208 1737 1925
          208 1925 798
          208 798 1737
          1404 1737 1925
          208 1404 1925
          1404 1563 1925
          1563 1737 1925
          1240 1563 1925
          344 1925 1240
          344 1563 1925
          1240 1737 1925
          344 1925 1737
          1404 1925 1767
          208 1767 1925
          529 1519 1926
          1268 1926 1519
          1519 1926 1733
          649 1926 1519
          649 1733 1926
          1268 1926 1733
          1268 1926 1467
          1467 1926 1733
          1183 1927 1228
          1420 1928 1503
          13 1420 1928
          466 1929 1441
          466 1922 1929
          372 1929 1441
          372 1907 1929
          372 876 1929
          372 1907 876
          372 1454 1929
          1441 1454 1929
          1223 1930 1592
          1223 1634 1930
          134 1930 1592
          134 1930 1109
          395 700 1931
          700 910 1931
          1235 1932 1314
          1180 1235 1932
          1235 1932 1674
          1180 1674 1932
          1522 1932 1674
          1311 1522 1932
          1311 1932 1674
          1295 1522 1932
          1295 1932 1311
          1150 1932 1295
          1150 1522 1932
          1150 1932 1860
          1150 1932 1526
          1180 1932 1311
          703 1865 1933
          1180 1934 1393
          1393 1613 1934
          1507 1934 1646
          1137 1935 1260
          1260 1935 1807
          138 1935 1260
          138 1137 1935
          1260 1445 1935
          1260 1592 1935
          1592 1935 1807
          333 1592 1935
          134 1935 333
          1327 1364 1937
          1183 1327 1937
          632 1364 1937
          632 1937 1327
          592 1937 632
          535 632 592
          535 1937 632
          534 625 717
          1203 1714 1938
          1203 1938 1916
          1424 1714 1938
          1459 1938 1916
          26 1939 956
          26 427 1939
          26 979 427
          1191 1940 1266
          491 1941 1398
          98 1398 1941
          491 1941 670
          149 670 491
          149 1941 670
          670 779 1941
          670 1897 1941
          779 1941 1897
          199 1897 1941
          124 1942 1274
          1274 1942 1581
          1274 1310 1942
          1310 1942 1581
          1200 1942 1581
          1200 1310 1942
          917 1942 1581
          917 1200 1942
          276 917 1942
          276 1942 1581
          276 1942 450
          917 1310 1942
          231 1942 917
          1403 1943 1699
          21 1944 701
          21 701 324
          324 701 1944
          21 1944 1221
          701 1221 1944
          1221 1494 1944
          21 1944 1494
          1399 1494 1944
          11 324 1603
          324 1944 1603
          11 1603 1944
          1603 1812 1944
          1358 1944 1603
          125 1946 1886
          1013 1886 1946
          695 1886 1946
          316 1946 1886
          316 695 1946
          443 1946 1886
          316 1946 443
          443 1946 1013
          316 1946 1013
          316 1946 1797
          1013 1797 1946
          316 1946 369
          369 1946 1797
          369 695 1946
          261 1946 1797
          35 1906 1947
          67 740 1149
          1227 1947 1453
          1453 1947 1909
          1307 1947 1453
          843 1949 1672
          499 1672 1949
          843 1949 1821
          1672 1821 1949
          352 1821 843
          741 1949 1672
          1265 1950 1559
          1309 1393 1951
          1309 1314 1951
          1314 1393 1951
          1314 1500 1951
          236 1725 1952
          719 1952 1725
          1297 1953 1669
          1297 1446 1953
          1178 1953 1297
          1178 1953 1706
          1178 1953 1709
          1282 1953 1709
          1178 1953 1282
          1282 1953 1608
          38 1128 1954
          38 965 1954
          38 1371 1954
          1532 1954 1758
          256 1955 1490
          256 893 1955
          893 1490 1955
          1285 1955 1490
          893 1285 1955
          135 1285 1955
          135 1955 893
          1285 1955 1889
          135 1889 1955
          282 1955 1889
          436 1126 1956
          219 436 1126
          1454 1717 1957
          119 1717 1957
          119 1957 1454
          119 854 1957
          119 1717 854
          119 1363 1957
          119 1848 1957
          1400 1958 1883
          1072 1958 1294
          690 1958 1294
          519 642 1959
          561 1118 658
          902 1564 1961
          0 1961 1564
          0 1564 902
          1564 1961 1813
          830 550 1408 619
          1229 1186 1246 1746
          1271 1177 1940 1457
          1045 581 1023 599
          1488 795 245 1646
          888 785 1341 301
          726 1653 179 1497
          142 728 281 411
          1146 1386 62 422
          1822 362 198 449
          1746 778 14 1246
          314 930 1752 1459
          1109 1634 250 1930
          1487 500 267 17
          455 331 94 731
          937 616 540 1423
          1458 1834 541 1645
          913 287 105 1352
          281 1656 153 938
          1056 1148 226 1300
          1650 556 1805 638
          506 1476 1406 983
          746 743 238 460
          513 1542 1583 77
          290 879 1089 147
          1792 817 1580 101
          747 1349 1405 1094
          908 751 11 1358
          1006 1449 216 417
          1737 1240 344 1892
          496 1563 1359 1815
          439 1956 1126 1067
          1615 892 1499 1284
          1761 1494 813 1883
          968 1102 177 501
          1149 67 1909 1947
          1953 1706 1709 1193
          1843 984 1831 5
          1876 370 83 1891
          350 1329 1 998
          981 38 1160 364
          195 484 1133 769
          1334 1767 1219 354
          1958 1040 922 10
          1834 1430 541 1645
          1846 642 1413 551
          1377 1417 210 467
          1433 1798 180 706
          1479 1240 1892 1368
          1663 1316 1611 1225
          1865 1647 114 832
          1768 1542 159 1296
          590 1950 1832 1265
          1176 1557 1256 1368
          1387 1607 932 528
          1648 1378 1579 177
          1250 1174 1354 1332
          1289 526 714 962
          814 1493 1114 29
          1177 1805 1286 1517
          486 416 120 1359
          854 1606 263 1470
          772 777 1704 1224
          1285 1836 70 905
          1798 33 440 706
          1483 1294 664 336
          1475 1590 1026 314
          206 1479 873 1918
          1503 1397 1246 1903
          1069 681 118 436
          102 1384 1471 1555
          1681 1205 1175 1328
          1293 55 600 945
          1249 1613 1653 1311
          247 1718 1875 1378
          1114 1493 273 29
          1112 1454 437 1373
          1510 1466 1188 1698
          1474 1389 42 1400
          439 1067 744 112
          1878 1235 504 1701
          1373 1454 437 704
          1446 1178 1270 1288
          1616 684 830 568
          617 718 536 1361
          1612 925 190 1405
          363 1323 457 88
          286 897 1501 1063
          167 424 1666 868
          1142 784 351 1347
          221 1780 1341 785
          1578 885 1707 244
          1477 1280 675 956
          919 1281 571 626
          1573 1392 1182 1285
          1196 1277 1600 1620
          1663 1611 553 1225
          1636 1472 1167 1628
          880 87 1438 1091
          1375 1513 1859 1263
          227 1506 1793 1947
          786 238 460 305
          756 1041 1159 61
          1590 1916 51 314
          858 1732 335 501
          1658 1265 1016 1446
          1549 1927 1293 1202
          1607 844 620 932
          1580 1248 193 1143
          1861 144 434 1337
          154 851 412 392
          1692 1232 128 358
          1187 1637 1410 1331
          1814 1617 565 1226
          1871 1801 1205 1291
          1493 1532 1192 1745
          805 958 894 39
          312 386 1315 158
          1618 1156 1685 504
          380 388 1842 1353
          1671 1336 1521 1269
          597 1236 1369 643
          1563 1455 1132 1368
          1281 1874 1391 571
          1703 1237 1476 1784
          1759 1195 1574 1299
          604 1866 1408 1385
          1106 1452 1608 581
          1536 27 482 824
          242 894 1139 805
          1746 1503 1246 1903
          403 462 1597 36
          34 1254 1450 1633
          1268 611 842 529
          1445 1176 1619 1323
          85 1425 1780 835
          1641 1176 1619 1445
          1833 1292 1928 465
          600 797 945 55
          1502 1182 1490 1370
          848 1852 1245 1673
          154 412 764 895
          910 395 142 700
          1408 651 558 619
          1443 627 1602 1193
          863 1421 1945 330
          1526 147 1878 392
          352 1949 1821 1061
          1801 337 1205 1324
          1799 1760 825 44
          1127 1391 818 571
          629 1066 1387 547
          1658 1594 1265 1414
          1633 1254 1450 1343
          1170 1335 1871 1291
          1298 378 1493 814
          479 949 1496 20
          674 139 358 1232
          18 294 733 1035
          1597 167 1298 814
          1232 1422 358 1692
          1422 1179 1195 1299
          1723 254 1019 1305
          1334 1925 1767 354
          1173 1325 1811 1898
          1119 327 943 264
          285 499 843 132
          674 1232 358 128
          1735 1846 1584 589
          1167 1465 1292 1353
          730 610 1066 1950
          1418 287 1352 323
          1634 1873 1610 1093
          1183 1304 1236 1943
          1815 496 120 928
          405 142 1460 1084
          1864 1414 1594 1129
          1042 1474 42 1400
          1127 1301 1391 1905
          207 1732 1426 1800
          1580 1057 1748 1248
          1501 1143 241 1063
          1694 1290 1278 1121
          498 1302 489 1431
          1255 1278 1478 1700
          1392 329 1889 1626
          1143 1248 1415 1580
          152 1618 1685 504
          321 1704 76 1488
          571 775 626 1281
          1039 1018 512 175
          83 1366 333 1062
          96 990 1455 1365
          1450 926 886 1216
          53 490 413 886
          110 942 980 377
          358 1232 139 1759
          1135 387 1896 155
          84 1894 925 1544
          777 1861 434 1704
          746 112 1716 743
          1031 635 1917 1960
          1221 1680 1331 1187
          1455 985 268 1132
          254 1723 1587 340
          1880 473 58 1509
          854 435 1470 1363
          1747 1721 137 1378
          1464 1622 1222 1698
          1698 1817 1622 1222
          1749 1455 268 1210
          398 1897 921 741
          326 1773 370 1528
          1490 1573 1851 1233
          1472 697 1 16
          278 850 947 1471
          307 1040 690 204
          1658 1015 1265 1594
          1080 1196 409 1684
          1909 765 1227 1824
          1557 1176 1365 1260
          1261 523 638 1805
          1219 1440 1677 301
          89 1743 1595 488
          842 1864 1594 1129
          1539 525 1774 1259
          1625 904 685 124
          1672 499 196 502
          848 1245 1333 1673
          1081 1514 1301 637
          187 1483 664 336
          1045 1023 1282 599
          1697 1224 1861 151
          1164 1153 708 33
          1759 1540 139 935
          1533 794 1689 311
          1006 1775 1449 417
          1171 1278 1255 1700
          1898 1783 1537 1307
          1423 973 540 1301
          1494 302 1640 813
          98 735 372 466
          1284 1258 1460 1182
          1861 144 1481 469
          1464 1212 1698 1222
          1399 1601 1172 1312
          1774 1849 1321 1259
          1287 613 1754 603
          364 514 50 273
          1283 1463 650 1004
          1066 1789 836 1387
          1288 1953 1178 1428
          139 1302 489 498
          256 1285 1502 905
          1278 463 870 37
          1423 1226 1301 1181
          1511 663 229 738
          105 287 435 1352
          1784 1506 1317 1169
          1751 1446 615 1270
          242 805 1139 1041
          227 1824 763 1317
          5 1831 1241 1561
          1300 36 446 1056
          375 166 872 703
          1349 1384 1555 170
          656 749 182 1160
          1698 1825 1188 1510
          1596 259 815 957
          1392 1258 1182 1285
          1695 408 1931 234
          1524 697 1 1472
          737 55 1293 945
          1741 1004 1463 1251
          1300 1148 226 1375
          1947 1793 35 1506
          406 1249 1738 1087
          146 306 875 855
          1320 1549 1168 1236
          321 1488 1328 1704
          446 1532 852 191
          1301 637 1430 1834
          294 677 1521 1269
          1494 1312 1017 1399
          13 1833 1928 465
          1350 1071 745 151
          1858 1046 628 202
          107 304 1318 827
          1308 1544 305 460
          1264 1761 10 1883
          190 436 1956 1662
          1157 54 1163 1046
          506 28 1476 983
          1344 1314 152 1500
          528 1609 595 821
          1685 1156 79 504
          1341 1152 99 1790
          80 770 407 1309
          729 1275 1908 1631
          1953 1297 1706 1193
          1087 1566 685 1738
          1256 738 1772 1511
          1195 1302 1823 1759
          1691 1077 584 720
          509 1534 93 1138
          1597 36 462 1569
          1443 526 1286 1289
          146 875 357 1572
          113 1135 1896 432
          791 487 164 1855
          982 479 380 1217
          1170 1291 1871 1324
          1687 563 644 1321
          1338 1326 1528 266
          582 1266 1629 1627
          1662 1797 432 113
          930 805 242 667
          1105 609 1004 1251
          735 1623 372 1441
          1181 1849 1283 1708
          71 1284 892 1642
          1227 1824 1788 1453
          1596 1240 1334 1925
          1360 846 957 103
          1178 1594 1197 1268
          1233 69 468 745
          1643 625 1140 877
          1844 192 713 339
          1872 1906 1386 1537
          1380 364 852 1532
          1203 1174 1329 1269
          1312 1761 1264 1494
          1308 1544 1377 761
          1575 237 1333 1673
          952 1278 507 1461
          534 1403 1140 1320
          1133 769 1159 368
          389 1783 67 1307
          1263 1811 1192 1300
          866 1288 602 542
          1681 1224 1704 1337
          510 1684 1080 6
          1173 1898 1811 1307
          683 246 448 874
          1149 227 1793 1947
          1864 545 1414 1129
          439 400 744 1067
          113 387 1896 1135
          247 1378 1875 455
          723 507 168 1461
          552 601 638 1261
          1055 612 1362 577
          847 1548 617 1107
          1802 1932 1526 1231
          913 287 1352 1418
          1206 1828 31 1537
          303 1030 1496 1778
          566 1786 1548 1734
          1294 1483 1680 1187
          1252 1357 1167 1277
          1652 1839 127 371
          1167 1600 1465 1252
          1565 1690 995 120
          1018 1533 1689 311
          409 186 711 1277
          1112 680 437 1454
          403 46 1207 1666
          1647 166 470 703
          1488 1199 1646 1598
          857 1287 999 522
          929 729 213 1332
          803 1768 1729 1123
          500 756 61 1041
          1081 567 1514 637
          1373 263 91 1820
          105 913 1825 1342
          137 997 731 247
          1032 40 1250 1795
          1418 423 323 853
          1457 1177 1289 1538
          961 1620 186 1277
          837 123 1230 1921
          1813 1795 1550 1347
          1272 1756 1185 1444
          1283 650 543 609
          1481 1881 1681 1200
          171 871 1456 1211
          1917 635 1715 575
          1376 1784 1506 252
          534 1943 1699 911
          1840 1441 1438 1209
          40 729 929 1332
          137 1378 731 331
          1425 1686 1201 1390
          1381 1628 1174 1238
          1010 166 470 297
          926 1216 224 886
          1299 691 1574 148
          678 1363 119 1848
          923 1282 645 599
          281 700 142 411
          406 1653 1249 179
          1238 1472 1628 1215
          80 770 1309 971
          1741 1874 1218 1463
          295 1665 1033 1795
          1396 1914 1612 1405
          1614 1934 1296 1489
          1048 1760 1492 44
          1914 84 1894 1612
          319 1466 1595 1817
          272 513 1123 1729
          1379 1276 1577 281
          1211 1585 914 673
          276 1335 1581 1670
          1447 630 714 1286
          301 1219 1790 1401
          1736 1859 30 1263
          235 794 1533 311
          1938 1459 1203 1214
          759 1648 455 1579
          53 1253 1148 474
          1451 255 833 1134
          920 574 705 1320
          1285 1955 282 905
          1160 1128 182 514
          21 1494 1017 1399
          936 779 149 447
          1760 1492 1620 1196
          887 1844 110 339
          185 410 1507 971
          1468 143 1819 1338
          330 1547 674 128
          1290 1621 1530 1237
          973 540 1301 790
          1947 1432 1906 1307
          37 507 723 1461
          694 59 944 1290
          1376 1169 1237 1305
          535 1937 717 592
          47 756 1487 1434
          330 1547 1945 674
          1422 253 1759 935
          815 1803 385 1899
          1775 417 264 958
          1040 1427 1958 204
          909 937 563 1423
          1248 1748 1143 884
          1648 1014 233 455
          405 1284 1460 1340
          1509 345 473 58
          114 832 419 1125
          1305 1376 1723 340
          167 1666 1298 868
          1069 1126 1068 400
          1563 1240 1404 1210
          1443 1902 1538 1177
          1463 533 650 1004
          1338 82 760 266
          1338 966 1511 1322
          1026 51 943 314
          473 1355 43 1757
          858 501 1534 162
          1348 1303 1168 1251
          1388 655 818 560
          347 899 884 81
          1210 1749 416 268
          1264 1958 1883 10
          1628 1215 1167 1347
          993 1891 1876 289
          746 150 743 460
          883 1262 611 549
          1173 1300 1298 1811
          1413 1304 643 1236
          1292 1465 260 1353
          1212 1915 1464 243
          1614 781 296 1542
          1221 1556 324 701
          1624 1469 1912 25
          806 1589 1243 235
          1324 123 255 686
          499 343 1044 130
          1656 669 153 475
          1336 1837 1174 1332
          1132 1563 496 268
          1382 1118 1034 538
          1206 1898 332 1828
          1692 441 1232 1390
          800 1439 1407 24
          542 1288 796 1106
          1218 1388 560 1675
          1555 217 947 483
          898 444 252 1784
          1343 1450 1605 1169
          260 1292 709 7
          48 1110 1330 771
          1818 1766 682 1202
          398 921 342 715
          793 395 492 277
          1465 829 260 388
          1480 501 1534 335
          866 542 602 796
          1632 1257 598 1458
          1752 930 374 1459
          1314 1180 1932 1802
          26 1477 675 956
          149 670 342 779
          71 1084 1642 1060
          1510 1466 1698 1222
          386 83 1366 970
          1489 1296 1614 1180
          1924 1567 1287 1763
          231 1942 904 1310
          739 1029 338 1314
          194 764 687 412
          567 1645 1259 1514
          981 364 49 1380
          721 1378 331 177
          1549 1239 1168 1303
          454 1839 1083 371
          1362 1055 517 612
          1384 681 1808 161
          740 1947 1906 1307
          1494 1017 302 939
          1597 1666 403 1207
          1749 990 268 1455
          1422 1785 358 1692
          1104 1736 668 226
          661 13 1503 1570
          659 1430 541 1905
          492 1313 1535 176
          1208 1516 1700 1171
          1848 1957 1454 1209
          144 391 1409 1545
          1453 1898 1325 1307
          1772 1455 1368 121
          1025 1684 510 6
          110 820 942 396
          736 192 339 974
          1306 461 145 357
          1211 1392 1182 1573
          152 799 290 1674
          1680 1483 1267 1187
          1332 1496 1336 1837
          1275 1383 1203 1174
          1228 1696 1927 1293
          678 1448 1848 269
          637 1645 1430 1834
          893 1244 135 1887
          449 362 136 428
          274 1346 697 1215
          1351 1224 1451 1170
          1528 1468 1891 1366
          1432 1947 35 1506
          446 1380 1745 1569
          1365 1176 1619 1641
          513 903 296 77
          1616 1594 610 1111
          1503 1186 1397 1319
          665 1568 488 172
          1476 28 1406 983
          1159 769 61 1041
          243 1464 449 989
          1278 870 1541 1478
          261 1946 1013 1075
          1078 993 289 987
          1631 672 47 1007
          1175 1681 1328 1704
          1679 831 1696 737
          1472 1346 1628 1215
          301 1586 1677 1401
          1235 1674 504 290
          1378 455 247 731
          1320 1239 1168 1549
          333 1366 1807 1062
          253 1540 1574 1759
          1574 691 349 148
          1267 1680 1358 1172
          1708 1435 580 1720
          75 1029 739 1500
          636 1271 881 1539
          1375 1513 30 1736
          1109 363 88 1323
          671 993 1078 987
          362 1606 1003 428
          1291 1335 1581 1585
          786 1308 305 460
          652 520 773 1679
          1423 1321 563 1687
          379 28 1237 1693
          1253 1723 1019 1305
          261 369 1075 712
          1000 360 1887 1244
          1201 1359 1179 1390
          1903 1739 1397 1246
          1589 1189 1363 1957
          1200 1871 1581 1274
          383 1160 749 656
          1445 1234 298 457
          696 1254 1027 58
          795 185 1242 1870
          75 1393 328 689
          79 504 948 1701
          1429 1526 699 154
          1365 1256 1455 1176
          1447 1805 1286 1261
          1555 741 727 1845
          1224 1704 1337 1861
          1598 1646 106 1199
          1196 1620 1600 1229
          1665 1329 1383 1174
          105 435 362 1352
          406 1311 1653 1489
          1772 738 121 284
          1520 1183 1403 1937
          1697 1233 468 745
          925 1933 190 1678
          834 9 751 1331
          1069 750 205 1068
          321 1451 1328 188
          1890 1229 1961 1141
          361 1468 1365 1260
          1791 1847 1038 73
          368 769 1159 1139
          981 38 364 1954
          141 1489 1311 406
          745 69 1851 1233
          516 1617 818 1391
          1684 1277 1252 1600
          1375 1148 226 1104
          1276 429 1577 1656
          1531 484 1461 1372
          1677 1440 1586 301
          661 1570 65 465
          730 1265 1015 610
          888 1341 1401 301
          687 1748 193 1057
          1194 1703 1476 1317
          1395 762 1263 1371
          1437 72 1043 429
          887 1064 110 1844
          1650 1805 1261 638
          120 486 995 416
          1280 1355 1194 1621
          1879 43 473 1355
          1560 458 1238 16
          1867 691 116 1440
          999 1287 603 522
          1733 1519 568 1554
          1160 514 364 1128
          1760 825 1312 203
          1656 429 1577 153
          150 480 443 230
          981 1371 762 38
          1231 1295 1542 1932
          607 554 1049 1297
          1601 1760 1196 1492
          1014 331 94 455
          1385 568 1660 640
          709 1636 1292 260
          1390 1731 1359 1210
          1677 1484 299 512
          1249 1613 1199 1653
          303 1030 1778 711
          1299 253 1759 1422
          1044 343 1572 130
          1892 1240 344 1368
          1943 1183 1403 1236
          1096 1710 249 1340
          1626 1392 1573 1244
          450 1291 156 1581
          1642 1020 122 394
          1667 1190 1621 1356
          863 1822 198 449
          822 1705 1464 933
          1036 17 1487 1521
          1316 808 1766 569
          523 1517 1261 1728
          1368 1455 1132 121
          837 1230 1920 1921
          44 1492 1620 1760
          380 1353 1842 19
          105 1705 362 1212
          1641 96 994 1749
          465 1292 260 7
          1002 1092 1782 588
          1719 1792 241 1415
          1302 1374 498 1195
          288 694 824 27
          319 1817 1222 721
          1257 1177 1289 1457
          1459 66 1036 1938
          804 1575 1757 1355
          567 1774 1259 1539
          860 258 745 1350
          1519 649 1554 1733
          871 1211 1499 1456
          1358 214 908 751
          1576 1225 1181 1423
          409 1620 1277 1196
          1564 1813 902 1346
          1307 1432 1906 1173
          187 1389 1483 336
          1614 1895 1489 819
          377 178 713 736
          500 1487 1041 667
          406 1311 78 1087
          976 1552 23 345
          270 1424 998 348
          406 1311 1249 1653
          1135 839 387 155
          1084 1642 1258 1460
          1177 1538 1287 1247
          1102 1817 721 1721
          1024 1323 1776 1803
          1210 1234 1390 1731
          1546 1188 1510 1893
          846 206 1360 957
          1604 1207 1173 1411
          1376 1506 1784 1169
          459 1073 24 1439
          145 806 1589 1702
          1320 1168 1369 1236
          105 913 1374 1794
          806 880 1589 235
          1940 1261 1517 1728
          1237 28 1130 1406
          718 559 940 620
          1322 966 826 189
          1709 645 722 549
          1729 392 1860 1231
          1669 607 548 1446
          1303 546 578 698
          720 1571 600 945
          1328 1175 1598 1345
          1881 1545 1200 1481
          1856 1305 1343 1253
          1467 883 1926 585
          1678 1405 1094 747
          1390 1359 486 1201
          482 209 490 1856
          789 941 265 1345
          312 386 1062 1315
          1700 1407 1185 1245
          348 211 1560 458
          450 1581 156 1274
          1807 1366 1137 1260
          1459 1752 1203 1275
          876 1845 1907 199
          1312 1427 1761 1760
          456 1099 132 352
          1653 992 1489 265
          1237 1406 59 1290
          1653 1613 1489 1311
          519 1764 1571 1959
          1863 661 1570 65
          291 1065 1026 1590
          85 1780 988 835
          1773 430 83 1891
          1841 1237 1530 340
          1223 1873 1360 1634
          1822 1705 362 449
          835 1421 198 330
          1311 1854 1522 1295
          164 487 339 1855
          305 746 238 460
          242 930 894 805
          1223 1315 1184 1415
          1954 1160 364 1128
          574 1643 1320 1140
          1286 1538 1289 1177
          225 1697 986 1644
          1411 254 403 36
          1947 1824 1227 765
          1631 1275 310 1505
          1721 951 1378 240
          1800 858 509 207
          227 444 898 1317
          1617 655 818 1388
          1390 1210 1359 1179
          179 685 1649 1249
          398 921 715 1672
          1437 225 1043 1076
          876 704 170 437
          1438 1209 680 1454
          1219 1039 1767 1677
          1496 1913 1778 1250
          456 947 1099 217
          918 1052 1750 1538
          1250 40 1354 1795
          1543 784 1347 186
          1938 66 1036 733
          1489 992 819 265
          1341 1401 1508 888
          1920 1921 249 686
          975 287 913 780
          1421 1431 489 1302
          1866 932 1204 1385
          1465 3 829 388
          1871 1436 1350 1200
          97 1115 816 828
          1335 74 1000 276
          285 1044 502 499
          380 388 1353 19
          1069 118 1068 1126
          1159 242 1139 1041
          1897 92 921 741
          502 1044 357 130
          154 392 412 1729
          198 1421 863 330
          1780 85 1690 1201
          1594 1129 583 842
          1387 844 1607 528
          1519 684 529 1268
          1183 1927 1549 1236
          674 1547 1232 128
          583 842 614 1594
          1175 1681 1704 1337
          490 1856 53 482
          491 1941 149 936
          150 743 346 746
          1275 1214 1631 1332
          199 876 1845 1929
          1464 95 989 1622
          1108 607 1669 646
          1700 1278 1478 1185
          1206 1898 1395 332
          1011 3 1831 1787
          583 1594 1936 1111
          1649 904 1625 124
          1788 1008 1722 366
          1425 1390 1232 441
          280 1470 1820 742
          896 1863 908 65
          1893 841 1510 1079
          817 1580 193 1143
          91 850 278 809
          1032 1543 711 186
          743 112 1770 746
          1721 951 137 1378
          1733 649 1554 1273
          1927 1413 1202 1549
          1339 1902 1517 1286
          1477 1880 675 1280
          1170 1335 1436 1871
          1768 1231 1729 1123
          1319 1172 1397 1267
          430 1773 1468 1366
          72 1710 1096 1340
          1595 445 319 1743
          804 237 1575 1673
          51 397 327 1021
          792 378 1386 1906
          1453 1325 1173 1307
          1241 1319 1358 1172
          502 499 1044 130
          1515 402 133 794
          642 1668 1846 1735
          1457 1538 918 555
          736 192 1844 339
          110 1844 980 713
          552 1805 1447 1261
          1222 721 1568 319
          129 1426 1279 791
          1397 1319 1267 1863
          1477 1700 1245 1171
          1549 1183 1236 1403
          1662 219 1116 1956
          1707 244 1912 1578
          1501 884 1143 81
          326 82 1338 266
          1850 461 1306 357
          671 126 993 987
          1298 1300 1597 1745
          1734 1273 1554 1588
          1298 1300 1745 1192
          1930 1109 1634 1592
          1081 567 637 1028
          1303 698 1664 546
          1694 983 373 183
          1694 183 507 1407
          1400 1958 1264 1294
          1398 1396 1804 1349
          727 161 1061 483
          1697 1224 1350 1861
          1486 853 1101 423
          820 184 1839 371
          380 1842 1217 1796
          767 1251 1283 609
          1416 1589 145 1306
          1547 1232 1823 1759
          1954 965 1128 273
          113 387 261 1896
          1788 696 222 1008
          1310 1625 1249 1649
          1861 1704 1337 434
          1784 1693 444 252
          527 722 1558 1247
          68 395 492 793
          106 1199 1614 1895
          1503 13 355 732
          1620 351 186 1347
          1808 1678 190 681
          762 381 1395 52
          1501 1143 1063 81
          1701 1235 1089 1878
          1539 525 881 636
          1285 1573 1244 1490
          1576 1225 1251 1394
          320 95 1622 859
          163 1552 763 976
          515 656 632 1402
          1074 1556 900 367
          882 1786 566 1588
          1619 1365 1641 1210
          1256 1455 1368 1772
          1659 1786 1588 1273
          681 297 1069 118
          868 424 1666 35
          906 50 514 773
          1487 1459 667 1036
          735 269 1441 169
          1437 1076 1043 72
          1741 560 1218 915
          767 579 1283 1394
          1865 832 786 305
          875 1416 145 1572
          1255 1478 1278 1541
          1173 1666 1298 1597
          1542 1295 1860 77
          661 13 1570 465
          540 1514 653 937
          815 1512 385 1803
          696 345 23 1552
          1018 1533 1401 1689
          425 292 1344 1625
          623 554 1602 1706
          1504 1534 1800 335
          1177 1266 1339 1382
          967 817 1792 101
          134 1592 1935 363
          958 1119 805 264
          432 1405 1612 707
          1182 1573 1233 1437
          1547 1302 489 139
          1416 1820 280 1470
          1912 244 771 1469
          107 766 1885 1318
          746 112 1770 1716
          1890 1961 0 1141
          1380 446 49 226
          1506 252 424 1376
          1430 541 1281 659
          1811 1325 1206 1898
          932 620 1361 562
          1615 1211 1392 1284
          415 1462 172 782
          199 1845 727 1897
          1524 1215 274 697
          1731 994 200 1749
          439 400 205 744
          1421 1915 863 1945
          1596 1713 1334 1220
          1391 1301 1127 657
          164 1855 1919 1279
          1017 1312 302 825
          1 1329 802 1524
          1558 1193 1709 1706
          1736 1263 1380 1300
          511 187 426 1410
          1571 1293 600 945
          1309 1296 1231 1768
          1211 1585 1170 1456
          923 645 1709 549
          432 1612 433 236
          411 938 1164 33
          1552 763 1824 1317
          1620 1829 315 351
          352 217 1061 483
          462 1597 1745 814
          338 1156 79 1685
          1370 1043 140 1577
          1052 526 1443 1289
          1541 1667 1290 1356
          850 1373 1147 809
          864 1632 598 755
          516 1617 1391 657
          1570 1186 1503 1319
          1643 1403 1549 1320
          1950 610 1789 1559
          772 1697 986 151
          1267 1397 1294 1172
          187 503 1474 1389
          1449 1591 979 1208
          1771 566 1734 801
          1615 1499 1211 1284
          699 215 1078 418
          1408 550 651 619
          1565 120 928 1359
          1000 1887 135 1244
          1218 1463 1576 1251
          1888 202 1327 831
          1162 1091 402 87
          1233 1170 1851 1350
          1692 298 1005 1641
          1189 1363 1826 1243
          1409 1310 1198 1175
          1312 420 302 825
          1385 801 640 532
          215 1051 418 851
          1373 704 1147 809
          1000 74 1626 329
          1487 756 1041 1434
          1607 718 617 1361
          1409 391 1136 1910
          1082 753 1356 197
          1206 1307 1386 1811
          689 1393 328 1816
          1333 983 1406 1694
          1799 1196 409 203
          1856 1343 1605 1253
          1912 244 472 1578
          664 1739 336 1294
          1861 151 1071 1350
          862 1679 520 1959
          1786 1197 1548 1734
          1439 64 376 459
          699 215 671 1078
          729 1275 1631 1332
          1149 67 765 1909
          1875 1308 1718 786
          1689 794 133 311
          1353 1465 260 388
          1851 1436 293 860
          1563 1132 121 1368
          1499 390 1340 1284
          1384 1678 1405 681
          1659 1273 1588 624
          516 705 1617 657
          1408 619 757 539
          1795 40 1550 784
          1477 473 1880 1280
          1828 31 1525 1206
          1733 684 568 1519
          1859 313 1395 1325
          1604 1227 1506 1169
          1395 381 1525 52
          1478 870 1541 165
          1559 1548 547 847
          1792 1688 1213 1918
          1871 1481 1224 1200
          1648 721 331 177
          1378 1648 331 177
          1662 436 1116 113
          1838 301 1195 1794
          480 111 443 230
          1910 1868 425 904
          1064 1743 218 319
          700 395 142 411
          1127 1391 571 659
          439 1069 205 1068
          1037 1240 86 873
          789 1847 73 1038
          479 1336 1724 1217
          1170 1335 1244 1436
          1362 797 55 1012
          842 545 1864 1129
          1878 1685 79 504
          53 1375 1148 1253
          1496 1217 1913 1250
          1798 440 180 706
          1278 1694 1121 952
          144 391 689 1409
          1084 1284 1460 405
          1488 1598 1646 421
          652 906 520 1155
          720 1571 945 572
          1175 1704 1328 1337
          319 1817 1595 1222
          360 1335 1000 276
          550 684 619 830
          1563 1210 1815 268
          84 925 1612 1405
          374 1459 1434 1214
          362 1705 428 449
          1541 463 944 165
          547 849 1607 1387
          629 591 559 844
          793 1151 395 277
          1449 1330 885 48
          745 1851 1350 1233
          1710 1644 249 1230
          474 254 1723 1411
          893 1244 1887 293
          1898 45 332 476
          386 970 1366 1315
          1706 1297 1602 1193
          1415 1143 241 1501
          1708 1435 1720 1281
          948 671 912 251
          1836 1053 70 905
          513 1542 1729 1583
          1397 1294 664 1483
          542 1288 1106 1452
          1098 1417 480 111
          1759 1195 498 1540
          139 1759 498 1540
          1452 1567 1608 1023
          1223 286 1930 897
          1220 1776 1422 1234
          1454 1373 1306 1957
          1218 1617 818 1388
          550 684 1408 1616
          657 1301 573 973
          456 217 352 483
          1576 1251 1663 1348
          887 445 218 1064
          1557 1213 1772 1368
          1057 189 1580 399
          1796 380 19 716
          1822 1464 1705 449
          1580 1057 193 1748
          1851 1244 293 1436
          1567 1750 1538 613
          502 499 196 285
          1956 219 1126 1067
          1916 1021 1119 66
          1761 1640 10 1883
          767 1394 1663 934
          1516 1356 1255 1171
          1361 566 617 1548
          1500 1314 152 1029
          1064 445 218 1743
          1428 1608 1282 581
          1782 1924 1287 857
          1924 575 1763 857
          748 1952 1417 111
          1455 1368 1210 1176
          1391 1281 571 659
          1044 1572 146 357
          1563 1455 268 1132
          450 787 156 1291
          69 1233 1490 1851
          1464 1222 989 1462
          1367 1552 1317 1703
          800 393 1439 24
          1828 1898 332 476
          1537 1386 62 1146
          1785 1776 88 1234
          1861 1350 1071 258
          1580 399 101 817
          506 28 444 1476
          1304 515 1364 1402
          1741 1675 560 634
          1516 1356 1707 1255
          766 1416 1885 1318
          1445 1641 298 1234
          1471 170 452 1147
          1690 1359 1491 1201
          959 102 483 1384
          908 1319 1657 65
          227 1824 1506 1227
          1166 1438 130 461
          1692 1785 358 1009
          1422 1220 1299 1776
          1293 797 55 1362
          602 1857 1751 1288
          21 1113 1399 384
          426 8 793 946
          934 1687 553 978
          1626 1000 135 1244
          1589 1209 1243 1515
          1434 1459 242 667
          1853 1418 1546 1486
          1552 1194 1317 1703
          1392 1626 1285 1244
          1258 1836 1502 1285
          1367 1703 1317 1169
          1206 1898 1537 1307
          1686 486 1201 1390
          849 559 1607 629
          1446 1288 548 1669
          1569 462 1745 191
          1463 1218 1741 1251
          446 1569 1745 191
          1894 761 162 1417
          114 832 1125 786
          1620 1347 186 1277
          1856 1019 53 482
          1224 1200 1681 1871
          633 545 1262 608
          798 175 1039 354
          110 377 980 1844
          1291 1581 450 787
          1416 1373 1189 1306
          1879 890 43 1673
          1645 1430 1259 1514
          1736 446 1380 226
          1637 900 451 1331
          1301 1181 1430 1514
          1723 1587 403 1411
          1616 1197 1734 1548
          1398 372 1907 199
          259 354 1037 1925
          574 877 1643 1140
          1470 1373 263 1717
          207 1732 1800 858
          1218 775 1874 915
          1232 1179 1759 1422
          530 615 1107 847
          1108 646 1669 606
          894 958 1444 39
          882 1659 1786 1588
          521 1316 643 1369
          320 822 1102 117
          1200 1545 1881 1310
          259 354 1925 1334
          1391 1463 1218 1874
          139 1195 498 1759
          957 1596 1037 1479
          1250 1354 1215 1795
          1280 1509 1880 1254
          1846 1679 1959 1735
          1025 1357 1252 1684
          1719 1918 1213 1479
          492 395 1151 277
          1731 1641 200 994
          1333 983 1694 183
          38 383 749 725
          1679 182 652 656
          75 1393 1500 328
          845 1401 1689 1484
          1535 277 492 1042
          53 1253 474 1019
          621 1031 1683 1339
          1729 392 1526 154
          802 1524 274 697
          1049 623 1658 1297
          1655 628 594 1327
          1427 1779 204 1048
          830 619 1408 539
          702 1457 555 1754
          335 1732 1426 968
          989 1464 449 95
          1570 1503 1863 1319
          1508 1826 1589 1189
          76 1488 245 421
          1459 667 1434 1487
          1522 359 1144 1854
          325 1853 780 1418
          1549 1927 1413 1236
          386 83 1062 1366
          1479 1176 1368 1213
          1477 1591 1355 1673
          1316 639 808 569
          1450 1254 1367 1169
          566 1786 1734 1588
          1381 1217 1174 1628
          312 1062 134 1315
          1416 145 1702 766
          1907 1845 1349 199
          592 911 1364 717
          1308 1579 1875 1378
          544 1904 702 603
          561 658 1960 1266
          1364 515 1304 867
          660 1812 324 1603
          333 1807 134 1062
          747 1349 1384 1405
          1558 1709 722 1262
          1526 392 699 154
          1900 1633 823 209
          1305 27 482 1536
          145 880 1589 806
          1218 1388 818 560
          1845 876 437 1929
          1362 612 797 577
          793 8 395 1151
          1125 997 114 786
          1366 430 1137 1260
          197 1633 1280 1880
          1596 1240 1925 1037
          4 1346 902 1420
          1510 1079 365 174
          1702 1508 1589 1189
          347 1748 687 194
          418 1326 158 1593
          1236 1943 597 1699
          273 662 50 364
          1018 311 512 175
          138 865 298 1445
          1193 1669 646 606
          1380 1371 257 981
          439 1069 1068 400
          1641 1455 1210 1365
          66 805 930 667
          13 1928 1503 1570
          1374 1440 1195 1838
          34 926 886 1450
          1242 1198 1613 1175
          492 1798 367 1313
          1621 1194 1703 1237
          1409 1816 1337 1242
          173 435 854 1103
          988 85 1412 1527
          1423 1225 909 1369
          1386 378 422 1493
          1949 352 843 1099
          1183 1696 1362 1293
          1579 1102 177 1378
          1941 372 1929 466
          1312 420 825 1760
          1631 1487 47 672
          1798 1161 708 440
          913 1838 1374 1794
          1481 1350 1861 258
          1262 722 608 549
          1644 438 225 1076
          1807 1184 1260 1557
          1113 679 1399 384
          232 734 64 459
          1731 1234 1390 1641
          753 1633 823 1900
          1487 1434 1041 667
          1607 559 844 629
          1759 253 1540 935
          1504 869 471 93
          1175 1249 1649 1310
          236 1725 746 460
          1263 1395 414 762
          858 501 335 1534
          1139 39 769 805
          1376 1693 1784 252
          1813 295 1550 1795
          80 410 971 1309
          1693 1476 1237 1784
          98 228 495 1398
          1694 1407 507 1278
          1178 1594 1268 1414
          223 924 1419 1546
          1862 757 991 539
          1862 1408 830 568
          1200 1670 1545 917
          1900 1190 1343 1536
          1457 648 1289 1257
          5 1011 3 1831
          902 1961 1890 1346
          1421 1682 1915 1945
          1346 1472 1292 1420
          1216 861 1513 1453
          1452 1023 1608 581
          729 1908 310 1631
          1432 1506 35 424
          228 1094 1396 1405
          314 264 930 1119
          1880 1633 1254 494
          516 1391 1127 657
          1406 1130 59 373
          1593 115 1748 764
          747 170 1349 1094
          96 1455 1749 1641
          1066 610 1789 1950
          1396 432 748 155
          1258 1695 1460 700
          379 28 1130 1237
          1303 1741 1576 1251
          513 296 1542 77
          1595 841 1222 1510
          1103 287 678 323
          1474 503 277 1042
          1902 1917 527 1247
          943 51 327 1021
          1309 770 1802 1951
          1558 1706 1602 1193
          768 1429 1878 699
          258 144 434 1861
          1901 257 1736 1263
          1642 394 1392 1615
          1387 1050 591 528
          1915 243 782 1462
          479 1496 303 20
          212 1396 1804 1398
          1477 1591 1673 1245
          1177 1940 1517 1266
          674 1547 489 139
          643 808 1413 1316
          1738 292 685 1625
          811 1840 402 1515
          1244 1335 1170 1211
          30 1859 1753 1901
          68 395 411 492
          1214 1459 1487 1521
          949 1837 267 1521
          479 1336 60 1724
          1242 1409 1198 1175
          367 411 492 68
          973 1301 573 790
          902 0 1890 1961
          1635 1851 893 293
          1186 1601 1397 1319
          1665 1215 274 1524
          1695 142 1460 700
          1310 1649 1274 124
          1455 810 1365 990
          179 1649 1497 1249
          491 1058 839 212
          1460 1182 1340 1284
          1571 737 945 572
          1530 340 1305 27
          281 1577 464 840
          1064 339 887 445
          1177 1447 1257 1289
          1500 1951 739 328
          1134 1639 1921 686
          1563 1404 1359 1210
          360 1244 1000 1335
          1480 1534 1504 335
          1770 112 1067 439
          717 1364 1937 911
          1928 1465 260 1292
          1399 1241 1358 1172
          621 561 1031 1960
          1871 1274 1801 1291
          1679 1562 773 182
          1446 1953 1288 1669
          332 1206 1525 1395
          1517 523 638 955
          1463 1874 533 915
          776 881 1629 1539
          100 1915 782 1682
          1292 1472 1636 7
          1636 16 709 7
          1680 1812 1331 1358
          746 1770 439 1716
          1225 1576 1168 1369
          1265 1197 1559 1270
          1825 913 1418 1342
          1718 240 951 1308
          1918 1688 1213 279
          1333 848 983 183
          1653 1249 179 1497
          1893 1466 1188 1510
          1255 1912 472 41
          1816 1507 1242 1393
          1255 1707 1912 1578
          1497 666 179 692
          1596 1334 1240 1220
          604 1408 757 1862
          793 1151 277 946
          1225 1226 1576 1369
          1025 1252 510 1684
          1587 1207 46 1723
          567 1514 1259 1774
          383 1858 1712 202
          1448 845 1363 1243
          812 210 869 1138
          1934 1296 1489 1180
          768 1802 407 157
          1459 930 242 667
          98 1941 491 936
          1557 1184 1415 1223
          1047 1145 1859 1513
          1871 1335 1436 1200
          1863 1319 908 65
          1115 223 1546 828
          89 1595 1279 1893
          804 1495 1673 43
          499 1672 196 843
          1961 351 1620 1347
          963 327 1119 264
          1251 1283 1181 1394
          684 1268 614 529
          152 1685 1235 504
          1281 775 626 533
          485 1421 362 1822
          68 492 367 1313
          616 909 1423 937
          730 531 1015 1265
          1333 1673 1171 1355
          547 1950 1789 1559
          1464 933 449 95
          253 1759 1574 1299
          777 1861 1704 1224
          1255 165 1124 472
          344 1563 121 1368
          1180 1314 1235 1344
          41 1255 1124 472
          1300 1597 1745 1569
          1260 1176 1365 1445
          580 650 950 1283
          450 666 124 1274
          150 443 1001 230
          1871 1350 1481 1200
          102 947 456 483
          947 217 456 483
          1213 1688 996 279
          1387 1607 844 629
          1848 811 1441 269
          1652 488 127 1568
          1436 860 1481 469
          188 321 421 1328
          1196 1600 1252 1241
          1238 1628 1524 1215
          1436 1887 360 1244
          184 396 1014 942
          663 82 738 1338
          1314 1029 1685 152
          138 1935 1445 363
          1415 1501 1184 1248
          1622 721 127 1568
          1034 575 1924 857
          1624 275 368 25
          497 1624 1095 25
          1817 1466 1595 1222
          1898 476 1783 1307
          264 1110 894 1444
          357 1572 1306 130
          916 1632 864 1447
          835 1425 1547 441
          1105 609 1251 767
          1059 1740 576 631
          1554 1273 596 1588
          1929 1454 437 680
          1665 350 1383 1329
          1665 350 56 1383
          1904 1457 702 603
          132 499 788 285
          762 1395 1525 1371
          616 1226 1423 1369
          1750 1567 1452 613
          1641 1619 1234 1445
          1772 279 1368 1213
          1629 881 582 1627
          703 1678 1933 84
          762 1525 381 1371
          1811 1298 1386 1493
          1388 1643 1097 1239
          122 1836 907 964
          347 1748 1248 884
          237 848 983 1333
          1418 975 90 780
          1370 1182 1490 1233
          1138 1377 1534 210
          1702 1508 806 1589
          1320 1236 1369 1814
          810 1256 1819 229
          1295 903 1860 77
          1299 1179 1334 1220
          1282 1023 645 599
          1609 836 557 1050
          1226 1576 1181 1423
          373 59 1406 1121
          1427 204 420 1048
          1746 1141 778 315
          275 39 1372 1139
          1331 1812 751 1358
          42 307 1072 477
          1557 1256 1213 1511
          1776 1323 88 1234
          1653 1613 1199 1489
          1527 1412 827 248
          1534 501 1377 162
          432 1396 1405 707
          1337 1409 1175 1881
          1734 1554 568 801
          1742 1835 131 715
          1246 1779 1427 1492
          1916 66 1938 733
          1451 1704 321 1328
          56 1383 291 927
          1591 890 1879 1673
          1506 898 35 424
          1270 1659 530 1661
          521 808 643 1316
          1825 1510 1431 174
          163 444 763 1317
          1272 417 1110 1449
          1524 350 1665 1329
          1445 865 298 1641
          1117 533 1281 626
          334 221 1744 988
          599 1023 645 522
          1253 1169 1216 1604
          1232 1179 1195 1759
          1177 1940 1257 1447
          1806 266 760 1051
          1351 438 104 772
          1449 1272 1591 1208
          766 1702 1416 1318
          1363 1957 1848 1209
          1354 1383 1275 1174
          1491 1179 1219 1473
          259 1713 1334 1596
          227 1506 1947 1227
          1168 1236 1549 1316
          1797 261 1013 443
          1286 526 1447 1289
          145 461 1306 1589
          1667 1190 1900 1536
          1424 1203 1714 1630
          1167 1600 1292 1465
          1012 1362 797 577
          68 793 492 277
          1762 1602 646 1193
          1366 1468 1260 1184
          315 1141 1829 1229
          1492 1229 315 1829
          1612 84 1894 925
          958 393 1756 39
          1270 882 1107 530
          1092 1782 588 1034
          1088 300 1879 1477
          294 1938 733 1269
          1775 1272 1449 417
          1608 1567 1282 1023
          1912 1578 472 41
          253 1422 1299 1638
          1286 556 1902 1769
          1340 891 1284 390
          1864 1414 1262 1268
          1661 1288 1270 1428
          411 395 142 492
          1945 1547 489 674
          381 725 1157 383
          1212 1464 1705 1822
          1238 1472 1524 16
          1560 1381 1238 458
          1399 1241 1172 1601
          1245 1185 1700 1272
          1238 1524 1 16
          1238 1796 1636 458
          262 1250 1032 929
          290 78 1674 799
          1876 1891 83 970
          1318 1527 334 827
          34 494 1254 1633
          1372 39 1531 484
          1573 1644 1233 1437
          1561 1196 1080 1684
          1340 891 405 1284
          1595 1568 319 1222
          415 1622 127 1568
          975 845 453 299
          419 832 205 744
          1769 556 627 1683
          1439 1073 24 393
          370 1773 83 1891
          1501 158 1248 1593
          1761 1640 1883 813
          1451 1681 1328 1205
          1726 597 1369 616
          937 1321 653 563
          1307 1906 1811 1173
          1853 423 780 1418
          1267 1358 1319 1172
          1556 1313 900 367
          1464 1622 1698 822
          1024 1323 1803 1634
          1874 775 533 915
          1426 382 164 791
          1514 567 1645 637
          482 209 1856 1536
          53 1856 1605 1253
          1253 1019 53 1856
          515 1402 652 656
          1215 1174 1354 1250
          1508 1318 827 1527
          1239 693 1100 612
          1731 1815 1359 1210
          1598 1175 1199 1345
          1092 586 1002 1271
          1310 1545 1409 1910
          1501 1063 897 81
          1810 1257 1028 622
          333 1366 1137 1807
          256 1490 1502 1285
          1022 1490 256 893
          1206 1263 1395 1325
          1818 1202 1691 1764
          1711 706 1313 1433
          249 1921 1639 686
          1472 1524 1346 1215
          362 173 1606 428
          1253 1605 1216 1169
          1727 1788 1824 366
          478 500 17 267
          1800 1101 1426 207
          1557 1772 1256 1368
          1425 1780 485 785
          264 1444 894 958
          214 1267 908 896
          1149 1824 1947 765
          1333 1245 1171 1673
          319 218 1652 1743
          1487 17 267 1521
          975 453 1884 90
          1354 1332 929 1250
          433 236 1952 748
          89 1279 1595 1919
          1279 505 239 1919
          69 1350 1851 860
          1743 218 1652 488
          567 1514 1774 653
          732 4 353 1746
          1904 1271 1457 1287
          1773 430 1891 1366
          841 1568 488 1595
          949 1582 1837 20
          1375 413 1148 1104
          1936 1268 614 684
          85 486 1690 1686
          1904 1810 622 702
          246 680 1166 1438
          1400 307 477 922
          1297 1265 1658 1446
          1106 1428 593 581
          851 1051 418 115
          1251 1303 1781 1348
          1477 1673 1355 1245
          1173 1207 1666 1597
          1229 1186 1746 1420
          667 500 1487 17
          1406 1290 1694 1121
          1271 1257 1810 1457
          1363 888 845 287
          1233 225 1437 1644
          796 1288 602 1661
          1661 1288 602 1270
          1406 28 1476 1237
          816 349 97 1374
          1573 1230 1644 1437
          514 182 773 1128
          1516 1707 1208 1255
          1128 514 364 273
          729 1332 1631 213
          1507 410 1309 971
          30 1047 1753 1859
          1600 1186 1252 1241
          9 660 900 1074
          1183 1293 1362 1239
          446 1380 852 1532
          457 1234 1009 1785
          1500 1029 739 1314
          1078 1326 289 418
          1526 1878 699 392
          1928 1131 1420 1292
          1729 1860 1583 1231
          1891 430 83 1366
          505 1279 1893 1919
          1891 1468 1773 1366
          12 1085 896 1267
          1893 505 1079 174
          1685 1802 1235 1526
          215 1051 1078 418
          300 890 1879 1591
          505 1893 1079 89
          433 1952 1417 748
          1594 842 614 1268
          1940 1271 1627 1177
          1677 1401 845 299
          1278 1121 463 37
          171 1585 1456 914
          1616 550 1789 1204
          1600 1346 1229 1167
          104 1451 321 833
          1097 517 693 1239
          895 412 1122 272
          1112 1373 704 850
          1643 1388 1320 1239
          1428 1178 1270 1273
          717 1937 1943 911
          1229 1347 1600 1167
          1025 1357 1684 6
          1460 281 728 1656
          409 961 186 1277
          300 954 1591 979
          425 1344 152 1029
          1050 836 557 595
          129 1279 924 791
          1192 1745 1380 1300
          1198 1910 425 1625
          1698 1654 1352 822
          1172 1761 1264 1312
          1675 1741 1218 1303
          1387 849 1607 629
          1371 1525 725 965
          1902 1769 1517 1286
          1300 36 1597 1569
          580 1529 960 1435
          1818 1202 682 1664
          1184 1557 1213 1511
          462 1114 814 1745
          1031 1917 527 1339
          379 1693 1237 1376
          772 1224 1351 1697
          1937 1364 1943 911
          1264 1494 1761 1883
          1211 1170 1585 1335
          1265 610 730 1950
          1961 0 1829 1142
          1750 1953 1669 606
          1196 1760 825 1799
          1298 378 1386 1493
          798 175 752 1767
          895 154 412 1729
          1204 1607 1361 932
          1226 1388 1617 1218
          1431 1915 1212 1421
          1381 716 1796 458
          584 1664 1077 1691
          780 287 913 1418
          403 1597 1411 36
          1623 119 1454 1848
          1239 1362 517 612
          1664 698 1077 546
          800 393 1756 1407
          391 917 231 1545
          1377 719 812 210
          515 1584 652 1402
          377 1844 110 1064
          232 1073 459 1439
          672 213 1631 953
          430 143 1468 1773
          914 1585 787 74
          1205 337 1791 1324
          1406 59 1290 1121
          1634 286 1873 1093
          1914 1894 433 1612
          793 946 277 503
          1579 109 759 812
          1208 1477 1516 1171
          1250 40 1032 929
          841 172 488 1568
          607 1658 1016 1446
          1032 784 1543 186
          894 39 1139 805
          675 58 494 1880
          1480 1377 1579 812
          1533 1243 1401 1689
          1553 73 1497 1801
          1700 1516 1255 1171
          1617 705 565 657
          1866 1204 1408 1385
          165 1912 1255 1478
          1608 1750 1288 1953
          1187 1711 1680 1264
          784 186 351 1347
          1286 526 714 1447
          1616 684 568 1733
          1765 1187 1410 1331
          1736 1380 668 226
          1553 1801 156 337
          1139 805 769 1041
          1497 1175 1249 1649
          1664 1168 1348 1303
          1464 1462 989 243
          1377 109 1579 812
          69 1233 1022 1490
          1614 1199 1489 1895
          1004 1463 533 915
          1600 1347 1277 1167
          1258 700 1502 1948
          1486 1418 1654 853
          1668 642 1846 551
          637 1028 1458 598
          1642 1615 1392 1284
          1240 1892 86 873
          1614 1199 1934 1489
          1428 1282 1178 1273
          1777 601 1261 960
          1286 556 654 627
          1255 1578 1912 41
          1253 1723 1207 1411
          225 1233 1697 1644
          692 1497 1801 1553
          270 1329 350 998
          895 412 194 1122
          1713 259 1334 691
          1774 1514 1259 1321
          1266 658 538 1627
          205 400 1154 744
          190 681 1069 436
          1267 214 908 1358
          102 1555 1471 483
          1590 314 1475 1752
          271 408 910 1695
          1631 1505 310 1007
          990 985 268 1455
          511 1410 426 57
          1261 552 755 1632
          675 473 58 1880
          652 520 1679 1155
          176 1535 1042 1711
          353 1141 778 1746
          1479 1176 1240 1368
          1831 1252 1241 1561
          996 121 279 1892
          165 472 1255 1912
          1764 1927 1293 1228
          1745 1597 1298 814
          348 1560 998 16
          1427 204 1040 420
          1738 1311 1344 1613
          1685 1029 1618 152
          229 738 985 1256
          588 1782 1287 857
          1543 1277 711 186
          296 903 141 1295
          1061 741 92 727
          1420 1472 1292 1131
          785 1473 1794 1823
          144 1409 1337 1545
          1353 19 388 260
          1391 1226 1301 657
          1375 1859 1736 1263
          615 847 530 1270
          1391 1430 1281 659
          134 1223 1930 897
          829 1657 3 1831
          1956 219 1116 436
          1497 1345 1274 1205
          1430 1181 1391 1281
          1391 1463 1874 1281
          1351 1230 1324 1921
          867 1304 570 641
          1498 1750 1452 613
          243 1212 1822 1464
          1908 1275 310 1631
          1558 1602 627 1193
          1713 1299 1334 1220
          1451 1847 1328 188
          876 1454 437 1929
          691 1713 148 1299
          1939 1707 1208 1516
          401 337 156 1291
          1218 560 775 915
          71 1084 1284 1642
          1266 1940 1627 1177
          958 1444 417 1110
          841 1462 1568 1222
          41 1082 753 1356
          1123 1542 159 1231
          974 487 164 791
          1916 943 1119 1021
          129 1486 1101 1853
          1924 1763 1287 857
          1319 1186 1241 1657
          1801 1847 1345 1205
          621 878 561 1960
          155 432 748 1896
          154 851 764 412
          1577 429 140 840
          956 1516 1082 308
          137 951 1718 1378
          1045 1282 1882 599
          406 1738 1311 1087
          122 394 673 1392
          1417 719 210 1098
          1275 1203 1214 1174
          1895 1598 106 1199
          1172 1427 1761 1312
          1932 1295 1542 1180
          1248 193 1143 1748
          1177 1261 1805 1517
          528 1204 1387 1609
          987 266 1528 1326
          316 1797 1013 443
          1255 1478 1541 165
          665 415 127 1568
          1372 1444 1624 1330
          696 1552 23 1367
          68 492 1313 1535
          1597 462 1745 1569
          300 1591 1879 1477
          592 1364 911 867
          1637 1313 1331 1187
          1656 938 728 475
          1226 1423 1301 973
          1669 607 1297 646
          661 1503 1863 1570
          1894 236 925 1544
          1750 1608 1452 1567
          1503 1601 1246 1397
          1609 1408 651 821
          330 1421 1945 1547
          1837 267 1631 1582
          1585 1170 1291 1335
          226 1300 446 1056
          1207 1604 1506 1169
          1383 1275 927 318
          353 1746 14 1903
          741 1821 921 1672
          1445 1234 457 1323
          1950 1559 547 1832
          1337 1704 76 434
          1332 1354 729 1275
          1589 880 1515 235
          1559 847 1832 1270
          1813 1961 1347 1142
          1292 1420 1600 1167
          1942 450 124 1581
          1960 1917 1339 1382
          1308 1377 1579 240
          1711 1883 1433 1264
          942 396 980 377
          1613 1344 1198 1180
          607 554 1297 646
          270 1329 1065 350
          890 376 1673 1245
          1450 1216 886 1605
          1701 1089 251 912
          1212 1222 1464 1462
          1016 590 1265 730
          1164 475 1153 33
          432 433 748 236
          1397 1483 664 1267
          1577 429 840 153
          1066 1950 1789 547
          89 488 1595 841
          949 1837 1336 20
          776 1539 1629 1259
          426 946 793 503
          1183 1304 1927 1236
          389 1906 1872 1537
          1657 984 3 1831
          1831 984 3 5
          1657 984 1831 1241
          1366 1326 1315 970
          1544 746 305 460
          278 1471 452 1147
          1115 1546 1342 828
          1431 1510 365 174
          514 1128 50 273
          1805 1769 1286 1517
          1745 1569 1380 1300
          772 1224 1697 151
          1378 455 731 331
          1297 554 1602 646
          381 725 383 38
          1024 1109 1323 250
          176 1313 1535 1711
          457 298 1009 1234
          291 1590 1026 1475
          726 1497 179 692
          1542 903 1295 77
          1386 378 62 422
          287 975 90 1418
          1160 749 182 1128
          1328 1488 1337 1704
          1470 263 1373 1820
          993 370 1891 1528
          1878 1235 1089 147
          1541 1290 463 1278
          862 1571 720 572
          723 1461 168 1531
          675 1280 1880 197
          1610 1093 103 1634
          281 728 938 411
          367 411 1164 492
          1830 1304 643 1413
          1885 1318 280 334
          1700 1185 1208 1272
          652 182 514 656
          1253 1343 1605 1169
          1801 1274 156 1291
          1517 1728 878 1266
          1642 271 1060 1084
          1871 1291 1335 1581
          692 1801 156 1553
          1831 1252 1561 510
          232 459 64 1439
          325 1546 1418 1342
          1310 904 1625 1649
          1247 1917 527 1715
          519 1691 1818 720
          1842 388 1787 1353
          1375 1605 1513 1216
          306 875 855 1416
          1415 1322 1184 1213
          1872 1386 62 1537
          1364 1304 570 867
          105 1352 1212 1825
          1663 518 934 647
          1847 1175 1345 1205
          1251 518 767 1663
          1595 488 319 1568
          1927 1304 1413 1236
          800 24 1073 393
          209 1633 1343 1900
          1770 1067 219 1956
          980 377 233 759
          1856 209 490 1343
          1851 1350 1436 860
          1883 404 813 10
          57 426 793 1410
          1250 1174 1217 1628
          1536 1305 1343 1856
          1211 1626 1573 1244
          1787 3 1465 388
          1420 1346 1600 1167
          1164 411 33 492
          523 1728 1261 960
          725 442 54 758
          551 1830 1846 1668
          804 1575 1355 1673
          1181 1225 1394 1423
          253 1299 1574 148
          135 1626 1244 1889
          1356 1633 1190 1280
          285 499 196 843
          352 217 1949 1061
          592 515 632 1364
          602 1751 1661 1270
          925 236 305 1544
          126 1528 987 266
          541 919 1281 659
          53 413 1148 1375
          1134 1921 1324 686
          1415 1248 1322 1580
          822 1698 1464 1705
          1480 1377 812 1534
          1301 1430 1391 1905
          1133 1159 61 368
          1692 1390 1641 1731
          1600 1186 1292 1465
          418 115 1593 764
          535 1937 1327 1655
          1282 581 1023 1045
          1753 313 1395 1859
          1443 1567 1750 1538
          1513 1173 1263 1375
          164 974 339 487
          1312 420 1761 302
          1444 1449 1330 1272
          1490 1851 893 1635
          1402 1888 1712 1327
          1279 1466 1893 1595
          849 718 617 1607
          1313 1798 1433 706
          292 799 152 1344
          1774 1321 710 653
          618 658 1266 582
          1441 811 169 269
          1262 545 1864 608
          461 87 1438 880
          1395 1525 442 52
          702 1457 1754 603
          1792 817 241 1415
          1223 1184 1807 1557
          314 1119 930 1916
          1566 292 685 1738
          1622 415 1222 1568
          294 1269 733 1035
          1804 670 212 727
          1723 254 474 1019
          1341 1152 1790 1491
          1508 1341 1527 341
          1542 1860 1231 77
          1336 1217 1174 1381
          1447 1940 1632 1261
          1177 1261 1517 1940
          1031 635 527 1917
          281 728 1656 938
          1656 1276 201 1460
          281 1276 1577 1656
          669 429 1656 153
          1460 281 1656 1276
          1318 1189 1470 1826
          1906 1432 1298 1173
          132 1099 788 499
          1418 90 287 323
          670 199 1941 1398
          623 1602 633 1706
          1902 1247 1538 1177
          215 1051 987 1078
          130 499 1672 502
          604 1385 1862 1059
          381 442 54 725
          1515 1438 402 1091
          1229 1347 1277 1600
          1880 473 1509 1280
          1448 1689 845 1243
          1648 331 1014 455
          492 1798 1313 706
          1441 680 1922 1438
          1230 1351 1324 1170
          439 1126 400 1067
          1759 935 358 1422
          1403 1520 625 1643
          1196 1277 1684 1600
          510 1561 1080 1684
          1196 1684 1252 1600
          1357 1277 1252 1684
          321 1328 1488 421
          1725 150 460 719
          1321 1423 1514 1181
          1902 1339 1917 1247
          1917 1118 1034 1382
          1446 1178 1288 1953
          282 1053 1836 905
          1746 1229 1890 1141
          1314 1951 1802 157
          1666 46 1207 424
          1177 1261 1940 1447
          1357 1277 1684 6
          837 123 1921 686
          1397 1246 1294 1172
          961 351 186 1620
          1681 1224 1328 1704
          1115 223 1419 1546
          1352 913 1418 1825
          1171 1694 1290 1278
          1172 1312 1601 1427
          1171 1333 1406 1694
          1406 983 373 1694
          1070 1257 702 622
          1795 1215 1665 1354
          1420 1186 1746 1503
          1231 1932 1542 1180
          1840 1209 402 1515
          59 1290 1530 1237
          142 1460 728 405
          1374 349 889 816
          382 1101 1800 207
          1401 1484 1677 512
          977 586 1627 881
          1310 904 1649 124
          1649 1625 685 124
          1313 1331 1221 1556
          465 1570 1465 1928
          1238 1524 1472 1215
          1937 1364 1403 1943
          1352 1418 1188 1825
          1432 1227 1947 1506
          1576 1663 1225 1348
          1722 1788 222 1008
          347 687 884 194
          306 855 1820 1416
          1220 1323 1234 1619
          466 1922 1923 169
          993 1528 289 987
          793 8 1151 946
          1415 1501 241 1063
          1598 1895 265 1199
          1024 1776 385 1803
          1925 798 1767 354
          1818 1691 584 720
          1224 151 777 1861
          602 1751 1270 1288
          1242 1337 1409 1175
          1927 1183 1402 1304
          1105 518 767 1251
          827 1527 334 1412
          1375 1300 1263 1736
          1332 1174 1354 1275
          1641 1749 994 1731
          1669 548 1857 1288
          1555 1471 452 1384
          1693 1784 1237 1376
          312 1501 81 899
          110 396 942 377
          1880 494 1027 58
          524 1257 648 1070
          1477 1879 473 1355
          1338 1468 1366 1184
          1085 1765 57 834
          188 421 941 1598
          1441 680 1438 1209
          1445 361 1365 1260
          1940 1177 1257 1457
          1253 1411 1604 1375
          1449 954 979 1591
          1913 1215 1628 1347
          1191 1940 1271 1627
          1645 1539 1259 1191
          562 605 1599 676
          221 1341 888 785
          1948 1836 70 1502
          1444 1372 275 39
          734 64 1775 232
          930 264 805 1119
          1571 1764 1293 1228
          914 401 787 1585
          1609 651 595 821
          165 472 1912 1469
          1636 19 1353 709
          1672 921 715 196
          1756 1531 1407 1461
          414 1395 52 762
          717 1943 1403 911
          991 1660 539 640
          1258 1642 1392 1284
          896 661 1863 65
          1337 1870 434 76
          1375 1736 30 1104
          135 1889 1244 1285
          1744 1470 742 136
          1470 1826 1189 1363
          1844 736 339 974
          1311 1738 78 1087
          1170 1436 1851 1350
          1944 324 1113 21
          269 169 735 811
          1915 1462 1464 243
          1219 1440 116 1677
          1211 1456 1170 1230
          1456 123 1324 1230
          1801 73 1847 1205
          1746 1186 1246 1503
          1550 1354 1033 40
          1695 408 910 1931
          721 1622 322 859
          212 1398 670 491
          1134 1324 255 686
          1592 1109 1323 363
          1870 185 1242 838
          1813 0 1961 1142
          242 805 1041 667
          855 91 1416 1373
          837 1921 1920 686
          138 1445 298 457
          1937 625 534 1403
          1492 1141 1746 315
          1937 1183 1403 1364
          1520 1403 625 1937
          1960 1118 1382 538
          850 704 1147 1373
          1851 1244 893 293
          812 1534 869 1504
          883 1864 1467 1268
          652 906 514 773
          656 1160 182 514
          820 184 942 396
          371 665 127 488
          1182 1258 1392 1284
          1280 1516 197 956
          1748 764 687 194
          1862 1408 757 539
          547 1789 1548 1559
          1212 105 1431 1421
          1332 929 1250 262
          1198 1175 1249 1613
          1613 1175 1249 1199
          1614 1489 296 141
          1663 518 767 934
          1481 860 258 469
          228 1094 1405 1349
          1581 74 450 787
          1447 1289 714 962
          736 713 192 471
          12 1397 664 1267
          736 178 713 471
          1705 933 428 449
          580 1283 950 1708
          1322 284 1688 826
          1231 1296 1309 1180
          1080 1196 203 409
          1721 721 177 1378
          56 1383 927 318
          85 1425 835 441
          1695 271 1084 910
          1112 850 704 437
          1358 1944 11 1843
          1448 811 1848 269
          1673 1245 1171 1355
          1628 1353 1167 1636
          757 1408 558 619
          1586 116 1677 299
          322 859 1747 721
          1199 1345 1175 1249
          1661 1659 530 593
          432 1396 1612 1405
          1355 804 43 1757
          1826 1363 888 1243
          1943 1403 1320 1236
          1273 649 1554 856
          1447 552 864 714
          1824 1169 1367 1317
          1888 202 1712 1327
          1201 1390 1179 1473
          1009 1005 128 1692
          797 546 1482 600
          1189 1373 1470 1957
          1662 1956 1116 436
          634 546 578 1303
          1203 1590 1383 1275
          1340 508 774 160
          1668 641 1584 589
          1445 1592 1323 363
          1368 121 344 1892
          1844 377 980 713
          683 1438 874 87
          1881 1337 1224 1681
          130 680 437 1112
          1098 719 210 480
          1890 1961 1229 1346
          1432 1227 1604 1173
          1216 1375 1253 1604
          1662 219 316 1116
          832 238 419 1125
          717 1403 534 911
          669 429 1276 1656
          1516 1280 1356 1171
          1939 979 26 1208
          760 966 1322 189
          1168 1316 1348 1225
          2 1 697 16
          1549 1403 1236 1320
          1493 1758 273 29
          1686 1390 1425 441
          859 1721 137 1747
          1276 1460 1502 1182
          1927 1696 1183 1293
          389 1872 62 1537
          490 209 823 1343
          188 421 1598 1328
          1289 1538 918 1457
          1744 221 1003 988
          1492 1746 778 315
          634 1741 1303 578
          718 940 536 620
          452 102 1010 1384
          1372 39 1756 1531
          804 237 1673 1495
          1756 1531 1461 1372
          890 1495 43 1673
          75 1910 1816 689
          1604 1216 1173 1453
          56 350 291 1383
          1589 461 1306 880
          883 611 1268 529
          350 1590 1065 291
          350 1383 1590 291
          446 1745 1532 191
          1338 1468 1528 1366
          1276 1182 1340 1460
          802 350 1665 1524
          1575 1673 1333 1355
          1871 1291 1581 1274
          955 1769 1805 1517
          1805 556 955 638
          1517 1805 955 638
          205 400 1068 1154
          518 1105 1781 1251
          361 1365 96 865
          1402 1712 632 1327
          1294 1483 1267 1680
          1179 1440 1219 1473
          1048 420 1760 44
          584 1202 1818 1664
          1524 1472 1 16
          1115 1546 325 1342
          1760 420 825 44
          326 663 143 1338
          1364 570 1943 911
          1373 1717 704 263
          1249 1625 685 1649
          454 331 1014 396
          63 440 1556 1798
          694 340 1530 27
          314 943 1119 1916
          261 113 712 387
          1191 1261 1940 1728
          723 1531 168 484
          53 490 1605 1856
          46 379 1376 1693
          1181 1423 1394 1321
          705 655 516 1617
          993 370 1876 1891
          1832 1559 1446 1265
          304 1508 1702 1189
          636 586 881 1271
          98 372 1907 1398
          1744 1470 1003 1318
          709 19 1353 260
          1278 1290 463 1121
          1248 1322 1184 1415
          1896 1396 432 1135
          1291 1585 1581 787
          1585 74 1581 787
          1327 1937 1520 1655
          1819 1468 663 1511
          1257 1632 1810 1645
          467 1534 1138 1377
          1580 1748 193 1248
          1528 143 1773 1468
          697 902 4 1346
          1621 1575 1355 1194
          1534 858 1800 335
          1560 211 1381 458
          1321 1181 1259 1849
          1925 1240 86 1037
          575 645 1247 1763
          435 888 1363 287
          987 266 1326 1051
          814 378 1493 29
          1762 1193 646 606
          772 151 777 1224
          1945 1682 1915 100
          89 841 1893 1079
          1558 1902 527 1247
          1284 1182 1499 1211
          1345 1598 265 1199
          1734 568 1385 801
          1213 1256 1772 1511
          1734 1733 568 1554
          1552 345 1757 1509
          1340 1096 508 160
          1033 1665 56 1383
          1065 51 1026 1590
          804 1673 1355 43
          296 903 1295 1542
          1601 1172 1397 1319
          372 119 1454 1623
          1348 682 1664 1781
          1748 687 193 884
          347 687 1748 884
          1748 193 1143 884
          294 1036 1938 1269
          1599 1740 1059 631
          597 1369 521 643
          1661 1270 1659 1428
          201 669 1656 475
          1367 1552 1824 1317
          1086 1283 543 609
          1470 435 1523 1826
          1290 59 463 1121
          1372 769 368 1139
          1692 1390 1731 200
          1059 640 576 1740
          149 779 342 447
          336 690 1072 1294
          1427 1492 1779 1048
          458 1238 16 1636
          1185 1756 1461 1372
          106 1646 1614 1199
          386 970 1315 158
          1484 1689 133 311
          332 1828 1525 1206
          79 1878 504 1701
          1726 1814 1369 597
          499 1949 843 1099
          1958 1761 10 1264
          1470 1717 263 854
          1958 307 922 1040
          1883 1958 922 10
          1738 1566 78 1087
          305 832 238 746
          1508 1527 827 341
          588 1034 1782 857
          1802 1180 1932 1231
          1593 115 1806 1748
          1032 784 1795 1543
          1032 40 1795 784
          286 1873 1610 1063
          1610 1873 241 1063
          1400 1711 1187 1264
          294 1521 1036 1269
          1266 1960 1382 538
          1482 546 1077 600
          612 1482 797 546
          1235 290 1089 147
          1276 72 1437 429
          637 567 1645 1028
          504 290 1701 1235
          1280 1633 1190 1254
          455 1378 1875 1579
          1326 1891 289 970
          1016 1265 531 730
          137 1718 247 731
          129 1546 924 1279
          562 1385 1771 1361
          1385 566 1734 1771
          1361 566 1385 1771
          562 1771 605 1361
          1657 1186 1241 1465
          1385 1771 1734 801
          1348 1316 1663 1225
          1277 1167 1252 1600
          868 1666 1432 35
          1402 1679 652 656
          182 831 1402 1679
          1453 1722 45 366
          1059 640 1862 576
          1863 1503 1397 1319
          305 439 832 746
          1345 1175 1497 1274
          524 1028 1070 622
          1339 1247 1177 1382
          1385 1204 1408 568
          1438 1306 130 461
          815 103 1512 1803
          821 651 595 558
          481 984 3 1657
          1596 1240 1037 1479
          1515 1091 402 794
          1160 965 749 1128
          84 925 1405 1678
          700 1695 142 910
          85 1686 1425 441
          1795 40 1354 1550
          492 33 1798 706
          1201 1780 1425 785
          1106 1428 796 593
          96 1455 1641 1365
          1330 771 275 1624
          1392 329 673 122
          766 1702 1318 304
          1568 721 127 1652
          1893 1342 1546 174
          1872 792 1386 1906
          805 264 894 958
          1721 320 721 859
          1253 1723 474 1019
          1275 374 1214 1459
          1433 1494 1221 1264
          1343 1254 1450 1169
          1256 810 1365 1455
          924 1279 239 791
          1284 1615 892 1642
          1730 1287 1904 603
          326 143 1773 1528
          1295 1860 1932 1231
          1408 684 830 1616
          1499 1211 871 171
          1608 1750 1953 1193
          1633 1190 1343 1900
          1789 1387 1607 1204
          1765 451 57 834
          996 279 121 1368
          1468 1557 1260 1184
          767 1283 1251 1394
          208 1767 1491 1404
          1641 1749 1731 1210
          305 1647 1865 832
          1787 1357 1252 1025
          389 1307 67 740
          1096 1340 1920 160
          1617 1218 818 1391
          892 1284 71 390
          1609 550 651 1408
          535 1937 1655 717
          781 245 159 1296
          1728 1629 1266 1191
          1070 1028 1257 622
          1131 4 732 1420
          13 1131 732 1420
          557 1066 1387 629
          1301 1181 1391 1430
          1425 1823 1547 1232
          85 1686 1201 1425
          84 1678 1094 747
          474 1723 1253 1411
          1305 254 1019 27
          380 1842 1796 19
          508 1096 72 1710
          1883 404 180 813
          1636 1796 19 458
          1586 1677 845 299
          1308 240 951 703
          1333 1700 1171 1245
          1709 1262 1467 549
          1777 960 1261 1728
          256 1370 754 1502
          1741 1004 915 1463
          1357 1353 1217 1842
          1289 1457 918 555
          1356 1900 1190 1633
          323 90 287 1884
          1940 1632 1191 1810
          1488 1704 76 1337
          1374 1838 1195 1794
          1861 151 777 1071
          1500 1180 1344 1314
          1231 154 1518 1729
          551 641 1830 1668
          827 1412 334 248
          108 293 360 1436
          980 396 233 377
          1142 295 1550 1813
          136 1606 742 428
          1279 1869 164 1426
          1018 1689 1401 1484
          1410 1474 1535 1187
          1907 1349 1094 228
          637 1645 1834 1458
          1378 1721 721 1747
          1489 1614 296 1295
          1643 1403 1320 1140
          1836 1285 1258 1392
          1502 1836 70 1285
          282 1836 1285 905
          1206 1325 1395 1898
          1898 1325 1395 332
          953 1496 20 1030
          163 1194 1317 1552
          976 763 23 1552
          1936 1616 1111 1594
          717 1937 534 1403
          583 1594 614 1936
          1197 1733 1273 1178
          347 764 1748 194
          1416 1373 1470 1189
          832 238 1125 786
          1365 865 1445 1641
          865 96 1641 1365
          590 1016 1265 1446
          418 115 764 851
          687 1057 193 399
          1878 671 912 948
          1489 1295 141 1311
          1810 1645 1028 1257
          768 1685 79 1878
          383 38 749 1160
          930 264 894 805
          883 611 1864 1268
          1595 968 1869 1466
          149 342 783 447
          783 342 131 447
          634 1741 1675 1303
          1447 526 714 1289
          1286 1339 1902 1177
          1315 1366 1807 1184
          1451 772 1704 1224
          323 1884 287 678
          188 1328 1598 1847
          1520 594 1327 1655
          647 1611 553 1663
          406 1249 1311 1738
          799 292 1738 1344
          1625 292 1344 1738
          1394 1181 1849 1283
          1701 1878 1089 912
          785 1473 301 1794
          1292 1636 709 7
          332 1395 442 52
          1518 154 895 1729
          32 1775 1006 417
          1342 1418 181 913
          1932 1860 1526 1231
          1427 1312 1601 1760
          501 240 1377 761
          1507 410 245 1296
          1664 1482 1077 1691
          1177 1517 1286 1339
          1630 1916 51 1590
          832 439 205 744
          832 238 786 305
          1866 1408 821 604
          1486 117 853 1654
          1674 1344 1738 1311
          1674 1738 78 1311
          1822 105 362 1212
          258 1071 745 1350
          905 256 754 70
          1416 145 1589 1702
          304 1508 806 1702
          1118 1960 1917 635
          1567 613 1287 522
          1247 1538 1287 1567
          1538 613 1287 1567
          1031 1960 1917 1339
          1702 1189 1318 304
          467 1377 1138 210
          1385 1740 1059 1599
          336 1483 1400 1389
          517 693 1239 612
          122 394 1392 1642
          228 1349 1398 1907
          1133 769 61 1159
          1096 1340 249 1920
          258 144 1861 469
          319 1743 1652 488
          1208 1591 979 1477
          1371 762 257 981
          1577 1043 140 429
          1921 123 1324 686
          566 1588 1734 801
          895 412 764 194
          952 1121 1278 37
          1227 1824 1453 1909
          1404 1240 1334 1179
          1385 568 640 801
          1690 486 1201 1686
          1544 719 109 1377
          745 69 860 1350
          1534 1377 812 210
          1138 1534 812 210
          1426 1732 335 1800
          138 361 1445 1260
          1416 1589 1189 1702
          264 417 1110 958
          1351 772 1451 1224
          1941 779 149 936
          1372 39 769 1139
          1765 1267 1331 214
          519 1571 720 862
          1503 1186 1601 1397
          1792 1322 1580 1415
          403 462 167 1597
          1503 1928 1186 1570
          580 1708 1117 650
          618 658 561 1266
          918 1052 1498 1750
          507 800 168 1461
          549 1262 611 608
          1489 1614 1295 1180
          12 1267 511 1085
          1791 337 255 1324
          1902 556 627 1769
          1281 919 571 659
          1699 1943 1320 1236
          1439 1245 1756 1407
          1803 1323 1220 1634
          1502 700 1379 1948
          1532 1192 1758 1493
          1536 209 1856 1343
          1399 1172 1221 1494
          1140 574 920 1320
          1471 102 452 1384
          1059 1862 991 576
          866 1498 1288 542
          1305 1237 1376 340
          1409 1198 1816 1242
          1090 1356 1124 41
          1723 1376 46 340
          1587 1723 46 340
          254 1305 1723 340
          1352 435 173 1103
          574 1388 1320 1643
          895 1729 412 1583
          1400 1958 1072 307
          1231 1729 1526 154
          1677 116 1039 512
          1540 1195 969 1574
          675 1880 494 197
          1824 1788 1453 366
          197 1633 1880 494
          1679 773 514 182
          406 1489 1653 992
          406 726 992 1653
          1384 1349 161 1405
          1645 1458 1028 1257
          69 1851 1635 860
          1713 259 815 1596
          390 1499 837 123
          1795 1550 1347 784
          1787 1353 1357 1842
          987 1326 289 1078
          1459 1487 1434 1214
          1889 907 1285 282
          816 1342 181 1374
          1234 298 1692 1641
          1250 1215 1628 1795
          1326 1528 1891 1366
          1006 954 216 1272
          201 1656 728 475
          1953 1608 1178 1428
          700 1695 1931 234
          366 1788 1008 1727
          924 505 239 1279
          1764 1766 1818 1202
          616 597 1369 521
          1705 173 428 933
          721 320 1622 859
          1334 1299 1440 1179
          190 681 1678 1069
          1421 1302 489 1547
          1878 215 671 699
          1340 1710 249 1230
          562 1361 676 620
          1664 1482 1549 1303
          453 811 1448 269
          1220 1323 1776 1234
          1119 943 327 1021
          1429 1526 1878 699
          1513 886 224 1216
          1231 1860 1583 77
          113 707 1135 432
          75 1136 1910 689
          1249 1738 1625 1613
          1176 1360 1557 1213
          1488 1328 1598 421
          1018 1484 512 311
          1563 344 1404 1737
          1910 391 1136 231
          482 1305 1536 1856
          170 1384 452 747
          1342 913 181 1374
          1747 1721 721 859
          1792 817 1415 1580
          1504 1534 869 93
          1689 133 845 1484
          1586 1401 845 1677
          1810 1257 622 1457
          1677 1440 116 1586
          515 1402 632 1364
          1304 1402 1364 1183
          1690 486 248 995
          1873 1610 1360 1634
          740 1149 1793 1947
          1730 1782 1287 588
          867 515 1304 641
          412 1122 272 1583
          1433 180 939 813
          1270 882 530 1659
          1282 1023 1567 645
          1846 1679 1228 1959
          1570 1186 1319 1657
          1069 118 1126 436
          466 735 372 1441
          474 1148 1375 1253
          1724 1336 1381 1217
          1402 1327 1364 1183
          1402 1327 632 1364
          845 133 453 299
          1496 949 1336 20
          592 515 1364 867
          1421 105 1822 1212
          683 246 1923 448
          776 1849 1283 579
          1483 1187 1294 1400
          844 1387 591 528
          1322 1338 966 760
          762 1371 381 38
          353 778 14 1746
          1183 1327 1696 1402
          1525 381 442 52
          776 1629 582 950
          1338 82 966 760
          1764 1202 1293 1927
          107 766 1318 304
          871 1456 1499 123
          699 215 851 392
          154 699 851 392
          699 215 418 851
          510 1252 1025 1011
          1005 1692 1641 1731
          662 852 50 364
          1664 1303 1348 1781
          1216 1367 1450 1788
          1372 1624 1185 1330
          1624 1478 1185 1330
          1095 1624 368 25
          1885 1820 280 1416
          1584 1155 1735 589
          1593 1748 347 764
          163 1575 1552 976
          1537 389 431 62
          1329 1203 1590 1383
          510 384 1561 5
          1731 416 1815 1210
          188 1598 941 789
          1718 1378 247 731
          1152 752 99 1790
          1308 951 1718 703
          1378 240 951 1718
          728 1656 201 1460
          1209 811 169 1441
          1560 1524 1 1238
          1741 1004 1251 1105
          578 1004 1741 1105
          1218 1675 560 1741
          634 560 1741 915
          1279 164 1869 445
          472 244 1912 1469
          306 1820 1885 1416
          1791 1205 1847 73
          1273 1178 1733 1467
          1549 1183 1293 1927
          1197 1268 1733 1178
          1733 1178 1268 1467
          1431 365 1915 1682
          406 1249 1087 179
          1816 1393 328 185
          925 1678 190 1405
          1883 1494 813 1433
          1674 1311 1180 1344
          1223 1807 1260 1557
          942 396 1014 233
          678 1848 1623 269
          1273 1178 1467 1282
          762 1395 381 1525
          933 95 1622 320
          1628 1174 1524 1215
          344 1563 1368 1240
          1210 1455 1563 1368
          1210 1455 268 1563
          357 1572 145 1306
          1327 688 1809 202
          872 166 470 1647
          1339 1517 1960 1266
          1198 1180 1393 1613
          1556 440 701 1798
          1532 1114 662 191
          1274 156 666 692
          498 1431 489 174
          1451 1224 1681 1205
          855 91 1820 1416
          1662 707 1808 113
          1502 1285 70 905
          1580 189 826 399
          32 327 963 264
          719 1952 480 1417
          1627 1382 538 1266
          1304 1846 1413 551
          1680 1221 1172 1264
          456 217 1099 352
          671 987 1078 215
          1256 1468 1511 1184
          981 1954 364 1532
          1351 1224 1350 1697
          1287 613 603 522
          1710 438 249 1644
          1568 172 415 1462
          1340 390 837 160
          1628 1346 1167 1215
          542 1288 602 796
          280 1189 1470 1318
          1463 1004 1283 609
          1917 635 1034 1118
          953 1332 1250 262
          592 1364 1937 717
          1627 586 1271 881
          40 1332 929 1354
          1585 401 787 1291
          1329 1560 1174 1238
          1478 1461 1442 1372
          675 1280 197 956
          1478 1278 870 1461
          1349 1405 1804 161
          38 965 1160 1128
          1853 423 1418 1486
          232 1073 1439 393
          1490 1182 1573 1233
          1634 1930 1093 250
          1772 284 996 1688
          21 1399 1017 384
          1902 1683 627 1558
          1541 1124 1255 165
          625 594 1520 1655
          1227 1604 1173 1453
          181 780 913 1418
          1548 566 1107 1786
          544 1271 622 1904
          1685 1029 338 1618
          506 1406 1575 1333
          1375 1173 1263 1300
          793 277 1535 1474
          224 861 1513 1216
          1923 246 683 1922
          1424 1560 998 348
          1081 567 653 1514
          1386 1307 1906 1811
          126 370 993 1528
          1812 1556 324 1221
          362 1003 136 428
          1216 1173 1513 1375
          1641 865 298 994
          1302 1195 498 139
          256 1022 754 1490
          224 1145 1047 1513
          1293 1362 55 1696
          1816 1198 1393 1242
          1960 621 1517 1339
          1228 1927 1402 1304
          144 838 434 1337
          474 1411 1056 36
          155 1396 1896 1135
          767 579 1086 1283
          963 1119 958 264
          489 1431 365 174
          1514 1321 1774 653
          1816 185 1676 838
          1591 890 1673 1245
          129 1853 1546 1486
          1490 1022 754 1370
          1298 167 378 814
          767 1283 1086 609
          1130 373 1121 59
          343 91 1112 850
          547 849 617 1607
          1665 1383 1354 1174
          15 1787 1357 1842
          40 1354 729 1332
          98 1941 936 466
          98 372 1941 466
          1238 1472 1636 1628
          1472 1636 1167 1292
          1636 1353 1167 1292
          1958 1264 1294 1427
          301 1677 1219 1401
          480 111 1417 1952
          719 236 1952 1417
          1374 889 1440 1838
          1631 213 1332 953
          1341 341 99 1152
          1238 16 1636 1472
          150 443 346 1001
          1044 343 146 1572
          958 1756 1444 39
          236 1725 460 1544
          117 1102 968 501
          1423 1321 1514 937
          138 361 865 1445
          1573 1170 1230 1211
          1179 1234 1390 1210
          410 159 245 1296
          528 1204 1609 1866
          1196 1760 1312 203
          1114 1532 273 1493
          1864 611 842 1268
          295 1215 1665 1795
          1032 1795 1250 1543
          1814 1236 1369 597
          1444 1272 417 1110
          672 1837 1582 953
          806 1533 235 1243
          85 1690 1201 1686
          1087 1249 685 179
          1333 506 983 237
          1207 1506 1376 1169
          257 981 49 1380
          740 1793 35 1947
          1947 1227 1432 1307
          1449 417 1110 48
          1570 1186 1465 1928
          1543 1778 1913 1250
          1422 935 358 1785
          1960 878 561 1266
          1416 1373 1820 1470
          75 425 1029 1500
          1916 1119 930 66
          1299 1713 1334 691
          933 320 1622 822
          692 1274 156 1801
          1344 1314 1685 152
          552 601 1261 755
          1561 1196 1312 203
          1312 1761 420 1760
          1453 476 1898 1307
          1194 1552 1757 1509
          1572 343 1112 130
          26 1208 1516 1939
          488 1595 319 1743
          1373 704 809 263
          683 246 874 1438
          1547 1823 1302 1759
          904 292 685 124
          1385 640 1862 1059
          1203 270 1065 1630
          927 1275 1475 22
          1015 583 1594 1129
          911 1364 570 867
          621 1960 1031 1339
          652 520 906 773
          1166 680 1306 1438
          953 929 1332 262
          616 1423 909 1369
          38 965 725 749
          699 1878 215 392
          1195 1302 1759 139
          1167 1229 1347 1346
          1101 853 207 423
          15 1842 1357 982
          1424 1269 1203 1329
          194 412 687 1122
          1433 1883 180 813
          1207 1723 403 1411
          1360 1176 1479 1213
          810 229 990 1256
          1783 476 67 1307
          588 857 1287 999
          1219 1867 1039 1677
          1707 885 1939 427
          1796 19 1353 1636
          729 1631 1007 213
          1878 147 912 392
          332 1525 442 1395
          1624 1912 1478 1330
          1560 1329 1524 1238
          835 485 198 1421
          916 1257 1632 1447
          1543 784 1795 1347
          97 1374 498 828
          835 485 1421 1547
          34 1343 490 823
          1323 1360 1220 1634
          1662 1808 436 113
          1933 925 1308 84
          295 1795 1033 1550
          1795 1354 1033 1550
          1795 1665 1033 1354
          1842 1353 1796 19
          220 1146 1537 431
          547 1387 1607 1789
          1501 1593 1248 347
          1418 1352 1654 323
          236 746 305 1544
          944 59 463 1290
          142 281 728 1460
          1020 408 1695 234
          928 208 1152 1491
          1605 1450 1216 1169
          163 1317 763 1552
          227 763 444 1317
          40 1354 929 1250
          859 951 137 1721
          848 1673 1333 237
          1871 1274 1205 1801
          160 774 1340 891
          458 19 1636 709
          1195 1823 1232 1759
          904 1310 1625 1910
          1637 1410 1535 1187
          1455 985 1132 121
          1333 1407 1700 1245
          1916 51 943 1021
          1646 1934 1296 1199
          912 1878 1089 147
          657 1226 973 565
          1791 337 1801 1553
          1431 105 1302 1421
          845 1401 1243 1689
          519 1764 1691 1571
          84 703 1678 747
          1106 1608 1428 581
          562 1599 631 676
          1176 1213 1557 1368
          1228 1846 1927 1304
          1764 1846 1413 1927
          1810 1539 1191 1271
          91 1373 850 809
          1406 28 1130 373
          862 1571 1679 1228
          1402 182 1679 656
          971 328 770 1309
          1837 1332 20 953
          1447 1257 1632 1940
          195 368 1133 1095
          1258 1836 1948 1502
          1544 236 719 1417
          1524 697 1346 1215
          1290 1621 1171 1356
          65 1657 481 829
          1909 1824 1453 366
          476 1909 67 1453
          1530 27 1305 1536
          1839 454 1014 396
          129 1101 1426 791
          1398 228 1396 1349
          1254 1703 1367 1169
          1934 1296 1180 1309
          1217 1381 1796 1238
          1110 275 1330 771
          1517 523 955 878
          427 1449 885 48
          1694 373 1121 952
          1502 1948 1379 70
          1303 1576 1168 1251
          1438 1454 680 1306
          83 430 333 1366
          377 759 178 1480
          449 933 428 95
          1920 1340 249 1230
          1137 430 361 1260
          1449 1208 979 427
          1482 1664 1077 546
          1254 1194 1621 1280
          590 1832 1446 1265
          728 938 411 33
          1951 770 1802 157
          776 1629 950 1283
          1276 72 508 1340
          728 475 938 33
          938 1656 153 475
          578 1004 915 1741
          316 1770 219 1662
          259 1596 1925 1037
          1032 1543 262 711
          1238 1381 1796 458
          768 338 79 1685
          1308 1377 109 1579
          409 1277 711 6
          1761 1427 420 1760
          593 1661 1659 1428
          759 177 1648 1579
          1256 1511 229 738
          338 1156 1685 1618
          454 184 807 1083
          1607 844 932 528
          1688 826 101 1792
          1522 1674 879 359
          360 1670 1335 276
          1131 4 1420 1472
          474 254 1411 36
          683 874 1158 87
          1325 1263 1859 1513
          1707 1356 1578 1255
          1200 1545 1310 917
          1204 1387 932 528
          247 1875 1718 786
          439 1069 400 1126
          1356 1900 753 1090
          455 1378 1579 1648
          129 1419 1546 1853
          1375 1411 1173 1300
          325 1419 1853 1546
          1879 1591 1355 1477
          24 1852 376 1439
          1614 1542 296 1295
          330 441 1547 128
          948 1701 251 912
          824 694 1667 27
          1707 1330 1208 1255
          1416 1470 280 1189
          446 1380 1532 1745
          1399 1944 1358 1843
          931 1449 427 48
          1458 1435 1632 1645
          713 377 980 178
          178 377 980 759
          952 183 507 1694
          1427 1760 1601 1492
          1329 1 802 350
          1319 1863 1570 65
          865 96 994 1641
          1825 1418 1188 1342
          485 1822 362 198
          1676 1816 328 185
          155 1396 432 1896
          961 1620 315 351
          1642 1284 1258 1460
          960 601 638 523
          1203 1214 1174 1269
          1811 1371 1263 1192
          636 586 1271 1002
          15 303 1357 1025
          1289 1052 587 918
          1052 526 1289 962
          962 1052 587 1289
          114 832 786 1865
          1842 1353 1217 1796
          1226 616 1423 973
          1247 1917 1715 575
          383 1157 1858 1046
          1858 1157 628 1046
          1770 112 439 1716
          1113 324 1944 679
          916 598 864 1632
          1741 1218 1576 1251
          1734 1588 1554 801
          509 858 1534 162
          286 1501 1873 1063
          1226 973 1301 657
          1176 1360 1223 1557
          1293 737 945 1571
          1139 769 1159 1041
          960 523 638 1261
          117 501 968 335
          1082 1356 1280 197
          1789 550 836 1609
          1827 508 201 774
          1404 928 208 496
          383 1157 1046 725
          1157 54 1046 725
          1529 618 1728 1266
          1404 1219 1491 1179
          332 1828 442 1525
          1346 1746 902 1420
          1340 508 201 1827
          800 393 1407 1439
          1922 680 246 1438
          1361 1548 617 1607
          1474 1187 1483 1400
          1485 1810 1028 622
          1697 1350 745 151
          676 605 536 972
          1485 1271 1810 622
          1307 1453 67 1909
          476 366 1909 1453
          1192 1758 1386 1371
          18 1035 1424 348
          1270 1786 1659 1273
          1219 1473 1440 301
          1205 1791 255 1324
          1537 1386 1146 220
          898 1784 1506 1317
          1477 1208 1700 1171
          105 1825 1431 1342
          1352 1212 1825 1698
          1625 1910 425 904
          1625 1310 1198 1910
          306 1416 1885 766
          1534 1138 869 93
          1493 422 1758 29
          1192 1386 1758 1493
          1324 1451 1205 1170
          1741 915 1874 1463
          829 481 3 1657
          1268 883 529 1926
          1465 1241 1252 1186
          1941 372 199 1929
          1137 361 138 1260
          395 1931 910 1151
          873 1240 1892 1479
          1576 1226 1168 1369
          782 1462 172 365
          1214 1275 1174 1332
          1646 1551 245 421
          1494 1172 1221 1264
          942 396 233 980
          1513 1047 30 1859
          171 1211 1456 1585
          1221 1711 1433 1264
          1585 1291 1170 1456
          1585 401 1291 1456
          1269 1336 1174 1381
          1629 1708 950 1283
          4 1420 902 1746
          1561 1196 1252 1241
          1355 1757 473 1509
          1482 1239 1549 1303
          1767 1039 1219 354
          1649 685 666 124
          800 1531 168 1461
          1168 1239 1675 1303
          1775 1444 232 1272
          1219 1039 1867 354
          281 1656 1577 153
          1653 1345 1199 1249
          1871 1291 1205 1324
          1488 1646 245 421
          1285 1182 1490 1502
          1620 1229 1829 1961
          84 1612 1094 1405
          1595 1466 1510 1222
          1581 1291 156 1274
          1371 1386 1206 220
          1641 298 1005 994
          1393 1309 328 971
          1625 292 685 904
          1574 349 493 148
          1493 378 422 29
          1456 1230 1499 123
          768 1314 1802 157
          1482 1675 1303 546
          836 550 651 1609
          819 1489 1614 141
          1724 1381 1796 1217
          492 706 1313 176
          1342 1374 498 1431
          348 458 1560 16
          1817 320 721 1721
          1344 1500 152 1029
          1676 838 1337 1816
          1480 759 178 812
          1167 1252 1465 1353
          1443 1193 1750 1567
          929 1332 213 953
          1257 1632 1645 1458
          1697 1861 1350 151
          1696 1362 55 1012
          1632 1777 1261 1728
          1391 1874 818 571
          692 73 1497 1553
          134 1223 897 1315
          1022 1370 1490 1233
          1881 1545 1409 1310
          1836 964 1053 282
          1308 1544 109 1377
          798 86 354 1925
          1324 337 255 123
          890 64 376 1245
          1064 445 1743 319
          84 1405 1094 1678
          341 928 1152 1491
          1233 225 1370 1437
          1539 881 1629 1627
          518 1105 698 1781
          1443 1750 1052 1538
          1696 737 1293 1571
          1445 1323 457 363
          1052 606 1498 1750
          1816 838 1337 1242
          1498 606 1288 1750
          1702 1189 1416 1318
          1585 1335 1626 1211
          1303 1675 634 546
          1271 1810 622 1904
          296 903 1542 77
          373 1406 1694 1121
          803 1768 1518 1729
          225 1233 468 1697
          1204 1387 1607 932
          1196 203 1561 1080
          1741 1781 1303 578
          1251 1105 1781 1741
          1741 1105 1781 578
          1745 1114 1532 191
          1370 225 1043 1437
          1395 313 52 332
          48 1330 885 771
          1318 1508 304 1189
          1731 1359 486 1390
          1731 416 486 1359
          910 1931 408 1151
          1931 8 408 1151
          138 1445 457 363
          1176 1634 1360 1323
          1313 1331 1556 900
          1357 1353 1252 1167
          1146 1537 431 62
          1250 1795 1628 1913
          1473 1195 1440 301
          1185 1278 1478 1461
          1547 1232 1759 139
          1547 1759 1302 139
          1555 1845 727 1349
          649 585 856 1273
          1273 856 596 537
          1061 217 1555 483
          624 1273 596 537
          38 965 749 1160
          1961 1829 351 1142
          811 1448 1515 133
          1315 1326 1184 1248
          1239 1675 1303 1482
          1386 1906 1298 1811
          1204 550 1789 1609
          1500 1816 1393 689
          1708 1283 1463 650
          1261 601 638 960
          1940 1728 1517 1266
          452 166 747 1010
          1395 1525 1371 1206
          1024 1323 88 1776
          357 875 145 1572
          146 855 1572 343
          401 123 337 1456
          1469 1912 1478 1624
          1590 1752 1475 1275
          1326 1366 1891 970
          1001 443 1013 230
          1001 443 125 1013
          1436 293 1887 1244
          1313 1798 1556 1433
          1556 1798 701 1433
          1798 440 701 1433
          184 454 807 1014
          807 454 94 1014
          454 331 94 1014
          1717 119 1454 704
          1958 1427 1040 1761
          1040 1761 10 1958
          1373 1717 1454 704
          1856 1343 490 1605
          32 417 264 1775
          1499 1182 1573 1211
          1863 1267 908 1319
          386 1807 1062 1315
          59 1290 694 1530
          1225 1369 1168 1316
          1101 382 1426 791
          41 1356 753 1090
          898 252 424 1506
          1652 371 127 488
          1577 754 140 1370
          68 367 1637 1313
          1080 1684 409 6
          498 828 1342 174
          1626 1335 1244 1211
          1225 1369 1316 521
          1385 640 1740 532
          1385 532 1740 1599
          1059 640 1740 1385
          1786 566 1107 882
          1479 1213 1368 279
          1297 1602 1193 646
          1590 51 1026 314
          737 1696 1293 55
          831 1327 1402 1696
          1359 496 1815 928
          1309 328 770 1951
          1581 450 124 1274
          1265 1178 1197 1270
          1560 1329 1 1524
          1263 762 257 1371
          232 1439 64 1272
          1705 1212 1698 1464
          1749 1455 1210 1641
          1018 1401 512 1484
          1790 1767 752 1219
          742 1470 263 1606
          676 1361 536 620
          1629 1259 1708 1283
          926 861 224 1216
          1078 1051 1326 418
          1535 1313 1637 1187
          1299 691 1440 1574
          1695 1836 1948 1258
          409 961 1277 1620
          1202 1168 1348 1664
          1445 1619 1234 1323
          316 695 369 1116
          316 695 1116 219
          273 29 662 1114
          465 1833 1292 7
          672 1631 1582 1837
          1369 1316 643 1236
          1516 1082 197 956
          871 1499 390 123
          381 725 54 1157
          1404 1767 1491 1219
          661 13 355 1503
          1253 1305 1343 1169
          1271 1940 1257 1457
          1578 1356 41 1255
          1541 870 463 165
          1752 1475 1275 22
          1414 1706 633 1262
          1511 966 284 1322
          759 1648 233 455
          34 1633 1343 823
          1601 1312 1196 1760
          1345 1497 726 73
          747 1678 1405 1384
          1901 1859 1753 1263
          660 63 1556 1074
          1411 1300 1056 36
          1548 566 617 1107
          1614 1199 1296 1934
          1840 1438 402 1209
          427 979 1939 1208
          489 1682 1431 1915
          1960 561 1031 635
          1118 561 1960 635
          930 1119 805 66
          1715 722 1247 575
          1212 1705 362 1822
          466 735 1441 169
          1927 1846 1413 1304
          510 1561 1684 1252
          1957 1717 1470 854
          854 1470 1957 1363
          662 1532 852 364
          273 1532 662 364
          294 677 17 1036
          274 1665 1651 1215
          1654 1418 323 853
          1878 912 215 392
          1024 1803 385 1512
          752 1018 1039 175
          1340 1644 1710 1230
          403 46 1587 1207
          878 621 955 1517
          674 1232 1547 139
          643 1316 1413 1236
          1279 1426 164 791
          755 1777 1632 1458
          820 1839 396 1652
          467 162 1534 1377
          1042 503 277 42
          1342 1188 1825 1510
          1738 1625 685 1249
          1778 1543 1277 711
          458 1636 16 709
          1330 1449 1208 1272
          1306 461 1438 880
          1238 1174 1524 1628
          1185 1330 1208 1272
          1260 1176 1445 1323
          1697 1351 986 438
          1441 1848 1454 1209
          269 1623 1441 1848
          1902 1769 627 1683
          788 499 1044 285
          788 343 146 1044
          1285 1182 1573 1490
          788 499 343 1044
          1635 1851 293 860
          84 1894 1544 761
          820 184 396 1839
          1456 337 1324 123
          934 1394 1687 978
          457 1234 1785 88
          1181 1259 1849 1708
          1112 680 1454 1306
          828 505 1546 174
          1605 886 1513 1216
          1338 663 1511 738
          1497 692 726 73
          1885 1416 280 1318
          1247 1193 1443 1567
          1499 1573 1230 1211
          1365 810 96 990
          106 1614 296 819
          1492 778 1779 1048
          1623 1848 1454 1441
          797 1482 1293 600
          1102 320 1817 1721
          1320 1239 1388 1168
          1327 628 688 202
          972 566 617 1361
          760 189 1322 1057
          1598 1345 941 789
          1322 284 826 966
          1356 1280 1190 1621
          303 1217 1842 1778
          1527 1780 1690 1201
          1800 1732 335 858
          1612 1405 1808 707
          1828 31 442 1525
          646 1762 554 1602
          1480 1579 1377 1534
          1932 1522 1235 1526
          1081 637 1301 790
          333 430 1137 1366
          1912 1255 1478 1330
          1711 1221 1680 1264
          1340 1437 1276 72
          498 1342 1431 174
          1033 1383 56 318
          923 1709 1282 549
          1741 915 1218 1874
          1239 1183 1482 1549
          1712 1858 1327 202
          1858 628 1327 202
          1780 1201 1341 785
          1245 64 376 1439
          1812 1603 751 1358
          1494 701 21 939
          1198 1310 1409 1910
          1883 1640 10 813
          1268 1262 1178 1414
          1423 1226 1225 1369
          1171 1575 1355 1621
          1280 1082 197 1516
          958 1756 232 1444
          286 897 1063 81
          1283 1004 650 609
          1372 1444 1185 1756
          887 218 820 1064
          726 1653 265 992
          110 396 1064 820
          110 820 1064 887
          110 396 377 1064
          164 339 1064 445
          655 1097 560 1388
          177 759 1648 1480
          1692 1234 1785 1009
          1802 1932 1235 1526
          439 1068 205 400
          1737 208 344 1404
          550 684 830 1408
          1069 297 750 118
          750 118 1068 1069
          1069 297 470 750
          681 297 470 1069
          1350 1170 1351 1697
          1613 1934 1199 1489
          1446 1559 1832 1270
          1192 1532 1380 1745
          18 1424 270 348
          1643 1520 625 877
          1873 1223 1415 1501
          1480 812 178 1504
          289 1891 1876 970
          1256 1468 1819 1511
          1765 1331 834 214
          1664 1482 1691 1202
          1918 1719 1213 1792
          746 1716 238 743
          1150 1522 1854 1295
          740 1947 1307 67
          1307 1909 67 1947
          828 1546 1342 174
          195 1372 1095 497
          983 28 1406 373
          950 650 543 1283
          293 860 1436 469
          847 1270 1107 530
          1579 240 1377 501
          270 1329 998 1424
          68 1313 1637 1535
          65 1570 1319 1657
          65 1570 1657 829
          1347 1961 351 1142
          1226 1320 1617 1168
          34 1633 1450 1343
          521 639 808 1316
          1044 1572 357 130
          353 1746 1890 1141
          1457 648 555 1289
          1406 1621 1290 1237
          164 1855 339 445
          1267 1085 896 214
          1364 1183 1403 1943
          1697 1170 1351 1233
          683 1158 1162 87
          1416 1189 280 1318
          1315 158 1326 1248
          1036 17 667 1487
          1407 1439 1245 1852
          395 8 1931 1151
          214 834 751 1331
          177 1579 759 1480
          1480 1579 759 812
          1355 1194 1575 1757
          1757 1194 1575 1552
          1540 1195 1574 1759
          1814 1168 1226 1369
          1150 1522 1144 1854
          1835 342 131 715
          891 71 1284 390
          1956 1069 439 1126
          1393 1180 1314 1309
          294 677 1269 1671
          677 1671 1521 1269
          1671 1269 1381 1336
          283 1835 1742 715
          398 342 1835 715
          246 1835 1742 874
          953 1332 20 1496
          1496 1250 1030 262
          953 1496 1030 262
          1220 1422 1619 1234
          1476 1693 444 1784
          1224 1861 1337 1481
          1794 1473 301 1195
          1703 1784 1476 1317
          1543 1778 262 711
          1250 1030 262 1778
          499 1099 843 132
          1099 352 843 132
          1744 221 1318 1003
          280 1470 1744 1318
          1304 1830 643 1236
          551 1830 643 1413
          1304 570 1236 1943
          1183 1304 1943 1364
          1631 374 1275 1505
          1064 1869 445 319
          1236 570 597 1943
          1943 570 597 1699
          1386 422 1146 220
          474 1375 1411 1253
          447 246 1835 448
          447 1835 131 448
          1251 1004 1463 609
          831 1696 55 1012
          1111 550 836 610
          1268 842 614 529
          1467 1178 1268 1262
          1337 1409 1881 1545
          169 1923 1840 1922
          1902 1339 1247 1177
          1334 259 354 691
          527 722 1247 1715
          1631 672 1007 213
          1343 1190 1633 1254
          1120 1289 918 555
          190 1678 470 1069
          647 1348 1663 518
          1730 1002 1782 588
          949 1582 267 1837
          811 1209 1515 1448
          1837 1214 267 1521
          38 1371 725 965
          1018 1689 1484 311
          1438 461 874 87
          678 1363 1848 1448
          1361 605 972 1771
          1025 1011 1252 1787
          1927 1764 1202 1413
          1571 737 1679 1228
          1506 1227 1317 1169
          1632 1458 598 755
          1226 1225 1576 1423
          1672 921 196 1821
          1213 1184 1415 1557
          1175 1337 1328 1488
          18 733 1424 1035
          480 1952 1725 443
          211 716 1381 458
          462 167 1597 814
          1361 972 536 617
          1892 1479 1368 279
          1379 1577 464 281
          1337 838 434 1870
          1033 1354 1665 1383
          1351 1170 1350 1224
          1216 1375 1604 1173
          356 1123 895 272
          1421 485 1302 1547
          1151 8 408 946
          24 1439 376 459
          938 475 1164 33
          1157 1163 628 1046
          46 1693 1376 252
          1361 566 1548 1734
          319 968 1869 1595
          1279 1869 1595 445
          91 1373 809 263
          467 162 509 1138
          1889 1000 135 1626
          1143 1580 1415 817
          275 39 1139 894
          1417 162 317 467
          1463 533 1117 650
          574 920 705 1140
          584 1664 1691 1202
          1891 1366 83 970
          1326 1528 289 1891
          993 1891 289 1528
          1202 1293 1482 1691
          1293 1482 1691 600
          1514 1423 1301 1181
          1691 1293 600 1571
          789 188 1847 1038
          551 1304 1830 1413
          1203 1752 1590 1275
          1751 548 615 1446
          1224 1681 1205 1170
          1172 1246 1294 1427
          796 1428 1661 593
          1861 1071 434 258
          147 359 879 1144
          1261 523 1805 1517
          729 1631 310 1007
          1286 1443 1538 1177
          1208 1707 1939 427
          1356 1280 1621 1171
          185 1507 1393 971
          381 1371 1525 38
          1472 697 4 1346
          437 1147 850 704
          181 1374 889 816
          850 1147 278 809
          1472 4 1420 1346
          437 170 1147 704
          1346 1215 1347 1167
          1786 1273 1734 1588
          1750 1193 1608 1567
          1226 1617 1391 1218
          1839 454 127 371
          1779 778 690 204
          1396 1914 433 1612
          1481 144 1861 1337
          485 785 105 1302
          648 564 1289 1257
          1282 923 1054 599
          668 1380 49 226
          308 1707 1939 1516
          1707 885 308 1939
          433 432 748 1396
          1423 616 540 973
          498 1374 97 969
          221 1341 1523 888
          1523 1341 1508 888
          938 475 153 1153
          914 401 1585 1456
          1619 1422 1179 1234
          1156 948 79 504
          1619 1210 1234 1179
          1220 1323 1619 1176
          1220 1176 1619 1596
          1334 1619 1240 1220
          1334 1179 1619 1220
          1220 1619 1240 1596
          71 1642 892 1060
          1619 1176 1240 1596
          628 1046 1163 202
          1492 1229 1829 1620
          1492 1829 315 1620
          683 874 448 1158
          1745 1114 814 1493
          1745 1298 1493 814
          280 1470 742 1744
          334 221 1318 1744
          334 1318 280 1744
          113 1896 1797 432
          1493 1114 1532 1745
          1346 1229 1746 1420
          825 1196 1799 203
          1153 475 1161 33
          1153 1161 708 33
          938 475 1153 1164
          1090 1900 753 209
          1250 1174 1628 1215
          1254 1552 1703 1194
          1672 1821 196 843
          590 1265 730 1950
          1827 1276 201 1340
          1508 1243 806 1589
          974 192 339 1165
          982 1496 1842 303
          1842 1217 1357 1778
          1842 1496 1217 303
          1110 275 1444 1330
          1422 1776 1299 1638
          1681 1274 1205 1871
          1200 1681 1871 1274
          1224 1871 1681 1170
          1681 1871 1205 1170
          482 1856 1019 1305
          1856 1253 1019 1305
          974 1165 339 487
          1170 1871 1205 1324
          1432 1227 1506 1604
          34 1605 886 490
          34 1450 886 1605
          1253 1207 1604 1411
          894 1110 275 1444
          1432 1604 1207 1173
          1725 316 346 443
          1288 1608 1953 1428
          1171 1406 1290 1694
          1258 1695 1642 1084
          1171 1333 1694 1278
          1694 1278 1333 1407
          183 1694 1333 1407
          1953 1288 1669 606
          398 921 1672 741
          1432 1604 1506 1207
          1608 1953 1709 1193
          1304 641 515 1584
          633 1706 1558 1262
          1022 69 468 1233
          1331 1812 1221 1556
          301 1473 1341 1790
          1690 85 1412 486
          256 1955 1285 905
          1237 1130 59 1406
          1759 1179 1195 1422
          1542 781 159 1296
          79 1878 671 699
          1356 1255 1124 41
          1384 1808 1405 161
          732 1420 1746 1503
          1761 302 1640 1494
          256 1502 70 905
          134 1315 897 312
          312 158 1315 899
          1305 340 254 27
          482 1305 1019 27
          1511 738 1772 284
          1236 643 597 570
          1424 733 1269 1035
          645 1567 1247 1763
          1398 1349 199 1907
          1040 1958 690 204
          1607 1548 617 547
          885 1330 244 771
          861 1722 45 1453
          888 301 1401 845
          216 1449 979 427
          644 563 710 1321
          1206 1371 1263 1811
          1465 1241 1657 1831
          653 1321 710 563
          1424 1203 270 1329
          1698 1466 1817 1222
          616 1369 909 521
          384 1241 1399 1561
          1727 1367 1008 23
          1608 1023 1282 581
          1369 1225 909 521
          1318 1826 1508 1189
          1431 1374 498 1302
          1804 1405 707 161
          541 1435 1720 1777
          1337 1881 1175 1681
          1864 545 1262 1414
          986 1697 745 151
          1220 1713 815 1596
          1005 441 1692 1390
          662 191 852 1532
          479 949 60 1336
          259 1596 1334 1925
          967 1918 1719 206
          1239 693 1675 1100
          1675 1100 634 546
          1627 1271 1382 1177
          1496 1030 303 20
          1492 1620 1196 1229
          584 1818 682 1664
          165 1478 870 497
          1405 1678 1808 681
          1061 1555 727 483
          1334 691 1440 1299
          1281 775 1874 571
          1254 1880 1027 58
          722 645 1247 575
          1393 1951 1500 328
          1491 1767 1790 1219
          1356 1633 1280 197
          1458 598 1028 1257
          1910 1136 1409 689
          963 1775 958 232
          1413 808 901 569
          1404 1334 1219 1179
          1340 72 508 1096
          1276 508 201 1340
          1779 778 204 1048
          665 415 1568 172
          1222 1568 415 1462
          875 145 1416 766
          306 875 1416 766
          1703 1237 1169 1305
          468 1370 140 754
          594 628 688 1327
          225 1644 986 438
          1214 1269 1521 1336
          949 1521 267 478
          854 1363 119 678
          1103 1363 854 678
          1521 1336 478 949
          1024 1109 88 1323
          1232 1759 358 1422
          1323 1234 457 88
          786 1308 1865 305
          1544 1894 1417 761
          1152 208 1767 1491
          1239 1643 1549 1320
          931 216 1449 417
          1492 1601 1229 1196
          1884 1448 678 269
          1838 889 1440 1586
          739 1951 1314 157
          1446 1832 615 1270
          1549 1413 1766 1316
          1383 1275 1590 927
          26 1088 675 1477
          819 1614 296 141
          1626 329 673 1392
          1248 884 1143 1501
          208 798 752 1767
          372 1623 1454 1441
          727 1349 1804 161
          347 884 1501 81
          104 772 1451 1351
          1464 933 1705 449
          15 982 1357 303
          1025 303 1357 6
          401 1291 156 787
          1416 1189 1589 1306
          1402 1888 1327 831
          524 1257 1070 1028
          524 598 1257 1028
          1275 1459 1214 1203
          835 485 1547 1425
          524 598 916 1257
          1343 209 823 1633
          1477 1280 1516 1171
          916 1257 564 648
          524 916 648 1257
          1265 610 1559 1197
          1905 1127 1301 573
          1228 1402 1183 1696
          1662 1956 1770 219
          1837 1496 1336 20
          1561 384 1241 5
          1227 1216 1604 1453
          647 682 1348 518
          1097 517 1643 877
          185 1393 328 971
          264 1110 1444 958
          1185 1444 1330 1272
          1516 1280 1082 1356
          1731 1749 416 1210
          1698 1212 1825 1510
          200 416 486 1731
          1307 1783 1537 389
          1774 525 1849 1259
          1954 1192 1371 1758
          1624 1912 771 25
          378 868 167 1298
          288 1667 1090 824
          289 1326 158 418
          1326 970 289 158
          580 950 1529 1435
          1849 1259 1283 1708
          1084 1284 1642 1460
          1263 762 414 257
          1135 1396 432 707
          506 1406 1333 983
          1695 1084 142 910
          403 46 1666 424
          1525 1371 725 38
          1807 1223 134 1315
          987 1051 1326 1078
          1207 1506 424 1376
          1434 242 1159 1041
          756 1434 1159 1041
          739 338 157 1314
          810 1256 1468 1819
          1024 1634 1803 250
          1032 1250 262 1543
          1257 1447 564 1289
          1732 117 335 501
          1641 1005 200 994
          1434 242 1041 667
          256 1490 754 1370
          425 1500 1344 1029
          160 891 1340 390
          507 800 1461 1407
          65 1570 260 465
          878 618 561 1266
          588 1287 1730 999
          1530 340 1237 1305
          1230 123 1324 1921
          1520 594 625 877
          1724 1381 716 1796
          1009 1692 128 358
          1482 1100 1675 546
          1522 359 879 147
          1675 693 634 1100
          1316 1766 1611 569
          1301 637 573 790
          1559 610 1789 1197
          706 404 180 1433
          1340 1182 1499 1284
          540 1081 1301 790
          1227 1453 1173 1307
          636 1002 1271 544
          1486 423 1418 853
          1311 141 1854 1295
          1279 1466 1486 1188
          294 1036 733 1938
          1179 1299 1440 1195
          1548 1789 1204 1616
          1450 1027 222 696
          1645 1810 1539 1191
          648 1289 1120 555
          1270 1178 1197 1273
          1589 880 1209 1515
          1589 1515 1243 235
          170 1555 452 1384
          1306 1438 1589 880
          776 950 543 1283
          776 1283 543 1086
          1325 313 1395 332
          579 776 1086 1283
          1354 318 729 1275
          1286 1902 1443 1177
          1906 1307 1386 1537
          519 1818 1691 1764
          450 156 666 1274
          528 1387 1050 1609
          800 1407 848 24
          255 1847 833 1038
          1427 1760 1492 1048
          1622 95 322 859
          170 1349 1384 747
          1259 1539 1629 1191
          1218 1463 1181 1576
          1333 1407 1245 848
          1420 13 1503 732
          1591 1879 1355 1673
          1263 1371 257 1380
          1360 1634 103 1803
          669 72 1276 429
          164 736 1844 974
          669 1276 72 508
          669 201 1276 508
          1570 1465 1657 829
          1152 1767 752 1790
          37 1461 723 1442
          1442 1461 870 37
          1461 484 723 1442
          243 1822 449 1464
          1336 60 478 949
          963 734 1775 232
          1695 271 1642 1084
          1638 1776 1299 1899
          1865 872 114 1647
          375 872 114 1865
          623 554 633 1602
          646 654 554 1762
          1443 1193 1762 1750
          870 1461 1442 1478
          1913 1347 1167 1277
          743 1770 346 746
          1367 1450 1788 696
          1241 984 1831 1843
          481 908 11 1358
          1657 1319 1843 1241
          1217 1353 1357 1167
          1463 533 1874 1281
          212 727 1398 1804
          1352 1825 1188 1698
          1440 691 349 1574
          1539 1271 881 1627
          221 1527 1318 1508
          303 711 1778 6
          430 1468 361 1260
          742 263 1820 809
          430 1468 1260 1366
          1468 1256 1365 1260
          386 1366 1062 1807
          75 1500 739 328
          891 71 405 1284
          1084 405 71 1284
          1278 1407 1461 1185
          1461 507 1407 1278
          1280 1355 1621 1171
          1389 503 1474 42
          1152 208 752 1767
          574 877 1097 1643
          1481 1881 1224 1681
          893 1244 1285 135
          1730 1287 603 999
          1666 424 1432 35
          630 556 654 1286
          526 630 654 1286
          526 630 1286 714
          1579 501 1377 1534
          26 1477 956 1516
          1658 1265 531 1016
          1853 1486 1101 423
          1462 415 989 243
          956 1280 1516 1477
          1372 1185 1444 1330
          1591 64 890 1245
          1383 1329 1203 1174
          1438 87 402 1091
          167 1666 1597 1298
          989 95 322 1622
          246 1166 1835 874
          163 444 1317 1476
          1005 1692 1731 200
          126 1528 993 987
          1596 1360 1803 1220
          516 655 818 1617
          1177 1447 1289 1286
          1120 1289 587 918
          962 1289 587 1120
          564 1289 962 1120
          648 564 1120 1289
          894 1444 275 39
          1363 1243 1209 1448
          1624 1444 275 1330
          1624 771 275 25
          776 525 1259 1849
          497 1469 1624 25
          1923 683 1840 1922
          453 133 1448 811
          1450 1367 1216 1169
          30 1901 1736 1263
          1457 1257 622 702
          1544 719 1377 1417
          1544 1417 1377 761
          460 1544 109 1308
          1205 1451 1847 1328
          12 1483 511 1267
          12 664 1483 1267
          1481 1681 1224 1200
          1692 1232 1179 1390
          1316 808 1413 1766
          1483 1410 1187 1474
          1293 797 600 55
          336 1294 1400 1483
          1572 1416 145 1306
          1363 287 678 1103
          1302 785 1794 1823
          841 172 1568 1462
          1421 105 362 1822
          1644 1351 1697 438
          276 1670 1581 1200
          1049 554 623 1297
          1819 663 229 1511
          221 1508 1318 1523
          1085 1765 834 214
          1523 1470 1003 435
          1294 1264 1187 1680
          1312 825 1017 203
          1168 1576 1225 1348
          14 778 690 1779
          564 1289 1447 962
          564 1447 714 962
          1447 864 564 714
          1787 1353 1252 1357
          1837 1214 1174 1332
          1460 1258 1502 1182
          256 1490 1370 1502
          1200 917 1581 276
          1659 882 530 593
          378 868 1298 792
          72 1437 1710 1340
          1674 152 504 290
          1758 422 1386 220
          944 1124 1541 165
          1425 485 1780 835
          996 1772 121 284
          183 373 1694 952
          46 379 340 1376
          987 1528 289 1326
          1422 1776 1785 1234
          1539 1627 1629 1191
          384 1561 1017 203
          1561 1312 1017 203
          657 1301 1127 573
          1811 1906 1298 1173
          1197 1594 610 1616
          1182 1392 1211 1284
          1408 1616 830 568
          1035 211 1269 1424
          187 1474 1483 1389
          1474 1400 1483 1389
          1404 1925 1334 1240
          1456 1324 1170 1230
          1944 1843 1399 679
          582 977 1627 881
          882 1659 1588 624
          829 1831 3 1465
          623 1414 545 1129
          829 1657 1831 1465
          1306 1112 680 130
          1166 680 130 1306
          1528 1773 370 1891
          1374 1342 498 828
          1374 816 1342 828
          97 816 1374 828
          1182 1230 1573 1437
          1371 1758 1386 220
          386 1366 1807 1315
          1513 1145 1859 1325
          290 1674 879 147
          1882 1282 1054 599
          1648 759 377 1480
          1911 748 317 155
          1911 433 317 748
          1545 917 231 1310
          240 1308 761 84
          240 703 1308 84
          1242 1613 1934 1199
          130 1850 1306 357
          1471 1555 947 483
          1182 1258 1502 1285
          1499 1182 1230 1573
          1573 1392 1285 1244
          789 1345 726 73
          1209 811 1848 1448
          406 1311 359 78
          287 1448 678 1884
          274 1346 1813 1564
          1400 42 477 307
          1763 1567 1287 522
          1190 1530 1305 1536
          1764 1228 1571 1959
          1400 1072 42 307
          642 1846 1228 1959
          1400 1187 1294 1264
          909 1687 563 724
          724 1687 644 553
          1691 600 1077 720
          464 1577 140 840
          1664 1549 1168 1303
          312 1501 897 81
          1922 1438 246 683
          1247 1567 1924 1763
          1316 1369 1168 1236
          1387 1789 836 1609
          1324 255 1451 1134
          552 1650 1805 1261
          1192 1371 1263 1380
          1263 1192 1380 1300
          1088 473 675 1477
          1919 445 1595 1743
          184 1839 1014 396
          1595 1466 1893 1510
          871 123 401 1456
          1595 841 1510 1893
          1308 761 1377 240
          316 346 1886 695
          107 827 1318 334
          495 228 1396 1398
          318 1908 729 1275
          1467 1864 1262 1268
          957 1596 1479 1360
          623 1706 633 1414
          1249 1311 1738 1613
          534 1140 920 1320
          593 1659 624 537
          1359 1815 120 928
          1271 1457 1810 1904
          1321 525 644 978
          644 1321 710 525
          1363 1209 1848 1448
          235 1091 1515 794
          880 1091 1515 235
          1832 1559 547 847
          1243 1515 1209 1448
          105 1374 1431 1302
          44 1760 1620 1196
          753 1900 823 209
          1206 1395 1263 1371
          1352 287 435 1103
          1811 1386 1206 1371
          200 1731 486 1390
          1398 372 199 1941
          1376 379 340 1237
          1477 300 979 1088
          26 1477 979 1088
          1177 1517 1339 1266
          1775 64 1272 232
          1760 1427 420 1048
          876 1454 704 437
          876 119 704 1454
          1325 1145 313 45
          1325 45 313 332
          1430 1181 1259 1514
          1514 1181 1259 1321
          1368 121 1892 279
          1169 1367 1216 1227
          321 833 1451 188
          104 1451 833 1134
          480 111 1952 443
          970 1326 1315 158
          1008 23 1367 696
          1441 1454 680 1209
          1206 1525 1371 220
          1243 888 845 1363
          931 216 427 1449
          1444 1110 1449 1272
          1210 1404 1359 1179
          1214 1487 267 1521
          1499 1230 837 123
          1352 287 1103 323
          1456 1211 1499 1230
          1269 1521 1938 1214
          1311 1180 1489 1295
          270 1203 1065 1329
          1474 503 1042 42
          1361 1607 620 932
          1496 1217 1778 1913
          1480 501 1579 1534
          177 501 1579 1480
          1766 1168 1316 1348
          1313 1187 1221 1331
          1468 1256 1557 1184
          1184 1256 1557 1511
          1564 295 1142 1813
          9 900 1331 451
          1090 824 1900 209
          209 1536 482 824
          834 9 1331 451
          604 1408 1862 1385
          1692 128 441 1005
          1215 1524 1665 1174
          777 1071 434 1861
          1674 1522 879 147
          1847 833 1038 188
          301 1401 845 1586
          703 166 1678 747
          1435 1645 1629 1191
          1583 1542 1231 77
          1274 666 1497 692
          1345 1175 1249 1497
          1838 1586 1440 301
          1174 1269 1214 1336
          1239 1100 1675 1482
          1611 1766 647 569
          1611 1348 647 1766
          1766 682 647 569
          1272 1439 1591 1245
          1168 1549 1766 1316
          1902 1558 1193 1247
          1348 682 647 1766
          1198 1934 1393 1242
          1316 1348 1611 1766
          802 1665 274 1524
          1634 1093 1512 250
          113 1896 261 1797
          326 82 663 1338
          1807 1315 134 1062
          1024 1803 1512 250
          15 1357 1787 1025
          1684 1277 409 6
          1684 1196 409 1277
          1354 1275 1383 318
          1033 1354 1383 318
          567 1774 1539 1485
          126 326 370 1528
          696 58 1509 1254
          1748 115 687 764
          1497 1801 1345 1205
          1497 73 1345 1801
          816 1115 325 1342
          816 325 181 1342
          816 1115 1342 828
          178 869 1504 812
          1547 441 1232 128
          1646 1507 245 1296
          1206 1386 1537 220
          1211 1626 673 1392
          425 292 152 1344
          899 1501 81 347
          1567 1023 613 522
          535 1858 1327 632
          1654 822 1466 117
          789 1345 265 726
          678 1848 119 1623
          1274 1345 1175 1205
          1199 1653 1489 265
          1691 1482 1077 600
          274 902 697 1346
          1824 1317 1506 1227
          1341 785 1473 301
          1341 785 1201 1473
          1589 1438 1209 880
          1227 1169 1824 1317
          1823 1473 1794 1195
          1179 1440 1473 1195
          1758 1386 422 1493
          1814 1726 1369 616
          1600 1186 1465 1252
          604 932 1385 1059
          1059 932 1385 562
          1385 932 1361 562
          1385 932 1204 1361
          1549 1236 1413 1316
          1593 1326 158 1248
          1556 63 324 701
          652 1735 1846 1584
          1266 1960 1339 1382
          1572 1112 1306 130
          1844 713 110 339
          1074 63 1556 367
          63 440 701 1556
          1221 1556 701 1433
          1558 633 1602 1706
          535 628 1655 1327
          986 1351 772 438
          1192 1386 1811 1371
          1192 1298 1811 1493
          1230 1170 1233 1351
          1698 1212 1510 1222
          1188 1698 1466 1654
          214 1331 1358 1267
          1604 1411 1173 1375
          1843 984 1657 1241
          1453 1788 1722 366
          1691 1202 1818 584
          1643 1520 517 1239
          40 1354 1033 318
          40 318 729 1354
          1010 102 959 1384
          1679 520 773 1562
          165 1469 1478 497
          1625 904 425 292
          425 1625 1344 1198
          1933 925 305 1308
          1625 1344 1198 1613
          673 914 1615 171
          171 1615 673 394
          1064 164 445 1869
          1478 1255 1185 1330
          1254 494 1027 1880
          84 1544 1308 761
          1237 1784 1169 1376
          497 1478 870 1442
          497 1372 1478 1442
          960 1720 1435 1777
          736 192 713 1844
          1049 1658 531 1016
          481 908 1358 1319
          908 1358 1319 1267
          214 1331 751 1358
          1216 1227 1604 1169
          176 1400 477 922
          228 1405 1396 1349
          1613 1311 1344 1180
          1906 378 1386 1298
          1852 376 1245 1673
          1176 1360 1220 1323
          1411 36 1597 1300
          1173 1411 1597 1300
          968 501 1480 335
          1524 1329 1665 1174
          1361 605 676 972
          676 972 536 1361
          562 605 676 1361
          1494 302 813 939
          1433 1494 813 939
          21 1017 1494 939
          1406 1476 1621 1237
          1521 17 267 478
          1810 1457 622 702
          528 1204 1866 932
          1103 435 854 1363
          435 287 1363 1103
          1113 1944 1399 679
          1944 324 11 679
          1700 1208 1591 1272
          1359 928 1404 496
          1269 1036 1938 1521
          1424 733 1938 1269
          1670 108 1545 917
          1265 1178 1446 1297
          361 810 96 1365
          1393 1180 1500 1314
          1357 1778 1277 6
          1612 1808 1662 707
          1366 1184 1315 1326
          1326 1338 1366 1184
          1065 1630 1590 1203
          1451 1224 1205 1170
          104 772 321 1451
          1213 1792 1719 1415
          164 1919 445 1279
          1825 1510 1212 1431
          1529 1629 1266 1728
          1728 618 878 1266
          105 1825 1212 1431
          1919 1279 1595 445
          1456 1291 1170 1324
          1342 1825 1431 174
          75 1910 1198 1816
          468 1233 1370 1022
          468 1022 1370 754
          1231 1542 1768 1296
          1005 1390 1692 200
          572 862 1571 1562
          1279 1466 1188 1893
          1491 341 1341 1152
          1768 1231 1123 159
          468 225 1370 1233
          1438 461 1166 874
          240 1102 1579 1378
          468 225 1043 1370
          468 1043 140 1370
          246 1438 1166 874
          275 1372 368 1139
          1397 1739 664 1294
          195 1372 368 1095
          195 1372 1133 368
          1372 769 1133 368
          195 769 1133 1372
          195 484 769 1372
          484 39 769 1372
          1445 361 865 1365
          1510 1342 1546 1893
          1925 354 1037 86
          1112 1373 437 704
          1233 1170 1230 1573
          1373 91 1112 343
          855 91 1373 343
          467 1417 1098 111
          1821 741 92 1061
          1564 0 1813 1142
          102 1471 947 483
          467 1417 210 1098
          1098 719 480 1417
          162 1417 1377 467
          111 1417 317 467
          1112 91 1373 850
          1320 1168 1814 1369
          105 913 1342 1374
          1514 1430 1301 637
          540 1081 1514 1301
          540 1081 653 1514
          540 1301 1514 1423
          1551 245 1296 1646
          1514 1321 653 937
          1857 548 1751 1288
          1718 951 375 703
          952 1694 507 1278
          1376 252 424 46
          1207 1376 424 46
          1588 1273 596 624
          1393 1507 1309 971
          795 185 1507 1242
          795 1507 410 245
          287 975 1418 780
          423 90 780 1418
          903 309 1854 1295
          501 761 1377 162
          1535 1042 492 176
          1474 277 1535 1042
          129 1419 924 1546
          1580 826 101 399
          1868 1910 1136 231
          1545 108 391 917
          1377 719 109 812
          1204 1548 1607 1789
          1789 1548 1607 547
          1213 1557 1415 1719
          952 1461 507 37
          1380 364 49 852
          446 1380 49 852
          257 1380 49 668
          1546 505 1893 174
          1510 1893 1079 174
          1637 1410 68 1535
          1544 1725 460 719
          1725 150 746 460
          1764 1202 1691 1293
          1537 1783 31 389
          1571 1764 1691 1293
          1094 84 1914 1612
          1525 220 725 965
          1298 1666 1432 868
          1371 220 1525 965
          300 954 890 1591
          954 64 890 1591
          163 1476 1317 1194
          660 63 324 1556
          1256 1557 1365 1260
          4 2 1472 1131
          381 1525 725 38
          1472 2 1292 1131
          1221 1313 1556 1433
          681 1384 483 161
          681 959 483 1384
          959 297 1384 681
          959 297 1010 1384
          1409 391 689 1136
          1222 1817 1622 721
          822 1817 1622 1698
          1867 1440 116 1219
          792 378 62 1386
          1873 286 1610 1093
          1223 286 1873 1634
          1433 180 701 939
          629 1387 591 844
          1751 1446 1270 1288
          547 849 1387 629
          1608 1282 1178 1428
          535 628 1327 1858
          629 1050 591 1387
          629 557 1050 1387
          557 836 1387 1066
          1219 1790 1401 1677
          1341 1790 99 1401
          486 200 1390 1686
          574 1097 655 1388
          1644 225 1437 1076
          1005 441 1390 200
          1687 644 553 978
          1321 644 1687 978
          1226 1181 1391 1301
          1184 1338 1511 1322
          1297 1178 1706 1414
          377 713 1844 736
          1184 1511 1213 1322
          516 1391 818 1127
          877 1520 517 1643
          907 329 1392 122
          1401 1484 299 1677
          1677 116 512 299
          1 1524 802 697
          1472 697 1346 1524
          1508 1401 1243 888
          1614 1296 1295 1180
          1355 1879 43 1673
          1248 1143 1415 1501
          1501 1315 1184 1248
          1394 978 934 579
          767 579 1394 934
          130 502 1850 357
          791 1919 1855 1279
          1166 130 283 1850
          130 502 283 1850
          1767 1039 752 1677
          1287 1754 1457 603
          414 313 52 1395
          495 1396 155 1058
          839 1058 155 1396
          839 1396 155 1135
          839 1396 1135 212
          1135 1396 707 212
          839 1058 1396 212
          1235 1674 1180 1344
          1707 1330 1255 1912
          1560 1381 1174 1238
          1553 1801 1791 73
          1801 1291 156 337
          1913 1217 1628 1250
          12 355 664 1397
          1177 1261 1286 1805
          1398 727 199 1349
          727 670 1398 199
          1310 1942 904 124
          727 670 212 1398
          1805 523 638 1517
          1058 1398 1396 212
          491 1398 1058 212
          98 1398 1058 491
          98 1398 495 1058
          495 1398 1396 1058
          863 1945 100 330
          1400 1389 42 1072
          336 1400 1072 1389
          1674 1235 1522 147
          336 1294 1072 1400
          1042 42 477 1400
          176 1042 477 1400
          888 1401 1243 845
          1409 1310 1175 1881
          1194 1509 1280 1254
          1802 770 407 157
          656 1712 632 1402
          1399 1680 1221 1172
          1233 1351 1697 1644
          1399 1358 1680 1172
          1644 1697 986 438
          1521 1459 1487 1036
          1938 1036 1459 1521
          534 625 1140 1403
          1245 1700 1591 1272
          1922 1441 1438 1840
          1711 1313 1187 1221
          1451 1224 1704 1328
          1312 302 1761 1494
          857 1763 1287 522
          1492 315 778 1048
          1761 420 1640 302
          1492 315 1048 44
          1761 1494 1640 813
          1242 1613 1199 1175
          1613 1180 1489 1311
          1935 1592 1445 363
          652 1679 514 182
          1960 658 1118 538
          1526 1860 392 1231
          1622 1568 1222 721
          1582 1837 20 953
          1575 237 506 1333
          1683 1031 527 1339
          415 243 1462 782
          1916 930 1459 66
          183 800 507 1407
          271 408 1695 1020
          183 800 1407 848
          183 1407 1333 848
          1219 116 1867 1677
          1867 116 1039 1677
          1874 775 818 571
          821 651 558 1408
          757 821 558 1408
          604 1408 821 757
          223 505 1546 828
          1142 1550 784 1347
          1546 505 924 1279
          1401 1677 1018 512
          1677 1039 1018 512
          1591 300 979 1477
          1542 1295 1231 1860
          57 793 451 1410
          1690 486 995 120
          474 1148 1411 1375
          1375 1148 1411 1300
          1411 1148 1056 1300
          474 1148 1056 1411
          1787 3 1831 1465
          643 808 551 1413
          1413 808 551 901
          1413 642 901 551
          38 1160 364 1954
          1637 451 1765 1331
          1637 1765 1410 1331
          511 1765 57 1085
          1637 451 1410 1765
          1410 451 57 1765
          511 1410 57 1765
          1331 451 1765 834
          1707 885 1330 244
          1414 633 545 1262
          1242 1934 1646 1199
          1308 1718 1865 703
          623 633 545 1414
          1265 1297 1414 1178
          70 256 754 1502
          1143 1415 241 817
          960 580 1435 1720
          541 1720 1281 919
          541 1435 1281 1720
          1300 446 1380 1736
          889 116 1440 1586
          1645 1259 1629 1191
          1436 1545 108 469
          1436 1200 108 1545
          1377 719 210 1417
          469 108 391 1545
          761 1417 1377 162
          317 433 162 1417
          317 433 1417 748
          317 748 1417 111
          423 90 1418 323
          181 780 1418 325
          1342 325 181 1418
          835 1547 330 441
          835 1547 1421 330
          1201 785 1425 1473
          1292 1346 1420 1167
          1601 1172 1246 1397
          1319 1172 1241 1601
          1801 1205 1791 73
          687 115 1748 1057
          1807 1366 1260 1184
          485 105 362 1421
          1823 485 1547 1302
          1680 1221 1812 1358
          1421 105 1302 485
          1307 1227 1432 1173
          1278 870 463 1541
          1220 1299 1179 1422
          541 1777 1458 1435
          1777 1435 1632 1458
          1423 937 563 1321
          1557 1360 1223 1873
          1918 279 1213 1479
          1939 1516 956 308
          1303 1781 698 578
          1663 1781 1251 518
          700 1695 1948 1258
          547 1548 617 847
          1241 1843 1831 5
          1710 1437 1644 1340
          1663 1348 1781 518
          1251 1781 1303 1741
          1781 1105 698 578
          1423 1687 1394 1321
          1519 684 1268 1733
          1264 1494 1883 1433
          649 585 1273 1467
          1733 1197 1616 1268
          916 598 1632 1257
          1681 1881 1310 1200
          1172 1294 1264 1427
          642 1764 1959 1228
          85 1780 1425 1201
          1899 1803 385 1220
          1723 254 1587 1411
          366 476 45 1453
          540 1423 1514 937
          1106 1288 796 1428
          432 1662 113 707
          1288 1178 1270 1428
          1204 550 1609 1408
          1527 221 334 988
          1412 1527 334 988
          1596 1803 815 1220
          1781 1664 698 518
          1011 3 1787 388
          1383 1590 291 927
          1590 1275 1475 927
          1590 1475 291 927
          1335 1436 360 1244
          1472 16 1636 7
          293 1436 108 469
          1676 144 689 1409
          1709 1178 1467 1262
          1826 1243 1589 1189
          1318 1826 1470 1523
          1523 435 888 1826
          105 1374 1342 1431
          1302 1794 1374 1195
          1302 1794 105 1374
          1302 785 105 1794
          98 1907 228 1398
          1859 1145 313 1325
          1889 1626 1244 1285
          325 1853 1418 1546
          1532 1758 273 1493
          1168 1251 1576 1348
          1674 78 879 359
          580 1117 1281 1720
          1720 1117 1281 626
          701 440 180 1433
          1459 66 930 667
          303 1778 1357 6
          1593 1748 1248 347
          1778 711 1277 6
          1102 1721 177 1378
          1281 1430 1435 541
          1459 66 667 1036
          321 1488 76 421
          1318 221 334 1527
          1709 1193 1558 1247
          1709 1567 1193 1247
          722 1709 1558 1247
          1262 1709 722 549
          1182 1233 1370 1437
          1374 1440 1574 1195
          1435 1259 1629 1645
          1340 1437 1230 1182
          1182 1437 1276 1340
          379 1237 1841 340
          1841 1530 694 340
          1222 415 989 1462
          1166 1306 130 1438
          1334 1440 1219 1179
          1440 116 349 691
          889 116 349 1440
          1374 889 349 1440
          1758 1371 965 220
          1357 1217 1167 1913
          1365 1455 1210 1176
          1455 1256 1368 1176
          931 1449 48 417
          1449 1110 1330 48
          365 172 841 1462
          1442 484 723 195
          497 1372 1442 195
          1372 484 1442 195
          1479 873 1037 206
          1357 982 1842 303
          1757 1552 976 345
          1575 1552 976 1757
          804 1575 976 1757
          1194 1757 1355 1509
          998 1560 1 16
          590 1016 1446 548
          607 1446 1016 548
          1670 1335 1581 1200
          1200 1670 917 276
          1659 1273 624 537
          1560 1238 1 16
          1265 1178 1270 1446
          1814 1369 1226 616
          1177 1261 1447 1286
          1207 1506 1666 424
          1226 616 973 1814
          916 1257 1447 564
          916 1447 864 564
          1901 1263 414 257
          107 1318 1885 334
          1448 845 453 975
          287 845 1448 975
          287 845 1363 1448
          287 1363 678 1448
          453 133 845 1448
          580 1283 1708 650
          216 954 979 1449
          216 1272 954 1449
          1006 1272 216 1449
          1181 1708 1283 1463
          1708 1463 1117 650
          1444 1110 1330 1449
          1254 1027 1450 696
          1254 1450 1367 696
          1450 494 1027 1254
          34 494 1450 1254
          34 494 1027 1450
          34 1027 926 1450
          1450 1027 926 222
          1387 1204 1789 1609
          1324 1351 1451 1170
          1205 255 1451 1324
          1958 690 1072 307
          307 1040 1958 690
          1609 836 1050 595
          1849 1687 1394 978
          1387 1609 557 1050
          1195 1440 1574 1299
          1559 1789 1548 1197
          1789 610 1616 1197
          1253 1605 1375 1216
          476 1453 67 1307
          1545 391 1409 1910
          1112 1306 1454 1373
          1438 1209 1454 1306
          1634 286 1093 1930
          372 119 876 1454
          1628 1347 1167 1913
          1958 307 1400 922
          1256 810 1455 990
          1256 229 990 1455
          1455 229 990 985
          1256 229 1455 985
          1291 337 1324 1456
          401 1456 337 1291
          171 1456 401 914
          171 871 401 1456
          1005 1731 1641 200
          1271 1177 1457 1287
          1070 1457 555 702
          1070 1257 1457 702
          1070 648 1457 1257
          1070 648 555 1457
          1646 1598 1551 421
          1598 1551 106 1646
          106 1551 1614 1646
          1614 1551 1296 1646
          1835 1166 283 874
          1742 1835 283 874
          374 930 1434 1459
          1434 930 242 1459
          1443 1247 1538 1902
          1443 1902 1193 1247
          1570 1186 1657 1465
          1276 1460 281 1379
          1460 700 281 1379
          1747 1378 331 721
          737 831 1696 55
          1460 142 281 700
          1461 1278 870 37
          952 1278 1461 37
          1720 1281 919 626
          1360 1176 1240 1479
          957 1360 1479 206
          957 1479 1037 206
          1372 484 1461 1442
          1570 1465 260 465
          505 1919 1893 89
          358 1759 139 935
          732 4 1746 1420
          1251 1463 1283 609
          1181 1463 1283 1251
          281 1577 840 153
          1391 1181 1218 1463
          1875 1308 460 109
          786 1308 460 1875
          1308 1875 1718 1378
          1281 533 1117 1463
          1954 1128 364 273
          1558 1706 1709 1262
          1178 1706 1262 1709
          1391 1181 1463 1281
          1372 39 1444 1756
          623 1297 1706 1414
          1947 1909 765 1227
          531 1015 1265 1658
          572 1571 737 1562
          1294 1264 1680 1172
          1267 1294 1680 1172
          1907 1929 876 199
          1732 117 1466 968
          1265 1658 1414 1297
          1658 623 1414 1297
          1788 1450 222 696
          1933 1678 925 84
          997 375 114 1865
          1467 1262 883 549
          923 1467 883 549
          923 1282 1467 549
          1467 1054 1282 923
          585 1054 1467 923
          585 1467 883 923
          1468 810 1365 1256
          1416 91 1820 1373
          1820 263 91 809
          742 1820 91 809
          1470 263 1820 742
          143 810 361 1468
          361 810 1365 1468
          430 143 361 1468
          1469 244 771 25
          1277 1357 1167 1913
          1249 1625 1198 1613
          1175 1625 1198 1249
          1175 1310 1625 1249
          462 1114 1745 191
          1745 1298 1192 1493
          1607 559 620 844
          1010 1471 102 452
          1766 1413 901 569
          2 1472 1292 7
          2 16 1472 7
          2 697 1472 16
          2 697 4 1472
          1292 1346 1167 1472
          187 426 1474 503
          1474 426 793 503
          1474 793 277 503
          1108 1669 548 1857
          1690 120 1359 486
          187 426 1410 1474
          1410 426 793 1474
          1181 1576 1251 1394
          1576 1463 1181 1251
          1181 1225 1576 1394
          163 506 444 1476
          1701 290 1089 1235
          1355 1477 1245 1171
          1477 1355 1280 1171
          1212 1510 365 1431
          1280 1633 1254 1880
          550 1936 619 684
          134 1109 1592 363
          1384 681 1405 1808
          26 1208 979 1477
          1509 58 1880 1254
          171 1499 1211 1615
          513 296 781 1542
          1478 1185 1461 1372
          1904 1457 1810 702
          1240 873 1037 1479
          1510 1342 1893 174
          968 501 177 1480
          1322 189 1580 1057
          1708 1720 580 1281
          1862 1660 991 640
          1862 1660 539 991
          1862 640 991 576
          1350 860 258 1481
          1436 860 1350 1481
          1200 1436 1350 1481
          1872 792 62 1386
          1385 1408 1862 568
          1660 1862 830 568
          1546 1188 1418 1342
          612 1100 1482 546
          612 1100 1239 1482
          1239 1482 1362 612
          1482 612 797 1362
          1293 1482 797 1362
          1239 1293 1362 1482
          1239 1183 1293 1482
          380 1724 716 1796
          1796 716 19 458
          1215 1665 1354 1174
          1766 808 1413 569
          1483 187 511 1410
          187 1410 1483 1474
          664 187 511 1483
          12 664 511 1483
          1397 1294 1483 1267
          1480 1534 812 1504
          845 1484 299 1401
          845 133 299 1484
          1565 1690 248 995
          1614 1646 1296 1199
          1540 1195 498 969
          1196 825 1760 203
          963 1775 264 958
          544 636 622 1485
          544 1485 622 1271
          544 636 1485 1271
          1425 1232 1547 441
          733 1916 1714 1938
          1938 1521 1459 1214
          649 1467 1273 1733
          129 1486 1279 1426
          129 1101 1486 1426
          684 1733 1616 1268
          1496 1030 1250 1778
          1487 267 47 672
          1778 1030 262 711
          47 756 267 1487
          756 500 267 1487
          500 756 1041 1487
          1705 435 362 173
          1352 435 1705 173
          362 173 428 1705
          822 173 1705 933
          1175 1337 1488 1242
          1200 1871 1335 1581
          1242 1175 1199 1488
          76 795 245 1488
          1294 1246 1779 1427
          1489 1295 296 141
          1615 914 1211 171
          819 1489 141 992
          141 992 1489 406
          1352 323 1103 1654
          1543 1347 1277 186
          574 1643 1097 1388
          709 1353 1636 260
          1636 1353 1292 260
          893 1244 1490 1285
          253 1574 493 148
          803 1768 1123 159
          1768 410 1296 159
          928 208 1491 1404
          928 1404 1491 1359
          1359 1404 1491 1179
          1359 1491 1201 1179
          1201 1179 1491 1473
          1341 1473 1201 1491
          1201 341 1341 1491
          720 1691 600 1571
          519 1691 720 1571
          1142 1813 1550 1347
          1252 1196 1561 1684
          1747 137 331 1378
          1229 1141 1492 315
          1780 485 988 835
          1299 1759 1195 1422
          1433 701 1494 939
          1221 701 1494 1433
          1221 701 21 1494
          1494 1312 302 1017
          1426 1732 1466 968
          1693 28 1237 1476
          335 117 1732 968
          1619 1641 1234 1210
          1312 1172 1494 1264
          1312 1172 1399 1494
          290 1235 1674 147
          953 1250 1496 262
          953 1250 1332 1496
          1174 1250 1496 1332
          1174 1496 1336 1332
          1174 1496 1217 1336
          479 1336 1217 1496
          982 479 1217 1496
          982 479 1496 303
          479 949 1336 1496
          1174 1250 1217 1496
          587 1052 1498 918
          866 606 1288 1498
          892 390 1499 1284
          892 390 871 1499
          1204 1616 1408 568
          1499 390 837 1340
          1230 1499 837 1340
          1340 1182 1230 1499
          425 1198 1344 1500
          1198 1180 1344 1500
          1198 1180 1500 1393
          822 1817 320 1622
          75 1500 1393 689
          1622 1817 320 721
          1869 1426 968 335
          347 884 1248 1501
          1832 847 615 1270
          1015 583 1111 1594
          1315 158 1501 899
          312 1315 1501 899
          312 1315 897 1501
          1223 1501 897 1315
          1223 1415 1501 1315
          1415 1315 1184 1501
          1218 1874 818 1391
          286 897 1223 1501
          1315 158 1248 1501
          1949 741 1821 1061
          70 1502 464 1379
          1181 1281 1708 1463
          1276 1460 1379 1502
          1502 700 1460 1379
          1258 700 1460 1502
          70 754 464 1502
          1410 793 1535 1474
          199 1349 727 1845
          377 1480 178 1504
          377 1504 178 736
          736 178 471 1504
          178 869 471 1504
          755 601 1261 1777
          755 1777 1261 1632
          1261 552 1632 1447
          1632 552 864 1447
          1632 552 755 864
          105 913 1352 1825
          227 1317 898 1506
          1422 1234 1785 1692
          795 185 410 1507
          802 350 1524 1329
          1338 143 1528 1468
          1774 636 1539 1485
          1326 1338 1528 1366
          304 1508 827 341
          99 1508 304 341
          99 1341 1508 341
          1341 99 1508 1401
          1508 99 1243 1401
          304 99 806 1508
          304 1318 827 1508
          696 58 345 1509
          1194 1355 1280 1509
          1477 1355 1509 1280
          1477 1509 473 1280
          1681 1175 1310 1881
          1477 1355 473 1509
          1079 1510 365 841
          1510 1462 365 841
          1510 1222 1462 841
          1396 1405 1804 1349
          1596 1240 1479 1360
          1342 1510 1825 174
          1632 1728 1261 1191
          1510 1212 1462 1222
          1714 66 1021 1916
          1596 1176 1240 1360
          1910 231 1868 904
          1511 1468 1338 1184
          1511 1468 663 1338
          1511 82 966 1338
          738 82 1511 1338
          738 82 966 1511
          738 966 284 1511
          1453 861 1513 45
          1513 861 1145 45
          1325 1513 1145 45
          1325 1453 1513 45
          1453 1513 1173 1325
          1325 1173 1263 1513
          1453 1216 1173 1513
          224 861 1145 1513
          413 886 224 1513
          224 1513 1047 413
          413 1047 30 1513
          413 1513 30 1104
          1513 1375 30 1104
          413 1375 1513 1104
          136 1003 1606 428
          1801 1497 1274 1205
          811 1515 402 133
          1209 1438 402 1515
          880 1438 1209 1515
          1329 1383 1590 350
          880 1438 1515 1091
          1308 1579 1378 240
          1271 1191 1810 1940
          580 1281 1117 1708
          26 1477 1516 1208
          1748 115 1806 1057
          1593 1806 1248 1748
          1248 1057 1806 1580
          1123 513 1542 1729
          1537 1307 1386 1206
          1229 1961 1620 1347
          1346 1961 1229 1347
          80 1518 356 803
          1746 1246 14 1903
          1803 1634 1512 250
          1634 1360 1220 1803
          80 407 1518 1309
          1520 1362 1239 1183
          1183 1327 1520 1362
          1327 594 1520 1362
          1362 594 1520 1055
          1520 594 877 1055
          877 1055 517 1520
          1520 1055 517 1362
          1520 1362 517 1239
          1340 1437 1644 1230
          1269 1938 1203 1214
          1424 1938 1203 1269
          201 669 1276 1656
          294 677 1036 1521
          1036 17 1521 677
          1521 17 478 677
          677 60 478 1521
          1521 60 478 1336
          243 1822 863 449
          1168 1675 1218 1303
          1097 1675 560 1388
          1168 1388 1218 1675
          1675 693 560 634
          1439 1407 1756 393
          1781 682 1664 518
          221 1341 1527 1508
          147 1522 1144 1150
          147 359 1144 1522
          1318 1470 1003 1523
          221 1318 1003 1523
          221 1341 1508 1523
          1629 1266 1191 1627
          1238 1174 1329 1524
          1561 203 384 1080
          510 1561 384 1080
          1207 1506 1432 1666
          167 1666 403 1597
          167 424 403 1666
          1666 1506 1432 424
          1666 1432 1207 1173
          1298 1432 1666 1173
          381 442 725 1525
          1525 442 725 758
          1525 758 725 220
          1525 31 442 758
          703 470 1933 1678
          258 1861 1481 469
          1150 147 1522 1526
          1150 147 1526 392
          1776 1220 385 1803
          126 326 1528 266
          326 1338 1528 266
          326 143 1528 1338
          1729 1583 895 272
          1729 1542 1231 1583
          1123 1729 895 272
          523 618 878 1529
          1757 345 473 1509
          800 393 168 1531
          1476 444 1317 1784
          898 444 1784 1317
          1816 1910 1409 689
          800 1531 1461 1407
          723 1461 1531 484
          273 1114 662 1532
          981 364 1380 1532
          1401 99 1533 1018
          1690 1412 248 486
          1690 1359 1201 486
          341 1201 1341 1690
          341 1690 1491 1201
          1401 99 1243 1533
          1508 99 1533 1243
          1508 1533 806 1243
          1508 99 806 1533
          509 1534 1138 162
          467 162 1138 1534
          1807 1184 1223 1315
          812 1138 869 1534
          541 1720 919 1777
          1356 753 1900 1633
          1410 793 68 1535
          793 277 68 1535
          68 277 492 1535
          1632 1435 1777 1728
          1087 1738 685 1249
          1736 1375 226 1104
          1537 389 31 431
          1537 31 758 431
          220 1537 758 431
          220 1537 1525 758
          1537 31 1525 758
          1537 31 1206 1525
          220 1537 1206 1525
          1703 1237 1784 1169
          1703 1784 1317 1169
          1661 1751 530 1270
          665 1568 127 488
          1289 1443 1052 1538
          1052 1538 918 1289
          1286 1443 1289 1538
          1714 1630 1021 397
          1457 1177 1538 1287
          958 1444 232 1775
          1775 1272 417 1444
          776 525 1539 1259
          776 525 881 1539
          958 1775 417 1444
          163 1194 1552 1575
          1171 1278 1541 1255
          1541 1356 1171 1255
          1541 1356 1255 1124
          944 288 1541 1124
          803 410 1768 159
          257 1736 1380 668
          1290 1356 1171 1541
          1171 1278 1290 1541
          944 1290 463 1541
          1615 1392 673 394
          673 914 1211 1615
          1615 1211 673 1392
          1542 1295 1296 1180
          1231 1542 1296 1180
          513 781 159 1542
          1123 513 159 1542
          1397 1739 1294 1779
          1739 1779 336 1294
          1779 14 336 690
          1294 1779 336 690
          460 719 109 1544
          1815 1563 1359 1210
          236 746 1544 460
          925 1544 305 1308
          84 925 1308 1544
          1436 1481 1545 469
          144 1545 1481 469
          144 391 1545 469
          144 1545 1337 1481
          1467 1054 1882 1282
          1436 1200 1545 1481
          1612 1894 433 236
          863 1915 1421 1822
          1612 925 1894 236
          1486 1546 1279 1188
          1546 1418 1188 1486
          1150 1854 309 1295
          1150 1854 1144 309
          129 1546 1279 1486
          903 1854 141 1295
          1115 1419 325 1546
          1188 1546 1510 1342
          223 924 1546 505
          1482 1183 1293 1549
          465 1928 260 1292
          1482 1549 1293 1202
          1230 1351 1233 1644
          1573 1230 1233 1644
          1833 1131 1928 1292
          1796 1636 1628 1238
          380 1724 1796 1217
          562 1599 1059 631
          1551 245 781 1296
          1097 517 1239 1643
          604 757 991 1862
          1704 777 76 434
          1254 1509 1552 1194
          696 345 1552 1509
          696 1509 1552 1254
          696 1552 1367 1254
          1865 1933 1647 305
          703 1933 1308 84
          1802 1526 1429 154
          768 1802 1685 1526
          768 1314 1685 1802
          1685 1314 1235 1802
          1554 649 596 856
          1273 1554 596 856
          727 161 483 1555
          1555 483 1384 161
          1349 1555 1384 161
          727 161 1555 1349
          1735 1668 1846 589
          652 1679 1846 1735
          1846 1668 1584 589
          1846 641 1584 1668
          1830 641 1846 1668
          437 170 1555 1147
          1471 1147 1555 170
          170 1471 452 1555
          278 1555 1471 1147
          278 850 1555 1147
          437 1555 850 1147
          850 437 217 1555
          1928 1186 1465 1292
          1061 217 741 1555
          1061 741 727 1555
          1555 850 947 217
          1471 850 947 1555
          278 850 1471 1555
          102 1384 1555 483
          1468 1256 1260 1557
          1256 1176 1365 1557
          1558 722 608 1262
          633 1558 608 1262
          1516 1356 1578 1707
          308 1707 1516 1578
          1843 11 984 679
          1241 384 1843 5
          1843 384 679 5
          1833 2 1292 7
          1265 1559 1446 1270
          1152 1767 1790 1491
          998 1329 1 1560
          1424 1329 998 1560
          1424 1269 1329 1560
          1329 1269 1174 1560
          1560 1269 1174 1381
          1560 211 1269 1381
          1424 211 1269 1560
          1035 211 1424 1560
          1035 1560 1424 348
          1035 211 1560 348
          1399 1561 1017 384
          1399 1312 1017 1561
          1620 1277 1600 1229
          1738 1344 1625 1613
          1563 344 208 1404
          496 1563 208 1404
          496 1404 1359 1563
          496 344 208 1563
          344 1563 496 1132
          344 1132 121 1563
          1226 1814 973 565
          274 1564 902 1346
          565 1726 1814 616
          1320 1236 1814 597
          1814 616 973 565
          1699 1320 1814 597
          1699 1320 1726 1814
          1699 1814 1726 597
          811 1209 1840 1515
          683 1162 1840 87
          873 1479 1892 279
          1528 1468 1773 1891
          1023 1452 1567 613
          1677 1790 1401 1018
          1751 615 530 1270
          1247 1567 1443 1538
          1849 1394 1283 579
          776 978 1849 579
          259 1596 1037 957
          801 1554 596 1588
          941 1551 106 1598
          941 421 1551 1598
          1246 1746 778 1492
          1569 446 1380 1300
          1300 36 1569 446
          1229 1141 1746 1492
          1229 1746 1246 1492
          1864 1414 1268 1594
          607 1297 1658 1446
          607 1297 1049 1658
          1570 829 260 1465
          65 829 260 1570
          607 1658 1049 1016
          842 1864 1268 1594
          1085 1267 1765 214
          1267 1765 511 1085
          855 1373 1572 343
          1572 1373 1112 343
          1572 1373 1306 1112
          1416 1373 1306 1572
          855 1373 1416 1572
          875 855 1416 1572
          146 855 875 1572
          977 1092 538 1627
          1244 1170 1573 1211
          498 1195 1574 969
          498 1574 1374 969
          1374 1574 97 969
          969 1574 97 493
          1574 349 97 493
          1374 349 97 1574
          1374 1440 349 1574
          253 969 493 1574
          253 1540 969 1574
          498 1195 1374 1574
          1311 78 1674 359
          1311 1674 1522 359
          1171 1333 1355 1575
          804 237 506 1575
          804 506 163 1575
          163 506 1476 1575
          506 1406 1476 1575
          1476 1406 1194 1575
          163 1575 1476 1194
          804 163 976 1575
          1576 1181 1218 1391
          1226 1576 1218 1391
          1226 1181 1576 1391
          1226 1388 1218 1576
          1576 1388 1218 1168
          1303 1218 1168 1576
          1226 1388 1576 1168
          464 1379 1502 1577
          1577 1379 1502 1276
          1502 1182 1577 1276
          1182 1437 1577 1276
          1276 1437 1577 429
          1437 1043 1577 429
          1437 1043 1370 1577
          1182 1437 1370 1577
          1502 1182 1370 1577
          1502 754 1577 1370
          1502 754 464 1577
          464 754 140 1577
          308 1082 1578 1516
          1516 1082 1578 1356
          1578 1082 41 1356
          1181 1430 1708 1281
          1708 1281 1117 1463
          759 1579 455 109
          1274 1649 666 124
          501 1102 177 1579
          501 1102 1579 240
          1057 399 1580 193
          1580 399 817 193
          1322 189 826 1580
          1581 1274 1310 1200
          534 1403 1943 911
          276 74 450 1581
          1943 570 1699 911
          276 74 1581 1335
          1838 1440 1195 301
          895 1583 412 272
          768 1878 79 699
          1878 1701 948 912
          1300 1375 226 1736
          1300 446 1736 226
          1193 1297 646 1669
          981 1532 1380 1954
          1669 607 1446 1297
          255 1451 833 1847
          257 1263 1380 1736
          1335 74 1581 1585
          582 658 1627 977
          1627 658 538 977
          171 1211 1585 914
          1839 184 1083 371
          1678 681 470 1069
          1587 254 403 1411
          380 1724 1217 479
          60 1381 716 1724
          60 1336 1381 1724
          1243 1189 1363 1589
          1958 1294 1779 1427
          1243 1589 1363 1209
          1958 1779 690 204
          1958 1427 1779 204
          1306 1438 1209 1589
          1194 1237 1476 1703
          1254 1552 1367 1703
          1254 1194 1703 1621
          1343 1703 1254 1169
          1305 1703 1343 1169
          145 461 1589 880
          1505 1631 47 1007
          1329 1203 1065 1590
          1329 1590 1065 350
          1591 1439 64 1245
          1272 1439 64 1591
          1272 1591 64 954
          1449 1272 954 1591
          1405 161 1808 707
          1223 1557 1260 1592
          1592 1557 1260 1176
          1592 1323 1176 1260
          1445 1260 1323 1592
          1936 684 550 1616
          684 1616 1936 1268
          1936 1616 1594 1268
          1594 1268 614 1936
          1223 1323 1176 1592
          1223 1557 1592 1176
          899 158 1501 1593
          899 1593 1501 347
          1428 1270 1659 1273
          593 1659 882 624
          1178 1265 1594 1414
          1178 1265 1197 1594
          1197 1265 610 1594
          1265 1015 610 1594
          1594 1015 610 1111
          1617 1226 1391 657
          1226 1617 565 657
          708 440 63 1798
          1242 838 1337 1870
          433 1894 162 1417
          433 1894 1417 236
          1544 236 1417 1894
          319 968 1595 1466
          841 1568 1595 1222
          1220 1176 1596 1360
          1173 1597 1298 1300
          544 1730 1904 603
          1290 1667 1621 1356
          1667 694 1530 27
          1530 27 1536 1667
          1667 27 1536 824
          288 694 1667 824
          1753 1263 414 1901
          1597 1207 403 1411
          1173 1207 1597 1411
          1345 941 265 1598
          1488 1175 1598 1328
          1488 1175 1199 1598
          1613 1180 1934 1489
          1213 1772 1688 1322
          996 279 1772 1213
          1213 1772 996 1688
          634 915 1741 578
          562 1385 1059 1599
          1772 284 1688 1322
          1322 1511 1213 1772
          1322 1511 1772 284
          1292 1420 1186 1600
          1420 1229 1186 1600
          1420 1346 1229 1600
          1601 1600 1229 1196
          1196 1601 1600 1241
          1601 1186 1600 1241
          1319 1601 1241 1186
          1601 1186 1229 1600
          1246 1186 1229 1601
          1246 1601 1229 1492
          1246 1427 1601 1492
          1172 1427 1601 1246
          1503 1186 1246 1601
          1561 1241 1601 1196
          1561 1601 1312 1196
          1399 1601 1312 1561
          1399 1241 1601 1561
          751 1603 11 1358
          274 1651 1564 1813
          1651 295 1564 1813
          53 490 886 1605
          53 886 413 1605
          1605 886 413 1513
          1375 1605 413 1513
          53 413 1375 1605
          53 1605 1375 1253
          34 1343 1605 490
          34 1343 1450 1605
          1548 1789 1616 1197
          1606 435 854 173
          362 435 1606 173
          362 435 1003 1606
          1470 1606 1003 435
          1470 854 1606 435
          136 1003 1470 1606
          742 1470 1606 136
          1204 1548 1361 1607
          1361 718 536 1607
          1607 718 536 620
          1361 1607 536 620
          1607 559 718 620
          849 559 718 1607
          1288 1428 1106 1608
          1288 1608 1106 1452
          542 1608 1288 1452
          1751 548 1446 1288
          632 1858 1327 1712
          528 1609 1050 595
          836 651 595 1609
          1387 836 557 1609
          846 1610 103 1360
          1635 1490 1022 893
          1852 1245 376 1439
          69 1490 1022 1635
          584 698 1664 518
          1611 639 553 1225
          1225 1316 1611 639
          1316 569 1611 639
          1219 1767 752 1677
          1482 1303 1664 546
          584 1664 682 518
          1348 1611 647 1663
          1663 934 553 647
          767 1394 1251 1663
          1225 1251 1394 1663
          432 1396 433 1612
          106 1895 1614 819
          333 1807 1137 1935
          1626 1585 1211 673
          544 1904 622 702
          1507 1296 1934 1309
          1614 1551 781 1296
          1614 1296 781 1542
          1614 1296 1542 1295
          106 1551 781 1614
          106 781 296 1614
          171 892 1615 394
          892 1615 871 171
          1615 1499 871 171
          892 1499 871 1615
          1677 752 1790 1018
          1790 752 99 1018
          1401 1790 99 1018
          301 1790 1341 1401
          1219 752 1790 1677
          550 1616 1408 1204
          717 625 1937 1655
          1520 1937 625 1655
          1616 1197 1594 1268
          1361 1548 1204 1734
          1204 1616 1734 1548
          1204 1616 568 1734
          1734 1616 568 1733
          1617 1320 1388 1168
          1226 1617 1388 1168
          1617 574 1388 1320
          705 574 1617 1320
          705 574 655 1617
          1617 574 655 1388
          1686 200 1390 441
          724 563 644 1687
          909 1423 563 1687
          1220 1422 1179 1619
          1334 1179 1240 1619
          1619 1240 1404 1179
          1210 1619 1404 1179
          1210 1240 1404 1619
          1240 1619 1210 1563
          1563 1619 1210 1368
          1619 1176 1210 1368
          1240 1176 1619 1368
          1240 1619 1563 1368
          1176 1365 1619 1210
          1615 394 892 1642
          1642 394 892 1060
          1761 420 10 1640
          44 315 1620 1492
          44 315 961 1620
          1229 1620 1277 1347
          1621 1476 1194 1237
          1406 1476 1194 1621
          1575 1406 1194 1621
          1575 1406 1621 1333
          1333 1621 1171 1406
          1406 1621 1171 1290
          1171 1333 1575 1621
          1290 1190 1530 1621
          989 415 1222 1622
          1222 1464 989 1622
          1066 1789 1387 547
          933 1622 1464 822
          933 95 1464 1622
          415 989 322 1622
          415 322 127 1622
          1622 322 127 721
          735 269 1623 1441
          1849 978 1394 579
          1321 1687 1849 978
          1357 1217 1913 1778
          1913 1217 1167 1628
          1913 1543 1277 1778
          1543 1347 1913 1277
          1357 1913 1277 1778
          1795 1215 1628 1913
          497 1469 1478 1624
          497 1478 1372 1624
          1372 1478 1185 1624
          497 1372 1095 1624
          1372 1624 368 1095
          1372 275 368 1624
          1372 1444 275 1624
          1904 1002 1271 1782
          1175 1310 1198 1625
          329 74 1626 673
          1626 74 914 673
          1585 1626 914 673
          1585 74 914 1626
          1626 74 1335 1585
          1000 74 1335 1626
          1000 1335 1244 1626
          1211 1392 1573 1626
          1266 1627 1382 1177
          1092 586 1271 1627
          977 586 1092 1627
          1539 1271 1627 1191
          582 658 1266 1627
          1381 1217 1628 1238
          1637 367 900 1313
          1637 1313 900 1331
          1472 1346 1167 1628
          1217 1353 1167 1628
          1914 1094 1612 1405
          950 582 618 1629
          1629 582 618 1266
          1529 1629 618 1266
          1231 392 1526 1729
          1729 392 412 1583
          1242 1199 1646 1488
          1282 1709 1467 549
          1435 950 1529 1629
          950 1629 618 1529
          776 881 582 1629
          1917 635 527 1715
          1065 51 1590 1630
          1021 1630 51 397
          1203 270 1630 1424
          1918 1479 873 279
          374 1434 1505 1631
          1505 1434 47 1631
          1631 1434 47 1487
          1214 1434 1631 1487
          1214 267 1487 1631
          1631 267 1487 672
          1631 267 672 1582
          374 1434 1631 1214
          1214 374 1275 1631
          34 494 1633 823
          197 823 1633 494
          197 753 1633 823
          1356 753 1633 197
          1804 727 1398 1349
          1610 1634 103 1360
          1874 533 775 1281
          1176 1223 1360 1634
          1176 1223 1634 1323
          1223 1634 1323 1592
          1634 1109 1323 1592
          1109 1634 1323 250
          1024 1323 1634 250
          1435 960 1777 1728
          1407 1245 848 1852
          1637 793 68 1410
          451 793 1637 1410
          209 1900 1343 1536
          1900 824 1536 209
          1645 1435 1632 1191
          1192 1811 1386 1493
          466 1441 1922 169
          1034 1924 1782 857
          1639 438 104 1351
          1535 1313 1187 1711
          1535 1187 1474 1711
          1535 1474 1042 1711
          1711 1187 1474 1400
          176 706 1313 1711
          1711 1474 1042 1400
          176 1711 1042 1400
          1221 1313 1433 1711
          1052 1750 1762 606
          1750 1193 1762 606
          526 1286 1762 1443
          526 1443 1762 1052
          1052 1750 1443 1762
          1365 1176 1641 1445
          202 1327 831 1696
          122 1642 1392 1258
          271 1020 1642 394
          394 271 1060 1642
          1403 625 1140 1643
          1403 1520 1643 1183
          1643 1520 1239 1183
          1239 1183 1549 1643
          1643 1183 1549 1403
          169 1441 1922 1840
          1922 683 1840 1438
          1924 575 1247 1763
          287 975 1884 90
          1187 1221 1680 1711
          1430 1645 1259 1435
          1645 1430 541 1435
          1458 1645 541 1435
          1835 1742 131 448
          1835 246 1742 448
          637 1645 1458 1028
          1514 1645 1430 637
          567 1539 1259 1645
          1811 1300 1298 1192
          795 1646 1507 245
          795 1242 1507 1646
          1488 795 1646 1242
          872 166 1647 703
          1866 1204 1609 1408
          1866 1408 1609 821
          528 1866 1609 821
          1867 691 1440 1334
          354 691 1867 1334
          604 932 1866 1385
          1393 1507 1934 1309
          1378 455 331 1648
          811 1209 169 1840
          169 1441 1840 1209
          396 331 1014 1648
          396 1014 233 1648
          377 396 233 1648
          377 1648 233 759
          1175 1649 1274 1310
          1497 1175 1649 1274
          1274 1497 666 1649
          179 1649 666 1497
          179 685 666 1649
          1248 1806 1322 1580
          1748 1806 1248 1057
          552 1650 1261 638
          552 630 714 1650
          1650 630 714 1447
          552 1650 714 1447
          760 1322 1806 1057
          1806 1057 1322 1580
          1806 115 760 1057
          1806 1051 760 115
          1568 721 1652 319
          319 488 1652 1568
          1744 1003 1470 136
          218 371 1652 488
          1064 218 1652 319
          820 1652 396 1064
          820 218 1652 1064
          1840 1162 402 87
          726 1653 1497 1345
          1653 1249 1497 1345
          726 1345 265 1653
          1345 1199 265 1653
          406 726 1653 179
          1486 117 1654 1466
          1486 1466 1654 1188
          1944 324 1221 1812
          1699 1236 1320 597
          1352 1654 173 822
          1352 1103 173 1654
          1418 1352 1188 1654
          1188 1418 1654 1486
          1895 1489 819 265
          1199 1489 1895 265
          908 1657 481 65
          908 1319 481 1657
          164 1844 339 974
          1658 1594 1414 1129
          1658 623 1129 1414
          1658 1015 1129 623
          531 1015 1658 623
          1049 623 531 1658
          1015 1594 1658 1129
          1252 1465 1353 1787
          984 1843 679 5
          12 1863 1267 896
          896 1267 908 1863
          12 661 1863 896
          796 1288 1661 1428
          374 1752 1459 1275
          432 1612 1662 707
          1589 1957 1306 1189
          1385 532 1771 801
          1348 1316 1611 1663
          1576 1251 1225 1663
          1202 1549 1168 1664
          1202 1482 1549 1664
          1234 1692 1179 1390
          1692 1390 1234 1641
          1256 1819 229 1511
          584 698 1077 1664
          295 1665 1651 1033
          1651 1665 56 1033
          1651 802 56 1665
          802 350 56 1665
          274 802 1651 1665
          1796 1353 1628 1636
          1217 1796 1628 1238
          1190 1530 1536 1667
          1290 1530 1190 1667
          1290 1190 1621 1667
          1290 694 1530 1667
          944 694 1290 1667
          944 1667 1290 1541
          944 288 1667 1541
          1541 288 1667 1124
          1090 288 1124 1667
          1090 1667 1124 1356
          1541 1667 1356 1124
          30 1859 1901 1263
          944 694 1667 288
          1451 833 1847 188
          1598 1328 1345 1847
          1328 1175 1847 1205
          1108 607 548 1669
          383 1046 1858 202
          1954 1371 1380 981
          1595 1869 319 445
          108 1436 360 1670
          360 1436 1335 1670
          1436 1200 1335 1670
          108 1200 1436 1670
          1200 108 1545 1670
          60 1671 1381 1336
          1671 60 1521 1336
          677 60 1521 1671
          1725 150 719 480
          60 1381 1671 716
          1671 1381 211 716
          1671 1269 1035 211
          1671 1381 1269 211
          294 1269 1035 1671
          1185 1756 1407 1461
          1756 1245 1185 1407
          800 1756 1531 1407
          800 393 1531 1756
          1756 39 393 1531
          890 376 1495 1673
          152 1674 1235 1344
          152 799 1674 1344
          544 1002 1271 1904
          355 1739 664 1397
          1235 152 504 1674
          290 78 879 1674
          1097 1675 1388 1239
          1168 1239 1388 1675
          1097 693 1675 1239
          1097 693 560 1675
          122 1695 1836 964
          721 1817 1102 177
          721 968 1817 177
          319 968 1817 721
          1817 968 1102 177
          144 838 1337 1676
          117 320 1817 1102
          1768 1231 1518 1729
          1677 1039 752 1018
          747 166 1678 1010
          1678 166 470 1010
          1010 297 470 1678
          1678 297 470 681
          1384 297 1678 681
          1010 297 1678 1384
          452 1384 1010 1678
          452 1678 1010 747
          452 1384 1678 747
          703 166 470 1678
          1242 1507 1934 1393
          1198 1613 1934 1242
          652 773 514 1679
          1228 1679 652 1402
          862 1562 520 1679
          862 1571 1562 1679
          1571 737 1562 1679
          1562 1679 737 182
          182 831 1679 737
          1267 1680 1331 1358
          1399 1358 1221 1680
          1823 785 485 1302
          1428 1282 1273 1882
          1467 1882 1273 1282
          593 1045 1882 537
          1882 1045 1054 537
          856 537 1882 1054
          593 581 1882 1045
          1882 581 1282 1045
          1045 1882 1054 599
          1274 1681 1310 1200
          389 740 1872 1307
          768 1802 1526 1429
          1681 1205 1274 1175
          1274 1175 1310 1681
          1451 1224 1328 1681
          1714 1203 1916 1630
          1203 1916 1630 1590
          314 51 943 1916
          489 365 1431 1682
          1903 14 1739 1246
          316 746 346 1770
          1957 1470 1189 1363
          1344 1685 1235 152
          1344 1314 1235 1685
          1634 1093 103 1803
          1088 1879 473 1477
          1088 300 473 1879
          1803 1093 103 1512
          1314 1685 157 768
          1685 338 157 768
          1314 338 157 1685
          1314 1029 338 1685
          639 1687 724 553
          639 1225 1687 553
          1663 1225 553 1687
          934 1663 553 1687
          934 1663 1687 1394
          1663 1225 1687 1394
          1423 1225 1394 1687
          909 1225 1423 1687
          909 1225 1687 724
          639 1225 724 1687
          1243 1515 1448 1689
          1689 1515 1448 133
          1448 133 845 1689
          1515 794 133 1689
          235 794 1515 1689
          1243 235 1515 1689
          1243 235 1689 1533
          235 794 1689 1533
          1690 1201 1341 1527
          341 1690 1341 1527
          341 1527 827 1690
          1690 1527 827 248
          1690 248 827 1565
          341 1690 827 1565
          341 1565 928 1690
          1690 1565 928 1359
          1690 1359 928 1491
          341 1690 928 1491
          1565 120 1359 1690
          1527 1690 1412 248
          1527 85 1412 1690
          1270 1786 1107 882
          882 1270 1786 1659
          1009 298 1692 1234
          1009 298 1005 1692
          1234 1422 1179 1692
          1422 1232 1179 1692
          1232 128 441 1692
          1476 28 444 1693
          1460 1695 1258 1084
          1460 142 1695 1084
          122 1642 1258 1695
          672 1631 1837 953
          1837 1631 1332 953
          1695 1020 234 964
          122 1020 1695 964
          122 1642 1695 1020
          1642 271 1695 1020
          1228 1696 1293 1571
          1228 737 1696 1571
          1679 1696 1228 737
          1679 1402 1228 1696
          1679 831 1402 1696
          1183 1327 1362 1696
          225 1697 468 745
          225 1697 745 986
          1697 1233 745 1350
          1350 1170 1697 1233
          772 1351 986 1697
          1698 822 1466 1654
          1188 1654 1352 1698
          1508 1243 1589 1826
          1508 1826 888 1243
          1706 1178 1262 1414
          1399 1944 1113 21
          1843 1944 11 679
          1399 1944 1221 1358
          898 1784 252 1506
          534 1320 920 1699
          534 1403 1320 1699
          1944 1812 1221 1358
          1255 1700 1478 1185
          1330 1185 1700 1255
          1330 1700 1208 1255
          1208 1516 1255 1700
          1330 1185 1208 1700
          1278 1407 1185 1700
          1333 1278 1700 1407
          1333 1278 1171 1700
          1591 1208 1700 1477
          1591 1700 1245 1477
          1254 1621 1703 1280
          1703 1621 1190 1280
          1254 1703 1190 1280
          1343 1190 1254 1703
          1343 1190 1703 1536
          1703 1190 1305 1536
          1343 1703 1305 1536
          1530 1703 1190 1305
          1530 1237 1703 1305
          1621 1703 1530 1237
          1621 1190 1530 1703
          604 1862 991 1059
          772 777 321 1704
          321 777 76 1704
          1451 772 321 1704
          822 173 1352 1705
          822 1352 1698 1705
          1352 1212 1698 1705
          105 1352 1705 1212
          105 1352 362 1705
          1352 435 362 1705
          1706 554 1602 1297
          623 554 1706 1297
          1954 273 364 1532
          1271 1810 1257 1940
          1257 1632 1940 1810
          1940 1261 1191 1632
          427 1707 885 1449
          1449 1707 885 1330
          1449 1208 1707 1330
          427 1208 1707 1449
          308 885 1707 1578
          1281 1708 1435 1430
          1708 1259 1435 1430
          1181 1259 1708 1430
          1435 1259 1708 1629
          1435 1708 950 1629
          580 1708 950 1435
          240 1102 1378 1721
          645 1567 1709 1247
          722 645 1709 1247
          1282 1567 1709 645
          923 645 1282 1709
          1282 1567 1608 1709
          1608 1567 1193 1709
          1954 1758 965 273
          1282 1178 1467 1709
          1076 438 1710 1644
          1710 1076 1644 1437
          72 1076 1710 1437
          1047 1859 313 1753
          1753 1859 414 1263
          1263 1859 1395 1325
          1859 1395 414 1263
          1392 1889 1285 1626
          329 1000 1889 1626
          1902 1339 527 1917
          733 1424 1714 18
          1424 270 1714 18
          1714 270 397 18
          1630 270 397 1714
          1630 270 1714 1424
          419 1716 832 744
          744 832 439 1716
          832 439 1716 746
          1361 1771 972 566
          744 1716 439 112
          832 1716 238 746
          419 238 832 1716
          137 1378 1718 731
          137 1718 997 247
          137 1718 375 997
          137 951 375 1718
          1378 240 1718 1308
          1557 1360 1719 1213
          1719 1479 1213 1360
          1719 206 1479 1360
          846 206 1719 1360
          967 1719 846 206
          1919 1279 1893 89
          227 1506 898 1793
          1948 1053 70 1836
          1793 898 35 1506
          241 1719 846 967
          1102 721 177 1721
          1723 1207 46 1376
          1207 1169 1376 1723
          1723 1169 1376 1305
          1169 1305 1723 1253
          1253 1169 1604 1723
          1723 1169 1604 1207
          1253 1723 1604 1207
          1207 1587 403 1723
          150 1725 346 443
          150 480 1725 443
          1193 1953 1669 1750
          150 746 346 1725
          746 316 346 1725
          1750 1288 1953 606
          236 1725 1544 719
          1815 1210 416 268
          1563 1815 496 268
          1699 1320 920 1726
          1632 1435 1728 1191
          1435 1629 1728 1191
          1435 1629 1529 1728
          1435 1529 960 1728
          523 1529 1728 960
          523 1529 878 1728
          1529 618 878 1728
          523 1728 878 1517
          1339 621 1769 1683
          803 1518 356 1729
          356 1518 895 1729
          356 1729 895 1123
          803 1729 356 1123
          1123 1729 1542 1231
          272 513 1729 1583
          1905 1430 541 1834
          1301 637 1905 573
          1210 1234 1731 1641
          918 1750 1498 613
          918 1538 1750 613
          1291 1801 1205 1324
          1291 337 1801 1324
          207 1732 1101 1426
          1426 1732 1101 1486
          1732 853 1101 1486
          1732 117 853 1486
          1732 117 1486 1466
          1426 1732 1486 1466
          207 853 1101 1732
          1787 1011 388 15
          1787 1465 1353 388
          1733 1273 1554 1734
          1197 1616 1734 1733
          1361 566 1734 1385
          1361 1734 1204 1385
          1204 568 1385 1734
          255 1205 1451 1847
          1328 1175 1345 1847
          1960 1118 1917 1382
          652 1155 1735 1584
          652 1679 1735 1155
          1679 520 1735 1155
          799 1344 1738 1674
          799 1738 78 1674
          799 1566 78 1738
          799 292 1566 1738
          389 1307 1906 1537
          1301 637 1834 1905
          1904 1730 1782 1287
          1782 1271 1904 1287
          1904 1287 1457 603
          1904 1002 1782 1730
          544 1002 1904 1730
          1303 1218 1576 1741
          1272 1245 1185 1756
          1272 1245 1756 1439
          232 1439 1272 1756
          232 1756 1272 1444
          958 393 232 1756
          89 1919 1595 1743
          232 1439 1756 393
          1213 1322 1792 1415
          967 817 241 1792
          1213 1688 1792 1322
          246 874 1742 448
          1949 217 741 1061
          1836 234 1053 964
          907 1392 1836 122
          1836 1695 234 964
          217 352 1949 1099
          1836 1392 1258 122
          122 1695 1258 1836
          1731 1749 200 416
          96 990 1749 1455
          1954 1532 1380 1192
          1193 1750 1669 606
          1192 1371 1380 1954
          1371 1758 965 1954
          542 1750 1288 1608
          542 1750 1608 1452
          542 1498 1750 1452
          542 1498 1288 1750
          1933 470 190 1678
          1753 313 414 1395
          1457 1754 1538 555
          1538 1754 918 555
          1538 613 918 1754
          1287 613 1538 1754
          1287 1754 1538 1457
          1902 1683 527 1339
          1719 1918 1479 206
          502 1672 1755 196
          1755 1672 715 196
          1672 398 1755 715
          1285 907 1836 282
          1755 283 1742 715
          1792 826 101 1580
          1688 826 1792 1322
          1322 826 1792 1580
          130 1755 283 502
          130 1672 1755 502
          130 1166 1755 1672
          1166 398 1755 1672
          907 964 1836 282
          130 1166 283 1755
          1172 1427 1264 1761
          1761 1427 1040 420
          1040 420 10 1761
          642 1846 1959 1735
          1443 1286 1762 627
          1762 1286 654 627
          1443 627 1762 1602
          1443 1602 1762 1193
          526 1286 654 1762
          645 1023 1763 522
          1763 1023 1567 522
          645 1023 1567 1763
          1928 1420 1186 1292
          13 1131 1928 1833
          13 1928 1570 465
          465 1465 260 1928
          1767 175 752 1039
          1764 642 901 1413
          1764 642 519 901
          798 1039 1767 354
          798 175 1767 1039
          1819 143 663 1338
          810 143 1819 1468
          1765 1483 511 1410
          1765 1483 1410 1187
          1267 1483 1765 1187
          1680 1267 1765 1187
          1680 1765 1331 1187
          1680 1267 1331 1765
          1267 1483 511 1765
          1664 1766 682 1348
          1664 1202 1766 1348
          1202 1168 1766 1348
          1168 1549 1202 1766
          1549 1413 1202 1766
          1202 1413 1764 1766
          1766 1413 1764 901
          1468 1819 663 1338
          1664 1202 682 1766
          649 1467 1926 585
          1404 1767 1219 1334
          1507 1768 1296 1309
          1507 410 1768 1309
          80 410 1309 1768
          80 1309 1518 1768
          80 1768 1518 803
          80 410 1768 803
          1507 410 1296 1768
          1231 1542 159 1768
          1806 1338 760 266
          1806 1322 760 1338
          1339 621 1517 1769
          955 1769 1517 621
          1589 1957 1363 1209
          1209 1957 1306 1589
          1957 1373 1470 1717
          1957 1373 1306 1189
          1209 1454 1306 1957
          743 112 346 1770
          1770 112 346 695
          316 1770 346 695
          316 695 219 1770
          1770 695 219 1067
          1770 112 695 1067
          562 1599 605 1771
          1385 532 1599 1771
          562 1385 1599 1771
          1368 1772 121 996
          996 279 1368 1772
          1772 985 1455 121
          1772 738 985 121
          1256 738 985 1772
          1256 985 1455 1772
          1557 1213 1256 1772
          1539 525 636 1774
          1774 525 710 1321
          32 1775 264 963
          32 734 1775 963
          32 734 1006 1775
          734 64 1006 1775
          1006 64 954 1775
          1775 64 954 1272
          1006 1775 954 1272
          1006 1272 1449 1775
          1776 935 1422 88
          1638 935 1776 88
          1024 1638 1776 88
          1638 1776 385 1024
          253 935 1776 1638
          253 1776 1422 1638
          253 935 1422 1776
          1396 1094 1914 1405
          1250 1778 262 1543
          228 1094 1914 1396
          303 1217 1778 1496
          1397 1779 1294 1246
          1397 1739 1779 1246
          1739 14 1779 1246
          14 778 1779 1246
          1246 778 1779 1492
          1739 14 336 1779
          1201 1780 1341 1527
          1780 221 1341 1527
          1780 221 1527 988
          988 85 1527 1780
          1527 85 1690 1780
          1348 682 1781 518
          1663 1348 1251 1781
          1664 1303 1781 698
          1301 1834 1430 1905
          1271 1782 1177 1287
          1782 1382 1177 1287
          1271 1382 1177 1782
          1782 1627 1271 1382
          1782 538 1627 1382
          1782 538 1382 1034
          1092 538 1782 1034
          1092 538 1627 1782
          1092 1627 1271 1782
          1002 1092 1271 1782
          1127 1905 1391 659
          1905 1430 1391 659
          1816 1910 1198 1409
          75 1910 1500 1198
          1500 1910 425 1198
          75 1136 1868 1910
          1422 935 1785 88
          1422 1776 88 1785
          1197 1786 1733 1734
          1786 1273 1733 1734
          1197 1273 1733 1786
          1270 1197 1786 1273
          1270 1197 1559 1786
          1786 1197 1559 1548
          847 1548 1786 1559
          847 1559 1786 1270
          847 1786 1107 1270
          847 1548 1107 1786
          1025 1011 1787 15
          1227 1788 1216 1453
          1216 1788 861 1453
          1788 1722 861 1453
          1788 861 1722 222
          926 861 1788 222
          926 1788 1450 222
          926 1788 1216 1450
          926 861 1216 1788
          1227 1367 1216 1788
          1367 696 1788 1008
          1789 1111 550 1616
          610 1111 1789 1616
          610 1111 550 1789
          610 550 836 1789
          1066 610 836 1789
          1341 1473 1491 1790
          1790 1473 1491 1219
          301 1219 1473 1790
          967 1792 241 1719
          700 234 1948 1695
          1695 234 1948 1836
          1873 1415 241 1063
          1873 1557 1415 1223
          286 1223 1873 1501
          1873 1501 1415 1063
          1217 1353 1628 1796
          481 11 1843 1358
          261 113 1797 712
          1797 113 369 712
          261 1797 369 712
          1149 227 1947 1824
          1947 227 1227 1824
          316 1116 369 1797
          1797 1116 369 113
          1662 1116 1797 113
          1662 1116 316 1797
          1556 1798 1313 367
          63 1798 1556 367
          708 1798 63 367
          708 1164 1798 367
          367 1164 1798 492
          1798 1164 33 492
          708 1164 33 1798
          33 1161 708 1798
          33 1161 1798 440
          1433 440 180 1798
          1799 961 409 1620
          1799 1620 409 1196
          44 1620 1799 1196
          1196 1760 1799 44
          44 961 1799 1620
          509 1800 93 1534
          1504 1534 93 1800
          509 858 1800 1534
          382 1101 1426 1800
          243 1915 863 1822
          692 1497 1274 1801
          1791 337 1205 1801
          1518 1802 1429 154
          1518 1231 1802 154
          1231 1526 1802 154
          1865 1308 1933 305
          1309 1180 1802 1231
          1309 1231 1802 1768
          1802 1231 1518 1768
          1309 1802 1518 1768
          407 1309 1802 1518
          407 1802 1429 1518
          407 1802 768 1429
          1309 770 407 1802
          1309 1180 1314 1802
          1776 1323 1220 1803
          957 1803 815 1596
          957 1803 1596 1360
          957 103 1803 1360
          957 103 815 1803
          1634 1093 1803 1512
          212 1396 707 1804
          1396 1405 707 1804
          552 1650 1447 1805
          1447 630 1805 1650
          630 556 1805 1650
          630 556 1286 1805
          1805 556 1286 1769
          955 556 1805 1769
          1447 630 1286 1805
          1593 1326 1248 1806
          1326 1806 1184 1248
          1806 1322 1184 1248
          1184 1322 1806 1338
          1184 1806 1326 1338
          1326 1338 1806 266
          1326 266 1806 1051
          418 1051 1326 1806
          418 1326 1593 1806
          418 1806 1593 115
          418 1051 1806 115
          1111 1936 550 1616
          1260 1223 1592 1807
          1592 1223 134 1807
          333 1592 134 1807
          190 681 436 1808
          190 1808 436 1662
          1612 1808 190 1662
          1612 1405 190 1808
          1405 1678 190 1808
          202 1809 831 1012
          1809 1696 831 1012
          1696 1809 1362 1012
          1362 1809 577 1012
          1362 1809 1055 577
          1809 688 1055 577
          594 688 1055 1809
          594 1809 1055 1362
          594 1809 1362 1327
          1696 1327 1362 1809
          202 1327 1696 1809
          202 1696 831 1809
          594 688 1809 1327
          1810 1632 1191 1645
          567 1645 1028 1810
          567 1810 1028 1485
          567 1485 1539 1810
          1485 636 1539 1810
          1810 636 1539 1271
          1485 636 1810 1271
          567 1810 1539 1645
          1263 1173 1811 1300
          1173 1325 1263 1811
          1811 1325 1263 1206
          1638 1776 1899 385
          1776 1220 1899 385
          9 660 1603 1812
          9 1603 751 1812
          9 1812 751 1331
          9 1812 1331 900
          1331 1812 1556 900
          1812 1556 900 1074
          660 1812 900 1074
          660 1556 1812 1074
          660 1556 324 1812
          9 660 1812 900
          1680 1221 1331 1812
          1813 1215 1347 1346
          274 1346 1215 1813
          274 1651 1813 1215
          1813 1215 1651 1665
          295 1813 1651 1665
          295 1215 1813 1665
          1813 1795 1215 295
          1347 1795 1215 1813
          920 1320 1814 1726
          920 1814 565 1726
          920 705 565 1814
          1814 705 565 1617
          1320 705 1814 1617
          1320 1617 1814 1226
          1320 1168 1226 1814
          920 705 1814 1320
          268 1132 1815 496
          1731 416 1359 1815
          416 1815 120 1359
          185 1507 1816 1393
          185 1507 1242 1816
          1242 185 1816 838
          1500 1198 1393 1816
          75 1198 1500 1816
          75 1816 1500 689
          433 1396 748 1911
          1911 1396 748 155
          1676 1409 689 1816
          689 1816 328 1676
          144 1676 1816 1409
          144 1816 1337 1409
          144 1676 1337 1816
          489 1682 1915 1421
          1915 1212 1421 1822
          319 968 1466 1817
          117 1466 968 1817
          117 1817 968 1102
          822 117 1817 1466
          822 1466 1817 1698
          822 117 320 1817
          1818 1766 569 682
          1266 658 1960 538
          1517 878 1960 1266
          519 901 1818 1764
          1818 901 1766 1764
          901 1766 569 1818
          741 92 921 1821
          485 1421 1822 198
          863 1421 198 1822
          1302 1823 1794 1195
          1823 1473 1195 1179
          1232 1823 1195 1179
          1823 1390 1179 1232
          1823 1390 1232 1425
          1201 1390 1823 1425
          1201 1823 1473 1425
          1425 785 1823 1473
          1425 785 485 1823
          1425 485 1547 1823
          1201 1390 1473 1823
          1473 1390 1179 1823
          1227 1367 1788 1824
          1788 1367 1008 1824
          1824 1367 1008 1727
          1788 1824 1008 1727
          1727 1824 1367 23
          1367 1552 23 1824
          1552 763 23 1824
          1824 765 763 23
          1727 765 1824 23
          227 765 763 1824
          1149 227 1824 765
          1227 1169 1367 1824
          227 1317 1506 1824
          1826 435 888 1363
          1470 435 1826 1363
          1508 1523 888 1826
          1318 1523 1508 1826
          1827 774 405 891
          1340 1827 405 891
          1340 774 1827 891
          1340 508 1827 774
          405 1460 1827 1340
          1827 1460 1276 1340
          1460 1276 201 1827
          728 1460 201 1827
          728 1460 1827 405
          1828 1783 31 1537
          253 1299 1899 1638
          1830 570 643 1236
          1304 570 1830 1236
          1830 570 1304 641
          5 1831 1561 510
          5 1011 1831 510
          1831 1011 1252 510
          1011 1831 1252 1787
          1787 1831 1252 1465
          1465 1241 1831 1252
          590 1446 1832 548
          1832 1446 615 548
          590 1832 615 548
          1929 680 1922 1441
          1131 2 1292 1833
          1845 1929 437 680
          1755 398 1835 715
          1755 1835 283 715
          1166 1835 283 1755
          1166 398 1835 1755
          1811 1898 1206 1307
          1173 1325 1898 1307
          398 779 1835 342
          779 447 1835 342
          1835 447 131 342
          907 1285 1836 1392
          1214 1336 1521 1837
          1837 1336 1521 949
          1336 1214 1174 1837
          1214 267 1631 1837
          1631 1214 1837 1332
          1332 1496 1837 20
          181 889 1838 1586
          181 889 1374 1838
          913 181 1374 1838
          218 820 1839 371
          218 1839 1652 371
          218 820 1652 1839
          454 184 1083 1839
          184 454 1014 1839
          396 1839 454 331
          1438 1840 402 87
          683 1840 1438 87
          59 1530 694 1841
          59 1237 1530 1841
          59 1130 1237 1841
          379 1237 1130 1841
          303 1842 1357 1778
          982 1496 1217 1842
          1842 380 1217 982
          15 380 1842 982
          380 388 15 1842
          1842 388 15 1787
          1843 1319 1358 1241
          1399 1843 1358 1241
          1399 1843 1241 384
          1399 679 1843 384
          489 1682 1421 1945
          1945 1421 489 1547
          1945 1915 863 100
          261 369 1946 1075
          1013 1946 125 1075
          481 1319 1358 1843
          481 1319 1843 1657
          481 984 1657 1843
          481 11 984 1843
          164 1844 1064 339
          887 1064 1844 339
          1845 1555 217 437
          1845 437 170 1555
          1845 1555 170 1349
          876 1845 170 1349
          876 437 170 1845
          741 1555 217 1845
          1584 1846 652 1402
          1846 1228 652 1402
          1228 1402 1846 1304
          1846 1402 515 1304
          1584 1846 515 1304
          1304 641 1584 1846
          1830 641 1304 1846
          551 1830 1304 1846
          1584 1402 515 1846
          652 1679 1228 1846
          1228 642 1764 1846
          1764 642 1413 1846
          255 1847 1038 1791
          255 1205 1847 1791
          1598 1847 1345 789
          789 1345 73 1847
          1801 73 1345 1847
          188 1847 1598 789
          1209 811 1441 1848
          1849 525 1321 978
          776 525 1849 978
          1774 525 1321 1849
          1321 1687 1394 1849
          1321 1181 1849 1394
          776 1849 1629 1283
          1849 1259 1629 1283
          776 1259 1629 1849
          1166 1850 283 874
          1166 461 1850 874
          1166 130 1850 461
          130 461 1306 1850
          1233 1170 1573 1851
          1573 1170 1244 1851
          1170 1436 1244 1851
          1490 1573 1244 1851
          1490 1244 893 1851
          69 1490 1635 1851
          745 69 1350 1851
          1673 376 1495 1852
          1673 1852 1495 237
          848 1852 1673 237
          1407 1852 848 24
          1407 1439 1852 24
          406 1854 359 1311
          1311 1854 359 1522
          406 141 1854 1311
          791 1855 164 1279
          1920 1340 837 160
          791 487 1855 239
          866 1857 602 1288
          866 606 1857 1288
          606 1669 1857 1288
          1108 1669 1857 606
          1753 1395 414 1859
          1047 1145 313 1859
          1736 1513 30 1859
          1375 1513 1736 1859
          1860 309 1295 1150
          1729 392 1583 1860
          1526 1150 392 1860
          703 470 1647 1933
          903 309 1295 1860
          1224 1350 1861 1481
          1385 1862 1660 568
          1385 1660 1862 640
          1862 830 539 1660
          1408 830 539 1862
          12 1397 1267 1863
          12 1863 355 1397
          1863 1503 355 1397
          661 1503 355 1863
          12 661 355 1863
          1864 545 611 608
          1262 1864 611 608
          883 611 1262 1864
          883 1864 1262 1467
          842 545 611 1864
          1865 1718 375 703
          375 703 872 1865
          1865 703 872 1647
          997 1718 375 1865
          247 1718 997 1865
          247 1865 997 786
          786 997 114 1865
          247 1718 1865 786
          1718 1308 1865 786
          1867 1440 1219 1334
          354 1867 1219 1334
          1396 1911 495 155
          75 1868 425 1500
          1426 1466 1869 968
          1426 1466 1486 1869
          1869 1466 1486 1279
          1426 1869 1486 1279
          1595 1869 1279 1466
          76 795 1488 1870
          1870 795 1488 1242
          1242 1870 1337 1488
          1488 1870 1337 76
          1170 1350 1224 1871
          1871 1350 1224 1481
          1170 1436 1350 1871
          1557 1360 1873 1719
          1360 846 1873 1719
          1719 846 1873 241
          1873 846 1610 241
          1360 846 1610 1873
          1415 1719 1873 241
          1719 1557 1415 1873
          1874 560 775 1218
          818 560 1874 1218
          818 560 775 1874
          455 1875 109 1579
          1308 1579 109 1875
          1225 521 1877 909
          1225 1877 724 909
          639 1877 724 1225
          1877 639 1316 1225
          521 1877 1316 1225
          521 639 1316 1877
          79 671 1878 948
          79 1701 948 1878
          912 215 671 1878
          1522 147 1235 1878
          1522 1878 1235 1526
          1685 1235 1878 1526
          768 1685 1878 1526
          768 1526 1878 1429
          1235 1685 1878 504
          1522 147 1878 1526
          1477 473 675 1880
          1481 1337 1224 1881
          1337 1545 1881 1481
          856 1882 585 1054
          585 1054 1882 1467
          585 1882 1273 1467
          856 1273 585 1882
          856 537 1273 1882
          1659 1882 1273 537
          593 1882 1659 537
          593 1428 1659 1882
          1659 1428 1273 1882
          593 581 1428 1882
          1428 581 1282 1882
          1883 922 404 10
          176 922 404 1883
          176 404 706 1883
          1883 404 706 1433
          1883 706 1711 1433
          176 706 1711 1883
          176 1711 1400 1883
          1711 1264 1400 1883
          519 1959 1571 862
          1679 520 1959 1735
          176 1883 1400 922
          862 1679 1959 1228
          1959 1228 1571 862
          1433 404 180 1883
          1912 1469 771 25
          453 1448 1884 269
          1884 1448 453 975
          287 1448 1884 975
          1886 1013 125 443
          1886 443 125 1001
          346 443 1886 1001
          346 316 1886 443
          1149 1909 765 1947
          190 436 1069 1956
          1770 1067 1956 439
          1000 360 135 1887
          1436 293 360 1887
          383 202 1888 1046
          202 1888 1712 383
          1712 1888 656 383
          1888 749 656 383
          1888 182 656 749
          182 831 1888 1402
          182 1888 656 1402
          656 1712 1402 1888
          907 329 1889 1392
          907 1889 1285 1392
          1346 1229 1890 1746
          1346 1890 902 1746
          4 1746 902 1890
          4 1890 902 353
          4 1746 1890 353
          1546 1188 1893 1279
          505 1546 1893 1279
          89 841 1595 1893
          489 1915 1431 1421
          1682 1915 782 365
          941 1598 106 1895
          1598 941 265 1895
          941 789 265 1895
          1897 1845 727 741
          727 92 1897 741
          727 92 670 1897
          1897 92 670 342
          779 1897 670 342
          398 1897 779 342
          398 1897 342 921
          1897 92 342 921
          727 1897 670 199
          1453 476 45 1898
          1453 1898 45 1325
          1325 45 332 1898
          1828 476 1783 1898
          1898 1783 1828 1537
          1206 1898 1828 1537
          1776 1220 1299 1899
          1299 1713 1899 1220
          1899 1713 815 1220
          815 1803 1899 1220
          1299 1713 148 1899
          253 1299 148 1899
          253 148 493 1899
          1356 1667 1900 1090
          1090 1667 1900 824
          1667 1536 1900 824
          1356 1190 1900 1667
          30 1736 1901 1104
          1901 1736 668 1104
          1901 257 668 1736
          1902 627 1193 1558
          1443 627 1193 1902
          1286 627 1443 1902
          1286 556 627 1902
          527 1683 1902 1558
          1339 1683 1769 1902
          1339 1769 1517 1902
          355 1739 1397 1903
          1503 1397 1903 355
          732 1503 1903 355
          732 1503 1746 1903
          353 1746 1903 732
          389 1307 1872 1906
          1872 740 1906 1307
          1948 234 1053 1836
          1432 35 1906 868
          1906 35 792 868
          1298 1906 792 868
          1298 1432 1906 868
          792 378 1906 1298
          740 35 792 1906
          1872 740 792 1906
          243 1212 1915 1822
          1915 1462 782 365
          1907 170 1094 1349
          876 170 1907 1349
          876 1845 1349 1907
          1908 374 310 1505
          1275 1908 310 1505
          1275 374 1908 1505
          374 1752 1275 1908
          1908 1752 1275 22
          1908 1275 927 22
          318 1275 927 1908
          374 1752 1908 22
          1727 765 1909 1824
          1909 1727 1824 366
          75 1868 1500 1910
          1500 1868 425 1910
          904 1310 1910 231
          1310 1545 1910 231
          1545 391 1910 231
          165 1469 1912 1478
          1707 1330 1912 244
          1330 244 771 1912
          1330 1912 771 1624
          1543 1795 1913 1347
          1795 1215 1913 1347
          1543 1795 1250 1913
          1914 433 1911 1396
          1914 1911 495 1396
          228 1914 495 1396
          100 863 782 1915
          863 243 782 1915
          1431 365 1212 1915
          1510 1212 365 1915
          1510 1915 365 1462
          1510 1212 1915 1462
          1212 1462 1464 1915
          314 930 1459 1916
          1459 314 1916 1752
          1916 314 1590 1752
          1203 1916 1590 1752
          1459 1916 1203 1752
          1630 1021 51 1916
          1714 1916 1021 1630
          733 66 1714 1916
          575 635 1034 1917
          1813 1961 902 1346
          1346 1813 1961 1347
          1829 1141 1961 1229
          1829 1141 0 1961
          1918 101 1792 1688
          967 101 1792 1918
          967 1719 1918 1792
          791 239 1855 1919
          791 239 1919 1279
          164 1855 445 1919
          1920 1230 837 1340
          1920 1230 249 1921
          249 1644 1921 1230
          1921 1644 1351 1230
          1921 438 1351 1644
          249 438 1921 1644
          249 438 1639 1921
          1639 438 1351 1921
          1639 1351 104 1921
          104 1351 1451 1921
          1351 1324 1451 1921
          1921 1324 1451 1134
          104 1921 1451 1134
          1639 1921 104 1134
          575 1917 1034 1924
          1924 1917 1034 1382
          1034 1382 1782 1924
          1782 1382 1287 1924
          1382 1924 1177 1287
          1924 1247 1177 1287
          1247 1567 1287 1924
          1382 1247 1177 1924
          1924 1339 1382 1247
          1917 1339 1924 1247
          575 1917 1924 1247
          1917 1339 1382 1924
          1925 1240 1892 86
          1737 1925 1892 86
          798 86 1925 1737
          798 208 1737 1925
          1925 208 1737 1404
          1563 1737 1404 1925
          1563 1925 1404 1240
          1563 344 1925 1240
          1925 344 1737 1240
          1737 1240 1892 1925
          1563 344 1737 1925
          1767 208 1925 1404
          1404 1925 1767 1334
          798 208 1925 1767
          1519 1268 529 1926
          649 1926 1733 1519
          1519 1268 1926 1733
          1733 1268 1926 1467
          1268 883 1926 1467
          649 1467 1733 1926
          1228 1846 1764 1927
          1228 1183 1402 1927
          1228 1696 1183 1927
          1503 1420 1186 1928
          13 1420 1503 1928
          13 1131 1420 1928
          466 1929 1922 1441
          1929 372 1441 466
          1907 372 1929 199
          1907 372 876 1929
          372 1454 876 1929
          372 1441 1454 1929
          1929 1441 1454 680
          1223 1930 1634 1592
          134 1930 1223 1592
          134 1109 1930 1592
          1223 286 1634 1930
          910 395 700 1931
          700 1695 910 1931
          1314 1932 1235 1802
          1314 1180 1235 1932
          1180 1674 1235 1932
          1932 1674 1235 1522
          1932 1311 1674 1522
          1932 1311 1522 1295
          1522 1150 1932 1295
          1932 1150 1860 1295
          1932 1150 1526 1860
          1522 1150 1526 1932
          1180 1311 1932 1295
          1180 1311 1674 1932
          1865 703 1933 1308
          1865 703 1647 1933
          1393 1934 1180 1309
          1613 1934 1180 1393
          1198 1613 1393 1934
          1934 1507 1646 1296
          1242 1507 1646 1934
          1935 1807 1137 1260
          1137 138 1935 1260
          138 1260 1445 1935
          1935 1260 1445 1592
          1935 1807 1260 1592
          333 1807 1935 1592
          134 1592 333 1935
          1327 1183 1937 1364
          1937 632 1327 1364
          592 1364 632 1937
          535 632 1937 592
          535 632 1327 1937
          1327 1183 1520 1937
          717 625 534 1937
          1938 1916 1714 1203
          1938 1203 1714 1424
          733 1938 1714 1424
          1203 1916 1459 1938
          1916 66 1459 1938
          26 1516 956 1939
          427 979 26 1939
          1191 1266 1940 1627
          1191 1728 1940 1266
          98 1398 491 1941
          670 1398 1941 491
          670 1941 149 491
          670 779 149 1941
          779 1897 1941 670
          1941 1897 199 670
          98 372 1398 1941
          1581 1274 124 1942
          1942 1274 124 1310
          1581 1274 1942 1310
          1200 1942 1310 1581
          1200 917 1942 1581
          1581 917 1942 276
          276 450 1942 1581
          1200 917 1310 1942
          231 917 1942 1310
          1304 570 1943 1364
          1699 1403 1320 1943
          534 1403 1699 1943
          717 1937 1403 1943
          701 324 1944 21
          701 1944 1221 21
          21 1944 1221 1494
          1944 1399 1221 1494
          21 1399 1944 1494
          701 324 1221 1944
          1944 1603 11 324
          1812 1603 1944 324
          1358 1603 1944 1812
          1358 1603 11 1944
          1013 1886 125 1946
          316 695 1886 1946
          316 1946 1886 443
          1946 1013 1886 443
          316 1013 1946 443
          1013 316 1946 1797
          1797 316 1946 369
          316 695 1946 369
          261 1797 1946 369
          261 1797 1013 1946
          740 35 1906 1947
          1947 35 1906 1432
          740 1149 1947 67
          1947 1453 1909 1227
          1307 1453 1947 1227
          1307 1453 1909 1947
          499 1672 843 1949
          1949 1672 843 1821
          1949 1821 843 352
          1949 741 1672 1821
          1950 1559 1832 1265
          1265 610 1950 1559
          1393 1951 328 1309
          1393 1314 1951 1309
          1309 1951 1802 1314
          1393 1314 1500 1951
          1500 1314 739 1951
          433 236 1417 1952
          719 236 1725 1952
          719 1725 480 1952
          1446 1953 1669 1297
          1193 1953 1297 1669
          1446 1178 1953 1297
          1178 1297 1706 1953
          1178 1706 1709 1953
          1953 1178 1282 1709
          1608 1953 1282 1709
          1608 1178 1282 1953
          38 1160 1954 1128
          38 965 1128 1954
          1954 965 1371 38
          981 1954 1371 38
          1532 1758 1954 273
          1532 1192 1954 1758
          893 1490 256 1955
          1955 1490 256 1285
          893 1490 1955 1285
          893 1285 1955 135
          135 1889 1285 1955
          1955 1889 1285 282
          1956 436 1069 1126
          1956 436 1126 219
          1454 1717 1373 1957
          1454 119 1717 1957
          854 1717 119 1957
          854 1957 119 1363
          1363 1957 119 1848
          1957 1454 119 1848
          1883 1958 1400 922
          1264 1958 1400 1883
          1400 1294 1072 1958
          1294 690 1072 1958
          1958 1294 690 1779
          1264 1427 1958 1761
          642 519 1959 1764
          561 658 1118 1960
          878 621 1517 1960
          1620 1961 1829 351
          1564 0 902 1961
          1564 1961 902 1813
          1564 0 1961 1813
        </DataArray>
        <DataArray type="Int32" Name="offsets" format="ascii">
          3 6 9 12 15 18 21 24 27 30 33 36 39 42 45 48 51 54 57 60 63 66 69 72 75 78 81 84 87 90 93 96 99 102 105 108 111 114 117 120 123 126 129 132 135 138 141 144 147 150 153 156 159 162 165 168 171 174 177 180 183 186 189 192 195 198 201 204 207 210 213 216 219 222 225 228 231 234 237 240 243 246 249 252 255 258 261 264 267 270 273 276 279 282 285 288 291 294 297 300 303 306 309 312 315 318 321 324 327 330 333 336 339 342 345 348 351 354 357 360 363 366 369 372 375 378 381 384 387 390 393 396 399 402 405 408 411 414 417 420 423 426 429 432 435 438 441 444 447 450 453 456 459 462 465 468 471 474 477 480 483 486 489 492 495 498 501 504 507 510 513 516 519 522 525 528 531 534 537 540 543 546 549 552 555 558 561 564 567 570 573 576 579 582 585 588 591 594 597 600 603 606 609 612 615 618 621 624 627 630 633 636 639 642 645 648 651 654 657 660 663 666 669 672 675 678 681 684 687 690 693 696 699 702 705 708 711 714 717 720 723 726 729 732 735 738 741 744 747 750 753 756 759 762 765 768 771 774 777 780 783 786 789 792 795 798 801 804 807 810 813 816 819 822 825 828 831 834 837 840 843 846 849 852 855 858 861 864 867 870 873 876 879 882 885 888 891 894 897 900 903 906 909 912 915 918 921 924 927 930 933 936 939 942 945 948 951 954 957 960 963 966 969 972 975 978 981 984 987 990 993 996 999 1002 1005 1008 1011 1014 1017 1020 1023 1026 1029 1032 1035 1038 1041 1044 1047 1050 1053 1056 1059 1062 1065 1068 1071 1074 1077 1080 1083 1086 1089 1092 1095 1098 1101 1104 1107 1110 1113 1116 1119 1122 1125 1128 1131 1134 1137 1140 1143 1146 1149 1152 1155 1158 1161 1164 1167 1170 1173 1176 1179 1182 1185 1188 1191 1194 1197 1200 1203 1206 1209 1212 1215 1218 1221 1224 1227 1230 1233 1236 1239 1242 1245 1248 1251 1254 1257 1260 1263 1266 1269 1272 1275 1278 1281 1284 1287 1290 1293 1296 1299 1302 1305 1308 1311 1314 1317 1320 1323 1326 1329 1332 1335 1338 1341 1344 1347 1350 1353 1356 1359 1362 1365 1368 1371 1374 1377 1380 1383 1386 1389 1392 1395 1398 1401 1404 1407 1410 1413 1416 1419 1422 1425 1428 1431 1434 1437 1440 1443 1446 1449 1452 1455 1458 1461 1464 1467 1470 1473 1476 1479 1482 1485 1488 1491 1494 1497 1500 1503 1506 1509 1512 1515 1518 1521 1524 1527 1530 1533 1536 1539 1542 1545 1548 1551 1554 1557 1560 1563 1566 1569 1572 1575 1578 1581 1584 1587 1590 1593 1596 1599 1602 1605 1608 1611 1614 1617 1620 1623 1626 1629 1632 1635 1638 1641 1644 1647 1650 1653 1656 1659 1662 1665 1668 1671 1674 1677 1680 1683 1686 1689 1692 1695 1698 1701 1704 1707 1710 1713 1716 1719 1722 1725 1728 1731 1734 1737 1740 1743 1746 1749 1752 1755 1758 1761 1764 1767 1770 1773 1776 1779 1782 1785 1788 1791 1794 1797 1800 1803 1806 1809 1812 1815 1818 1821 1824 1827 1830 1833 1836 1839 1842 1845 1848 1851 1854 1857 1860 1863 1866 1869 1872 1875 1878 1881 1884 1887 1890 1893 1896 1899 1902 1905 1908 1911 1914 1917 1920 1923 1926 1929 1932 1935 1938 1941 1944 1947 1950 1953 1956 1959 1962 1965 1968 1971 1974 1977 1980 1983 1986 1989 1992 1995 1998 2001 2004 2007 2010 2013 2016 2019 2022 2025 2028 2031 2034 2037 2040 2043 2046 2049 2052 2055 2058 2061 2064 2067 2070 2073 2076 2079 2082 2085 2088 2091 2094 2097 2100 2103 2106 2109 2112 2115 2118 2121 2124 2127 2130 2133 2136 2139 2142 2145 2148 2151 2154 2157 2160 2163 2166 2169 2172 2175 2178 2181 2184 2187 2190 2193 2196 2199 2202 2205 2208 2211 2214 2217 2220 2223 2226 2229 2232 2235 2238 2241 2244 2247 2250 2253 2256 2259 2262 2265 2268 2271 2274 2277 2280 2283 2286 2289 2292 2295 2298 2301 2304 2307 2310 2313 2316 2319 2322 2325 2328 2331 2334 2337 2340 2343 2346 2349 2352 2355 2358 2361 2364 2367 2370 2373 2376 2379 2382 2385 2388 2391 2394 2397 2400 2403 2406 2409 2412 2415 2418 2421 2424 2427 2430 2433 2436 2439 2442 2445 2448 2451 2454 2457 2460 2463 2466 2469 2472 2475 2478 2481 2484 2487 2490 2493 2496 2499 2502 2505 2508 2511 2514 2517 2520 2523 2526 2529 2532 2535 2538 2541 2544 2547 2550 2553 2556 2559 2562 2565 2568 2571 2574 2577 2580 2583 2586 2589 2592 2595 2598 2601 2604 2607 2610 2613 2616 2619 2622 2625 2628 2631 2634 2637 2640 2643 2646 2649 2652 2655 2658 2661 2664 2667 2670 2673 2676 2679 2682 2685 2688 2691 2694 2697 2700 2703 2706 2709 2712 2715 2718 2721 2724 2727 2730 2733 2736 2739 2742 2745 2748 2751 2754 2757 2760 2763 2766 2769 2772 2775 2778 2781 2784 2787 2790 2793 2796 2799 2802 2805 2808 2811 2814 2817 2820 2823 2826 2829 2832 2835 2838 2841 2844 2847 2850 2853 2856 2859 2862 2865 2868 2871 2874 2877 2880 2883 2886 2889 2892 2895 2898 2901 2904 2907 2910 2913 2916 2919 2922 2925 2928 2931 2934 2937 2940 2943 2946 2949 2952 2955 2958 2961 2964 2967 2970 2973 2976 2979 2982 2985 2988 2991 2994 2997 3000 3003 3006 3009 3012 3015 3018 3021 3024 3027 3030 3033 3036 3039 3042 3045 3048 3051 3054 3057 3060 3063 3066 3069 3072 3075 3078 3081 3084 3087 3090 3093 3096 3099 3102 3105 3108 3111 3114 3117 3120 3123 3126 3129 3132 3135 3138 3141 3144 3147 3150 3153 3156 3159 3162 3165 3168 3171 3174 3177 3180 3183 3186 3189 3192 3195 3198 3201 3204 3207 3210 3213 3216 3219 3222 3225 3228 3231 3234 3237 3240 3243 3246 3249 3252 3255 3258 3261 3264 3267 3270 3273 3276 3279 3282 3285 3288 3291 3294 3297 3300 3303 3306 3309 3312 3315 3318 3321 3324 3327 3330 3333 3336 3339 3342 3345 3348 3351 3354 3357 3360 3363 3366 3369 3372 3375 3378 3381 3384 3387 3390 3393 3396 3399 3402 3405 3408 3411 3414 3417 3420 3423 3426 3429 3432 3435 3438 3441 3444 3447 3450 3453 3456 3459 3462 3465 3468 3471 3474 3477 3480 3483 3486 3489 3492 3495 3498 3501 3504 3507 3510 3513 3516 3519 3522 3525 3528 3531 3534 3537 3540 3543 3546 3549 3552 3555 3558 3561 3564 3567 3570 3573 3576 3579 3582 3585 3588 3591 3594 3597 3600 3603 3606 3609 3612 3615 3618 3621 3624 3627 3630 3633 3636 3639 3642 3645 3648 3651 3654 3657 3660 3663 3666 3669 3672 3675 3678 3681 3684 3687 3690 3693 3696 3699 3702 3705 3708 3711 3714 3717 3720 3723 3726 3729 3732 3735 3738 3741 3744 3747 3750 3753 3756 3759 3762 3765 3768 3771 3774 3777 3780 3783 3786 3789 3792 3795 3798 3801 3804 3807 3810 3813 3816 3819 3822 3825 3828 3831 3834 3837 3840 3843 3846 3849 3852 3855 3858 3861 3864 3867 3870 3873 3876 3879 3882 3885 3888 3891 3894 3897 3900 3903 3906 3909 3912 3915 3918 3921 3924 3927 3930 3933 3936 3939 3942 3945 3948 3951 3954 3957 3960 3963 3966 3969 3972 3975 3978 3981 3984 3987 3990 3993 3996 3999 4002 4005 4008 4011 4014 4017 4020 4023 4026 4029 4032 4035 4038 4041 4044 4047 4050 4053 4056 4059 4062 4065 4068 4071 4074 4077 4080 4083 4086 4089 4092 4095 4098 4101 4104 4107 4110 4113 4116 4119 4122 4125 4128 4131 4134 4137 4140 4143 4146 4149 4152 4155 4158 4161 4164 4167 4170 4173 4176 4179 4182 4185 4188 4191 4194 4197 4200 4203 4206 4209 4212 4215 4218 4221 4224 4227 4230 4233 4236 4239 4242 4245 4248 4251 4254 4257 4260 4263 4266 4269 4272 4275 4278 4281 4284 4287 4290 4293 4296 4299 4302 4305 4308 4311 4314 4317 4320 4323 4326 4329 4332 4335 4338 4341 4344 4347 4350 4353 4356 4359 4362 4365 4368 4371 4374 4377 4380 4383 4386 4389 4392 4395 4398 4401 4404 4407 4410 4413 4416 4419 4422 4425 4428 4431 4434 4437 4440 4443 4446 4449 4452 4455 4458 4461 4464 4467 4470 4473 4476 4479 4482 4485 4488 4491 4494 4497 4500 4503 4506 4509 4512 4515 4518 4521 4524 4527 4530 4533 4536 4539 4542 4545 4548 4551 4554 4557 4560 4563 4566 4569 4572 4575 4578 4581 4584 4587 4590 4593 4596 4599 4602 4605 4608 4611 4614 4617 4620 4623 4626 4629 4632 4635 4638 4641 4644 4647 4650 4653 4656 4659 4662 4665 4668 4671 4674 4677 4680 4683 4686 4689 4692 4695 4698 4701 4704 4707 4710 4713 4716 4719 4722 4725 4728 4731 4734 4737 4740 4743 4746 4749 4752 4755 4758 4761 4764 4767 4770 4773 4776 4779 4782 4785 4788 4791 4794 4797 4800 4803 4806 4809 4812 4815 4818 4821 4824 4827 4830 4833 4836 4839 4842 4845 4848 4851 4854 4857 4860 4863 4866 4869 4872 4875 4878 4881 4884 4887 4890 4893 4896 4899 4902 4905 4908 4911 4914 4917 4920 4923 4926 4929 4932 4935 4938 4941 4944 4947 4950 4953 4956 4959 4962 4965 4968 4971 4974 4977 4980 4983 4986 4989 4992 4995 4998 5001 5004 5007 5010 5013 5016 5019 5022 5025 5028 5031 5034 5037 5040 5043 5046 5049 5052 5055 5058 5061 5064 5067 5070 5073 5076 5079 5082 5085 5088 5091 5094 5097 5100 5103 5106 5109 5112 5115 5118 5121 5124 5127 5130 5133 5136 5139 5142 5145 5148 5151 5154 5157 5160 5163 5166 5169 5172 5175 5178 5181 5184 5187 5190 5193 5196 5199 5202 5205 5208 5211 5214 5217 5220 5223 5226 5229 5232 5235 5238 5241 5244 5247 5250 5253 5256 5259 5262 5265 5268 5271 5274 5277 5280 5283 5286 5289 5292 5295 5298 5301 5304 5307 5310 5313 5316 5319 5322 5325 5328 5331 5334 5337 5340 5343 5346 5349 5352 5355 5358 5361 5364 5367 5370 5373 5376 5379 5382 5385 5388 5391 5394 5397 5400 5403 5406 5409 5412 5415 5418 5421 5424 5427 5430 5433 5436 5439 5442 5445 5448 5451 5454 5457 5460 5463 5466 5469 5472 5475 5478 5481 5484 5487 5490 5493 5496 5499 5502 5505 5508 5511 5514 5517 5520 5523 5526 5529 5532 5535 5538 5541 5544 5547 5550 5553 5556 5559 5562 5565 5568 5571 5574 5577 5580 5583 5586 5589 5592 5595 5598 5601 5604 5607 5610 5613 5616 5619 5622 5625 5628 5631 5634 5637 5640 5643 5646 5649 5652 5655 5658 5661 5664 5667 5670 5673 5676 5679 5682 5685 5688 5691 5694 5697 5700 5703 5706 5709 5712 5715 5718 5721 5724 5727 5730 5733 5736 5739 5742 5745 5748 5751 5754 5757 5760 5763 5766 5769 5772 5775 5778 5781 5784 5787 5790 5793 5796 5799 5802 5805 5808 5811 5814 5817 5820 5823 5826 5829 5832 5835 5838 5841 5844 5847 5850 5853 5856 5859 5862 5865 5868 5871 5874 5877 5880 5883 5886 5889 5892 5895 5898 5901 5904 5907 5910 5913 5916 5919 5922 5925 5928 5931 5934 5937 5940 5943 5946 5949 5952 5955 5958 5961 5964 5967 5970 5973 5976 5979 5982 5985 5988 5991 5994 5997 6000 6003 6006 6009 6012 6015 6018 6021 6024 6027 6030 6033 6036 6039 6042 6045 6048 6051 6054 6057 6060 6063 6066 6069 6072 6075 6078 6081 6084 6087 6090 6093 6096 6099 6102 6105 6108 6111 6114 6117 6120 6123 6126 6129 6132 6135 6138 6141 6144 6147 6150 6153 6156 6159 6162 6165 6168 6171 6174 6177 6180 6183 6186 6189 6192 6195 6198 6201 6204 6207 6210 6213 6216 6219 6222 6225 6228 6231 6234 6237 6240 6243 6246 6249 6252 6255 6258 6261 6264 6267 6270 6273 6276 6279 6282 6285 6288 6291 6294 6297 6300 6303 6306 6309 6312 6315 6318 6321 6324 6327 6330 6333 6336 6339 6342 6345 6348 6351 6354 6357 6360 6363 6366 6369 6372 6375 6378 6381 6384 6387 6390 6393 6396 6399 6402 6405 6408 6411 6414 6417 6420 6423 6426 6429 6432 6435 6438 6441 6444 6447 6450 6453 6456 6459 6462 6465 6468 6471 6474 6477 6480 6483 6486 6489 6492 6495 6498 6501 6504 6507 6510 6513 6516 6519 6522 6525 6528 6531 6534 6537 6540 6543 6546 6549 6552 6555 6558 6561 6564 6567 6570 6573 6576 6579 6582 6585 6588 6591 6594 6597 6600 6603 6606 6609 6612 6615 6618 6621 6624 6627 6630 6633 6636 6639 6642 6645 6648 6651 6654 6657 6660 6663 6666 6669 6672 6675 6678 6681 6684 6687 6690 6693 6696 6699 6702 6705 6708 6711 6714 6717 6720 6723 6726 6729 6732 6735 6738 6741 6744 6747 6750 6753 6756 6759 6762 6765 6768 6771 6774 6777 6780 6783 6786 6789 6792 6795 6798 6801 6804 6807 6810 6813 6816 6819 6822 6825 6828 6831 6834 6837 6840 6843 6846 6849 6852 6855 6858 6861 6864 6867 6870 6873 6876 6879 6882 6885 6888 6891 6894 6897 6900 6903 6906 6909 6912 6915 6918 6921 6924 6927 6930 6933 6936 6939 6942 6945 6948 6951 6954 6957 6960 6963 6966 6969 6972 6975 6978 6981 6984 6987 6990 6993 6996 6999 7002 7005 7008 7011 7014 7017 7020 7023 7026 7029 7032 7035 7038 7041 7044 7047 7050 7053 7056 7059 7062 7065 7068 7071 7074 7077 7080 7083 7086 7089 7092 7095 7098 7101 7104 7107 7110 7113 7116 7119 7122 7125 7128 7131 7134 7137 7140 7143 7146 7149 7152 7155 7158 7161 7164 7167 7170 7173 7176 7179 7182 7185 7188 7191 7194 7197 7200 7203 7206 7209 7212 7215 7218 7221 7224 7227 7230 7233 7236 7239 7242 7245 7248 7251 7254 7257 7260 7263 7266 7269 7272 7275 7278 7281 7284 7287 7290 7293 7296 7299 7302 7305 7308 7311 7314 7317 7320 7323 7326 7329 7332 7335 7338 7341 7344 7347 7350 7353 7356 7359 7362 7365 7368 7371 7374 7377 7380 7383 7386 7389 7392 7395 7398 7401 7404 7407 7410 7413 7416 7419 7422 7425 7428 7431 7434 7437 7440 7443 7446 7449 7452 7455 7458 7461 7464 7467 7470 7473 7476 7479 7482 7485 7488 7491 7494 7497 7500 7503 7506 7509 7512 7515 7518 7521 7524 7527 7530 7533 7536 7539 7542 7545 7548 7551 7554 7557 7560 7563 7566 7569 7572 7575 7578 7581 7584 7587 7590 7593 7596 7599 7602 7605 7608 7611 7614 7617 7620 7623 7626 7629 7632 7635 7638 7641 7644 7647 7650 7653 7656 7659 7662 7665 7668 7671 7674 7677 7680 7683 7686 7689 7692 7695 7698 7701 7704 7707 7710 7713 7716 7719 7722 7725 7728 7731 7734 7737 7740 7743 7746 7749 7752 7755 7758 7761 7764 7767 7770 7773 7776 7779 7782 7785 7788 7791 7794 7797 7800 7803 7806 7809 7812 7815 7818 7821 7824 7827 7830 7833 7836 7839 7842 7845 7848 7851 7854 7857 7860 7863 7866 7869 7872 7875 7878 7881 7884 7887 7890 7893 7896 7899 7902 7905 7908 7911 7914 7917 7920 7923 7926 7929 7932 7935 7938 7941 7944 7947 7950 7953 7956 7959 7962 7965 7968 7971 7974 7977 7980 7983 7986 7989 7992 7995 7998 8001 8004 8007 8010 8013 8016 8019 8022 8025 8028 8031 8034 8037 8040 8043 8046 8049 8052 8055 8058 8061 8064 8067 8070 8073 8076 8079 8082 8085 8088 8091 8094 8097 8100 8103 8106 8109 8112 8115 8118 8121 8124 8127 8130 8133 8136 8139 8142 8145 8148 8151 8154 8157 8160 8163 8166 8169 8172 8175 8178 8181 8184 8187 8190 8193 8196 8199 8202 8205 8208 8211 8214 8217 8220 8223 8226 8229 8232 8235 8238 8241 8244 8247 8250 8253 8256 8259 8262 8265 8268 8271 8274 8277 8280 8283 8286 8289 8292 8295 8298 8301 8304 8307 8310 8313 8316 8319 8322 8325 8328 8331 8334 8337 8340 8343 8346 8349 8352 8355 8358 8361 8364 8367 8370 8373 8376 8379 8382 8385 8388 8391 8394 8397 8400 8403 8406 8409 8412 8415 8418 8421 8424 8427 8430 8433 8436 8439 8442 8445 8448 8451 8454 8457 8460 8463 8466 8469 8472 8475 8478 8481 8484 8487 8490 8493 8496 8499 8502 8505 8508 8511 8514 8517 8520 8523 8526 8529 8532 8535 8538 8541 8544 8547 8550 8553 8556 8559 8562 8565 8568 8571 8574 8577 8580 8583 8586 8589 8592 8595 8598 8601 8604 8607 8610 8613 8616 8619 8622 8625 8628 8631 8634 8637 8640 8643 8646 8649 8652 8655 8658 8661 8664 8667 8670 8673 8676 8679 8682 8685 8688 8691 8694 8697 8700 8703 8706 8709 8712 8715 8718 8721 8724 8727 8730 8733 8736 8739 8742 8745 8748 8751 8754 8757 8760 8763 8766 8769 8772 8775 8778 8781 8784 8787 8790 8793 8796 8799 8802 8805 8808 8811 8814 8817 8820 8823 8826 8829 8832 8835 8838 8841 8844 8847 8850 8853 8856 8859 8862 8865 8868 8871 8874 8877 8880 8883 8886 8889 8892 8895 8898 8901 8904 8907 8910 8913 8916 8919 8922 8925 8928 8931 8934 8937 8940 8943 8946 8949 8952 8955 8958 8961 8964 8967 8970 8973 8976 8979 8982 8985 8988 8991 8994 8997 9000 9003 9006 9009 9012 9015 9018 9021 9024 9027 9030 9033 9036 9039 9042 9045 9048 9051 9054 9057 9060 9063 9066 9069 9072 9075 9078 9081 9084 9087 9090 9093 9096 9099 9102 9105 9108 9111 9114 9117 9120 9123 9126 9129 9132 9135 9138 9141 9144 9147 9150 9153 9156 9159 9162 9165 9168 9171 9174 9177 9180 9183 9186 9189 9192 9195 9198 9201 9204 9207 9210 9213 9216 9219 9222 9225 9228 9231 9234 9237 9240 9243 9246 9249 9252 9255 9258 9261 9264 9267 9270 9273 9276 9279 9282 9285 9288 9291 9294 9297 9300 9303 9306 9309 9312 9315 9318 9321 9324 9327 9330 9333 9336 9339 9342 9345 9348 9351 9354 9357 9360 9363 9366 9369 9372 9375 9378 9381 9384 9387 9390 9393 9396 9399 9402 9405 9408 9411 9414 9417 9420 9423 9426 9429 9432 9435 9438 9441 9444 9447 9450 9453 9456 9459 9462 9465 9468 9471 9474 9477 9480 9483 9486 9489 9492 9495 9498 9501 9504 9507 9510 9513 9516 9519 9522 9525 9528 9531 9534 9537 9540 9543 9546 9549 9552 9555 9558 9561 9564 9567 9570 9573 9576 9579 9582 9585 9588 9591 9594 9597 9600 9603 9606 9609 9612 9615 9618 9621 9624 9627 9630 9633 9636 9639 9642 9645 9648 9651 9654 9657 9660 9663 9666 9669 9672 9675 9678 9681 9684 9687 9690 9693 9696 9699 9702 9705 9708 9711 9714 9717 9720 9723 9726 9729 9732 9735 9738 9741 9744 9747 9750 9753 9756 9759 9762 9765 9768 9771 9774 9777 9780 9783 9786 9789 9792 9795 9798 9801 9804 9807 9810 9813 9816 9819 9822 9825 9828 9831 9834 9837 9840 9843 9846 9849 9852 9855 9858 9861 9864 9867 9870 9873 9876 9879 9882 9885 9888 9891 9894 9897 9900 9903 9906 9909 9912 9915 9918 9921 9924 9927 9930 9933 9936 9939 9942 9945 9948 9951 9954 9957 9960 9963 9966 9969 9972 9975 9978 9981 9984 9987 9990 9993 9996 9999 10002 10005 10008 10011 10014 10017 10020 10023 10026 10029 10032 10035 10038 10041 10044 10047 10050 10053 10056 10059 10062 10065 10068 10071 10074 10077 10080 10083 10086 10089 10092 10095 10098 10101 10104 10107 10110 10113 10116 10119 10122 10125 10128 10131 10134 10137 10140 10143 10146 10149 10152 10155 10158 10161 10164 10167 10170 10173 10176 10179 10182 10185 10188 10191 10194 10197 10200 10203 10206 10209 10212 10215 10218 10221 10224 10227 10230 10233 10236 10239 10242 10245 10248 10251 10254 10257 10260 10263 10266 10269 10272 10275 10278 10281 10284 10287 10290 10293 10296 10299 10302 10305 10308 10311 10314 10317 10320 10323 10326 10329 10332 10335 10338 10341 10344 10347 10350 10353 10356 10359 10362 10365 10368 10371 10374 10377 10380 10383 10386 10389 10392 10395 10398 10401 10404 10407 10410 10413 10416 10419 10422 10425 10428 10431 10434 10437 10440 10443 10446 10449 10452 10455 10458 10461 10464 10467 10470 10473 10476 10479 10482 10485 10488 10491 10494 10497 10500 10503 10506 10509 10512 10515 10518 10521 10524 10527 10530 10533 10536 10539 10542 10545 10548 10551 10554 10557 10560 10563 10566 10569 10572 10575 10578 10581 10584 10587 10590 10593 10596 10599 10602 10605 10608 10611 10614 10617 10620 10623 10626 10629 10632 10635 10638 10641 10644 10647 10650 10653 10656 10659 10662 10665 10668 10671 10674 10677 10680 10683 10686 10689 10692 10695 10698 10701 10704 10707 10710 10713 10716 10719 10722 10725 10728 10731 10734 10737 10740 10743 10746 10749 10752 10755 10758 10761 10764 10767 10770 10773 10776 10779 10782 10785 10788 10791 10794 10797 10800 10803 10806 10809 10812 10815 10818 10821 10824 10827 10830 10833 10836 10839 10842 10845 10848 10851 10854 10857 10860 10863 10866 10869 10872 10875 10878 10881 10884 10887 10890 10893 10896 10899 10902 10905 10908 10911 10914 10917 10920 10923 10926 10929 10932 10935 10938 10941 10944 10947 10950 10953 10956 10959 10962 10965 10968 10971 10974 10977 10980 10983 10986 10989 10992 10995 10998 11001 11004 11007 11010 11013 11016 11019 11022 11025 11028 11031 11034 11037 11040 11043 11046 11049 11052 11055 11058 11061 11064 11067 11070 11073 11076 11079 11082 11085 11088 11091 11094 11097 11100 11103 11106 11109 11112 11115 11118 11121 11124 11127 11130 11133 11136 11139 11142 11145 11148 11151 11154 11157 11160 11163 11166 11169 11172 11175 11178 11181 11184 11187 11190 11193 11196 11199 11202 11205 11208 11211 11214 11217 11220 11223 11226 11229 11232 11235 11238 11241 11244 11247 11250 11253 11256 11259 11262 11265 11268 11271 11274 11277 11280 11283 11286 11289 11292 11295 11298 11301 11304 11307 11310 11313 11316 11319 11322 11325 11328 11331 11334 11337 11340 11343 11346 11349 11352 11355 11358 11361 11364 11367 11370 11373 11376 11379 11382 11385 11388 11391 11394 11397 11400 11403 11406 11409 11412 11415 11418 11421 11424 11427 11430 11433 11436 11439 11442 11445 11448 11451 11454 11457 11460 11463 11466 11469 11472 11475 11478 11481 11484 11487 11490 11493 11496 11499 11502 11505 11508 11511 11514 11517 11520 11523 11526 11529 11532 11535 11538 11541 11544 11547 11550 11553 11556 11559 11562 11565 11568 11571 11574 11577 11580 11583 11586 11589 11592 11595 11598 11601 11604 11607 11610 11613 11616 11619 11622 11625 11628 11631 11634 11637 11640 11643 11646 11649 11652 11655 11658 11661 11664 11667 11670 11673 11676 11679 11682 11685 11688 11691 11694 11697 11700 11703 11706 11709 11712 11715 11718 11721 11724 11727 11730 11733 11736 11739 11742 11745 11748 11751 11754 11757 11760 11763 11766 11769 11772 11775 11778 11781 11784 11787 11790 11793 11796 11799 11802 11805 11808 11811 11814 11817 11820 11823 11826 11829 11832 11835 11838 11841 11844 11847 11850 11853 11856 11859 11862 11865 11868 11871 11874 11877 11880 11883 11886 11889 11892 11895 11898 11901 11904 11907 11910 11913 11916 11919 11922 11925 11928 11931 11934 11937 11940 11943 11946 11949 11952 11955 11958 11961 11964 11967 11970 11973 11976 11979 11982 11985 11988 11991 11994 11997 12000 12003 12006 12009 12012 12015 12018 12021 12024 12027 12030 12033 12036 12039 12042 12045 12048 12051 12054 12057 12060 12063 12066 12069 12072 12075 12078 12081 12084 12087 12090 12093 12096 12099 12102 12105 12108 12111 12114 12117 12120 12123 12126 12129 12132 12135 12138 12141 12144 12147 12150 12153 12156 12159 12162 12165 12168 12171 12174 12177 12180 12183 12186 12189 12192 12195 12198 12201 12204 12207 12210 12213 12216 12219 12222 12225 12228 12231 12234 12237 12240 12243 12246 12249 12252 12255 12258 12261 12264 12267 12270 12273 12276 12279 12282 12285 12288 12291 12294 12297 12300 12303 12306 12309 12312 12315 12318 12321 12324 12327 12330 12333 12336 12339 12342 12345 12348 12351 12354 12357 12360 12363 12366 12369 12372 12375 12378 12381 12384 12387 12390 12393 12396 12399 12402 12405 12408 12411 12414 12417 12420 12423 12426 12429 12432 12435 12438 12441 12444 12447 12450 12453 12456 12459 12462 12465 12468 12471 12474 12477 12480 12483 12486 12489 12492 12495 12498 12501 12504 12507 12510 12513 12516 12519 12522 12525 12528 12531 12534 12537 12540 12543 12546 12549 12552 12555 12558 12561 12564 12567 12570 12573 12576 12579 12582 12585 12588 12591 12594 12597 12600 12603 12606 12609 12612 12615 12618 12621 12624 12627 12630 12633 12636 12639 12642 12645 12648 12651 12654 12657 12660 12663 12666 12669 12672 12675 12678 12681 12684 12687 12690 12693 12696 12699 12702 12705 12708 12711 12714 12717 12720 12723 12726 12729 12732 12735 12738 12741 12744 12747 12750 12753 12756 12759 12762 12765 12768 12771 12774 12777 12780 12783 12786 12789 12792 12795 12798 12801 12804 12807 12810 12813 12816 12819 12822 12825 12828 12831 12834 12837 12840 12843 12846 12849 12852 12855 12858 12861 12864 12867 12870 12873 12876 12879 12882 12885 12888 12891 12894 12897 12900 12903 12906 12909 12912 12915 12918 12921 12924 12927 12930 12933 12936 12939 12942 12945 12948 12951 12954 12957 12960 12963 12966 12969 12972 12975 12978 12981 12984 12987 12990 12993 12996 12999 13002 13005 13008 13011 13014 13017 13020 13023 13026 13029 13032 13035 13038 13041 13044 13047 13050 13053 13056 13059 13062 13065 13068 13071 13074 13077 13080 13083 13086 13089 13092 13095 13098 13101 13104 13107 13110 13113 13116 13119 13122 13125 13128 13131 13134 13137 13140 13143 13146 13149 13152 13155 13158 13161 13164 13167 13170 13173 13176 13179 13182 13185 13188 13191 13194 13197 13200 13203 13206 13209 13212 13215 13218 13221 13224 13227 13230 13233 13236 13239 13242 13245 13248 13251 13254 13257 13260 13263 13266 13269 13272 13275 13278 13281 13284 13287 13290 13293 13296 13299 13302 13305 13308 13311 13314 13317 13320 13323 13326 13329 13332 13335 13338 13341 13344 13347 13350 13353 13356 13359 13362 13365 13368 13371 13374 13377 13380 13383 13386 13389 13392 13395 13398 13401 13404 13407 13410 13413 13416 13419 13422 13425 13428 13431 13434 13437 13440 13443 13446 13449 13452 13455 13458 13461 13464 13467 13470 13473 13476 13479 13482 13485 13488 13491 13494 13497 13500 13503 13506 13509 13512 13515 13518 13521 13524 13527 13530 13533 13536 13539 13542 13545 13548 13551 13554 13557 13560 13563 13566 13569 13572 13575 13578 13581 13584 13587 13590 13593 13596 13599 13602 13605 13608 13611 13614 13617 13620 13623 13626 13629 13632 13635 13638 13641 13644 13647 13650 13653 13656 13659 13662 13665 13668 13671 13674 13677 13680 13683 13686 13689 13692 13695 13698 13701 13704 13707 13710 13713 13716 13719 13722 13725 13728 13731 13734 13737 13740 13743 13746 13749 13752 13755 13758 13761 13764 13767 13770 13773 13776 13779 13782 13785 13788 13791 13794 13797 13800 13803 13806 13809 13812 13815 13818 13821 13824 13827 13830 13833 13836 13839 13842 13845 13848 13851 13854 13857 13860 13863 13866 13869 13872 13875 13878 13881 13884 13887 13890 13893 13896 13899 13902 13905 13908 13911 13914 13917 13920 13923 13926 13929 13932 13935 13938 13941 13944 13947 13950 13953 13956 13959 13962 13965 13968 13971 13974 13977 13980 13983 13986 13989 13992 13995 13998 14001 14004 14007 14010 14013 14016 14019 14022 14025 14028 14031 14034 14037 14040 14043 14046 14049 14052 14055 14058 14061 14064 14067 14070 14073 14076 14079 14082 14085 14088 14091 14094 14097 14100 14103 14106 14109 14112 14115 14118 14121 14124 14127 14130 14133 14136 14139 14142 14145 14148 14151 14154 14157 14160 14163 14166 14169 14172 14175 14178 14181 14184 14187 14190 14193 14196 14199 14202 14205 14208 14211 14214 14217 14220 14223 14226 14229 14232 14235 14238 14241 14244 14247 14250 14253 14256 14259 14262 14265 14268 14271 14274 14277 14280 14283 14286 14289 14292 14295 14298 14301 14304 14307 14310 14313 14316 14319 14322 14325 14328 14331 14334 14337 14340 14343 14346 14349 14352 14355 14358 14361 14364 14367 14370 14373 14376 14379 14382 14385 14388 14391 14394 14397 14400 14403 14406 14409 14412 14415 14418 14421 14424 14427 14430 14433 14436 14439 14442 14445 14448 14451 14454 14457 14460 14463 14466 14469 14472 14475 14478 14481 14484 14487 14490 14493 14496 14499 14502 14505 14508 14511 14514 14517 14520 14523 14526 14529 14532 14535 14538 14541 14544 14547 14550 14553 14556 14559 14562 14565 14568 14571 14574 14577 14580 14583 14586 14589 14592 14595 14598 14601 14604 14607 14610 14613 14616 14619 14622 14625 14628 14631 14634 14637 14640 14643 14646 14649 14652 14655 14658 14661 14664 14667 14670 14673 14676 14679 14682 14685 14688 14691 14694 14697 14700 14703 14706 14709 14712 14715 14718 14721 14724 14727 14730 14733 14736 14739 14742 14745 14748 14751 14754 14757 14760 14763 14766 14769 14772 14775 14778 14781 14784 14787 14790 14793 14796 14799 14802 14805 14808 14811 14814 14817 14820 14823 14826 14829 14832 14835 14838 14841 14844 14847 14850 14853 14856 14859 14862 14865 14868 14871 14874 14877 14880 14883 14886 14889 14892 14895 14898 14901 14904 14907 14910 14913 14916 14919 14922 14925 14928 14931 14934 14937 14940 14943 14946 14949 14952 14955 14958 14961 14964 14967 14970 14973 14976 14979 14982 14985 14988 14991 14994 14997 15000 15003 15006 15009 15012 15015 15018 15021 15024 15027 15030 15033 15036 15039 15042 15045 15048 15051 15054 15057 15060 15063 15066 15069 15072 15075 15078 15081 15084 15087 15090 15093 15096 15099 15102 15105 15108 15111 15114 15117 15120 15123 15126 15129 15132 15135 15138 15141 15144 15147 15150 15153 15156 15159 15162 15165 15168 15171 15174 15177 15180 15183 15186 15189 15192 15195 15198 15201 15204 15207 15210 15213 15216 15219 15222 15225 15228 15231 15234 15237 15240 15243 15246 15249 15252 15255 15258 15261 15264 15267 15270 15273 15276 15279 15282 15285 15288 15291 15294 15297 15300 15303 15306 15309 15312 15315 15318 15321 15324 15327 15330 15333 15336 15339 15342 15345 15348 15351 15354 15357 15360 15363 15366 15369 15372 15375 15378 15381 15384 15387 15390 15393 15396 15399 15402 15405 15408 15411 15414 15417 15420 15423 15426 15429 15432 15435 15438 15441 15444 15447 15450 15453 15456 15459 15462 15465 15468 15471 15474 15477 15480 15483 15486 15489 15492 15495 15498 15501 15504 15507 15510 15513 15516 15519 15522 15525 15528 15531 15534 15537 15540 15543 15546 15549 15552 15555 15558 15561 15564 15567 15570 15573 15576 15579 15582 15585 15588 15591 15594 15597 15600 15603 15606 15609 15612 15615 15618 15621 15624 15627 15630 15633 15636 15639 15642 15645 15648 15651 15654 15657 15660 15663 15666 15669 15672 15675 15678 15681 15684 15687 15690 15693 15696 15699 15702 15705 15708 15711 15714 15717 15720 15723 15726 15729 15732 15735 15738 15741 15744 15747 15750 15753 15756 15759 15762 15765 15768 15771 15774 15777 15780 15783 15786 15789 15792 15795 15798 15801 15804 15807 15810 15813 15816 15819 15822 15825 15828 15831 15834 15837 15840 15843 15846 15849 15852 15855 15858 15861 15864 15867 15870 15873 15876 15879 15882 15885 15888 15891 15894 15897 15900 15903 15906 15909 15912 15915 15918 15921 15924 15927 15930 15933 15936 15939 15942 15945 15948 15951 15954 15957 15960 15963 15966 15969 15972 15975 15978 15981 15984 15987 15990 15993 15996 15999 16002 16005 16008 16011 16014 16017 16020 16023 16026 16029 16032 16035 16038 16041 16044 16047 16050 16053 16056 16059 16062 16065 16068 16071 16074 16077 16080 16083 16086 16089 16092 16095 16098 16101 16104 16107 16110 16113 16116 16119 16122 16125 16128 16131 16134 16137 16140 16143 16146 16149 16152 16155 16158 16161 16164 16167 16170 16173 16176 16179 16182 16185 16188 16191 16194 16197 16200 16203 16206 16209 16212 16215 16218 16221 16224 16227 16230 16233 16236 16239 16242 16245 16248 16251 16254 16257 16260 16263 16266 16269 16272 16275 16278 16281 16284 16287 16290 16293 16296 16299 16302 16305 16308 16311 16314 16317 16320 16323 16326 16329 16332 16335 16338 16341 16344 16347 16350 16353 16356 16359 16362 16365 16368 16371 16374 16377 16380 16383 16386 16389 16392 16395 16398 16401 16404 16407 16410 16413 16416 16419 16422 16425 16428 16431 16434 16437 16440 16443 16446 16449 16452 16455 16458 16461 16464 16467 16470 16473 16476 16479 16482 16485 16488 16491 16494 16497 16500 16503 16506 16509 16512 16515 16518 16521 16524 16527 16530 16533 16536 16539 16542 16545 16548 16551 16554 16557 16560 16563 16566 16569 16572 16575 16578 16581 16584 16587 16590 16593 16596 16599 16602 16605 16608 16611 16614 16617 16620 16623 16626 16629 16632 16635 16638 16641 16644 16647 16650 16653 16656 16659 16662 16665 16668 16671 16674 16677 16680 16683 16686 16689 16692 16695 16698 16701 16704 16707 16710 16713 16716 16719 16722 16725 16728 16731 16734 16737 16740 16743 16746 16749 16752 16755 16758 16761 16764 16767 16770 16773 16776 16779 16782 16785 16788 16791 16794 16797 16800 16803 16806 16809 16812 16815 16818 16821 16824 16827 16830 16833 16836 16839 16842 16845 16848 16851 16854 16857 16860 16863 16866 16869 16872 16875 16878 16881 16884 16887 16890 16893 16896 16899 16902 16905 16908 16911 16914 16917 16920 16923 16926 16929 16932 16935 16938 16941 16944 16947 16950 16953 16956 16959 16962 16965 16968 16971 16974 16977 16980 16983 16986 16989 16992 16995 16998 17001 17004 17007 17010 17013 17016 17019 17022 17025 17028 17031 17034 17037 17040 17043 17046 17049 17052 17055 17058 17061 17064 17067 17070 17073 17076 17079 17082 17085 17088 17091 17094 17097 17100 17103 17106 17109 17112 17115 17118 17121 17124 17127 17130 17133 17136 17139 17142 17145 17148 17151 17154 17157 17160 17163 17166 17169 17172 17175 17178 17181 17184 17187 17190 17193 17196 17199 17202 17205 17208 17211 17214 17217 17220 17223 17226 17229 17232 17235 17238 17241 17244 17247 17250 17253 17256 17259 17262 17265 17268 17271 17274 17277 17280 17283 17286 17289 17292 17295 17298 17301 17304 17307 17310 17313 17316 17319 17322 17325 17328 17331 17334 17337 17340 17343 17346 17349 17352 17355 17358 17361 17364 17367 17370 17373 17376 17379 17382 17385 17388 17391 17394 17397 17400 17403 17406 17409 17412 17415 17418 17421 17424 17427 17430 17433 17436 17439 17442 17445 17448 17451 17454 17457 17460 17463 17466 17469 17472 17475 17478 17481 17484 17487 17490 17493 17496 17499 17502 17505 17508 17511 17514 17517 17520 17523 17526 17529 17532 17535 17538 17541 17544 17547 17550 17553 17556 17559 17562 17565 17568 17571 17574 17577 17580 17583 17586 17589 17592 17595 17598 17601 17604 17607 17610 17613 17616 17619 17622 17625 17628 17631 17634 17637 17640 17643 17646 17649 17652 17655 17658 17661 17664 17667 17670 17673 17676 17679 17682 17685 17688 17691 17694 17697 17700 17703 17706 17709 17712 17715 17718 17721 17724 17727 17730 17733 17736 17739 17742 17745 17748 17751 17754 17757 17760 17763 17766 17769 17772 17775 17778 17781 17784 17787 17790 17793 17796 17799 17802 17805 17808 17811 17814 17817 17820 17823 17826 17829 17832 17835 17838 17841 17844 17847 17850 17853 17856 17859 17862 17865 17868 17871 17874 17877 17880 17883 17886 17889 17892 17895 17898 17901 17904 17907 17910 17913 17916 17919 17922 17925 17928 17931 17934 17937 17940 17943 17946 17949 17952 17955 17958 17961 17964 17967 17970 17973 17976 17979 17982 17985 17988 17991 17994 17997 18000 18003 18006 18009 18012 18015 18018 18021 18024 18027 18030 18033 18036 18039 18042 18045 18048 18051 18054 18057 18060 18063 18066 18069 18072 18075 18078 18081 18084 18087 18090 18093 18096 18099 18102 18105 18108 18111 18114 18117 18120 18123 18126 18129 18132 18135 18138 18141 18144 18147 18150 18153 18156 18159 18162 18165 18168 18171 18174 18177 18180 18183 18186 18189 18192 18195 18198 18201 18204 18207 18210 18213 18216 18219 18222 18225 18228 18231 18234 18237 18240 18243 18246 18249 18252 18255 18258 18261 18264 18267 18270 18273 18276 18279 18282 18285 18288 18291 18294 18297 18300 18303 18306 18309 18312 18315 18318 18321 18324 18327 18330 18333 18336 18339 18342 18345 18348 18351 18354 18357 18360 18363 18366 18369 18372 18375 18378 18381 18384 18387 18390 18393 18396 18399 18402 18405 18408 18411 18414 18417 18420 18423 18426 18429 18432 18435 18438 18441 18444 18447 18450 18453 18456 18459 18462 18465 18468 18471 18474 18477 18480 18483 18486 18489 18492 18495 18498 18501 18504 18507 18510 18513 18516 18519 18522 18525 18528 18531 18534 18537 18540 18543 18546 18549 18552 18555 18558 18561 18564 18567 18570 18573 18576 18579 18582 18585 18588 18591 18594 18597 18600 18603 18606 18609 18612 18615 18618 18621 18624 18627 18630 18633 18636 18639 18642 18645 18648 18651 18654 18657 18660 18663 18666 18669 18672 18675 18678 18681 18684 18687 18690 18693 18696 18699 18702 18705 18708 18711 18714 18717 18720 18723 18726 18729 18732 18735 18738 18741 18744 18747 18750 18753 18756 18759 18762 18765 18768 18771 18774 18777 18780 18783 18786 18789 18792 18795 18798 18801 18804 18807 18810 18813 18816 18819 18822 18825 18828 18831 18834 18837 18840 18843 18846 18849 18852 18855 18858 18861 18864 18867 18870 18873 18876 18879 18882 18885 18888 18891 18894 18897 18900 18903 18906 18909 18912 18915 18918 18921 18924 18927 18930 18933 18936 18939 18942 18945 18948 18951 18954 18957 18960 18963 18966 18969 18972 18975 18978 18981 18984 18987 18990 18993 18996 18999 19002 19005 19008 19011 19014 19017 19020 19023 19026 19029 19032 19035 19038 19041 19044 19047 19050 19053 19056 19059 19062 19065 19068 19071 19074 19077 19080 19083 19086 19089 19092 19095 19098 19101 19104 19107 19110 19113 19116 19119 19122 19125 19128 19131 19134 19137 19140 19143 19146 19149 19152 19155 19158 19161 19164 19167 19170 19173 19176 19179 19182 19185 19188 19191 19194 19197 19200 19203 19206 19209 19212 19215 19218 19221 19224 19227 19230 19233 19236 19239 19242 19245 19248 19251 19254 19257 19260 19263 19266 19269 19272 19275 19278 19281 19284 19287 19290 19293 19296 19299 19302 19305 19308 19311 19314 19317 19320 19323 19326 19329 19332 19335 19338 19341 19344 19347 19350 19353 19356 19359 19362 19365 19368 19371 19374 19377 19380 19383 19386 19389 19392 19395 19398 19401 19404 19407 19410 19413 19416 19419 19422 19425 19428 19431 19434 19437 19440 19443 19446 19449 19452 19455 19458 19461 19464 19467 19470 19473 19476 19479 19482 19485 19488 19491 19494 19497 19500 19503 19506 19509 19512 19515 19518 19521 19524 19527 19530 19533 19536 19539 19542 19545 19548 19551 19554 19557 19560 19563 19566 19569 19572 19575 19578 19581 19584 19587 19590 19593 19596 19599 19602 19605 19608 19611 19614 19617 19620 19623 19626 19629 19632 19635 19638 19641 19644 19647 19650 19653 19656 19659 19662 19665 19668 19671 19674 19677 19680 19683 19686 19689 19692 19695 19698 19701 19704 19707 19710 19713 19716 19719 19722 19725 19728 19731 19734 19737 19740 19743 19746 19749 19752 19755 19758 19761 19764 19767 19770 19773 19776 19779 19782 19785 19788 19791 19794 19797 19800 19803 19806 19809 19812 19815 19818 19821 19824 19827 19830 19833 19836 19839 19842 19845 19848 19851 19854 19857 19860 19863 19866 19869 19872 19875 19878 19881 19884 19887 19890 19893 19896 19899 19902 19905 19908 19911 19914 19917 19920 19923 19926 19929 19932 19935 19938 19941 19944 19947 19950 19953 19956 19959 19962 19965 19968 19971 19974 19977 19980 19983 19986 19989 19992 19995 19998 20001 20004 20007 20010 20013 20016 20019 20022 20025 20028 20031 20034 20037 20040 20043 20046 20049 20052 20055 20058 20061 20064 20067 20070 20073 20076 20079 20082 20085 20088 20091 20094 20097 20100 20103 20106 20109 20112 20115 20118 20121 20124 20127 20130 20133 20136 20139 20142 20145 20148 20151 20154 20157 20160 20163 20166 20169 20172 20175 20178 20181 20184 20187 20190 20193 20196 20199 20202 20205 20208 20211 20214 20217 20220 20223 20226 20229 20232 20235 20238 20241 20244 20247 20250 20253 20256 20259 20262 20265 20268 20271 20274 20277 20280 20283 20286 20289 20292 20295 20298 20301 20304 20307 20310 20313 20316 20319 20322 20325 20328 20331 20334 20337 20340 20343 20346 20349 20352 20355 20358 20361 20364 20367 20370 20373 20376 20379 20382 20385 20388 20391 20394 20397 20400 20403 20406 20409 20412 20415 20418 20421 20424 20427 20430 20433 20436 20439 20442 20445 20448 20451 20454 20457 20460 20463 20466 20469 20472 20475 20478 20481 20484 20487 20490 20493 20496 20499 20502 20505 20508 20511 20514 20517 20520 20523 20526 20529 20532 20535 20538 20541 20544 20547 20550 20553 20556 20559 20562 20565 20568 20571 20574 20577 20580 20583 20586 20589 20592 20595 20598 20601 20604 20607 20610 20613 20616 20619 20622 20625 20628 20631 20634 20637 20640 20643 20646 20649 20652 20655 20658 20661 20664 20667 20670 20673 20676 20679 20682 20685 20688 20691 20694 20697 20700 20703 20706 20709 20712 20715 20718 20721 20724 20727 20730 20733 20736 20739 20742 20745 20748 20751 20754 20757 20760 20763 20766 20769 20772 20775 20778 20781 20784 20787 20790 20793 20796 20799 20802 20805 20808 20811 20814 20817 20820 20823 20826 20829 20832 20835 20838 20841 20844 20847 20850 20853 20856 20859 20862 20865 20868 20871 20874 20877 20880 20883 20886 20889 20892 20895 20898 20901 20904 20907 20910 20913 20916 20919 20922 20925 20928 20931 20934 20937 20940 20943 20946 20949 20952 20955 20958 20961 20964 20967 20970 20973 20976 20979 20982 20985 20988 20991 20994 20997 21000 21003 21006 21009 21012 21015 21018 21021 21024 21027 21030 21033 21036 21039 21042 21045 21048 21051 21054 21057 21060 21063 21066 21069 21072 21075 21078 21081 21084 21087 21090 21093 21096 21099 21102 21105 21108 21111 21114 21117 21120 21123 21126 21129 21132 21135 21138 21141 21144 21147 21150 21153 21156 21159 21162 21165 21168 21171 21174 21177 21180 21183 21186 21189 21192 21195 21198 21201 21204 21207 21210 21213 21216 21219 21222 21225 21228 21231 21234 21237 21240 21243 21246 21249 21252 21255 21258 21261 21264 21267 21270 21273 21276 21279 21282 21285 21288 21291 21294 21297 21300 21303 21306 21309 21312 21315 21318 21321 21324 21327 21330 21333 21336 21339 21342 21345 21348 21351 21354 21357 21360 21363 21366 21369 21372 21375 21378 21381 21384 21387 21390 21393 21396 21399 21402 21405 21408 21411 21414 21417 21420 21423 21426 21429 21432 21435 21438 21441 21444 21447 21450 21453 21456 21459 21462 21465 21468 21471 21474 21477 21480 21483 21486 21489 21492 21495 21498 21501 21504 21507 21510 21513 21516 21519 21522 21525 21528 21531 21534 21537 21540 21543 21546 21549 21552 21555 21558 21561 21564 21567 21570 21573 21576 21579 21582 21585 21588 21591 21594 21597 21600 21603 21606 21609 21612 21615 21618 21621 21624 21627 21630 21633 21636 21639 21642 21645 21648 21651 21654 21657 21660 21663 21666 21669 21672 21675 21678 21681 21684 21687 21690 21693 21696 21699 21702 21705 21708 21711 21714 21717 21720 21723 21726 21729 21732 21735 21738 21741 21744 21747 21750 21753 21756 21759 21762 21765 21768 21771 21774 21777 21780 21783 21786 21789 21792 21795 21798 21801 21804 21807 21810 21813 21816 21819 21822 21825 21828 21831 21834 21837 21840 21843 21846 21849 21852 21855 21858 21861 21864 21867 21870 21873 21876 21879 21882 21885 21888 21891 21894 21897 21900 21903 21906 21909 21912 21915 21918 21921 21924 21927 21930 21933 21936 21939 21942 21945 21948 21951 21954 21957 21960 21963 21966 21969 21972 21975 21978 21981 21984 21987 21990 21993 21996 21999 22002 22005 22008 22011 22014 22017 22020 22023 22026 22029 22032 22035 22038 22041 22044 22047 22050 22053 22056 22059 22062 22065 22068 22071 22074 22077 22080 22083 22086 22089 22092 22095 22098 22101 22104 22107 22110 22113 22116 22119 22122 22125 22128 22131 22134 22137 22140 22143 22146 22149 22152 22155 22158 22161 22164 22167 22170 22173 22176 22179 22182 22185 22188 22191 22194 22197 22200 22203 22206 22209 22212 22215 22218 22221 22224 22227 22230 22233 22236 22239 22242 22245 22248 22251 22254 22257 22260 22263 22266 22269 22272 22275 22278 22281 22284 22287 22290 22293 22296 22299 22302 22305 22308 22311 22314 22317 22320 22323 22326 22329 22332 22335 22338 22341 22344 22347 22350 22353 22356 22359 22362 22365 22368 22371 22374 22377 22380 22383 22386 22389 22392 22395 22398 22401 22404 22407 22410 22413 22416 22419 22422 22425 22428 22431 22434 22437 22440 22443 22446 22449 22452 22455 22458 22461 22464 22467 22470 22473 22476 22479 22482 22485 22488 22491 22494 22497 22500 22503 22506 22509 22512 22515 22518 22521 22524 22527 22530 22533 22536 22539 22542 22545 22548 22551 22554 22557 22560 22563 22566 22569 22572 22575 22578 22581 22584 22587 22590 22593 22596 22599 22602 22605 22608 22611 22614 22617 22620 22623 22626 22629 22632 22635 22638 22641 22644 22647 22650 22653 22656 22659 22662 22665 22668 22671 22674 22677 22680 22683 22686 22689 22692 22695 22698 22701 22704 22707 22710 22713 22716 22719 22722 22725 22728 22731 22734 22737 22740 22743 22746 22749 22752 22755 22758 22761 22764 22767 22770 22773 22776 22779 22782 22785 22788 22791 22794 22797 22800 22803 22806 22809 22812 22815 22818 22821 22824 22827 22830 22833 22836 22839 22842 22845 22848 22851 22854 22857 22860 22863 22866 22869 22872 22875 22878 22881 22884 22887 22890 22893 22896 22899 22902 22905 22908 22911 22914 22917 22920 22923 22926 22929 22932 22935 22938 22941 22944 22947 22950 22953 22956 22959 22962 22965 22968 22971 22974 22977 22980 22983 22986 22989 22992 22995 22998 23001 23004 23007 23010 23013 23016 23019 23022 23025 23028 23031 23034 23037 23040 23043 23046 23049 23052 23055 23058 23061 23064 23067 23070 23073 23076 23079 23082 23085 23088 23091 23094 23097 23100 23103 23106 23109 23112 23115 23118 23121 23124 23127 23130 23133 23136 23139 23142 23145 23148 23151 23154 23157 23160 23163 23166 23169 23172 23175 23178 23181 23184 23187 23190 23193 23196 23199 23202 23205 23208 23211 23214 23217 23220 23223 23226 23229 23232 23235 23238 23241 23244 23247 23250 23253 23256 23259 23262 23265 23268 23271 23274 23277 23280 23283 23286 23289 23292 23295 23298 23301 23304 23307 23310 23313 23316 23319 23322 23325 23328 23331 23334 23337 23340 23343 23346 23349 23352 23355 23358 23361 23364 23367 23370 23373 23376 23379 23382 23385 23388 23391 23394 23397 23400 23403 23406 23409 23412 23415 23418 23421 23424 23427 23430 23433 23436 23439 23442 23445 23448 23451 23454 23457 23460 23463 23466 23469 23472 23475 23478 23481 23484 23487 23490 23493 23496 23499 23502 23505 23508 23511 23514 23517 23520 23523 23526 23529 23532 23535 23538 23541 23544 23547 23550 23553 23556 23559 23562 23565 23568 23571 23574 23577 23580 23583 23586 23589 23592 23595 23598 23601 23604 23607 23610 23613 23616 23619 23622 23625 23628 23631 23634 23637 23640 23643 23646 23649 23652 23655 23658 23661 23664 23667 23670 23673 23676 23679 23682 23685 23688 23691 23694 23697 23700 23703 23706 23709 23712 23715 23718 23721 23724 23727 23730 23733 23736 23739 23742 23745 23748 23751 23754 23757 23760 23763 23766 23769 23772 23775 23778 23781 23784 23787 23790 23793 23796 23799 23802 23805 23808 23811 23814 23817 23820 23823 23826 23829 23832 23835 23838 23841 23844 23847 23850 23853 23856 23859 23862 23865 23868 23871 23874 23877 23880 23883 23886 23889 23892 23895 23898 23901 23904 23907 23910 23913 23916 23919 23922 23925 23928 23931 23934 23937 23940 23943 23946 23949 23952 23955 23958 23961 23964 23967 23970 23973 23976 23979 23982 23985 23988 23991 23994 23997 24000 24003 24006 24009 24012 24015 24018 24021 24024 24027 24030 24033 24036 24039 24042 24045 24048 24051 24054 24057 24060 24063 24066 24069 24072 24075 24078 24081 24084 24087 24090 24093 24096 24099 24102 24105 24108 24111 24114 24117 24120 24123 24126 24129 24132 24135 24138 24141 24144 24147 24150 24153 24156 24159 24162 24165 24168 24171 24174 24177 24180 24183 24186 24189 24192 24195 24198 24201 24204 24207 24210 24213 24216 24219 24222 24225 24228 24231 24234 24237 24240 24243 24246 24249 24252 24255 24258 24261 24264 24267 24270 24273 24276 24279 24282 24285 24288 24291 24294 24297 24300 24303 24306 24309 24312 24315 24318 24321 24324 24327 24330 24333 24336 24339 24342 24345 24348 24351 24354 24357 24360 24363 24366 24369 24372 24375 24378 24381 24384 24387 24390 24393 24396 24399 24402 24405 24408 24411 24414 24417 24420 24423 24426 24429 24432 24435 24438 24441 24444 24447 24450 24453 24456 24459 24462 24465 24468 24471 24474 24477 24480 24483 24486 24489 24492 24495 24498 24501 24504 24507 24510 24513 24516 24519 24522 24525 24528 24531 24534 24537 24540 24543 24546 24549 24552 24555 24558 24561 24564 24567 24570 24573 24576 24579 24582 24585 24588 24591 24594 24597 24600 24603 24606 24609 24612 24615 24618 24621 24624 24627 24630 24633 24636 24639 24642 24645 24648 24651 24654 24657 24660 24663 24666 24669 24672 24675 24678 24681 24684 24687 24690 24693 24696 24699 24702 24705 24708 24711 24714 24717 24720 24723 24726 24729 24732 24735 24738 24741 24744 24747 24750 24753 24756 24759 24762 24765 24768 24771 24774 24777 24780 24783 24786 24789 24792 24795 24798 24801 24804 24807 24810 24813 24816 24819 24822 24825 24828 24831 24834 24837 24840 24843 24846 24849 24852 24855 24858 24861 24864 24867 24870 24873 24876 24879 24882 24885 24888 24891 24894 24897 24900 24903 24906 24909 24912 24915 24918 24921 24924 24927 24930 24933 24936 24939 24942 24945 24948 24951 24954 24957 24960 24963 24966 24969 24972 24975 24978 24981 24984 24987 24990 24993 24996 24999 25002 25005 25008 25011 25014 25017 25020 25023 25026 25029 25032 25035 25038 25041 25044 25047 25050 25053 25056 25059 25062 25065 25068 25071 25074 25077 25080 25083 25086 25089 25092 25095 25098 25101 25104 25107 25110 25113 25116 25119 25122 25125 25128 25131 25134 25137 25140 25143 25146 25149 25152 25155 25158 25161 25164 25167 25170 25173 25176 25179 25182 25185 25188 25191 25194 25197 25200 25203 25206 25209 25212 25215 25218 25221 25224 25227 25230 25233 25236 25239 25242 25245 25248 25251 25254 25257 25260 25263 25266 25269 25272 25275 25278 25281 25284 25287 25290 25293 25296 25299 25302 25305 25308 25311 25314 25317 25320 25323 25326 25329 25332 25335 25338 25341 25344 25347 25350 25353 25356 25359 25362 25365 25368 25371 25374 25377 25380 25383 25386 25389 25392 25395 25398 25401 25404 25407 25410 25413 25416 25419 25422 25425 25428 25431 25434 25437 25440 25443 25446 25449 25452 25455 25458 25461 25464 25467 25470 25473 25476 25479 25482 25485 25488 25491 25494 25497 25500 25503 25506 25509 25512 25515 25518 25521 25524 25527 25530 25533 25536 25539 25542 25545 25548 25551 25554 25557 25560 25563 25566 25569 25572 25575 25578 25581 25584 25587 25590 25593 25596 25599 25602 25605 25608 25611 25614 25617 25620 25623 25626 25629 25632 25635 25638 25641 25644 25647 25650 25653 25656 25659 25662 25665 25668 25671 25674 25677 25680 25683 25686 25689 25692 25695 25698 25701 25704 25707 25710 25713 25716 25719 25722 25725 25728 25731 25734 25737 25740 25743 25746 25749 25752 25755 25758 25761 25764 25767 25770 25773 25776 25779 25782 25785 25788 25791 25794 25797 25800 25803 25806 25809 25812 25815 25818 25821 25824 25827 25830 25833 25836 25839 25842 25845 25848 25851 25854 25857 25860 25863 25866 25869 25872 25875 25878 25881 25884 25887 25890 25893 25896 25899 25902 25905 25908 25911 25914 25917 25920 25923 25926 25929 25932 25935 25938 25941 25944 25947 25950 25953 25956 25959 25962 25965 25968 25971 25974 25977 25980 25983 25986 25989 25992 25995 25998 26001 26004 26007 26010 26013 26016 26019 26022 26025 26028 26031 26034 26037 26040 26043 26046 26049 26052 26055 26058 26061 26064 26067 26070 26073 26076 26079 26082 26085 26088 26091 26094 26097 26100 26103 26106 26109 26112 26115 26118 26121 26124 26127 26130 26133 26136 26139 26142 26145 26148 26151 26154 26157 26160 26163 26166 26169 26172 26175 26178 26181 26184 26187 26190 26193 26196 26199 26202 26205 26208 26211 26214 26217 26220 26223 26226 26229 26232 26235 26238 26241 26244 26247 26250 26253 26256 26259 26262 26265 26268 26271 26274 26277 26280 26283 26286 26289 26292 26295 26298 26301 26304 26307 26310 26313 26316 26319 26322 26325 26328 26331 26334 26337 26340 26343 26346 26349 26352 26355 26358 26361 26364 26367 26370 26373 26376 26379 26382 26385 26388 26391 26394 26397 26400 26403 26406 26409 26412 26415 26418 26421 26424 26427 26430 26433 26436 26439 26442 26445 26448 26451 26454 26457 26460 26463 26466 26469 26472 26475 26478 26481 26484 26487 26490 26493 26496 26499 26502 26505 26508 26511 26514 26517 26520 26523 26526 26529 26532 26535 26538 26541 26544 26547 26550 26553 26556 26559 26562 26565 26568 26571 26574 26577 26580 26583 26586 26589 26592 26595 26598 26601 26604 26607 26610 26613 26616 26619 26622 26625 26628 26631 26634 26637 26640 26643 26646 26649 26652 26655 26658 26661 26664 26667 26670 26673 26676 26679 26682 26685 26688 26691 26694 26697 26700 26703 26706 26709 26712 26715 26718 26721 26724 26727 26730 26733 26736 26739 26742 26745 26748 26751 26754 26757 26760 26763 26766 26769 26772 26775 26778 26781 26784 26787 26790 26793 26796 26799 26802 26805 26808 26811 26814 26817 26820 26823 26826 26829 26832 26835 26838 26841 26844 26847 26850 26853 26856 26859 26862 26865 26868 26871 26874 26877 26880 26883 26886 26889 26892 26895 26898 26901 26904 26907 26910 26913 26916 26919 26922 26925 26928 26931 26934 26937 26940 26943 26946 26949 26952 26955 26958 26961 26964 26967 26970 26973 26976 26979 26982 26985 26988 26991 26994 26997 27000 27003 27006 27009 27012 27015 27018 27021 27024 27027 27030 27033 27036 27039 27042 27045 27048 27051 27054 27057 27060 27063 27066 27069 27072 27075 27078 27081 27084 27087 27090 27093 27096 27099 27102 27105 27108 27111 27114 27117 27120 27123 27126 27129 27132 27135 27138 27141 27144 27147 27150 27153 27156 27159 27162 27165 27168 27171 27174 27177 27180 27183 27186 27189 27192 27195 27198 27201 27204 27207 27210 27213 27216 27219 27222 27225 27228 27231 27234 27237 27240 27243 27246 27249 27252 27255 27258 27261 27264 27267 27270 27273 27276 27279 27282 27285 27288 27291 27294 27297 27300 27303 27306 27309 27312 27315 27318 27321 27324 27327 27330 27333 27336 27339 27342 27345 27348 27351 27354 27357 27360 27363 27366 27369 27372 27375 27378 27381 27384 27387 27390 27393 27396 27399 27402 27405 27408 27411 27414 27417 27420 27423 27426 27429 27432 27435 27438 27441 27444 27447 27450 27453 27456 27459 27462 27465 27468 27471 27474 27477 27480 27483 27486 27489 27492 27495 27498 27501 27504 27507 27510 27513 27516 27519 27522 27525 27528 27531 27534 27537 27540 27543 27546 27549 27552 27555 27558 27561 27564 27567 27570 27573 27576 27579 27582 27585 27588 27591 27594 27597 27600 27603 27606 27609 27612 27615 27618 27621 27624 27627 27630 27633 27636 27639 27642 27645 27648 27651 27654 27657 27660 27663 27666 27669 27672 27675 27678 27681 27684 27687 27690 27693 27696 27699 27702 27705 27708 27711 27714 27717 27720 27723 27726 27729 27732 27735 27738 27741 27744 27747 27750 27753 27756 27759 27762 27765 27768 27771 27774 27777 27780 27783 27786 27789 27792 27795 27798 27801 27804 27807 27810 27813 27816 27819 27822 27825 27828 27831 27834 27837 27840 27843 27846 27849 27852 27855 27858 27861 27864 27867 27870 27873 27876 27879 27882 27885 27888 27891 27894 27897 27900 27903 27906 27909 27912 27915 27918 27921 27924 27927 27930 27933 27936 27939 27942 27945 27948 27951 27954 27957 27960 27963 27966 27969 27972 27975 27978 27981 27984 27987 27990 27993 27996 27999 28002 28005 28008 28011 28014 28017 28020 28023 28026 28029 28032 28035 28038 28041 28044 28047 28050 28053 28056 28059 28062 28065 28068 28071 28074 28077 28080 28083 28086 28089 28092 28095 28098 28101 28104 28107 28110 28113 28116 28119 28122 28125 28128 28131 28134 28137 28140 28143 28146 28149 28152 28155 28158 28161 28164 28167 28170 28173 28176 28179 28182 28185 28188 28191 28194 28197 28200 28203 28206 28209 28212 28215 28218 28221 28224 28227 28230 28233 28236 28239 28242 28245 28248 28251 28254 28257 28260 28263 28266 28269 28272 28275 28278 28281 28284 28287 28290 28293 28296 28299 28302 28305 28308 28311 28314 28317 28320 28323 28326 28329 28332 28335 28338 28341 28344 28347 28350 28353 28356 28359 28362 28365 28368 28371 28374 28377 28380 28383 28386 28389 28392 28395 28398 28401 28404 28407 28410 28413 28416 28419 28422 28425 28428 28431 28434 28437 28440 28443 28446 28449 28452 28455 28458 28461 28464 28467 28470 28473 28476 28479 28482 28485 28488 28491 28494 28497 28500 28503 28506 28509 28512 28515 28518 28521 28524 28527 28530 28533 28536 28539 28542 28545 28548 28551 28554 28557 28560 28563 28566 28569 28572 28575 28578 28581 28584 28587 28590 28593 28596 28599 28602 28605 28608 28611 28614 28617 28620 28623 28626 28629 28632 28635 28638 28641 28644 28647 28650 28653 28656 28659 28662 28665 28668 28671 28674 28677 28680 28683 28686 28689 28692 28695 28698 28701 28704 28707 28710 28713 28716 28719 28722 28725 28728 28731 28734 28737 28740 28743 28746 28749 28752 28755 28758 28761 28764 28767 28770 28773 28776 28779 28782 28785 28788 28791 28794 28797 28800 28803 28806 28809 28812 28815 28818 28821 28824 28827 28830 28833 28836 28839 28842 28845 28848 28851 28854 28857 28860 28863 28866 28869 28872 28875 28878 28881 28884 28887 28890 28893 28896 28899 28902 28905 28908 28911 28914 28917 28920 28923 28926 28929 28932 28935 28938 28941 28944 28947 28950 28953 28956 28959 28962 28965 28968 28971 28974 28977 28980 28983 28986 28989 28992 28995 28998 29001 29004 29007 29010 29013 29016 29019 29022 29025 29028 29031 29034 29037 29040 29043 29046 29049 29052 29055 29058 29061 29064 29067 29070 29073 29076 29079 29082 29085 29088 29091 29094 29097 29100 29103 29106 29109 29112 29115 29118 29121 29124 29127 29130 29133 29136 29139 29142 29145 29148 29151 29154 29157 29160 29163 29166 29169 29172 29175 29178 29181 29184 29187 29190 29193 29196 29199 29202 29205 29208 29211 29214 29217 29220 29223 29226 29229 29232 29235 29238 29241 29244 29247 29250 29253 29256 29259 29262 29265 29268 29271 29274 29277 29280 29283 29286 29289 29292 29295 29298 29301 29304 29307 29310 29313 29316 29319 29322 29325 29328 29331 29334 29337 29340 29343 29346 29349 29352 29355 29358 29361 29364 29367 29370 29373 29376 29379 29382 29385 29388 29391 29394 29397 29400 29403 29406 29409 29412 29415 29418 29421 29424 29427 29430 29433 29436 29439 29442 29445 29448 29451 29454 29457 29460 29463 29466 29469 29472 29475 29478 29481 29484 29487 29490 29493 29496 29499 29502 29505 29508 29511 29514 29517 29520 29523 29526 29529 29532 29535 29538 29541 29544 29547 29550 29553 29556 29559 29562 29565 29568 29571 29574 29577 29580 29583 29586 29589 29592 29595 29598 29601 29604 29607 29610 29613 29616 29619 29622 29625 29628 29631 29634 29637 29640 29643 29646 29649 29652 29655 29658 29661 29664 29667 29670 29673 29676 29679 29682 29685 29688 29691 29694 29697 29700 29703 29706 29709 29712 29715 29718 29721 29724 29727 29730 29733 29736 29739 29742 29745 29748 29751 29754 29757 29760 29763 29766 29769 29772 29775 29778 29781 29784 29787 29790 29793 29796 29799 29802 29805 29808 29811 29814 29817 29820 29823 29826 29829 29832 29835 29838 29841 29844 29847 29850 29853 29856 29859 29862 29865 29868 29871 29874 29877 29880 29883 29886 29889 29892 29895 29898 29901 29904 29907 29910 29913 29916 29919 29922 29925 29928 29931 29934 29937 29940 29943 29946 29949 29952 29955 29958 29961 29964 29967 29970 29973 29976 29979 29982 29985 29988 29991 29994 29997 30000 30003 30006 30009 30012 30015 30018 30021 30024 30027 30030 30033 30036 30039 30042 30045 30048 30051 30054 30057 30060 30063 30066 30069 30072 30075 30078 30081 30084 30087 30090 30093 30096 30099 30102 30105 30108 30111 30114 30117 30120 30123 30126 30129 30132 30135 30138 30141 30144 30147 30150 30153 30156 30159 30162 30165 30168 30171 30174 30177 30180 30183 30186 30189 30192 30195 30198 30201 30204 30207 30210 30213 30216 30219 30222 30225 30228 30231 30234 30237 30240 30243 30246 30249 30252 30255 30258 30261 30264 30267 30270 30273 30276 30279 30282 30285 30288 30291 30294 30297 30300 30303 30306 30309 30312 30315 30318 30321 30324 30327 30330 30333 30336 30339 30342 30345 30348 30351 30354 30357 30360 30363 30366 30369 30372 30375 30378 30381 30384 30387 30390 30393 30396 30399 30402 30405 30408 30411 30414 30417 30420 30423 30426 30429 30432 30435 30438 30441 30444 30447 30450 30453 30456 30459 30462 30465 30468 30471 30474 30477 30480 30483 30486 30489 30492 30495 30498 30501 30504 30507 30510 30513 30516 30519 30522 30525 30528 30531 30534 30537 30540 30543 30546 30549 30552 30555 30558 30561 30564 30567 30570 30573 30576 30579 30582 30585 30588 30591 30594 30597 30600 30603 30606 30609 30612 30615 30618 30621 30624 30627 30630 30633 30636 30639 30642 30645 30648 30651 30654 30657 30660 30663 30666 30669 30672 30675 30678 30681 30684 30687 30690 30693 30696 30699 30702 30705 30708 30711 30714 30717 30720 30723 30726 30729 30732 30735 30738 30741 30744 30747 30750 30753 30756 30759 30762 30765 30768 30771 30774 30777 30780 30783 30786 30789 30792 30795 30798 30801 30804 30807 30810 30813 30816 30819 30822 30825 30828 30831 30834 30837 30840 30843 30846 30849 30852 30855 30858 30861 30864 30867 30870 30873 30876 30879 30882 30885 30888 30891 30894 30897 30900 30903 30906 30909 30912 30915 30918 30921 30924 30927 30930 30933 30936 30939 30942 30945 30948 30951 30954 30957 30960 30963 30966 30969 30972 30975 30978 30981 30984 30987 30990 30993 30996 30999 31002 31005 31008 31011 31014 31017 31020 31023 31026 31029 31032 31035 31038 31041 31044 31047 31050 31053 31056 31059 31062 31065 31068 31071 31074 31077 31080 31083 31086 31089 31092 31095 31098 31101 31104 31107 31110 31113 31116 31119 31122 31125 31128 31131 31134 31137 31140 31143 31146 31149 31152 31155 31158 31161 31164 31167 31170 31173 31176 31179 31182 31185 31188 31191 31194 31197 31200 31203 31206 31209 31212 31215 31218 31221 31224 31227 31230 31233 31236 31239 31242 31245 31248 31251 31254 31257 31260 31263 31266 31269 31272 31275 31278 31281 31284 31287 31290 31293 31296 31299 31302 31305 31308 31311 31314 31317 31320 31323 31326 31329 31332 31335 31338 31341 31344 31347 31350 31353 31356 31359 31362 31365 31368 31371 31374 31377 31380 31383 31386 31389 31392 31395 31398 31401 31404 31407 31410 31413 31416 31419 31422 31425 31428 31431 31434 31437 31440 31443 31446 31449 31452 31455 31458 31461 31464 31467 31470 31473 31476 31479 31482 31485 31488 31491 31494 31497 31500 31503 31506 31509 31512 31515 31518 31521 31524 31527 31530 31533 31536 31539 31542 31545 31548 31551 31554 31557 31560 31563 31566 31569 31572 31575 31578 31581 31584 31587 31590 31593 31596 31599 31602 31605 31608 31611 31614 31617 31620 31623 31626 31629 31632 31635 31638 31641 31644 31647 31650 31653 31656 31659 31662 31665 31668 31671 31674 31677 31680 31683 31686 31689 31692 31695 31698 31701 31704 31707 31710 31713 31716 31719 31722 31725 31728 31731 31734 31737 31740 31743 31746 31749 31752 31755 31758 31761 31764 31767 31770 31773 31776 31779 31782 31785 31788 31791 31794 31797 31800 31803 31806 31809 31812 31815 31818 31821 31824 31827 31830 31833 31836 31839 31842 31845 31848 31851 31854 31857 31860 31863 31866 31869 31872 31875 31878 31881 31884 31887 31890 31893 31896 31899 31902 31905 31908 31911 31914 31917 31920 31923 31926 31929 31932 31935 31938 31941 31944 31947 31950 31953 31956 31959 31962 31965 31968 31971 31974 31977 31980 31983 31986 31989 31992 31995 31998 32001 32004 32007 32010 32013 32016 32019 32022 32025 32028 32031 32034 32037 32040 32043 32046 32049 32052 32055 32058 32061 32064 32067 32070 32073 32076 32079 32082 32085 32088 32091 32094 32097 32100 32103 32106 32109 32112 32115 32118 32121 32124 32127 32130 32133 32136 32139 32142 32145 32148 32151 32154 32157 32160 32163 32166 32169 32172 32175 32178 32181 32184 32187 32190 32193 32196 32199 32202 32205 32208 32211 32214 32217 32220 32223 32226 32229 32232 32235 32238 32241 32244 32247 32250 32253 32256 32259 32262 32265 32268 32271 32274 32277 32280 32283 32286 32289 32292 32295 32298 32301 32304 32307 32310 32313 32316 32319 32322 32325 32328 32331 32334 32337 32340 32343 32346 32349 32352 32355 32358 32361 32364 32367 32370 32373 32376 32379 32382 32385 32388 32391 32394 32397 32400 32403 32406 32409 32412 32415 32418 32421 32424 32427 32430 32433 32436 32439 32442 32445 32448 32451 32454 32457 32460 32463 32466 32469 32472 32475 32478 32481 32484 32487 32490 32493 32496 32499 32502 32505 32508 32511 32514 32517 32520 32523 32526 32529 32532 32535 32538 32541 32544 32547 32550 32553 32556 32559 32562 32565 32568 32571 32574 32577 32580 32583 32586 32589 32592 32595 32598 32601 32604 32607 32610 32613 32616 32619 32622 32625 32628 32631 32634 32637 32640 32643 32646 32649 32652 32655 32658 32661 32664 32667 32670 32673 32676 32679 32682 32685 32688 32691 32694 32697 32700 32703 32706 32709 32712 32715 32718 32721 32724 32727 32730 32733 32736 32739 32742 32745 32748 32751 32754 32757 32760 32763 32766 32769 32772 32775 32778 32781 32784 32787 32790 32793 32796 32799 32802 32805 32808 32811 32814 32817 32820 32823 32826 32829 32832 32835 32838 32841 32844 32847 32850 32853 32856 32859 32862 32865 32868 32871 32874 32877 32880 32883 32886 32889 32892 32895 32898 32901 32904 32907 32910 32913 32916 32919 32922 32925 32928 32931 32934 32937 32940 32943 32946 32949 32952 32955 32958 32961 32964 32967 32970 32973 32976 32979 32982 32985 32988 32991 32994 32997 33000 33003 33006 33009 33012 33015 33018 33021 33024 33027 33030 33033 33036 33039 33042 33045 33048 33051 33054 33057 33060 33063 33066 33069 33072 33075 33078 33081 33084 33087 33090 33093 33096 33099 33102 33105 33108 33111 33114 33117 33120 33123 33126 33129 33132 33135 33138 33141 33144 33147 33150 33153 33156 33159 33162 33165 33168 33171 33174 33177 33180 33183 33186 33189 33192 33195 33198 33201 33204 33207 33210 33213 33216 33219 33222 33225 33228 33231 33234 33237 33240 33243 33246 33249 33252 33255 33258 33261 33264 33267 33270 33273 33276 33279 33282 33285 33288 33291 33294 33297 33300 33303 33306 33309 33312 33315 33318 33321 33324 33327 33330 33333 33336 33339 33342 33345 33348 33351 33354 33357 33360 33363 33366 33369 33372 33375 33378 33381 33384 33387 33390 33393 33396 33399 33402 33405 33408 33411 33414 33417 33420 33423 33426 33429 33432 33435 33438 33441 33444 33447 33450 33453 33456 33459 33462 33465 33468 33471 33474 33477 33480 33483 33486 33489 33492 33495 33498 33501 33504 33507 33510 33513 33516 33519 33522 33525 33528 33531 33534 33537 33540 33543 33546 33549 33552 33555 33558 33561 33564 33567 33570 33573 33576 33579 33582 33585 33588 33591 33594 33597 33600 33603 33606 33609 33612 33615 33618 33621 33624 33627 33630 33633 33636 33639 33642 33645 33648 33651 33654 33657 33660 33663 33666 33669 33672 33675 33678 33681 33684 33687 33690 33693 33696 33699 33702 33705 33708 33711 33714 33717 33720 33723 33726 33729 33732 33735 33738 33741 33744 33747 33750 33753 33756 33759 33762 33765 33768 33771 33774 33777 33780 33783 33786 33789 33792 33795 33798 33801 33804 33807 33810 33813 33816 33819 33822 33825 33828 33831 33834 33837 33840 33843 33846 33849 33852 33855 33858 33861 33864 33867 33870 33873 33876 33879 33882 33885 33888 33891 33894 33897 33900 33903 33906 33909 33912 33915 33918 33921 33924 33927 33930 33933 33936 33939 33942 33945 33948 33951 33954 33957 33960 33963 33966 33969 33972 33975 33978 33981 33984 33987 33990 33993 33996 33999 34002 34005 34008 34011 34014 34017 34020 34023 34026 34029 34032 34035 34038 34041 34044 34047 34050 34053 34056 34059 34062 34065 34068 34071 34074 34077 34080 34083 34086 34089 34092 34095 34098 34101 34104 34107 34110 34113 34116 34119 34122 34125 34128 34131 34134 34137 34140 34143 34146 34149 34152 34155 34158 34161 34164 34167 34170 34173 34176 34179 34182 34185 34188 34191 34194 34197 34200 34203 34206 34209 34212 34215 34218 34221 34224 34227 34230 34233 34236 34239 34242 34245 34248 34251 34254 34257 34260 34263 34266 34269 34272 34275 34278 34281 34284 34287 34290 34293 34296 34299 34302 34305 34308 34311 34314 34317 34320 34323 34326 34329 34332 34335 34338 34341 34344 34347 34350 34353 34356 34359 34362 34365 34368 34371 34374 34377 34380 34383 34386 34389 34392 34395 34398 34401 34404 34407 34410 34413 34416 34419 34422 34425 34428 34431 34434 34437 34440 34443 34446 34449 34452 34455 34458 34461 34464 34467 34470 34473 34476 34479 34482 34485 34488 34491 34494 34497 34500 34503 34506 34509 34512 34515 34518 34521 34524 34527 34530 34533 34536 34539 34542 34545 34548 34551 34554 34557 34560 34563 34566 34569 34572 34575 34578 34581 34584 34587 34590 34593 34596 34599 34602 34605 34608 34611 34614 34617 34620 34623 34626 34629 34632 34635 34638 34641 34644 34647 34650 34653 34656 34659 34662 34665 34668 34671 34674 34677 34680 34683 34686 34689 34692 34695 34698 34701 34704 34707 34710 34713 34716 34719 34722 34725 34728 34731 34734 34737 34740 34743 34746 34749 34752 34755 34758 34761 34764 34767 34770 34773 34776 34779 34782 34785 34788 34791 34794 34797 34800 34803 34806 34809 34812 34815 34818 34821 34824 34827 34830 34833 34836 34839 34842 34845 34848 34851 34854 34857 34860 34863 34866 34869 34872 34875 34878 34881 34884 34887 34890 34893 34896 34899 34902 34905 34908 34911 34914 34917 34920 34923 34926 34929 34932 34935 34938 34941 34944 34947 34950 34953 34956 34959 34962 34965 34968 34971 34974 34977 34980 34983 34986 34989 34992 34995 34998 35001 35004 35007 35010 35013 35016 35019 35022 35025 35028 35031 35034 35037 35040 35043 35046 35049 35052 35055 35058 35061 35064 35067 35070 35073 35076 35079 35082 35085 35088 35091 35094 35097 35100 35103 35106 35109 35112 35115 35118 35121 35124 35127 35130 35133 35136 35139 35142 35145 35148 35151 35154 35157 35160 35163 35166 35169 35172 35175 35178 35181 35184 35187 35190 35193 35196 35199 35202 35205 35208 35211 35214 35217 35220 35223 35226 35229 35232 35235 35238 35241 35244 35247 35250 35253 35256 35259 35262 35265 35268 35271 35274 35277 35280 35283 35286 35289 35292 35295 35298 35301 35304 35307 35310 35313 35316 35319 35322 35325 35328 35331 35334 35337 35340 35343 35346 35349 35352 35355 35358 35361 35364 35367 35370 35373 35376 35379 35382 35385 35388 35391 35394 35397 35400 35403 35406 35409 35412 35415 35418 35421 35424 35427 35430 35433 35436 35439 35442 35445 35448 35451 35454 35457 35460 35463 35466 35469 35472 35475 35478 35481 35484 35487 35490 35493 35496 35499 35502 35505 35508 35511 35514 35517 35520 35523 35526 35529 35532 35535 35538 35541 35544 35547 35550 35553 35556 35559 35562 35565 35568 35571 35574 35577 35580 35583 35586 35589 35592 35595 35598 35601 35604 35607 35610 35613 35616 35619 35622 35625 35628 35631 35634 35637 35640 35643 35646 35649 35652 35655 35658 35661 35664 35667 35670 35673 35676 35679 35682 35685 35688 35691 35694 35697 35700 35703 35706 35709 35712 35715 35718 35721 35724 35727 35730 35733 35736 35739 35742 35745 35748 35751 35754 35757 35760 35763 35766 35769 35772 35775 35778 35781 35784 35787 35790 35793 35796 35799 35802 35805 35808 35811 35814 35817 35820 35823 35826 35829 35832 35835 35838 35841 35844 35847 35850 35853 35856 35859 35862 35865 35868 35871 35874 35877 35880 35883 35886 35889 35892 35895 35898 35901 35904 35907 35910 35913 35916 35919 35922 35925 35928 35931 35934 35937 35940 35943 35946 35949 35952 35955 35958 35961 35964 35967 35970 35973 35976 35979 35982 35985 35988 35991 35994 35997 36000 36003 36006 36009 36012 36015 36018 36021 36024 36027 36030 36033 36036 36039 36042 36045 36048 36051 36054 36057 36060 36063 36066 36069 36072 36075 36078 36081 36084 36087 36090 36093 36096 36099 36102 36105 36108 36111 36114 36117 36120 36123 36126 36129 36132 36135 36138 36141 36144 36147 36150 36153 36156 36159 36162 36165 36168 36171 36174 36177 36180 36183 36186 36189 36192 36195 36198 36201 36204 36207 36210 36213 36216 36219 36222 36225 36228 36231 36234 36237 36240 36243 36246 36249 36252 36255 36258 36261 36264 36267 36270 36273 36276 36279 36282 36285 36288 36291 36294 36297 36300 36303 36306 36309 36312 36315 36318 36321 36324 36327 36330 36333 36336 36339 36342 36345 36348 36351 36354 36357 36360 36363 36366 36369 36372 36375 36378 36381 36384 36387 36390 36393 36396 36399 36402 36405 36408 36411 36414 36417 36420 36423 36426 36429 36432 36435 36438 36441 36444 36447 36450 36453 36456 36459 36462 36465 36468 36471 36474 36477 36480 36483 36486 36489 36492 36495 36498 36501 36504 36507 36510 36513 36516 36519 36522 36525 36528 36531 36534 36537 36540 36543 36546 36549 36552 36555 36558 36561 36564 36567 36570 36573 36576 36579 36582 36585 36588 36591 36594 36597 36600 36603 36606 36609 36612 36615 36618 36621 36624 36627 36630 36633 36636 36639 36642 36645 36648 36651 36654 36657 36660 36663 36666 36669 36672 36675 36678 36681 36684 36687 36690 36693 36696 36699 36702 36705 36708 36711 36714 36717 36720 36723 36726 36729 36732 36735 36738 36741 36744 36747 36750 36753 36756 36759 36762 36765 36768 36771 36774 36777 36780 36783 36786 36789 36792 36795 36798 36801 36804 36807 36810 36813 36816 36819 36822 36825 36828 36831 36834 36837 36840 36843 36846 36849 36852 36855 36858 36861 36864 36867 36870 36873 36876 36879 36882 36885 36888 36891 36894 36897 36900 36903 36906 36909 36912 36915 36918 36921 36924 36927 36930 36933 36936 36939 36942 36945 36948 36951 36954 36957 36960 36963 36966 36969 36972 36975 36978 36981 36984 36987 36990 36993 36996 36999 37002 37005 37008 37011 37014 37017 37020 37023 37026 37029 37032 37035 37038 37041 37044 37047 37050 37053 37056 37059 37062 37065 37068 37071 37074 37077 37080 37083 37086 37089 37092 37095 37098 37101 37104 37107 37110 37113 37116 37119 37122 37125 37128 37131 37134 37137 37140 37143 37146 37149 37152 37155 37158 37161 37164 37167 37170 37173 37176 37179 37182 37185 37188 37191 37194 37197 37200 37203 37206 37209 37212 37215 37218 37221 37224 37227 37230 37233 37236 37239 37242 37245 37248 37251 37254 37257 37260 37263 37266 37269 37272 37275 37278 37281 37284 37287 37290 37293 37296 37299 37302 37305 37308 37311 37314 37317 37320 37323 37326 37329 37332 37335 37338 37341 37344 37347 37350 37353 37356 37359 37362 37365 37368 37371 37374 37377 37380 37383 37386 37389 37392 37395 37398 37401 37404 37407 37410 37413 37416 37419 37422 37425 37428 37431 37434 37437 37440 37443 37446 37449 37452 37455 37458 37461 37464 37467 37470 37473 37476 37479 37482 37485 37488 37491 37494 37497 37500 37503 37506 37509 37512 37515 37518 37521 37524 37527 37530 37533 37536 37539 37542 37545 37548 37551 37554 37557 37560 37563 37566 37569 37572 37575 37578 37581 37584 37587 37590 37593 37596 37599 37602 37605 37608 37611 37614 37617 37620 37623 37626 37629 37632 37635 37638 37641 37644 37647 37650 37653 37656 37659 37662 37665 37668 37671 37674 37677 37680 37683 37686 37689 37692 37695 37698 37701 37704 37707 37710 37713 37716 37719 37722 37725 37728 37731 37734 37737 37740 37743 37746 37749 37752 37755 37758 37761 37764 37767 37770 37773 37776 37779 37782 37785 37788 37791 37794 37797 37800 37803 37806 37809 37812 37815 37818 37821 37824 37827 37830 37833 37836 37839 37842 37845 37848 37851 37854 37857 37860 37863 37866 37869 37872 37875 37878 37881 37884 37887 37890 37893 37896 37899 37902 37905 37908 37911 37914 37917 37920 37923 37926 37929 37932 37935 37938 37941 37944 37947 37950 37953 37956 37959 37962 37965 37968 37971 37974 37977 37980 37983 37986 37989 37992 37995 37998 38001 38004 38007 38010 38013 38016 38019 38022 38025 38028 38031 38034 38037 38040 38043 38046 38049 38052 38055 38058 38061 38064 38067 38070 38073 38076 38079 38082 38085 38088 38091 38094 38097 38100 38103 38106 38109 38112 38115 38118 38121 38124 38127 38130 38133 38136 38139 38142 38145 38148 38151 38154 38157 38160 38163 38166 38169 38172 38175 38178 38181 38184 38187 38190 38193 38196 38199 38202 38205 38208 38211 38214 38217 38220 38223 38226 38229 38232 38235 38238 38241 38244 38247 38250 38253 38256 38259 38262 38265 38268 38271 38274 38277 38280 38283 38286 38289 38292 38295 38298 38301 38304 38307 38310 38313 38316 38319 38322 38325 38328 38331 38334 38337 38340 38343 38346 38349 38352 38355 38358 38361 38364 38367 38370 38373 38376 38379 38382 38385 38388 38391 38394 38397 38400 38403 38406 38409 38412 38415 38418 38421 38424 38427 38430 38433 38436 38439 38442 38445 38448 38451 38454 38457 38460 38463 38466 38469 38472 38475 38478 38481 38484 38487 38490 38493 38496 38499 38502 38505 38508 38511 38514 38517 38520 38523 38526 38529 38532 38535 38538 38541 38544 38547 38550 38553 38556 38559 38562 38565 38568 38571 38574 38577 38580 38583 38586 38589 38592 38595 38598 38601 38604 38607 38610 38613 38616 38619 38622 38625 38628 38631 38634 38637 38640 38643 38646 38649 38652 38655 38658 38661 38664 38667 38670 38673 38676 38679 38682 38685 38688 38691 38694 38697 38700 38703 38706 38709 38712 38715 38718 38721 38724 38727 38730 38733 38736 38739 38742 38745 38748 38751 38754 38757 38760 38763 38766 38769 38772 38775 38778 38781 38784 38787 38790 38793 38796 38799 38802 38805 38808 38811 38814 38817 38820 38823 38826 38829 38832 38835 38838 38841 38844 38847 38850 38853 38856 38859 38862 38865 38868 38871 38874 38877 38880 38883 38886 38889 38892 38895 38898 38901 38904 38907 38910 38913 38916 38919 38922 38925 38928 38931 38934 38937 38940 38943 38946 38949 38952 38955 38958 38961 38964 38967 38970 38973 38976 38979 38982 38985 38988 38991 38994 38997 39000 39003 39006 39009 39012 39015 39018 39021 39024 39027 39030 39033 39036 39039 39042 39045 39048 39051 39054 39057 39060 39063 39066 39069 39072 39075 39078 39081 39084 39087 39090 39093 39096 39099 39102 39105 39108 39111 39114 39117 39120 39123 39126 39129 39132 39135 39138 39141 39144 39147 39150 39153 39156 39159 39162 39165 39168 39171 39174 39177 39180 39183 39186 39189 39192 39195 39198 39201 39204 39207 39210 39213 39216 39219 39222 39225 39228 39231 39234 39237 39240 39243 39246 39249 39252 39255 39258 39261 39264 39267 39270 39273 39276 39279 39282 39285 39288 39291 39294 39297 39300 39303 39306 39309 39312 39315 39318 39321 39324 39327 39330 39333 39336 39339 39342 39345 39348 39351 39354 39357 39360 39363 39366 39369 39372 39375 39378 39381 39384 39387 39390 39393 39396 39399 39402 39405 39408 39411 39414 39417 39420 39423 39426 39429 39432 39435 39438 39441 39444 39447 39450 39453 39456 39459 39462 39465 39468 39471 39474 39477 39480 39483 39486 39489 39492 39495 39498 39501 39504 39507 39510 39513 39516 39519 39522 39525 39528 39531 39534 39537 39540 39543 39546 39549 39552 39555 39558 39561 39564 39567 39570 39573 39576 39579 39582 39585 39588 39591 39594 39597 39600 39603 39606 39609 39612 39615 39618 39621 39624 39627 39630 39633 39636 39639 39642 39645 39648 39651 39654 39657 39660 39663 39666 39669 39672 39675 39678 39681 39684 39687 39690 39693 39696 39699 39702 39705 39708 39711 39714 39717 39720 39723 39726 39729 39732 39735 39738 39741 39744 39747 39750 39753 39756 39759 39762 39765 39768 39771 39774 39777 39780 39783 39786 39789 39792 39795 39798 39801 39804 39807 39810 39813 39816 39819 39822 39825 39828 39831 39834 39837 39840 39843 39846 39849 39852 39855 39858 39861 39864 39867 39870 39873 39876 39879 39882 39885 39888 39891 39894 39897 39900 39903 39906 39909 39912 39915 39918 39921 39924 39927 39930 39933 39936 39939 39942 39945 39948 39951 39954 39957 39960 39963 39966 39969 39972 39975 39978 39981 39984 39987 39990 39993 39996 39999 40002 40005 40008 40011 40014 40017 40020 40023 40026 40029 40032 40035 40038 40041 40044 40047 40050 40053 40056 40059 40062 40065 40068 40071 40074 40077 40080 40083 40086 40089 40092 40095 40098 40101 40104 40107 40110 40113 40116 40119 40122 40125 40128 40131 40134 40137 40140 40143 40146 40149 40152 40155 40158 40161 40164 40167 40170 40173 40176 40179 40182 40185 40188 40191 40194 40197 40200 40203 40206 40209 40212 40215 40218 40221 40224 40227 40230 40233 40236 40239 40242 40245 40248 40251 40254 40257 40260 40263 40266 40269 40272 40275 40278 40281 40284 40287 40290 40293 40296 40299 40302 40305 40308 40311 40314 40317 40320 40323 40326 40329 40332 40335 40338 40341 40344 40347 40350 40353 40356 40359 40362 40365 40368 40371 40374 40377 40380 40383 40386 40389 40392 40395 40398 40401 40404 40407 40410 40413 40416 40419 40422 40425 40428 40431 40434 40437 40440 40443 40446 40449 40452 40455 40458 40461 40464 40467 40470 40473 40476 40479 40482 40485 40488 40491 40494 40497 40500 40503 40506 40509 40512 40515 40518 40521 40524 40527 40530 40533 40536 40539 40542 40545 40548 40551 40554 40557 40560 40563 40566 40569 40572 40575 40578 40581 40584 40587 40590 40593 40596 40599 40602 40605 40608 40611 40614 40617 40620 40623 40626 40629 40632 40635 40638 40641 40644 40647 40650 40653 40656 40659 40662 40665 40668 40671 40674 40677 40680 40683 40686 40689 40692 40695 40698 40701 40704 40707 40710 40713 40716 40719 40722 40725 40728 40731 40734 40737 40740 40743 40746 40749 40752 40755 40758 40761 40764 40767 40770 40773 40776 40779 40782 40785 40788 40791 40794 40797 40800 40803 40806 40809 40812 40815 40818 40821 40824 40827 40830 40833 40836 40839 40842 40845 40848 40851 40854 40857 40860 40863 40866 40869 40872 40875 40878 40881 40884 40887 40890 40893 40896 40899 40902 40905 40908 40911 40914 40917 40920 40923 40926 40929 40932 40935 40938 40941 40944 40947 40950 40953 40956 40959 40962 40965 40968 40971 40974 40977 40980 40983 40986 40989 40992 40995 40998 41001 41004 41007 41010 41013 41016 41019 41022 41025 41028 41031 41034 41037 41040 41043 41046 41049 41052 41055 41058 41061 41064 41067 41070 41073 41076 41079 41082 41085 41088 41091 41094 41097 41100 41103 41106 41109 41112 41115 41118 41121 41124 41127 41130 41133 41136 41139 41142 41145 41148 41151 41154 41157 41160 41163 41166 41169 41172 41175 41178 41181 41184 41187 41190 41193 41196 41199 41202 41205 41208 41211 41214 41217 41220 41223 41226 41229 41232 41235 41238 41241 41244 41247 41250 41253 41256 41259 41262 41265 41268 41271 41274 41277 41280 41283 41286 41289 41292 41295 41298 41301 41304 41307 41310 41313 41316 41319 41322 41325 41328 41331 41334 41337 41340 41343 41346 41349 41352 41355 41358 41361 41364 41367 41370 41373 41376 41379 41382 41385 41388 41391 41394 41397 41400 41403 41406 41409 41412 41415 41418 41421 41424 41427 41430 41433 41436 41439 41442 41445 41448 41451 41454 41457 41460 41463 41466 41469 41472 41475 41478 41481 41484 41487 41490 41493 41496 41499 41502 41505 41508 41511 41514 41517 41520 41523 41526 41529 41532 41535 41538 41541 41544 41547 41550 41553 41556 41559 41562 41565 41568 41571 41574 41577 41580 41583 41586 41589 41592 41595 41598 41601 41604 41607 41610 41613 41616 41619 41622 41625 41628 41631 41634 41637 41640 41643 41646 41649 41652 41655 41658 41661 41664 41667 41670 41673 41676 41679 41682 41685 41688 41691 41694 41697 41700 41703 41706 41709 41712 41715 41718 41721 41724 41727 41730 41733 41736 41739 41742 41745 41748 41751 41754 41757 41760 41763 41766 41769 41772 41775 41778 41781 41784 41787 41790 41793 41796 41799 41802 41805 41808 41811 41814 41817 41820 41823 41826 41829 41832 41835 41838 41841 41844 41847 41850 41853 41856 41859 41862 41865 41868 41871 41874 41877 41880 41883 41886 41889 41892 41895 41898 41901 41904 41907 41910 41913 41916 41919 41922 41925 41928 41931 41934 41937 41940 41943 41946 41949 41952 41955 41958 41961 41964 41967 41970 41973 41976 41979 41982 41985 41988 41991 41994 41997 42000 42003 42006 42009 42012 42015 42018 42021 42024 42027 42030 42033 42036 42039 42042 42045 42048 42051 42054 42057 42060 42063 42066 42069 42072 42075 42078 42081 42084 42087 42090 42093 42096 42099 42102 42105 42108 42111 42114 42117 42120 42123 42126 42129 42132 42135 42138 42141 42144 42147 42150 42153 42156 42159 42162 42165 42168 42171 42174 42177 42180 42183 42186 42189 42192 42195 42198 42201 42204 42207 42210 42213 42216 42219 42222 42225 42228 42231 42234 42237 42240 42243 42246 42249 42252 42255 42258 42261 42264 42267 42270 42273 42276 42279 42282 42285 42288 42291 42294 42297 42300 42303 42306 42309 42312 42315 42318 42321 42324 42327 42330 42333 42336 42339 42342 42345 42348 42351 42354 42357 42360 42363 42366 42369 42372 42375 42378 42381 42384 42387 42390 42393 42396 42399 42402 42405 42408 42411 42414 42417 42420 42423 42426 42429 42432 42435 42438 42441 42444 42447 42450 42453 42456 42459 42462 42465 42468 42471 42474 42477 42480 42483 42486 42489 42492 42495 42498 42501 42504 42507 42510 42513 42516 42519 42522 42525 42528 42531 42534 42537 42540 42543 42546 42549 42552 42555 42558 42561 42564 42567 42570 42573 42576 42579 42582 42585 42588 42591 42594 42597 42600 42603 42606 42609 42612 42615 42618 42621 42624 42627 42630 42633 42636 42639 42642 42645 42648 42651 42654 42657 42660 42663 42666 42669 42672 42675 42678 42681 42684 42687 42690 42693 42696 42699 42702 42705 42708 42711 42714 42717 42720 42723 42726 42729 42732 42735 42738 42741 42744 42747 42750 42753 42756 42759 42762 42765 42768 42771 42774 42777 42780 42783 42786 42789 42792 42795 42798 42801 42804 42807 42810 42813 42816 42819 42822 42825 42828 42831 42834 42837 42840 42843 42846 42849 42852 42855 42858 42861 42864 42867 42870 42873 42876 42879 42882 42885 42888 42891 42894 42897 42900 42903 42906 42909 42912 42915 42918 42921 42924 42927 42930 42933 42936 42939 42942 42945 42948 42951 42954 42957 42960 42963 42966 42969 42972 42975 42978 42981 42984 42987 42990 42993 42996 42999 43002 43005 43008 43011 43014 43017 43020 43023 43026 43029 43032 43035 43038 43041 43044 43047 43050 43053 43056 43059 43062 43065 43068 43071 43074 43077 43080 43083 43086 43089 43092 43095 43098 43101 43104 43107 43110 43113 43116 43119 43122 43125 43128 43131 43134 43137 43140 43143 43146 43149 43152 43155 43158 43161 43164 43167 43170 43173 43176 43179 43182 43185 43188 43191 43194 43197 43200 43203 43206 43209 43212 43215 43218 43221 43224 43227 43230 43233 43236 43239 43242 43245 43248 43251 43254 43257 43260 43263 43266 43269 43272 43275 43278 43281 43284 43287 43290 43293 43296 43299 43302 43305 43308 43311 43314 43317 43320 43323 43326 43329 43332 43335 43338 43341 43344 43347 43350 43353 43356 43359 43362 43365 43368 43371 43374 43377 43380 43383 43386 43389 43392 43395 43398 43401 43404 43407 43410 43413 43416 43419 43422 43425 43428 43431 43434 43437 43440 43443 43446 43449 43452 43455 43458 43461 43464 43467 43470 43473 43476 43479 43482 43485 43488 43491 43494 43497 43500 43503 43506 43509 43512 43515 43518 43521 43524 43527 43530 43533 43536 43539 43542 43545 43548 43551 43554 43557 43560 43563 43566 43569 43572 43575 43578 43581 43584 43587 43590 43593 43596 43599 43602 43605 43608 43611 43614 43617 43620 43623 43626 43629 43632 43635 43638 43641 43644 43647 43650 43653 43656 43659 43662 43665 43668 43671 43674 43677 43680 43683 43686 43689 43692 43695 43698 43701 43704 43707 43710 43713 43716 43719 43722 43725 43728 43731 43734 43737 43740 43743 43746 43749 43752 43755 43758 43761 43764 43767 43770 43773 43776 43779 43782 43785 43788 43791 43794 43797 43800 43803 43806 43809 43812 43815 43818 43821 43824 43827 43830 43833 43836 43839 43842 43845 43848 43851 43854 43857 43860 43863 43866 43869 43872 43875 43878 43881 43884 43887 43890 43893 43896 43899 43902 43905 43908 43911 43914 43917 43920 43923 43926 43929 43932 43935 43938 43941 43944 43947 43950 43953 43956 43959 43962 43965 43968 43971 43974 43977 43980 43983 43986 43989 43992 43995 43998 44001 44004 44007 44010 44013 44016 44019 44022 44025 44028 44031 44034 44037 44040 44043 44046 44049 44052 44055 44058 44061 44064 44067 44070 44073 44076 44079 44082 44085 44088 44091 44094 44097 44100 44103 44106 44109 44112 44115 44118 44121 44124 44127 44130 44133 44136 44139 44142 44145 44148 44151 44154 44157 44160 44163 44166 44169 44172 44175 44178 44181 44184 44187 44190 44193 44196 44199 44202 44205 44208 44211 44214 44217 44220 44223 44226 44229 44232 44235 44238 44241 44244 44247 44250 44253 44256 44259 44262 44265 44268 44271 44274 44277 44280 44283 44286 44289 44292 44295 44298 44301 44304 44307 44310 44313 44316 44319 44322 44325 44328 44331 44334 44337 44340 44343 44346 44349 44352 44355 44358 44361 44364 44367 44370 44373 44376 44379 44382 44385 44388 44391 44394 44397 44400 44403 44406 44409 44412 44415 44418 44421 44424 44427 44430 44433 44436 44439 44442 44445 44448 44451 44454 44457 44460 44463 44466 44469 44472 44475 44478 44481 44484 44487 44490 44493 44496 44499 44502 44505 44508 44511 44514 44517 44520 44523 44526 44529 44532 44535 44538 44541 44544 44547 44550 44553 44556 44559 44562 44565 44568 44571 44574 44577 44580 44583 44586 44589 44592 44595 44598 44601 44604 44607 44610 44613 44616 44619 44622 44625 44628 44631 44634 44637 44640 44643 44646 44649 44652 44655 44658 44661 44664 44667 44670 44673 44676 44679 44682 44685 44688 44691 44694 44697 44700 44703 44706 44709 44712 44715 44718 44721 44724 44727 44730 44733 44736 44739 44742 44745 44748 44751 44754 44757 44760 44763 44766 44769 44772 44775 44778 44781 44784 44787 44790 44793 44796 44799 44802 44805 44808 44811 44814 44817 44820 44823 44826 44829 44832 44835 44838 44841 44844 44847 44850 44853 44856 44859 44862 44865 44868 44871 44874 44877 44880 44883 44886 44889 44892 44895 44898 44901 44904 44907 44910 44913 44916 44919 44922 44925 44928 44931 44934 44937 44940 44943 44946 44949 44952 44955 44958 44961 44964 44967 44970 44973 44976 44979 44982 44985 44988 44991 44994 44997 45000 45003 45006 45009 45012 45015 45018 45021 45024 45027 45030 45033 45036 45039 45042 45045 45048 45051 45054 45057 45060 45063 45066 45069 45072 45075 45078 45081 45084 45087 45090 45093 45096 45099 45102 45105 45108 45111 45114 45117 45120 45123 45126 45129 45132 45135 45138 45141 45144 45147 45150 45153 45156 45159 45162 45165 45168 45171 45174 45177 45180 45183 45186 45189 45192 45195 45198 45201 45204 45207 45210 45213 45216 45219 45222 45225 45228 45231 45234 45237 45240 45243 45246 45249 45252 45255 45258 45261 45264 45267 45270 45273 45276 45279 45282 45285 45288 45291 45294 45297 45300 45303 45306 45309 45312 45315 45318 45321 45324 45327 45330 45333 45336 45339 45342 45345 45348 45351 45354 45357 45360 45363 45366 45369 45372 45375 45378 45381 45384 45387 45390 45393 45396 45399 45402 45405 45408 45411 45414 45417 45420 45423 45426 45429 45432 45435 45438 45441 45444 45447 45450 45453 45456 45459 45462 45465 45468 45471 45474 45477 45480 45483 45486 45489 45492 45495 45498 45501 45504 45507 45510 45513 45516 45519 45522 45525 45528 45531 45534 45537 45540 45543 45546 45549 45552 45555 45558 45561 45564 45567 45570 45573 45576 45579 45582 45585 45588 45591 45594 45597 45600 45603 45606 45609 45612 45615 45618 45621 45624 45627 45630 45633 45636 45639 45642 45645 45648 45651 45654 45657 45660 45663 45666 45669 45672 45675 45678 45681 45684 45687 45690 45693 45696 45699 45702 45705 45708 45711 45714 45717 45720 45723 45726 45729 45732 45735 45738 45741 45744 45747 45750 45753 45756 45759 45762 45765 45768 45771 45774 45777 45780 45783 45786 45789 45792 45795 45798 45801 45804 45807 45810 45813 45816 45819 45822 45825 45828 45831 45834 45837 45840 45843 45846 45849 45852 45855 45858 45861 45864 45867 45870 45873 45876 45879 45882 45885 45888 45891 45894 45897 45900 45903 45906 45909 45912 45915 45918 45921 45924 45927 45930 45933 45936 45939 45942 45945 45948 45951 45954 45957 45960 45963 45966 45969 45972 45975 45978 45981 45984 45987 45990 45993 45996 45999 46002 46005 46008 46011 46014 46017 46020 46023 46026 46029 46032 46035 46038 46041 46044 46047 46050 46053 46056 46059 46062 46065 46068 46071 46074 46077 46080 46083 46086 46089 46092 46095 46098 46101 46104 46107 46110 46113 46116 46119 46122 46125 46128 46131 46134 46137 46140 46143 46146 46149 46152 46155 46158 46161 46164 46167 46170 46173 46176 46179 46182 46185 46188 46191 46194 46197 46200 46203 46206 46209 46212 46215 46218 46221 46224 46227 46230 46233 46236 46239 46242 46245 46248 46251 46254 46257 46260 46263 46266 46269 46272 46275 46278 46281 46284 46287 46290 46293 46296 46299 46302 46305 46308 46311 46314 46317 46320 46323 46326 46329 46332 46335 46338 46341 46344 46347 46350 46353 46356 46359 46362 46365 46368 46371 46374 46377 46380 46383 46386 46389 46392 46395 46398 46401 46404 46407 46410 46413 46416 46419 46422 46425 46428 46431 46434 46437 46440 46443 46446 46449 46452 46455 46458 46461 46464 46467 46470 46473 46476 46479 46482 46485 46488 46491 46494 46497 46500 46503 46506 46509 46512 46515 46518 46521 46524 46527 46530 46533 46536 46539 46542 46545 46548 46551 46554 46557 46560 46563 46566 46569 46572 46575 46578 46581 46584 46587 46590 46593 46596 46599 46602 46605 46608 46611 46614 46617 46620 46623 46626 46629 46632 46635 46638 46641 46644 46647 46650 46653 46656 46659 46662 46665 46668 46671 46674 46677 46680 46683 46686 46689 46692 46695 46698 46701 46704 46707 46710 46713 46716 46719 46722 46725 46728 46731 46734 46737 46740 46743 46746 46749 46752 46755 46758 46761 46764 46767 46770 46773 46776 46779 46782 46785 46788 46791 46794 46797 46800 46803 46806 46809 46812 46815 46818 46821 46824 46827 46830 46833 46836 46839 46842 46845 46848 46851 46854 46857 46860 46863 46866 46869 46872 46875 46878 46881 46884 46887 46890 46893 46896 46899 46902 46905 46908 46911 46914 46917 46920 46923 46926 46929 46932 46935 46938 46941 46944 46947 46950 46953 46956 46959 46962 46965 46968 46971 46974 46977 46980 46983 46986 46989 46992 46995 46998 47001 47004 47007 47010 47013 47016 47019 47022 47025 47028 47031 47034 47037 47040 47043 47046 47049 47052 47055 47058 47061 47064 47067 47070 47073 47076 47079 47082 47085 47088 47091 47094 47097 47100 47103 47106 47109 47112 47115 47118 47121 47124 47127 47130 47133 47136 47139 47142 47145 47148 47151 47154 47157 47160 47163 47166 47169 47172 47175 47178 47181 47184 47187 47190 47193 47196 47199 47202 47205 47208 47211 47214 47217 47220 47223 47226 47229 47232 47235 47238 47241 47244 47247 47250 47253 47256 47259 47262 47265 47268 47271 47274 47277 47280 47283 47286 47289 47292 47295 47298 47301 47304 47307 47310 47313 47316 47319 47322 47325 47328 47331 47334 47337 47340 47343 47346 47349 47352 47355 47358 47361 47364 47367 47370 47373 47376 47379 47382 47385 47388 47391 47394 47397 47400 47403 47406 47409 47412 47415 47418 47421 47424 47427 47430 47433 47436 47439 47442 47445 47448 47451 47454 47457 47460 47463 47466 47469 47472 47475 47478 47481 47484 47487 47490 47493 47496 47499 47502 47505 47508 47511 47514 47517 47520 47523 47526 47529 47532 47535 47538 47541 47544 47547 47550 47553 47556 47559 47562 47565 47568 47571 47574 47577 47580 47583 47586 47589 47592 47595 47598 47601 47604 47607 47610 47613 47616 47619 47622 47625 47628 47631 47634 47637 47640 47643 47646 47649 47652 47655 47658 47661 47664 47667 47670 47673 47676 47679 47682 47685 47688 47691 47694 47697 47700 47703 47706 47709 47712 47715 47718 47721 47724 47727 47730 47733 47736 47739 47742 47745 47748 47751 47754 47757 47760 47763 47766 47769 47772 47775 47778 47781 47784 47787 47790 47793 47796 47799 47802 47805 47808 47811 47814 47817 47820 47823 47826 47829 47832 47835 47838 47841 47844 47847 47850 47853 47856 47859 47862 47865 47868 47871 47874 47877 47880 47883 47886 47889 47892 47895 47898 47901 47904 47907 47910 47913 47916 47919 47922 47925 47928 47931 47934 47937 47940 47943 47946 47949 47952 47955 47958 47961 47964 47967 47970 47973 47976 47979 47982 47985 47988 47991 47994 47997 48000 48003 48006 48009 48012 48015 48018 48021 48024 48027 48030 48033 48036 48039 48042 48045 48048 48051 48054 48057 48060 48063 48066 48069 48072 48075 48078 48081 48084 48087 48090 48093 48096 48099 48102 48105 48108 48111 48114 48117 48120 48123 48126 48129 48132 48135 48138 48141 48144 48147 48150 48153 48156 48159 48162 48165 48168 48171 48174 48177 48180 48183 48186 48189 48192 48195 48198 48201 48204 48207 48210 48213 48216 48219 48222 48225 48228 48231 48234 48237 48240 48243 48246 48249 48252 48255 48258 48261 48264 48267 48270 48273 48276 48279 48282 48285 48288 48291 48294 48297 48300 48303 48306 48309 48312 48315 48318 48321 48324 48327 48330 48333 48336 48339 48342 48345 48348 48351 48354 48357 48360 48363 48366 48369 48372 48375 48378 48381 48384 48387 48390 48393 48396 48399 48402 48405 48408 48411 48414 48417 48420 48423 48426 48429 48432 48435 48438 48441 48444 48447 48450 48453 48456 48459 48462 48465 48468 48471 48474 48477 48480 48483 48486 48489 48492 48495 48498 48501 48504 48507 48510 48513 48516 48519 48522 48525 48528 48531 48534 48537 48540 48543 48546 48549 48552 48555 48558 48561 48564 48567 48570 48573 48576 48579 48582 48585 48588 48591 48594 48597 48600 48603 48606 48609 48612 48615 48618 48621 48624 48627 48630 48633 48636 48639 48642 48645 48648 48651 48654 48657 48660 48663 48666 48669 48672 48675 48678 48681 48684 48687 48690 48693 48696 48699 48702 48705 48708 48711 48714 48717 48720 48723 48726 48729 48732 48735 48738 48741 48744 48747 48750 48753 48756 48759 48762 48765 48768 48771 48774 48777 48780 48783 48786 48789 48792 48795 48798 48801 48804 48807 48810 48813 48816 48819 48822 48825 48828 48831 48834 48837 48840 48843 48846 48849 48852 48855 48858 48861 48864 48867 48870 48873 48876 48879 48882 48885 48888 48891 48894 48897 48900 48903 48906 48909 48912 48915 48918 48921 48924 48927 48930 48933 48936 48939 48942 48945 48948 48951 48954 48957 48960 48963 48966 48969 48972 48975 48978 48981 48984 48987 48990 48993 48996 48999 49002 49005 49008 49011 49014 49017 49020 49023 49026 49029 49032 49035 49038 49041 49044 49047 49050 49053 49056 49059 49062 49065 49068 49071 49074 49077 49080 49083 49086 49089 49092 49095 49098 49101 49104 49107 49110 49113 49116 49119 49122 49125 49128 49131 49134 49137 49140 49143 49146 49149 49152 49155 49158 49161 49164 49167 49170 49173 49176 49179 49182 49185 49188 49191 49194 49197 49200 49203 49206 49209 49212 49215 49218 49221 49224 49227 49230 49233 49236 49239 49242 49245 49248 49251 49254 49257 49260 49263 49266 49269 49272 49275 49278 49281 49284 49287 49290 49293 49296 49299 49302 49305 49308 49311 49314 49317 49320 49323 49326 49329 49332 49335 49338 49341 49344 49347 49350 49353 49356 49359 49362 49365 49368 49371 49374 49377 49380 49383 49386 49389 49392 49395 49398 49401 49404 49407 49410 49413 49416 49419 49422 49425 49428 49431 49434 49437 49440 49443 49446 49449 49452 49455 49458 49461 49464 49467 49470 49473 49476 49479 49482 49485 49488 49491 49494 49497 49500 49503 49506 49509 49512 49515 49518 49521 49524 49527 49530 49533 49536 49539 49542 49545 49548 49551 49554 49557 49560 49563 49566 49569 49572 49575 49578 49581 49584 49587 49590 49593 49596 49599 49602 49605 49608 49611 49614 49617 49620 49623 49626 49629 49632 49635 49638 49641 49644 49647 49650 49653 49656 49659 49662 49665 49668 49671 49674 49677 49680 49683 49686 49689 49692 49695 49698 49701 49704 49707 49710 49713 49716 49719 49722 49725 49728 49731 49734 49737 49740 49743 49746 49749 49752 49755 49758 49761 49764 49767 49770 49773 49776 49779 49782 49785 49788 49791 49794 49797 49800 49803 49806 49809 49812 49815 49818 49821 49824 49827 49830 49833 49836 49839 49842 49845 49848 49851 49854 49857 49860 49863 49866 49869 49872 49875 49878 49881 49884 49887 49890 49893 49896 49899 49902 49905 49908 49911 49914 49917 49920 49923 49926 49929 49932 49935 49938 49941 49944 49947 49950 49953 49956 49959 49962 49965 49968 49971 49974 49977 49980 49983 49986 49989 49992 49995 49998 50001 50004 50007 50010 50013 50016 50019 50022 50025 50028 50031 50034 50037 50040 50043 50046 50049 50052 50055 50058 50061 50064 50067 50070 50073 50076 50079 50082 50085 50088 50091 50094 50098 50102 50106 50110 50114 50118 50122 50126 50130 50134 50138 50142 50146 50150 50154 50158 50162 50166 50170 50174 50178 50182 50186 50190 50194 50198 50202 50206 50210 50214 50218 50222 50226 50230 50234 50238 50242 50246 50250 50254 50258 50262 50266 50270 50274 50278 50282 50286 50290 50294 50298 50302 50306 50310 50314 50318 50322 50326 50330 50334 50338 50342 50346 50350 50354 50358 50362 50366 50370 50374 50378 50382 50386 50390 50394 50398 50402 50406 50410 50414 50418 50422 50426 50430 50434 50438 50442 50446 50450 50454 50458 50462 50466 50470 50474 50478 50482 50486 50490 50494 50498 50502 50506 50510 50514 50518 50522 50526 50530 50534 50538 50542 50546 50550 50554 50558 50562 50566 50570 50574 50578 50582 50586 50590 50594 50598 50602 50606 50610 50614 50618 50622 50626 50630 50634 50638 50642 50646 50650 50654 50658 50662 50666 50670 50674 50678 50682 50686 50690 50694 50698 50702 50706 50710 50714 50718 50722 50726 50730 50734 50738 50742 50746 50750 50754 50758 50762 50766 50770 50774 50778 50782 50786 50790 50794 50798 50802 50806 50810 50814 50818 50822 50826 50830 50834 50838 50842 50846 50850 50854 50858 50862 50866 50870 50874 50878 50882 50886 50890 50894 50898 50902 50906 50910 50914 50918 50922 50926 50930 50934 50938 50942 50946 50950 50954 50958 50962 50966 50970 50974 50978 50982 50986 50990 50994 50998 51002 51006 51010 51014 51018 51022 51026 51030 51034 51038 51042 51046 51050 51054 51058 51062 51066 51070 51074 51078 51082 51086 51090 51094 51098 51102 51106 51110 51114 51118 51122 51126 51130 51134 51138 51142 51146 51150 51154 51158 51162 51166 51170 51174 51178 51182 51186 51190 51194 51198 51202 51206 51210 51214 51218 51222 51226 51230 51234 51238 51242 51246 51250 51254 51258 51262 51266 51270 51274 51278 51282 51286 51290 51294 51298 51302 51306 51310 51314 51318 51322 51326 51330 51334 51338 51342 51346 51350 51354 51358 51362 51366 51370 51374 51378 51382 51386 51390 51394 51398 51402 51406 51410 51414 51418 51422 51426 51430 51434 51438 51442 51446 51450 51454 51458 51462 51466 51470 51474 51478 51482 51486 51490 51494 51498 51502 51506 51510 51514 51518 51522 51526 51530 51534 51538 51542 51546 51550 51554 51558 51562 51566 51570 51574 51578 51582 51586 51590 51594 51598 51602 51606 51610 51614 51618 51622 51626 51630 51634 51638 51642 51646 51650 51654 51658 51662 51666 51670 51674 51678 51682 51686 51690 51694 51698 51702 51706 51710 51714 51718 51722 51726 51730 51734 51738 51742 51746 51750 51754 51758 51762 51766 51770 51774 51778 51782 51786 51790 51794 51798 51802 51806 51810 51814 51818 51822 51826 51830 51834 51838 51842 51846 51850 51854 51858 51862 51866 51870 51874 51878 51882 51886 51890 51894 51898 51902 51906 51910 51914 51918 51922 51926 51930 51934 51938 51942 51946 51950 51954 51958 51962 51966 51970 51974 51978 51982 51986 51990 51994 51998 52002 52006 52010 52014 52018 52022 52026 52030 52034 52038 52042 52046 52050 52054 52058 52062 52066 52070 52074 52078 52082 52086 52090 52094 52098 52102 52106 52110 52114 52118 52122 52126 52130 52134 52138 52142 52146 52150 52154 52158 52162 52166 52170 52174 52178 52182 52186 52190 52194 52198 52202 52206 52210 52214 52218 52222 52226 52230 52234 52238 52242 52246 52250 52254 52258 52262 52266 52270 52274 52278 52282 52286 52290 52294 52298 52302 52306 52310 52314 52318 52322 52326 52330 52334 52338 52342 52346 52350 52354 52358 52362 52366 52370 52374 52378 52382 52386 52390 52394 52398 52402 52406 52410 52414 52418 52422 52426 52430 52434 52438 52442 52446 52450 52454 52458 52462 52466 52470 52474 52478 52482 52486 52490 52494 52498 52502 52506 52510 52514 52518 52522 52526 52530 52534 52538 52542 52546 52550 52554 52558 52562 52566 52570 52574 52578 52582 52586 52590 52594 52598 52602 52606 52610 52614 52618 52622 52626 52630 52634 52638 52642 52646 52650 52654 52658 52662 52666 52670 52674 52678 52682 52686 52690 52694 52698 52702 52706 52710 52714 52718 52722 52726 52730 52734 52738 52742 52746 52750 52754 52758 52762 52766 52770 52774 52778 52782 52786 52790 52794 52798 52802 52806 52810 52814 52818 52822 52826 52830 52834 52838 52842 52846 52850 52854 52858 52862 52866 52870 52874 52878 52882 52886 52890 52894 52898 52902 52906 52910 52914 52918 52922 52926 52930 52934 52938 52942 52946 52950 52954 52958 52962 52966 52970 52974 52978 52982 52986 52990 52994 52998 53002 53006 53010 53014 53018 53022 53026 53030 53034 53038 53042 53046 53050 53054 53058 53062 53066 53070 53074 53078 53082 53086 53090 53094 53098 53102 53106 53110 53114 53118 53122 53126 53130 53134 53138 53142 53146 53150 53154 53158 53162 53166 53170 53174 53178 53182 53186 53190 53194 53198 53202 53206 53210 53214 53218 53222 53226 53230 53234 53238 53242 53246 53250 53254 53258 53262 53266 53270 53274 53278 53282 53286 53290 53294 53298 53302 53306 53310 53314 53318 53322 53326 53330 53334 53338 53342 53346 53350 53354 53358 53362 53366 53370 53374 53378 53382 53386 53390 53394 53398 53402 53406 53410 53414 53418 53422 53426 53430 53434 53438 53442 53446 53450 53454 53458 53462 53466 53470 53474 53478 53482 53486 53490 53494 53498 53502 53506 53510 53514 53518 53522 53526 53530 53534 53538 53542 53546 53550 53554 53558 53562 53566 53570 53574 53578 53582 53586 53590 53594 53598 53602 53606 53610 53614 53618 53622 53626 53630 53634 53638 53642 53646 53650 53654 53658 53662 53666 53670 53674 53678 53682 53686 53690 53694 53698 53702 53706 53710 53714 53718 53722 53726 53730 53734 53738 53742 53746 53750 53754 53758 53762 53766 53770 53774 53778 53782 53786 53790 53794 53798 53802 53806 53810 53814 53818 53822 53826 53830 53834 53838 53842 53846 53850 53854 53858 53862 53866 53870 53874 53878 53882 53886 53890 53894 53898 53902 53906 53910 53914 53918 53922 53926 53930 53934 53938 53942 53946 53950 53954 53958 53962 53966 53970 53974 53978 53982 53986 53990 53994 53998 54002 54006 54010 54014 54018 54022 54026 54030 54034 54038 54042 54046 54050 54054 54058 54062 54066 54070 54074 54078 54082 54086 54090 54094 54098 54102 54106 54110 54114 54118 54122 54126 54130 54134 54138 54142 54146 54150 54154 54158 54162 54166 54170 54174 54178 54182 54186 54190 54194 54198 54202 54206 54210 54214 54218 54222 54226 54230 54234 54238 54242 54246 54250 54254 54258 54262 54266 54270 54274 54278 54282 54286 54290 54294 54298 54302 54306 54310 54314 54318 54322 54326 54330 54334 54338 54342 54346 54350 54354 54358 54362 54366 54370 54374 54378 54382 54386 54390 54394 54398 54402 54406 54410 54414 54418 54422 54426 54430 54434 54438 54442 54446 54450 54454 54458 54462 54466 54470 54474 54478 54482 54486 54490 54494 54498 54502 54506 54510 54514 54518 54522 54526 54530 54534 54538 54542 54546 54550 54554 54558 54562 54566 54570 54574 54578 54582 54586 54590 54594 54598 54602 54606 54610 54614 54618 54622 54626 54630 54634 54638 54642 54646 54650 54654 54658 54662 54666 54670 54674 54678 54682 54686 54690 54694 54698 54702 54706 54710 54714 54718 54722 54726 54730 54734 54738 54742 54746 54750 54754 54758 54762 54766 54770 54774 54778 54782 54786 54790 54794 54798 54802 54806 54810 54814 54818 54822 54826 54830 54834 54838 54842 54846 54850 54854 54858 54862 54866 54870 54874 54878 54882 54886 54890 54894 54898 54902 54906 54910 54914 54918 54922 54926 54930 54934 54938 54942 54946 54950 54954 54958 54962 54966 54970 54974 54978 54982 54986 54990 54994 54998 55002 55006 55010 55014 55018 55022 55026 55030 55034 55038 55042 55046 55050 55054 55058 55062 55066 55070 55074 55078 55082 55086 55090 55094 55098 55102 55106 55110 55114 55118 55122 55126 55130 55134 55138 55142 55146 55150 55154 55158 55162 55166 55170 55174 55178 55182 55186 55190 55194 55198 55202 55206 55210 55214 55218 55222 55226 55230 55234 55238 55242 55246 55250 55254 55258 55262 55266 55270 55274 55278 55282 55286 55290 55294 55298 55302 55306 55310 55314 55318 55322 55326 55330 55334 55338 55342 55346 55350 55354 55358 55362 55366 55370 55374 55378 55382 55386 55390 55394 55398 55402 55406 55410 55414 55418 55422 55426 55430 55434 55438 55442 55446 55450 55454 55458 55462 55466 55470 55474 55478 55482 55486 55490 55494 55498 55502 55506 55510 55514 55518 55522 55526 55530 55534 55538 55542 55546 55550 55554 55558 55562 55566 55570 55574 55578 55582 55586 55590 55594 55598 55602 55606 55610 55614 55618 55622 55626 55630 55634 55638 55642 55646 55650 55654 55658 55662 55666 55670 55674 55678 55682 55686 55690 55694 55698 55702 55706 55710 55714 55718 55722 55726 55730 55734 55738 55742 55746 55750 55754 55758 55762 55766 55770 55774 55778 55782 55786 55790 55794 55798 55802 55806 55810 55814 55818 55822 55826 55830 55834 55838 55842 55846 55850 55854 55858 55862 55866 55870 55874 55878 55882 55886 55890 55894 55898 55902 55906 55910 55914 55918 55922 55926 55930 55934 55938 55942 55946 55950 55954 55958 55962 55966 55970 55974 55978 55982 55986 55990 55994 55998 56002 56006 56010 56014 56018 56022 56026 56030 56034 56038 56042 56046 56050 56054 56058 56062 56066 56070 56074 56078 56082 56086 56090 56094 56098 56102 56106 56110 56114 56118 56122 56126 56130 56134 56138 56142 56146 56150 56154 56158 56162 56166 56170 56174 56178 56182 56186 56190 56194 56198 56202 56206 56210 56214 56218 56222 56226 56230 56234 56238 56242 56246 56250 56254 56258 56262 56266 56270 56274 56278 56282 56286 56290 56294 56298 56302 56306 56310 56314 56318 56322 56326 56330 56334 56338 56342 56346 56350 56354 56358 56362 56366 56370 56374 56378 56382 56386 56390 56394 56398 56402 56406 56410 56414 56418 56422 56426 56430 56434 56438 56442 56446 56450 56454 56458 56462 56466 56470 56474 56478 56482 56486 56490 56494 56498 56502 56506 56510 56514 56518 56522 56526 56530 56534 56538 56542 56546 56550 56554 56558 56562 56566 56570 56574 56578 56582 56586 56590 56594 56598 56602 56606 56610 56614 56618 56622 56626 56630 56634 56638 56642 56646 56650 56654 56658 56662 56666 56670 56674 56678 56682 56686 56690 56694 56698 56702 56706 56710 56714 56718 56722 56726 56730 56734 56738 56742 56746 56750 56754 56758 56762 56766 56770 56774 56778 56782 56786 56790 56794 56798 56802 56806 56810 56814 56818 56822 56826 56830 56834 56838 56842 56846 56850 56854 56858 56862 56866 56870 56874 56878 56882 56886 56890 56894 56898 56902 56906 56910 56914 56918 56922 56926 56930 56934 56938 56942 56946 56950 56954 56958 56962 56966 56970 56974 56978 56982 56986 56990 56994 56998 57002 57006 57010 57014 57018 57022 57026 57030 57034 57038 57042 57046 57050 57054 57058 57062 57066 57070 57074 57078 57082 57086 57090 57094 57098 57102 57106 57110 57114 57118 57122 57126 57130 57134 57138 57142 57146 57150 57154 57158 57162 57166 57170 57174 57178 57182 57186 57190 57194 57198 57202 57206 57210 57214 57218 57222 57226 57230 57234 57238 57242 57246 57250 57254 57258 57262 57266 57270 57274 57278 57282 57286 57290 57294 57298 57302 57306 57310 57314 57318 57322 57326 57330 57334 57338 57342 57346 57350 57354 57358 57362 57366 57370 57374 57378 57382 57386 57390 57394 57398 57402 57406 57410 57414 57418 57422 57426 57430 57434 57438 57442 57446 57450 57454 57458 57462 57466 57470 57474 57478 57482 57486 57490 57494 57498 57502 57506 57510 57514 57518 57522 57526 57530 57534 57538 57542 57546 57550 57554 57558 57562 57566 57570 57574 57578 57582 57586 57590 57594 57598 57602 57606 57610 57614 57618 57622 57626 57630 57634 57638 57642 57646 57650 57654 57658 57662 57666 57670 57674 57678 57682 57686 57690 57694 57698 57702 57706 57710 57714 57718 57722 57726 57730 57734 57738 57742 57746 57750 57754 57758 57762 57766 57770 57774 57778 57782 57786 57790 57794 57798 57802 57806 57810 57814 57818 57822 57826 57830 57834 57838 57842 57846 57850 57854 57858 57862 57866 57870 57874 57878 57882 57886 57890 57894 57898 57902 57906 57910 57914 57918 57922 57926 57930 57934 57938 57942 57946 57950 57954 57958 57962 57966 57970 57974 57978 57982 57986 57990 57994 57998 58002 58006 58010 58014 58018 58022 58026 58030 58034 58038 58042 58046 58050 58054 58058 58062 58066 58070 58074 58078 58082 58086 58090 58094 58098 58102 58106 58110 58114 58118 58122 58126 58130 58134 58138 58142 58146 58150 58154 58158 58162 58166 58170 58174 58178 58182 58186 58190 58194 58198 58202 58206 58210 58214 58218 58222 58226 58230 58234 58238 58242 58246 58250 58254 58258 58262 58266 58270 58274 58278 58282 58286 58290 58294 58298 58302 58306 58310 58314 58318 58322 58326 58330 58334 58338 58342 58346 58350 58354 58358 58362 58366 58370 58374 58378 58382 58386 58390 58394 58398 58402 58406 58410 58414 58418 58422 58426 58430 58434 58438 58442 58446 58450 58454 58458 58462 58466 58470 58474 58478 58482 58486 58490 58494 58498 58502 58506 58510 58514 58518 58522 58526 58530 58534 58538 58542 58546 58550 58554 58558 58562 58566 58570 58574 58578 58582 58586 58590 58594 58598 58602 58606 58610 58614 58618 58622 58626 58630 58634 58638 58642 58646 58650 58654 58658 58662 58666 58670 58674 58678 58682 58686 58690 58694 58698 58702 58706 58710 58714 58718 58722 58726 58730 58734 58738 58742 58746 58750 58754 58758 58762 58766 58770 58774 58778 58782 58786 58790 58794 58798 58802 58806 58810 58814 58818 58822 58826 58830 58834 58838 58842 58846 58850 58854 58858 58862 58866 58870 58874 58878 58882 58886 58890 58894 58898 58902 58906 58910 58914 58918 58922 58926 58930 58934 58938 58942 58946 58950 58954 58958 58962 58966 58970 58974 58978 58982 58986 58990 58994 58998 59002 59006 59010 59014 59018 59022 59026 59030 59034 59038 59042 59046 59050 59054 59058 59062 59066 59070 59074 59078 59082 59086 59090 59094 59098 59102 59106 59110 59114 59118 59122 59126 59130 59134 59138 59142 59146 59150 59154 59158 59162 59166 59170 59174 59178 59182 59186 59190 59194 59198 59202 59206 59210 59214 59218 59222 59226 59230 59234 59238 59242 59246 59250 59254 59258 59262 59266 59270 59274 59278 59282 59286 59290 59294 59298 59302 59306 59310 59314 59318 59322 59326 59330 59334 59338 59342 59346 59350 59354 59358 59362 59366 59370 59374 59378 59382 59386 59390 59394 59398 59402 59406 59410 59414 59418 59422 59426 59430 59434 59438 59442 59446 59450 59454 59458 59462 59466 59470 59474 59478 59482 59486 59490 59494 59498 59502 59506 59510 59514 59518 59522 59526 59530 59534 59538 59542 59546 59550 59554 59558 59562 59566 59570 59574 59578 59582 59586 59590 59594 59598 59602 59606 59610 59614 59618 59622 59626 59630 59634 59638 59642 59646 59650 59654 59658 59662 59666 59670 59674 59678 59682 59686 59690 59694 59698 59702 59706 59710 59714 59718 59722 59726 59730 59734 59738 59742 59746 59750 59754 59758 59762 59766 59770 59774 59778 59782 59786 59790 59794 59798 59802 59806 59810 59814 59818 59822 59826 59830 59834 59838 59842 59846 59850 59854 59858 59862 59866 59870 59874 59878 59882 59886 59890 59894 59898 59902 59906 59910 59914 59918 59922 59926 59930 59934 59938 59942 59946 59950 59954 59958 59962 59966 59970 59974 59978 59982 59986 59990 59994 59998 60002 60006 60010 60014 60018 60022 60026 60030 60034 60038 60042 60046 60050 60054 60058 60062 60066 60070 60074 60078 60082 60086 60090 60094 60098 60102 60106 60110 60114 60118 60122 60126 60130 60134 60138 60142 60146 60150 60154 60158 60162 60166 60170 60174 60178 60182 60186 60190 60194 60198 60202 60206 60210 60214 60218 60222 60226 60230 60234 60238 60242 60246 60250 60254 60258 60262 60266 60270 60274 60278 60282 60286 60290 60294 60298 60302 60306 60310 60314 60318 60322 60326 60330 60334 60338 60342 60346 60350 60354 60358 60362 60366 60370 60374 60378 60382 60386 60390 60394 60398 60402 60406 60410 60414 60418 60422 60426 60430 60434 60438 60442 60446 60450 60454 60458 60462 60466 60470 60474 60478 60482 60486 60490 60494 60498 60502 60506 60510 60514 60518 60522 60526 60530 60534 60538 60542 60546 60550 60554 60558 60562 60566 60570 60574 60578 60582 60586 60590 60594 60598 60602 60606 60610 60614 60618 60622 60626 60630 60634 60638 60642 60646 60650 60654 60658 60662 60666 60670 60674 60678 60682 60686 60690 60694 60698 60702 60706 60710 60714 60718 60722 60726 60730 60734 60738 60742 60746 60750 60754 60758 60762 60766 60770 60774 60778 60782 60786 60790 60794 60798 60802 60806 60810 60814 60818 60822 60826 60830 60834 60838 60842 60846 60850 60854 60858 60862 60866 60870 60874 60878 60882 60886 60890 60894 60898 60902 60906 60910 60914 60918 60922 60926 60930 60934 60938 60942 60946 60950 60954 60958 60962 60966 60970 60974 60978 60982 60986 60990 60994 60998 61002 61006 61010 61014 61018 61022 61026 61030 61034 61038 61042 61046 61050 61054 61058 61062 61066 61070 61074 61078 61082 61086 61090 61094 61098 61102 61106 61110 61114 61118 61122 61126 61130 61134 61138 61142 61146 61150 61154 61158 61162 61166 61170 61174 61178 61182 61186 61190 61194 61198 61202 61206 61210 61214 61218 61222 61226 61230 61234 61238 61242 61246 61250 61254 61258 61262 61266 61270 61274 61278 61282 61286 61290 61294 61298 61302 61306 61310 61314 61318 61322 61326 61330 61334 61338 61342 61346 61350 61354 61358 61362 61366 61370 61374 61378 61382 61386 61390 61394 61398 61402 61406 61410 61414 61418 61422 61426 61430 61434 61438 61442 61446 61450 61454 61458 61462 61466 61470 61474 61478 61482 61486 61490 61494 61498 61502 61506 61510 61514 61518 61522 61526 61530 61534 61538 61542 61546 61550 61554 61558 61562 61566 61570 61574 61578 61582 61586 61590 61594 61598 61602 61606 61610 61614 61618 61622 61626 61630 61634 61638 61642 61646 61650 61654 61658 61662 61666 61670 61674 61678 61682 61686 61690 61694 61698 61702 61706 61710 61714 61718 61722 61726 61730 61734 61738 61742 61746 61750 61754 61758 61762 61766 61770 61774 61778 61782 61786 61790 61794 61798 61802 61806 61810 61814 61818 61822 61826 61830 61834 61838 61842 61846 61850 61854 61858 61862 61866 61870 61874 61878 61882 61886 61890 61894 61898 61902 61906 61910 61914 61918 61922 61926 61930 61934 61938 61942 61946 61950 61954 61958 61962 61966 61970 61974 61978 61982 61986 61990 61994 61998 62002 62006 62010 62014 62018 62022 62026 62030 62034 62038 62042 62046 62050 62054 62058 62062 62066 62070 62074 62078 62082 62086 62090 62094 62098 62102 62106 62110 62114 62118 62122 62126 62130 62134 62138 62142 62146 62150 62154 62158 62162 62166 62170 62174 62178 62182 62186 62190 62194 62198 62202 62206 62210 62214 62218 62222 62226 62230 62234 62238 62242 62246 62250 62254 62258 62262 62266 62270 62274 62278 62282 62286 62290 62294 62298 62302 62306 62310 62314 62318 62322 62326 62330 62334 62338 62342 62346 62350 62354 62358 62362 62366 62370 62374 62378 62382 62386 62390 62394 62398 62402 62406 62410 62414 62418 62422 62426 62430 62434 62438 62442 62446 62450 62454 62458 62462 62466 62470 62474 62478 62482 62486 62490 62494 62498 62502 62506 62510 62514 62518 62522 62526 62530 62534 62538 62542 62546 62550 62554 62558 62562 62566 62570 62574 62578 62582 62586 62590 62594 62598 62602 62606 62610 62614 62618 62622 62626 62630 62634 62638 62642 62646 62650 62654 62658 62662 62666 62670 62674 62678 62682 62686 62690 62694 62698 62702 62706 62710 62714 62718 62722 62726 62730 62734 62738 62742 62746 62750 62754 62758 62762 62766 62770 62774 62778 62782 62786 62790 62794 62798 62802 62806 62810 62814 62818 62822 62826 62830 62834 62838 62842 62846 62850 62854 62858 62862 62866 62870 62874 62878 62882 62886 62890 62894 62898 62902 62906 62910 62914 62918 62922 62926 62930 62934 62938 62942 62946 62950 62954 62958 62962 62966 62970 62974 62978 62982 62986 62990 62994 62998 63002 63006 63010 63014 63018 63022 63026 63030 63034 63038 63042 63046 63050 63054 63058 63062 63066 63070 63074 63078 63082 63086 63090 63094 63098 63102 63106 63110 63114 63118 63122 63126 63130 63134 63138 63142 63146 63150 63154 63158 63162 63166 63170 63174 63178 63182 63186 63190 63194 63198 63202 63206 63210 63214 63218 63222 63226 63230 63234 63238 63242 63246 63250 63254 63258 63262 63266 63270 63274 63278 63282 63286 63290 63294 63298 63302 63306 63310 63314 63318 63322 63326 63330 63334 63338 63342 63346 63350 63354 63358 63362 63366 63370 63374 63378 63382 63386 63390 63394 63398 63402 63406 63410 63414 63418 63422 63426 63430 63434 63438 63442 63446 63450 63454 63458 63462 63466 63470 63474 63478 63482 63486 63490 63494 63498 63502 63506 63510 63514 63518 63522 63526 63530 63534 63538 63542 63546 63550 63554 63558 63562 63566 63570 63574 63578 63582 63586 63590 63594 63598 63602 63606 63610 63614 63618 63622 63626 63630 63634 63638 63642 63646 63650 63654 63658 63662 63666 63670 63674 63678 63682 63686 63690 63694 63698 63702 63706 63710 63714 63718 63722 63726 63730 63734 63738 63742 63746 63750 63754 63758 63762 63766 63770 63774 63778 63782 63786 63790 63794 63798 63802 63806 63810 63814 63818 63822 63826 63830 63834 63838 63842 63846 63850 63854 63858 63862 63866 63870 63874 63878 63882 63886 63890 63894 63898 63902 63906 63910 63914 63918 63922 63926 63930 63934 63938 63942 63946 63950 63954 63958 63962 63966 63970 63974 63978 63982 63986 63990 63994 63998 64002 64006 64010 64014 64018 64022 64026 64030 64034 64038 64042 64046 64050 64054 64058 64062 64066 64070 64074 64078 64082 64086 64090 64094 64098 64102 64106 64110 64114 64118 64122 64126 64130 64134 64138 64142 64146 64150 64154 64158 64162 64166 64170 64174 64178 64182 64186 64190 64194 64198 64202 64206 64210 64214 64218 64222 64226 64230 64234 64238 64242 64246 64250 64254 64258 64262 64266 64270 64274 64278 64282 64286 64290 64294 64298 64302 64306 64310 64314 64318 64322 64326 64330 64334 64338 64342 64346 64350 64354 64358 64362 64366 64370 64374 64378 64382 64386 64390 64394 64398 64402 64406 64410 64414 64418 64422 64426 64430 64434 64438 64442 64446 64450 64454 64458 64462 64466 64470 64474 64478 64482 64486 64490 64494 64498 64502 64506 64510 64514 64518 64522 64526 64530 64534 64538 64542 64546 64550 64554 64558 64562 64566 64570 64574 64578 64582 64586 64590 64594 64598 64602 64606 64610 64614 64618 64622 64626 64630 64634 64638 64642 64646 64650 64654 64658 64662 64666 64670 64674 64678 64682 64686 64690 64694 64698 64702 64706 64710 64714 64718 64722 64726 64730 64734 64738 64742 64746 64750 64754 64758 64762 64766 64770 64774 64778 64782 64786 64790 64794 64798 64802 64806 64810 64814 64818 64822 64826 64830 64834 64838 64842 64846 64850 64854 64858 64862 64866 64870 64874 64878 64882 64886 64890 64894 64898 64902 64906 64910 64914 64918 64922 64926 64930 64934 64938 64942 64946 64950 64954 64958 64962 64966 64970 64974 64978 64982 64986 64990 64994 64998 65002 65006 65010 65014 65018 65022 65026 65030 65034 65038 65042 65046 65050 65054 65058 65062 65066 65070 65074 65078 65082 65086 65090 65094 65098 65102 65106 65110 65114 65118 65122 65126 65130 65134 65138 65142 65146 65150 65154 65158 65162 65166 65170 65174 65178 65182 65186 65190 65194 65198 65202 65206 65210 65214 65218 65222 65226 65230 65234 65238 65242 65246 65250 65254 65258 65262 65266 65270 65274 65278 65282 65286 65290 65294 65298 65302 65306 65310 65314 65318 65322 65326 65330 65334 65338 65342 65346 65350 65354 65358 65362 65366 65370 65374 65378 65382 65386 65390 65394 65398 65402 65406 65410 65414 65418 65422 65426 65430 65434 65438 65442 65446 65450 65454 65458 65462 65466 65470 65474 65478 65482 65486 65490 65494 65498 65502 65506 65510 65514 65518 65522 65526 65530 65534 65538 65542 65546 65550 65554 65558 65562 65566 65570 65574 65578 65582 65586 65590 65594 65598 65602 65606 65610 65614 65618 65622 65626 65630 65634 65638 65642 65646 65650 65654 65658 65662 65666 65670 65674 65678 65682 65686 65690 65694 65698 65702 65706 65710 65714 65718 65722 65726 65730 65734 65738 65742 65746 65750 65754 65758 65762 65766 65770 65774 65778 65782 65786 65790 65794 65798 65802 65806 65810 65814 65818 65822 65826 65830 65834 65838 65842 65846 65850 65854 65858 65862 65866 65870 65874 65878 65882 65886 65890 65894 65898 65902 65906 65910 65914 65918 65922 65926 65930 65934 65938 65942 65946 65950 65954 65958 65962 65966 65970 65974 65978 65982 65986 65990 65994 65998 66002 66006 66010 66014 66018 66022 66026 66030 66034 66038 66042 66046 66050 66054 66058 66062 66066 66070 66074 66078 66082 66086 66090 66094 66098 66102 66106 66110 66114 66118 66122 66126 66130 66134 66138 66142 66146 66150 66154 66158 66162 66166 66170 66174 66178 66182 66186 66190 66194 66198 66202 66206 66210 66214 66218 66222 66226 66230 66234 66238 66242 66246 66250 66254 66258 66262 66266 66270 66274 66278 66282 66286 66290 66294 66298 66302 66306 66310 66314 66318 66322 66326 66330 66334 66338 66342 66346 66350 66354 66358 66362 66366 66370 66374 66378 66382 66386 66390 66394 66398 66402 66406 66410 66414 66418 66422 66426 66430 66434 66438 66442 66446 66450 66454 66458 66462 66466 66470 66474 66478 66482 66486 66490 66494 66498 66502 66506 66510 66514 66518 66522 66526 66530 66534 66538 66542 66546 66550 66554 66558 66562 66566 66570 66574 66578 66582 66586 66590 66594 66598 66602 66606 66610 66614 66618 66622 66626 66630 66634 66638 66642 66646 66650 66654 66658 66662 66666 66670 66674 66678 66682 66686 66690 66694 66698 66702 66706 66710 66714 66718 66722 66726 66730 66734 66738 66742 66746 66750 66754 66758 66762 66766 66770 66774 66778 66782 66786 66790 66794 66798 66802 66806 66810 66814 66818 66822 66826 66830 66834 66838 66842 66846 66850 66854 66858 66862 66866 66870 66874 66878 66882 66886 66890 66894 66898 66902 66906 66910 66914 66918 66922 66926 66930 66934 66938 66942 66946 66950 66954 66958 66962 66966 66970 66974 66978 66982 66986 66990 66994 66998 67002 67006 67010 67014 67018 67022 67026 67030 67034 67038 67042 67046 67050 67054 67058 67062 67066 67070 67074 67078 67082 67086 67090 67094 67098 67102 67106 67110 67114 67118 67122 67126 67130 67134 67138 67142 67146 67150 67154 67158 67162 67166 67170 67174 67178 67182 67186 67190 67194 67198 67202 67206 67210 67214 67218 67222 67226 67230 67234 67238 67242 67246 67250 67254 67258 67262 67266 67270 67274 67278 67282 67286 67290 67294 67298 67302 67306 67310 67314 67318 67322 67326 67330 67334 67338 67342 67346 67350 67354 67358 67362 67366 67370 67374 67378 67382 67386 67390 67394 67398 67402 67406 67410 67414 67418 67422 67426 67430 67434 67438 67442 67446 67450 67454 67458 67462 67466 67470 67474 67478 67482 67486 67490 67494 67498 67502 67506 67510 67514 67518 67522 67526 67530 67534 67538 67542 67546 67550 67554 67558 67562 67566 67570 67574 67578 67582 67586 67590 67594 67598 67602 67606 67610 67614 67618 67622 67626 67630 67634 67638 67642 67646 67650 67654 67658 67662 67666 67670 67674 67678 67682 67686 67690 67694 67698 67702 67706 67710 67714 67718 67722 67726 67730 67734 67738 67742 67746 67750 67754 67758 67762 67766 67770 67774 67778 67782 67786 67790 67794 67798 67802 67806 67810 67814 67818 67822 67826 67830 67834 67838 67842 67846 67850 67854 67858 67862 67866 67870 67874 67878 67882 67886 67890 67894 67898 67902 67906 67910 67914 67918 67922 67926 67930 67934 67938 67942 67946 67950 67954 67958 67962 67966 67970 67974 67978 67982 67986 67990 67994 67998 68002 68006 68010 68014 68018 68022 68026 68030 68034 68038 68042 68046 68050 68054 68058 68062 68066 68070 68074 68078 68082 68086 68090 68094 68098 68102 68106 68110 68114 68118 68122 68126 68130 68134 68138 68142 68146 68150 68154 68158 68162 68166 68170 68174 68178 68182 68186 68190 68194 68198 68202 68206 68210 68214 68218 68222 68226 68230 68234 68238 68242 68246 68250 68254 68258 68262 68266 68270 68274 68278 68282 68286 68290 68294 68298 68302 68306 68310 68314 68318 68322 68326 68330 68334 68338 68342 68346 68350 68354 68358 68362 68366 68370 68374 68378 68382 68386 68390 68394 68398 68402 68406 68410 68414 68418 68422 68426 68430 68434 68438 68442 68446 68450 68454 68458 68462 68466 68470 68474 68478 68482 68486 68490 68494 68498 68502 68506 68510 68514 68518 68522 68526 68530 68534 68538 68542 68546 68550 68554 68558 68562 68566 68570 68574 68578 68582 68586 68590 68594 68598 68602 68606 68610 68614 68618 68622 68626 68630 68634 68638 68642 68646 68650 68654 68658 68662 68666 68670 68674 68678 68682 68686 68690 68694 68698 68702 68706 68710 68714 68718 68722 68726 68730 68734 68738 68742 68746 68750 68754 68758 68762 68766 68770 68774 68778 68782 68786 68790 68794 68798 68802 68806 68810 68814 68818 68822 68826 68830 68834 68838 68842 68846 68850 68854 68858 68862 68866 68870 68874 68878 68882 68886 68890 68894 68898 68902 68906 68910 68914 68918 68922 68926 68930 68934 68938 68942 68946 68950 68954 68958 68962 68966 68970 68974 68978 68982 68986 68990 68994 68998 69002 69006 69010 69014 69018 69022 69026 69030 69034 69038 69042 69046 69050 69054 69058 69062 69066 69070 69074 69078 69082 69086 69090 69094 69098 69102 69106 69110 69114 69118 69122 69126 69130 69134 69138 69142 69146 69150 69154 69158 69162 69166 69170 69174 69178 69182 69186 69190 69194 69198 69202 69206 69210 69214 69218 69222 69226 69230 69234 69238 69242 69246 69250 69254 69258 69262 69266 69270 69274 69278 69282 69286 69290 69294 69298 69302 69306 69310 69314 69318 69322 69326 69330 69334 69338 69342 69346 69350 69354 69358 69362 69366 69370 69374 69378 69382 69386 69390 69394 69398 69402 69406 69410 69414 69418 69422 69426 69430 69434 69438 69442 69446 69450 69454 69458 69462 69466 69470 69474 69478 69482 69486 69490 69494 69498 69502 69506 69510 69514 69518 69522 69526 69530 69534 69538 69542 69546 69550 69554 69558 69562 69566 69570 69574 69578 69582 69586 69590 69594 69598 69602 69606 69610 69614 69618 69622 69626 69630 69634 69638 69642 69646 69650 69654 69658 69662 69666 69670 69674 69678 69682 69686 69690 69694 69698 69702 69706 69710 69714 69718 69722 69726 69730 69734 69738 69742 69746 69750 69754 69758 69762 69766 69770 69774 69778 69782 69786 69790 69794 69798 69802 69806 69810 69814 69818 69822 69826 69830 69834 69838 69842 69846 69850 69854 69858 69862 69866 69870 69874 69878 69882 69886 69890 69894 69898 69902 69906 69910 69914 69918 69922 69926 69930 69934 69938 69942 69946 69950 69954 69958 69962 69966 69970 69974 69978 69982 69986 69990 69994 69998 70002 70006 70010 70014 70018 70022 70026 70030 70034 70038 70042 70046 70050 70054 70058 70062 70066 70070 70074 70078 70082 70086 70090 70094 70098 70102 70106 70110 70114 70118 70122 70126 70130 70134 70138 70142 70146 70150 70154 70158 70162 70166 70170 70174 70178 70182 70186 70190 70194 70198 70202 70206 70210 70214 70218 70222 70226 70230 70234 70238 70242 70246 70250 70254 70258 70262 70266 70270 70274 70278 70282 70286 70290 70294 70298 70302 70306 70310 70314 70318 70322 70326 70330 70334 70338 70342 70346 70350 70354 70358 70362 70366 70370 70374 70378 70382 70386 70390 70394 70398 70402 70406 70410 70414 70418 70422 70426 70430 70434 70438 70442 70446 70450 70454 70458 70462 70466 70470 70474 70478 70482 70486 70490 70494 70498 70502 70506 70510 70514 70518 70522 70526 70530 70534 70538 70542 70546 70550 70554 70558 70562 70566 70570 70574 70578 70582 70586 70590 70594 70598 70602 70606 70610 70614 70618 70622 70626 70630 70634 70638 70642 70646 70650 70654 70658 70662 70666 70670 70674 70678 70682 70686 70690 70694 70698 70702 70706 70710 70714 70718 70722 70726 70730 70734 70738 70742 70746 70750 70754 70758 70762 70766 70770 70774 70778 70782 70786 70790 70794 70798 70802 70806 70810 70814 70818 70822 70826 70830 70834 70838 70842 70846 70850 70854 70858 70862 70866 70870 70874 70878 70882 70886 70890 70894 70898 70902 70906 70910 70914 70918 70922 70926 70930 70934 70938 70942 70946 70950 70954 70958 70962 70966 70970 70974 70978 70982 70986 70990 70994 70998 71002 71006 71010 71014 71018 71022 71026 71030 71034 71038 71042 71046 71050 71054 71058 71062 71066 71070 71074 71078 71082 71086 71090 71094 71098 71102 71106 71110 71114 71118 71122 71126 71130 71134 71138 71142 71146 71150 71154 71158 71162 71166 71170 71174 71178 71182 71186 71190 71194 71198 71202 71206 71210 71214 71218 71222 71226 71230 71234 71238 71242 71246 71250 71254 71258 71262 71266 71270 71274 71278 71282 71286 71290 71294 71298 71302 71306 71310 71314 71318 71322 71326 71330 71334 71338 71342 71346 71350 71354 71358 71362 71366 71370 71374 71378 71382 71386 71390 71394 71398 71402 71406 71410 71414 71418 71422 71426 71430 71434 71438 71442 71446 71450 71454 71458 71462 71466 71470 71474 71478 71482 71486 71490 71494 71498 71502 71506 71510 71514 71518 71522 71526 71530 71534 71538 71542 71546 71550 71554 71558 71562 71566 71570 71574 71578 71582 71586 71590 71594 71598 71602 71606 71610 71614 71618 71622 71626 71630 71634 71638 71642 71646 71650 71654 71658 71662 71666 71670 71674 71678 71682 71686 71690 71694 71698 71702 71706 71710 71714 71718 71722 71726 71730 71734 71738 71742 71746 71750 71754 71758 71762 71766 71770 71774 71778 71782 71786 71790 71794 71798 71802 71806 71810 71814 71818 71822 71826 71830 71834 71838 71842 71846 71850 71854 71858 71862 71866 71870 71874 71878 71882 71886 71890 71894 71898 71902 71906 71910 71914 71918 71922 71926 71930 71934 71938 71942 71946 71950 71954 71958 71962 71966 71970 71974 71978 71982 71986 71990 71994 71998 72002 72006 72010 72014 72018 72022 72026 72030 72034 72038 72042 72046 72050 72054 72058 72062 72066 72070 72074 72078 72082 72086 72090 72094 72098 72102 72106 72110 72114 72118 72122 72126 72130 72134 72138 72142 72146 72150 72154 72158 72162 72166 72170 72174 72178 72182 72186 72190 72194 72198 72202 72206 72210 72214 72218 72222 72226 72230 72234 72238 72242 72246 72250 72254 72258 72262 72266 72270 72274 72278 72282 72286 72290 72294 72298 72302 72306 72310 72314 72318 72322 72326 72330 72334 72338 72342 72346 72350 72354 72358 72362 72366 72370 72374 72378 72382 72386 72390 72394 72398 72402 72406 72410 72414 72418 72422 72426 72430 72434 72438 72442 72446 72450 72454 72458 72462 72466 72470 72474 72478 72482 72486 72490 72494 72498 72502 72506 72510 72514 72518 72522 72526 72530 72534 72538 72542 72546 72550 72554 72558 72562 72566 72570 72574 72578 72582 72586 72590 72594 72598 72602 72606 72610 72614 72618 72622 72626 72630 72634 72638 72642 72646 72650 72654 72658 72662 72666 72670 72674 72678 72682 72686 72690 72694 72698 72702 72706 72710 72714 72718 72722 72726 72730 72734 72738 72742 72746 72750 72754 72758 72762 72766 72770 72774 72778 72782 72786 72790 72794 72798 72802 72806 72810 72814 72818 72822 72826 72830 72834 72838 72842 72846 72850 72854 72858 72862 72866 72870 72874 72878 72882 72886 72890 72894 72898 72902 72906 72910 72914 72918 72922 72926 72930 72934 72938 72942 72946 72950 72954 72958 72962 72966 72970 72974 72978 72982 72986 72990 72994 72998 73002 73006 73010 73014 73018 73022 73026 73030 73034 73038 73042 73046 73050 73054 73058 73062 73066 73070 73074 73078 73082 73086 73090 73094 73098 73102 73106 73110 73114 73118 73122 73126 73130 73134 73138 73142 73146 73150 73154 73158 73162 73166 73170 73174 73178 73182 73186 73190 73194 73198 73202 73206 73210 73214 73218 73222 73226 73230 73234 73238 73242 73246 73250 73254 73258 73262 73266 73270 73274 73278 73282 73286 73290 73294 73298 73302 73306 73310 73314 73318 73322 73326 73330 73334 73338 73342 73346 73350 73354 73358 73362 73366 73370 73374 73378 73382 73386 73390 73394 73398 73402 73406 73410 73414 73418 73422 73426 73430 73434 73438 73442 73446 73450 73454 73458 73462 73466 73470 73474 73478 73482 73486 73490 73494 73498 73502 73506 73510 73514 73518 73522 73526 73530 73534 73538 73542 73546 73550 73554 73558 73562 73566 73570 73574 73578 73582 73586 73590 73594 73598 73602 73606 73610 73614 73618 73622 73626 73630 73634 73638 73642 73646 73650 73654 73658 73662 73666 73670 73674 73678 73682 73686 73690 73694 73698 73702 73706 73710 73714 73718 73722 73726 73730 73734 73738 73742 73746 73750 73754 73758 73762 73766 73770 73774 73778 73782 73786 73790 73794 73798 73802 73806 73810 73814 73818 73822 73826 73830 73834 73838 73842 73846 73850 73854 73858 73862 73866 73870 73874 73878 73882 73886 73890 73894 73898 73902 73906 73910 73914 73918 73922 73926 73930 73934 73938 73942 73946 73950 73954 73958 73962 73966 73970 73974 73978 73982 73986 73990 73994 73998 74002 74006 74010 74014 74018 74022 74026 74030 74034 74038 74042 74046 74050 74054 74058 74062 74066 74070 74074 74078 74082 74086 74090 74094 74098 74102 74106 74110 74114 74118 74122 74126 74130 74134 74138 74142 74146 74150 74154 74158 74162 74166 74170 74174 74178 74182 74186 74190 74194 74198 74202 74206 74210 74214 74218 74222 74226 74230 74234 74238 74242 74246 74250 74254 74258 74262 74266 74270 74274 74278 74282 74286 74290 74294 74298 74302 74306 74310 74314 74318 74322 74326 74330 74334 74338 74342 74346 74350 74354 74358 74362 74366 74370 74374 74378 74382 74386 74390 74394 74398 74402 74406 74410 74414 74418 74422 74426 74430 74434 74438 74442 74446 74450 74454 74458 74462 74466 74470 74474 74478 74482 74486 74490 74494 74498 74502 74506 74510 74514 74518 74522 74526 74530 74534 74538 74542 74546 74550 74554 74558 74562 74566 74570 74574 74578 74582 74586 74590 74594 74598 74602 74606 74610 74614 74618 74622 74626 74630 74634 74638 74642 74646 74650 74654 74658 74662 74666 74670 74674 74678 74682 74686 74690 74694 74698 74702 74706 74710 74714 74718 74722 74726 74730 74734 74738 74742 74746 74750 74754 74758 74762 74766 74770 74774 74778 74782 74786 74790 74794 74798 74802 74806 74810 74814 74818 74822 74826 74830 74834 74838 74842 74846 74850 74854 74858 74862 74866 74870 74874 74878 74882 74886 74890 74894 74898 74902 74906 74910 74914 74918 74922 74926 74930 74934 74938 74942 74946 74950 74954 74958 74962 74966 74970 74974 74978 74982 74986 74990 74994 74998 75002 75006 75010 75014 75018 75022 75026 75030 75034 75038 75042 75046 75050 75054 75058 75062 75066 75070 75074 75078 75082 75086 75090 75094 75098 75102 75106 75110 75114 75118 75122 75126 75130 75134 75138 75142 75146 75150 75154 75158 75162 75166 75170 75174 75178 75182 75186 75190 75194 75198 75202 75206 75210 75214 75218 75222 75226 75230 75234 75238 75242 75246 75250 75254 75258 75262 75266 75270 75274 75278 75282 75286 75290 75294 75298 75302 75306 75310 75314 75318 75322 75326 75330 75334 75338 75342 75346 75350 75354 75358 75362 75366 75370 75374 75378 75382 75386 75390 75394 75398 75402 75406 75410 75414 75418 75422 75426 75430 75434 75438 75442 75446 75450 75454 75458 75462 75466 75470 75474 75478 75482 75486 75490 75494 75498 75502 75506 75510 75514 75518 75522 75526 75530 75534 75538 75542 75546 75550 75554 75558 75562 75566 75570 75574 75578 75582 75586 75590 75594 75598 75602 75606 75610 75614 75618 75622 75626 75630 75634 75638 75642 75646 75650 75654 75658 75662 75666 75670 75674 75678 75682 75686 75690 75694 75698 75702 75706 75710 75714 75718 75722 75726 75730 75734 75738 75742 75746 75750 75754 75758 75762 75766 75770 75774 75778 75782 75786 75790 75794 75798 75802 75806 75810 75814 75818 75822 75826 75830 75834 75838 75842 75846 75850 75854 75858 75862 75866 75870 75874 75878 75882 75886 75890 75894 75898 75902 75906 75910 75914 75918 75922 75926 75930 75934 75938 75942 75946 75950 75954 75958 75962 75966 75970 75974 75978 75982 75986 75990 75994 75998 76002 76006 76010 76014 76018 76022 76026 76030 76034 76038 76042 76046 76050 76054 76058 76062 76066 76070 76074 76078 76082 76086 76090 76094 76098 76102 76106 76110 76114 76118 76122 76126 76130 76134 76138 76142 76146 76150 76154 76158 76162 76166 76170 76174 76178 76182 76186 76190 76194 76198 76202 76206 76210 76214 76218 76222 76226 76230 76234 76238 76242 76246 76250 76254 76258 76262 76266 76270 76274 76278 76282 76286 76290 76294 76298 76302 76306 76310 76314 76318 76322 76326 76330 76334 76338 76342 76346 76350 76354 76358 76362 76366 76370 76374 76378 76382 76386 76390 76394 76398 76402 76406 76410 76414 76418 76422 76426 76430 76434 76438 76442 76446 76450 76454 76458 76462 76466 76470 76474 76478 76482 76486 76490 76494 76498 76502 76506 76510 76514 76518 76522 76526 76530 76534 76538 76542 76546 76550 76554 76558 76562 76566 76570 76574 76578 76582 76586 76590 76594 76598 76602 76606 76610 76614 76618 76622 76626 76630 76634 76638 76642 76646 76650 76654 76658 76662 76666 76670 76674 76678 76682 76686 76690 76694 76698 76702 76706 76710 76714 76718 76722 76726 76730 76734 76738 76742 76746 76750 76754 76758 76762 76766 76770 76774 76778 76782 76786 76790 76794 76798 76802 76806 76810 76814 76818 76822 76826 76830 76834 76838 76842 76846 76850 76854 76858 76862 76866 76870 76874 76878 76882 76886 76890 76894 76898 76902 76906 76910 76914 76918 76922 76926 76930 76934 76938 76942 76946 76950 76954 76958 76962 76966 76970 76974 76978 76982 76986 76990 76994 76998 77002 77006 77010 77014 77018 77022 77026 77030 77034 77038 77042 77046 77050 77054 77058 77062 77066 77070 77074 77078 77082 77086 77090 77094 77098 77102 77106 77110 77114 77118 77122 77126 77130 77134 77138 77142 77146 77150 77154 77158 77162 77166 77170 77174 77178 77182 77186 77190 77194 77198 77202 77206 77210 77214 77218 77222 77226 77230 77234 77238 77242 77246 77250 77254 77258 77262 77266 77270 77274 77278 77282 77286 77290 77294 77298 77302 77306 77310 77314 77318 77322 77326 77330 77334 77338 77342 77346 77350 77354 77358 77362 77366 77370 77374 77378 77382 77386 77390 77394 77398 77402 77406 77410 77414 77418 77422 77426 77430 77434 77438 77442 77446 77450 77454 77458 77462 77466 77470 77474 77478 77482 77486 77490 77494 77498 77502 77506 77510 77514 77518 77522 77526 77530 77534 77538 77542 77546 77550 77554 77558 77562 77566 77570 77574 77578 77582 77586 77590 77594 77598 77602 77606 77610 77614 77618 77622 77626 77630 77634 77638 77642 77646 77650 77654 77658 77662 77666 77670 77674 77678 77682 77686 77690 77694 77698 77702 77706 77710 77714 77718 77722 77726 77730 77734 77738 77742 77746 77750 77754 77758 77762 77766 77770 77774 77778 77782 77786 77790 77794 77798 77802 77806 77810 77814 77818 77822 77826 77830 77834 77838 77842 77846 77850 77854 77858 77862 77866 77870 77874 77878 77882 77886 77890 77894 77898 77902 77906 77910 77914 77918 77922 77926 77930 77934 77938 77942 77946 77950 77954 77958 77962 77966 77970 77974 77978 77982 77986 77990 77994 77998 78002 78006 78010 78014 78018 78022 78026 78030 78034 78038 78042 78046 78050 78054 78058 78062 78066 78070 78074 78078 78082 78086 78090 78094 78098 78102 78106 78110 78114 78118 78122 78126 78130 78134 78138 78142 78146 78150 78154 78158 78162 78166 78170 78174 78178 78182 78186 78190 78194 78198 78202 78206 78210 78214 78218 78222 78226 78230 78234 78238 78242 78246 78250 78254 78258 78262 78266 78270 78274 78278 78282 78286 78290 78294 78298 78302 78306 78310 78314 78318 78322 78326 78330 78334 78338 78342 78346 78350 78354 78358 78362 78366 78370 78374 78378 78382 78386 78390 78394 78398 78402 78406 78410 78414 78418 78422 78426 78430 78434 78438 78442 78446 78450 78454 78458 78462 78466 78470 78474 78478 78482 78486 78490 78494 78498 78502 78506 78510 78514 78518 78522 78526 78530 78534 78538 78542 78546 78550 78554 78558 78562 78566 78570 78574 78578 78582 78586 78590 78594 78598 78602 78606 78610 78614 78618 78622 78626 78630 78634 78638 78642 78646 78650 78654 78658 78662 78666 78670 78674 78678 78682 78686 78690 78694 78698 78702 78706 78710 78714 78718 78722 78726 78730 78734 78738 78742 78746 78750 78754 78758 78762 78766 78770 78774 78778 78782 78786 78790 78794 78798 78802 78806 78810 78814 78818 78822 78826 78830 78834 78838 78842 78846 78850 78854 78858 78862 78866 78870 78874 78878 78882 78886 78890 78894 78898 78902 78906 78910 78914 78918 78922 78926 78930 78934 78938 78942 78946 78950 78954 78958 78962 78966 78970 78974 78978 78982 78986 78990 78994 78998 79002 79006 79010 79014 79018 79022 79026 79030 79034 79038 79042 79046 79050 79054 79058 79062 79066 79070 79074 79078 79082 79086 79090 79094 79098 79102 79106 79110 79114 79118 79122 79126 79130 79134 79138 79142 79146 79150 79154 79158 79162 79166 79170 79174 79178 79182 79186 79190 79194 79198 79202 79206 79210 79214 79218 79222 79226 79230 79234 79238 79242 79246 79250 79254 79258 79262 79266 79270 79274 79278 79282 79286 79290 79294 79298 79302 79306 79310 79314 79318 79322 79326 79330 79334 79338 79342 79346 79350 79354 79358 79362 79366 79370 79374 79378 79382 79386 79390 79394 79398 79402 79406 79410 79414 79418 79422 79426 79430 79434 79438 79442 79446 79450 79454 79458 79462 79466 79470 79474 79478 79482 79486 79490 79494 79498 79502 79506 79510 79514 79518 79522 79526 79530 79534 79538 79542 79546 79550 79554 79558 79562 79566 79570 79574 79578 79582 79586 79590 79594 79598 79602 79606 79610 79614 79618 79622 79626 79630 79634 79638 79642 79646 79650 79654 79658 79662 79666 79670 79674 79678 79682 79686 79690 79694 79698 79702 79706 79710 79714 79718 79722 79726 79730 79734 79738 79742 79746 79750 79754 79758 79762 79766 79770 79774 79778 79782 79786 79790 79794 79798 79802 79806 79810 79814 79818 79822 79826 79830 79834 79838 79842 79846 79850 79854 79858 79862 79866 79870 79874 79878 79882 79886 79890 79894 79898 79902 79906 79910 79914 79918 79922 79926 79930 79934 79938 79942 79946 79950 79954 79958 79962 79966 79970 79974 79978 79982 79986 79990 79994 79998 80002 80006 80010 80014 80018 80022 80026 80030 80034 80038 80042 80046 80050 80054 80058 80062 80066 80070 80074 80078 80082 80086 80090 80094 80098 80102 80106 80110 80114 80118 80122 80126 80130 80134 80138 80142 80146 80150 80154 80158 80162 80166 80170 80174 80178 80182 80186 80190 80194 80198 80202 80206 80210 80214 80218 80222 80226 80230 80234 80238 80242 80246 80250 80254 80258 80262 80266 80270 80274 80278 80282 80286 80290 80294 80298 80302 80306 80310 80314 80318 80322 80326 80330 80334 80338 80342 80346 80350 80354 80358 80362 80366 80370 80374 80378 80382 80386 80390 80394 80398 80402 80406 80410 80414 80418 80422 80426 80430 80434 80438 80442 80446 80450 80454 80458 80462 80466 80470 80474 80478 80482 80486 80490 80494 80498 80502 80506 80510 80514 80518 80522 80526 80530 80534 80538 80542 80546 80550 80554 80558 80562 80566 80570 80574 80578 80582 80586 80590 80594 80598 80602 80606 80610 80614 80618 80622 80626 80630 80634 80638 80642 80646 80650 80654 80658 80662 80666 80670 80674 80678 80682 80686 
        </DataArray>
        <DataArray type="UInt8" Name="types" format="ascii">
          5 5 5 5 5 5 5 5 5 5 5 5 5 5 5 5 5 5 5 5 5 5 5 5 5 5 5 5 5 5 5 5 5 5 5 5 5 5 5 5 5 5 5 5 5 5 5 5 5 5 5 5 5 5 5 5 5 5 5 5 5 5 5 5 5 5 5 5 5 5 5 5 5 5 5 5 5 5 5 5 5 5 5 5 5 5 5 5 5 5 5 5 5 5 5 5 5 5 5 5 5 5 5 5 5 5 5 5 5 5 5 5 5 5 5 5 5 5 5 5 5 5 5 5 5 5 5 5 5 5 5 5 5 5 5 5 5 5 5 5 5 5 5 5 5 5 5 5 5 5 5 5 5 5 5 5 5 5 5 5 5 5 5 5 5 5 5 5 5 5 5 5 5 5 5 5 5 5 5 5 5 5 5 5 5 5 5 5 5 5 5 5 5 5 5 5 5 5 5 5 5 5 5 5 5 5 5 5 5 5 5 5 5 5 5 5 5 5 5 5 5 5 5 5 5 5 5 5 5 5 5 5 5 5 5 5 5 5 5 5 5 5 5 5 5 5 5 5 5 5 5 5 5 5 5 5 5 5 5 5 5 5 5 5 5 5 5 5 5 5 5 5 5 5 5 5 5 5 5 5 5 5 5 5 5 5 5 5 5 5 5 5 5 5 5 5 5 5 5 5 5 5 5 5 5 5 5 5 5 5 5 5 5 5 5 5 5 5 5 5 5 5 5 5 5 5 5 5 5 5 5 5 5 5 5 5 5 5 5 5 5 5 5 5 5 5 5 5 5 5 5 5 5 5 5 5 5 5 5 5 5 5 5 5 5 5 5 5 5 5 5 5 5 5 5 5 5 5 5 5 5 5 5 5 5 5 5 5 5 5 5 5 5 5 5 5 5 5 5 5 5 5 5 5 5 5 5 5 5 5 5 5 5 5 5 5 5 5 5 5 5 5 5 5 5 5 5 5 5 5 5 5 5 5 5 5 5 5 5 5 5 5 5 5 5 5 5 5 5 5 5 5 5 5 5 5 5 5 5 5 5 5 5 5 5 5 5 5 5 5 5 5 5 5 5 5 5 5 5 5 5 5 5 5 5 5 5 5 5 5 5 5 5 5 5 5 5 5 5 5 5 5 5 5 5 5 5 5 5 5 5 5 5 5 5 5 5 5 5 5 5 5 5 5 5 5 5 5 5 5 5 5 5 5 5 5 5 5 5 5 5 5 5 5 5 5 5 5 5 5 5 5 5 5 5 5 5 5 5 5 5 5 5 5 5 5 5 5 5 5 5 5 5 5 5 5 5 5 5 5 5 5 5 5 5 5 5 5 5 5 5 5 5 5 5 5 5 5 5 5 5 5 5 5 5 5 5 5 5 5 5 5 5 5 5 5 5 5 5 5 5 5 5 5 5 5 5 5 5 5 5 5 5 5 5 5 5 5 5 5 5 5 5 5 5 5 5 5 5 5 5 5 5 5 5 5 5 5 5 5 5 5 5 5 5 5 5 5 5 5 5 5 5 5 5 5 5 5 5 5 5 5 5 5 5 5 5 5 5 5 5 5 5 5 5 5 5 5 5 5 5 5 5 5 5 5 5 5 5 5 5 5 5 5 5 5 5 5 5 5 5 5 5 5 5 5 5 5 5 5 5 5 5 5 5 5 5 5 5 5 5 5 5 5 5 5 5 5 5 5 5 5 5 5 5 5 5 5 5 5 5 5 5 5 5 5 5 5 5 5 5 5 5 5 5 5 5 5 5 5 5 5 5 5 5 5 5 5 5 5 5 5 5 5 5 5 5 5 5 5 5 5 5 5 5 5 5 5 5 5 5 5 5 5 5 5 5 5 5 5 5 5 5 5 5 5 5 5 5 5 5 5 5 5 5 5 5 5 5 5 5 5 5 5 5 5 5 5 5 5 5 5 5 5 5 5 5 5 5 5 5 5 5 5 5 5 5 5 5 5 5 5 5 5 5 5 5 5 5 5 5 5 5 5 5 5 5 5 5 5 5 5 5 5 5 5 5 5 5 5 5 5 5 5 5 5 5 5 5 5 5 5 5 5 5 5 5 5 5 5 5 5 5 5 5 5 5 5 5 5 5 5 5 5 5 5 5 5 5 5 5 5 5 5 5 5 5 5 5 5 5 5 5 5 5 5 5 5 5 5 5 5 5 5 5 5 5 5 5 5 5 5 5 5 5 5 5 5 5 5 5 5 5 5 5 5 5 5 5 5 5 5 5 5 5 5 5 5 5 5 5 5 5 5 5 5 5 5 5 5 5 5 5 5 5 5 5 5 5 5 5 5 5 5 5 5 5 5 5 5 5 5 5 5 5 5 5 5 5 5 5 5 5 5 5 5 5 5 5 5 5 5 5 5 5 5 5 5 5 5 5 5 5 5 5 5 5 5 5 5 5 5 5 5 5 5 5 5 5 5 5 5 5 5 5 5 5 5 5 5 5 5 5 5 5 5 5 5 5 5 5 5 5 5 5 5 5 5 5 5 5 5 5 5 5 5 5 5 5 5 5 5 5 5 5 5 5 5 5 5 5 5 5 5 5 5 5 5 5 5 5 5 5 5 5 5 5 5 5 5 5 5 5 5 5 5 5 5 5 5 5 5 5 5 5 5 5 5 5 5 5 5 5 5 5 5 5 5 5 5 5 5 5 5 5 5 5 5 5 5 5 5 5 5 5 5 5 5 5 5 5 5 5 5 5 5 5 5 5 5 5 5 5 5 5 5 5 5 5 5 5 5 5 5 5 5 5 5 5 5 5 5 5 5 5 5 5 5 5 5 5 5 5 5 5 5 5 5 5 5 5 5 5 5 5 5 5 5 5 5 5 5 5 5 5 5 5 5 5 5 5 5 5 5 5 5 5 5 5 5 5 5 5 5 5 5 5 5 5 5 5 5 5 5 5 5 5 5 5 5 5 5 5 5 5 5 5 5 5 5 5 5 5 5 5 5 5 5 5 5 5 5 5 5 5 5 5 5 5 5 5 5 5 5 5 5 5 5 5 5 5 5 5 5 5 5 5 5 5 5 5 5 5 5 5 5 5 5 5 5 5 5 5 5 5 5 5 5 5 5 5 5 5 5 5 5 5 5 5 5 5 5 5 5 5 5 5 5 5 5 5 5 5 5 5 5 5 5 5 5 5 5 5 5 5 5 5 5 5 5 5 5 5 5 5 5 5 5 5 5 5 5 5 5 5 5 5 5 5 5 5 5 5 5 5 5 5 5 5 5 5 5 5 5 5 5 5 5 5 5 5 5 5 5 5 5 5 5 5 5 5 5 5 5 5 5 5 5 5 5 5 5 5 5 5 5 5 5 5 5 5 5 5 5 5 5 5 5 5 5 5 5 5 5 5 5 5 5 5 5 5 5 5 5 5 5 5 5 5 5 5 5 5 5 5 5 5 5 5 5 5 5 5 5 5 5 5 5 5 5 5 5 5 5 5 5 5 5 5 5 5 5 5 5 5 5 5 5 5 5 5 5 5 5 5 5 5 5 5 5 5 5 5 5 5 5 5 5 5 5 5 5 5 5 5 5 5 5 5 5 5 5 5 5 5 5 5 5 5 5 5 5 5 5 5 5 5 5 5 5 5 5 5 5 5 5 5 5 5 5 5 5 5 5 5 5 5 5 5 5 5 5 5 5 5 5 5 5 5 5 5 5 5 5 5 5 5 5 5 5 5 5 5 5 5 5 5 5 5 5 5 5 5 5 5 5 5 5 5 5 5 5 5 5 5 5 5 5 5 5 5 5 5 5 5 5 5 5 5 5 5 5 5 5 5 5 5 5 5 5 5 5 5 5 5 5 5 5 5 5 5 5 5 5 5 5 5 5 5 5 5 5 5 5 5 5 5 5 5 5 5 5 5 5 5 5 5 5 5 5 5 5 5 5 5 5 5 5 5 5 5 5 5 5 5 5 5 5 5 5 5 5 5 5 5 5 5 5 5 5 5 5 5 5 5 5 5 5 5 5 5 5 5 5 5 5 5 5 5 5 5 5 5 5 5 5 5 5 5 5 5 5 5 5 5 5 5 5 5 5 5 5 5 5 5 5 5 5 5 5 5 5 5 5 5 5 5 5 5 5 5 5 5 5 5 5 5 5 5 5 5 5 5 5 5 5 5 5 5 5 5 5 5 5 5 5 5 5 5 5 5 5 5 5 5 5 5 5 5 5 5 5 5 5 5 5 5 5 5 5 5 5 5 5 5 5 5 5 5 5 5 5 5 5 5 5 5 5 5 5 5 5 5 5 5 5 5 5 5 5 5 5 5 5 5 5 5 5 5 5 5 5 5 5 5 5 5 5 5 5 5 5 5 5 5 5 5 5 5 5 5 5 5 5 5 5 5 5 5 5 5 5 5 5 5 5 5 5 5 5 5 5 5 5 5 5 5 5 5 5 5 5 5 5 5 5 5 5 5 5 5 5 5 5 5 5 5 5 5 5 5 5 5 5 5 5 5 5 5 5 5 5 5 5 5 5 5 5 5 5 5 5 5 5 5 5 5 5 5 5 5 5 5 5 5 5 5 5 5 5 5 5 5 5 5 5 5 5 5 5 5 5 5 5 5 5 5 5 5 5 5 5 5 5 5 5 5 5 5 5 5 5 5 5 5 5 5 5 5 5 5 5 5 5 5 5 5 5 5 5 5 5 5 5 5 5 5 5 5 5 5 5 5 5 5 5 5 5 5 5 5 5 5 5 5 5 5 5 5 5 5 5 5 5 5 5 5 5 5 5 5 5 5 5 5 5 5 5 5 5 5 5 5 5 5 5 5 5 5 5 5 5 5 5 5 5 5 5 5 5 5 5 5 5 5 5 5 5 5 5 5 5 5 5 5 5 5 5 5 5 5 5 5 5 5 5 5 5 5 5 5 5 5 5 5 5 5 5 5 5 5 5 5 5 5 5 5 5 5 5 5 5 5 5 5 5 5 5 5 5 5 5 5 5 5 5 5 5 5 5 5 5 5 5 5 5 5 5 5 5 5 5 5 5 5 5 5 5 5 5 5 5 5 5 5 5 5 5 5 5 5 5 5 5 5 5 5 5 5 5 5 5 5 5 5 5 5 5 5 5 5 5 5 5 5 5 5 5 5 5 5 5 5 5 5 5 5 5 5 5 5 5 5 5 5 5 5 5 5 5 5 5 5 5 5 5 5 5 5 5 5 5 5 5 5 5 5 5 5 5 5 5 5 5 5 5 5 5 5 5 5 5 5 5 5 5 5 5 5 5 5 5 5 5 5 5 5 5 5 5 5 5 5 5 5 5 5 5 5 5 5 5 5 5 5 5 5 5 5 5 5 5 5 5 5 5 5 5 5 5 5 5 5 5 5 5 5 5 5 5 5 5 5 5 5 5 5 5 5 5 5 5 5 5 5 5 5 5 5 5 5 5 5 5 5 5 5 5 5 5 5 5 5 5 5 5 5 5 5 5 5 5 5 5 5 5 5 5 5 5 5 5 5 5 5 5 5 5 5 5 5 5 5 5 5 5 5 5 5 5 5 5 5 5 5 5 5 5 5 5 5 5 5 5 5 5 5 5 5 5 5 5 5 5 5 5 5 5 5 5 5 5 5 5 5 5 5 5 5 5 5 5 5 5 5 5 5 5 5 5 5 5 5 5 5 5 5 5 5 5 5 5 5 5 5 5 5 5 5 5 5 5 5 5 5 5 5 5 5 5 5 5 5 5 5 5 5 5 5 5 5 5 5 5 5 5 5 5 5 5 5 5 5 5 5 5 5 5 5 5 5 5 5 5 5 5 5 5 5 5 5 5 5 5 5 5 5 5 5 5 5 5 5 5 5 5 5 5 5 5 5 5 5 5 5 5 5 5 5 5 5 5 5 5 5 5 5 5 5 5 5 5 5 5 5 5 5 5 5 5 5 5 5 5 5 5 5 5 5 5 5 5 5 5 5 5 5 5 5 5 5 5 5 5 5 5 5 5 5 5 5 5 5 5 5 5 5 5 5 5 5 5 5 5 5 5 5 5 5 5 5 5 5 5 5 5 5 5 5 5 5 5 5 5 5 5 5 5 5 5 5 5 5 5 5 5 5 5 5 5 5 5 5 5 5 5 5 5 5 5 5 5 5 5 5 5 5 5 5 5 5 5 5 5 5 5 5 5 5 5 5 5 5 5 5 5 5 5 5 5 5 5 5 5 5 5 5 5 5 5 5 5 5 5 5 5 5 5 5 5 5 5 5 5 5 5 5 5 5 5 5 5 5 5 5 5 5 5 5 5 5 5 5 5 5 5 5 5 5 5 5 5 5 5 5 5 5 5 5 5 5 5 5 5 5 5 5 5 5 5 5 5 5 5 5 5 5 5 5 5 5 5 5 5 5 5 5 5 5 5 5 5 5 5 5 5 5 5 5 5 5 5 5 5 5 5 5 5 5 5 5 5 5 5 5 5 5 5 5 5 5 5 5 5 5 5 5 5 5 5 5 5 5 5 5 5 5 5 5 5 5 5 5 5 5 5 5 5 5 5 5 5 5 5 5 5 5 5 5 5 5 5 5 5 5 5 5 5 5 5 5 5 5 5 5 5 5 5 5 5 5 5 5 5 5 5 5 5 5 5 5 5 5 5 5 5 5 5 5 5 5 5 5 5 5 5 5 5 5 5 5 5 5 5 5 5 5 5 5 5 5 5 5 5 5 5 5 5 5 5 5 5 5 5 5 5 5 5 5 5 5 5 5 5 5 5 5 5 5 5 5 5 5 5 5 5 5 5 5 5 5 5 5 5 5 5 5 5 5 5 5 5 5 5 5 5 5 5 5 5 5 5 5 5 5 5 5 5 5 5 5 5 5 5 5 5 5 5 5 5 5 5 5 5 5 5 5 5 5 5 5 5 5 5 5 5 5 5 5 5 5 5 5 5 5 5 5 5 5 5 5 5 5 5 5 5 5 5 5 5 5 5 5 5 5 5 5 5 5 5 5 5 5 5 5 5 5 5 5 5 5 5 5 5 5 5 5 5 5 5 5 5 5 5 5 5 5 5 5 5 5 5 5 5 5 5 5 5 5 5 5 5 5 5 5 5 5 5 5 5 5 5 5 5 5 5 5 5 5 5 5 5 5 5 5 5 5 5 5 5 5 5 5 5 5 5 5 5 5 5 5 5 5 5 5 5 5 5 5 5 5 5 5 5 5 5 5 5 5 5 5 5 5 5 5 5 5 5 5 5 5 5 5 5 5 5 5 5 5 5 5 5 5 5 5 5 5 5 5 5 5 5 5 5 5 5 5 5 5 5 5 5 5 5 5 5 5 5 5 5 5 5 5 5 5 5 5 5 5 5 5 5 5 5 5 5 5 5 5 5 5 5 5 5 5 5 5 5 5 5 5 5 5 5 5 5 5 5 5 5 5 5 5 5 5 5 5 5 5 5 5 5 5 5 5 5 5 5 5 5 5 5 5 5 5 5 5 5 5 5 5 5 5 5 5 5 5 5 5 5 5 5 5 5 5 5 5 5 5 5 5 5 5 5 5 5 5 5 5 5 5 5 5 5 5 5 5 5 5 5 5 5 5 5 5 5 5 5 5 5 5 5 5 5 5 5 5 5 5 5 5 5 5 5 5 5 5 5 5 5 5 5 5 5 5 5 5 5 5 5 5 5 5 5 5 5 5 5 5 5 5 5 5 5 5 5 5 5 5 5 5 5 5 5 5 5 5 5 5 5 5 5 5 5 5 5 5 5 5 5 5 5 5 5 5 5 5 5 5 5 5 5 5 5 5 5 5 5 5 5 5 5 5 5 5 5 5 5 5 5 5 5 5 5 5 5 5 5 5 5 5 5 5 5 5 5 5 5 5 5 5 5 5 5 5 5 5 5 5 5 5 5 5 5 5 5 5 5 5 5 5 5 5 5 5 5 5 5 5 5 5 5 5 5 5 5 5 5 5 5 5 5 5 5 5 5 5 5 5 5 5 5 5 5 5 5 5 5 5 5 5 5 5 5 5 5 5 5 5 5 5 5 5 5 5 5 5 5 5 5 5 5 5 5 5 5 5 5 5 5 5 5 5 5 5 5 5 5 5 5 5 5 5 5 5 5 5 5 5 5 5 5 5 5 5 5 5 5 5 5 5 5 5 5 5 5 5 5 5 5 5 5 5 5 5 5 5 5 5 5 5 5 5 5 5 5 5 5 5 5 5 5 5 5 5 5 5 5 5 5 5 5 5 5 5 5 5 5 5 5 5 5 5 5 5 5 5 5 5 5 5 5 5 5 5 5 5 5 5 5 5 5 5 5 5 5 5 5 5 5 5 5 5 5 5 5 5 5 5 5 5 5 5 5 5 5 5 5 5 5 5 5 5 5 5 5 5 5 5 5 5 5 5 5 5 5 5 5 5 5 5 5 5 5 5 5 5 5 5 5 5 5 5 5 5 5 5 5 5 5 5 5 5 5 5 5 5 5 5 5 5 5 5 5 5 5 5 5 5 5 5 5 5 5 5 5 5 5 5 5 5 5 5 5 5 5 5 5 5 5 5 5 5 5 5 5 5 5 5 5 5 5 5 5 5 5 5 5 5 5 5 5 5 5 5 5 5 5 5 5 5 5 5 5 5 5 5 5 5 5 5 5 5 5 5 5 5 5 5 5 5 5 5 5 5 5 5 5 5 5 5 5 5 5 5 5 5 5 5 5 5 5 5 5 5 5 5 5 5 5 5 5 5 5 5 5 5 5 5 5 5 5 5 5 5 5 5 5 5 5 5 5 5 5 5 5 5 5 5 5 5 5 5 5 5 5 5 5 5 5 5 5 5 5 5 5 5 5 5 5 5 5 5 5 5 5 5 5 5 5 5 5 5 5 5 5 5 5 5 5 5 5 5 5 5 5 5 5 5 5 5 5 5 5 5 5 5 5 5 5 5 5 5 5 5 5 5 5 5 5 5 5 5 5 5 5 5 5 5 5 5 5 5 5 5 5 5 5 5 5 5 5 5 5 5 5 5 5 5 5 5 5 5 5 5 5 5 5 5 5 5 5 5 5 5 5 5 5 5 5 5 5 5 5 5 5 5 5 5 5 5 5 5 5 5 5 5 5 5 5 5 5 5 5 5 5 5 5 5 5 5 5 5 5 5 5 5 5 5 5 5 5 5 5 5 5 5 5 5 5 5 5 5 5 5 5 5 5 5 5 5 5 5 5 5 5 5 5 5 5 5 5 5 5 5 5 5 5 5 5 5 5 5 5 5 5 5 5 5 5 5 5 5 5 5 5 5 5 5 5 5 5 5 5 5 5 5 5 5 5 5 5 5 5 5 5 5 5 5 5 5 5 5 5 5 5 5 5 5 5 5 5 5 5 5 5 5 5 5 5 5 5 5 5 5 5 5 5 5 5 5 5 5 5 5 5 5 5 5 5 5 5 5 5 5 5 5 5 5 5 5 5 5 5 5 5 5 5 5 5 5 5 5 5 5 5 5 5 5 5 5 5 5 5 5 5 5 5 5 5 5 5 5 5 5 5 5 5 5 5 5 5 5 5 5 5 5 5 5 5 5 5 5 5 5 5 5 5 5 5 5 5 5 5 5 5 5 5 5 5 5 5 5 5 5 5 5 5 5 5 5 5 5 5 5 5 5 5 5 5 5 5 5 5 5 5 5 5 5 5 5 5 5 5 5 5 5 5 5 5 5 5 5 5 5 5 5 5 5 5 5 5 5 5 5 5 5 5 5 5 5 5 5 5 5 5 5 5 5 5 5 5 5 5 5 5 5 5 5 5 5 5 5 5 5 5 5 5 5 5 5 5 5 5 5 5 5 5 5 5 5 5 5 5 5 5 5 5 5 5 5 5 5 5 5 5 5 5 5 5 5 5 5 5 5 5 5 5 5 5 5 5 5 5 5 5 5 5 5 5 5 5 5 5 5 5 5 5 5 5 5 5 5 5 5 5 5 5 5 5 5 5 5 5 5 5 5 5 5 5 5 5 5 5 5 5 5 5 5 5 5 5 5 5 5 5 5 5 5 5 5 5 5 5 5 5 5 5 5 5 5 5 5 5 5 5 5 5 5 5 5 5 5 5 5 5 5 5 5 5 5 5 5 5 5 5 5 5 5 5 5 5 5 5 5 5 5 5 5 5 5 5 5 5 5 5 5 5 5 5 5 5 5 5 5 5 5 5 5 5 5 5 5 5 5 5 5 5 5 5 5 5 5 5 5 5 5 5 5 5 5 5 5 5 5 5 5 5 5 5 5 5 5 5 5 5 5 5 5 5 5 5 5 5 5 5 5 5 5 5 5 5 5 5 5 5 5 5 5 5 5 5 5 5 5 5 5 5 5 5 5 5 5 5 5 5 5 5 5 5 5 5 5 5 5 5 5 5 5 5 5 5 5 5 5 5 5 5 5 5 5 5 5 5 5 5 5 5 5 5 5 5 5 5 5 5 5 5 5 5 5 5 5 5 5 5 5 5 5 5 5 5 5 5 5 5 5 5 5 5 5 5 5 5 5 5 5 5 5 5 5 5 5 5 5 5 5 5 5 5 5 5 5 5 5 5 5 5 5 5 5 5 5 5 5 5 5 5 5 5 5 5 5 5 5 5 5 5 5 5 5 5 5 5 5 5 5 5 5 5 5 5 5 5 5 5 5 5 5 5 5 5 5 5 5 5 5 5 5 5 5 5 5 5 5 5 5 5 5 5 5 5 5 5 5 5 5 5 5 5 5 5 5 5 5 5 5 5 5 5 5 5 5 5 5 5 5 5 5 5 5 5 5 5 5 5 5 5 5 5 5 5 5 5 5 5 5 5 5 5 5 5 5 5 5 5 5 5 5 5 5 5 5 5 5 5 5 5 5 5 5 5 5 5 5 5 5 5 5 5 5 5 5 5 5 5 5 5 5 5 5 5 5 5 5 5 5 5 5 5 5 5 5 5 5 5 5 5 5 5 5 5 5 5 5 5 5 5 5 5 5 5 5 5 5 5 5 5 5 5 5 5 5 5 5 5 5 5 5 5 5 5 5 5 5 5 5 5 5 5 5 5 5 5 5 5 5 5 5 5 5 5 5 5 5 5 5 5 5 5 5 5 5 5 5 5 5 5 5 5 5 5 5 5 5 5 5 5 5 5 5 5 5 5 5 5 5 5 5 5 5 5 5 5 5 5 5 5 5 5 5 5 5 5 5 5 5 5 5 5 5 5 5 5 5 5 5 5 5 5 5 5 5 5 5 5 5 5 5 5 5 5 5 5 5 5 5 5 5 5 5 5 5 5 5 5 5 5 5 5 5 5 5 5 5 5 5 5 5 5 5 5 5 5 5 5 5 5 5 5 5 5 5 5 5 5 5 5 5 5 5 5 5 5 5 5 5 5 5 5 5 5 5 5 5 5 5 5 5 5 5 5 5 5 5 5 5 5 5 5 5 5 5 5 5 5 5 5 5 5 5 5 5 5 5 5 5 5 5 5 5 5 5 5 5 5 5 5 5 5 5 5 5 5 5 5 5 5 5 5 5 5 5 5 5 5 5 5 5 5 5 5 5 5 5 5 5 5 5 5 5 5 5 5 5 5 5 5 5 5 5 5 5 5 5 5 5 5 5 5 5 5 5 5 5 5 5 5 5 5 5 5 5 5 5 5 5 5 5 5 5 5 5 5 5 5 5 5 5 5 5 5 5 5 5 5 5 5 5 5 5 5 5 5 5 5 5 5 5 5 5 5 5 5 5 5 5 5 5 5 5 5 5 5 5 5 5 5 5 5 5 5 5 5 5 5 5 5 5 5 5 5 5 5 5 5 5 5 5 5 5 5 5 5 5 5 5 5 5 5 5 5 5 5 5 5 5 5 5 5 5 5 5 5 5 5 5 5 5 5 5 5 5 5 5 5 5 5 5 5 5 5 5 5 5 5 5 5 5 5 5 5 5 5 5 5 5 5 5 5 5 5 5 5 5 5 5 5 5 5 5 5 5 5 5 5 5 5 5 5 5 5 5 5 5 5 5 5 5 5 5 5 5 5 5 5 5 5 5 5 5 5 5 5 5 5 5 5 5 5 5 5 5 5 5 5 5 5 5 5 5 5 5 5 5 5 5 5 5 5 5 5 5 5 5 5 5 5 5 5 5 5 5 5 5 5 5 5 5 5 5 5 5 5 5 5 5 5 5 5 5 5 5 5 5 5 5 5 5 5 5 5 5 5 5 5 5 5 5 5 5 5 5 5 5 5 5 5 5 5 5 5 5 5 5 5 5 5 5 5 5 5 5 5 5 5 5 5 5 5 5 5 5 5 5 5 5 5 5 5 5 5 5 5 5 5 5 5 5 5 5 5 5 5 5 5 5 5 5 5 5 5 5 5 5 5 5 5 5 5 5 5 5 5 5 5 5 5 5 5 5 5 5 5 5 5 5 5 5 5 5 5 5 5 5 5 5 5 5 5 5 5 5 5 5 5 5 5 5 5 5 5 5 5 5 5 5 5 5 5 5 5 5 5 5 5 5 5 5 5 5 5 5 5 5 5 5 5 5 5 5 5 5 5 5 5 5 5 5 5 5 5 5 5 5 5 5 5 5 5 5 5 5 5 5 5 5 5 5 5 5 5 5 5 5 5 5 5 5 5 5 5 5 5 5 5 5 5 5 5 5 5 5 5 5 5 5 5 5 5 5 5 5 5 5 5 5 5 5 5 5 5 5 5 5 5 5 5 5 5 5 5 5 5 5 5 5 5 5 5 5 5 5 5 5 5 5 5 5 5 5 5 5 5 5 5 5 5 5 5 5 5 5 5 5 5 5 5 5 5 5 5 5 5 5 5 5 5 5 5 5 5 5 5 5 5 5 5 5 5 5 5 5 5 5 5 5 5 5 5 5 5 5 5 5 5 5 5 5 5 5 5 5 5 5 5 5 5 5 5 5 5 5 5 5 5 5 5 5 5 5 5 5 5 5 5 5 5 5 5 5 5 5 5 5 5 5 5 5 5 5 5 5 5 5 5 5 5 5 5 5 5 5 5 5 5 5 5 5 5 5 5 5 5 5 5 5 5 5 5 5 5 5 5 5 5 5 5 5 5 5 5 5 5 5 5 5 5 5 5 5 5 5 5 5 5 5 5 5 5 5 5 5 5 5 5 5 5 5 5 5 5 5 5 5 5 5 5 5 5 5 5 5 5 5 5 5 5 5 5 5 5 5 5 5 5 5 5 5 5 5 5 5 5 5 5 5 5 5 5 5 5 5 5 5 5 5 5 5 5 5 5 5 5 5 5 5 5 5 5 5 5 5 5 5 5 5 5 5 5 5 5 5 5 5 5 5 5 5 5 5 5 5 5 5 5 5 5 5 5 5 5 5 5 5 5 5 5 5 5 5 5 5 5 5 5 5 5 5 5 5 5 5 5 5 5 5 5 5 5 5 5 5 5 5 5 5 5 5 5 5 5 5 5 5 5 5 5 5 5 5 5 5 5 5 5 5 5 5 5 5 5 5 5 5 5 5 5 5 5 5 5 5 5 5 5 5 5 5 5 5 5 5 5 5 5 5 5 5 5 5 5 5 5 5 5 5 5 5 5 5 5 5 5 5 5 5 5 5 5 5 5 5 5 5 5 5 5 5 5 5 5 5 5 5 5 5 5 5 5 5 5 5 5 5 5 5 5 5 5 5 5 5 5 5 5 5 5 5 5 5 5 5 5 5 5 5 5 5 5 5 5 5 5 5 5 5 5 5 5 5 5 5 5 5 5 5 5 5 5 5 5 5 5 5 5 5 5 5 5 5 5 5 5 5 5 5 5 5 5 5 5 5 5 5 5 5 5 5 5 5 5 5 5 5 5 5 5 5 5 5 5 5 5 5 5 5 5 5 5 5 5 5 5 5 5 5 5 5 5 5 5 5 5 5 5 5 5 5 5 5 5 5 5 5 5 5 5 5 5 5 5 5 5 5 5 5 5 5 5 5 5 5 5 5 5 5 5 5 5 5 5 5 5 5 5 5 5 5 5 5 5 5 5 5 5 5 5 5 5 5 5 5 5 5 5 5 5 5 5 5 5 5 5 5 5 5 5 5 5 5 5 5 5 5 5 5 5 5 5 5 5 5 5 5 5 5 5 5 5 5 5 5 5 5 5 5 5 5 5 5 5 5 5 5 5 5 5 5 5 5 5 5 5 5 5 5 5 5 5 5 5 5 5 5 5 5 5 5 5 5 5 5 5 5 5 5 5 5 5 5 5 5 5 5 5 5 5 5 5 5 5 5 5 5 5 5 5 5 5 5 5 5 5 5 5 5 5 5 5 5 5 5 5 5 5 5 5 5 5 5 5 5 5 5 5 5 5 5 5 5 5 5 5 5 5 5 5 5 5 5 5 5 5 5 5 5 5 5 5 5 5 5 5 5 5 5 5 5 5 5 5 5 5 5 5 5 5 5 5 5 5 5 5 5 5 5 5 5 5 5 5 5 5 5 5 5 5 5 5 5 5 5 5 5 5 5 5 5 5 5 5 5 5 5 5 5 5 5 5 5 5 5 5 5 5 5 5 5 5 5 5 5 5 5 5 5 5 5 5 5 5 5 5 5 5 5 5 5 5 5 5 5 5 5 5 5 5 5 5 5 5 5 5 5 5 5 5 5 5 5 5 5 5 5 5 5 5 5 5 5 5 5 5 5 5 5 5 5 5 5 5 5 5 5 5 5 5 5 5 5 5 5 5 5 5 5 5 5 5 5 5 5 5 5 5 5 5 5 5 5 5 5 5 5 5 5 5 5 5 5 5 5 5 5 5 5 5 5 5 5 5 5 5 5 5 5 5 5 5 5 5 5 5 5 5 5 5 5 5 5 5 5 5 5 5 5 5 5 5 5 5 5 5 5 5 5 5 5 5 5 5 5 5 5 5 5 5 5 5 5 5 5 5 5 5 5 5 5 5 5 5 5 5 5 5 5 5 5 5 5 5 5 5 5 5 5 5 5 5 5 5 5 5 5 5 5 5 5 5 5 5 5 5 5 5 5 5 5 5 5 5 5 5 5 5 5 5 5 5 5 5 5 5 5 5 5 5 5 5 5 5 5 5 5 5 5 5 5 5 5 5 5 5 5 5 5 5 5 5 5 5 5 5 5 5 5 5 5 5 5 5 5 5 5 5 5 5 5 5 5 5 5 5 5 5 5 5 5 5 5 5 5 5 5 5 5 5 5 5 5 5 5 5 5 5 5 5 5 5 5 5 5 5 5 5 5 5 5 5 5 5 5 5 5 5 5 5 5 5 5 5 5 5 5 5 5 5 5 5 5 5 5 5 5 5 5 5 5 5 5 5 5 5 5 5 5 5 5 5 5 5 5 5 5 5 5 5 5 5 5 5 5 5 5 5 5 5 5 5 5 5 5 5 5 5 5 5 5 5 5 5 5 5 5 5 5 5 5 5 5 5 5 5 5 5 5 5 5 5 5 5 5 5 5 5 5 5 5 5 5 5 5 5 5 5 5 5 5 5 5 5 5 5 5 5 5 5 5 5 5 5 5 5 5 5 5 5 5 5 5 5 5 5 5 5 5 5 5 5 5 5 5 5 5 5 5 5 5 5 5 5 5 5 5 5 5 5 5 5 5 5 5 5 5 5 5 5 5 5 5 5 5 5 5 5 5 5 5 5 5 5 5 5 5 5 5 5 5 5 5 5 5 5 5 5 5 5 5 5 5 5 5 5 5 5 5 5 5 5 5 5 5 5 5 5 5 5 5 5 5 5 5 5 5 5 5 5 5 5 5 5 5 5 5 5 5 5 5 5 5 5 5 5 5 5 5 5 5 5 5 5 5 5 5 5 5 5 5 5 5 5 5 5 5 5 5 5 5 5 5 5 5 5 5 5 5 5 5 5 5 5 5 5 5 5 5 5 5 5 5 5 5 5 5 5 5 5 5 5 5 5 5 5 5 5 5 5 5 5 5 5 5 5 5 5 5 5 5 5 5 5 5 5 5 5 5 5 5 5 5 5 5 5 5 5 5 5 5 5 5 5 5 5 5 5 5 5 5 5 5 5 5 5 5 5 5 5 5 5 5 5 5 5 5 5 5 5 5 5 5 5 5 5 5 5 5 5 5 5 5 5 5 5 5 5 5 5 5 5 5 5 5 5 5 5 5 5 5 5 5 5 5 5 5 5 5 5 5 5 5 5 5 5 5 5 5 5 5 5 5 5 5 5 5 5 5 5 5 5 5 5 5 5 5 5 5 5 5 5 5 5 5 5 5 5 5 5 5 5 5 5 5 5 5 5 5 5 5 5 5 5 5 5 5 5 5 5 5 5 5 5 5 5 5 5 5 5 5 5 5 5 5 5 5 5 5 5 5 5 5 5 5 5 5 5 5 5 5 5 5 5 5 5 5 5 5 5 5 5 5 5 5 5 5 5 5 5 5 5 5 5 5 5 5 5 5 5 5 5 5 5 5 5 5 5 5 5 5 5 5 5 5 5 5 5 5 5 5 5 5 5 5 5 5 5 5 5 5 5 5 5 5 5 5 5 5 5 5 5 5 5 5 5 5 5 5 5 5 5 5 5 5 5 5 5 5 5 5 5 5 5 5 5 5 5 5 5 5 5 5 5 5 5 5 5 5 5 5 5 5 5 5 5 5 5 5 5 5 5 5 5 5 5 5 5 5 5 5 5 5 5 5 5 5 5 5 5 5 5 5 5 5 5 5 5 5 5 5 5 5 5 5 5 5 5 5 5 5 5 5 5 5 5 5 5 5 5 5 5 5 5 5 5 5 5 5 5 5 5 5 5 5 5 5 5 5 5 5 5 5 5 5 5 5 5 5 5 5 5 5 5 5 5 5 5 5 5 5 5 5 5 5 5 5 5 5 5 5 5 5 5 5 5 5 5 5 5 5 5 5 5 5 5 5 5 5 5 5 5 5 5 5 5 5 5 5 5 5 5 5 5 5 5 5 5 5 5 5 5 5 5 5 5 5 5 5 5 5 5 5 5 5 5 5 5 5 5 5 5 5 5 5 5 5 5 5 5 5 5 5 5 5 5 5 5 5 5 5 5 5 5 5 5 5 5 5 5 5 5 5 5 5 5 5 5 5 5 5 5 5 5 5 5 5 5 5 5 5 5 5 5 5 5 5 5 5 5 5 5 5 5 5 5 5 5 5 5 5 5 5 5 5 5 5 5 5 5 5 5 5 5 5 5 5 5 5 5 5 5 5 5 5 5 5 5 5 5 5 5 5 5 5 5 5 5 5 5 5 5 5 5 5 5 5 5 5 5 5 5 5 5 5 5 5 5 5 5 5 5 5 5 5 5 5 5 5 5 5 5 5 5 5 5 5 5 5 5 5 5 5 5 5 5 5 5 5 5 5 5 5 5 5 5 5 5 5 5 5 5 5 5 5 5 5 5 5 5 5 5 5 5 5 5 5 5 5 5 5 5 5 5 5 5 5 5 5 5 5 5 5 5 5 5 5 5 5 5 5 5 5 5 5 5 5 5 5 5 5 5 5 5 5 5 5 5 5 5 5 5 5 5 5 5 5 5 5 5 5 5 5 5 5 5 5 5 5 5 5 5 5 5 5 5 5 5 5 5 5 5 5 5 5 5 5 5 5 5 5 5 5 5 5 5 5 5 5 5 5 5 5 5 5 5 5 5 5 5 5 5 5 5 5 5 5 5 5 5 5 5 5 5 5 5 5 5 5 5 5 5 5 5 5 5 5 5 5 5 5 5 5 5 5 5 5 5 5 5 5 5 5 5 5 5 5 5 5 5 5 5 5 5 5 5 5 5 5 5 5 5 5 5 5 5 5 5 5 5 5 5 5 5 5 5 5 5 5 5 5 5 5 5 5 5 5 5 5 5 5 5 5 5 5 5 5 5 5 5 5 5 5 5 5 5 5 5 5 5 5 5 5 5 5 5 5 5 5 5 5 5 5 5 5 5 5 5 5 5 5 5 5 5 5 5 5 5 5 5 5 5 5 5 5 5 5 5 5 5 5 5 5 5 5 5 5 5 5 5 5 5 5 5 5 5 5 5 5 5 5 5 5 5 5 5 5 5 5 5 5 5 5 5 5 5 5 5 5 5 5 5 5 5 5 5 5 5 5 5 5 5 5 5 5 5 5 5 5 5 5 5 5 5 5 5 5 5 5 5 5 5 5 5 5 5 5 5 5 5 5 5 5 5 5 5 5 5 5 5 5 5 5 5 5 5 5 5 5 5 5 5 5 5 5 5 5 5 5 5 5 5 5 5 5 5 5 5 5 5 5 5 5 5 5 5 5 5 5 5 5 5 5 5 5 5 5 5 5 5 5 5 5 5 5 5 5 5 5 5 5 5 5 5 5 5 5 5 5 5 5 5 5 5 5 5 5 5 5 5 5 5 5 5 5 5 5 5 5 5 5 5 5 5 5 5 5 5 5 5 5 5 5 5 5 5 5 5 5 5 5 5 5 5 5 5 5 5 5 5 5 5 5 5 5 5 5 5 5 5 5 5 5 5 5 5 5 5 5 5 5 5 5 5 5 5 5 5 5 5 5 5 5 5 5 5 5 5 5 5 5 5 5 5 5 5 5 5 5 5 5 5 5 5 5 5 5 5 5 5 5 5 5 5 5 5 5 5 5 5 5 5 5 5 5 5 5 5 5 5 5 5 5 5 5 5 5 5 5 5 5 5 5 5 5 5 5 5 5 5 5 5 5 5 5 5 5 5 5 5 5 5 5 5 5 5 5 5 5 5 5 5 5 5 5 5 5 5 5 5 5 5 5 5 5 5 5 5 5 5 5 5 5 5 5 5 5 5 5 5 5 5 5 5 5 5 5 5 5 5 5 5 5 5 5 5 5 5 5 5 5 5 5 5 5 5 5 5 5 5 5 5 5 5 5 5 5 5 5 5 5 5 5 5 5 5 5 5 5 5 5 5 5 5 5 5 5 5 5 5 5 5 5 5 5 5 5 5 5 5 5 5 5 5 5 5 5 5 5 5 5 5 5 5 5 5 5 5 5 5 5 5 5 5 5 5 5 5 5 5 5 5 5 5 5 5 5 5 5 5 5 5 5 5 5 5 5 5 5 5 5 5 5 5 5 5 5 5 5 5 5 5 5 5 5 5 5 5 5 5 5 5 5 5 5 5 5 5 5 5 5 5 5 5 5 5 5 5 5 5 5 5 5 5 5 5 5 5 5 5 5 5 5 5 5 5 5 5 5 5 5 5 5 5 5 5 5 5 5 5 5 5 5 5 5 5 5 5 5 5 5 5 5 5 5 5 5 5 5 5 5 5 5 5 5 5 5 5 5 5 5 5 5 5 5 5 5 5 5 5 5 5 5 5 5 5 5 5 5 5 5 5 5 5 5 5 5 5 5 5 5 5 5 5 5 5 5 5 5 5 5 5 5 5 5 5 5 5 5 5 5 5 5 5 5 5 5 5 5 5 5 5 5 5 5 5 5 5 5 5 5 5 5 5 5 5 5 5 5 5 5 5 5 5 5 5 5 5 5 5 5 5 5 5 5 5 5 5 5 5 5 5 5 5 5 5 5 5 5 5 5 5 5 5 5 5 5 5 5 5 5 5 5 5 5 5 5 5 5 5 5 5 5 5 5 5 5 5 5 5 5 5 5 5 5 5 5 5 5 5 5 5 5 5 5 5 5 5 5 5 5 5 5 5 5 5 5 5 5 5 5 5 5 5 5 5 5 5 5 5 5 5 5 5 5 5 5 5 5 5 5 5 5 5 5 5 5 5 5 5 5 5 5 5 5 5 5 5 5 5 5 5 5 5 5 5 5 5 5 5 5 5 5 5 5 5 5 5 5 5 5 5 5 5 5 5 5 5 5 5 5 5 5 5 5 5 5 5 5 5 5 5 5 5 5 5 5 5 5 5 5 5 5 5 5 5 5 5 5 5 5 5 5 5 5 5 5 5 5 5 5 5 5 5 5 5 5 5 5 5 5 5 5 5 5 5 5 5 5 5 5 5 5 5 5 5 5 5 5 5 5 5 5 5 5 5 5 5 5 5 5 5 5 5 5 5 5 5 5 5 5 5 5 5 5 5 5 5 5 5 5 5 5 5 5 5 5 5 5 5 5 5 5 5 5 5 5 5 5 5 5 5 5 5 5 5 5 5 5 5 5 5 5 5 5 5 5 5 5 5 5 5 5 5 5 5 5 5 5 5 5 5 5 5 5 5 5 5 5 5 5 5 5 5 5 5 5 5 5 5 5 5 5 5 5 5 5 5 5 5 5 5 5 5 5 5 5 5 5 5 5 5 5 5 5 5 5 5 5 5 5 5 5 5 5 5 5 5 5 5 5 5 5 5 5 5 5 5 5 5 5 5 5 5 5 5 5 5 5 5 5 5 5 5 5 5 5 5 5 5 5 5 5 5 5 5 5 5 5 5 5 5 5 5 5 5 5 5 5 5 5 5 5 5 5 5 5 5 5 5 5 5 5 5 5 5 5 5 5 5 5 5 5 5 5 5 5 5 5 5 5 5 5 5 5 5 5 5 5 5 5 5 5 5 5 5 5 5 5 5 5 5 5 5 5 5 5 5 5 5 5 5 5 5 5 5 5 5 5 5 5 5 5 5 5 5 5 5 5 5 5 5 5 5 5 5 5 5 5 5 5 5 5 5 5 5 5 5 5 5 5 5 5 5 5 5 5 5 5 5 5 5 5 5 5 5 5 5 5 5 5 5 5 5 5 5 5 5 5 5 5 5 5 5 5 5 5 5 5 5 5 5 5 5 5 5 5 5 5 5 5 5 5 5 5 5 5 5 5 5 5 5 5 5 5 5 5 5 5 5 5 5 5 5 5 5 5 5 5 5 5 5 5 5 5 5 5 5 5 5 5 5 5 5 5 5 5 5 5 5 5 5 5 5 5 5 5 5 5 5 5 5 5 5 5 5 5 5 5 5 5 5 5 5 5 5 5 5 5 5 5 5 5 5 5 5 5 5 5 5 5 5 5 5 5 5 5 5 5 5 5 5 5 5 5 5 5 5 5 5 5 5 5 5 5 5 5 5 5 5 5 5 5 5 5 5 5 5 5 5 5 5 5 5 5 5 5 5 5 5 5 5 5 5 5 5 5 5 5 5 5 5 5 5 5 5 5 5 5 5 5 5 5 5 5 5 5 5 5 5 5 5 5 5 5 5 5 5 5 5 5 5 5 5 5 5 5 5 5 5 5 5 5 5 5 5 5 5 5 5 5 5 5 5 5 5 5 5 5 5 5 5 5 5 5 5 5 5 5 5 5 5 5 5 5 5 5 5 5 5 5 5 5 5 5 5 5 5 5 5 5 5 5 5 5 5 5 5 5 5 5 5 5 5 5 5 5 5 5 5 5 5 5 5 5 5 5 5 5 5 5 5 5 5 5 5 5 5 5 5 5 5 5 5 5 5 5 5 5 5 5 5 5 5 5 5 5 5 5 5 5 5 5 5 5 5 5 5 5 5 5 5 5 5 5 5 5 5 5 5 5 5 5 5 5 5 5 5 5 5 5 5 5 5 5 5 5 5 5 5 5 5 5 5 5 5 5 5 5 5 5 5 5 5 5 5 5 5 5 5 5 5 5 5 5 5 5 5 5 5 5 5 5 5 5 5 5 5 5 5 5 5 5 5 5 5 5 5 5 5 5 5 5 5 5 5 5 5 5 5 5 5 5 5 5 5 5 5 5 5 5 5 5 5 5 5 5 5 5 5 5 5 5 5 5 5 5 5 5 5 5 5 5 5 5 5 5 5 5 5 5 5 5 5 5 5 5 5 5 5 5 5 5 5 5 5 5 5 5 5 5 5 5 5 5 5 5 5 5 5 5 5 5 5 5 5 5 5 5 5 5 5 5 5 5 5 5 5 5 5 5 5 5 5 5 5 5 5 5 5 5 5 5 5 5 5 5 5 5 5 5 5 5 5 5 5 5 5 5 5 5 5 5 5 5 5 5 5 5 5 5 5 5 5 5 5 5 5 5 5 5 5 5 5 5 5 5 5 5 5 5 5 5 5 5 5 5 5 5 5 5 5 5 5 5 5 5 5 5 5 5 5 5 5 5 5 5 5 5 5 5 5 5 5 5 5 5 5 5 5 5 5 5 5 5 5 5 5 5 5 5 5 5 5 5 5 5 5 5 5 5 5 5 5 5 5 5 5 5 5 5 5 5 5 5 5 5 5 5 5 5 5 5 5 5 5 5 5 5 5 5 5 5 5 5 5 5 5 5 5 5 5 5 5 5 5 5 5 5 5 5 5 5 5 5 5 5 5 5 5 5 5 5 5 5 5 5 5 5 5 5 5 5 5 5 5 5 5 5 5 5 5 5 5 5 5 5 5 5 5 5 5 5 5 5 5 5 5 5 5 5 5 5 5 5 5 5 5 5 5 5 5 5 5 5 5 5 5 5 5 5 5 5 5 5 5 5 5 5 5 5 5 5 5 5 5 5 5 5 5 5 5 5 5 5 5 5 5 5 5 5 5 5 5 5 5 5 5 5 5 5 5 5 5 5 5 5 5 5 5 5 5 5 5 5 5 5 5 5 5 5 5 5 5 5 5 5 5 5 5 5 5 5 5 5 5 5 5 5 5 5 5 5 5 5 5 5 5 5 5 5 5 5 5 5 5 5 5 5 5 5 5 5 5 5 5 5 5 5 5 5 5 5 5 5 5 5 5 5 5 5 5 5 5 5 5 5 5 5 5 5 5 5 5 5 5 5 5 5 5 5 5 5 5 5 5 5 5 5 5 5 5 5 5 5 5 5 5 5 5 5 5 5 5 5 5 5 5 5 5 5 5 5 5 5 5 5 5 5 5 5 5 5 5 5 5 5 5 5 5 5 5 5 5 5 5 5 5 5 5 5 5 5 5 5 5 5 5 5 5 5 5 5 5 5 5 5 5 5 5 5 5 5 5 5 5 5 5 5 5 5 5 5 5 5 5 5 5 5 5 5 5 5 5 5 5 5 5 5 5 5 5 5 5 5 5 5 5 5 5 5 5 5 5 5 5 5 5 5 5 5 5 5 5 5 5 5 5 5 5 5 5 5 5 5 5 5 5 5 5 5 5 5 5 5 5 5 5 5 5 5 5 5 5 5 5 5 5 5 5 5 5 5 5 5 5 5 5 5 5 5 5 5 5 5 5 5 5 5 5 5 5 5 5 5 5 5 5 5 5 5 5 5 5 5 5 5 5 5 5 5 5 5 5 5 5 5 5 5 5 5 5 5 5 5 5 5 5 5 5 5 5 5 5 5 5 5 5 5 5 5 5 5 5 5 5 5 5 5 5 5 5 5 5 5 5 5 5 5 5 5 5 5 5 5 5 5 5 5 5 5 5 5 5 5 5 5 5 5 5 5 5 5 5 5 5 5 5 5 5 5 5 5 5 5 5 5 5 5 5 5 5 5 5 5 5 5 5 5 5 5 5 5 5 5 5 5 5 5 5 5 5 5 5 5 5 5 5 5 5 5 5 5 5 5 5 5 5 5 5 5 5 5 5 5 5 5 5 5 5 5 5 5 5 5 5 5 5 5 5 5 5 5 5 5 5 5 5 5 5 5 5 5 5 5 5 5 5 5 5 5 5 5 5 5 5 5 5 5 5 5 5 5 5 5 5 5 5 5 5 5 5 5 5 5 5 5 5 5 5 5 5 5 5 5 5 5 5 5 5 5 5 5 5 5 5 5 5 5 5 5 5 5 5 5 5 5 5 5 5 5 5 5 5 5 5 5 5 5 5 5 5 5 5 5 5 5 5 5 5 5 5 5 5 5 5 5 5 5 5 5 5 5 5 5 5 5 5 5 5 5 5 5 5 5 5 5 5 5 5 5 5 5 5 5 5 5 5 5 5 5 5 5 5 5 5 5 5 5 5 5 5 5 5 5 5 5 5 5 5 5 5 5 5 5 5 5 5 5 5 5 5 5 5 5 5 5 5 5 5 5 5 5 5 5 5 5 5 5 5 5 5 5 5 5 5 5 5 5 5 5 5 5 5 5 5 5 5 5 5 5 5 5 5 5 5 5 5 5 5 5 5 5 5 5 5 5 5 5 5 5 5 5 5 5 5 5 5 5 5 5 5 5 5 5 5 5 5 5 5 5 5 5 5 5 5 5 5 5 5 5 5 5 5 5 5 5 5 5 5 5 5 5 5 5 5 5 5 5 5 5 5 5 5 5 5 5 5 5 5 5 5 5 5 5 5 5 5 5 5 5 5 5 5 5 5 5 5 5 5 5 5 5 5 5 5 5 5 5 5 5 5 5 5 5 5 5 5 5 5 5 5 5 5 5 5 5 5 5 5 5 5 5 5 5 5 5 5 5 5 5 5 5 5 5 5 5 5 5 5 5 5 5 5 5 5 5 5 5 5 5 5 5 5 5 5 5 5 5 5 5 5 5 5 5 5 5 5 5 5 5 5 5 5 5 5 5 5 5 5 5 5 5 5 5 5 5 5 5 5 5 5 5 5 5 5 5 5 5 5 5 5 5 5 5 5 5 5 5 5 5 5 5 5 5 5 5 5 5 5 5 5 5 5 5 5 5 5 5 5 5 5 5 5 5 5 5 5 5 5 5 5 5 5 5 5 5 5 5 5 5 5 5 5 5 5 5 5 5 5 5 5 5 5 5 5 5 5 5 5 5 5 5 5 5 5 5 5 5 5 5 5 5 5 5 5 5 5 5 5 5 5 5 5 5 5 5 5 5 5 5 5 5 5 5 5 5 5 5 5 5 5 5 5 5 5 5 5 5 5 5 5 5 5 5 5 5 5 5 5 5 5 5 5 5 5 5 5 5 5 5 5 5 5 5 5 5 5 5 5 5 5 5 5 5 5 5 5 5 5 5 5 5 5 5 5 5 5 5 5 5 5 5 5 5 5 5 5 5 5 5 5 5 5 5 5 5 5 5 5 5 5 5 5 5 5 5 5 5 5 5 5 5 5 5 5 5 5 5 5 5 5 5 5 5 5 5 5 5 5 5 5 5 5 5 5 5 5 5 5 5 5 5 5 5 5 5 5 5 5 5 5 5 5 5 5 5 5 5 5 5 5 5 5 5 5 5 5 5 5 5 5 5 5 5 5 5 5 5 5 5 5 5 5 5 5 5 5 5 5 5 5 5 5 5 5 5 5 5 5 5 5 5 5 5 5 5 5 5 5 5 5 5 5 5 5 5 5 5 5 5 5 5 5 5 5 5 5 5 5 5 5 5 5 5 5 5 5 5 5 5 5 5 5 5 5 5 5 5 5 5 5 5 5 5 5 5 5 5 5 5 5 5 5 5 5 5 5 5 5 5 5 5 5 5 5 5 5 5 5 5 5 5 5 5 5 5 5 5 5 5 5 5 5 5 5 5 5 5 5 5 5 5 5 5 5 5 5 5 5 5 5 5 5 5 5 5 5 5 5 5 5 5 5 5 5 5 5 5 5 5 5 5 5 5 5 5 5 5 5 5 5 5 5 5 5 5 5 5 5 5 5 5 5 5 5 5 5 5 5 5 5 5 5 5 5 5 5 5 5 5 5 5 5 5 5 5 5 5 5 5 5 5 5 5 5 5 5 5 5 5 5 5 5 5 5 5 5 5 5 5 5 5 5 5 5 5 5 5 5 5 5 5 5 5 5 5 5 5 5 5 5 5 5 5 5 5 5 5 5 5 5 5 5 5 5 5 5 5 5 5 5 5 5 5 5 5 5 5 5 5 5 5 5 5 5 5 5 5 5 5 5 5 5 5 5 5 5 5 5 5 5 5 5 5 5 5 5 5 5 5 5 5 5 5 5 5 5 5 5 5 5 5 5 5 5 5 5 5 5 5 5 5 5 5 5 5 5 5 5 5 5 5 5 5 5 5 5 5 5 5 5 5 5 5 5 5 5 5 5 5 5 5 5 5 5 5 5 5 5 5 5 5 5 5 5 5 5 5 5 5 5 5 5 5 5 5 5 5 5 5 5 5 5 5 5 5 5 5 5 5 5 5 5 5 5 5 5 5 5 5 5 5 5 5 5 5 5 5 5 5 5 5 5 5 5 5 5 5 5 5 5 5 5 5 5 5 5 5 5 5 5 5 5 5 5 5 5 5 5 5 5 5 5 5 5 5 5 5 5 5 5 5 5 5 5 5 5 5 5 5 5 5 5 5 5 5 5 5 5 5 5 5 5 5 5 5 5 5 5 5 5 5 5 5 5 5 5 5 5 5 5 5 5 5 5 5 5 5 5 5 5 5 5 5 5 5 5 5 5 5 5 5 5 5 5 5 5 5 5 5 5 5 5 5 5 5 5 5 5 5 5 5 5 5 5 5 5 5 5 5 5 5 5 5 5 5 5 5 5 5 5 5 5 5 5 5 5 5 5 5 5 5 5 5 5 5 5 5 5 5 5 5 5 5 5 5 5 5 5 5 5 5 5 5 5 5 5 5 5 5 5 5 5 5 5 5 5 5 5 5 5 5 5 5 5 5 5 5 5 5 5 5 5 5 5 5 5 5 5 5 5 5 5 5 5 5 5 5 5 5 5 5 5 5 5 5 5 5 5 5 5 5 5 5 5 5 5 5 5 5 5 5 5 5 5 5 5 5 5 5 5 5 5 5 5 5 5 5 5 5 5 5 5 5 5 5 5 5 5 5 5 5 5 5 5 5 5 5 5 5 5 5 5 5 5 5 5 5 5 5 5 5 5 5 5 5 5 5 5 5 5 5 5 5 5 5 5 5 5 5 5 5 5 5 5 5 5 5 5 5 5 5 5 5 5 5 5 5 5 5 5 5 5 5 5 5 5 5 5 5 5 5 5 5 5 5 5 5 5 5 5 5 5 5 5 5 5 5 5 5 5 5 5 5 5 5 5 5 5 5 5 5 5 5 5 5 5 5 5 5 5 5 5 5 5 5 5 5 5 5 5 5 5 5 5 5 5 5 5 5 5 5 5 5 5 5 5 5 5 5 5 5 5 5 5 5 5 5 5 5 5 5 5 5 5 5 5 5 5 5 5 5 5 5 5 5 5 5 5 5 5 5 5 5 5 5 5 5 5 5 5 5 5 5 5 5 5 5 5 5 5 5 5 5 5 5 5 5 5 5 5 5 5 5 5 5 5 5 5 5 5 5 5 5 5 5 5 5 5 5 5 5 5 5 5 5 5 5 5 5 5 5 5 5 5 5 5 5 5 5 5 5 5 5 5 5 5 5 5 5 5 5 5 5 5 5 5 5 5 5 5 5 5 5 5 5 5 5 5 5 5 5 5 5 5 5 5 5 5 5 5 5 5 5 5 5 5 5 5 5 5 5 5 5 5 5 5 5 5 5 5 5 5 5 5 5 5 5 5 5 5 5 5 5 5 5 5 5 5 5 5 5 5 5 5 5 5 5 5 5 5 5 5 5 5 5 5 5 5 5 5 5 5 5 5 5 5 5 5 5 5 5 5 5 5 5 5 5 5 5 5 5 5 5 5 5 5 5 5 5 5 5 5 5 5 5 5 5 5 5 5 5 5 5 5 5 5 5 5 5 5 5 5 5 5 5 5 5 5 5 5 5 5 5 5 5 5 5 5 5 5 5 5 5 5 5 5 5 5 5 5 5 5 5 5 5 5 5 5 5 5 5 5 5 5 5 5 5 5 5 5 5 5 5 5 5 5 5 5 5 5 5 5 5 5 5 5 5 5 5 5 5 5 5 5 5 5 5 5 5 5 5 5 5 5 5 5 5 5 5 5 5 5 5 5 5 5 5 5 5 5 5 5 5 5 5 5 5 5 5 5 5 5 5 5 5 5 5 5 5 5 5 5 5 5 5 5 5 5 5 5 5 5 5 5 5 5 5 5 5 5 5 5 5 5 5 5 5 5 5 5 5 5 5 5 5 5 5 5 5 5 5 5 5 5 5 5 5 5 5 5 5 5 5 5 5 5 5 5 5 5 5 5 5 5 5 5 5 5 5 5 5 5 5 5 5 5 5 5 5 5 5 5 5 5 5 5 5 5 5 5 5 5 5 5 5 5 5 5 5 5 5 5 5 5 5 5 5 5 5 5 5 5 5 5 5 5 5 5 5 5 5 5 5 5 5 5 5 5 5 5 5 5 5 5 5 5 5 5 5 5 5 5 5 5 5 5 5 5 5 5 5 5 5 5 5 5 5 5 5 5 5 5 5 5 5 5 5 5 5 5 5 5 5 5 5 5 5 5 5 5 5 5 5 5 5 5 5 5 5 5 5 5 5 5 5 5 5 5 5 5 5 5 5 5 5 5 5 5 5 5 5 5 5 5 5 5 5 5 5 5 5 5 5 5 5 5 5 5 5 5 5 5 5 5 5 5 5 5 5 5 5 5 5 5 5 5 5 5 5 5 5 5 5 5 5 5 5 5 5 5 5 5 5 5 5 5 5 5 5 5 5 5 5 5 5 5 5 5 5 5 5 5 5 5 5 5 5 5 5 5 5 5 5 5 5 5 5 5 5 5 5 5 5 5 5 5 5 5 5 5 5 5 5 5 5 5 5 5 5 5 5 5 5 5 5 5 5 5 5 5 5 5 5 5 5 5 5 5 5 5 5 5 5 5 5 5 5 5 5 5 5 5 5 5 5 5 5 5 5 5 5 5 5 5 5 5 5 5 5 5 5 5 5 5 5 5 5 5 5 5 5 5 5 5 5 5 5 5 5 5 5 5 5 5 5 5 5 5 5 5 5 5 5 5 5 5 5 5 5 5 5 5 5 5 5 5 5 5 5 5 5 5 5 5 5 5 5 5 5 5 5 5 5 5 5 5 5 5 5 5 5 5 5 5 5 5 5 5 5 5 5 5 5 5 5 5 5 5 5 5 5 5 5 5 5 5 5 5 5 5 5 5 5 5 5 5 5 5 5 5 5 5 5 5 5 5 5 5 5 5 5 5 5 5 5 5 5 5 5 5 5 5 5 5 5 5 5 5 5 5 5 5 5 5 5 5 5 5 5 5 5 5 5 5 5 5 5 5 5 5 5 5 5 5 5 5 5 5 5 5 5 5 5 5 5 5 5 5 5 5 5 5 5 5 5 5 5 5 5 5 5 5 5 5 5 5 5 5 5 5 5 5 5 5 5 5 5 5 5 5 5 5 5 5 5 5 5 5 5 5 5 5 5 5 5 5 5 5 5 5 5 5 5 5 5 5 5 5 5 5 5 5 5 5 5 5 5 5 5 5 5 5 5 5 5 5 5 5 5 5 5 5 5 5 5 5 5 5 5 5 5 5 5 5 5 5 5 5 5 5 5 5 5 5 5 5 5 5 5 5 5 5 5 5 5 5 5 5 5 5 5 5 5 5 5 5 5 5 5 5 5 5 5 5 5 5 5 5 5 5 5 5 5 5 5 5 5 5 5 5 5 5 5 5 5 5 5 5 5 5 5 5 5 5 5 5 5 5 5 5 5 5 5 5 5 5 5 5 5 5 5 5 5 5 5 5 5 5 5 5 5 5 5 5 5 5 5 5 5 5 5 5 5 5 5 5 5 5 5 5 5 5 5 5 5 5 5 5 5 5 5 5 5 5 5 5 5 5 5 5 5 5 5 5 5 5 5 5 5 5 5 5 5 5 5 5 5 5 5 5 5 5 5 5 5 5 5 5 5 5 5 5 5 5 5 5 5 5 5 5 5 5 5 5 5 5 5 5 5 5 5 5 5 5 5 5 5 5 5 5 5 5 5 5 5 5 5 5 5 5 5 5 5 5 5 5 5 5 5 5 5 5 5 5 5 5 5 5 5 5 5 5 5 5 5 5 5 5 5 5 5 5 5 5 5 5 5 5 5 5 5 5 5 5 5 5 5 5 5 5 5 5 5 5 5 5 5 5 5 5 5 5 5 5 5 5 5 5 5 5 5 5 5 5 5 5 5 5 5 5 5 5 5 5 5 5 5 5 5 5 5 5 5 5 5 5 5 5 5 5 5 5 5 5 5 5 5 5 5 5 5 5 5 5 5 5 5 5 5 5 5 5 5 5 5 5 5 5 5 5 5 5 5 5 5 5 5 5 5 5 5 5 5 5 5 5 5 5 5 5 5 5 5 5 5 5 5 5 5 5 5 5 5 5 5 5 5 5 5 5 5 5 5 5 5 5 5 5 5 5 5 5 5 5 5 5 5 5 5 5 5 5 5 5 5 5 5 5 5 5 5 5 5 5 5 5 5 5 5 5 5 5 5 5 5 5 5 5 5 5 5 5 5 5 5 5 5 5 5 5 5 5 5 5 5 5 5 5 5 5 5 5 5 5 5 5 5 5 5 5 5 5 5 5 5 5 5 5 5 5 5 5 5 5 5 5 5 5 5 5 5 5 5 5 5 5 5 5 5 5 5 5 5 5 5 5 5 5 5 5 5 5 5 5 5 5 5 5 5 5 5 5 5 5 5 5 5 5 5 5 5 5 5 5 5 5 5 5 5 5 5 5 5 5 5 5 5 5 5 5 5 5 5 5 5 5 5 5 5 5 5 5 5 5 5 5 5 5 5 5 5 5 5 5 5 5 5 5 5 5 5 5 5 5 5 5 5 5 5 5 5 5 5 5 5 5 5 5 5 5 5 5 5 5 5 5 5 5 5 5 5 5 5 5 5 5 5 5 5 5 5 5 5 5 5 5 5 5 5 5 5 5 5 5 5 5 5 5 5 5 5 5 5 5 5 5 5 5 5 5 5 5 5 5 5 5 5 5 5 5 5 5 5 5 5 5 5 5 5 5 5 5 5 5 5 5 5 5 5 5 5 5 5 5 5 5 5 5 5 5 5 5 5 5 5 5 5 5 5 5 5 5 5 5 5 5 5 5 5 5 5 5 5 5 5 5 5 5 5 5 5 5 5 5 5 5 5 5 5 5 5 5 5 5 5 5 5 5 5 5 5 5 5 5 5 5 5 5 5 5 5 5 5 5 5 5 5 5 5 5 5 5 5 5 5 5 5 5 5 5 5 5 5 5 5 5 5 5 5 5 5 5 5 5 5 5 5 5 5 5 5 5 5 5 5 5 5 5 5 5 5 5 5 5 5 5 5 5 5 5 5 5 5 5 5 5 5 5 5 5 5 5 5 5 5 5 5 5 5 5 5 5 5 5 5 5 5 5 5 5 5 5 5 5 5 5 5 5 5 5 5 5 5 5 5 5 5 5 5 5 5 5 5 5 5 5 5 5 5 5 5 5 5 5 5 5 5 5 5 5 5 5 5 5 5 5 5 5 5 5 5 5 5 5 5 5 5 5 5 5 5 5 5 5 5 5 5 5 5 5 5 5 5 5 5 5 5 5 5 5 5 5 5 5 5 5 5 5 5 5 5 5 5 5 5 5 5 5 5 5 5 5 5 5 5 5 5 5 5 5 5 5 5 5 5 5 5 5 5 5 5 5 5 5 5 5 5 5 5 5 5 5 5 5 5 5 5 5 5 5 5 5 5 5 5 5 5 5 5 5 5 5 5 5 5 5 5 5 5 5 5 5 5 5 5 5 5 5 5 5 5 5 5 5 5 5 5 5 5 5 5 5 5 5 5 5 5 5 5 5 5 5 5 5 5 5 5 5 5 5 5 5 5 5 5 5 5 5 5 5 5 5 5 5 5 5 5 5 5 5 5 5 5 5 5 5 5 5 5 5 5 5 5 5 5 5 5 5 5 5 5 5 5 5 5 5 5 5 5 5 5 5 5 5 5 5 5 5 5 5 5 5 5 5 5 5 5 5 5 5 5 5 5 5 5 5 5 5 5 5 5 5 5 5 5 5 5 5 5 5 5 5 5 5 5 5 5 5 5 5 5 5 5 5 5 5 5 5 5 5 5 5 5 5 5 5 5 5 5 5 5 5 5 5 5 5 5 5 5 5 5 5 5 5 5 5 5 5 5 5 5 5 5 5 5 5 5 5 5 5 5 5 5 5 5 5 5 5 5 5 5 5 5 5 5 5 5 5 5 5 5 5 5 5 5 5 5 5 5 5 5 5 5 5 5 5 5 5 5 5 5 5 5 5 5 5 5 5 5 5 5 5 5 5 5 5 5 5 5 5 5 5 5 5 5 5 5 5 5 5 5 5 5 5 5 5 5 5 5 5 5 5 5 5 5 5 5 5 5 5 5 5 5 5 5 5 5 5 5 5 5 5 5 5 5 5 5 5 5 5 5 5 5 5 5 5 5 5 5 5 5 5 5 5 5 5 5 5 5 5 5 5 5 5 5 5 5 5 5 5 5 5 5 5 5 5 5 5 5 5 5 5 5 5 5 5 5 5 5 5 5 5 5 5 5 5 5 5 5 5 5 5 5 5 5 5 5 5 5 5 5 5 5 5 5 5 5 5 5 5 5 5 5 5 5 5 5 5 5 5 5 5 5 5 5 5 5 5 5 5 5 5 5 5 5 5 5 5 5 5 5 5 5 5 5 5 5 5 5 5 5 5 5 5 5 5 5 5 5 5 5 5 5 5 5 5 5 5 5 5 5 5 5 5 5 5 5 5 5 5 5 5 5 5 5 5 5 5 5 5 5 5 5 5 5 5 5 5 5 5 5 5 5 5 5 5 5 5 5 5 5 5 5 5 5 5 5 5 5 5 5 5 5 5 5 5 5 5 5 5 5 5 5 5 5 5 5 5 5 5 5 5 5 5 5 5 5 5 5 5 5 5 5 5 5 5 5 5 5 5 5 5 5 5 5 5 5 5 5 5 5 5 5 5 5 5 5 5 5 5 5 5 5 5 5 5 5 5 5 5 5 5 5 5 5 5 5 5 5 5 5 5 5 5 5 5 5 5 5 5 5 5 5 5 5 5 5 5 5 5 5 5 5 5 5 5 5 5 5 5 5 5 5 5 5 5 5 5 5 5 5 5 5 5 5 5 5 5 5 5 5 5 5 5 5 5 5 5 5 5 5 5 5 5 5 5 5 5 5 5 5 5 5 5 5 5 5 5 5 5 5 5 5 5 5 5 5 5 5 5 5 5 5 5 5 5 5 5 5 5 5 5 5 5 5 5 5 5 5 5 5 5 5 5 5 5 5 5 5 5 5 5 5 5 5 5 5 5 5 5 5 5 5 5 5 5 5 5 5 5 5 5 5 5 5 5 5 5 5 5 5 5 5 5 5 5 5 5 5 5 5 5 5 5 5 5 5 5 5 5 5 5 5 5 5 5 5 5 5 5 5 5 5 5 5 5 5 5 5 5 5 5 5 5 5 5 5 5 5 5 5 5 5 5 5 5 5 5 5 5 5 5 5 5 5 5 5 5 5 5 5 5 5 5 5 5 5 5 5 5 5 5 5 5 5 5 5 5 5 5 5 5 5 5 5 5 5 5 5 5 5 5 5 5 5 5 5 5 5 5 5 5 5 5 5 5 5 5 5 5 5 5 5 5 5 5 5 5 5 5 5 5 5 5 5 5 5 5 5 5 5 5 5 5 5 5 5 5 5 5 5 5 5 5 5 5 5 5 5 5 5 5 5 5 5 5 5 5 5 5 5 5 5 5 5 5 5 5 5 5 5 5 5 5 5 5 5 5 5 5 5 5 5 5 5 5 5 5 5 5 5 5 5 5 5 5 5 5 5 5 5 5 5 5 5 5 5 5 5 5 5 5 5 5 5 5 5 5 5 5 5 5 5 5 5 5 5 5 5 5 5 5 5 5 5 5 5 5 5 5 5 5 5 5 5 5 5 5 5 5 5 5 5 5 5 5 5 5 5 5 5 5 5 5 5 5 5 5 5 5 5 5 5 5 5 5 5 5 5 5 5 5 5 5 5 5 5 5 5 5 5 5 5 5 5 5 5 5 5 5 5 5 5 5 5 5 5 5 5 5 5 5 5 5 5 5 5 5 5 5 5 5 5 5 5 5 5 5 5 5 5 5 5 5 5 5 5 5 5 5 5 5 5 5 5 5 5 5 5 5 5 5 5 5 5 5 5 5 5 5 5 5 5 5 5 5 5 5 5 5 5 5 5 5 5 5 5 5 5 5 5 5 5 5 5 5 5 5 5 5 5 5 5 5 5 5 5 5 5 5 5 5 5 5 5 5 5 5 5 5 5 5 5 5 5 5 5 5 5 5 5 5 5 5 5 5 5 5 5 5 5 5 5 5 5 5 5 5 5 5 5 5 5 5 5 5 5 5 5 5 5 5 5 5 5 5 5 5 5 5 5 5 5 5 5 5 5 5 5 5 5 5 5 5 5 5 5 5 5 5 5 5 5 5 5 5 5 5 5 5 5 5 5 5 5 5 5 5 5 5 5 5 5 5 5 5 5 5 5 5 5 5 5 5 5 5 5 5 5 5 5 5 5 5 5 5 5 5 5 5 5 5 5 5 5 5 5 5 5 5 5 5 5 5 5 5 5 5 5 5 5 5 5 5 5 5 5 5 5 5 5 5 5 5 5 5 5 5 5 5 5 5 5 5 5 5 5 5 5 5 5 5 5 5 5 5 5 5 5 5 5 5 5 5 5 5 5 5 5 5 5 5 5 5 5 5 5 5 5 5 5 5 5 5 5 5 5 5 5 5 5 5 5 5 5 5 5 5 5 5 5 5 5 5 5 5 5 5 5 5 5 5 5 5 5 5 5 5 5 5 5 5 5 5 5 5 5 5 5 5 5 5 5 5 5 5 5 5 5 5 5 5 5 5 5 5 5 5 5 5 5 5 5 5 5 5 5 5 5 5 5 5 5 5 5 5 5 5 5 5 5 5 5 5 5 5 5 5 5 5 5 5 5 5 5 5 5 5 5 5 5 5 5 5 5 5 5 5 5 5 5 5 5 5 5 5 5 5 5 5 5 5 5 5 5 5 5 5 5 5 5 5 5 5 5 5 5 5 5 5 5 5 5 5 5 5 5 5 5 5 5 5 5 5 5 5 5 5 5 5 5 5 5 5 5 5 5 5 5 5 5 5 5 5 5 5 5 5 5 5 5 5 5 5 5 5 5 5 5 5 5 5 5 5 5 5 5 5 5 5 5 5 5 5 5 5 5 5 5 5 5 5 5 5 5 5 5 5 5 5 5 5 5 5 5 5 5 5 5 5 5 5 5 5 5 5 5 5 5 5 5 5 5 5 5 5 5 5 5 5 5 5 5 5 5 5 5 5 5 5 5 5 5 5 5 5 5 5 5 5 5 5 5 5 5 5 5 5 5 5 5 5 5 5 5 5 5 5 5 5 5 5 5 5 5 5 5 5 5 5 5 5 5 5 5 5 5 5 5 5 5 5 5 5 5 5 5 5 5 5 5 5 5 5 5 5 5 5 5 5 5 5 5 5 5 5 5 5 5 5 5 5 5 5 5 5 5 5 5 5 5 5 5 5 5 5 5 5 5 5 5 5 5 5 5 5 5 5 5 5 5 5 5 5 5 5 5 5 5 5 5 5 5 5 5 5 5 5 5 5 5 5 5 5 5 5 5 5 5 5 5 5 5 5 5 5 5 5 5 5 5 5 5 5 5 5 5 5 5 5 5 5 5 5 5 5 5 5 5 5 5 5 5 5 5 5 5 5 5 5 5 5 5 5 5 5 5 5 5 5 5 5 5 5 5 5 5 5 5 5 5 5 5 5 5 5 5 5 5 5 5 5 5 5 5 5 5 5 5 5 5 5 5 5 5 5 5 5 5 5 5 5 5 5 5 5 5 5 5 5 5 5 5 5 5 5 5 5 5 5 5 5 5 5 5 5 5 5 5 5 5 5 5 5 5 5 5 5 5 5 5 5 5 5 5 5 5 5 5 5 5 5 5 5 5 5 5 5 5 5 5 5 5 5 5 5 5 5 5 5 5 5 5 5 5 5 5 5 5 5 5 5 5 5 5 5 5 5 5 5 5 5 5 5 5 5 5 5 5 5 5 5 5 5 5 5 5 5 5 5 5 5 5 5 5 5 5 5 5 5 5 5 5 5 5 5 5 5 5 5 5 5 5 5 5 5 5 5 5 5 5 5 5 5 5 5 5 5 5 5 5 5 5 5 5 5 5 5 5 5 5 5 5 5 5 5 5 5 5 5 5 5 5 5 5 5 5 5 5 5 5 5 5 5 5 5 5 5 5 5 5 5 5 5 5 5 5 5 5 5 5 5 5 5 5 5 5 5 5 5 5 5 5 5 5 5 5 5 5 5 5 5 5 5 5 5 5 5 5 5 5 5 5 5 5 5 5 5 5 5 5 5 5 5 5 5 5 5 5 5 5 5 5 5 5 5 5 5 5 5 5 5 5 5 5 5 5 5 5 5 5 5 5 5 5 5 5 5 5 5 5 5 5 5 5 5 5 5 5 5 5 5 5 5 5 5 5 5 5 5 5 5 5 5 5 5 5 5 5 5 5 5 5 5 5 5 5 5 5 5 5 5 5 5 5 5 5 5 5 5 5 5 5 5 5 5 5 5 5 5 5 5 5 5 5 5 5 5 5 5 5 5 5 5 5 5 5 5 5 5 5 5 5 5 5 5 5 5 5 5 5 5 5 5 5 5 5 5 5 5 5 5 5 5 5 5 5 5 5 5 5 5 5 5 5 5 5 5 5 5 5 5 5 5 5 5 5 5 5 5 5 5 5 5 5 5 5 5 5 5 5 5 5 5 5 5 5 5 5 5 5 5 5 5 5 5 5 5 5 5 5 5 5 5 5 5 5 5 5 5 5 5 5 5 5 5 5 5 5 5 5 5 5 5 5 5 5 5 5 5 5 5 5 5 5 5 5 5 5 5 5 5 5 5 5 5 5 5 5 5 5 5 5 5 5 5 5 5 5 5 5 5 5 5 5 5 5 5 5 5 5 5 5 5 5 5 5 5 5 5 5 5 5 5 5 5 5 5 5 5 5 5 5 5 5 5 5 5 5 5 5 5 5 5 5 5 5 5 5 5 5 5 5 5 5 5 5 5 5 5 5 5 5 5 5 5 5 5 5 5 5 5 5 5 5 5 5 5 5 5 5 5 5 5 5 5 5 5 5 5 5 5 5 5 5 5 5 5 5 5 5 5 5 5 5 5 5 5 5 5 5 5 5 5 5 5 5 5 5 5 5 5 5 5 5 5 5 5 5 5 5 5 5 5 5 5 5 5 5 5 5 5 5 5 5 5 5 5 5 5 5 5 5 5 5 5 5 5 5 5 5 5 5 5 5 5 5 5 5 5 5 5 5 5 5 5 5 5 5 5 5 5 5 5 5 5 5 5 5 5 5 5 5 5 5 5 5 5 5 5 5 5 5 5 5 5 5 5 5 5 5 5 5 5 5 5 5 5 5 5 5 5 5 5 5 5 5 5 5 5 5 5 5 5 5 5 5 5 5 5 5 5 5 5 5 5 5 5 5 5 5 5 5 5 5 5 5 5 5 5 5 5 5 5 5 5 5 5 5 5 5 5 5 5 5 5 5 5 5 5 5 5 5 5 5 5 5 5 5 5 5 5 5 5 5 5 5 5 5 5 5 5 5 5 5 5 5 5 5 5 5 5 5 5 5 5 5 5 5 5 5 5 5 5 5 5 5 5 5 5 5 5 5 5 5 5 5 5 5 5 5 5 5 5 5 5 5 5 5 5 5 5 5 5 5 5 5 5 5 5 5 5 5 5 5 5 5 5 5 5 5 5 5 5 5 5 5 5 5 5 5 5 5 5 5 5 5 5 5 5 5 5 5 5 5 5 5 5 5 5 5 5 5 5 5 5 5 5 5 5 5 5 5 5 5 5 5 5 10 10 10 10 10 10 10 10 10 10 10 10 10 10 10 10 10 10 10 10 10 10 10 10 10 10 10 10 10 10 10 10 10 10 10 10 10 10 10 10 10 10 10 10 10 10 10 10 10 10 10 10 10 10 10 10 10 10 10 10 10 10 10 10 10 10 10 10 10 10 10 10 10 10 10 10 10 10 10 10 10 10 10 10 10 10 10 10 10 10 10 10 10 10 10 10 10 10 10 10 10 10 10 10 10 10 10 10 10 10 10 10 10 10 10 10 10 10 10 10 10 10 10 10 10 10 10 10 10 10 10 10 10 10 10 10 10 10 10 10 10 10 10 10 10 10 10 10 10 10 10 10 10 10 10 10 10 10 10 10 10 10 10 10 10 10 10 10 10 10 10 10 10 10 10 10 10 10 10 10 10 10 10 10 10 10 10 10 10 10 10 10 10 10 10 10 10 10 10 10 10 10 10 10 10 10 10 10 10 10 10 10 10 10 10 10 10 10 10 10 10 10 10 10 10 10 10 10 10 10 10 10 10 10 10 10 10 10 10 10 10 10 10 10 10 10 10 10 10 10 10 10 10 10 10 10 10 10 10 10 10 10 10 10 10 10 10 10 10 10 10 10 10 10 10 10 10 10 10 10 10 10 10 10 10 10 10 10 10 10 10 10 10 10 10 10 10 10 10 10 10 10 10 10 10 10 10 10 10 10 10 10 10 10 10 10 10 10 10 10 10 10 10 10 10 10 10 10 10 10 10 10 10 10 10 10 10 10 10 10 10 10 10 10 10 10 10 10 10 10 10 10 10 10 10 10 10 10 10 10 10 10 10 10 10 10 10 10 10 10 10 10 10 10 10 10 10 10 10 10 10 10 10 10 10 10 10 10 10 10 10 10 10 10 10 10 10 10 10 10 10 10 10 10 10 10 10 10 10 10 10 10 10 10 10 10 10 10 10 10 10 10 10 10 10 10 10 10 10 10 10 10 10 10 10 10 10 10 10 10 10 10 10 10 10 10 10 10 10 10 10 10 10 10 10 10 10 10 10 10 10 10 10 10 10 10 10 10 10 10 10 10 10 10 10 10 10 10 10 10 10 10 10 10 10 10 10 10 10 10 10 10 10 10 10 10 10 10 10 10 10 10 10 10 10 10 10 10 10 10 10 10 10 10 10 10 10 10 10 10 10 10 10 10 10 10 10 10 10 10 10 10 10 10 10 10 10 10 10 10 10 10 10 10 10 10 10 10 10 10 10 10 10 10 10 10 10 10 10 10 10 10 10 10 10 10 10 10 10 10 10 10 10 10 10 10 10 10 10 10 10 10 10 10 10 10 10 10 10 10 10 10 10 10 10 10 10 10 10 10 10 10 10 10 10 10 10 10 10 10 10 10 10 10 10 10 10 10 10 10 10 10 10 10 10 10 10 10 10 10 10 10 10 10 10 10 10 10 10 10 10 10 10 10 10 10 10 10 10 10 10 10 10 10 10 10 10 10 10 10 10 10 10 10 10 10 10 10 10 10 10 10 10 10 10 10 10 10 10 10 10 10 10 10 10 10 10 10 10 10 10 10 10 10 10 10 10 10 10 10 10 10 10 10 10 10 10 10 10 10 10 10 10 10 10 10 10 10 10 10 10 10 10 10 10 10 10 10 10 10 10 10 10 10 10 10 10 10 10 10 10 10 10 10 10 10 10 10 10 10 10 10 10 10 10 10 10 10 10 10 10 10 10 10 10 10 10 10 10 10 10 10 10 10 10 10 10 10 10 10 10 10 10 10 10 10 10 10 10 10 10 10 10 10 10 10 10 10 10 10 10 10 10 10 10 10 10 10 10 10 10 10 10 10 10 10 10 10 10 10 10 10 10 10 10 10 10 10 10 10 10 10 10 10 10 10 10 10 10 10 10 10 10 10 10 10 10 10 10 10 10 10 10 10 10 10 10 10 10 10 10 10 10 10 10 10 10 10 10 10 10 10 10 10 10 10 10 10 10 10 10 10 10 10 10 10 10 10 10 10 10 10 10 10 10 10 10 10 10 10 10 10 10 10 10 10 10 10 10 10 10 10 10 10 10 10 10 10 10 10 10 10 10 10 10 10 10 10 10 10 10 10 10 10 10 10 10 10 10 10 10 10 10 10 10 10 10 10 10 10 10 10 10 10 10 10 10 10 10 10 10 10 10 10 10 10 10 10 10 10 10 10 10 10 10 10 10 10 10 10 10 10 10 10 10 10 10 10 10 10 10 10 10 10 10 10 10 10 10 10 10 10 10 10 10 10 10 10 10 10 10 10 10 10 10 10 10 10 10 10 10 10 10 10 10 10 10 10 10 10 10 10 10 10 10 10 10 10 10 10 10 10 10 10 10 10 10 10 10 10 10 10 10 10 10 10 10 10 10 10 10 10 10 10 10 10 10 10 10 10 10 10 10 10 10 10 10 10 10 10 10 10 10 10 10 10 10 10 10 10 10 10 10 10 10 10 10 10 10 10 10 10 10 10 10 10 10 10 10 10 10 10 10 10 10 10 10 10 10 10 10 10 10 10 10 10 10 10 10 10 10 10 10 10 10 10 10 10 10 10 10 10 10 10 10 10 10 10 10 10 10 10 10 10 10 10 10 10 10 10 10 10 10 10 10 10 10 10 10 10 10 10 10 10 10 10 10 10 10 10 10 10 10 10 10 10 10 10 10 10 10 10 10 10 10 10 10 10 10 10 10 10 10 10 10 10 10 10 10 10 10 10 10 10 10 10 10 10 10 10 10 10 10 10 10 10 10 10 10 10 10 10 10 10 10 10 10 10 10 10 10 10 10 10 10 10 10 10 10 10 10 10 10 10 10 10 10 10 10 10 10 10 10 10 10 10 10 10 10 10 10 10 10 10 10 10 10 10 10 10 10 10 10 10 10 10 10 10 10 10 10 10 10 10 10 10 10 10 10 10 10 10 10 10 10 10 10 10 10 10 10 10 10 10 10 10 10 10 10 10 10 10 10 10 10 10 10 10 10 10 10 10 10 10 10 10 10 10 10 10 10 10 10 10 10 10 10 10 10 10 10 10 10 10 10 10 10 10 10 10 10 10 10 10 10 10 10 10 10 10 10 10 10 10 10 10 10 10 10 10 10 10 10 10 10 10 10 10 10 10 10 10 10 10 10 10 10 10 10 10 10 10 10 10 10 10 10 10 10 10 10 10 10 10 10 10 10 10 10 10 10 10 10 10 10 10 10 10 10 10 10 10 10 10 10 10 10 10 10 10 10 10 10 10 10 10 10 10 10 10 10 10 10 10 10 10 10 10 10 10 10 10 10 10 10 10 10 10 10 10 10 10 10 10 10 10 10 10 10 10 10 10 10 10 10 10 10 10 10 10 10 10 10 10 10 10 10 10 10 10 10 10 10 10 10 10 10 10 10 10 10 10 10 10 10 10 10 10 10 10 10 10 10 10 10 10 10 10 10 10 10 10 10 10 10 10 10 10 10 10 10 10 10 10 10 10 10 10 10 10 10 10 10 10 10 10 10 10 10 10 10 10 10 10 10 10 10 10 10 10 10 10 10 10 10 10 10 10 10 10 10 10 10 10 10 10 10 10 10 10 10 10 10 10 10 10 10 10 10 10 10 10 10 10 10 10 10 10 10 10 10 10 10 10 10 10 10 10 10 10 10 10 10 10 10 10 10 10 10 10 10 10 10 10 10 10 10 10 10 10 10 10 10 10 10 10 10 10 10 10 10 10 10 10 10 10 10 10 10 10 10 10 10 10 10 10 10 10 10 10 10 10 10 10 10 10 10 10 10 10 10 10 10 10 10 10 10 10 10 10 10 10 10 10 10 10 10 10 10 10 10 10 10 10 10 10 10 10 10 10 10 10 10 10 10 10 10 10 10 10 10 10 10 10 10 10 10 10 10 10 10 10 10 10 10 10 10 10 10 10 10 10 10 10 10 10 10 10 10 10 10 10 10 10 10 10 10 10 10 10 10 10 10 10 10 10 10 10 10 10 10 10 10 10 10 10 10 10 10 10 10 10 10 10 10 10 10 10 10 10 10 10 10 10 10 10 10 10 10 10 10 10 10 10 10 10 10 10 10 10 10 10 10 10 10 10 10 10 10 10 10 10 10 10 10 10 10 10 10 10 10 10 10 10 10 10 10 10 10 10 10 10 10 10 10 10 10 10 10 10 10 10 10 10 10 10 10 10 10 10 10 10 10 10 10 10 10 10 10 10 10 10 10 10 10 10 10 10 10 10 10 10 10 10 10 10 10 10 10 10 10 10 10 10 10 10 10 10 10 10 10 10 10 10 10 10 10 10 10 10 10 10 10 10 10 10 10 10 10 10 10 10 10 10 10 10 10 10 10 10 10 10 10 10 10 10 10 10 10 10 10 10 10 10 10 10 10 10 10 10 10 10 10 10 10 10 10 10 10 10 10 10 10 10 10 10 10 10 10 10 10 10 10 10 10 10 10 10 10 10 10 10 10 10 10 10 10 10 10 10 10 10 10 10 10 10 10 10 10 10 10 10 10 10 10 10 10 10 10 10 10 10 10 10 10 10 10 10 10 10 10 10 10 10 10 10 10 10 10 10 10 10 10 10 10 10 10 10 10 10 10 10 10 10 10 10 10 10 10 10 10 10 10 10 10 10 10 10 10 10 10 10 10 10 10 10 10 10 10 10 10 10 10 10 10 10 10 10 10 10 10 10 10 10 10 10 10 10 10 10 10 10 10 10 10 10 10 10 10 10 10 10 10 10 10 10 10 10 10 10 10 10 10 10 10 10 10 10 10 10 10 10 10 10 10 10 10 10 10 10 10 10 10 10 10 10 10 10 10 10 10 10 10 10 10 10 10 10 10 10 10 10 10 10 10 10 10 10 10 10 10 10 10 10 10 10 10 10 10 10 10 10 10 10 10 10 10 10 10 10 10 10 10 10 10 10 10 10 10 10 10 10 10 10 10 10 10 10 10 10 10 10 10 10 10 10 10 10 10 10 10 10 10 10 10 10 10 10 10 10 10 10 10 10 10 10 10 10 10 10 10 10 10 10 10 10 10 10 10 10 10 10 10 10 10 10 10 10 10 10 10 10 10 10 10 10 10 10 10 10 10 10 10 10 10 10 10 10 10 10 10 10 10 10 10 10 10 10 10 10 10 10 10 10 10 10 10 10 10 10 10 10 10 10 10 10 10 10 10 10 10 10 10 10 10 10 10 10 10 10 10 10 10 10 10 10 10 10 10 10 10 10 10 10 10 10 10 10 10 10 10 10 10 10 10 10 10 10 10 10 10 10 10 10 10 10 10 10 10 10 10 10 10 10 10 10 10 10 10 10 10 10 10 10 10 10 10 10 10 10 10 10 10 10 10 10 10 10 10 10 10 10 10 10 10 10 10 10 10 10 10 10 10 10 10 10 10 10 10 10 10 10 10 10 10 10 10 10 10 10 10 10 10 10 10 10 10 10 10 10 10 10 10 10 10 10 10 10 10 10 10 10 10 10 10 10 10 10 10 10 10 10 10 10 10 10 10 10 10 10 10 10 10 10 10 10 10 10 10 10 10 10 10 10 10 10 10 10 10 10 10 10 10 10 10 10 10 10 10 10 10 10 10 10 10 10 10 10 10 10 10 10 10 10 10 10 10 10 10 10 10 10 10 10 10 10 10 10 10 10 10 10 10 10 10 10 10 10 10 10 10 10 10 10 10 10 10 10 10 10 10 10 10 10 10 10 10 10 10 10 10 10 10 10 10 10 10 10 10 10 10 10 10 10 10 10 10 10 10 10 10 10 10 10 10 10 10 10 10 10 10 10 10 10 10 10 10 10 10 10 10 10 10 10 10 10 10 10 10 10 10 10 10 10 10 10 10 10 10 10 10 10 10 10 10 10 10 10 10 10 10 10 10 10 10 10 10 10 10 10 10 10 10 10 10 10 10 10 10 10 10 10 10 10 10 10 10 10 10 10 10 10 10 10 10 10 10 10 10 10 10 10 10 10 10 10 10 10 10 10 10 10 10 10 10 10 10 10 10 10 10 10 10 10 10 10 10 10 10 10 10 10 10 10 10 10 10 10 10 10 10 10 10 10 10 10 10 10 10 10 10 10 10 10 10 10 10 10 10 10 10 10 10 10 10 10 10 10 10 10 10 10 10 10 10 10 10 10 10 10 10 10 10 10 10 10 10 10 10 10 10 10 10 10 10 10 10 10 10 10 10 10 10 10 10 10 10 10 10 10 10 10 10 10 10 10 10 10 10 10 10 10 10 10 10 10 10 10 10 10 10 10 10 10 10 10 10 10 10 10 10 10 10 10 10 10 10 10 10 10 10 10 10 10 10 10 10 10 10 10 10 10 10 10 10 10 10 10 10 10 10 10 10 10 10 10 10 10 10 10 10 10 10 10 10 10 10 10 10 10 10 10 10 10 10 10 10 10 10 10 10 10 10 10 10 10 10 10 10 10 10 10 10 10 10 10 10 10 10 10 10 10 10 10 10 10 10 10 10 10 10 10 10 10 10 10 10 10 10 10 10 10 10 10 10 10 10 10 10 10 10 10 10 10 10 10 10 10 10 10 10 10 10 10 10 10 10 10 10 10 10 10 10 10 10 10 10 10 10 10 10 10 10 10 10 10 10 10 10 10 10 10 10 10 10 10 10 10 10 10 10 10 10 10 10 10 10 10 10 10 10 10 10 10 10 10 10 10 10 10 10 10 10 10 10 10 10 10 10 10 10 10 10 10 10 10 10 10 10 10 10 10 10 10 10 10 10 10 10 10 10 10 10 10 10 10 10 10 10 10 10 10 10 10 10 10 10 10 10 10 10 10 10 10 10 10 10 10 10 10 10 10 10 10 10 10 10 10 10 10 10 10 10 10 10 10 10 10 10 10 10 10 10 10 10 10 10 10 10 10 10 10 10 10 10 10 10 10 10 10 10 10 10 10 10 10 10 10 10 10 10 10 10 10 10 10 10 10 10 10 10 10 10 10 10 10 10 10 10 10 10 10 10 10 10 10 10 10 10 10 10 10 10 10 10 10 10 10 10 10 10 10 10 10 10 10 10 10 10 10 10 10 10 10 10 10 10 10 10 10 10 10 10 10 10 10 10 10 10 10 10 10 10 10 10 10 10 10 10 10 10 10 10 10 10 10 10 10 10 10 10 10 10 10 10 10 10 10 10 10 10 10 10 10 10 10 10 10 10 10 10 10 10 10 10 10 10 10 10 10 10 10 10 10 10 10 10 10 10 10 10 10 10 10 10 10 10 10 10 10 10 10 10 10 10 10 10 10 10 10 10 10 10 10 10 10 10 10 10 10 10 10 10 10 10 10 10 10 10 10 10 10 10 10 10 10 10 10 10 10 10 10 10 10 10 10 10 10 10 10 10 10 10 10 10 10 10 10 10 10 10 10 10 10 10 10 10 10 10 10 10 10 10 10 10 10 10 10 10 10 10 10 10 10 10 10 10 10 10 10 10 10 10 10 10 10 10 10 10 10 10 10 10 10 10 10 10 10 10 10 10 10 10 10 10 10 10 10 10 10 10 10 10 10 10 10 10 10 10 10 10 10 10 10 10 10 10 10 10 10 10 10 10 10 10 10 10 10 10 10 10 10 10 10 10 10 10 10 10 10 10 10 10 10 10 10 10 10 10 10 10 10 10 10 10 10 10 10 10 10 10 10 10 10 10 10 10 10 10 10 10 10 10 10 10 10 10 10 10 10 10 10 10 10 10 10 10 10 10 10 10 10 10 10 10 10 10 10 10 10 10 10 10 10 10 10 10 10 10 10 10 10 10 10 10 10 10 10 10 10 10 10 10 10 10 10 10 10 10 10 10 10 10 10 10 10 10 10 10 10 10 10 10 10 10 10 10 10 10 10 10 10 10 10 10 10 10 10 10 10 10 10 10 10 10 10 10 10 10 10 10 10 10 10 10 10 10 10 10 10 10 10 10 10 10 10 10 10 10 10 10 10 10 10 10 10 10 10 10 10 10 10 10 10 10 10 10 10 10 10 10 10 10 10 10 10 10 10 10 10 10 10 10 10 10 10 10 10 10 10 10 10 10 10 10 10 10 10 10 10 10 10 10 10 10 10 10 10 10 10 10 10 10 10 10 10 10 10 10 10 10 10 10 10 10 10 10 10 10 10 10 10 10 10 10 10 10 10 10 10 10 10 10 10 10 10 10 10 10 10 10 10 10 10 10 10 10 10 10 10 10 10 10 10 10 10 10 10 10 10 10 10 10 10 10 10 10 10 10 10 10 10 10 10 10 10 10 10 10 10 10 10 10 10 10 10 10 10 10 10 10 10 10 10 10 10 10 10 10 10 10 10 10 10 10 10 10 10 10 10 10 10 10 10 10 10 10 10 10 10 10 10 10 10 10 10 10 10 10 10 10 10 10 10 10 10 10 10 10 10 10 10 10 10 10 10 10 10 10 10 10 10 10 10 10 10 10 10 10 10 10 10 10 10 10 10 10 10 10 10 10 10 10 10 10 10 10 10 10 10 10 10 10 10 10 10 10 10 10 10 10 10 10 10 10 10 10 10 10 10 10 10 10 10 10 10 10 10 10 10 10 10 10 10 10 10 10 10 10 10 10 10 10 10 10 10 10 10 10 10 10 10 10 10 10 10 10 10 10 10 10 10 10 10 10 10 10 10 10 10 10 10 10 10 10 10 10 10 10 10 10 10 10 10 10 10 10 10 10 10 10 10 10 10 10 10 10 10 10 10 10 10 10 10 10 10 10 10 10 10 10 10 10 10 10 10 10 10 10 10 10 10 10 10 10 10 10 10 10 10 10 10 10 10 10 10 10 10 10 10 10 10 10 10 10 10 10 10 10 10 10 10 10 10 10 10 10 10 10 10 10 10 10 10 10 10 10 10 10 10 10 10 10 10 10 10 10 10 10 10 10 10 10 10 10 10 10 10 10 10 10 10 10 10 10 10 10 10 10 10 10 10 10 10 10 10 10 10 10 10 10 10 10 10 10 10 10 10 10 10 10 10 10 10 10 10 10 10 10 10 10 10 10 10 10 10 10 10 10 10 10 10 10 10 10 10 10 10 10 10 10 10 10 10 10 10 10 10 10 10 10 10 10 10 10 10 10 10 10 10 10 10 10 10 10 10 10 10 10 10 10 10 10 10 10 10 10 10 10 10 10 10 10 10 10 10 10 10 10 10 10 10 10 10 10 10 10 10 10 10 10 10 10 10 10 10 10 10 10 10 10 10 10 10 10 10 10 10 10 10 10 10 10 10 10 10 10 10 10 10 10 10 10 10 10 10 10 10 10 10 10 10 10 10 10 10 10 10 10 10 10 10 10 10 10 10 10 10 10 10 10 10 10 10 10 10 10 10 10 10 10 10 10 10 10 10 10 10 10 10 10 10 10 10 10 10 10 10 10 10 10 10 10 10 10 10 10 10 10 10 10 10 10 10 10 10 10 10 10 10 10 10 10 10 10 10 10 10 10 10 10 10 10 10 10 10 10 10 10 10 10 10 10 10 10 10 10 10 10 10 10 10 10 10 10 10 10 10 10 10 10 10 10 10 10 10 10 10 10 10 10 10 10 10 10 10 10 10 10 10 10 10 10 10 10 10 10 10 10 10 10 10 10 10 10 10 10 10 10 10 10 10 10 10 10 10 10 10 10 10 10 10 10 10 10 10 10 10 10 10 10 10 10 10 10 10 10 10 10 10 10 10 10 10 10 10 10 10 10 10 10 10 10 10 10 10 10 10 10 10 10 10 10 10 10 10 10 10 10 10 10 10 10 10 10 10 10 10 10 10 10 10 10 10 10 10 10 10 10 10 10 10 10 10 10 10 10 10 10 10 10 10 10 10 10 10 10 10 10 10 10 10 10 10 10 10 10 10 10 10 10 10 10 10 10 10 10 10 10 10 10 10 10 10 10 10 10 10 10 10 10 10 10 10 10 10 10 10 10 10 10 10 10 10 10 10 10 10 10 10 10 10 10 10 10 10 10 10 10 10 10 10 10 10 10 10 10 10 10 10 10 10 10 10 10 10 10 10 10 10 10 10 10 10 10 10 10 10 10 10 10 10 10 10 10 10 10 10 10 10 10 10 10 10 10 10 10 10 10 10 10 10 10 10 10 10 10 10 10 10 10 10 10 10 10 10 10 10 10 10 10 10 10 10 10 10 10 10 10 10 10 10 10 10 10 10 10 10 10 10 10 10 10 10 10 10 10 10 10 10 10 10 10 10 10 10 10 10 10 10 10 10 10 10 10 10 10 10 10 10 10 10 10 10 10 10 10 10 10 10 10 10 10 10 10 10 10 10 10 10 10 10 10 10 10 10 10 10 10 10 10 10 10 10 10 10 10 10 10 10 10 10 10 10 10 10 10 10 10 10 10 10 10 10 10 10 10 10 10 10 10 10 10 10 10 10 10 10 10 10 10 10 10 10 10 10 10 10 10 10 10 10 10 10 10 10 10 10 10 10 10 10 10 10 10 10 10 10 10 10 10 10 10 10 10 10 10 10 10 10 10 10 10 10 10 10 10 10 10 10 10 10 10 10 10 10 10 10 10 10 10 10 10 10 10 10 10 10 10 10 10 10 10 10 10 10 10 10 10 10 10 10 10 10 10 10 10 10 10 10 10 10 10 10 10 10 10 10 10 10 10 10 10 10 10 10 10 10 10 10 10 10 10 10 10 10 10 10 10 10 10 10 10 10 10 10 10 10 10 10 10 10 10 10 10 10 10 10 10 10 10 10 10 10 10 10 10 10 10 10 10 10 10 10 10 10 10 10 10 10 10 10 10 10 10 10 10 10 10 10 10 10 10 10 10 10 10 10 10 10 10 10 10 10 10 10 10 10 10 10 10 10 10 10 10 10 10 10 10 10 10 10 10 10 10 10 10 10 10 10 10 10 10 10 10 10 10 10 10 10 10 10 10 10 10 10 10 10 10 10 10 10 10 10 10 10 10 10 10 10 10 10 10 10 10 10 10 10 10 10 10 10 10 10 10 10 10 10 10 10 10 10 10 10 10 10 10 10 10 10 10 10 10 10 10 10 10 10 10 10 10 10 10 10 10 10 10 10 10 10 10 10 10 10 10 10 10 10 10 10 10 10 10 10 10 10 10 10 10 10 10 10 10 10 10 10 10 10 10 10 10 10 10 10 10 10 10 10 10 10 10 10 10 10 10 10 10 10 10 10 10 10 10 10 10 10 10 10 10 10 10 10 10 10 10 10 10 10 10 10 10 10 10 10 10 10 10 10 10 10 10 10 10 10 10 10 10 10 10 10 10 10 10 10 10 10 10 10 10 10 10 10 10 10 10 10 10 10 10 10 10 10 10 10 10 10 10 10 10 10 10 10 10 10 10 10 10 10 10 10 10 10 10 10 10 10 10 10 10 10 10 10 10 10 10 10 10 10 10 10 10 10 10 10 10 10 10 10 10 10 10 10 10 10 10 10 10 10 10 10 10 10 10 10 10 10 10 10 10 10 10 10 10 10 10 10 10 10 10 10 10 10 10 10 10 10 10 10 10 10 10 10 10 10 10 10 10 10 10 10 10 10 10 10 10 10 10 10 10 10 10 10 10 10 10 10 10 10 10 10 10 10 10 10 10 10 10 10 10 10 10 10 10 10 10 10 10 10 10 10 10 10 10 10 10 10 10 10 10 10 10 10 10 10 10 10 10 10 10 10 10 10 10 10 10 10 10 10 10 10 10 10 10 10 10 10 10 10 10 10 10 10 10 10 10 10 10 10 10 10 10 10 10 10 10 10 10 10 10 10 10 10 10 10 10 10 10 10 10 10 10 10 10 10 10 10 10 10 10 10 10 10 10 10 10 10 10 10 10 10 10 10 10 10 10 10 10 10 10 10 10 10 10 10 10 10 10 10 10 10 10 10 10 10 10 10 10 10 10 10 10 10 10 10 10 10 10 10 10 10 10 10 10 10 10 10 10 10 10 10 10 10 10 10 10 10 10 10 10 10 10 10 10 10 10 10 10 10 10 10 10 10 10 10 10 10 10 10 10 10 10 10 10 10 10 10 10 10 10 10 10 10 10 10 10 10 10 10 10 10 10 10 10 10 10 10 10 10 10 10 10 10 10 10 10 10 10 10 10 10 10 10 10 10 10 10 10 10 10 10 10 10 10 10 10 10 10 10 10 10 10 10 10 10 10 10 10 10 10 10 10 10 10 10 10 10 10 10 10 10 10 10 10 10 10 10 10 10 10 10 10 10 10 10 10 10 10 10 10 10 10 10 10 10 10 10 10 10 10 10 10 10 10 10 10 10 10 10 10 10 10 10 10 10 10 10 10 10 10 10 10 10 10 10 10 10 10 10 10 10 10 10 10 10 10 10 10 10 10 10 10 10 10 10 10 10 10 10 10 10 10 10 10 10 10 10 10 10 10 10 10 10 10 10 10 10 10 10 10 10 10 10 10 10 10 10 10 10 10 10 10 10 10 10 10 10 10 10 10 10 10 10 10 10 10 10 10 10 10 10 10 10 10 10 10 10 10 10 10 10 10 10 10 10 10 10 10 10 10 10 10 10 10 10 10 10 10 10 10 10 10 10 10 10 10 10 10 10 10 10 10 10 10 10 10 10 10 10 10 10 10 10 10 10 10 10 10 10 10 10 10 10 10 10 10 10 10 10 10 10 10 10 10 10 10 10 10 10 10 10 10 10 10 10 10 10 10 10 10 10 10 10 10 10 10 10 10 10 10 10 10 10 10 10 10 10 10 10 10 10 10 10 10 10 10 10 10 10 10 10 10 10 10 10 10 10 10 10 10 10 10 10 10 10 10 10 10 10 10 10 10 10 10 10 10 10 10 10 10 10 10 10 10 10 10 10 10 10 10 10 10 10 10 10 10 10 10 10 10 10 10 10 10 10 10 10 10 10 10 10 10 10 10 10 10 10 10 10 10 10 10 10 10 10 10 10 10 10 10 10 10 10 10 10 10 10 10 10 10 10 10 10 10 10 10 10 10 10 10 10 10 10 10 10 10 10 10 10 10 10 10 10 10 10 10 10 10 10 10 10 10 10 10 10 10 10 10 10 10 10 10 10 10 10 10 10 10 10 10 10 10 10 10 10 10 10 10 10 10 10 10 10 10 10 10 10 10 10 10 10 10 10 10 10 10 10 10 10 10 10 10 10 10 10 10 10 10 10 10 10 10 10 10 10 10 10 10 10 10 10 10 10 10 10 10 10 10 10 10 10 10 10 10 10 10 10 10 10 10 10 10 10 10 10 10 10 10 10 10 10 10 10 10 10 10 10 10 10 10 10 10 10 10 10 10 10 10 10 10 10 10 10 10 10 10 10 10 10 10 10 10 10 10 10 10 10 10 10 10 10 10 10 10 10 10 10 10 10 10 10 10 10 10 10 10 10 10 10 10 10 10 10 10 10 10 10 10 10 10 10 10 10 10 10 10 10 10 10 10 10 10 10 10 10 10 10 10 10 10 10 10 10 10 10 10 10 10 10 10 10 10 10 10 10 10 10 10 10 10 10 10 10 10 10 10 10 10 10 10 10 10 10 10 10 10 10 10 10 10 10 10 10 10 10 10 10 10 10 10 10 10 10 10 10 10 10 10 10 10 10 10 10 10 10 10 10 10 10 10 10 10 10 10 10 10 10 10 10 10 10 10 10 10 10 10 10 10 10 10 10 10 10 10 10 10 10 10 10 10 10 10 10 10 10 10 10 10 10 10 10 10 10 10 10 10 10 10 10 10 10 10 10 10 10 10 10 10 10 10 10 10 10 10 10 10 10 10 10 10 10 10 10 10 10 10 10 10 10 10 10 10 10 10 10 10 10 10 10 10 10 10 10 10 10 10 10 10 10 10 10 10 10 10 10 10 10 10 10 10 10 10 10 10 10 10 10 10 10 10 10 10 10 10 10 10 10 10 10 10 10 10 10 10 10 10 10 10 10 10 10 10 10 10 10 10 10 10 10 10 10 10 10 10 10 10 10 10 10 10 10 10 10 10 10 10 10 10 10 10 10 10 10 10 10 10 10 10 10 10 10 10 10 10 10 10 10 10 10 10 10 10 10 10 10 10 10 10 10 10 10 10 10 10 10 10 10 10 10 10 10 10 10 10 10 10 10 10 10 10 10 10 10 10 10 10 10 10 10 10 10 10 10 10 10 10 10 10 10 10 10 10 10 10 10 10 10 10 10 10 10 10 10 10 10 10 10 10 10 10 10 10 10 10 10 10 10 10 10 10 10 10 10 10 10 10 10 10 10 10 10 10 10 10 10 10 10 10 10 10 10 10 10 10 10 10 10 10 10 10 10 10 10 10 10 10 10 10 10 10 10 10 10 10 10 10 10 10 10 10 10 10 10 10 10 10 10 10 10 10 10 10 10 10 10 10 10 10 10 10 10 10 10 10 10 10 10 10 10 10 10 10 10 10 10 10 10 10 10 10 10 10 10 10 10 10 10 10 10 10 10 10 10 10 10 10 10 10 10 10 10 10 10 10 10 10 10 10 10 10 10 10 10 10 10 10 10 10 10 10 10 10 10 10 10 10 10 10 10 10 10 10 10 10 10 10 10 10 10 10 10 10 10 10 10 10 10 10 10 10 10 10 10 10 10 10 10 10 10 10 10 10 10 10 10 10 10 10 10 10 10 10 10 10 10 10 10 10 10 10 10 10 10 10 10 10 10 10 10 10 10 10 10 10 10 10 10 10 10 10 10 10 10 10 10 10 10 10 10 10 10 10 10 10 10 10 10 10 10 10 10 10 10 10 10 10 10 10 10 10 10 10 10 10 10 10 10 10 10 10 10 10 10 10 10 10 10 10 10 10 10 10 10 10 10 10 10 10 10 10 10 10 10 10 10 10 10 10 10 10 10 10 10 10 10 10 10 10 10 10 10 10 10 10 10 10 10 10 10 10 10 10 10 10 10 10 10 10 10 10 10 10 10 10 10 10 10 10 10 10 10 10 10 10 10 10 10 10 10 10 10 10 10 10 10 10 10 10 10 10 10 10 10 10 10 10 10 10 10 10 10 10 10 10 10 10 10 10 10 10 10 10 10 10 10 10 10 10 10 10 10 10 10 10 10 10 10 10 10 10 10 10 10 10 10 10 10 10 10 10 10 10 10 10 10 10 10 10 10 10 10 10 10 10 10 10 10 10 10 10 10 10 10 10 10 10 10 10 10 10 10 10 10 10 10 10 10 10 10 10 10 10 10 10 10 10 10 10 10 10 10 10 10 10 10 10 10 10 10 10 10 10 10 10 10 10 10 10 10 10 10 10 10 10 10 10 10 10 10 10 10 10 10 10 10 10 10 10 10 10 10 10 10 10 10 10 10 10 10 10 10 10 10 10 10 10 10 10 10 10 10 10 10 10 10 10 10 10 10 10 10 10 10 10 10 10 10 10 10 10 10 10 10 10 10 10 10 10 10 10 10 10 10 10 10 10 10 10 10 10 10 10 10 10 10 10 10 10 10 10 10 10 10 10 10 10 10 10 10 10 10 10 10 10 10 10 10 10 10 10 10 10 10 10 10 10 10 10 10 10 10 10 10 10 10 10 10 10 10 10 10 10 10 10 10 10 10 10 10 10 10 10 10 10 10 10 10 10 10 10 10 10 10 10 10 10 10 10 10 10 10 10 10 10 10 10 10 10 10 10 10 10 10 10 10 10 10 10 10 10 10 10 10 10 10 10 10 10 10 10 10 10 10 10 10 10 10 10 10 10 10 10 10 10 10 10 10 10 10 10 10 10 10 10 10 10 10 10 10 10 10 10 10 10 10 10 10 10 10 10 10 10 10 10 10 10 10 10 10 10 10 10 10 10 10 10 10 10 10 10 10 10 10 10 10 10 10 10 10 10 10 10 10 10 10 10 10 10 10 10 10 10 10 10 10 10 10 10 10 10 10 10 10 10 10 10 10 10 10 10 10 10 10 10 10 10 10 10 10 10 10 10 10 10 10 10 10 10 10 10 10 10 10 10 10 10 10 10 10 10 10 10 10 10 10 10 10 10 10 10 10 10 10 10 10 10 10 10 10 10 10 10 10 10 10 10 10 10 10 10 10 10 10 10 10 10 10 10 10 10 10 10 10 10 10 10 10 10 10 10 10 10 10 10 10 10 10 10 10 10 10 10 10 10 10 10 10 10 10 10 10 10 10 10 10 10 10 10 10 10 10 10 10 10 10 10 10 10 10 10 10 10 10 10 10 10 10 10 10 10 10 10 10 10 10 10 10 10 10 10 10 10 10 10 10 10 10 10 10 10 10 10 10 10 10 10 10 10 10 10 10 10 10 10 10 10 10 10 10 10 10 10 10 10 10 10 10 10 10 10 10 10 10 10 10 10 10 10 10 10 10 10 10 10 10 10 10 10 10 10 10 10 10 10 10 10 10 10 10 10 10 10 10 10 10 10 10 10 10 10 10 10 10 10 10 10 10 10 10 10 10 10 10 10 10 10 10 10 10 10 10 10 10 10 10 10 10 10 10 10 10 10 10 10 10 10 10 10 10 10 10 10 10 10 10 10 10 10 10 10 10 10 10 10 10 10 10 10 10 10 10 10 10 10 10 10 10 10 10 10 10 10 10 10 10 10 10 10 10 10 10 10 10 10 10 10 10 10 10 10 10 10 10 10 10 10 10 10 10 10 10 10 10 10 10 10 10 10 10 10 10 10 10 10 10 10 10 10 10 10 10 10 10 10 10 10 10 10 10 10 10 10 10 10 10 10 10 10 10 10 10 10 10 10 10 10 10 10 10 10 10 10 10 10 10 10 10 10 10 10 10 10 10 10 10 10 10 10 10 10 10 10 10 10 10 10 10 10 10 10 10 10 10 10 10 10 10 10 10 10 10 10 10 10 10 10 10 10 10 10 10 10 10 10 10 10 10 10 10 10 10 10 10 10 10 10 10 10 10 10 10 10 10 10 10 10 10 10 10 10 10 10 10 10 10 10 10 10 10 10 10 10 10 10 10 10 10 10 10 10 10 10 10 10 10 10 10 10 10 10 10 10 10 10 10 10 10 10 10 10 10 10 10 10 10 10 10 10 10 10 10 10 10 10 10 10 10 10 10 10 10 10 10 10 10 10 10 10 10 10 10 10 10 10 10 10 10 10 10 10 10 10 10 10 10 10 10 10 10 10 10 10 10 10 10 10 10 10 10 10 10 10 10 10 10 10 10 10 10 10 10 10 10 10 10 10 10 10 10 10 10 10 10 10 10 10 10 10 10 10 10 10 10 10 10 10 10 10 10 
        </DataArray>
      </Cells>
    </Piece>
  </UnstructuredGrid>
</VTKFile>
