# WaveFront *.obj file (generated by Autodesk ATF)

mtllib ArmSupport-motor-mount-symmetry-v2.mtl

g Solid2

v -19.845000 1.000000 -6.000000
v -42.175000 1.000000 -6.000000
v -42.174542 1.455469 -5.973168
v -42.175563 1.915285 -5.892669
v -42.181657 2.367923 -5.758504
v -42.196772 2.801916 -5.570837
v -42.227726 3.207596 -5.334195
v -42.280965 3.577352 -5.057802
v -42.362640 3.903681 -4.751111
v -42.484457 4.193117 -4.408446
v -42.564301 4.325011 -4.223256
v -42.657362 4.444533 -4.033483
v -42.880504 4.641020 -3.655645
v -43.139342 4.781294 -3.304455
v -43.438263 4.878242 -2.978224
v -43.777895 4.941866 -2.677245
v -44.153125 4.978849 -2.409166
v -44.558835 4.995874 -2.181633
v -44.988859 5.000000 -2.000000
v -17.031141 5.000000 -2.000000
v -17.461165 4.995874 -2.181633
v -17.866875 4.978849 -2.409166
v -18.242105 4.941866 -2.677245
v -18.581737 4.878242 -2.978224
v -18.880658 4.781294 -3.304455
v -19.139496 4.641020 -3.655645
v -19.362638 4.444533 -4.033483
v -19.455699 4.325011 -4.223256
v -19.535543 4.193117 -4.408446
v -19.657360 3.903681 -4.751111
v -19.739035 3.577352 -5.057802
v -19.792274 3.207596 -5.334195
v -19.823228 2.801916 -5.570837
v -19.838343 2.367923 -5.758504
v -19.844437 1.915285 -5.892669
v -19.845458 1.455469 -5.973168
v -35.669620 1.522105 -5.965779
v -26.350380 1.522105 -5.965779
v -35.669620 2.035276 -5.863703
v -26.350380 2.035276 -5.863703
v -35.669620 2.530734 -5.695518
v -26.350380 2.530734 -5.695518
v -35.669620 3.000000 -5.464102
v -26.350380 3.000000 -5.464102
v -35.669620 3.435046 -5.173413
v -26.350380 3.435046 -5.173413
v -35.669620 3.828427 -4.828427
v -26.350380 3.828427 -4.828427
v -35.669620 4.173413 -4.435046
v -26.350380 4.173413 -4.435046
v -35.669620 4.464102 -4.000000
v -26.350380 4.464102 -4.000000
v -35.669620 4.695518 -3.530734
v -26.350380 4.695518 -3.530734
v -35.669620 4.863703 -3.035276
v -26.350380 4.863703 -3.035276
v -35.669620 4.965779 -2.522105
v -26.350380 4.965779 -2.522105
v -19.845000 -1.000000 -6.000000
v -42.175000 -1.000000 -6.000000
v -17.031141 -5.000000 -2.000000
v -44.988859 -5.000000 -2.000000
v -44.558835 -4.995874 -2.181633
v -44.153125 -4.978849 -2.409166
v -43.777895 -4.941866 -2.677245
v -43.438263 -4.878242 -2.978224
v -43.139342 -4.781294 -3.304455
v -42.880504 -4.641020 -3.655645
v -42.657362 -4.444533 -4.033483
v -42.564301 -4.325011 -4.223256
v -42.484457 -4.193117 -4.408446
v -42.362640 -3.903681 -4.751111
v -42.280965 -3.577352 -5.057802
v -42.227726 -3.207596 -5.334195
v -42.196772 -2.801916 -5.570837
v -42.181657 -2.367923 -5.758504
v -42.175563 -1.915285 -5.892669
v -42.174542 -1.455469 -5.973168
v -19.845458 -1.455469 -5.973168
v -19.844437 -1.915285 -5.892669
v -19.838343 -2.367923 -5.758504
v -19.823228 -2.801916 -5.570837
v -19.792274 -3.207596 -5.334195
v -19.739035 -3.577352 -5.057802
v -19.657360 -3.903681 -4.751111
v -19.535543 -4.193117 -4.408446
v -19.455699 -4.325011 -4.223256
v -19.362638 -4.444533 -4.033483
v -19.139496 -4.641020 -3.655645
v -18.880658 -4.781294 -3.304455
v -18.581737 -4.878242 -2.978224
v -18.242105 -4.941866 -2.677245
v -17.866875 -4.978849 -2.409166
v -17.461165 -4.995874 -2.181633
v -35.669620 -4.965779 -2.522105
v -26.350380 -4.965779 -2.522105
v -35.669620 -4.863703 -3.035276
v -26.350380 -4.863703 -3.035276
v -35.669620 -4.695518 -3.530734
v -26.350380 -4.695518 -3.530734
v -35.669620 -4.464102 -4.000000
v -26.350380 -4.464102 -4.000000
v -35.669620 -4.173413 -4.435046
v -26.350380 -4.173413 -4.435046
v -35.669620 -3.828427 -4.828427
v -26.350380 -3.828427 -4.828427
v -35.669620 -3.435046 -5.173413
v -26.350380 -3.435046 -5.173413
v -35.669620 -3.000000 -5.464102
v -26.350380 -3.000000 -5.464102
v -35.669620 -2.530734 -5.695518
v -26.350380 -2.530734 -5.695518
v -35.669620 -2.035276 -5.863703
v -26.350380 -2.035276 -5.863703
v -35.669620 -1.522105 -5.965779
v -26.350380 -1.522105 -5.965779
v -139.700000 5.000000 -4.800000
v -139.182567 5.000000 -4.764607
v -138.674772 5.000000 -4.659086
v -138.186076 5.000000 -4.485403
v -137.725581 5.000000 -4.246794
v -137.301866 5.000000 -3.947703
v -136.922823 5.000000 -3.593702
v -136.595514 5.000000 -3.191385
v -136.326036 5.000000 -2.748247
v -136.119408 5.000000 -2.272543
v -135.979480 5.000000 -1.773133
v -135.908859 5.000000 -1.259321
v -135.908859 5.000000 -0.740679
v -135.979480 5.000000 -0.226867
v -136.119408 5.000000 0.272543
v -136.326036 5.000000 0.748247
v -136.595514 5.000000 1.191385
v -136.922823 5.000000 1.593702
v -137.301866 5.000000 1.947703
v -137.725581 5.000000 2.246794
v -138.186076 5.000000 2.485403
v -138.674772 5.000000 2.659086
v -139.182567 5.000000 2.764607
v -139.700000 5.000000 2.800000
v -140.217433 5.000000 2.764607
v -140.725228 5.000000 2.659086
v -141.213924 5.000000 2.485403
v -141.674419 5.000000 2.246794
v -142.098134 5.000000 1.947703
v -142.477177 5.000000 1.593702
v -142.804486 5.000000 1.191385
v -143.073964 5.000000 0.748247
v -143.280592 5.000000 0.272543
v -143.420520 5.000000 -0.226867
v -143.491141 5.000000 -0.740679
v -143.491141 5.000000 -1.259321
v -143.420520 5.000000 -1.773133
v -143.280592 5.000000 -2.272543
v -143.073964 5.000000 -2.748247
v -142.804486 5.000000 -3.191385
v -142.477177 5.000000 -3.593702
v -142.098134 5.000000 -3.947703
v -141.674419 5.000000 -4.246794
v -141.213924 5.000000 -4.485403
v -140.725228 5.000000 -4.659086
v -140.217433 5.000000 -4.764607
v -138.000000 5.000000 7.000000
v -138.025827 5.000000 7.295202
v -138.102523 5.000000 7.581434
v -138.227757 5.000000 7.850000
v -138.397724 5.000000 8.092739
v -138.607261 5.000000 8.302276
v -138.850000 5.000000 8.472243
v -139.118566 5.000000 8.597477
v -139.404798 5.000000 8.674173
v -139.700000 5.000000 8.700000
v -139.995202 5.000000 8.674173
v -140.281434 5.000000 8.597477
v -140.550000 5.000000 8.472243
v -140.792739 5.000000 8.302276
v -141.002276 5.000000 8.092739
v -141.172243 5.000000 7.850000
v -141.297477 5.000000 7.581434
v -141.374173 5.000000 7.295202
v -141.400000 5.000000 7.000000
v -141.374173 5.000000 6.704798
v -141.297477 5.000000 6.418566
v -141.172243 5.000000 6.150000
v -141.002276 5.000000 5.907261
v -140.792739 5.000000 5.697724
v -140.550000 5.000000 5.527757
v -140.281434 5.000000 5.402523
v -139.995202 5.000000 5.325827
v -139.700000 5.000000 5.300000
v -139.404798 5.000000 5.325827
v -139.118566 5.000000 5.402523
v -138.850000 5.000000 5.527757
v -138.607261 5.000000 5.697724
v -138.397724 5.000000 5.907261
v -138.227757 5.000000 6.150000
v -138.102523 5.000000 6.418566
v -138.025827 5.000000 6.704798
v -147.700000 5.000000 0.700000
v -147.995202 5.000000 0.674173
v -148.281434 5.000000 0.597477
v -148.550000 5.000000 0.472243
v -148.792739 5.000000 0.302276
v -149.002276 5.000000 0.092739
v -149.172243 5.000000 -0.150000
v -149.297477 5.000000 -0.418566
v -149.374173 5.000000 -0.704798
v -149.400000 5.000000 -1.000000
v -149.374173 5.000000 -1.295202
v -149.297477 5.000000 -1.581434
v -149.172243 5.000000 -1.850000
v -149.002276 5.000000 -2.092739
v -148.792739 5.000000 -2.302276
v -148.550000 5.000000 -2.472243
v -148.281434 5.000000 -2.597477
v -147.995202 5.000000 -2.674173
v -147.700000 5.000000 -2.700000
v -147.404798 5.000000 -2.674173
v -147.118566 5.000000 -2.597477
v -146.850000 5.000000 -2.472243
v -146.607261 5.000000 -2.302276
v -146.397724 5.000000 -2.092739
v -146.227757 5.000000 -1.850000
v -146.102523 5.000000 -1.581434
v -146.025827 5.000000 -1.295202
v -146.000000 5.000000 -1.000000
v -146.025827 5.000000 -0.704798
v -146.102523 5.000000 -0.418566
v -146.227757 5.000000 -0.150000
v -146.397724 5.000000 0.092739
v -146.607261 5.000000 0.302276
v -146.850000 5.000000 0.472243
v -147.118566 5.000000 0.597477
v -147.404798 5.000000 0.674173
v -141.400000 5.000000 -9.000000
v -141.374173 5.000000 -9.295202
v -141.297477 5.000000 -9.581434
v -141.172243 5.000000 -9.850000
v -141.002276 5.000000 -10.092739
v -140.792739 5.000000 -10.302276
v -140.550000 5.000000 -10.472243
v -140.281434 5.000000 -10.597477
v -139.995202 5.000000 -10.674173
v -139.700000 5.000000 -10.700000
v -139.404798 5.000000 -10.674173
v -139.118566 5.000000 -10.597477
v -138.850000 5.000000 -10.472243
v -138.607261 5.000000 -10.302276
v -138.397724 5.000000 -10.092739
v -138.227757 5.000000 -9.850000
v -138.102523 5.000000 -9.581434
v -138.025827 5.000000 -9.295202
v -138.000000 5.000000 -9.000000
v -138.025827 5.000000 -8.704798
v -138.102523 5.000000 -8.418566
v -138.227757 5.000000 -8.150000
v -138.397724 5.000000 -7.907261
v -138.607261 5.000000 -7.697724
v -138.850000 5.000000 -7.527757
v -139.118566 5.000000 -7.402523
v -139.404798 5.000000 -7.325827
v -139.700000 5.000000 -7.300000
v -139.995202 5.000000 -7.325827
v -140.281434 5.000000 -7.402523
v -140.550000 5.000000 -7.527757
v -140.792739 5.000000 -7.697724
v -141.002276 5.000000 -7.907261
v -141.172243 5.000000 -8.150000
v -141.297477 5.000000 -8.418566
v -141.374173 5.000000 -8.704798
v -131.700000 5.000000 -2.700000
v -131.404798 5.000000 -2.674173
v -131.118566 5.000000 -2.597477
v -130.850000 5.000000 -2.472243
v -130.607261 5.000000 -2.302276
v -130.397724 5.000000 -2.092739
v -130.227757 5.000000 -1.850000
v -130.102523 5.000000 -1.581434
v -130.025827 5.000000 -1.295202
v -130.000000 5.000000 -1.000000
v -130.025827 5.000000 -0.704798
v -130.102523 5.000000 -0.418566
v -130.227757 5.000000 -0.150000
v -130.397724 5.000000 0.092739
v -130.607261 5.000000 0.302276
v -130.850000 5.000000 0.472243
v -131.118566 5.000000 0.597477
v -131.404798 5.000000 0.674173
v -131.700000 5.000000 0.700000
v -131.995202 5.000000 0.674173
v -132.281434 5.000000 0.597477
v -132.550000 5.000000 0.472243
v -132.792739 5.000000 0.302276
v -133.002276 5.000000 0.092739
v -133.172243 5.000000 -0.150000
v -133.297477 5.000000 -0.418566
v -133.374173 5.000000 -0.704798
v -133.400000 5.000000 -1.000000
v -133.374173 5.000000 -1.295202
v -133.297477 5.000000 -1.581434
v -133.172243 5.000000 -1.850000
v -133.002276 5.000000 -2.092739
v -132.792739 5.000000 -2.302276
v -132.550000 5.000000 -2.472243
v -132.281434 5.000000 -2.597477
v -131.995202 5.000000 -2.674173
v -45.456920 5.000000 -1.861725
v -45.937747 5.000000 -1.778024
v -46.425000 5.000000 -1.750000
v -46.912253 5.000000 -1.778024
v -47.393080 5.000000 -1.861725
v -47.861141 5.000000 -2.000000
v -75.818859 5.000000 -2.000000
v -76.286920 5.000000 -1.861725
v -76.767747 5.000000 -1.778024
v -77.255000 5.000000 -1.750000
v -77.742253 5.000000 -1.778024
v -78.223080 5.000000 -1.861725
v -78.691141 5.000000 -2.000000
v -106.648859 5.000000 -2.000000
v -107.116920 5.000000 -1.861725
v -107.597747 5.000000 -1.778024
v -108.085000 5.000000 -1.750000
v -108.572253 5.000000 -1.778024
v -109.053080 5.000000 -1.861725
v -109.521141 5.000000 -2.000000
v -124.500000 5.000000 -2.000000
v -124.500000 5.000000 -6.000000
v -128.571658 5.000000 -6.000000
v -137.204205 5.000000 -12.378019
v -137.667865 5.000000 -12.675653
v -138.166495 5.000000 -12.910033
v -138.691515 5.000000 -13.077126
v -139.233890 5.000000 -13.174056
v -139.784286 5.000000 -13.199154
v -140.333232 5.000000 -13.151990
v -140.871281 5.000000 -13.033373
v -141.389173 5.000000 -12.845347
v -141.877996 5.000000 -12.591147
v -142.329338 5.000000 -12.275146
v -142.735432 5.000000 -11.902784
v -143.089289 5.000000 -11.480467
v -143.384820 5.000000 -11.015465
v -143.616940 5.000000 -10.515778
v -143.781652 5.000000 -9.990007
v -143.876124 5.000000 -9.447198
v -143.898729 5.000000 -8.896694
v -143.914970 5.000000 -8.588464
v -143.978444 5.000000 -8.286405
v -144.087640 5.000000 -7.997709
v -144.239956 5.000000 -7.729252
v -144.431765 5.000000 -7.487430
v -144.658499 5.000000 -7.278000
v -145.132198 5.000000 -6.872923
v -145.572923 5.000000 -6.432198
v -145.978000 5.000000 -5.958499
v -146.187430 5.000000 -5.731765
v -146.429252 5.000000 -5.539956
v -146.697709 5.000000 -5.387640
v -146.986405 5.000000 -5.278444
v -147.288464 5.000000 -5.214970
v -147.596694 5.000000 -5.198729
v -148.131971 5.000000 -5.177727
v -148.660221 5.000000 -5.088762
v -149.172850 5.000000 -4.933283
v -149.661520 5.000000 -4.713817
v -150.118280 5.000000 -4.433937
v -150.535700 5.000000 -4.098194
v -150.906990 5.000000 -3.712050
v -151.226109 5.000000 -3.281788
v -151.487866 5.000000 -2.814406
v -151.688004 5.000000 -2.317508
v -151.823265 5.000000 -1.799176
v -151.891451 5.000000 -1.267845
v -151.891451 5.000000 -0.732155
v -151.823265 5.000000 -0.200824
v -151.688004 5.000000 0.317508
v -151.487866 5.000000 0.814406
v -151.226109 5.000000 1.281788
v -150.906990 5.000000 1.712050
v -150.535700 5.000000 2.098194
v -150.118280 5.000000 2.433937
v -149.661520 5.000000 2.713817
v -149.172850 5.000000 2.933283
v -148.660221 5.000000 3.088762
v -148.131971 5.000000 3.177727
v -147.596694 5.000000 3.198729
v -147.288464 5.000000 3.214970
v -146.986405 5.000000 3.278444
v -146.697709 5.000000 3.387640
v -146.429252 5.000000 3.539956
v -146.187430 5.000000 3.731765
v -145.978000 5.000000 3.958499
v -145.572923 5.000000 4.432198
v -145.132198 5.000000 4.872923
v -144.658499 5.000000 5.278000
v -144.431765 5.000000 5.487430
v -144.239956 5.000000 5.729252
v -144.087640 5.000000 5.997709
v -143.978444 5.000000 6.286405
v -143.914970 5.000000 6.588464
v -143.898729 5.000000 6.896694
v -143.876124 5.000000 7.447198
v -143.781652 5.000000 7.990007
v -143.616940 5.000000 8.515778
v -143.384820 5.000000 9.015465
v -143.089289 5.000000 9.480467
v -142.735432 5.000000 9.902784
v -142.329338 5.000000 10.275146
v -141.877996 5.000000 10.591147
v -141.389173 5.000000 10.845347
v -140.871281 5.000000 11.033373
v -140.333232 5.000000 11.151990
v -139.784286 5.000000 11.199154
v -139.233890 5.000000 11.174056
v -138.691515 5.000000 11.077126
v -138.166495 5.000000 10.910033
v -137.667865 5.000000 10.675653
v -137.204205 5.000000 10.378019
v -128.571658 5.000000 4.000000
v -124.500000 5.000000 4.000000
v -124.500000 5.000000 -0.000000
v -109.521141 5.000000 -0.000000
v -109.053080 5.000000 -0.138275
v -108.572253 5.000000 -0.221976
v -108.085000 5.000000 -0.250000
v -107.597747 5.000000 -0.221976
v -107.116920 5.000000 -0.138275
v -106.648859 5.000000 -0.000000
v -78.691141 5.000000 -0.000000
v -78.223080 5.000000 -0.138275
v -77.742253 5.000000 -0.221976
v -77.255000 5.000000 -0.250000
v -76.767747 5.000000 -0.221976
v -76.286920 5.000000 -0.138275
v -75.818859 5.000000 -0.000000
v -47.861141 5.000000 -0.000000
v -47.393080 5.000000 -0.138275
v -46.912253 5.000000 -0.221976
v -46.425000 5.000000 -0.250000
v -45.937747 5.000000 -0.221976
v -45.456920 5.000000 -0.138275
v -44.988859 5.000000 -0.000000
v -17.031141 5.000000 -0.000000
v -16.563080 5.000000 -0.138275
v -16.082253 5.000000 -0.221976
v -15.595000 5.000000 -0.250000
v -15.107747 5.000000 -0.221976
v -14.626920 5.000000 -0.138275
v -14.158859 5.000000 -0.000000
v 2.500000 5.000000 -0.000000
v 2.500000 5.000000 -2.000000
v -14.158859 5.000000 -2.000000
v -14.626920 5.000000 -1.861725
v -15.107747 5.000000 -1.778024
v -15.595000 5.000000 -1.750000
v -16.082253 5.000000 -1.778024
v -16.563080 5.000000 -1.861725
v -73.005000 1.000000 4.000000
v -50.675000 1.000000 4.000000
v -50.675458 1.455469 3.973168
v -50.674437 1.915285 3.892669
v -50.668343 2.367923 3.758504
v -50.653228 2.801916 3.570837
v -50.622274 3.207596 3.334195
v -50.569035 3.577352 3.057802
v -50.487360 3.903681 2.751111
v -50.365543 4.193117 2.408446
v -50.285699 4.325011 2.223256
v -50.192638 4.444533 2.033483
v -49.969496 4.641020 1.655645
v -49.710658 4.781294 1.304455
v -49.411737 4.878242 0.978224
v -49.072105 4.941866 0.677245
v -48.696875 4.978849 0.409166
v -48.291165 4.995874 0.181633
v -75.388835 4.995874 0.181633
v -74.983125 4.978849 0.409166
v -74.607895 4.941866 0.677245
v -74.268263 4.878242 0.978224
v -73.969342 4.781294 1.304455
v -73.710504 4.641020 1.655645
v -73.487362 4.444533 2.033483
v -73.394301 4.325011 2.223256
v -73.314457 4.193117 2.408446
v -73.192640 3.903681 2.751111
v -73.110965 3.577352 3.057802
v -73.057726 3.207596 3.334195
v -73.026772 2.801916 3.570837
v -73.011657 2.367923 3.758504
v -73.005563 1.915285 3.892669
v -73.004542 1.455469 3.973168
v -57.180380 1.522105 3.965779
v -66.499620 1.522105 3.965779
v -57.180380 2.035276 3.863703
v -66.499620 2.035276 3.863703
v -57.180380 2.530734 3.695518
v -66.499620 2.530734 3.695518
v -57.180380 3.000000 3.464102
v -66.499620 3.000000 3.464102
v -57.180380 3.435046 3.173413
v -66.499620 3.435046 3.173413
v -57.180380 3.828427 2.828427
v -66.499620 3.828427 2.828427
v -57.180380 4.173413 2.435046
v -66.499620 4.173413 2.435046
v -57.180380 4.464102 2.000000
v -66.499620 4.464102 2.000000
v -57.180380 4.695518 1.530734
v -66.499620 4.695518 1.530734
v -57.180380 4.863703 1.035276
v -66.499620 4.863703 1.035276
v -57.180380 4.965779 0.522105
v -66.499620 4.965779 0.522105
v -73.005000 -1.000000 4.000000
v -50.675000 -1.000000 4.000000
v -75.818859 -5.000000 -0.000000
v -47.861141 -5.000000 -0.000000
v -48.291165 -4.995874 0.181633
v -48.696875 -4.978849 0.409166
v -49.072105 -4.941866 0.677245
v -49.411737 -4.878242 0.978224
v -49.710658 -4.781294 1.304455
v -49.969496 -4.641020 1.655645
v -50.192638 -4.444533 2.033483
v -50.285699 -4.325011 2.223256
v -50.365543 -4.193117 2.408446
v -50.487360 -3.903681 2.751111
v -50.569035 -3.577352 3.057802
v -50.622274 -3.207596 3.334195
v -50.653228 -2.801916 3.570837
v -50.668343 -2.367923 3.758504
v -50.674437 -1.915285 3.892669
v -50.675458 -1.455469 3.973168
v -73.004542 -1.455469 3.973168
v -73.005563 -1.915285 3.892669
v -73.011657 -2.367923 3.758504
v -73.026772 -2.801916 3.570837
v -73.057726 -3.207596 3.334195
v -73.110965 -3.577352 3.057802
v -73.192640 -3.903681 2.751111
v -73.314457 -4.193117 2.408446
v -73.394301 -4.325011 2.223256
v -73.487362 -4.444533 2.033483
v -73.710504 -4.641020 1.655645
v -73.969342 -4.781294 1.304455
v -74.268263 -4.878242 0.978224
v -74.607895 -4.941866 0.677245
v -74.983125 -4.978849 0.409166
v -75.388835 -4.995874 0.181633
v -57.180380 -4.965779 0.522105
v -66.499620 -4.965779 0.522105
v -57.180380 -4.863703 1.035276
v -66.499620 -4.863703 1.035276
v -57.180380 -4.695518 1.530734
v -66.499620 -4.695518 1.530734
v -57.180380 -4.464102 2.000000
v -66.499620 -4.464102 2.000000
v -57.180380 -4.173413 2.435046
v -66.499620 -4.173413 2.435046
v -57.180380 -3.828427 2.828427
v -66.499620 -3.828427 2.828427
v -57.180380 -3.435046 3.173413
v -66.499620 -3.435046 3.173413
v -57.180380 -3.000000 3.464102
v -66.499620 -3.000000 3.464102
v -57.180380 -2.530734 3.695518
v -66.499620 -2.530734 3.695518
v -57.180380 -2.035276 3.863703
v -66.499620 -2.035276 3.863703
v -57.180380 -1.522105 3.965779
v -66.499620 -1.522105 3.965779
v -81.505000 1.000000 -6.000000
v -103.835000 1.000000 -6.000000
v -103.834542 1.455469 -5.973168
v -103.835563 1.915285 -5.892669
v -103.841657 2.367923 -5.758504
v -103.856772 2.801916 -5.570837
v -103.887726 3.207596 -5.334195
v -103.940965 3.577352 -5.057802
v -104.022640 3.903681 -4.751111
v -104.144457 4.193117 -4.408446
v -104.224301 4.325011 -4.223256
v -104.317362 4.444533 -4.033483
v -104.540504 4.641020 -3.655645
v -104.799342 4.781294 -3.304455
v -105.098263 4.878242 -2.978224
v -105.437895 4.941866 -2.677245
v -105.813125 4.978849 -2.409166
v -106.218835 4.995874 -2.181633
v -79.121165 4.995874 -2.181633
v -79.526875 4.978849 -2.409166
v -79.902105 4.941866 -2.677245
v -80.241737 4.878242 -2.978224
v -80.540658 4.781294 -3.304455
v -80.799496 4.641020 -3.655645
v -81.022638 4.444533 -4.033483
v -81.115699 4.325011 -4.223256
v -81.195543 4.193117 -4.408446
v -81.317360 3.903681 -4.751111
v -81.399035 3.577352 -5.057802
v -81.452274 3.207596 -5.334195
v -81.483228 2.801916 -5.570837
v -81.498343 2.367923 -5.758504
v -81.504437 1.915285 -5.892669
v -81.505458 1.455469 -5.973168
v -97.329620 1.522105 -5.965779
v -88.010380 1.522105 -5.965779
v -97.329620 2.035276 -5.863703
v -88.010380 2.035276 -5.863703
v -97.329620 2.530734 -5.695518
v -88.010380 2.530734 -5.695518
v -97.329620 3.000000 -5.464102
v -88.010380 3.000000 -5.464102
v -97.329620 3.435046 -5.173413
v -88.010380 3.435046 -5.173413
v -97.329620 3.828427 -4.828427
v -88.010380 3.828427 -4.828427
v -97.329620 4.173413 -4.435046
v -88.010380 4.173413 -4.435046
v -97.329620 4.464102 -4.000000
v -88.010380 4.464102 -4.000000
v -97.329620 4.695518 -3.530734
v -88.010380 4.695518 -3.530734
v -97.329620 4.863703 -3.035276
v -88.010380 4.863703 -3.035276
v -97.329620 4.965779 -2.522105
v -88.010380 4.965779 -2.522105
v -81.505000 -1.000000 -6.000000
v -103.835000 -1.000000 -6.000000
v -78.691141 -5.000000 -2.000000
v -106.648859 -5.000000 -2.000000
v -106.218835 -4.995874 -2.181633
v -105.813125 -4.978849 -2.409166
v -105.437895 -4.941866 -2.677245
v -105.098263 -4.878242 -2.978224
v -104.799342 -4.781294 -3.304455
v -104.540504 -4.641020 -3.655645
v -104.317362 -4.444533 -4.033483
v -104.224301 -4.325011 -4.223256
v -104.144457 -4.193117 -4.408446
v -104.022640 -3.903681 -4.751111
v -103.940965 -3.577352 -5.057802
v -103.887726 -3.207596 -5.334195
v -103.856772 -2.801916 -5.570837
v -103.841657 -2.367923 -5.758504
v -103.835563 -1.915285 -5.892669
v -103.834542 -1.455469 -5.973168
v -81.505458 -1.455469 -5.973168
v -81.504437 -1.915285 -5.892669
v -81.498343 -2.367923 -5.758504
v -81.483228 -2.801916 -5.570837
v -81.452274 -3.207596 -5.334195
v -81.399035 -3.577352 -5.057802
v -81.317360 -3.903681 -4.751111
v -81.195543 -4.193117 -4.408446
v -81.115699 -4.325011 -4.223256
v -81.022638 -4.444533 -4.033483
v -80.799496 -4.641020 -3.655645
v -80.540658 -4.781294 -3.304455
v -80.241737 -4.878242 -2.978224
v -79.902105 -4.941866 -2.677245
v -79.526875 -4.978849 -2.409166
v -79.121165 -4.995874 -2.181633
v -97.329620 -4.965779 -2.522105
v -88.010380 -4.965779 -2.522105
v -97.329620 -4.863703 -3.035276
v -88.010380 -4.863703 -3.035276
v -97.329620 -4.695518 -3.530734
v -88.010380 -4.695518 -3.530734
v -97.329620 -4.464102 -4.000000
v -88.010380 -4.464102 -4.000000
v -97.329620 -4.173413 -4.435046
v -88.010380 -4.173413 -4.435046
v -97.329620 -3.828427 -4.828427
v -88.010380 -3.828427 -4.828427
v -97.329620 -3.435046 -5.173413
v -88.010380 -3.435046 -5.173413
v -97.329620 -3.000000 -5.464102
v -88.010380 -3.000000 -5.464102
v -97.329620 -2.530734 -5.695518
v -88.010380 -2.530734 -5.695518
v -97.329620 -2.035276 -5.863703
v -88.010380 -2.035276 -5.863703
v -97.329620 -1.522105 -5.965779
v -88.010380 -1.522105 -5.965779
v 26.328427 -3.828427 -4.828427
v 26.592042 -4.092042 -4.537573
v 26.825878 -4.325878 -4.222281
v 27.027685 -4.527685 -3.885587
v 27.195518 -4.695518 -3.530734
v 27.327761 -4.827761 -3.161139
v 27.423141 -4.923141 -2.780361
v 27.480739 -4.980739 -2.392069
v 27.500000 -5.000000 -2.000000
v 27.500000 -5.000000 0.000000
v 27.480739 -4.980739 0.392069
v 27.423141 -4.923141 0.780361
v 27.327761 -4.827761 1.161139
v 27.195518 -4.695518 1.530734
v 27.027685 -4.527685 1.885587
v 26.825878 -4.325878 2.222281
v 26.592042 -4.092042 2.537573
v 26.328427 -3.828427 2.828427
v 25.500000 -3.000000 2.000000
v 25.500000 -3.000000 -4.000000
v 26.592042 -3.537573 3.092042
v 26.825878 -3.222281 3.325878
v 27.027685 -2.885587 3.527685
v 27.195518 -2.530734 3.695518
v 27.327761 -2.161139 3.827761
v 27.423141 -1.780361 3.923141
v 27.480739 -1.392069 3.980739
v 27.500000 -1.000000 4.000000
v 27.500000 1.000000 4.000000
v 27.480739 1.392069 3.980739
v 27.423141 1.780361 3.923141
v 27.327761 2.161139 3.827761
v 27.195518 2.530734 3.695518
v 27.027685 2.885587 3.527685
v 26.825878 3.222281 3.325878
v 26.592042 3.537573 3.092042
v 26.328427 3.828427 2.828427
v 25.500000 3.000000 2.000000
v 26.592042 4.092042 2.537573
v 26.825878 4.325878 2.222281
v 27.027685 4.527685 1.885587
v 27.195518 4.695518 1.530734
v 27.327761 4.827761 1.161139
v 27.423141 4.923141 0.780361
v 27.480739 4.980739 0.392069
v 27.500000 5.000000 0.000000
v 27.500000 5.000000 -2.000000
v 27.480739 4.980739 -2.392069
v 27.423141 4.923141 -2.780361
v 27.327761 4.827761 -3.161139
v 27.195518 4.695518 -3.530734
v 27.027685 4.527685 -3.885587
v 26.825878 4.325878 -4.222281
v 26.592042 4.092042 -4.537573
v 26.328427 3.828427 -4.828427
v 25.500000 3.000000 -4.000000
v 27.500000 -1.000000 -6.000000
v 27.480739 -1.392069 -5.980739
v 27.423141 -1.780361 -5.923141
v 27.327761 -2.161139 -5.827761
v 27.195518 -2.530734 -5.695518
v 27.027685 -2.885587 -5.527685
v 26.825878 -3.222281 -5.325878
v 26.592042 -3.537573 -5.092042
v 26.592042 3.537573 -5.092042
v 26.825878 3.222281 -5.325878
v 27.027685 2.885587 -5.527685
v 27.195518 2.530734 -5.695518
v 27.327761 2.161139 -5.827761
v 27.423141 1.780361 -5.923141
v 27.480739 1.392069 -5.980739
v 27.500000 1.000000 -6.000000
v 24.500000 -3.000000 -4.000000
v 24.500000 3.000000 -4.000000
v 24.500000 -3.000000 2.000000
v 23.671573 -3.828427 -4.828427
v 23.407958 -3.537573 -5.092042
v 23.174122 -3.222281 -5.325878
v 22.972315 -2.885587 -5.527685
v 22.804482 -2.530734 -5.695518
v 22.672239 -2.161139 -5.827761
v 22.576859 -1.780361 -5.923141
v 22.519261 -1.392069 -5.980739
v 22.500000 -1.000000 -6.000000
v 22.500000 1.000000 -6.000000
v 22.519261 1.392069 -5.980739
v 22.576859 1.780361 -5.923141
v 22.672239 2.161139 -5.827761
v 22.804482 2.530734 -5.695518
v 22.972315 2.885587 -5.527685
v 23.174122 3.222281 -5.325878
v 23.407958 3.537573 -5.092042
v 23.671573 3.828427 -4.828427
v 23.407958 4.092042 -4.537573
v 23.174122 4.325878 -4.222281
v 22.972315 4.527685 -3.885587
v 22.804482 4.695518 -3.530734
v 22.672239 4.827761 -3.161139
v 22.576859 4.923141 -2.780361
v 22.519261 4.980739 -2.392069
v 22.500000 5.000000 -2.000000
v 22.500000 5.000000 0.000000
v 22.519261 4.980739 0.392069
v 22.576859 4.923141 0.780361
v 22.672239 4.827761 1.161139
v 22.804482 4.695518 1.530734
v 22.972315 4.527685 1.885587
v 23.174122 4.325878 2.222281
v 23.407958 4.092042 2.537573
v 23.671573 3.828427 2.828427
v 24.500000 3.000000 2.000000
v 22.500000 -1.000000 4.000000
v 22.519261 -1.392069 3.980739
v 22.576859 -1.780361 3.923141
v 22.672239 -2.161139 3.827761
v 22.804482 -2.530734 3.695518
v 22.972315 -2.885587 3.527685
v 23.174122 -3.222281 3.325878
v 23.407958 -3.537573 3.092042
v 23.671573 -3.828427 2.828427
v 23.407958 3.537573 3.092042
v 23.174122 3.222281 3.325878
v 22.972315 2.885587 3.527685
v 22.804482 2.530734 3.695518
v 22.672239 2.161139 3.827761
v 22.576859 1.780361 3.923141
v 22.519261 1.392069 3.980739
v 22.500000 1.000000 4.000000
v 23.407958 -4.092042 2.537573
v 23.174122 -4.325878 2.222281
v 22.972315 -4.527685 1.885587
v 22.804482 -4.695518 1.530734
v 22.672239 -4.827761 1.161139
v 22.576859 -4.923141 0.780361
v 22.519261 -4.980739 0.392069
v 22.500000 -5.000000 0.000000
v 22.500000 -5.000000 -2.000000
v 22.519261 -4.980739 -2.392069
v 22.576859 -4.923141 -2.780361
v 22.672239 -4.827761 -3.161139
v 22.804482 -4.695518 -3.530734
v 22.972315 -4.527685 -3.885587
v 23.174122 -4.325878 -4.222281
v 23.407958 -4.092042 -4.537573
v 6.328427 -3.828427 -4.828427
v 6.592042 -4.092042 -4.537573
v 6.825878 -4.325878 -4.222281
v 7.027685 -4.527685 -3.885587
v 7.195518 -4.695518 -3.530734
v 7.327761 -4.827761 -3.161139
v 7.423141 -4.923141 -2.780361
v 7.480739 -4.980739 -2.392069
v 7.500000 -5.000000 -2.000000
v 7.500000 -5.000000 0.000000
v 7.480739 -4.980739 0.392069
v 7.423141 -4.923141 0.780361
v 7.327761 -4.827761 1.161139
v 7.195518 -4.695518 1.530734
v 7.027685 -4.527685 1.885587
v 6.825878 -4.325878 2.222281
v 6.592042 -4.092042 2.537573
v 6.328427 -3.828427 2.828427
v 5.500000 -3.000000 2.000000
v 5.500000 -3.000000 -4.000000
v 6.592042 -3.537573 3.092042
v 6.825878 -3.222281 3.325878
v 7.027685 -2.885587 3.527685
v 7.195518 -2.530734 3.695518
v 7.327761 -2.161139 3.827761
v 7.423141 -1.780361 3.923141
v 7.480739 -1.392069 3.980739
v 7.500000 -1.000000 4.000000
v 7.500000 1.000000 4.000000
v 7.480739 1.392069 3.980739
v 7.423141 1.780361 3.923141
v 7.327761 2.161139 3.827761
v 7.195518 2.530734 3.695518
v 7.027685 2.885587 3.527685
v 6.825878 3.222281 3.325878
v 6.592042 3.537573 3.092042
v 6.328427 3.828427 2.828427
v 5.500000 3.000000 2.000000
v 6.592042 4.092042 2.537573
v 6.825878 4.325878 2.222281
v 7.027685 4.527685 1.885587
v 7.195518 4.695518 1.530734
v 7.327761 4.827761 1.161139
v 7.423141 4.923141 0.780361
v 7.480739 4.980739 0.392069
v 7.500000 5.000000 0.000000
v 7.500000 5.000000 -2.000000
v 7.480739 4.980739 -2.392069
v 7.423141 4.923141 -2.780361
v 7.327761 4.827761 -3.161139
v 7.195518 4.695518 -3.530734
v 7.027685 4.527685 -3.885587
v 6.825878 4.325878 -4.222281
v 6.592042 4.092042 -4.537573
v 6.328427 3.828427 -4.828427
v 5.500000 3.000000 -4.000000
v 7.500000 -1.000000 -6.000000
v 7.480739 -1.392069 -5.980739
v 7.423141 -1.780361 -5.923141
v 7.327761 -2.161139 -5.827761
v 7.195518 -2.530734 -5.695518
v 7.027685 -2.885587 -5.527685
v 6.825878 -3.222281 -5.325878
v 6.592042 -3.537573 -5.092042
v 6.592042 3.537573 -5.092042
v 6.825878 3.222281 -5.325878
v 7.027685 2.885587 -5.527685
v 7.195518 2.530734 -5.695518
v 7.327761 2.161139 -5.827761
v 7.423141 1.780361 -5.923141
v 7.480739 1.392069 -5.980739
v 7.500000 1.000000 -6.000000
v 4.500000 -3.000000 -4.000000
v 4.500000 3.000000 -4.000000
v 4.500000 -3.000000 2.000000
v 3.671573 -3.828427 -4.828427
v 3.407958 -3.537573 -5.092042
v 3.174122 -3.222281 -5.325878
v 2.972315 -2.885587 -5.527685
v 2.804482 -2.530734 -5.695518
v 2.672239 -2.161139 -5.827761
v 2.576859 -1.780361 -5.923141
v 2.519261 -1.392069 -5.980739
v 2.500000 -1.000000 -6.000000
v 2.500000 1.000000 -6.000000
v 2.519261 1.392069 -5.980739
v 2.576859 1.780361 -5.923141
v 2.672239 2.161139 -5.827761
v 2.804482 2.530734 -5.695518
v 2.972315 2.885587 -5.527685
v 3.174122 3.222281 -5.325878
v 3.407958 3.537573 -5.092042
v 3.671573 3.828427 -4.828427
v 3.407958 4.092042 -4.537573
v 3.174122 4.325878 -4.222281
v 2.972315 4.527685 -3.885587
v 2.804482 4.695518 -3.530734
v 2.672239 4.827761 -3.161139
v 2.576859 4.923141 -2.780361
v 2.519261 4.980739 -2.392069
v 2.519261 4.980739 0.392069
v 2.576859 4.923141 0.780361
v 2.672239 4.827761 1.161139
v 2.804482 4.695518 1.530734
v 2.972315 4.527685 1.885587
v 3.174122 4.325878 2.222281
v 3.407958 4.092042 2.537573
v 3.671573 3.828427 2.828427
v 4.500000 3.000000 2.000000
v 2.500000 -1.000000 4.000000
v 2.519261 -1.392069 3.980739
v 2.576859 -1.780361 3.923141
v 2.672239 -2.161139 3.827761
v 2.804482 -2.530734 3.695518
v 2.972315 -2.885587 3.527685
v 3.174122 -3.222281 3.325878
v 3.407958 -3.537573 3.092042
v 3.671573 -3.828427 2.828427
v 3.407958 3.537573 3.092042
v 3.174122 3.222281 3.325878
v 2.972315 2.885587 3.527685
v 2.804482 2.530734 3.695518
v 2.672239 2.161139 3.827761
v 2.576859 1.780361 3.923141
v 2.519261 1.392069 3.980739
v 2.500000 1.000000 4.000000
v 3.407958 -4.092042 2.537573
v 3.174122 -4.325878 2.222281
v 2.972315 -4.527685 1.885587
v 2.804482 -4.695518 1.530734
v 2.672239 -4.827761 1.161139
v 2.576859 -4.923141 0.780361
v 2.519261 -4.980739 0.392069
v 2.500000 -5.000000 -0.000000
v 2.500000 -5.000000 -2.000000
v 2.519261 -4.980739 -2.392069
v 2.576859 -4.923141 -2.780361
v 2.672239 -4.827761 -3.161139
v 2.804482 -4.695518 -3.530734
v 2.972315 -4.527685 -3.885587
v 3.174122 -4.325878 -4.222281
v 3.407958 -4.092042 -4.537573
v 12.500000 1.000000 4.000000
v 12.519261 1.392069 3.980739
v 12.576859 1.780361 3.923141
v 12.672239 2.161139 3.827761
v 12.804482 2.530734 3.695518
v 12.972315 2.885587 3.527685
v 13.174122 3.222281 3.325878
v 13.407958 3.537573 3.092042
v 13.671573 3.828427 2.828427
v 13.407958 4.092042 2.537573
v 13.174122 4.325878 2.222281
v 12.972315 4.527685 1.885587
v 12.804482 4.695518 1.530734
v 12.672239 4.827761 1.161139
v 12.576859 4.923141 0.780361
v 12.519261 4.980739 0.392069
v 12.500000 5.000000 0.000000
v 12.500000 -1.000000 4.000000
v 12.500000 -5.000000 0.000000
v 12.519261 -4.980739 0.392069
v 12.576859 -4.923141 0.780361
v 12.672239 -4.827761 1.161139
v 12.804482 -4.695518 1.530734
v 12.972315 -4.527685 1.885587
v 13.174122 -4.325878 2.222281
v 13.407958 -4.092042 2.537573
v 13.671573 -3.828427 2.828427
v 13.407958 -3.537573 3.092042
v 13.174122 -3.222281 3.325878
v 12.972315 -2.885587 3.527685
v 12.804482 -2.530734 3.695518
v 12.672239 -2.161139 3.827761
v 12.576859 -1.780361 3.923141
v 12.519261 -1.392069 3.980739
v 12.500000 -5.000000 -2.000000
v 12.500000 -1.000000 -6.000000
v 12.519261 -1.392069 -5.980739
v 12.576859 -1.780361 -5.923141
v 12.672239 -2.161139 -5.827761
v 12.804482 -2.530734 -5.695518
v 12.972315 -2.885587 -5.527685
v 13.174122 -3.222281 -5.325878
v 13.407958 -3.537573 -5.092042
v 13.671573 -3.828427 -4.828427
v 13.407958 -4.092042 -4.537573
v 13.174122 -4.325878 -4.222281
v 12.972315 -4.527685 -3.885587
v 12.804482 -4.695518 -3.530734
v 12.672239 -4.827761 -3.161139
v 12.576859 -4.923141 -2.780361
v 12.519261 -4.980739 -2.392069
v 12.500000 1.000000 -6.000000
v 12.500000 5.000000 -2.000000
v 12.519261 4.980739 -2.392069
v 12.576859 4.923141 -2.780361
v 12.672239 4.827761 -3.161139
v 12.804482 4.695518 -3.530734
v 12.972315 4.527685 -3.885587
v 13.174122 4.325878 -4.222281
v 13.407958 4.092042 -4.537573
v 13.671573 3.828427 -4.828427
v 13.407958 3.537573 -5.092042
v 13.174122 3.222281 -5.325878
v 12.972315 2.885587 -5.527685
v 12.804482 2.530734 -5.695518
v 12.672239 2.161139 -5.827761
v 12.576859 1.780361 -5.923141
v 12.519261 1.392069 -5.980739
v 30.000000 1.000000 4.000000
v 30.000000 1.522105 3.965779
v 30.000000 2.035276 3.863703
v 30.000000 2.530734 3.695518
v 30.000000 3.000000 3.464102
v 30.000000 3.435046 3.173413
v 30.000000 3.828427 2.828427
v 30.000000 4.173413 2.435046
v 30.000000 4.464102 2.000000
v 30.000000 4.695518 1.530734
v 30.000000 4.863703 1.035276
v 30.000000 4.965779 0.522105
v 30.000000 5.000000 0.000000
v 30.000000 -1.000000 4.000000
v 30.000000 -5.000000 0.000000
v 30.000000 -4.965779 0.522105
v 30.000000 -4.863703 1.035276
v 30.000000 -4.695518 1.530734
v 30.000000 -4.464102 2.000000
v 30.000000 -4.173413 2.435046
v 30.000000 -3.828427 2.828427
v 30.000000 -3.435046 3.173413
v 30.000000 -3.000000 3.464102
v 30.000000 -2.530734 3.695518
v 30.000000 -2.035276 3.863703
v 30.000000 -1.522105 3.965779
v 30.000000 -5.000000 -2.000000
v 30.000000 -1.000000 -6.000000
v 30.000000 -1.522105 -5.965779
v 30.000000 -2.035276 -5.863703
v 30.000000 -2.530734 -5.695518
v 30.000000 -3.000000 -5.464102
v 30.000000 -3.435046 -5.173413
v 30.000000 -3.828427 -4.828427
v 30.000000 -4.173413 -4.435046
v 30.000000 -4.464102 -4.000000
v 30.000000 -4.695518 -3.530734
v 30.000000 -4.863703 -3.035276
v 30.000000 -4.965779 -2.522105
v 30.000000 1.000000 -6.000000
v 30.000000 5.000000 -2.000000
v 30.000000 4.965779 -2.522105
v 30.000000 4.863703 -3.035276
v 30.000000 4.695518 -3.530734
v 30.000000 4.464102 -4.000000
v 30.000000 4.173413 -4.435046
v 30.000000 3.828427 -4.828427
v 30.000000 3.435046 -5.173413
v 30.000000 3.000000 -5.464102
v 30.000000 2.530734 -5.695518
v 30.000000 2.035276 -5.863703
v 30.000000 1.522105 -5.965779
v -11.345000 1.000000 -6.000000
v -11.344542 1.455469 -5.973168
v -11.345563 1.915285 -5.892669
v -11.351657 2.367923 -5.758504
v -11.366772 2.801916 -5.570837
v -11.397726 3.207596 -5.334195
v -11.450965 3.577352 -5.057802
v -11.532640 3.903681 -4.751111
v -11.654457 4.193117 -4.408446
v -11.734301 4.325011 -4.223256
v -11.827362 4.444533 -4.033483
v -12.050504 4.641020 -3.655645
v -12.309342 4.781294 -3.304455
v -12.608263 4.878242 -2.978224
v -12.947895 4.941866 -2.677245
v -13.323125 4.978849 -2.409166
v -13.728835 4.995874 -2.181633
v -5.243643 1.522105 -5.965779
v -5.243643 2.035276 -5.863703
v -5.243643 2.530734 -5.695518
v -5.243643 3.000000 -5.464102
v -5.243643 3.435046 -5.173413
v -5.243643 3.828427 -4.828427
v -5.243643 4.173413 -4.435046
v -5.243643 4.464102 -4.000000
v -5.243643 4.695518 -3.530734
v -5.243643 4.863703 -3.035276
v -5.243643 4.965779 -2.522105
v 17.500000 5.000000 -2.000000
v 17.500000 5.000000 0.000000
v 17.500000 1.000000 -6.000000
v 17.480739 1.392069 -5.980739
v 17.423141 1.780361 -5.923141
v 17.327761 2.161139 -5.827761
v 17.195518 2.530734 -5.695518
v 17.027685 2.885587 -5.527685
v 16.825878 3.222281 -5.325878
v 16.592042 3.537573 -5.092042
v 16.328427 3.828427 -4.828427
v 16.592042 4.092042 -4.537573
v 16.825878 4.325878 -4.222281
v 17.027685 4.527685 -3.885587
v 17.195518 4.695518 -3.530734
v 17.327761 4.827761 -3.161139
v 17.423141 4.923141 -2.780361
v 17.480739 4.980739 -2.392069
v 16.328427 -3.828427 -4.828427
v 16.592042 -4.092042 -4.537573
v 16.825878 -4.325878 -4.222281
v 17.027685 -4.527685 -3.885587
v 17.195518 -4.695518 -3.530734
v 17.327761 -4.827761 -3.161139
v 17.423141 -4.923141 -2.780361
v 17.480739 -4.980739 -2.392069
v 17.500000 -5.000000 -2.000000
v 17.500000 -5.000000 0.000000
v 17.480739 -4.980739 0.392069
v 17.423141 -4.923141 0.780361
v 17.327761 -4.827761 1.161139
v 17.195518 -4.695518 1.530734
v 17.027685 -4.527685 1.885587
v 16.825878 -4.325878 2.222281
v 16.592042 -4.092042 2.537573
v 16.328427 -3.828427 2.828427
v 15.500000 -3.000000 2.000000
v 15.500000 -3.000000 -4.000000
v 16.592042 -3.537573 3.092042
v 16.825878 -3.222281 3.325878
v 17.027685 -2.885587 3.527685
v 17.195518 -2.530734 3.695518
v 17.327761 -2.161139 3.827761
v 17.423141 -1.780361 3.923141
v 17.480739 -1.392069 3.980739
v 17.500000 -1.000000 4.000000
v 17.500000 1.000000 4.000000
v 17.480739 1.392069 3.980739
v 17.423141 1.780361 3.923141
v 17.327761 2.161139 3.827761
v 17.195518 2.530734 3.695518
v 17.027685 2.885587 3.527685
v 16.825878 3.222281 3.325878
v 16.592042 3.537573 3.092042
v 16.328427 3.828427 2.828427
v 15.500000 3.000000 2.000000
v 16.592042 4.092042 2.537573
v 16.825878 4.325878 2.222281
v 17.027685 4.527685 1.885587
v 17.195518 4.695518 1.530734
v 17.327761 4.827761 1.161139
v 17.423141 4.923141 0.780361
v 17.480739 4.980739 0.392069
v 15.500000 3.000000 -4.000000
v 17.500000 -1.000000 -6.000000
v 17.480739 -1.392069 -5.980739
v 17.423141 -1.780361 -5.923141
v 17.327761 -2.161139 -5.827761
v 17.195518 -2.530734 -5.695518
v 17.027685 -2.885587 -5.527685
v 16.825878 -3.222281 -5.325878
v 16.592042 -3.537573 -5.092042
v 14.500000 -3.000000 -4.000000
v 14.500000 3.000000 -4.000000
v 14.500000 -3.000000 2.000000
v 14.500000 3.000000 2.000000
v -144.658499 -5.000000 5.278000
v -144.431765 -5.000000 5.487430
v -144.239956 -5.000000 5.729252
v -144.087640 -5.000000 5.997709
v -143.978444 -5.000000 6.286405
v -143.914970 -5.000000 6.588464
v -143.898729 -5.000000 6.896694
v -144.431765 -0.000000 5.487430
v -144.239956 -0.000000 5.729252
v -144.087640 -0.000000 5.997709
v -143.978444 -0.000000 6.286405
v -143.914970 -0.000000 6.588464
v -143.876124 -5.000000 7.447198
v -143.781652 -5.000000 7.990007
v -143.616940 -5.000000 8.515778
v -143.384820 -5.000000 9.015465
v -143.089289 -5.000000 9.480467
v -142.735432 -5.000000 9.902784
v -142.329338 -5.000000 10.275146
v -141.877996 -5.000000 10.591147
v -141.389173 -5.000000 10.845347
v -140.871281 -5.000000 11.033373
v -140.333232 -5.000000 11.151990
v -139.784286 -5.000000 11.199154
v -139.233890 -5.000000 11.174056
v -138.691515 -5.000000 11.077126
v -138.166495 -5.000000 10.910033
v -137.667865 -5.000000 10.675653
v -137.204205 -5.000000 10.378019
v -147.596694 -5.000000 3.198729
v -147.288464 -5.000000 3.214970
v -146.986405 -5.000000 3.278444
v -146.697709 -5.000000 3.387640
v -146.429252 -5.000000 3.539956
v -146.187430 -5.000000 3.731765
v -145.978000 -5.000000 3.958499
v -147.288464 -0.000000 3.214970
v -146.986405 -0.000000 3.278444
v -146.697709 -0.000000 3.387640
v -146.429252 -0.000000 3.539956
v -146.187430 -0.000000 3.731765
v -145.572923 -5.000000 4.432198
v -145.132198 -5.000000 4.872923
v -145.978000 -5.000000 -5.958499
v -146.187430 -5.000000 -5.731765
v -146.429252 -5.000000 -5.539956
v -146.697709 -5.000000 -5.387640
v -146.986405 -5.000000 -5.278444
v -147.288464 -5.000000 -5.214970
v -147.596694 -5.000000 -5.198729
v -146.187430 -0.000000 -5.731765
v -146.429252 -0.000000 -5.539956
v -146.697709 -0.000000 -5.387640
v -146.986405 -0.000000 -5.278444
v -147.288464 -0.000000 -5.214970
v -148.131971 -5.000000 -5.177727
v -148.660221 -5.000000 -5.088762
v -149.172850 -5.000000 -4.933283
v -149.661520 -5.000000 -4.713817
v -150.118280 -5.000000 -4.433937
v -150.535700 -5.000000 -4.098194
v -150.906990 -5.000000 -3.712050
v -151.226109 -5.000000 -3.281788
v -151.487866 -5.000000 -2.814406
v -151.688004 -5.000000 -2.317508
v -151.823265 -5.000000 -1.799176
v -151.891451 -5.000000 -1.267845
v -151.891451 -5.000000 -0.732155
v -151.823265 -5.000000 -0.200824
v -151.688004 -5.000000 0.317508
v -151.487866 -5.000000 0.814406
v -151.226109 -5.000000 1.281788
v -150.906990 -5.000000 1.712050
v -150.535700 -5.000000 2.098194
v -150.118280 -5.000000 2.433937
v -149.661520 -5.000000 2.713817
v -149.172850 -5.000000 2.933283
v -148.660221 -5.000000 3.088762
v -148.131971 -5.000000 3.177727
v -143.898729 -5.000000 -8.896694
v -143.914970 -5.000000 -8.588464
v -143.978444 -5.000000 -8.286405
v -144.087640 -5.000000 -7.997709
v -144.239956 -5.000000 -7.729252
v -144.431765 -5.000000 -7.487430
v -144.658499 -5.000000 -7.278000
v -143.914970 0.000000 -8.588464
v -143.978444 0.000000 -8.286405
v -144.087640 0.000000 -7.997709
v -144.239956 0.000000 -7.729252
v -144.431765 0.000000 -7.487430
v -145.132198 -5.000000 -6.872923
v -145.572923 -5.000000 -6.432198
v -128.571658 -5.000000 -6.000000
v -137.204205 -5.000000 -12.378019
v -137.667865 -5.000000 -12.675653
v -138.166495 -5.000000 -12.910033
v -138.691515 -5.000000 -13.077126
v -139.233890 -5.000000 -13.174056
v -139.784286 -5.000000 -13.199154
v -140.333232 -5.000000 -13.151990
v -140.871281 -5.000000 -13.033373
v -141.389173 -5.000000 -12.845347
v -141.877996 -5.000000 -12.591147
v -142.329338 -5.000000 -12.275146
v -142.735432 -5.000000 -11.902784
v -143.089289 -5.000000 -11.480467
v -143.384820 -5.000000 -11.015465
v -143.616940 -5.000000 -10.515778
v -143.781652 -5.000000 -9.990007
v -143.876124 -5.000000 -9.447198
v -128.571658 -5.000000 4.000000
v -139.700000 -5.000000 2.800000
v -140.217433 -5.000000 2.764607
v -140.725228 -5.000000 2.659086
v -141.213924 -5.000000 2.485403
v -141.674419 -5.000000 2.246794
v -142.098134 -5.000000 1.947703
v -142.477177 -5.000000 1.593702
v -142.804486 -5.000000 1.191385
v -143.073964 -5.000000 0.748247
v -143.280592 -5.000000 0.272543
v -143.420520 -5.000000 -0.226867
v -143.491141 -5.000000 -0.740679
v -143.491141 -5.000000 -1.259321
v -143.420520 -5.000000 -1.773133
v -143.280592 -5.000000 -2.272543
v -143.073964 -5.000000 -2.748247
v -142.804486 -5.000000 -3.191385
v -142.477177 -5.000000 -3.593702
v -142.098134 -5.000000 -3.947703
v -141.674419 -5.000000 -4.246794
v -141.213924 -5.000000 -4.485403
v -140.725228 -5.000000 -4.659086
v -140.217433 -5.000000 -4.764607
v -139.700000 -5.000000 -4.800000
v -139.182567 -5.000000 -4.764607
v -138.674772 -5.000000 -4.659086
v -138.186076 -5.000000 -4.485403
v -137.725581 -5.000000 -4.246794
v -137.301866 -5.000000 -3.947703
v -136.922823 -5.000000 -3.593702
v -136.595514 -5.000000 -3.191385
v -136.326036 -5.000000 -2.748247
v -136.119408 -5.000000 -2.272543
v -135.979480 -5.000000 -1.773133
v -135.908859 -5.000000 -1.259321
v -135.908859 -5.000000 -0.740679
v -135.979480 -5.000000 -0.226867
v -136.119408 -5.000000 0.272543
v -136.326036 -5.000000 0.748247
v -136.595514 -5.000000 1.191385
v -136.922823 -5.000000 1.593702
v -137.301866 -5.000000 1.947703
v -137.725581 -5.000000 2.246794
v -138.186076 -5.000000 2.485403
v -138.674772 -5.000000 2.659086
v -139.182567 -5.000000 2.764607
v -139.700000 -5.000000 8.700000
v -139.995202 -5.000000 8.674173
v -140.281434 -5.000000 8.597477
v -140.550000 -5.000000 8.472243
v -140.792739 -5.000000 8.302276
v -141.002276 -5.000000 8.092739
v -141.172243 -5.000000 7.850000
v -141.297477 -5.000000 7.581434
v -141.374173 -5.000000 7.295202
v -141.400000 -5.000000 7.000000
v -141.374173 -5.000000 6.704798
v -141.297477 -5.000000 6.418566
v -141.172243 -5.000000 6.150000
v -141.002276 -5.000000 5.907261
v -140.792739 -5.000000 5.697724
v -140.550000 -5.000000 5.527757
v -140.281434 -5.000000 5.402523
v -139.995202 -5.000000 5.325827
v -139.700000 -5.000000 5.300000
v -139.404798 -5.000000 5.325827
v -139.118566 -5.000000 5.402523
v -138.850000 -5.000000 5.527757
v -138.607261 -5.000000 5.697724
v -138.397724 -5.000000 5.907261
v -138.227757 -5.000000 6.150000
v -138.102523 -5.000000 6.418566
v -138.025827 -5.000000 6.704798
v -138.000000 -5.000000 7.000000
v -138.025827 -5.000000 7.295202
v -138.102523 -5.000000 7.581434
v -138.227757 -5.000000 7.850000
v -138.397724 -5.000000 8.092739
v -138.607261 -5.000000 8.302276
v -138.850000 -5.000000 8.472243
v -139.118566 -5.000000 8.597477
v -139.404798 -5.000000 8.674173
v -138.000000 0.000000 7.000000
v -138.025827 0.000000 6.704798
v -138.102523 0.000000 6.418566
v -138.227757 0.000000 6.150000
v -138.397724 0.000000 5.907261
v -138.607261 0.000000 5.697724
v -138.850000 0.000000 5.527757
v -139.118566 0.000000 5.402523
v -139.404798 0.000000 5.325827
v -139.700000 0.000000 5.300000
v -139.995202 0.000000 5.325827
v -140.281434 0.000000 5.402523
v -140.550000 0.000000 5.527757
v -140.792739 0.000000 5.697724
v -141.002276 0.000000 5.907261
v -141.172243 0.000000 6.150000
v -141.297477 0.000000 6.418566
v -141.374173 0.000000 6.704798
v -141.400000 0.000000 7.000000
v -141.374173 0.000000 7.295202
v -141.297477 0.000000 7.581434
v -141.172243 0.000000 7.850000
v -141.002276 0.000000 8.092739
v -140.792739 0.000000 8.302276
v -140.550000 0.000000 8.472243
v -140.281434 0.000000 8.597477
v -139.995202 0.000000 8.674173
v -139.700000 0.000000 8.700000
v -139.404798 0.000000 8.674173
v -139.118566 0.000000 8.597477
v -138.850000 0.000000 8.472243
v -138.607261 0.000000 8.302276
v -138.397724 0.000000 8.092739
v -138.227757 0.000000 7.850000
v -138.102523 0.000000 7.581434
v -138.025827 0.000000 7.295202
v -147.700000 -5.000000 -2.700000
v -147.404798 -5.000000 -2.674173
v -147.118566 -5.000000 -2.597477
v -146.850000 -5.000000 -2.472243
v -146.607261 -5.000000 -2.302276
v -146.397724 -5.000000 -2.092739
v -146.227757 -5.000000 -1.850000
v -146.102523 -5.000000 -1.581434
v -146.025827 -5.000000 -1.295202
v -146.000000 -5.000000 -1.000000
v -146.025827 -5.000000 -0.704798
v -146.102523 -5.000000 -0.418566
v -146.227757 -5.000000 -0.150000
v -146.397724 -5.000000 0.092739
v -146.607261 -5.000000 0.302276
v -146.850000 -5.000000 0.472243
v -147.118566 -5.000000 0.597477
v -147.404798 -5.000000 0.674173
v -147.700000 -5.000000 0.700000
v -147.995202 -5.000000 0.674173
v -148.281434 -5.000000 0.597477
v -148.550000 -5.000000 0.472243
v -148.792739 -5.000000 0.302276
v -149.002276 -5.000000 0.092739
v -149.172243 -5.000000 -0.150000
v -149.297477 -5.000000 -0.418566
v -149.374173 -5.000000 -0.704798
v -149.400000 -5.000000 -1.000000
v -149.374173 -5.000000 -1.295202
v -149.297477 -5.000000 -1.581434
v -149.172243 -5.000000 -1.850000
v -149.002276 -5.000000 -2.092739
v -148.792739 -5.000000 -2.302276
v -148.550000 -5.000000 -2.472243
v -148.281434 -5.000000 -2.597477
v -147.995202 -5.000000 -2.674173
v -147.700000 0.000000 0.700000
v -147.404798 0.000000 0.674173
v -147.118566 0.000000 0.597477
v -146.850000 0.000000 0.472243
v -146.607261 0.000000 0.302276
v -146.397724 0.000000 0.092739
v -146.227757 0.000000 -0.150000
v -146.102523 0.000000 -0.418566
v -146.025827 0.000000 -0.704798
v -146.000000 0.000000 -1.000000
v -146.025827 0.000000 -1.295202
v -146.102523 0.000000 -1.581434
v -146.227757 0.000000 -1.850000
v -146.397724 0.000000 -2.092739
v -146.607261 0.000000 -2.302276
v -146.850000 0.000000 -2.472243
v -147.118566 0.000000 -2.597477
v -147.404798 0.000000 -2.674173
v -147.700000 0.000000 -2.700000
v -147.995202 0.000000 -2.674173
v -148.281434 0.000000 -2.597477
v -148.550000 0.000000 -2.472243
v -148.792739 0.000000 -2.302276
v -149.002276 0.000000 -2.092739
v -149.172243 0.000000 -1.850000
v -149.297477 0.000000 -1.581434
v -149.374173 0.000000 -1.295202
v -149.400000 0.000000 -1.000000
v -149.374173 0.000000 -0.704798
v -149.297477 0.000000 -0.418566
v -149.172243 0.000000 -0.150000
v -149.002276 0.000000 0.092739
v -148.792739 0.000000 0.302276
v -148.550000 0.000000 0.472243
v -148.281434 0.000000 0.597477
v -147.995202 0.000000 0.674173
v -138.000000 -5.000000 -9.000000
v -138.025827 -5.000000 -8.704798
v -138.102523 -5.000000 -8.418566
v -138.227757 -5.000000 -8.150000
v -138.397724 -5.000000 -7.907261
v -138.607261 -5.000000 -7.697724
v -138.850000 -5.000000 -7.527757
v -139.118566 -5.000000 -7.402523
v -139.404798 -5.000000 -7.325827
v -139.700000 -5.000000 -7.300000
v -139.995202 -5.000000 -7.325827
v -140.281434 -5.000000 -7.402523
v -140.550000 -5.000000 -7.527757
v -140.792739 -5.000000 -7.697724
v -141.002276 -5.000000 -7.907261
v -141.172243 -5.000000 -8.150000
v -141.297477 -5.000000 -8.418566
v -141.374173 -5.000000 -8.704798
v -141.400000 -5.000000 -9.000000
v -141.374173 -5.000000 -9.295202
v -141.297477 -5.000000 -9.581434
v -141.172243 -5.000000 -9.850000
v -141.002276 -5.000000 -10.092739
v -140.792739 -5.000000 -10.302276
v -140.550000 -5.000000 -10.472243
v -140.281434 -5.000000 -10.597477
v -139.995202 -5.000000 -10.674173
v -139.700000 -5.000000 -10.700000
v -139.404798 -5.000000 -10.674173
v -139.118566 -5.000000 -10.597477
v -138.850000 -5.000000 -10.472243
v -138.607261 -5.000000 -10.302276
v -138.397724 -5.000000 -10.092739
v -138.227757 -5.000000 -9.850000
v -138.102523 -5.000000 -9.581434
v -138.025827 -5.000000 -9.295202
v -141.400000 0.000000 -9.000000
v -141.374173 0.000000 -8.704798
v -141.297477 0.000000 -8.418566
v -141.172243 0.000000 -8.150000
v -141.002276 0.000000 -7.907261
v -140.792739 0.000000 -7.697724
v -140.550000 0.000000 -7.527757
v -140.281434 0.000000 -7.402523
v -139.995202 0.000000 -7.325827
v -139.700000 0.000000 -7.300000
v -139.404798 0.000000 -7.325827
v -139.118566 0.000000 -7.402523
v -138.850000 0.000000 -7.527757
v -138.607261 0.000000 -7.697724
v -138.397724 0.000000 -7.907261
v -138.227757 0.000000 -8.150000
v -138.102523 0.000000 -8.418566
v -138.025827 0.000000 -8.704798
v -138.000000 0.000000 -9.000000
v -138.025827 0.000000 -9.295202
v -138.102523 0.000000 -9.581434
v -138.227757 0.000000 -9.850000
v -138.397724 0.000000 -10.092739
v -138.607261 0.000000 -10.302276
v -138.850000 0.000000 -10.472243
v -139.118566 0.000000 -10.597477
v -139.404798 0.000000 -10.674173
v -139.700000 0.000000 -10.700000
v -139.995202 0.000000 -10.674173
v -140.281434 0.000000 -10.597477
v -140.550000 0.000000 -10.472243
v -140.792739 0.000000 -10.302276
v -141.002276 0.000000 -10.092739
v -141.172243 0.000000 -9.850000
v -141.297477 0.000000 -9.581434
v -141.374173 0.000000 -9.295202
v -131.700000 -5.000000 0.700000
v -131.995202 -5.000000 0.674173
v -132.281434 -5.000000 0.597477
v -132.550000 -5.000000 0.472243
v -132.792739 -5.000000 0.302276
v -133.002276 -5.000000 0.092739
v -133.172243 -5.000000 -0.150000
v -133.297477 -5.000000 -0.418566
v -133.374173 -5.000000 -0.704798
v -133.400000 -5.000000 -1.000000
v -133.374173 -5.000000 -1.295202
v -133.297477 -5.000000 -1.581434
v -133.172243 -5.000000 -1.850000
v -133.002276 -5.000000 -2.092739
v -132.792739 -5.000000 -2.302276
v -132.550000 -5.000000 -2.472243
v -132.281434 -5.000000 -2.597477
v -131.995202 -5.000000 -2.674173
v -131.700000 -5.000000 -2.700000
v -131.404798 -5.000000 -2.674173
v -131.118566 -5.000000 -2.597477
v -130.850000 -5.000000 -2.472243
v -130.607261 -5.000000 -2.302276
v -130.397724 -5.000000 -2.092739
v -130.227757 -5.000000 -1.850000
v -130.102523 -5.000000 -1.581434
v -130.025827 -5.000000 -1.295202
v -130.000000 -5.000000 -1.000000
v -130.025827 -5.000000 -0.704798
v -130.102523 -5.000000 -0.418566
v -130.227757 -5.000000 -0.150000
v -130.397724 -5.000000 0.092739
v -130.607261 -5.000000 0.302276
v -130.850000 -5.000000 0.472243
v -131.118566 -5.000000 0.597477
v -131.404798 -5.000000 0.674173
v -131.700000 0.000000 -2.700000
v -131.995202 0.000000 -2.674173
v -132.281434 0.000000 -2.597477
v -132.550000 0.000000 -2.472243
v -132.792739 0.000000 -2.302276
v -133.002276 0.000000 -2.092739
v -133.172243 0.000000 -1.850000
v -133.297477 0.000000 -1.581434
v -133.374173 0.000000 -1.295202
v -133.400000 0.000000 -1.000000
v -133.374173 0.000000 -0.704798
v -133.297477 0.000000 -0.418566
v -133.172243 0.000000 -0.150000
v -133.002276 0.000000 0.092739
v -132.792739 0.000000 0.302276
v -132.550000 0.000000 0.472243
v -132.281434 0.000000 0.597477
v -131.995202 0.000000 0.674173
v -131.700000 0.000000 0.700000
v -131.404798 0.000000 0.674173
v -131.118566 0.000000 0.597477
v -130.850000 0.000000 0.472243
v -130.607261 0.000000 0.302276
v -130.397724 0.000000 0.092739
v -130.227757 0.000000 -0.150000
v -130.102523 0.000000 -0.418566
v -130.025827 0.000000 -0.704798
v -130.000000 0.000000 -1.000000
v -130.025827 0.000000 -1.295202
v -130.102523 0.000000 -1.581434
v -130.227757 0.000000 -1.850000
v -130.397724 0.000000 -2.092739
v -130.607261 0.000000 -2.302276
v -130.850000 0.000000 -2.472243
v -131.118566 0.000000 -2.597477
v -131.404798 0.000000 -2.674173
v -124.500000 4.965779 -2.522105
v -124.500000 4.863703 -3.035276
v -124.500000 4.695518 -3.530734
v -124.500000 4.464102 -4.000000
v -124.500000 4.173413 -4.435046
v -124.500000 3.828427 -4.828427
v -124.500000 3.435046 -5.173413
v -124.500000 3.000000 -5.464102
v -124.500000 2.530734 -5.695518
v -124.500000 2.035276 -5.863703
v -124.500000 1.522105 -5.965779
v -124.500000 1.000000 -6.000000
v -124.500000 -1.000000 -6.000000
v -124.500000 -1.522105 -5.965779
v -124.500000 -2.035276 -5.863703
v -124.500000 -2.530734 -5.695518
v -124.500000 -3.000000 -5.464102
v -124.500000 -3.435046 -5.173413
v -124.500000 -3.828427 -4.828427
v -124.500000 -4.173413 -4.435046
v -124.500000 -4.464102 -4.000000
v -124.500000 -4.695518 -3.530734
v -124.500000 -4.863703 -3.035276
v -124.500000 -4.965779 -2.522105
v -124.500000 -5.000000 -2.000000
v -124.500000 -5.000000 -6.000000
v -124.500000 -5.000000 -0.000000
v -124.500000 -4.965779 0.522105
v -124.500000 -4.863703 1.035276
v -124.500000 -4.695518 1.530734
v -124.500000 -4.464102 2.000000
v -124.500000 -4.173413 2.435046
v -124.500000 -3.828427 2.828427
v -124.500000 -3.435046 3.173413
v -124.500000 -3.000000 3.464102
v -124.500000 -2.530734 3.695518
v -124.500000 -2.035276 3.863703
v -124.500000 -1.522105 3.965779
v -124.500000 -1.000000 4.000000
v -124.500000 -5.000000 4.000000
v -124.500000 1.000000 4.000000
v -124.500000 1.522105 3.965779
v -124.500000 2.035276 3.863703
v -124.500000 2.530734 3.695518
v -124.500000 3.000000 3.464102
v -124.500000 3.435046 3.173413
v -124.500000 3.828427 2.828427
v -124.500000 4.173413 2.435046
v -124.500000 4.464102 2.000000
v -124.500000 4.695518 1.530734
v -124.500000 4.863703 1.035276
v -124.500000 4.965779 0.522105
v -73.005000 1.000000 -6.000000
v -50.675000 1.000000 -6.000000
v -50.675000 -1.000000 -6.000000
v -73.005000 -1.000000 -6.000000
v -112.335000 -1.000000 -6.000000
v -112.335458 -1.455469 -5.973168
v -112.334437 -1.915285 -5.892669
v -112.328343 -2.367923 -5.758504
v -112.313228 -2.801916 -5.570837
v -112.282274 -3.207596 -5.334195
v -112.229035 -3.577352 -5.057802
v -112.147360 -3.903681 -4.751111
v -112.025543 -4.193117 -4.408446
v -111.945699 -4.325011 -4.223256
v -111.852638 -4.444533 -4.033483
v -111.629496 -4.641020 -3.655645
v -111.370658 -4.781294 -3.304455
v -111.071737 -4.878242 -2.978224
v -110.732105 -4.941866 -2.677245
v -110.356875 -4.978849 -2.409166
v -109.951165 -4.995874 -2.181633
v -109.521141 -5.000000 -2.000000
v -117.010570 -4.965779 -2.522105
v -117.010570 -4.863703 -3.035276
v -117.010570 -4.695518 -3.530734
v -117.010570 -4.464102 -4.000000
v -117.010570 -4.173413 -4.435046
v -117.010570 -3.828427 -4.828427
v -117.010570 -3.435046 -5.173413
v -117.010570 -3.000000 -5.464102
v -117.010570 -2.530734 -5.695518
v -117.010570 -2.035276 -5.863703
v -117.010570 -1.522105 -5.965779
v -112.335000 1.000000 -6.000000
v -112.335458 1.455469 -5.973168
v -112.334437 1.915285 -5.892669
v -112.328343 2.367923 -5.758504
v -112.313228 2.801916 -5.570837
v -112.282274 3.207596 -5.334195
v -112.229035 3.577352 -5.057802
v -112.147360 3.903681 -4.751111
v -112.025543 4.193117 -4.408446
v -111.945699 4.325011 -4.223256
v -111.852638 4.444533 -4.033483
v -111.629496 4.641020 -3.655645
v -111.370658 4.781294 -3.304455
v -111.071737 4.878242 -2.978224
v -110.732105 4.941866 -2.677245
v -110.356875 4.978849 -2.409166
v -109.951165 4.995874 -2.181633
v -107.116920 -5.000000 -1.861725
v -107.597747 -5.000000 -1.778024
v -108.085000 -5.000000 -1.750000
v -108.572253 -5.000000 -1.778024
v -109.053080 -5.000000 -1.861725
v -50.675458 -1.455469 -5.973168
v -50.674437 -1.915285 -5.892669
v -50.668343 -2.367923 -5.758504
v -50.653228 -2.801916 -5.570837
v -50.622274 -3.207596 -5.334195
v -50.569035 -3.577352 -5.057802
v -50.487360 -3.903681 -4.751111
v -50.365543 -4.193117 -4.408446
v -50.285699 -4.325011 -4.223256
v -50.192638 -4.444533 -4.033483
v -49.969496 -4.641020 -3.655645
v -49.710658 -4.781294 -3.304455
v -49.411737 -4.878242 -2.978224
v -49.072105 -4.941866 -2.677245
v -48.696875 -4.978849 -2.409166
v -48.291165 -4.995874 -2.181633
v -47.861141 -5.000000 -2.000000
v -75.818859 -5.000000 -2.000000
v -75.388835 -4.995874 -2.181633
v -74.983125 -4.978849 -2.409166
v -74.607895 -4.941866 -2.677245
v -74.268263 -4.878242 -2.978224
v -73.969342 -4.781294 -3.304455
v -73.710504 -4.641020 -3.655645
v -73.487362 -4.444533 -4.033483
v -73.394301 -4.325011 -4.223256
v -73.314457 -4.193117 -4.408446
v -73.192640 -3.903681 -4.751111
v -73.110965 -3.577352 -5.057802
v -73.057726 -3.207596 -5.334195
v -73.026772 -2.801916 -5.570837
v -73.011657 -2.367923 -5.758504
v -73.005563 -1.915285 -5.892669
v -73.004542 -1.455469 -5.973168
v -57.180380 -1.522105 -5.965779
v -66.499620 -1.522105 -5.965779
v -57.180380 -2.035276 -5.863703
v -66.499620 -2.035276 -5.863703
v -57.180380 -2.530734 -5.695518
v -66.499620 -2.530734 -5.695518
v -57.180380 -3.000000 -5.464102
v -66.499620 -3.000000 -5.464102
v -57.180380 -3.435046 -5.173413
v -66.499620 -3.435046 -5.173413
v -57.180380 -3.828427 -4.828427
v -66.499620 -3.828427 -4.828427
v -57.180380 -4.173413 -4.435046
v -66.499620 -4.173413 -4.435046
v -57.180380 -4.464102 -4.000000
v -66.499620 -4.464102 -4.000000
v -57.180380 -4.695518 -3.530734
v -66.499620 -4.695518 -3.530734
v -57.180380 -4.863703 -3.035276
v -66.499620 -4.863703 -3.035276
v -57.180380 -4.965779 -2.522105
v -66.499620 -4.965779 -2.522105
v -75.388835 4.995874 -2.181633
v -74.983125 4.978849 -2.409166
v -74.607895 4.941866 -2.677245
v -74.268263 4.878242 -2.978224
v -73.969342 4.781294 -3.304455
v -73.710504 4.641020 -3.655645
v -73.487362 4.444533 -4.033483
v -73.394301 4.325011 -4.223256
v -73.314457 4.193117 -4.408446
v -73.192640 3.903681 -4.751111
v -73.110965 3.577352 -5.057802
v -73.057726 3.207596 -5.334195
v -73.026772 2.801916 -5.570837
v -73.011657 2.367923 -5.758504
v -73.005563 1.915285 -5.892669
v -73.004542 1.455469 -5.973168
v -76.286920 -5.000000 -1.861725
v -76.767747 -5.000000 -1.778024
v -77.255000 -5.000000 -1.750000
v -77.742253 -5.000000 -1.778024
v -78.223080 -5.000000 -1.861725
v -17.031141 -5.000000 -0.000000
v -44.988859 -5.000000 -0.000000
v -45.456920 -5.000000 -0.138275
v -45.937747 -5.000000 -0.221976
v -46.425000 -5.000000 -0.250000
v -46.912253 -5.000000 -0.221976
v -47.393080 -5.000000 -0.138275
v -76.286920 -5.000000 -0.138275
v -76.767747 -5.000000 -0.221976
v -77.255000 -5.000000 -0.250000
v -77.742253 -5.000000 -0.221976
v -78.223080 -5.000000 -0.138275
v -78.691141 -5.000000 -0.000000
v -106.648859 -5.000000 -0.000000
v -107.116920 -5.000000 -0.138275
v -107.597747 -5.000000 -0.221976
v -108.085000 -5.000000 -0.250000
v -108.572253 -5.000000 -0.221976
v -109.053080 -5.000000 -0.138275
v -109.521141 -5.000000 -0.000000
v -47.393080 -5.000000 -1.861725
v -46.912253 -5.000000 -1.778024
v -46.425000 -5.000000 -1.750000
v -45.937747 -5.000000 -1.778024
v -45.456920 -5.000000 -1.861725
v -16.563080 -5.000000 -1.861725
v -16.082253 -5.000000 -1.778024
v -15.595000 -5.000000 -1.750000
v -15.107747 -5.000000 -1.778024
v -14.626920 -5.000000 -1.861725
v -14.158859 -5.000000 -2.000000
v -14.158859 -5.000000 -0.000000
v -14.626920 -5.000000 -0.138275
v -15.107747 -5.000000 -0.221976
v -15.595000 -5.000000 -0.250000
v -16.082253 -5.000000 -0.221976
v -16.563080 -5.000000 -0.138275
v -50.675458 1.455469 -5.973168
v -50.674437 1.915285 -5.892669
v -50.668343 2.367923 -5.758504
v -50.653228 2.801916 -5.570837
v -50.622274 3.207596 -5.334195
v -50.569035 3.577352 -5.057802
v -50.487360 3.903681 -4.751111
v -50.365543 4.193117 -4.408446
v -50.285699 4.325011 -4.223256
v -50.192638 4.444533 -4.033483
v -49.969496 4.641020 -3.655645
v -49.710658 4.781294 -3.304455
v -49.411737 4.878242 -2.978224
v -49.072105 4.941866 -2.677245
v -48.696875 4.978849 -2.409166
v -48.291165 4.995874 -2.181633
v -11.345000 -1.000000 -6.000000
v -11.344542 -1.455469 -5.973168
v -11.345563 -1.915285 -5.892669
v -11.351657 -2.367923 -5.758504
v -11.366772 -2.801916 -5.570837
v -11.397726 -3.207596 -5.334195
v -11.450965 -3.577352 -5.057802
v -11.532640 -3.903681 -4.751111
v -11.654457 -4.193117 -4.408446
v -11.734301 -4.325011 -4.223256
v -11.827362 -4.444533 -4.033483
v -12.050504 -4.641020 -3.655645
v -12.309342 -4.781294 -3.304455
v -12.608263 -4.878242 -2.978224
v -12.947895 -4.941866 -2.677245
v -13.323125 -4.978849 -2.409166
v -13.728835 -4.995874 -2.181633
v -5.243643 -4.965779 -2.522105
v -5.243643 -4.863703 -3.035276
v -5.243643 -4.695518 -3.530734
v -5.243643 -4.464102 -4.000000
v -5.243643 -4.173413 -4.435046
v -5.243643 -3.828427 -4.828427
v -5.243643 -3.435046 -5.173413
v -5.243643 -3.000000 -5.464102
v -5.243643 -2.530734 -5.695518
v -5.243643 -2.035276 -5.863703
v -5.243643 -1.522105 -5.965779
v -117.010570 1.522105 -5.965779
v -117.010570 2.035276 -5.863703
v -117.010570 2.530734 -5.695518
v -117.010570 3.000000 -5.464102
v -117.010570 3.435046 -5.173413
v -117.010570 3.828427 -4.828427
v -117.010570 4.173413 -4.435046
v -117.010570 4.464102 -4.000000
v -117.010570 4.695518 -3.530734
v -117.010570 4.863703 -3.035276
v -117.010570 4.965779 -2.522105
v -57.180380 4.965779 -2.522105
v -66.499620 4.965779 -2.522105
v -57.180380 4.863703 -3.035276
v -66.499620 4.863703 -3.035276
v -57.180380 4.695518 -3.530734
v -66.499620 4.695518 -3.530734
v -57.180380 4.464102 -4.000000
v -66.499620 4.464102 -4.000000
v -57.180380 4.173413 -4.435046
v -66.499620 4.173413 -4.435046
v -57.180380 3.828427 -4.828427
v -66.499620 3.828427 -4.828427
v -57.180380 3.435046 -5.173413
v -66.499620 3.435046 -5.173413
v -57.180380 3.000000 -5.464102
v -66.499620 3.000000 -5.464102
v -57.180380 2.530734 -5.695518
v -66.499620 2.530734 -5.695518
v -57.180380 2.035276 -5.863703
v -66.499620 2.035276 -5.863703
v -57.180380 1.522105 -5.965779
v -66.499620 1.522105 -5.965779
v -13.728835 4.995874 0.181633
v -13.323125 4.978849 0.409166
v -12.947895 4.941866 0.677245
v -12.608263 4.878242 0.978224
v -12.309342 4.781294 1.304455
v -12.050504 4.641020 1.655645
v -11.827362 4.444533 2.033483
v -11.734301 4.325011 2.223256
v -11.654457 4.193117 2.408446
v -11.532640 3.903681 2.751111
v -11.450965 3.577352 3.057802
v -11.397726 3.207596 3.334195
v -11.366772 2.801916 3.570837
v -11.351657 2.367923 3.758504
v -11.345563 1.915285 3.892669
v -11.344542 1.455469 3.973168
v -11.345000 1.000000 4.000000
v -5.243643 4.965779 0.522105
v -5.243643 4.863703 1.035276
v -5.243643 4.695518 1.530734
v -5.243643 4.464102 2.000000
v -5.243643 4.173413 2.435046
v -5.243643 3.828427 2.828427
v -5.243643 3.435046 3.173413
v -5.243643 3.000000 3.464102
v -5.243643 2.530734 3.695518
v -5.243643 2.035276 3.863703
v -5.243643 1.522105 3.965779
v -11.345000 -1.000000 4.000000
v -17.461165 4.995874 0.181633
v -17.866875 4.978849 0.409166
v -18.242105 4.941866 0.677245
v -18.581737 4.878242 0.978224
v -18.880658 4.781294 1.304455
v -19.139496 4.641020 1.655645
v -19.362638 4.444533 2.033483
v -19.455699 4.325011 2.223256
v -19.535543 4.193117 2.408446
v -19.657360 3.903681 2.751111
v -19.739035 3.577352 3.057802
v -19.792274 3.207596 3.334195
v -19.823228 2.801916 3.570837
v -19.838343 2.367923 3.758504
v -19.844437 1.915285 3.892669
v -19.845458 1.455469 3.973168
v -19.845000 1.000000 4.000000
v -19.845000 -1.000000 4.000000
v -19.845458 -1.455469 3.973168
v -19.844437 -1.915285 3.892669
v -19.838343 -2.367923 3.758504
v -19.823228 -2.801916 3.570837
v -19.792274 -3.207596 3.334195
v -19.739035 -3.577352 3.057802
v -19.657360 -3.903681 2.751111
v -19.535543 -4.193117 2.408446
v -19.455699 -4.325011 2.223256
v -19.362638 -4.444533 2.033483
v -19.139496 -4.641020 1.655645
v -18.880658 -4.781294 1.304455
v -18.581737 -4.878242 0.978224
v -18.242105 -4.941866 0.677245
v -17.866875 -4.978849 0.409166
v -17.461165 -4.995874 0.181633
v -13.728835 -4.995874 0.181633
v -13.323125 -4.978849 0.409166
v -12.947895 -4.941866 0.677245
v -12.608263 -4.878242 0.978224
v -12.309342 -4.781294 1.304455
v -12.050504 -4.641020 1.655645
v -11.827362 -4.444533 2.033483
v -11.734301 -4.325011 2.223256
v -11.654457 -4.193117 2.408446
v -11.532640 -3.903681 2.751111
v -11.450965 -3.577352 3.057802
v -11.397726 -3.207596 3.334195
v -11.366772 -2.801916 3.570837
v -11.351657 -2.367923 3.758504
v -11.345563 -1.915285 3.892669
v -11.344542 -1.455469 3.973168
v -5.243643 -1.522105 3.965779
v -5.243643 -2.035276 3.863703
v -5.243643 -2.530734 3.695518
v -5.243643 -3.000000 3.464102
v -5.243643 -3.435046 3.173413
v -5.243643 -3.828427 2.828427
v -5.243643 -4.173413 2.435046
v -5.243643 -4.464102 2.000000
v -5.243643 -4.695518 1.530734
v -5.243643 -4.863703 1.035276
v -5.243643 -4.965779 0.522105
v -42.175000 -1.000000 4.000000
v -42.174542 -1.455469 3.973168
v -42.175563 -1.915285 3.892669
v -42.181657 -2.367923 3.758504
v -42.196772 -2.801916 3.570837
v -42.227726 -3.207596 3.334195
v -42.280965 -3.577352 3.057802
v -42.362640 -3.903681 2.751111
v -42.484457 -4.193117 2.408446
v -42.564301 -4.325011 2.223256
v -42.657362 -4.444533 2.033483
v -42.880504 -4.641020 1.655645
v -43.139342 -4.781294 1.304455
v -43.438263 -4.878242 0.978224
v -43.777895 -4.941866 0.677245
v -44.153125 -4.978849 0.409166
v -44.558835 -4.995874 0.181633
v -35.669620 -1.522105 3.965779
v -26.350380 -1.522105 3.965779
v -35.669620 -2.035276 3.863703
v -26.350380 -2.035276 3.863703
v -35.669620 -2.530734 3.695518
v -26.350380 -2.530734 3.695518
v -35.669620 -3.000000 3.464102
v -26.350380 -3.000000 3.464102
v -35.669620 -3.435046 3.173413
v -26.350380 -3.435046 3.173413
v -35.669620 -3.828427 2.828427
v -26.350380 -3.828427 2.828427
v -35.669620 -4.173413 2.435046
v -26.350380 -4.173413 2.435046
v -35.669620 -4.464102 2.000000
v -26.350380 -4.464102 2.000000
v -35.669620 -4.695518 1.530734
v -26.350380 -4.695518 1.530734
v -35.669620 -4.863703 1.035276
v -26.350380 -4.863703 1.035276
v -35.669620 -4.965779 0.522105
v -26.350380 -4.965779 0.522105
v -42.175000 1.000000 4.000000
v -42.174542 1.455469 3.973168
v -42.175563 1.915285 3.892669
v -42.181657 2.367923 3.758504
v -42.196772 2.801916 3.570837
v -42.227726 3.207596 3.334195
v -42.280965 3.577352 3.057802
v -42.362640 3.903681 2.751111
v -42.484457 4.193117 2.408446
v -42.564301 4.325011 2.223256
v -42.657362 4.444533 2.033483
v -42.880504 4.641020 1.655645
v -43.139342 4.781294 1.304455
v -43.438263 4.878242 0.978224
v -43.777895 4.941866 0.677245
v -44.153125 4.978849 0.409166
v -44.558835 4.995874 0.181633
v -35.669620 4.965779 0.522105
v -26.350380 4.965779 0.522105
v -35.669620 4.863703 1.035276
v -26.350380 4.863703 1.035276
v -35.669620 4.695518 1.530734
v -26.350380 4.695518 1.530734
v -35.669620 4.464102 2.000000
v -26.350380 4.464102 2.000000
v -35.669620 4.173413 2.435046
v -26.350380 4.173413 2.435046
v -35.669620 3.828427 2.828427
v -26.350380 3.828427 2.828427
v -35.669620 3.435046 3.173413
v -26.350380 3.435046 3.173413
v -35.669620 3.000000 3.464102
v -26.350380 3.000000 3.464102
v -35.669620 2.530734 3.695518
v -26.350380 2.530734 3.695518
v -35.669620 2.035276 3.863703
v -26.350380 2.035276 3.863703
v -35.669620 1.522105 3.965779
v -26.350380 1.522105 3.965779
v -79.121165 4.995874 0.181633
v -79.526875 4.978849 0.409166
v -79.902105 4.941866 0.677245
v -80.241737 4.878242 0.978224
v -80.540658 4.781294 1.304455
v -80.799496 4.641020 1.655645
v -81.022638 4.444533 2.033483
v -81.115699 4.325011 2.223256
v -81.195543 4.193117 2.408446
v -81.317360 3.903681 2.751111
v -81.399035 3.577352 3.057802
v -81.452274 3.207596 3.334195
v -81.483228 2.801916 3.570837
v -81.498343 2.367923 3.758504
v -81.504437 1.915285 3.892669
v -81.505458 1.455469 3.973168
v -81.505000 1.000000 4.000000
v -81.505000 -1.000000 4.000000
v -81.505458 -1.455469 3.973168
v -81.504437 -1.915285 3.892669
v -81.498343 -2.367923 3.758504
v -81.483228 -2.801916 3.570837
v -81.452274 -3.207596 3.334195
v -81.399035 -3.577352 3.057802
v -81.317360 -3.903681 2.751111
v -81.195543 -4.193117 2.408446
v -81.115699 -4.325011 2.223256
v -81.022638 -4.444533 2.033483
v -80.799496 -4.641020 1.655645
v -80.540658 -4.781294 1.304455
v -80.241737 -4.878242 0.978224
v -79.902105 -4.941866 0.677245
v -79.526875 -4.978849 0.409166
v -79.121165 -4.995874 0.181633
v -109.951165 -4.995874 0.181633
v -110.356875 -4.978849 0.409166
v -110.732105 -4.941866 0.677245
v -111.071737 -4.878242 0.978224
v -111.370658 -4.781294 1.304455
v -111.629496 -4.641020 1.655645
v -111.852638 -4.444533 2.033483
v -111.945699 -4.325011 2.223256
v -112.025543 -4.193117 2.408446
v -112.147360 -3.903681 2.751111
v -112.229035 -3.577352 3.057802
v -112.282274 -3.207596 3.334195
v -112.313228 -2.801916 3.570837
v -112.328343 -2.367923 3.758504
v -112.334437 -1.915285 3.892669
v -112.335458 -1.455469 3.973168
v -112.335000 -1.000000 4.000000
v -117.010570 -1.522105 3.965779
v -117.010570 -2.035276 3.863703
v -117.010570 -2.530734 3.695518
v -117.010570 -3.000000 3.464102
v -117.010570 -3.435046 3.173413
v -117.010570 -3.828427 2.828427
v -117.010570 -4.173413 2.435046
v -117.010570 -4.464102 2.000000
v -117.010570 -4.695518 1.530734
v -117.010570 -4.863703 1.035276
v -117.010570 -4.965779 0.522105
v -112.335000 1.000000 4.000000
v -106.218835 -4.995874 0.181633
v -105.813125 -4.978849 0.409166
v -105.437895 -4.941866 0.677245
v -105.098263 -4.878242 0.978224
v -104.799342 -4.781294 1.304455
v -104.540504 -4.641020 1.655645
v -104.317362 -4.444533 2.033483
v -104.224301 -4.325011 2.223256
v -104.144457 -4.193117 2.408446
v -104.022640 -3.903681 2.751111
v -103.940965 -3.577352 3.057802
v -103.887726 -3.207596 3.334195
v -103.856772 -2.801916 3.570837
v -103.841657 -2.367923 3.758504
v -103.835563 -1.915285 3.892669
v -103.834542 -1.455469 3.973168
v -103.835000 -1.000000 4.000000
v -103.835000 1.000000 4.000000
v -103.834542 1.455469 3.973168
v -103.835563 1.915285 3.892669
v -103.841657 2.367923 3.758504
v -103.856772 2.801916 3.570837
v -103.887726 3.207596 3.334195
v -103.940965 3.577352 3.057802
v -104.022640 3.903681 2.751111
v -104.144457 4.193117 2.408446
v -104.224301 4.325011 2.223256
v -104.317362 4.444533 2.033483
v -104.540504 4.641020 1.655645
v -104.799342 4.781294 1.304455
v -105.098263 4.878242 0.978224
v -105.437895 4.941866 0.677245
v -105.813125 4.978849 0.409166
v -106.218835 4.995874 0.181633
v -109.951165 4.995874 0.181633
v -110.356875 4.978849 0.409166
v -110.732105 4.941866 0.677245
v -111.071737 4.878242 0.978224
v -111.370658 4.781294 1.304455
v -111.629496 4.641020 1.655645
v -111.852638 4.444533 2.033483
v -111.945699 4.325011 2.223256
v -112.025543 4.193117 2.408446
v -112.147360 3.903681 2.751111
v -112.229035 3.577352 3.057802
v -112.282274 3.207596 3.334195
v -112.313228 2.801916 3.570837
v -112.328343 2.367923 3.758504
v -112.334437 1.915285 3.892669
v -112.335458 1.455469 3.973168
v -97.329620 -1.522105 3.965779
v -88.010380 -1.522105 3.965779
v -97.329620 -2.035276 3.863703
v -88.010380 -2.035276 3.863703
v -97.329620 -2.530734 3.695518
v -88.010380 -2.530734 3.695518
v -97.329620 -3.000000 3.464102
v -88.010380 -3.000000 3.464102
v -97.329620 -3.435046 3.173413
v -88.010380 -3.435046 3.173413
v -97.329620 -3.828427 2.828427
v -88.010380 -3.828427 2.828427
v -97.329620 -4.173413 2.435046
v -88.010380 -4.173413 2.435046
v -97.329620 -4.464102 2.000000
v -88.010380 -4.464102 2.000000
v -97.329620 -4.695518 1.530734
v -88.010380 -4.695518 1.530734
v -97.329620 -4.863703 1.035276
v -88.010380 -4.863703 1.035276
v -97.329620 -4.965779 0.522105
v -88.010380 -4.965779 0.522105
v -97.329620 4.965779 0.522105
v -88.010380 4.965779 0.522105
v -97.329620 4.863703 1.035276
v -88.010380 4.863703 1.035276
v -97.329620 4.695518 1.530734
v -88.010380 4.695518 1.530734
v -97.329620 4.464102 2.000000
v -88.010380 4.464102 2.000000
v -97.329620 4.173413 2.435046
v -88.010380 4.173413 2.435046
v -97.329620 3.828427 2.828427
v -88.010380 3.828427 2.828427
v -97.329620 3.435046 3.173413
v -88.010380 3.435046 3.173413
v -97.329620 3.000000 3.464102
v -88.010380 3.000000 3.464102
v -97.329620 2.530734 3.695518
v -88.010380 2.530734 3.695518
v -97.329620 2.035276 3.863703
v -88.010380 2.035276 3.863703
v -97.329620 1.522105 3.965779
v -88.010380 1.522105 3.965779
v -117.010570 4.965779 0.522105
v -117.010570 4.863703 1.035276
v -117.010570 4.695518 1.530734
v -117.010570 4.464102 2.000000
v -117.010570 4.173413 2.435046
v -117.010570 3.828427 2.828427
v -117.010570 3.435046 3.173413
v -117.010570 3.000000 3.464102
v -117.010570 2.530734 3.695518
v -117.010570 2.035276 3.863703
v -117.010570 1.522105 3.965779
vt -1.984500 0.314159 0.000000
vt -4.217500 0.314159 0.000000
vt -1.984546 0.268504 0.000000
vt -2.635038 0.261799 0.000000
vt -1.984444 0.221785 0.000000
vt -2.635038 0.209440 0.000000
vt -1.983834 0.174539 0.000000
vt -2.635038 0.157080 0.000000
vt -1.982323 0.127225 0.000000
vt -2.635038 0.104720 0.000000
vt -1.979227 0.080223 0.000000
vt -2.635038 0.052360 0.000000
vt -1.973903 0.034022 0.000000
vt -2.635038 0.000000 0.000000
vt -1.965736 -0.010790 0.000000
vt -2.635038 -0.052360 0.000000
vt -1.953554 -0.055670 0.000000
vt -1.945570 -0.078411 0.000000
vt -2.635038 -0.104720 0.000000
vt -1.936264 -0.100842 0.000000
vt -1.913950 -0.143450 0.000000
vt -2.635038 -0.157080 0.000000
vt -1.888066 -0.181283 0.000000
vt -2.635038 -0.209440 0.000000
vt -1.858174 -0.215327 0.000000
vt -1.824210 -0.246100 0.000000
vt -2.635038 -0.261799 0.000000
vt -1.786688 -0.273169 0.000000
vt -1.746117 -0.295990 0.000000
vt -3.566962 -0.261799 0.000000
vt -4.415312 -0.273169 0.000000
vt -4.377790 -0.246100 0.000000
vt -3.566962 -0.209440 0.000000
vt -4.343826 -0.215327 0.000000
vt -4.313934 -0.181283 0.000000
vt -3.566962 -0.157080 0.000000
vt -4.288050 -0.143450 0.000000
vt -3.566962 -0.104720 0.000000
vt -4.265736 -0.100842 0.000000
vt -4.256430 -0.078411 0.000000
vt -3.566962 -0.052360 0.000000
vt -4.248446 -0.055670 0.000000
vt -4.236264 -0.010790 0.000000
vt -3.566962 0.000000 0.000000
vt -4.228097 0.034022 0.000000
vt -3.566962 0.052360 0.000000
vt -4.222773 0.080223 0.000000
vt -3.566962 0.104720 0.000000
vt -4.219677 0.127225 0.000000
vt -3.566962 0.157080 0.000000
vt -4.218166 0.174539 0.000000
vt -3.566962 0.209440 0.000000
vt -4.217556 0.221785 0.000000
vt -3.566962 0.261799 0.000000
vt -4.217454 0.268504 0.000000
vt -4.455883 -0.295990 0.000000
vt -4.498886 -0.314159 0.000000
vt -1.703114 -0.314159 0.000000
vt 0.400000 1.984500 0.000000
vt 0.600000 1.984500 0.000000
vt 0.400000 4.217500 0.000000
vt 0.600000 4.217500 0.000000
vt -1.703114 0.314159 0.000000
vt -4.498886 0.314159 0.000000
vt -1.746117 0.295990 0.000000
vt -2.635038 0.261799 0.000000
vt -1.786688 0.273169 0.000000
vt -1.824210 0.246100 0.000000
vt -2.635038 0.209440 0.000000
vt -1.858174 0.215327 0.000000
vt -1.888066 0.181283 0.000000
vt -2.635038 0.157080 0.000000
vt -1.913950 0.143450 0.000000
vt -2.635038 0.104720 0.000000
vt -1.936264 0.100842 0.000000
vt -1.945570 0.078411 0.000000
vt -2.635038 0.052360 0.000000
vt -1.953554 0.055670 0.000000
vt -1.965736 0.010790 0.000000
vt -2.635038 0.000000 0.000000
vt -1.973903 -0.034022 0.000000
vt -2.635038 -0.052360 0.000000
vt -1.979227 -0.080223 0.000000
vt -2.635038 -0.104720 0.000000
vt -1.982323 -0.127225 0.000000
vt -2.635038 -0.157080 0.000000
vt -1.983834 -0.174539 0.000000
vt -2.635038 -0.209440 0.000000
vt -1.984444 -0.221785 0.000000
vt -2.635038 -0.261799 0.000000
vt -1.984546 -0.268504 0.000000
vt -1.984500 -0.314159 0.000000
vt -3.566962 -0.261799 0.000000
vt -4.217454 -0.268504 0.000000
vt -4.217556 -0.221785 0.000000
vt -3.566962 -0.209440 0.000000
vt -4.218166 -0.174539 0.000000
vt -3.566962 -0.157080 0.000000
vt -4.219677 -0.127225 0.000000
vt -3.566962 -0.104720 0.000000
vt -4.222773 -0.080223 0.000000
vt -3.566962 -0.052360 0.000000
vt -4.228097 -0.034022 0.000000
vt -3.566962 0.000000 0.000000
vt -4.236264 0.010790 0.000000
vt -3.566962 0.052360 0.000000
vt -4.248446 0.055670 0.000000
vt -4.256430 0.078411 0.000000
vt -3.566962 0.104720 0.000000
vt -4.265736 0.100842 0.000000
vt -4.288050 0.143450 0.000000
vt -3.566962 0.157080 0.000000
vt -4.313934 0.181283 0.000000
vt -3.566962 0.209440 0.000000
vt -4.343826 0.215327 0.000000
vt -4.377790 0.246100 0.000000
vt -3.566962 0.261799 0.000000
vt -4.415312 0.273169 0.000000
vt -4.455883 0.295990 0.000000
vt -4.217500 -0.314159 0.000000
vt 0.876461 13.918257 0.000000
vt 1.130000 13.970000 0.000000
vt 0.880000 13.970000 0.000000
vt 1.043220 14.557292 0.000000
vt 0.995850 14.597800 0.000000
vt 1.132583 13.940480 0.000000
vt 0.865909 13.867477 0.000000
vt 1.140252 13.911857 0.000000
vt 0.848540 13.818608 0.000000
vt 1.152776 13.885000 0.000000
vt 0.824679 13.772558 0.000000
vt 1.169772 13.860726 0.000000
vt 1.190726 13.839772 0.000000
vt 1.215000 13.822776 0.000000
vt 1.241857 13.810252 0.000000
vt 1.270480 13.802583 0.000000
vt 1.300000 13.800000 0.000000
vt 1.000000 12.857166 0.000000
vt 1.329520 13.802583 0.000000
vt 1.358143 13.810252 0.000000
vt 1.385000 13.822776 0.000000
vt 1.637802 13.720421 0.000000
vt 1.409274 13.839772 0.000000
vt 1.430228 13.860726 0.000000
vt 1.447224 13.885000 0.000000
vt 1.459748 13.911857 0.000000
vt 1.467417 13.940480 0.000000
vt 1.470000 13.970000 0.000000
vt 1.548047 14.308929 0.000000
vt 1.501546 14.338482 0.000000
vt 0.794770 13.730187 0.000000
vt 0.670000 13.170000 0.000000
vt 0.667417 13.140480 0.000000
vt 0.759370 13.692282 0.000000
vt 0.719139 13.659551 0.000000
vt 0.667417 13.199520 0.000000
vt 0.674825 13.632604 0.000000
vt 0.659748 13.228143 0.000000
vt 0.647224 13.255000 0.000000
vt 0.627254 13.611941 0.000000
vt 0.630228 13.279274 0.000000
vt 0.609274 13.300228 0.000000
vt 0.577313 13.597948 0.000000
vt 0.585000 13.317224 0.000000
vt 0.558143 13.329748 0.000000
vt 0.525932 13.590886 0.000000
vt 0.529520 13.337417 0.000000
vt 0.500000 13.340000 0.000000
vt 0.474068 13.590886 0.000000
vt 0.470480 13.337417 0.000000
vt 0.441857 13.329748 0.000000
vt 0.422687 13.597948 0.000000
vt 0.415000 13.317224 0.000000
vt 0.390726 13.300228 0.000000
vt 0.372746 13.611941 0.000000
vt 0.369772 13.279274 0.000000
vt 0.352776 13.255000 0.000000
vt 0.325175 13.632604 0.000000
vt 0.340252 13.228143 0.000000
vt 0.332583 13.199520 0.000000
vt 0.280861 13.659551 0.000000
vt 0.330000 13.170000 0.000000
vt 0.240630 13.692282 0.000000
vt 0.205230 13.730187 0.000000
vt 0.000000 12.857166 0.000000
vt 0.175321 13.772558 0.000000
vt -0.300000 13.800000 0.000000
vt -0.270480 13.802583 0.000000
vt -0.241857 13.810252 0.000000
vt -0.215000 13.822776 0.000000
vt -0.190726 13.839772 0.000000
vt -0.169772 13.860726 0.000000
vt -0.152776 13.885000 0.000000
vt 0.151460 13.818608 0.000000
vt -0.140252 13.911857 0.000000
vt 0.134091 13.867477 0.000000
vt -0.132583 13.940480 0.000000
vt 0.123539 13.918257 0.000000
vt -0.130000 13.970000 0.000000
vt 0.120000 13.970000 0.000000
vt -0.043220 14.557292 0.000000
vt 0.004150 14.597800 0.000000
vt 0.026823 14.618743 0.000000
vt 0.046004 14.642925 0.000000
vt 0.123539 14.021743 0.000000
vt 0.061236 14.669771 0.000000
vt 0.072156 14.698640 0.000000
vt 0.134091 14.072523 0.000000
vt 0.078503 14.728846 0.000000
vt 0.151460 14.121392 0.000000
vt 0.106672 14.917285 0.000000
vt 0.128618 14.966152 0.000000
vt 0.175321 14.167442 0.000000
vt 0.156606 15.011828 0.000000
vt 0.205230 14.209813 0.000000
vt 0.190181 15.053570 0.000000
vt 0.240630 14.247718 0.000000
vt 0.228795 15.090699 0.000000
vt 0.280861 14.280449 0.000000
vt 0.271821 15.122611 0.000000
vt 0.330000 14.770000 0.000000
vt 0.332583 14.799520 0.000000
vt 0.332583 14.740480 0.000000
vt 0.325175 14.307396 0.000000
vt 0.340252 14.711857 0.000000
vt 0.352776 14.685000 0.000000
vt 0.372746 14.328059 0.000000
vt 0.369772 14.660726 0.000000
vt 0.390726 14.639772 0.000000
vt 0.422687 14.342052 0.000000
vt 0.415000 14.622776 0.000000
vt 0.441857 14.610252 0.000000
vt 0.474068 14.349114 0.000000
vt 0.470480 14.602583 0.000000
vt 0.500000 14.600000 0.000000
vt 0.525932 14.349114 0.000000
vt 0.529520 14.602583 0.000000
vt 0.577313 14.342052 0.000000
vt 0.627254 14.328059 0.000000
vt 0.674825 14.307396 0.000000
vt 0.719139 14.280449 0.000000
vt 0.558143 14.610252 0.000000
vt 0.585000 14.622776 0.000000
vt 0.759370 14.247718 0.000000
vt 0.609274 14.639772 0.000000
vt 0.630228 14.660726 0.000000
vt 0.647224 14.685000 0.000000
vt 0.659748 14.711857 0.000000
vt 0.667417 14.740480 0.000000
vt 0.670000 14.770000 0.000000
vt 0.728179 15.122611 0.000000
vt 0.667417 14.799520 0.000000
vt 0.681441 15.148787 0.000000
vt 0.659748 14.828143 0.000000
vt 0.647224 14.855000 0.000000
vt 0.631751 15.168800 0.000000
vt 0.630228 14.879274 0.000000
vt 0.609274 14.900228 0.000000
vt 0.579918 15.182327 0.000000
vt 0.585000 14.917224 0.000000
vt 0.558143 14.929748 0.000000
vt 0.526784 15.189145 0.000000
vt 0.529520 14.937417 0.000000
vt 0.500000 14.940000 0.000000
vt 0.473216 15.189145 0.000000
vt 0.470480 14.937417 0.000000
vt 0.441857 14.929748 0.000000
vt 0.420082 15.182327 0.000000
vt 0.415000 14.917224 0.000000
vt 0.390726 14.900228 0.000000
vt 0.368249 15.168800 0.000000
vt 0.369772 14.879274 0.000000
vt 0.352776 14.855000 0.000000
vt 0.318559 15.148787 0.000000
vt 0.340252 14.828143 0.000000
vt 0.794770 14.209813 0.000000
vt 0.809819 15.053570 0.000000
vt 0.771205 15.090699 0.000000
vt 0.824679 14.167442 0.000000
vt 0.953996 14.642925 0.000000
vt 0.938764 14.669771 0.000000
vt 0.927844 14.698640 0.000000
vt 0.848540 14.121392 0.000000
vt 0.865909 14.072523 0.000000
vt 0.876461 14.021743 0.000000
vt 0.973177 14.618743 0.000000
vt -0.329520 13.802583 0.000000
vt -0.358143 13.810252 0.000000
vt -0.385000 13.822776 0.000000
vt -0.637802 13.720421 0.000000
vt -0.409274 13.839772 0.000000
vt -0.430228 13.860726 0.000000
vt -0.447224 13.885000 0.000000
vt -0.459748 13.911857 0.000000
vt -0.467417 13.940480 0.000000
vt -0.470000 13.970000 0.000000
vt -0.548047 14.308929 0.000000
vt -0.590278 14.273543 0.000000
vt -0.501546 14.338482 0.000000
vt -0.467417 13.999520 0.000000
vt -0.459748 14.028143 0.000000
vt -0.451578 14.361694 0.000000
vt -0.447224 14.055000 0.000000
vt -0.430228 14.079274 0.000000
vt -0.409274 14.100228 0.000000
vt -0.399001 14.378165 0.000000
vt -0.385000 14.117224 0.000000
vt -0.358143 14.129748 0.000000
vt -0.344720 14.387612 0.000000
vt -0.329520 14.137417 0.000000
vt -0.289669 14.389873 0.000000
vt -0.300000 14.140000 0.000000
vt -0.270480 14.137417 0.000000
vt -0.258846 14.391497 0.000000
vt -0.241857 14.129748 0.000000
vt -0.228640 14.397844 0.000000
vt -0.215000 14.117224 0.000000
vt -0.199771 14.408764 0.000000
vt -0.190726 14.100228 0.000000
vt -0.172925 14.423996 0.000000
vt -0.169772 14.079274 0.000000
vt -0.148743 14.443177 0.000000
vt -0.152776 14.055000 0.000000
vt -0.140252 14.028143 0.000000
vt -0.127800 14.465850 0.000000
vt -0.132583 13.999520 0.000000
vt -0.087292 14.513220 0.000000
vt 1.270480 14.137417 0.000000
vt 1.300000 14.140000 0.000000
vt 1.289669 14.389873 0.000000
vt 1.329520 14.137417 0.000000
vt 1.344720 14.387612 0.000000
vt 1.358143 14.129748 0.000000
vt 1.399001 14.378165 0.000000
vt 1.385000 14.117224 0.000000
vt 1.409274 14.100228 0.000000
vt 1.451578 14.361694 0.000000
vt 1.430228 14.079274 0.000000
vt 1.447224 14.055000 0.000000
vt 1.459748 14.028143 0.000000
vt 1.467417 13.999520 0.000000
vt 1.087292 14.513220 0.000000
vt 1.132583 13.999520 0.000000
vt 1.127800 14.465850 0.000000
vt 1.140252 14.028143 0.000000
vt 1.148743 14.443177 0.000000
vt 1.152776 14.055000 0.000000
vt 1.169772 14.079274 0.000000
vt 1.172925 14.423996 0.000000
vt 1.190726 14.100228 0.000000
vt 1.199771 14.408764 0.000000
vt 1.215000 14.117224 0.000000
vt 1.228640 14.397844 0.000000
vt 1.241857 14.129748 0.000000
vt 1.258846 14.391497 0.000000
vt 0.659748 13.111857 0.000000
vt 0.647224 13.085000 0.000000
vt 0.630228 13.060726 0.000000
vt 0.609274 13.039772 0.000000
vt 0.585000 13.022776 0.000000
vt 0.558143 13.010252 0.000000
vt 0.529520 13.002583 0.000000
vt 0.500000 13.000000 0.000000
vt 0.600000 12.450000 0.000000
vt 0.400000 12.450000 0.000000
vt 0.413828 10.905308 0.000000
vt 0.400000 10.952114 0.000000
vt 0.470480 13.002583 0.000000
vt 0.441857 13.010252 0.000000
vt 0.415000 13.022776 0.000000
vt 0.390726 13.039772 0.000000
vt 0.369772 13.060726 0.000000
vt 0.352776 13.085000 0.000000
vt 0.340252 13.111857 0.000000
vt 0.332583 13.140480 0.000000
vt 0.000000 12.450000 0.000000
vt 0.600000 4.498886 0.000000
vt 0.400000 4.498886 0.000000
vt 0.600000 1.703114 0.000000
vt 0.400000 1.703114 0.000000
vt 0.586172 1.656308 0.000000
vt 0.413828 1.656308 0.000000
vt 0.577802 1.608225 0.000000
vt 0.422198 1.608225 0.000000
vt 0.575000 1.559500 0.000000
vt 0.425000 1.559500 0.000000
vt 0.577802 1.510775 0.000000
vt 0.422198 1.510775 0.000000
vt 0.586172 1.462692 0.000000
vt 0.413828 1.462692 0.000000
vt 0.600000 -0.250000 0.000000
vt 0.400000 -0.250000 0.000000
vt 0.400000 1.415886 0.000000
vt 0.413828 4.545692 0.000000
vt 0.586172 4.545692 0.000000
vt 0.422198 4.593775 0.000000
vt 0.577802 4.593775 0.000000
vt 0.425000 4.642500 0.000000
vt 0.575000 4.642500 0.000000
vt 0.422198 4.691225 0.000000
vt 0.577802 4.691225 0.000000
vt 0.413828 4.739308 0.000000
vt 0.586172 4.739308 0.000000
vt 0.400000 4.786114 0.000000
vt 0.600000 4.786114 0.000000
vt 0.400000 7.581886 0.000000
vt 0.600000 7.581886 0.000000
vt 0.413828 7.628692 0.000000
vt 0.586172 7.628692 0.000000
vt 0.422198 7.676775 0.000000
vt 0.577802 7.676775 0.000000
vt 0.425000 7.725500 0.000000
vt 0.575000 7.725500 0.000000
vt 0.422198 7.774225 0.000000
vt 0.577802 7.774225 0.000000
vt 0.413828 7.822308 0.000000
vt 0.586172 7.822308 0.000000
vt 0.400000 7.869114 0.000000
vt 0.600000 7.869114 0.000000
vt 0.400000 10.664886 0.000000
vt 0.600000 10.664886 0.000000
vt 0.413828 10.711692 0.000000
vt 0.586172 10.711692 0.000000
vt 0.422198 10.759775 0.000000
vt 0.577802 10.759775 0.000000
vt 0.425000 10.808500 0.000000
vt 0.575000 10.808500 0.000000
vt 0.422198 10.857225 0.000000
vt 0.577802 10.857225 0.000000
vt 0.586172 10.905308 0.000000
vt 0.600000 10.952114 0.000000
vt 1.000000 12.450000 0.000000
vt 1.667565 13.766786 0.000000
vt 1.659115 14.187800 0.000000
vt 1.627515 14.232934 0.000000
vt 1.590278 14.273543 0.000000
vt 1.684535 14.138917 0.000000
vt 1.691003 13.816649 0.000000
vt 1.703337 14.087128 0.000000
vt 1.707713 13.869151 0.000000
vt 1.715199 14.033323 0.000000
vt 1.717406 13.923389 0.000000
vt 1.719915 13.978429 0.000000
vt 0.921497 14.728846 0.000000
vt 0.893328 14.917285 0.000000
vt 0.871382 14.966152 0.000000
vt 0.919873 14.759669 0.000000
vt 0.908876 14.866022 0.000000
vt 0.917773 14.813197 0.000000
vt 0.843394 15.011828 0.000000
vt 0.080127 14.759669 0.000000
vt 0.091124 14.866022 0.000000
vt 0.082227 14.813197 0.000000
vt -0.627515 14.232934 0.000000
vt -0.659115 14.187800 0.000000
vt -0.667565 13.766786 0.000000
vt -0.684535 14.138917 0.000000
vt -0.691003 13.816649 0.000000
vt -0.703337 14.087128 0.000000
vt -0.707713 13.869151 0.000000
vt -0.715199 14.033323 0.000000
vt -0.717406 13.923389 0.000000
vt -0.719915 13.978429 0.000000
vt 0.600000 1.415886 0.000000
vt -7.300500 -0.314159 0.000000
vt -5.067500 -0.314159 0.000000
vt -7.300454 -0.268504 0.000000
vt -6.649962 -0.261799 0.000000
vt -7.300556 -0.221785 0.000000
vt -6.649962 -0.209440 0.000000
vt -7.301166 -0.174539 0.000000
vt -6.649962 -0.157080 0.000000
vt -7.302677 -0.127225 0.000000
vt -6.649962 -0.104720 0.000000
vt -7.305773 -0.080223 0.000000
vt -6.649962 -0.052360 0.000000
vt -7.311097 -0.034022 0.000000
vt -6.649962 0.000000 0.000000
vt -7.319264 0.010790 0.000000
vt -6.649962 0.052360 0.000000
vt -7.331446 0.055670 0.000000
vt -7.339430 0.078411 0.000000
vt -6.649962 0.104720 0.000000
vt -7.348736 0.100842 0.000000
vt -7.371050 0.143450 0.000000
vt -6.649962 0.157080 0.000000
vt -7.396934 0.181283 0.000000
vt -6.649962 0.209440 0.000000
vt -7.426826 0.215327 0.000000
vt -7.460790 0.246100 0.000000
vt -6.649962 0.261799 0.000000
vt -7.498312 0.273169 0.000000
vt -7.538883 0.295990 0.000000
vt -7.581886 0.314159 0.000000
vt -5.718038 0.261799 0.000000
vt -4.829117 0.295990 0.000000
vt -4.869688 0.273169 0.000000
vt -4.907210 0.246100 0.000000
vt -5.718038 0.209440 0.000000
vt -4.941174 0.215327 0.000000
vt -4.971066 0.181283 0.000000
vt -5.718038 0.157080 0.000000
vt -4.996950 0.143450 0.000000
vt -5.718038 0.104720 0.000000
vt -5.019264 0.100842 0.000000
vt -5.028570 0.078411 0.000000
vt -5.718038 0.052360 0.000000
vt -5.036554 0.055670 0.000000
vt -5.048736 0.010790 0.000000
vt -5.718038 0.000000 0.000000
vt -5.056903 -0.034022 0.000000
vt -5.718038 -0.052360 0.000000
vt -5.062227 -0.080223 0.000000
vt -5.718038 -0.104720 0.000000
vt -5.065323 -0.127225 0.000000
vt -5.718038 -0.157080 0.000000
vt -5.066834 -0.174539 0.000000
vt -5.718038 -0.209440 0.000000
vt -5.067444 -0.221785 0.000000
vt -5.718038 -0.261799 0.000000
vt -5.067546 -0.268504 0.000000
vt -4.786114 0.314159 0.000000
vt 0.600000 7.300500 0.000000
vt 0.400000 7.300500 0.000000
vt 0.600000 5.067500 0.000000
vt 0.400000 5.067500 0.000000
vt -4.786114 -0.314159 0.000000
vt -4.829117 -0.295990 0.000000
vt -7.581886 -0.314159 0.000000
vt -7.538883 -0.295990 0.000000
vt -7.498312 -0.273169 0.000000
vt -6.649962 -0.261799 0.000000
vt -7.460790 -0.246100 0.000000
vt -6.649962 -0.209440 0.000000
vt -7.426826 -0.215327 0.000000
vt -7.396934 -0.181283 0.000000
vt -6.649962 -0.157080 0.000000
vt -7.371050 -0.143450 0.000000
vt -6.649962 -0.104720 0.000000
vt -7.348736 -0.100842 0.000000
vt -7.339430 -0.078411 0.000000
vt -6.649962 -0.052360 0.000000
vt -7.331446 -0.055670 0.000000
vt -7.319264 -0.010790 0.000000
vt -6.649962 -0.000000 0.000000
vt -7.311097 0.034022 0.000000
vt -6.649962 0.052360 0.000000
vt -7.305773 0.080223 0.000000
vt -6.649962 0.104720 0.000000
vt -7.302677 0.127225 0.000000
vt -6.649962 0.157080 0.000000
vt -7.301166 0.174539 0.000000
vt -6.649962 0.209440 0.000000
vt -7.300556 0.221785 0.000000
vt -6.649962 0.261799 0.000000
vt -7.300454 0.268504 0.000000
vt -7.300500 0.314159 0.000000
vt -5.718038 0.261799 0.000000
vt -5.067546 0.268504 0.000000
vt -5.067444 0.221785 0.000000
vt -5.718038 0.209440 0.000000
vt -5.066834 0.174539 0.000000
vt -5.718038 0.157080 0.000000
vt -5.065323 0.127225 0.000000
vt -5.718038 0.104720 0.000000
vt -5.062227 0.080223 0.000000
vt -5.718038 0.052360 0.000000
vt -5.056903 0.034022 0.000000
vt -5.718038 -0.000000 0.000000
vt -5.048736 -0.010790 0.000000
vt -5.718038 -0.052360 0.000000
vt -5.036554 -0.055670 0.000000
vt -5.028570 -0.078411 0.000000
vt -5.718038 -0.104720 0.000000
vt -5.019264 -0.100842 0.000000
vt -4.996950 -0.143450 0.000000
vt -5.718038 -0.157080 0.000000
vt -4.971066 -0.181283 0.000000
vt -5.718038 -0.209440 0.000000
vt -4.941174 -0.215327 0.000000
vt -4.907210 -0.246100 0.000000
vt -5.718038 -0.261799 0.000000
vt -4.869688 -0.273169 0.000000
vt -5.067500 0.314159 0.000000
vt -8.150500 0.314159 0.000000
vt -10.383500 0.314159 0.000000
vt -8.150546 0.268504 0.000000
vt -8.801038 0.261799 0.000000
vt -8.150444 0.221785 0.000000
vt -8.801038 0.209440 0.000000
vt -8.149834 0.174539 0.000000
vt -8.801038 0.157080 0.000000
vt -8.148323 0.127225 0.000000
vt -8.801038 0.104720 0.000000
vt -8.145227 0.080223 0.000000
vt -8.801038 0.052360 0.000000
vt -8.139903 0.034022 0.000000
vt -8.801038 0.000000 0.000000
vt -8.131736 -0.010790 0.000000
vt -8.801038 -0.052360 0.000000
vt -8.119554 -0.055670 0.000000
vt -8.111570 -0.078411 0.000000
vt -8.801038 -0.104720 0.000000
vt -8.102264 -0.100842 0.000000
vt -8.079950 -0.143450 0.000000
vt -8.801038 -0.157080 0.000000
vt -8.054066 -0.181283 0.000000
vt -8.801038 -0.209440 0.000000
vt -8.024174 -0.215327 0.000000
vt -7.990210 -0.246100 0.000000
vt -8.801038 -0.261799 0.000000
vt -7.952688 -0.273169 0.000000
vt -7.912117 -0.295990 0.000000
vt -9.732962 -0.261799 0.000000
vt -10.581312 -0.273169 0.000000
vt -10.543790 -0.246100 0.000000
vt -9.732962 -0.209440 0.000000
vt -10.509826 -0.215327 0.000000
vt -10.479934 -0.181283 0.000000
vt -9.732962 -0.157080 0.000000
vt -10.454050 -0.143450 0.000000
vt -9.732962 -0.104720 0.000000
vt -10.431736 -0.100842 0.000000
vt -10.422430 -0.078411 0.000000
vt -9.732962 -0.052360 0.000000
vt -10.414446 -0.055670 0.000000
vt -10.402264 -0.010790 0.000000
vt -9.732962 0.000000 0.000000
vt -10.394097 0.034022 0.000000
vt -9.732962 0.052360 0.000000
vt -10.388773 0.080223 0.000000
vt -9.732962 0.104720 0.000000
vt -10.385677 0.127225 0.000000
vt -9.732962 0.157080 0.000000
vt -10.384166 0.174539 0.000000
vt -9.732962 0.209440 0.000000
vt -10.383556 0.221785 0.000000
vt -9.732962 0.261799 0.000000
vt -10.383454 0.268504 0.000000
vt -10.621883 -0.295990 0.000000
vt -10.664886 -0.314159 0.000000
vt -7.869114 -0.314159 0.000000
vt 0.400000 8.150500 0.000000
vt 0.600000 8.150500 0.000000
vt 0.400000 10.383500 0.000000
vt 0.600000 10.383500 0.000000
vt -7.869114 0.314159 0.000000
vt -10.664886 0.314159 0.000000
vt -7.912117 0.295990 0.000000
vt -8.801038 0.261799 0.000000
vt -7.952688 0.273169 0.000000
vt -7.990210 0.246100 0.000000
vt -8.801038 0.209440 0.000000
vt -8.024174 0.215327 0.000000
vt -8.054066 0.181283 0.000000
vt -8.801038 0.157080 0.000000
vt -8.079950 0.143450 0.000000
vt -8.801038 0.104720 0.000000
vt -8.102264 0.100842 0.000000
vt -8.111570 0.078411 0.000000
vt -8.801038 0.052360 0.000000
vt -8.119554 0.055670 0.000000
vt -8.131736 0.010790 0.000000
vt -8.801038 0.000000 0.000000
vt -8.139903 -0.034022 0.000000
vt -8.801038 -0.052360 0.000000
vt -8.145227 -0.080223 0.000000
vt -8.801038 -0.104720 0.000000
vt -8.148323 -0.127225 0.000000
vt -8.801038 -0.157080 0.000000
vt -8.149834 -0.174539 0.000000
vt -8.801038 -0.209440 0.000000
vt -8.150444 -0.221785 0.000000
vt -8.801038 -0.261799 0.000000
vt -8.150546 -0.268504 0.000000
vt -8.150500 -0.314159 0.000000
vt -9.732962 -0.261799 0.000000
vt -10.383454 -0.268504 0.000000
vt -10.383556 -0.221785 0.000000
vt -9.732962 -0.209440 0.000000
vt -10.384166 -0.174539 0.000000
vt -9.732962 -0.157080 0.000000
vt -10.385677 -0.127225 0.000000
vt -9.732962 -0.104720 0.000000
vt -10.388773 -0.080223 0.000000
vt -9.732962 -0.052360 0.000000
vt -10.394097 -0.034022 0.000000
vt -9.732962 0.000000 0.000000
vt -10.402264 0.010790 0.000000
vt -9.732962 0.052360 0.000000
vt -10.414446 0.055670 0.000000
vt -10.422430 0.078411 0.000000
vt -9.732962 0.104720 0.000000
vt -10.431736 0.100842 0.000000
vt -10.454050 0.143450 0.000000
vt -9.732962 0.157080 0.000000
vt -10.479934 0.181283 0.000000
vt -9.732962 0.209440 0.000000
vt -10.509826 0.215327 0.000000
vt -10.543790 0.246100 0.000000
vt -9.732962 0.261799 0.000000
vt -10.581312 0.273169 0.000000
vt -10.621883 0.295990 0.000000
vt -10.383500 -0.314159 0.000000
vt -0.103757 -0.013017 0.000000
vt 0.603757 -0.013017 0.000000
vt -0.132843 0.024264 0.000000
vt 0.632843 0.024264 0.000000
vt -0.050000 0.141421 0.000000
vt 0.550000 0.141421 0.000000
vt 0.572228 -0.046086 0.000000
vt -0.072228 -0.046086 0.000000
vt 0.538559 -0.074626 0.000000
vt -0.038559 -0.074626 0.000000
vt 0.503073 -0.098361 0.000000
vt -0.003073 -0.098361 0.000000
vt 0.350000 -0.141421 0.000000
vt 0.150000 -0.141421 0.000000
vt 0.033886 -0.117063 0.000000
vt 0.071964 -0.130552 0.000000
vt 0.110793 -0.138697 0.000000
vt 0.389207 -0.138697 0.000000
vt 0.428036 -0.130552 0.000000
vt 0.466114 -0.117063 0.000000
vt 0.013017 -0.603757 0.000000
vt 0.013017 0.103757 0.000000
vt -0.024264 -0.632843 0.000000
vt -0.024264 0.132843 0.000000
vt -0.141421 -0.550000 0.000000
vt -0.141421 0.050000 0.000000
vt 0.046086 -0.572228 0.000000
vt 0.046086 0.072228 0.000000
vt 0.074626 -0.538559 0.000000
vt 0.074626 0.038559 0.000000
vt 0.098361 -0.503073 0.000000
vt 0.098361 0.003073 0.000000
vt 0.141421 -0.350000 0.000000
vt 0.141421 -0.150000 0.000000
vt 0.117063 -0.466114 0.000000
vt 0.130552 -0.428036 0.000000
vt 0.138697 -0.389207 0.000000
vt 0.138697 -0.110793 0.000000
vt 0.130552 -0.071964 0.000000
vt 0.117063 -0.033886 0.000000
vt 0.603757 0.013017 0.000000
vt -0.103757 0.013017 0.000000
vt 0.632843 -0.024264 0.000000
vt -0.132843 -0.024264 0.000000
vt 0.550000 -0.141421 0.000000
vt -0.050000 -0.141421 0.000000
vt -0.072228 0.046086 0.000000
vt 0.572228 0.046086 0.000000
vt -0.038559 0.074626 0.000000
vt 0.538559 0.074626 0.000000
vt -0.003073 0.098361 0.000000
vt 0.503073 0.098361 0.000000
vt 0.150000 0.141421 0.000000
vt 0.350000 0.141421 0.000000
vt 0.466114 0.117063 0.000000
vt 0.428036 0.130552 0.000000
vt 0.389207 0.138697 0.000000
vt 0.110793 0.138697 0.000000
vt 0.071964 0.130552 0.000000
vt 0.033886 0.117063 0.000000
vt -0.138697 -0.389207 0.000000
vt -0.130552 -0.428036 0.000000
vt -0.141421 -0.350000 0.000000
vt -0.117063 -0.466114 0.000000
vt -0.098361 -0.503073 0.000000
vt -0.074626 -0.538559 0.000000
vt -0.074626 0.038559 0.000000
vt -0.098361 0.003073 0.000000
vt -0.141421 -0.150000 0.000000
vt -0.117063 -0.033886 0.000000
vt -0.130552 -0.071964 0.000000
vt -0.046086 0.072228 0.000000
vt -0.046086 -0.572228 0.000000
vt -0.013017 0.103757 0.000000
vt -0.013017 -0.603757 0.000000
vt 0.024264 -0.632843 0.000000
vt 0.024264 0.132843 0.000000
vt 0.141421 -0.550000 0.000000
vt 0.141421 0.050000 0.000000
vt -0.138697 -0.110793 0.000000
vt -0.050000 -0.300000 0.000000
vt 0.050000 -0.300000 0.000000
vt -0.050000 0.300000 0.000000
vt 0.050000 0.300000 0.000000
vt -0.050000 -0.300000 0.000000
vt 0.050000 -0.300000 0.000000
vt -0.050000 0.300000 0.000000
vt 0.050000 0.300000 0.000000
vt 0.013017 -0.603757 0.000000
vt 0.013017 0.103757 0.000000
vt -0.024264 -0.632843 0.000000
vt -0.024264 0.132843 0.000000
vt -0.141421 -0.550000 0.000000
vt -0.141421 0.050000 0.000000
vt 0.046086 -0.572228 0.000000
vt 0.046086 0.072228 0.000000
vt 0.074626 -0.538559 0.000000
vt 0.074626 0.038559 0.000000
vt 0.098361 -0.503073 0.000000
vt 0.098361 0.003073 0.000000
vt 0.141421 -0.350000 0.000000
vt 0.141421 -0.150000 0.000000
vt 0.117063 -0.466114 0.000000
vt 0.130552 -0.428036 0.000000
vt 0.138697 -0.389207 0.000000
vt 0.138697 -0.110793 0.000000
vt 0.130552 -0.071964 0.000000
vt 0.117063 -0.033886 0.000000
vt 0.603757 0.013017 0.000000
vt -0.103757 0.013017 0.000000
vt 0.632843 -0.024264 0.000000
vt -0.132843 -0.024264 0.000000
vt 0.550000 -0.141421 0.000000
vt -0.050000 -0.141421 0.000000
vt -0.072228 0.046086 0.000000
vt 0.572228 0.046086 0.000000
vt -0.038559 0.074626 0.000000
vt 0.538559 0.074626 0.000000
vt -0.003073 0.098361 0.000000
vt 0.503073 0.098361 0.000000
vt 0.150000 0.141421 0.000000
vt 0.350000 0.141421 0.000000
vt 0.466114 0.117063 0.000000
vt 0.428036 0.130552 0.000000
vt 0.389207 0.138697 0.000000
vt 0.110793 0.138697 0.000000
vt 0.071964 0.130552 0.000000
vt 0.033886 0.117063 0.000000
vt -0.138697 -0.389207 0.000000
vt -0.130552 -0.428036 0.000000
vt -0.141421 -0.350000 0.000000
vt -0.117063 -0.466114 0.000000
vt -0.098361 -0.503073 0.000000
vt -0.074626 -0.538559 0.000000
vt -0.074626 0.038559 0.000000
vt -0.098361 0.003073 0.000000
vt -0.141421 -0.150000 0.000000
vt -0.117063 -0.033886 0.000000
vt -0.130552 -0.071964 0.000000
vt -0.046086 0.072228 0.000000
vt -0.046086 -0.572228 0.000000
vt -0.013017 0.103757 0.000000
vt -0.013017 -0.603757 0.000000
vt 0.024264 -0.632843 0.000000
vt 0.024264 0.132843 0.000000
vt 0.141421 -0.550000 0.000000
vt 0.141421 0.050000 0.000000
vt -0.138697 -0.110793 0.000000
vt -0.103757 -0.013017 0.000000
vt 0.603757 -0.013017 0.000000
vt -0.132843 0.024264 0.000000
vt 0.632843 0.024264 0.000000
vt -0.050000 0.141421 0.000000
vt 0.550000 0.141421 0.000000
vt 0.572228 -0.046086 0.000000
vt -0.072228 -0.046086 0.000000
vt 0.538559 -0.074626 0.000000
vt -0.038559 -0.074626 0.000000
vt 0.503073 -0.098361 0.000000
vt -0.003073 -0.098361 0.000000
vt 0.350000 -0.141421 0.000000
vt 0.150000 -0.141421 0.000000
vt 0.033886 -0.117063 0.000000
vt 0.071964 -0.130552 0.000000
vt 0.110793 -0.138697 0.000000
vt 0.389207 -0.138697 0.000000
vt 0.428036 -0.130552 0.000000
vt 0.466114 -0.117063 0.000000
vt -0.103757 -0.013017 0.000000
vt 0.603757 -0.013017 0.000000
vt -0.132843 0.024264 0.000000
vt 0.632843 0.024264 0.000000
vt -0.050000 0.141421 0.000000
vt 0.550000 0.141421 0.000000
vt 0.572228 -0.046086 0.000000
vt -0.072228 -0.046086 0.000000
vt 0.538559 -0.074626 0.000000
vt -0.038559 -0.074626 0.000000
vt 0.503073 -0.098361 0.000000
vt -0.003073 -0.098361 0.000000
vt 0.350000 -0.141421 0.000000
vt 0.150000 -0.141421 0.000000
vt 0.033886 -0.117063 0.000000
vt 0.071964 -0.130552 0.000000
vt 0.110793 -0.138697 0.000000
vt 0.389207 -0.138697 0.000000
vt 0.428036 -0.130552 0.000000
vt 0.466114 -0.117063 0.000000
vt 0.013017 -0.603757 0.000000
vt 0.013017 0.103757 0.000000
vt -0.024264 -0.632843 0.000000
vt -0.024264 0.132843 0.000000
vt -0.141421 -0.550000 0.000000
vt -0.141421 0.050000 0.000000
vt 0.046086 -0.572228 0.000000
vt 0.046086 0.072228 0.000000
vt 0.074626 -0.538559 0.000000
vt 0.074626 0.038559 0.000000
vt 0.098361 -0.503073 0.000000
vt 0.098361 0.003073 0.000000
vt 0.141421 -0.350000 0.000000
vt 0.141421 -0.150000 0.000000
vt 0.117063 -0.466114 0.000000
vt 0.130552 -0.428036 0.000000
vt 0.138697 -0.389207 0.000000
vt 0.138697 -0.110793 0.000000
vt 0.130552 -0.071964 0.000000
vt 0.117063 -0.033886 0.000000
vt 0.603757 0.013017 0.000000
vt -0.103757 0.013017 0.000000
vt 0.632843 -0.024264 0.000000
vt -0.132843 -0.024264 0.000000
vt 0.550000 -0.141421 0.000000
vt -0.050000 -0.141421 0.000000
vt -0.072228 0.046086 0.000000
vt 0.572228 0.046086 0.000000
vt -0.038559 0.074626 0.000000
vt 0.538559 0.074626 0.000000
vt -0.003073 0.098361 0.000000
vt 0.503073 0.098361 0.000000
vt 0.150000 0.141421 0.000000
vt 0.350000 0.141421 0.000000
vt 0.466114 0.117063 0.000000
vt 0.428036 0.130552 0.000000
vt 0.389207 0.138697 0.000000
vt 0.110793 0.138697 0.000000
vt 0.071964 0.130552 0.000000
vt 0.033886 0.117063 0.000000
vt -0.138697 -0.389207 0.000000
vt -0.130552 -0.428036 0.000000
vt -0.141421 -0.350000 0.000000
vt -0.117063 -0.466114 0.000000
vt -0.098361 -0.503073 0.000000
vt -0.074626 -0.538559 0.000000
vt -0.074626 0.038559 0.000000
vt -0.098361 0.003073 0.000000
vt -0.141421 -0.150000 0.000000
vt -0.117063 -0.033886 0.000000
vt -0.130552 -0.071964 0.000000
vt -0.046086 0.072228 0.000000
vt -0.046086 -0.572228 0.000000
vt -0.013017 0.103757 0.000000
vt -0.013017 -0.603757 0.000000
vt 0.024264 -0.632843 0.000000
vt 0.024264 0.132843 0.000000
vt 0.141421 -0.550000 0.000000
vt 0.141421 0.050000 0.000000
vt -0.138697 -0.110793 0.000000
vt -0.050000 -0.300000 0.000000
vt 0.050000 -0.300000 0.000000
vt -0.050000 0.300000 0.000000
vt 0.050000 0.300000 0.000000
vt -0.050000 -0.300000 0.000000
vt 0.050000 -0.300000 0.000000
vt -0.050000 0.300000 0.000000
vt 0.050000 0.300000 0.000000
vt 0.013017 -0.603757 0.000000
vt 0.013017 0.103757 0.000000
vt -0.024264 -0.632843 0.000000
vt -0.024264 0.132843 0.000000
vt -0.141421 -0.550000 0.000000
vt -0.141421 0.050000 0.000000
vt 0.046086 -0.572228 0.000000
vt 0.046086 0.072228 0.000000
vt 0.074626 -0.538559 0.000000
vt 0.074626 0.038559 0.000000
vt 0.098361 -0.503073 0.000000
vt 0.098361 0.003073 0.000000
vt 0.141421 -0.350000 0.000000
vt 0.141421 -0.150000 0.000000
vt 0.117063 -0.466114 0.000000
vt 0.130552 -0.428036 0.000000
vt 0.138697 -0.389207 0.000000
vt 0.138697 -0.110793 0.000000
vt 0.130552 -0.071964 0.000000
vt 0.117063 -0.033886 0.000000
vt 0.603757 0.013017 0.000000
vt -0.103757 0.013017 0.000000
vt 0.632843 -0.024264 0.000000
vt -0.132843 -0.024264 0.000000
vt 0.550000 -0.141421 0.000000
vt -0.050000 -0.141421 0.000000
vt -0.072228 0.046086 0.000000
vt 0.572228 0.046086 0.000000
vt -0.038559 0.074626 0.000000
vt 0.538559 0.074626 0.000000
vt -0.003073 0.098361 0.000000
vt 0.503073 0.098361 0.000000
vt 0.150000 0.141421 0.000000
vt 0.350000 0.141421 0.000000
vt 0.466114 0.117063 0.000000
vt 0.428036 0.130552 0.000000
vt 0.389207 0.138697 0.000000
vt 0.110793 0.138697 0.000000
vt 0.071964 0.130552 0.000000
vt 0.033886 0.117063 0.000000
vt -0.138697 -0.389207 0.000000
vt -0.130552 -0.428036 0.000000
vt -0.141421 -0.350000 0.000000
vt -0.117063 -0.466114 0.000000
vt -0.098361 -0.503073 0.000000
vt -0.074626 -0.538559 0.000000
vt -0.074626 0.038559 0.000000
vt -0.098361 0.003073 0.000000
vt -0.141421 -0.150000 0.000000
vt -0.117063 -0.033886 0.000000
vt -0.130552 -0.071964 0.000000
vt -0.046086 0.072228 0.000000
vt -0.046086 -0.572228 0.000000
vt -0.013017 0.103757 0.000000
vt -0.013017 -0.603757 0.000000
vt 0.024264 -0.632843 0.000000
vt 0.024264 0.132843 0.000000
vt 0.141421 -0.550000 0.000000
vt 0.141421 0.050000 0.000000
vt -0.138697 -0.110793 0.000000
vt -0.103757 -0.013017 0.000000
vt 0.603757 -0.013017 0.000000
vt -0.132843 0.024264 0.000000
vt 0.632843 0.024264 0.000000
vt -0.050000 0.141421 0.000000
vt 0.550000 0.141421 0.000000
vt 0.572228 -0.046086 0.000000
vt -0.072228 -0.046086 0.000000
vt 0.538559 -0.074626 0.000000
vt -0.038559 -0.074626 0.000000
vt 0.503073 -0.098361 0.000000
vt -0.003073 -0.098361 0.000000
vt 0.350000 -0.141421 0.000000
vt 0.150000 -0.141421 0.000000
vt 0.033886 -0.117063 0.000000
vt 0.071964 -0.130552 0.000000
vt 0.110793 -0.138697 0.000000
vt 0.389207 -0.138697 0.000000
vt 0.428036 -0.130552 0.000000
vt 0.466114 -0.117063 0.000000
vt -0.050000 -0.300000 0.000000
vt 0.050000 -0.300000 0.000000
vt -0.050000 0.300000 0.000000
vt 0.050000 0.300000 0.000000
vt -0.050000 -0.300000 0.000000
vt 0.050000 -0.300000 0.000000
vt -0.050000 0.300000 0.000000
vt 0.050000 0.300000 0.000000
vt 0.750000 -0.314159 0.000000
vt 1.250000 -0.314159 0.000000
vt 0.748074 -0.274889 0.000000
vt 1.251926 -0.274889 0.000000
vt 1.257686 -0.235619 0.000000
vt 0.742314 -0.235619 0.000000
vt 1.267224 -0.196350 0.000000
vt 0.732776 -0.196350 0.000000
vt 0.719552 -0.157080 0.000000
vt 1.280448 -0.157080 0.000000
vt 0.702769 -0.117810 0.000000
vt 1.297231 -0.117810 0.000000
vt 1.317412 -0.078540 0.000000
vt 0.682588 -0.078540 0.000000
vt 1.340796 -0.039270 0.000000
vt 0.659204 -0.039270 0.000000
vt 0.632843 -0.000000 0.000000
vt 1.367157 0.000000 0.000000
vt 0.659204 0.039270 0.000000
vt 1.340796 0.039270 0.000000
vt 1.317412 0.078540 0.000000
vt 0.682588 0.078540 0.000000
vt 1.297231 0.117810 0.000000
vt 0.702769 0.117810 0.000000
vt 0.719552 0.157080 0.000000
vt 1.280448 0.157080 0.000000
vt 0.732776 0.196350 0.000000
vt 1.267224 0.196350 0.000000
vt 1.257686 0.235619 0.000000
vt 0.742314 0.235619 0.000000
vt 1.251926 0.274889 0.000000
vt 0.748074 0.274889 0.000000
vt 0.750000 0.314159 0.000000
vt 1.250000 0.314159 0.000000
vt 0.600000 -0.750000 0.000000
vt 0.400000 -0.750000 0.000000
vt 0.600000 -1.250000 0.000000
vt 0.400000 -1.250000 0.000000
vt 0.750000 -0.314159 0.000000
vt 1.250000 -0.314159 0.000000
vt 0.748074 -0.274889 0.000000
vt 1.251926 -0.274889 0.000000
vt 1.257686 -0.235619 0.000000
vt 0.742314 -0.235619 0.000000
vt 1.267224 -0.196350 0.000000
vt 0.732776 -0.196350 0.000000
vt 0.719552 -0.157080 0.000000
vt 1.280448 -0.157080 0.000000
vt 0.702769 -0.117810 0.000000
vt 1.297231 -0.117810 0.000000
vt 1.317412 -0.078540 0.000000
vt 0.682588 -0.078540 0.000000
vt 1.340796 -0.039270 0.000000
vt 0.659204 -0.039270 0.000000
vt 0.632843 -0.000000 0.000000
vt 1.367157 -0.000000 0.000000
vt 0.659204 0.039270 0.000000
vt 1.340796 0.039270 0.000000
vt 1.317412 0.078540 0.000000
vt 0.682588 0.078540 0.000000
vt 1.297231 0.117810 0.000000
vt 0.702769 0.117810 0.000000
vt 0.719552 0.157080 0.000000
vt 1.280448 0.157080 0.000000
vt 0.732776 0.196350 0.000000
vt 1.267224 0.196350 0.000000
vt 1.257686 0.235619 0.000000
vt 0.742314 0.235619 0.000000
vt 1.251926 0.274889 0.000000
vt 0.748074 0.274889 0.000000
vt 0.750000 0.314159 0.000000
vt 1.250000 0.314159 0.000000
vt 0.600000 -0.750000 0.000000
vt 0.400000 -0.750000 0.000000
vt 0.600000 -1.250000 0.000000
vt 0.400000 -1.250000 0.000000
vt 0.750000 -0.314159 0.000000
vt 1.250000 -0.314159 0.000000
vt 0.748074 -0.274889 0.000000
vt 1.251926 -0.274889 0.000000
vt 1.257686 -0.235619 0.000000
vt 0.742314 -0.235619 0.000000
vt 1.267224 -0.196350 0.000000
vt 0.732776 -0.196350 0.000000
vt 0.719552 -0.157080 0.000000
vt 1.280448 -0.157080 0.000000
vt 0.702769 -0.117810 0.000000
vt 1.297231 -0.117810 0.000000
vt 1.317412 -0.078540 0.000000
vt 0.682588 -0.078540 0.000000
vt 1.340796 -0.039270 0.000000
vt 0.659204 -0.039270 0.000000
vt 0.632843 -0.000000 0.000000
vt 1.367157 -0.000000 0.000000
vt 0.659204 0.039270 0.000000
vt 1.340796 0.039270 0.000000
vt 1.317412 0.078540 0.000000
vt 0.682588 0.078540 0.000000
vt 1.297231 0.117810 0.000000
vt 0.702769 0.117810 0.000000
vt 0.719552 0.157080 0.000000
vt 1.280448 0.157080 0.000000
vt 0.732776 0.196350 0.000000
vt 1.267224 0.196350 0.000000
vt 1.257686 0.235619 0.000000
vt 0.742314 0.235619 0.000000
vt 1.251926 0.274889 0.000000
vt 0.748074 0.274889 0.000000
vt 0.750000 0.314159 0.000000
vt 1.250000 0.314159 0.000000
vt 0.600000 -0.750000 0.000000
vt 0.400000 -0.750000 0.000000
vt 0.600000 -1.250000 0.000000
vt 0.400000 -1.250000 0.000000
vt 0.750000 -0.314159 0.000000
vt 1.250000 -0.314159 0.000000
vt 0.748074 -0.274889 0.000000
vt 1.251926 -0.274889 0.000000
vt 1.257686 -0.235619 0.000000
vt 0.742314 -0.235619 0.000000
vt 1.267224 -0.196350 0.000000
vt 0.732776 -0.196350 0.000000
vt 0.719552 -0.157080 0.000000
vt 1.280448 -0.157080 0.000000
vt 0.702769 -0.117810 0.000000
vt 1.297231 -0.117810 0.000000
vt 1.317412 -0.078540 0.000000
vt 0.682588 -0.078540 0.000000
vt 1.340796 -0.039270 0.000000
vt 0.659204 -0.039270 0.000000
vt 0.632843 0.000000 0.000000
vt 1.367157 0.000000 0.000000
vt 0.659204 0.039270 0.000000
vt 1.340796 0.039270 0.000000
vt 1.317412 0.078540 0.000000
vt 0.682588 0.078540 0.000000
vt 1.297231 0.117810 0.000000
vt 0.702769 0.117810 0.000000
vt 0.719552 0.157080 0.000000
vt 1.280448 0.157080 0.000000
vt 0.732776 0.196350 0.000000
vt 1.267224 0.196350 0.000000
vt 1.257686 0.235619 0.000000
vt 0.742314 0.235619 0.000000
vt 1.251926 0.274889 0.000000
vt 0.748074 0.274889 0.000000
vt 0.750000 0.314159 0.000000
vt 1.250000 0.314159 0.000000
vt -0.050000 -0.300000 0.000000
vt 0.050000 -0.300000 0.000000
vt -0.050000 0.300000 0.000000
vt 0.050000 0.300000 0.000000
vt 2.750000 -0.314159 0.000000
vt 3.000000 -0.314159 0.000000
vt 2.748074 -0.274889 0.000000
vt 3.000000 -0.261799 0.000000
vt 2.742314 -0.235619 0.000000
vt 3.000000 -0.209440 0.000000
vt 2.732776 -0.196350 0.000000
vt 3.000000 -0.157080 0.000000
vt 2.719552 -0.157080 0.000000
vt 2.702769 -0.117810 0.000000
vt 3.000000 -0.104720 0.000000
vt 2.682588 -0.078540 0.000000
vt 3.000000 -0.052360 0.000000
vt 2.659204 -0.039270 0.000000
vt 3.000000 0.000000 0.000000
vt 2.632843 -0.000000 0.000000
vt 2.659204 0.039270 0.000000
vt 3.000000 0.052360 0.000000
vt 2.682588 0.078540 0.000000
vt 3.000000 0.104720 0.000000
vt 2.702769 0.117810 0.000000
vt 3.000000 0.157080 0.000000
vt 2.719552 0.157080 0.000000
vt 2.732776 0.196350 0.000000
vt 3.000000 0.209440 0.000000
vt 2.742314 0.235619 0.000000
vt 3.000000 0.261799 0.000000
vt 2.748074 0.274889 0.000000
vt 3.000000 0.314159 0.000000
vt 2.750000 0.314159 0.000000
vt 0.600000 -2.750000 0.000000
vt 0.400000 -2.750000 0.000000
vt 0.600000 -3.000000 0.000000
vt 0.400000 -3.000000 0.000000
vt 2.750000 -0.314159 0.000000
vt 3.000000 -0.314159 0.000000
vt 2.748074 -0.274889 0.000000
vt 3.000000 -0.261799 0.000000
vt 2.742314 -0.235619 0.000000
vt 3.000000 -0.209440 0.000000
vt 2.732776 -0.196350 0.000000
vt 3.000000 -0.157080 0.000000
vt 2.719552 -0.157080 0.000000
vt 2.702769 -0.117810 0.000000
vt 3.000000 -0.104720 0.000000
vt 2.682588 -0.078540 0.000000
vt 3.000000 -0.052360 0.000000
vt 2.659204 -0.039270 0.000000
vt 3.000000 0.000000 0.000000
vt 2.632843 -0.000000 0.000000
vt 2.659204 0.039270 0.000000
vt 3.000000 0.052360 0.000000
vt 2.682588 0.078540 0.000000
vt 3.000000 0.104720 0.000000
vt 2.702769 0.117810 0.000000
vt 3.000000 0.157080 0.000000
vt 2.719552 0.157080 0.000000
vt 2.732776 0.196350 0.000000
vt 3.000000 0.209440 0.000000
vt 2.742314 0.235619 0.000000
vt 3.000000 0.261799 0.000000
vt 2.748074 0.274889 0.000000
vt 3.000000 0.314159 0.000000
vt 2.750000 0.314159 0.000000
vt 0.600000 -2.750000 0.000000
vt 0.400000 -2.750000 0.000000
vt 0.600000 -3.000000 0.000000
vt 0.400000 -3.000000 0.000000
vt 2.750000 -0.314159 0.000000
vt 3.000000 -0.314159 0.000000
vt 2.748074 -0.274889 0.000000
vt 3.000000 -0.261799 0.000000
vt 2.742314 -0.235619 0.000000
vt 3.000000 -0.209440 0.000000
vt 2.732776 -0.196350 0.000000
vt 3.000000 -0.157080 0.000000
vt 2.719552 -0.157080 0.000000
vt 2.702769 -0.117810 0.000000
vt 3.000000 -0.104720 0.000000
vt 2.682588 -0.078540 0.000000
vt 3.000000 -0.052360 0.000000
vt 2.659204 -0.039270 0.000000
vt 3.000000 0.000000 0.000000
vt 2.632843 -0.000000 0.000000
vt 2.659204 0.039270 0.000000
vt 3.000000 0.052360 0.000000
vt 2.682588 0.078540 0.000000
vt 3.000000 0.104720 0.000000
vt 2.702769 0.117810 0.000000
vt 3.000000 0.157080 0.000000
vt 2.719552 0.157080 0.000000
vt 2.732776 0.196350 0.000000
vt 3.000000 0.209440 0.000000
vt 2.742314 0.235619 0.000000
vt 3.000000 0.261799 0.000000
vt 2.748074 0.274889 0.000000
vt 3.000000 0.314159 0.000000
vt 2.750000 0.314159 0.000000
vt 0.600000 -2.750000 0.000000
vt 0.400000 -2.750000 0.000000
vt 0.600000 -3.000000 0.000000
vt 0.400000 -3.000000 0.000000
vt 2.750000 -0.314159 0.000000
vt 3.000000 -0.314159 0.000000
vt 2.748074 -0.274889 0.000000
vt 3.000000 -0.261799 0.000000
vt 2.742314 -0.235619 0.000000
vt 3.000000 -0.209440 0.000000
vt 2.732776 -0.196350 0.000000
vt 3.000000 -0.157080 0.000000
vt 2.719552 -0.157080 0.000000
vt 2.702769 -0.117810 0.000000
vt 3.000000 -0.104720 0.000000
vt 2.682588 -0.078540 0.000000
vt 3.000000 -0.052360 0.000000
vt 2.659204 -0.039270 0.000000
vt 3.000000 0.000000 0.000000
vt 2.632843 0.000000 0.000000
vt 2.659204 0.039270 0.000000
vt 3.000000 0.052360 0.000000
vt 2.682588 0.078540 0.000000
vt 3.000000 0.104720 0.000000
vt 2.702769 0.117810 0.000000
vt 3.000000 0.157080 0.000000
vt 2.719552 0.157080 0.000000
vt 2.732776 0.196350 0.000000
vt 3.000000 0.209440 0.000000
vt 2.742314 0.235619 0.000000
vt 3.000000 0.261799 0.000000
vt 2.748074 0.274889 0.000000
vt 3.000000 0.314159 0.000000
vt 2.750000 0.314159 0.000000
vt -0.050000 -0.300000 0.000000
vt 0.050000 -0.300000 0.000000
vt -0.050000 0.300000 0.000000
vt 0.050000 0.300000 0.000000
vt 0.600000 -0.750000 0.000000
vt 0.400000 -0.750000 0.000000
vt 0.600000 -1.250000 0.000000
vt 0.400000 -1.250000 0.000000
vt 0.250000 0.314159 0.000000
vt -1.134500 0.314159 0.000000
vt 0.251926 0.274889 0.000000
vt -0.524364 0.261799 0.000000
vt 0.257686 0.235619 0.000000
vt -0.524364 0.209440 0.000000
vt 0.267224 0.196350 0.000000
vt -0.524364 0.157080 0.000000
vt 0.280448 0.157080 0.000000
vt 0.297231 0.117810 0.000000
vt -0.524364 0.104720 0.000000
vt 0.317412 0.078540 0.000000
vt -0.524364 0.052360 0.000000
vt 0.340796 0.039270 0.000000
vt -0.524364 0.000000 0.000000
vt 0.367157 0.000000 0.000000
vt 0.340796 -0.039270 0.000000
vt -0.524364 -0.052360 0.000000
vt 0.317412 -0.078540 0.000000
vt -0.524364 -0.104720 0.000000
vt 0.297231 -0.117810 0.000000
vt -0.524364 -0.157080 0.000000
vt 0.280448 -0.157080 0.000000
vt 0.267224 -0.196350 0.000000
vt -0.524364 -0.209440 0.000000
vt 0.257686 -0.235619 0.000000
vt -0.524364 -0.261799 0.000000
vt 0.251926 -0.274889 0.000000
vt 0.250000 -0.314159 0.000000
vt -1.372883 -0.295990 0.000000
vt -1.415886 -0.314159 0.000000
vt -1.134454 0.268504 0.000000
vt -1.134556 0.221785 0.000000
vt -1.135166 0.174539 0.000000
vt -1.136677 0.127225 0.000000
vt -1.139773 0.080223 0.000000
vt -1.145097 0.034022 0.000000
vt -1.153264 -0.010790 0.000000
vt -1.165446 -0.055670 0.000000
vt -1.173430 -0.078411 0.000000
vt -1.182736 -0.100842 0.000000
vt -1.205050 -0.143450 0.000000
vt -1.230934 -0.181283 0.000000
vt -1.260826 -0.215327 0.000000
vt -1.294790 -0.246100 0.000000
vt -1.332312 -0.273169 0.000000
vt 0.600000 -2.750000 0.000000
vt 0.400000 -2.750000 0.000000
vt 0.600000 -3.000000 0.000000
vt 0.400000 -3.000000 0.000000
vt 0.400000 -2.250000 0.000000
vt 0.600000 -2.250000 0.000000
vt 0.400000 -1.750000 0.000000
vt 0.600000 -1.750000 0.000000
vt 2.250000 0.314159 0.000000
vt 1.750000 0.314159 0.000000
vt 2.251926 0.274889 0.000000
vt 1.748074 0.274889 0.000000
vt 1.742314 0.235619 0.000000
vt 2.257686 0.235619 0.000000
vt 1.732776 0.196350 0.000000
vt 2.267224 0.196350 0.000000
vt 2.280448 0.157080 0.000000
vt 1.719552 0.157080 0.000000
vt 2.297231 0.117810 0.000000
vt 1.702769 0.117810 0.000000
vt 1.682588 0.078540 0.000000
vt 2.317412 0.078540 0.000000
vt 1.659204 0.039270 0.000000
vt 2.340796 0.039270 0.000000
vt 2.367157 0.000000 0.000000
vt 1.632843 0.000000 0.000000
vt 2.340796 -0.039270 0.000000
vt 1.659204 -0.039270 0.000000
vt 1.682588 -0.078540 0.000000
vt 2.317412 -0.078540 0.000000
vt 1.702769 -0.117810 0.000000
vt 2.297231 -0.117810 0.000000
vt 2.280448 -0.157080 0.000000
vt 1.719552 -0.157080 0.000000
vt 2.267224 -0.196350 0.000000
vt 1.732776 -0.196350 0.000000
vt 1.742314 -0.235619 0.000000
vt 2.257686 -0.235619 0.000000
vt 1.748074 -0.274889 0.000000
vt 2.251926 -0.274889 0.000000
vt 2.250000 -0.314159 0.000000
vt 1.750000 -0.314159 0.000000
vt -0.103757 -0.013017 0.000000
vt 0.603757 -0.013017 0.000000
vt -0.132843 0.024264 0.000000
vt 0.632843 0.024264 0.000000
vt -0.050000 0.141421 0.000000
vt 0.550000 0.141421 0.000000
vt 0.572228 -0.046086 0.000000
vt -0.072228 -0.046086 0.000000
vt 0.538559 -0.074626 0.000000
vt -0.038559 -0.074626 0.000000
vt 0.503073 -0.098361 0.000000
vt -0.003073 -0.098361 0.000000
vt 0.350000 -0.141421 0.000000
vt 0.150000 -0.141421 0.000000
vt 0.033886 -0.117063 0.000000
vt 0.071964 -0.130552 0.000000
vt 0.110793 -0.138697 0.000000
vt 0.389207 -0.138697 0.000000
vt 0.428036 -0.130552 0.000000
vt 0.466114 -0.117063 0.000000
vt 0.013017 -0.603757 0.000000
vt 0.013017 0.103757 0.000000
vt -0.024264 -0.632843 0.000000
vt -0.024264 0.132843 0.000000
vt -0.141421 -0.550000 0.000000
vt -0.141421 0.050000 0.000000
vt 0.046086 -0.572228 0.000000
vt 0.046086 0.072228 0.000000
vt 0.074626 -0.538559 0.000000
vt 0.074626 0.038559 0.000000
vt 0.098361 -0.503073 0.000000
vt 0.098361 0.003073 0.000000
vt 0.141421 -0.350000 0.000000
vt 0.141421 -0.150000 0.000000
vt 0.117063 -0.466114 0.000000
vt 0.130552 -0.428036 0.000000
vt 0.138697 -0.389207 0.000000
vt 0.138697 -0.110793 0.000000
vt 0.130552 -0.071964 0.000000
vt 0.117063 -0.033886 0.000000
vt 0.603757 0.013017 0.000000
vt -0.103757 0.013017 0.000000
vt 0.632843 -0.024264 0.000000
vt -0.132843 -0.024264 0.000000
vt 0.550000 -0.141421 0.000000
vt -0.050000 -0.141421 0.000000
vt -0.072228 0.046086 0.000000
vt 0.572228 0.046086 0.000000
vt -0.038559 0.074626 0.000000
vt 0.538559 0.074626 0.000000
vt -0.003073 0.098361 0.000000
vt 0.503073 0.098361 0.000000
vt 0.150000 0.141421 0.000000
vt 0.350000 0.141421 0.000000
vt 0.466114 0.117063 0.000000
vt 0.428036 0.130552 0.000000
vt 0.389207 0.138697 0.000000
vt 0.110793 0.138697 0.000000
vt 0.071964 0.130552 0.000000
vt 0.033886 0.117063 0.000000
vt -0.138697 -0.389207 0.000000
vt -0.130552 -0.428036 0.000000
vt -0.141421 -0.350000 0.000000
vt -0.117063 -0.466114 0.000000
vt -0.098361 -0.503073 0.000000
vt -0.074626 -0.538559 0.000000
vt -0.074626 0.038559 0.000000
vt -0.098361 0.003073 0.000000
vt -0.141421 -0.150000 0.000000
vt -0.117063 -0.033886 0.000000
vt -0.130552 -0.071964 0.000000
vt -0.046086 0.072228 0.000000
vt -0.046086 -0.572228 0.000000
vt -0.013017 0.103757 0.000000
vt -0.013017 -0.603757 0.000000
vt 0.024264 -0.632843 0.000000
vt 0.024264 0.132843 0.000000
vt 0.141421 -0.550000 0.000000
vt 0.141421 0.050000 0.000000
vt -0.138697 -0.110793 0.000000
vt -0.050000 -0.300000 0.000000
vt 0.050000 -0.300000 0.000000
vt -0.050000 0.300000 0.000000
vt 0.050000 0.300000 0.000000
vt -0.050000 -0.300000 0.000000
vt 0.050000 -0.300000 0.000000
vt -0.050000 0.300000 0.000000
vt 0.050000 0.300000 0.000000
vt 0.013017 -0.603757 0.000000
vt 0.013017 0.103757 0.000000
vt -0.024264 -0.632843 0.000000
vt -0.024264 0.132843 0.000000
vt -0.141421 -0.550000 0.000000
vt -0.141421 0.050000 0.000000
vt 0.046086 -0.572228 0.000000
vt 0.046086 0.072228 0.000000
vt 0.074626 -0.538559 0.000000
vt 0.074626 0.038559 0.000000
vt 0.098361 -0.503073 0.000000
vt 0.098361 0.003073 0.000000
vt 0.141421 -0.350000 0.000000
vt 0.141421 -0.150000 0.000000
vt 0.117063 -0.466114 0.000000
vt 0.130552 -0.428036 0.000000
vt 0.138697 -0.389207 0.000000
vt 0.138697 -0.110793 0.000000
vt 0.130552 -0.071964 0.000000
vt 0.117063 -0.033886 0.000000
vt 0.603757 0.013017 0.000000
vt -0.103757 0.013017 0.000000
vt 0.632843 -0.024264 0.000000
vt -0.132843 -0.024264 0.000000
vt 0.550000 -0.141421 0.000000
vt -0.050000 -0.141421 0.000000
vt -0.072228 0.046086 0.000000
vt 0.572228 0.046086 0.000000
vt -0.038559 0.074626 0.000000
vt 0.538559 0.074626 0.000000
vt -0.003073 0.098361 0.000000
vt 0.503073 0.098361 0.000000
vt 0.150000 0.141421 0.000000
vt 0.350000 0.141421 0.000000
vt 0.466114 0.117063 0.000000
vt 0.428036 0.130552 0.000000
vt 0.389207 0.138697 0.000000
vt 0.110793 0.138697 0.000000
vt 0.071964 0.130552 0.000000
vt 0.033886 0.117063 0.000000
vt -0.138697 -0.389207 0.000000
vt -0.130552 -0.428036 0.000000
vt -0.141421 -0.350000 0.000000
vt -0.117063 -0.466114 0.000000
vt -0.098361 -0.503073 0.000000
vt -0.074626 -0.538559 0.000000
vt -0.074626 0.038559 0.000000
vt -0.098361 0.003073 0.000000
vt -0.141421 -0.150000 0.000000
vt -0.117063 -0.033886 0.000000
vt -0.130552 -0.071964 0.000000
vt -0.046086 0.072228 0.000000
vt -0.046086 -0.572228 0.000000
vt -0.013017 0.103757 0.000000
vt -0.013017 -0.603757 0.000000
vt 0.024264 -0.632843 0.000000
vt 0.024264 0.132843 0.000000
vt 0.141421 -0.550000 0.000000
vt 0.141421 0.050000 0.000000
vt -0.138697 -0.110793 0.000000
vt -0.103757 -0.013017 0.000000
vt 0.603757 -0.013017 0.000000
vt -0.132843 0.024264 0.000000
vt 0.632843 0.024264 0.000000
vt -0.050000 0.141421 0.000000
vt 0.550000 0.141421 0.000000
vt 0.572228 -0.046086 0.000000
vt -0.072228 -0.046086 0.000000
vt 0.538559 -0.074626 0.000000
vt -0.038559 -0.074626 0.000000
vt 0.503073 -0.098361 0.000000
vt -0.003073 -0.098361 0.000000
vt 0.350000 -0.141421 0.000000
vt 0.150000 -0.141421 0.000000
vt 0.033886 -0.117063 0.000000
vt 0.071964 -0.130552 0.000000
vt 0.110793 -0.138697 0.000000
vt 0.389207 -0.138697 0.000000
vt 0.428036 -0.130552 0.000000
vt 0.466114 -0.117063 0.000000
vt -0.050000 -0.300000 0.000000
vt 0.050000 -0.300000 0.000000
vt -0.050000 0.300000 0.000000
vt 0.050000 0.300000 0.000000
vt 2.250000 0.314159 0.000000
vt 1.750000 0.314159 0.000000
vt 2.251926 0.274889 0.000000
vt 1.748074 0.274889 0.000000
vt 1.742314 0.235619 0.000000
vt 2.257686 0.235619 0.000000
vt 1.732776 0.196350 0.000000
vt 2.267224 0.196350 0.000000
vt 2.280448 0.157080 0.000000
vt 1.719552 0.157080 0.000000
vt 2.297231 0.117810 0.000000
vt 1.702769 0.117810 0.000000
vt 1.682588 0.078540 0.000000
vt 2.317412 0.078540 0.000000
vt 1.659204 0.039270 0.000000
vt 2.340796 0.039270 0.000000
vt 2.367157 0.000000 0.000000
vt 1.632843 -0.000000 0.000000
vt 2.340796 -0.039270 0.000000
vt 1.659204 -0.039270 0.000000
vt 1.682588 -0.078540 0.000000
vt 2.317412 -0.078540 0.000000
vt 1.702769 -0.117810 0.000000
vt 2.297231 -0.117810 0.000000
vt 2.280448 -0.157080 0.000000
vt 1.719552 -0.157080 0.000000
vt 2.267224 -0.196350 0.000000
vt 1.732776 -0.196350 0.000000
vt 1.742314 -0.235619 0.000000
vt 2.257686 -0.235619 0.000000
vt 1.748074 -0.274889 0.000000
vt 2.251926 -0.274889 0.000000
vt 2.250000 -0.314159 0.000000
vt 1.750000 -0.314159 0.000000
vt 0.400000 -2.250000 0.000000
vt 0.600000 -2.250000 0.000000
vt 0.400000 -1.750000 0.000000
vt 0.600000 -1.750000 0.000000
vt 2.250000 0.314159 0.000000
vt 1.750000 0.314159 0.000000
vt 2.251926 0.274889 0.000000
vt 1.748074 0.274889 0.000000
vt 1.742314 0.235619 0.000000
vt 2.257686 0.235619 0.000000
vt 1.732776 0.196350 0.000000
vt 2.267224 0.196350 0.000000
vt 2.280448 0.157080 0.000000
vt 1.719552 0.157080 0.000000
vt 2.297231 0.117810 0.000000
vt 1.702769 0.117810 0.000000
vt 1.682588 0.078540 0.000000
vt 2.317412 0.078540 0.000000
vt 1.659204 0.039270 0.000000
vt 2.340796 0.039270 0.000000
vt 2.367157 -0.000000 0.000000
vt 1.632843 -0.000000 0.000000
vt 2.340796 -0.039270 0.000000
vt 1.659204 -0.039270 0.000000
vt 1.682588 -0.078540 0.000000
vt 2.317412 -0.078540 0.000000
vt 1.702769 -0.117810 0.000000
vt 2.297231 -0.117810 0.000000
vt 2.280448 -0.157080 0.000000
vt 1.719552 -0.157080 0.000000
vt 2.267224 -0.196350 0.000000
vt 1.732776 -0.196350 0.000000
vt 1.742314 -0.235619 0.000000
vt 2.257686 -0.235619 0.000000
vt 1.748074 -0.274889 0.000000
vt 2.251926 -0.274889 0.000000
vt 2.250000 -0.314159 0.000000
vt 1.750000 -0.314159 0.000000
vt 0.400000 -2.250000 0.000000
vt 0.600000 -2.250000 0.000000
vt 0.400000 -1.750000 0.000000
vt 0.600000 -1.750000 0.000000
vt 2.250000 0.314159 0.000000
vt 1.750000 0.314159 0.000000
vt 2.251926 0.274889 0.000000
vt 1.748074 0.274889 0.000000
vt 1.742314 0.235619 0.000000
vt 2.257686 0.235619 0.000000
vt 1.732776 0.196350 0.000000
vt 2.267224 0.196350 0.000000
vt 2.280448 0.157080 0.000000
vt 1.719552 0.157080 0.000000
vt 2.297231 0.117810 0.000000
vt 1.702769 0.117810 0.000000
vt 1.682588 0.078540 0.000000
vt 2.317412 0.078540 0.000000
vt 1.659204 0.039270 0.000000
vt 2.340796 0.039270 0.000000
vt 2.367157 -0.000000 0.000000
vt 1.632843 -0.000000 0.000000
vt 2.340796 -0.039270 0.000000
vt 1.659204 -0.039270 0.000000
vt 1.682588 -0.078540 0.000000
vt 2.317412 -0.078540 0.000000
vt 1.702769 -0.117810 0.000000
vt 2.297231 -0.117810 0.000000
vt 2.280448 -0.157080 0.000000
vt 1.719552 -0.157080 0.000000
vt 2.267224 -0.196350 0.000000
vt 1.732776 -0.196350 0.000000
vt 1.742314 -0.235619 0.000000
vt 2.257686 -0.235619 0.000000
vt 1.748074 -0.274889 0.000000
vt 2.251926 -0.274889 0.000000
vt 2.250000 -0.314159 0.000000
vt 1.750000 -0.314159 0.000000
vt 0.400000 -2.250000 0.000000
vt 0.600000 -2.250000 0.000000
vt 0.400000 -1.750000 0.000000
vt 0.600000 -1.750000 0.000000
vt -0.050000 -0.300000 0.000000
vt 0.050000 -0.300000 0.000000
vt -0.050000 0.300000 0.000000
vt 0.050000 0.300000 0.000000
vt 1.000000 0.092689 0.000000
vt 0.000000 0.092689 0.000000
vt 0.500000 0.061793 0.000000
vt 0.000000 0.061793 0.000000
vt 0.500000 0.030896 0.000000
vt -0.000000 0.030896 0.000000
vt 0.500000 0.000000 0.000000
vt -0.000000 0.000000 0.000000
vt 0.500000 -0.030896 0.000000
vt 0.000000 -0.030896 0.000000
vt 0.500000 -0.061793 0.000000
vt 0.000000 -0.061793 0.000000
vt 0.000000 -0.092689 0.000000
vt 1.000000 -0.092689 0.000000
vt 1.000000 -0.061793 0.000000
vt 1.000000 -0.030896 0.000000
vt 1.000000 0.000000 0.000000
vt 1.000000 0.030896 0.000000
vt 1.000000 0.061793 0.000000
vt -1.000000 0.649403 0.000000
vt -0.000000 0.649403 0.000000
vt -1.000000 0.704539 0.000000
vt -0.000000 0.704539 0.000000
vt -1.000000 0.759676 0.000000
vt -0.000000 0.759676 0.000000
vt -1.000000 0.814812 0.000000
vt 0.000000 0.814812 0.000000
vt -1.000000 0.869948 0.000000
vt -0.000000 0.869948 0.000000
vt -1.000000 0.925085 0.000000
vt 0.000000 0.925085 0.000000
vt -1.000000 0.980221 0.000000
vt -0.000000 0.980221 0.000000
vt -1.000000 1.035358 0.000000
vt 0.000000 1.035358 0.000000
vt -1.000000 1.090494 0.000000
vt -0.000000 1.090494 0.000000
vt -1.000000 1.145630 0.000000
vt 0.000000 1.145630 0.000000
vt -1.000000 1.200767 0.000000
vt -0.000000 1.200767 0.000000
vt -1.000000 1.255903 0.000000
vt 0.000000 1.255903 0.000000
vt -1.000000 1.311040 0.000000
vt -0.000000 1.311040 0.000000
vt -1.000000 1.366176 0.000000
vt -0.000000 1.366176 0.000000
vt -1.000000 1.421313 0.000000
vt -0.000000 1.421313 0.000000
vt -1.000000 1.476449 0.000000
vt -0.000000 1.476449 0.000000
vt -1.000000 1.531585 0.000000
vt -0.000000 1.531585 0.000000
vt -1.000000 1.586722 0.000000
vt -0.000000 1.586722 0.000000
vt 1.000000 0.092689 0.000000
vt 0.000000 0.092689 0.000000
vt 0.500000 0.061793 0.000000
vt -0.000000 0.061793 0.000000
vt 0.500000 0.030896 0.000000
vt 0.000000 0.030896 0.000000
vt 0.500000 -0.000000 0.000000
vt -0.000000 -0.000000 0.000000
vt 0.500000 -0.030896 0.000000
vt 0.000000 -0.030896 0.000000
vt 0.500000 -0.061793 0.000000
vt 0.000000 -0.061793 0.000000
vt -0.000000 -0.092689 0.000000
vt 1.000000 -0.092689 0.000000
vt 1.000000 -0.061793 0.000000
vt 1.000000 -0.030896 0.000000
vt 1.000000 -0.000000 0.000000
vt 1.000000 0.030896 0.000000
vt 1.000000 0.061793 0.000000
vt 0.000000 1.978471 0.000000
vt -1.000000 1.978471 0.000000
vt -0.000000 1.916127 0.000000
vt -1.000000 1.916127 0.000000
vt 0.000000 1.853784 0.000000
vt -1.000000 1.853784 0.000000
vt -0.000000 1.791440 0.000000
vt -1.000000 1.791440 0.000000
vt 1.000000 0.092689 0.000000
vt -0.000000 0.092689 0.000000
vt 0.500000 0.061793 0.000000
vt 0.000000 0.061793 0.000000
vt 0.500000 0.030896 0.000000
vt 0.000000 0.030896 0.000000
vt 0.500000 0.000000 0.000000
vt -0.000000 0.000000 0.000000
vt 0.500000 -0.030896 0.000000
vt 0.000000 -0.030896 0.000000
vt 0.500000 -0.061793 0.000000
vt -0.000000 -0.061793 0.000000
vt 0.000000 -0.092689 0.000000
vt 1.000000 -0.092689 0.000000
vt 1.000000 -0.061793 0.000000
vt 1.000000 -0.030896 0.000000
vt 1.000000 0.000000 0.000000
vt 1.000000 0.030896 0.000000
vt 1.000000 0.061793 0.000000
vt 0.000000 -1.309137 0.000000
vt -1.000000 -1.309137 0.000000
vt -0.000000 -1.362743 0.000000
vt -1.000000 -1.362743 0.000000
vt 0.000000 -1.416348 0.000000
vt -1.000000 -1.416348 0.000000
vt -0.000000 -1.469953 0.000000
vt -1.000000 -1.469953 0.000000
vt -0.000000 -1.523558 0.000000
vt -1.000000 -1.523558 0.000000
vt 0.000000 -1.577164 0.000000
vt -1.000000 -1.577164 0.000000
vt -0.000000 -1.630769 0.000000
vt -1.000000 -1.630769 0.000000
vt -0.000000 -1.684374 0.000000
vt -1.000000 -1.684374 0.000000
vt -0.000000 -1.737980 0.000000
vt -1.000000 -1.737980 0.000000
vt -0.000000 -1.791585 0.000000
vt -1.000000 -1.791585 0.000000
vt 0.000000 -1.845190 0.000000
vt -1.000000 -1.845190 0.000000
vt -0.000000 -1.898795 0.000000
vt -1.000000 -1.898795 0.000000
vt 0.000000 -1.952401 0.000000
vt -1.000000 -1.952401 0.000000
vt 0.000000 -2.006006 0.000000
vt -1.000000 -2.006006 0.000000
vt -0.000000 -2.059611 0.000000
vt -1.000000 -2.059611 0.000000
vt 0.000000 -2.113217 0.000000
vt -1.000000 -2.113217 0.000000
vt -0.000000 -2.166822 0.000000
vt -1.000000 -2.166822 0.000000
vt -0.000000 -2.220427 0.000000
vt -1.000000 -2.220427 0.000000
vt -0.000000 -2.274032 0.000000
vt -1.000000 -2.274032 0.000000
vt -0.000000 -2.327638 0.000000
vt -1.000000 -2.327638 0.000000
vt 0.000000 -2.381243 0.000000
vt -1.000000 -2.381243 0.000000
vt 0.000000 -2.434848 0.000000
vt -1.000000 -2.434848 0.000000
vt -0.000000 -2.488454 0.000000
vt -1.000000 -2.488454 0.000000
vt 0.000000 -2.542059 0.000000
vt -1.000000 -2.542059 0.000000
vt -0.000000 -2.595664 0.000000
vt -1.000000 -2.595664 0.000000
vt -0.000000 -2.649270 0.000000
vt -1.000000 -2.649270 0.000000
vt 1.000000 0.092689 0.000000
vt -0.000000 0.092689 0.000000
vt 0.500000 0.061793 0.000000
vt 0.000000 0.061793 0.000000
vt 0.500000 0.030896 0.000000
vt 0.000000 0.030896 0.000000
vt 0.500000 0.000000 0.000000
vt -0.000000 0.000000 0.000000
vt 0.500000 -0.030896 0.000000
vt -0.000000 -0.030896 0.000000
vt 0.500000 -0.061793 0.000000
vt 0.000000 -0.061793 0.000000
vt 0.000000 -0.092689 0.000000
vt 1.000000 -0.092689 0.000000
vt 1.000000 -0.061793 0.000000
vt 1.000000 -0.030896 0.000000
vt 1.000000 0.000000 0.000000
vt 1.000000 0.030896 0.000000
vt 1.000000 0.061793 0.000000
vt 0.000000 0.721834 0.000000
vt -1.000000 0.721834 0.000000
vt 0.000000 0.659490 0.000000
vt -1.000000 0.659490 0.000000
vt -0.000000 0.597147 0.000000
vt -1.000000 0.597147 0.000000
vt 0.000000 0.534803 0.000000
vt -1.000000 0.534803 0.000000
vt -0.000000 1.000000 0.000000
vt -1.073313 1.000000 0.000000
vt -0.000000 0.000000 0.000000
vt -1.073313 0.000000 0.000000
vt -0.000000 0.670066 0.000000
vt -1.000000 0.670066 0.000000
vt -0.000000 0.614930 0.000000
vt -1.000000 0.614930 0.000000
vt -0.000000 0.559793 0.000000
vt -1.000000 0.559793 0.000000
vt 0.000000 0.504657 0.000000
vt -1.000000 0.504657 0.000000
vt 0.000000 0.449520 0.000000
vt -1.000000 0.449520 0.000000
vt -0.000000 0.394384 0.000000
vt -1.000000 0.394384 0.000000
vt 0.000000 0.339248 0.000000
vt -1.000000 0.339248 0.000000
vt 0.000000 0.284111 0.000000
vt -1.000000 0.284111 0.000000
vt 0.000000 0.228975 0.000000
vt -1.000000 0.228975 0.000000
vt 0.000000 0.173838 0.000000
vt -1.000000 0.173838 0.000000
vt -0.000000 0.118702 0.000000
vt -1.000000 0.118702 0.000000
vt -0.000000 0.063566 0.000000
vt -1.000000 0.063566 0.000000
vt -0.000000 0.008429 0.000000
vt -1.000000 0.008429 0.000000
vt -0.000000 -0.046707 0.000000
vt -1.000000 -0.046707 0.000000
vt -0.000000 -0.101844 0.000000
vt -1.000000 -0.101844 0.000000
vt 0.000000 -0.156980 0.000000
vt -1.000000 -0.156980 0.000000
vt 0.000000 -0.212116 0.000000
vt -1.000000 -0.212116 0.000000
vt -0.000000 -0.267253 0.000000
vt -1.000000 -0.267253 0.000000
vt 0.000000 1.000000 0.000000
vt -1.073313 1.000000 0.000000
vt 0.000000 0.000000 0.000000
vt -1.073313 0.000000 0.000000
vt 1.000000 -1.141901 0.000000
vt 0.000000 -1.141901 0.000000
vt 1.000000 -1.193805 0.000000
vt 0.000000 -1.193805 0.000000
vt 1.000000 1.193805 0.000000
vt 0.000000 1.193805 0.000000
vt 1.000000 1.141901 0.000000
vt 0.000000 1.141901 0.000000
vt 1.000000 1.089996 0.000000
vt 0.000000 1.089996 0.000000
vt 1.000000 1.038091 0.000000
vt 0.000000 1.038091 0.000000
vt 1.000000 0.986187 0.000000
vt 0.000000 0.986187 0.000000
vt 1.000000 0.934282 0.000000
vt 0.000000 0.934282 0.000000
vt 1.000000 0.882378 0.000000
vt 0.000000 0.882378 0.000000
vt 1.000000 0.830473 0.000000
vt 0.000000 0.830473 0.000000
vt 1.000000 0.778569 0.000000
vt 0.000000 0.778569 0.000000
vt 1.000000 0.726664 0.000000
vt 0.000000 0.726664 0.000000
vt 1.000000 0.674759 0.000000
vt 0.000000 0.674759 0.000000
vt 1.000000 0.622855 0.000000
vt 0.000000 0.622855 0.000000
vt 1.000000 0.570950 0.000000
vt 0.000000 0.570950 0.000000
vt 1.000000 0.519046 0.000000
vt 0.000000 0.519046 0.000000
vt 1.000000 0.467141 0.000000
vt 0.000000 0.467141 0.000000
vt 1.000000 0.415237 0.000000
vt 0.000000 0.415237 0.000000
vt 1.000000 0.363332 0.000000
vt 0.000000 0.363332 0.000000
vt 1.000000 0.311427 0.000000
vt 0.000000 0.311427 0.000000
vt 1.000000 0.259523 0.000000
vt 0.000000 0.259523 0.000000
vt 1.000000 0.207618 0.000000
vt 0.000000 0.207618 0.000000
vt 1.000000 0.155714 0.000000
vt 0.000000 0.155714 0.000000
vt 1.000000 0.103809 0.000000
vt 0.000000 0.103809 0.000000
vt 1.000000 0.051905 0.000000
vt 0.000000 0.051905 0.000000
vt 1.000000 0.000000 0.000000
vt 0.000000 0.000000 0.000000
vt 1.000000 -0.051905 0.000000
vt 0.000000 -0.051905 0.000000
vt 1.000000 -0.103809 0.000000
vt 0.000000 -0.103809 0.000000
vt 1.000000 -0.155714 0.000000
vt 0.000000 -0.155714 0.000000
vt 1.000000 -0.207618 0.000000
vt 0.000000 -0.207618 0.000000
vt 1.000000 -0.259523 0.000000
vt 0.000000 -0.259523 0.000000
vt 1.000000 -0.311427 0.000000
vt 0.000000 -0.311427 0.000000
vt 1.000000 -0.363332 0.000000
vt 0.000000 -0.363332 0.000000
vt 1.000000 -0.415237 0.000000
vt 0.000000 -0.415237 0.000000
vt 1.000000 -0.467141 0.000000
vt 0.000000 -0.467141 0.000000
vt 1.000000 -0.519046 0.000000
vt 0.000000 -0.519046 0.000000
vt 1.000000 -0.570950 0.000000
vt 0.000000 -0.570950 0.000000
vt 1.000000 -0.622855 0.000000
vt 0.000000 -0.622855 0.000000
vt 1.000000 -0.674759 0.000000
vt 0.000000 -0.674759 0.000000
vt 1.000000 -0.726664 0.000000
vt 0.000000 -0.726664 0.000000
vt 1.000000 -0.778569 0.000000
vt 0.000000 -0.778569 0.000000
vt 1.000000 -0.830473 0.000000
vt 0.000000 -0.830473 0.000000
vt 1.000000 -0.882378 0.000000
vt 0.000000 -0.882378 0.000000
vt 1.000000 -0.934282 0.000000
vt 0.000000 -0.934282 0.000000
vt 1.000000 -0.986187 0.000000
vt 0.000000 -0.986187 0.000000
vt 1.000000 -1.038091 0.000000
vt 0.000000 -1.038091 0.000000
vt 1.000000 -1.089996 0.000000
vt 0.000000 -1.089996 0.000000
vt 17.380184 0.504400 0.000000
vt 17.880184 0.504400 0.000000
vt 17.380184 0.534071 0.000000
vt 17.880184 0.534071 0.000000
vt 17.380184 -0.534071 0.000000
vt 17.880184 -0.534071 0.000000
vt 17.380184 -0.504400 0.000000
vt 17.880184 -0.504400 0.000000
vt 17.380184 -0.474730 0.000000
vt 17.880184 -0.474730 0.000000
vt 17.380184 -0.445059 0.000000
vt 17.880184 -0.445059 0.000000
vt 17.380184 -0.415388 0.000000
vt 17.880184 -0.415388 0.000000
vt 17.380184 -0.385718 0.000000
vt 17.880184 -0.385718 0.000000
vt 17.380184 -0.356047 0.000000
vt 17.880184 -0.356047 0.000000
vt 17.380184 -0.326377 0.000000
vt 17.880184 -0.326377 0.000000
vt 17.380184 -0.296706 0.000000
vt 17.880184 -0.296706 0.000000
vt 17.380184 -0.267035 0.000000
vt 17.880184 -0.267035 0.000000
vt 17.380184 -0.237365 0.000000
vt 17.880184 -0.237365 0.000000
vt 17.380184 -0.207694 0.000000
vt 17.880184 -0.207694 0.000000
vt 17.380184 -0.178024 0.000000
vt 17.880184 -0.178024 0.000000
vt 17.380184 -0.148353 0.000000
vt 17.880184 -0.148353 0.000000
vt 17.380184 -0.118682 0.000000
vt 17.880184 -0.118682 0.000000
vt 17.380184 -0.089012 0.000000
vt 17.880184 -0.089012 0.000000
vt 17.380184 -0.059341 0.000000
vt 17.880184 -0.059341 0.000000
vt 17.380184 -0.029671 0.000000
vt 17.880184 -0.029671 0.000000
vt 17.380184 0.000000 0.000000
vt 17.880184 0.000000 0.000000
vt 17.380184 0.029671 0.000000
vt 17.880184 0.029671 0.000000
vt 17.380184 0.059341 0.000000
vt 17.880184 0.059341 0.000000
vt 17.380184 0.089012 0.000000
vt 17.880184 0.089012 0.000000
vt 17.380184 0.118682 0.000000
vt 17.880184 0.118682 0.000000
vt 17.380184 0.148353 0.000000
vt 17.880184 0.148353 0.000000
vt 17.380184 0.178024 0.000000
vt 17.880184 0.178024 0.000000
vt 17.380184 0.207694 0.000000
vt 17.880184 0.207694 0.000000
vt 17.380184 0.237365 0.000000
vt 17.880184 0.237365 0.000000
vt 17.380184 0.267035 0.000000
vt 17.880184 0.267035 0.000000
vt 17.380184 0.296706 0.000000
vt 17.880184 0.296706 0.000000
vt 17.380184 0.326377 0.000000
vt 17.880184 0.326377 0.000000
vt 17.380184 0.356047 0.000000
vt 17.880184 0.356047 0.000000
vt 17.380184 0.385718 0.000000
vt 17.880184 0.385718 0.000000
vt 17.380184 0.415388 0.000000
vt 17.880184 0.415388 0.000000
vt 17.380184 0.445059 0.000000
vt 17.880184 0.445059 0.000000
vt 17.380184 0.474730 0.000000
vt 17.880184 0.474730 0.000000
vt 18.380184 -0.237365 0.000000
vt 18.380184 -0.267035 0.000000
vt 18.380184 -0.296706 0.000000
vt 18.380184 -0.326377 0.000000
vt 18.380184 -0.356047 0.000000
vt 18.380184 -0.385718 0.000000
vt 18.380184 -0.415388 0.000000
vt 18.380184 -0.445059 0.000000
vt 18.380184 -0.474730 0.000000
vt 18.380184 -0.504400 0.000000
vt 18.380184 -0.534071 0.000000
vt 18.380184 0.534071 0.000000
vt 18.380184 0.504400 0.000000
vt 18.380184 0.474730 0.000000
vt 18.380184 0.445059 0.000000
vt 18.380184 0.415388 0.000000
vt 18.380184 0.385718 0.000000
vt 18.380184 0.356047 0.000000
vt 18.380184 0.326377 0.000000
vt 18.380184 0.296706 0.000000
vt 18.380184 0.267035 0.000000
vt 18.380184 0.237365 0.000000
vt 18.380184 0.207694 0.000000
vt 18.380184 0.178024 0.000000
vt 18.380184 0.148353 0.000000
vt 18.380184 0.118682 0.000000
vt 18.380184 0.089012 0.000000
vt 18.380184 0.059341 0.000000
vt 18.380184 0.029671 0.000000
vt 18.380184 0.000000 0.000000
vt 18.380184 -0.029671 0.000000
vt 18.380184 -0.059341 0.000000
vt 18.380184 -0.089012 0.000000
vt 18.380184 -0.118682 0.000000
vt 18.380184 -0.148353 0.000000
vt 18.380184 -0.178024 0.000000
vt 18.380184 -0.207694 0.000000
vt 17.380184 0.504400 0.000000
vt 17.880184 0.504400 0.000000
vt 17.380184 0.534071 0.000000
vt 17.880184 0.534071 0.000000
vt 17.380184 -0.534071 0.000000
vt 17.880184 -0.534071 0.000000
vt 17.380184 -0.504400 0.000000
vt 17.880184 -0.504400 0.000000
vt 17.380184 -0.474730 0.000000
vt 17.880184 -0.474730 0.000000
vt 17.380184 -0.445059 0.000000
vt 17.880184 -0.445059 0.000000
vt 17.380184 -0.415388 0.000000
vt 17.880184 -0.415388 0.000000
vt 17.380184 -0.385718 0.000000
vt 17.880184 -0.385718 0.000000
vt 17.380184 -0.356047 0.000000
vt 17.880184 -0.356047 0.000000
vt 17.380184 -0.326377 0.000000
vt 17.880184 -0.326377 0.000000
vt 17.380184 -0.296706 0.000000
vt 17.880184 -0.296706 0.000000
vt 17.380184 -0.267035 0.000000
vt 17.880184 -0.267035 0.000000
vt 17.380184 -0.237365 0.000000
vt 17.880184 -0.237365 0.000000
vt 17.380184 -0.207694 0.000000
vt 17.880184 -0.207694 0.000000
vt 17.380184 -0.178024 0.000000
vt 17.880184 -0.178024 0.000000
vt 17.380184 -0.148353 0.000000
vt 17.880184 -0.148353 0.000000
vt 17.380184 -0.118682 0.000000
vt 17.880184 -0.118682 0.000000
vt 17.380184 -0.089012 0.000000
vt 17.880184 -0.089012 0.000000
vt 17.380184 -0.059341 0.000000
vt 17.880184 -0.059341 0.000000
vt 17.380184 -0.029671 0.000000
vt 17.880184 -0.029671 0.000000
vt 17.380184 -0.000000 0.000000
vt 17.880184 -0.000000 0.000000
vt 17.380184 0.029671 0.000000
vt 17.880184 0.029671 0.000000
vt 17.380184 0.059341 0.000000
vt 17.880184 0.059341 0.000000
vt 17.380184 0.089012 0.000000
vt 17.880184 0.089012 0.000000
vt 17.380184 0.118682 0.000000
vt 17.880184 0.118682 0.000000
vt 17.380184 0.148353 0.000000
vt 17.880184 0.148353 0.000000
vt 17.380184 0.178024 0.000000
vt 17.880184 0.178024 0.000000
vt 17.380184 0.207694 0.000000
vt 17.880184 0.207694 0.000000
vt 17.380184 0.237365 0.000000
vt 17.880184 0.237365 0.000000
vt 17.380184 0.267035 0.000000
vt 17.880184 0.267035 0.000000
vt 17.380184 0.296706 0.000000
vt 17.880184 0.296706 0.000000
vt 17.380184 0.326377 0.000000
vt 17.880184 0.326377 0.000000
vt 17.380184 0.356047 0.000000
vt 17.880184 0.356047 0.000000
vt 17.380184 0.385718 0.000000
vt 17.880184 0.385718 0.000000
vt 17.380184 0.415388 0.000000
vt 17.880184 0.415388 0.000000
vt 17.380184 0.445059 0.000000
vt 17.880184 0.445059 0.000000
vt 17.380184 0.474730 0.000000
vt 17.880184 0.474730 0.000000
vt 18.380184 0.029671 0.000000
vt 18.380184 -0.000000 0.000000
vt 18.380184 -0.029671 0.000000
vt 18.380184 -0.059341 0.000000
vt 18.380184 -0.089012 0.000000
vt 18.380184 -0.118682 0.000000
vt 18.380184 -0.148353 0.000000
vt 18.380184 -0.178024 0.000000
vt 18.380184 -0.207694 0.000000
vt 18.380184 -0.237365 0.000000
vt 18.380184 -0.267035 0.000000
vt 18.380184 -0.296706 0.000000
vt 18.380184 -0.326377 0.000000
vt 18.380184 -0.356047 0.000000
vt 18.380184 -0.385718 0.000000
vt 18.380184 -0.415388 0.000000
vt 18.380184 -0.445059 0.000000
vt 18.380184 -0.474730 0.000000
vt 18.380184 -0.504400 0.000000
vt 18.380184 -0.534071 0.000000
vt 18.380184 0.534071 0.000000
vt 18.380184 0.504400 0.000000
vt 18.380184 0.474730 0.000000
vt 18.380184 0.445059 0.000000
vt 18.380184 0.415388 0.000000
vt 18.380184 0.385718 0.000000
vt 18.380184 0.356047 0.000000
vt 18.380184 0.326377 0.000000
vt 18.380184 0.296706 0.000000
vt 18.380184 0.267035 0.000000
vt 18.380184 0.237365 0.000000
vt 18.380184 0.207694 0.000000
vt 18.380184 0.178024 0.000000
vt 18.380184 0.148353 0.000000
vt 18.380184 0.118682 0.000000
vt 18.380184 0.089012 0.000000
vt 18.380184 0.059341 0.000000
vt 17.380184 0.504400 0.000000
vt 17.880184 0.504400 0.000000
vt 17.380184 0.534071 0.000000
vt 17.880184 0.534071 0.000000
vt 17.380184 -0.534071 0.000000
vt 17.880184 -0.534071 0.000000
vt 17.380184 -0.504400 0.000000
vt 17.880184 -0.504400 0.000000
vt 17.380184 -0.474730 0.000000
vt 17.880184 -0.474730 0.000000
vt 17.380184 -0.445059 0.000000
vt 17.880184 -0.445059 0.000000
vt 17.380184 -0.415388 0.000000
vt 17.880184 -0.415388 0.000000
vt 17.380184 -0.385718 0.000000
vt 17.880184 -0.385718 0.000000
vt 17.380184 -0.356047 0.000000
vt 17.880184 -0.356047 0.000000
vt 17.380184 -0.326377 0.000000
vt 17.880184 -0.326377 0.000000
vt 17.380184 -0.296706 0.000000
vt 17.880184 -0.296706 0.000000
vt 17.380184 -0.267035 0.000000
vt 17.880184 -0.267035 0.000000
vt 17.380184 -0.237365 0.000000
vt 17.880184 -0.237365 0.000000
vt 17.380184 -0.207694 0.000000
vt 17.880184 -0.207694 0.000000
vt 17.380184 -0.178024 0.000000
vt 17.880184 -0.178024 0.000000
vt 17.380184 -0.148353 0.000000
vt 17.880184 -0.148353 0.000000
vt 17.380184 -0.118682 0.000000
vt 17.880184 -0.118682 0.000000
vt 17.380184 -0.089012 0.000000
vt 17.880184 -0.089012 0.000000
vt 17.380184 -0.059341 0.000000
vt 17.880184 -0.059341 0.000000
vt 17.380184 -0.029671 0.000000
vt 17.880184 -0.029671 0.000000
vt 17.380184 -0.000000 0.000000
vt 17.880184 -0.000000 0.000000
vt 17.380184 0.029671 0.000000
vt 17.880184 0.029671 0.000000
vt 17.380184 0.059341 0.000000
vt 17.880184 0.059341 0.000000
vt 17.380184 0.089012 0.000000
vt 17.880184 0.089012 0.000000
vt 17.380184 0.118682 0.000000
vt 17.880184 0.118682 0.000000
vt 17.380184 0.148353 0.000000
vt 17.880184 0.148353 0.000000
vt 17.380184 0.178024 0.000000
vt 17.880184 0.178024 0.000000
vt 17.380184 0.207694 0.000000
vt 17.880184 0.207694 0.000000
vt 17.380184 0.237365 0.000000
vt 17.880184 0.237365 0.000000
vt 17.380184 0.267035 0.000000
vt 17.880184 0.267035 0.000000
vt 17.380184 0.296706 0.000000
vt 17.880184 0.296706 0.000000
vt 17.380184 0.326377 0.000000
vt 17.880184 0.326377 0.000000
vt 17.380184 0.356047 0.000000
vt 17.880184 0.356047 0.000000
vt 17.380184 0.385718 0.000000
vt 17.880184 0.385718 0.000000
vt 17.380184 0.415388 0.000000
vt 17.880184 0.415388 0.000000
vt 17.380184 0.445059 0.000000
vt 17.880184 0.445059 0.000000
vt 17.380184 0.474730 0.000000
vt 17.880184 0.474730 0.000000
vt 18.380184 0.029671 0.000000
vt 18.380184 -0.000000 0.000000
vt 18.380184 -0.029671 0.000000
vt 18.380184 -0.059341 0.000000
vt 18.380184 -0.089012 0.000000
vt 18.380184 -0.118682 0.000000
vt 18.380184 -0.148353 0.000000
vt 18.380184 -0.178024 0.000000
vt 18.380184 -0.207694 0.000000
vt 18.380184 -0.237365 0.000000
vt 18.380184 -0.267035 0.000000
vt 18.380184 -0.296706 0.000000
vt 18.380184 -0.326377 0.000000
vt 18.380184 -0.356047 0.000000
vt 18.380184 -0.385718 0.000000
vt 18.380184 -0.415388 0.000000
vt 18.380184 -0.445059 0.000000
vt 18.380184 -0.474730 0.000000
vt 18.380184 -0.504400 0.000000
vt 18.380184 -0.534071 0.000000
vt 18.380184 0.534071 0.000000
vt 18.380184 0.504400 0.000000
vt 18.380184 0.474730 0.000000
vt 18.380184 0.445059 0.000000
vt 18.380184 0.415388 0.000000
vt 18.380184 0.385718 0.000000
vt 18.380184 0.356047 0.000000
vt 18.380184 0.326377 0.000000
vt 18.380184 0.296706 0.000000
vt 18.380184 0.267035 0.000000
vt 18.380184 0.237365 0.000000
vt 18.380184 0.207694 0.000000
vt 18.380184 0.178024 0.000000
vt 18.380184 0.148353 0.000000
vt 18.380184 0.118682 0.000000
vt 18.380184 0.089012 0.000000
vt 18.380184 0.059341 0.000000
vt 17.380184 0.504400 0.000000
vt 17.880184 0.504400 0.000000
vt 17.380184 0.534071 0.000000
vt 17.880184 0.534071 0.000000
vt 17.380184 -0.534071 0.000000
vt 17.880184 -0.534071 0.000000
vt 17.380184 -0.504400 0.000000
vt 17.880184 -0.504400 0.000000
vt 17.380184 -0.474730 0.000000
vt 17.880184 -0.474730 0.000000
vt 17.380184 -0.445059 0.000000
vt 17.880184 -0.445059 0.000000
vt 17.380184 -0.415388 0.000000
vt 17.880184 -0.415388 0.000000
vt 17.380184 -0.385718 0.000000
vt 17.880184 -0.385718 0.000000
vt 17.380184 -0.356047 0.000000
vt 17.880184 -0.356047 0.000000
vt 17.380184 -0.326377 0.000000
vt 17.880184 -0.326377 0.000000
vt 17.380184 -0.296706 0.000000
vt 17.880184 -0.296706 0.000000
vt 17.380184 -0.267035 0.000000
vt 17.880184 -0.267035 0.000000
vt 17.380184 -0.237365 0.000000
vt 17.880184 -0.237365 0.000000
vt 17.380184 -0.207694 0.000000
vt 17.880184 -0.207694 0.000000
vt 17.380184 -0.178024 0.000000
vt 17.880184 -0.178024 0.000000
vt 17.380184 -0.148353 0.000000
vt 17.880184 -0.148353 0.000000
vt 17.380184 -0.118682 0.000000
vt 17.880184 -0.118682 0.000000
vt 17.380184 -0.089012 0.000000
vt 17.880184 -0.089012 0.000000
vt 17.380184 -0.059341 0.000000
vt 17.880184 -0.059341 0.000000
vt 17.380184 -0.029671 0.000000
vt 17.880184 -0.029671 0.000000
vt 17.380184 -0.000000 0.000000
vt 17.880184 -0.000000 0.000000
vt 17.380184 0.029671 0.000000
vt 17.880184 0.029671 0.000000
vt 17.380184 0.059341 0.000000
vt 17.880184 0.059341 0.000000
vt 17.380184 0.089012 0.000000
vt 17.880184 0.089012 0.000000
vt 17.380184 0.118682 0.000000
vt 17.880184 0.118682 0.000000
vt 17.380184 0.148353 0.000000
vt 17.880184 0.148353 0.000000
vt 17.380184 0.178024 0.000000
vt 17.880184 0.178024 0.000000
vt 17.380184 0.207694 0.000000
vt 17.880184 0.207694 0.000000
vt 17.380184 0.237365 0.000000
vt 17.880184 0.237365 0.000000
vt 17.380184 0.267035 0.000000
vt 17.880184 0.267035 0.000000
vt 17.380184 0.296706 0.000000
vt 17.880184 0.296706 0.000000
vt 17.380184 0.326377 0.000000
vt 17.880184 0.326377 0.000000
vt 17.380184 0.356047 0.000000
vt 17.880184 0.356047 0.000000
vt 17.380184 0.385718 0.000000
vt 17.880184 0.385718 0.000000
vt 17.380184 0.415388 0.000000
vt 17.880184 0.415388 0.000000
vt 17.380184 0.445059 0.000000
vt 17.880184 0.445059 0.000000
vt 17.380184 0.474730 0.000000
vt 17.880184 0.474730 0.000000
vt 18.380184 0.029671 0.000000
vt 18.380184 -0.000000 0.000000
vt 18.380184 -0.029671 0.000000
vt 18.380184 -0.059341 0.000000
vt 18.380184 -0.089012 0.000000
vt 18.380184 -0.118682 0.000000
vt 18.380184 -0.148353 0.000000
vt 18.380184 -0.178024 0.000000
vt 18.380184 -0.207694 0.000000
vt 18.380184 -0.237365 0.000000
vt 18.380184 -0.267035 0.000000
vt 18.380184 -0.296706 0.000000
vt 18.380184 -0.326377 0.000000
vt 18.380184 -0.356047 0.000000
vt 18.380184 -0.385718 0.000000
vt 18.380184 -0.415388 0.000000
vt 18.380184 -0.445059 0.000000
vt 18.380184 -0.474730 0.000000
vt 18.380184 -0.504400 0.000000
vt 18.380184 -0.534071 0.000000
vt 18.380184 0.534071 0.000000
vt 18.380184 0.504400 0.000000
vt 18.380184 0.474730 0.000000
vt 18.380184 0.445059 0.000000
vt 18.380184 0.415388 0.000000
vt 18.380184 0.385718 0.000000
vt 18.380184 0.356047 0.000000
vt 18.380184 0.326377 0.000000
vt 18.380184 0.296706 0.000000
vt 18.380184 0.267035 0.000000
vt 18.380184 0.237365 0.000000
vt 18.380184 0.207694 0.000000
vt 18.380184 0.178024 0.000000
vt 18.380184 0.148353 0.000000
vt 18.380184 0.118682 0.000000
vt 18.380184 0.089012 0.000000
vt 18.380184 0.059341 0.000000
vt 0.600000 1.000000 0.000000
vt 0.652210 0.996578 0.000000
vt 1.000000 1.000000 0.000000
vt 0.703528 0.986370 0.000000
vt 0.753073 0.969552 0.000000
vt 0.800000 0.946410 0.000000
vt 0.843505 0.917341 0.000000
vt 0.882843 0.882843 0.000000
vt 0.917341 0.843505 0.000000
vt 0.946410 0.800000 0.000000
vt 0.969552 0.753073 0.000000
vt 0.986370 0.703528 0.000000
vt 0.996578 0.652210 0.000000
vt 1.000000 0.600000 0.000000
vt 1.000000 0.400000 0.000000
vt 0.996578 0.347790 0.000000
vt 1.000000 0.000000 0.000000
vt 0.986370 0.296472 0.000000
vt 0.969552 0.246927 0.000000
vt 0.946410 0.200000 0.000000
vt 0.917341 0.156495 0.000000
vt 0.882843 0.117157 0.000000
vt 0.843505 0.082659 0.000000
vt 0.800000 0.053590 0.000000
vt 0.753073 0.030448 0.000000
vt 0.703528 0.013630 0.000000
vt 0.652210 0.003422 0.000000
vt 0.600000 0.000000 0.000000
vt 0.400000 0.000000 0.000000
vt 0.347790 0.003422 0.000000
vt 0.000000 0.000000 0.000000
vt 0.296472 0.013630 0.000000
vt 0.246927 0.030448 0.000000
vt 0.200000 0.053590 0.000000
vt 0.156495 0.082659 0.000000
vt 0.117157 0.117157 0.000000
vt 0.082659 0.156495 0.000000
vt 0.053590 0.200000 0.000000
vt 0.030448 0.246927 0.000000
vt 0.013630 0.296472 0.000000
vt 0.003422 0.347790 0.000000
vt 0.000000 0.400000 0.000000
vt 0.000000 0.600000 0.000000
vt 0.003422 0.652210 0.000000
vt 0.000000 1.000000 0.000000
vt 0.013630 0.703528 0.000000
vt 0.030448 0.753073 0.000000
vt 0.053590 0.800000 0.000000
vt 0.082659 0.843505 0.000000
vt 0.117157 0.882843 0.000000
vt 0.156495 0.917341 0.000000
vt 0.200000 0.946410 0.000000
vt 0.246927 0.969552 0.000000
vt 0.296472 0.986370 0.000000
vt 0.347790 0.996578 0.000000
vt 0.400000 1.000000 0.000000
vt 0.400000 5.067500 0.000000
vt 0.600000 5.067500 0.000000
vt 0.400000 7.300500 0.000000
vt 0.600000 7.300500 0.000000
vt -12.450000 0.261799 0.000000
vt -11.701057 0.261799 0.000000
vt -12.450000 0.314159 0.000000
vt -10.995117 0.295990 0.000000
vt -10.952114 0.314159 0.000000
vt -11.701057 0.209440 0.000000
vt -12.450000 0.209440 0.000000
vt -11.701057 0.157080 0.000000
vt -12.450000 0.157080 0.000000
vt -11.701057 0.104720 0.000000
vt -12.450000 0.104720 0.000000
vt -11.701057 0.052360 0.000000
vt -12.450000 0.052360 0.000000
vt -11.701057 -0.000000 0.000000
vt -12.450000 -0.000000 0.000000
vt -11.701057 -0.052360 0.000000
vt -12.450000 -0.052360 0.000000
vt -11.701057 -0.104720 0.000000
vt -12.450000 -0.104720 0.000000
vt -11.701057 -0.157080 0.000000
vt -12.450000 -0.157080 0.000000
vt -11.701057 -0.209440 0.000000
vt -12.450000 -0.209440 0.000000
vt -11.701057 -0.261799 0.000000
vt -12.450000 -0.261799 0.000000
vt -12.450000 -0.314159 0.000000
vt -11.233500 -0.314159 0.000000
vt -11.233546 -0.268504 0.000000
vt -11.233444 -0.221785 0.000000
vt -11.232834 -0.174539 0.000000
vt -11.231323 -0.127225 0.000000
vt -11.228227 -0.080223 0.000000
vt -11.222903 -0.034022 0.000000
vt -11.214736 0.010790 0.000000
vt -11.202554 0.055670 0.000000
vt -11.194570 0.078411 0.000000
vt -11.185264 0.100842 0.000000
vt -11.162950 0.143450 0.000000
vt -11.137066 0.181283 0.000000
vt -11.107174 0.215327 0.000000
vt -11.073210 0.246100 0.000000
vt -11.035688 0.273169 0.000000
vt 0.999587 0.193203 0.000000
vt 0.000000 0.146498 0.000000
vt 1.000000 0.146498 0.000000
vt 0.000000 0.097665 0.000000
vt 1.000000 0.097665 0.000000
vt 0.000000 0.048833 0.000000
vt 1.000000 0.048833 0.000000
vt 1.000000 -0.000000 0.000000
vt 0.000000 -0.000000 0.000000
vt 1.000000 -0.048833 0.000000
vt 0.000000 -0.048833 0.000000
vt 0.000000 -0.097665 0.000000
vt 0.000413 0.193203 0.000000
vt 0.997885 0.239746 0.000000
vt 0.002115 0.239746 0.000000
vt 0.994187 0.285898 0.000000
vt 0.005813 0.285898 0.000000
vt 0.012176 0.331316 0.000000
vt 0.987824 0.331316 0.000000
vt 0.978129 0.375590 0.000000
vt 0.021871 0.375590 0.000000
vt 0.964102 0.419239 0.000000
vt 0.035898 0.419239 0.000000
vt 0.944453 0.463141 0.000000
vt 0.055547 0.463141 0.000000
vt 0.067499 0.484280 0.000000
vt 0.932501 0.484280 0.000000
vt 0.919312 0.504449 0.000000
vt 0.890368 0.540829 0.000000
vt 0.109632 0.540829 0.000000
vt 0.080688 0.504449 0.000000
vt 0.857735 0.572575 0.000000
vt 0.142265 0.572575 0.000000
vt 0.179240 0.600729 0.000000
vt 0.820760 0.600729 0.000000
vt 0.780192 0.624598 0.000000
vt 0.736792 0.643427 0.000000
vt 0.263208 0.643427 0.000000
vt 0.219808 0.624598 0.000000
vt 0.308471 0.656856 0.000000
vt 0.691529 0.656856 0.000000
vt 0.354453 0.664906 0.000000
vt 0.645547 0.664906 0.000000
vt 0.400000 0.667588 0.000000
vt 0.600000 0.667588 0.000000
vt 1.000000 -0.097665 0.000000
vt 0.000000 -0.146498 0.000000
vt 1.000000 -0.146498 0.000000
vt 0.000413 -0.193203 0.000000
vt 0.999587 -0.193203 0.000000
vt 0.002115 -0.239746 0.000000
vt 0.997885 -0.239746 0.000000
vt 0.005813 -0.285898 0.000000
vt 0.994187 -0.285898 0.000000
vt 0.987824 -0.331316 0.000000
vt 0.012176 -0.331316 0.000000
vt 0.021871 -0.375590 0.000000
vt 0.978129 -0.375590 0.000000
vt 0.035898 -0.419239 0.000000
vt 0.964102 -0.419239 0.000000
vt 0.055547 -0.463141 0.000000
vt 0.944453 -0.463141 0.000000
vt 0.932501 -0.484280 0.000000
vt 0.067499 -0.484280 0.000000
vt 0.080688 -0.504449 0.000000
vt 0.109632 -0.540829 0.000000
vt 0.890368 -0.540829 0.000000
vt 0.919312 -0.504449 0.000000
vt 0.142265 -0.572575 0.000000
vt 0.857735 -0.572575 0.000000
vt 0.820760 -0.600729 0.000000
vt 0.179240 -0.600729 0.000000
vt 0.219808 -0.624598 0.000000
vt 0.263208 -0.643427 0.000000
vt 0.736792 -0.643427 0.000000
vt 0.780192 -0.624598 0.000000
vt 0.691529 -0.656856 0.000000
vt 0.308471 -0.656856 0.000000
vt 0.645547 -0.664906 0.000000
vt 0.354453 -0.664906 0.000000
vt 0.600000 -0.667588 0.000000
vt 0.400000 -0.667588 0.000000
vt -7.300500 -0.314159 0.000000
vt -5.067500 -0.314159 0.000000
vt -7.300454 -0.268504 0.000000
vt -6.649962 -0.261799 0.000000
vt -7.300556 -0.221785 0.000000
vt -6.649962 -0.209440 0.000000
vt -7.301166 -0.174539 0.000000
vt -6.649962 -0.157080 0.000000
vt -7.302677 -0.127225 0.000000
vt -6.649962 -0.104720 0.000000
vt -7.305773 -0.080223 0.000000
vt -6.649962 -0.052360 0.000000
vt -7.311097 -0.034022 0.000000
vt -6.649962 0.000000 0.000000
vt -7.319264 0.010790 0.000000
vt -6.649962 0.052360 0.000000
vt -7.331446 0.055670 0.000000
vt -7.339430 0.078411 0.000000
vt -6.649962 0.104720 0.000000
vt -7.348736 0.100842 0.000000
vt -7.371050 0.143450 0.000000
vt -6.649962 0.157080 0.000000
vt -7.396934 0.181283 0.000000
vt -6.649962 0.209440 0.000000
vt -7.426826 0.215327 0.000000
vt -7.460790 0.246100 0.000000
vt -6.649962 0.261799 0.000000
vt -7.498312 0.273169 0.000000
vt -7.538883 0.295990 0.000000
vt -7.581886 0.314159 0.000000
vt -5.718038 0.261799 0.000000
vt -4.829117 0.295990 0.000000
vt -4.869688 0.273169 0.000000
vt -4.907210 0.246100 0.000000
vt -5.718038 0.209440 0.000000
vt -4.941174 0.215327 0.000000
vt -4.971066 0.181283 0.000000
vt -5.718038 0.157080 0.000000
vt -4.996950 0.143450 0.000000
vt -5.718038 0.104720 0.000000
vt -5.019264 0.100842 0.000000
vt -5.028570 0.078411 0.000000
vt -5.718038 0.052360 0.000000
vt -5.036554 0.055670 0.000000
vt -5.048736 0.010790 0.000000
vt -5.718038 0.000000 0.000000
vt -5.056903 -0.034022 0.000000
vt -5.718038 -0.052360 0.000000
vt -5.062227 -0.080223 0.000000
vt -5.718038 -0.104720 0.000000
vt -5.065323 -0.127225 0.000000
vt -5.718038 -0.157080 0.000000
vt -5.066834 -0.174539 0.000000
vt -5.718038 -0.209440 0.000000
vt -5.067444 -0.221785 0.000000
vt -5.718038 -0.261799 0.000000
vt -5.067546 -0.268504 0.000000
vt -4.786114 0.314159 0.000000
vt 0.999587 0.193203 0.000000
vt 0.000000 0.146498 0.000000
vt 1.000000 0.146498 0.000000
vt 0.000000 0.097665 0.000000
vt 1.000000 0.097665 0.000000
vt 0.000000 0.048833 0.000000
vt 1.000000 0.048833 0.000000
vt 1.000000 -0.000000 0.000000
vt 0.000000 -0.000000 0.000000
vt 1.000000 -0.048833 0.000000
vt 0.000000 -0.048833 0.000000
vt 0.000000 -0.097665 0.000000
vt 0.000413 0.193203 0.000000
vt 0.997885 0.239746 0.000000
vt 0.002115 0.239746 0.000000
vt 0.994187 0.285898 0.000000
vt 0.005813 0.285898 0.000000
vt 0.012176 0.331316 0.000000
vt 0.987824 0.331316 0.000000
vt 0.978129 0.375590 0.000000
vt 0.021871 0.375590 0.000000
vt 0.964102 0.419239 0.000000
vt 0.035898 0.419239 0.000000
vt 0.944453 0.463141 0.000000
vt 0.055547 0.463141 0.000000
vt 0.067499 0.484280 0.000000
vt 0.932501 0.484280 0.000000
vt 0.919312 0.504449 0.000000
vt 0.890368 0.540829 0.000000
vt 0.109632 0.540829 0.000000
vt 0.080688 0.504449 0.000000
vt 0.857735 0.572575 0.000000
vt 0.142265 0.572575 0.000000
vt 0.179240 0.600729 0.000000
vt 0.820760 0.600729 0.000000
vt 0.780192 0.624598 0.000000
vt 0.736792 0.643427 0.000000
vt 0.263208 0.643427 0.000000
vt 0.219808 0.624598 0.000000
vt 0.308471 0.656856 0.000000
vt 0.691529 0.656856 0.000000
vt 0.354453 0.664906 0.000000
vt 0.645547 0.664906 0.000000
vt 0.400000 0.667588 0.000000
vt 0.600000 0.667588 0.000000
vt 1.000000 -0.097665 0.000000
vt 0.000000 -0.146498 0.000000
vt 1.000000 -0.146498 0.000000
vt 0.000413 -0.193203 0.000000
vt 0.999587 -0.193203 0.000000
vt 0.002115 -0.239746 0.000000
vt 0.997885 -0.239746 0.000000
vt 0.005813 -0.285898 0.000000
vt 0.994187 -0.285898 0.000000
vt 0.987824 -0.331316 0.000000
vt 0.012176 -0.331316 0.000000
vt 0.021871 -0.375590 0.000000
vt 0.978129 -0.375590 0.000000
vt 0.035898 -0.419239 0.000000
vt 0.964102 -0.419239 0.000000
vt 0.055547 -0.463141 0.000000
vt 0.944453 -0.463141 0.000000
vt 0.932501 -0.484280 0.000000
vt 0.067499 -0.484280 0.000000
vt 0.080688 -0.504449 0.000000
vt 0.109632 -0.540829 0.000000
vt 0.890368 -0.540829 0.000000
vt 0.919312 -0.504449 0.000000
vt 0.142265 -0.572575 0.000000
vt 0.857735 -0.572575 0.000000
vt 0.820760 -0.600729 0.000000
vt 0.179240 -0.600729 0.000000
vt 0.219808 -0.624598 0.000000
vt 0.263208 -0.643427 0.000000
vt 0.736792 -0.643427 0.000000
vt 0.780192 -0.624598 0.000000
vt 0.691529 -0.656856 0.000000
vt 0.308471 -0.656856 0.000000
vt 0.645547 -0.664906 0.000000
vt 0.354453 -0.664906 0.000000
vt 0.600000 -0.667588 0.000000
vt 0.400000 -0.667588 0.000000
vt 0.667417 13.140480 0.000000
vt 1.000000 12.857166 0.000000
vt 0.670000 13.170000 0.000000
vt 0.794770 13.730187 0.000000
vt 0.759370 13.692282 0.000000
vt 0.659748 13.111857 0.000000
vt 0.647224 13.085000 0.000000
vt 0.630228 13.060726 0.000000
vt 0.609274 13.039772 0.000000
vt 0.585000 13.022776 0.000000
vt 0.558143 13.010252 0.000000
vt 0.529520 13.002583 0.000000
vt 0.500000 13.000000 0.000000
vt 0.600000 12.450000 0.000000
vt 0.400000 12.450000 0.000000
vt 0.413828 10.905308 0.000000
vt 0.400000 10.952114 0.000000
vt 0.470480 13.002583 0.000000
vt 0.441857 13.010252 0.000000
vt 0.415000 13.022776 0.000000
vt 0.390726 13.039772 0.000000
vt 0.369772 13.060726 0.000000
vt 0.352776 13.085000 0.000000
vt 0.340252 13.111857 0.000000
vt 0.332583 13.140480 0.000000
vt -0.000000 12.450000 0.000000
vt 0.330000 13.170000 0.000000
vt -0.000000 12.857166 0.000000
vt 0.205230 13.730187 0.000000
vt 0.175321 13.772558 0.000000
vt 0.332583 13.199520 0.000000
vt 0.280861 13.659551 0.000000
vt 0.240630 13.692282 0.000000
vt 0.325175 13.632604 0.000000
vt 0.340252 13.228143 0.000000
vt 0.352776 13.255000 0.000000
vt 0.372746 13.611941 0.000000
vt 0.369772 13.279274 0.000000
vt 0.390726 13.300228 0.000000
vt 0.422687 13.597948 0.000000
vt 0.415000 13.317224 0.000000
vt 0.441857 13.329748 0.000000
vt 0.474068 13.590886 0.000000
vt 0.470480 13.337417 0.000000
vt 0.500000 13.340000 0.000000
vt 0.525932 13.590886 0.000000
vt 0.529520 13.337417 0.000000
vt 0.558143 13.329748 0.000000
vt 0.577313 13.597948 0.000000
vt 0.585000 13.317224 0.000000
vt 0.609274 13.300228 0.000000
vt 0.627254 13.611941 0.000000
vt 0.630228 13.279274 0.000000
vt 0.647224 13.255000 0.000000
vt 0.674825 13.632604 0.000000
vt 0.659748 13.228143 0.000000
vt 0.667417 13.199520 0.000000
vt 0.719139 13.659551 0.000000
vt -0.329520 13.802583 0.000000
vt -0.300000 13.800000 0.000000
vt -0.270480 13.802583 0.000000
vt -0.241857 13.810252 0.000000
vt -0.215000 13.822776 0.000000
vt -0.190726 13.839772 0.000000
vt -0.169772 13.860726 0.000000
vt -0.152776 13.885000 0.000000
vt 0.151460 13.818608 0.000000
vt -0.140252 13.911857 0.000000
vt 0.134091 13.867477 0.000000
vt -0.132583 13.940480 0.000000
vt 0.123539 13.918257 0.000000
vt -0.130000 13.970000 0.000000
vt 0.120000 13.970000 0.000000
vt -0.043220 14.557292 0.000000
vt 0.004150 14.597800 0.000000
vt 0.026823 14.618743 0.000000
vt 0.046004 14.642925 0.000000
vt 0.123539 14.021743 0.000000
vt 0.061236 14.669771 0.000000
vt 0.072156 14.698640 0.000000
vt 0.134091 14.072523 0.000000
vt 0.078503 14.728846 0.000000
vt 0.151460 14.121392 0.000000
vt 0.106672 14.917285 0.000000
vt 0.128618 14.966152 0.000000
vt 0.175321 14.167442 0.000000
vt 0.156606 15.011828 0.000000
vt 0.205230 14.209813 0.000000
vt 0.190181 15.053570 0.000000
vt 0.240630 14.247718 0.000000
vt 0.228795 15.090699 0.000000
vt 0.280861 14.280449 0.000000
vt 0.271821 15.122611 0.000000
vt 0.330000 14.770000 0.000000
vt 0.332583 14.799520 0.000000
vt -0.358143 13.810252 0.000000
vt -0.385000 13.822776 0.000000
vt -0.637802 13.720421 0.000000
vt -0.409274 13.839772 0.000000
vt -0.430228 13.860726 0.000000
vt -0.447224 13.885000 0.000000
vt -0.459748 13.911857 0.000000
vt -0.467417 13.940480 0.000000
vt -0.470000 13.970000 0.000000
vt -0.548047 14.308929 0.000000
vt -0.590278 14.273543 0.000000
vt -0.501546 14.338482 0.000000
vt -0.467417 13.999520 0.000000
vt -0.459748 14.028143 0.000000
vt -0.451578 14.361694 0.000000
vt -0.447224 14.055000 0.000000
vt -0.430228 14.079274 0.000000
vt -0.409274 14.100228 0.000000
vt -0.399001 14.378165 0.000000
vt -0.385000 14.117224 0.000000
vt -0.358143 14.129748 0.000000
vt -0.344720 14.387612 0.000000
vt -0.329520 14.137417 0.000000
vt -0.289669 14.389873 0.000000
vt -0.300000 14.140000 0.000000
vt -0.270480 14.137417 0.000000
vt -0.258846 14.391497 0.000000
vt -0.241857 14.129748 0.000000
vt -0.228640 14.397844 0.000000
vt -0.215000 14.117224 0.000000
vt -0.199771 14.408764 0.000000
vt -0.190726 14.100228 0.000000
vt -0.172925 14.423996 0.000000
vt -0.169772 14.079274 0.000000
vt -0.148743 14.443177 0.000000
vt -0.152776 14.055000 0.000000
vt -0.140252 14.028143 0.000000
vt -0.127800 14.465850 0.000000
vt -0.132583 13.999520 0.000000
vt -0.087292 14.513220 0.000000
vt 0.318559 15.148787 0.000000
vt 0.340252 14.828143 0.000000
vt 0.352776 14.855000 0.000000
vt 0.368249 15.168800 0.000000
vt 0.369772 14.879274 0.000000
vt 0.390726 14.900228 0.000000
vt 0.420082 15.182327 0.000000
vt 0.415000 14.917224 0.000000
vt 0.441857 14.929748 0.000000
vt 0.473216 15.189145 0.000000
vt 0.470480 14.937417 0.000000
vt 0.500000 14.940000 0.000000
vt 0.526784 15.189145 0.000000
vt 0.529520 14.937417 0.000000
vt 0.558143 14.929748 0.000000
vt 0.579918 15.182327 0.000000
vt 0.585000 14.917224 0.000000
vt 0.609274 14.900228 0.000000
vt 0.631751 15.168800 0.000000
vt 0.630228 14.879274 0.000000
vt 0.647224 14.855000 0.000000
vt 0.681441 15.148787 0.000000
vt 0.659748 14.828143 0.000000
vt 0.667417 14.799520 0.000000
vt 0.728179 15.122611 0.000000
vt 0.670000 14.770000 0.000000
vt 0.759370 14.247718 0.000000
vt 0.667417 14.740480 0.000000
vt 0.659748 14.711857 0.000000
vt 0.647224 14.685000 0.000000
vt 0.630228 14.660726 0.000000
vt 0.609274 14.639772 0.000000
vt 0.585000 14.622776 0.000000
vt 0.719139 14.280449 0.000000
vt 0.558143 14.610252 0.000000
vt 0.529520 14.602583 0.000000
vt 0.500000 14.600000 0.000000
vt 0.525932 14.349114 0.000000
vt 0.577313 14.342052 0.000000
vt 0.627254 14.328059 0.000000
vt 0.474068 14.349114 0.000000
vt 0.470480 14.602583 0.000000
vt 0.441857 14.610252 0.000000
vt 0.422687 14.342052 0.000000
vt 0.415000 14.622776 0.000000
vt 0.390726 14.639772 0.000000
vt 0.372746 14.328059 0.000000
vt 0.369772 14.660726 0.000000
vt 0.352776 14.685000 0.000000
vt 0.325175 14.307396 0.000000
vt 0.340252 14.711857 0.000000
vt 0.332583 14.740480 0.000000
vt 1.467417 13.940480 0.000000
vt 1.637802 13.720421 0.000000
vt 1.470000 13.970000 0.000000
vt 1.548047 14.308929 0.000000
vt 1.501546 14.338482 0.000000
vt 1.459748 13.911857 0.000000
vt 1.447224 13.885000 0.000000
vt 1.430228 13.860726 0.000000
vt 1.409274 13.839772 0.000000
vt 1.385000 13.822776 0.000000
vt 1.358143 13.810252 0.000000
vt 1.329520 13.802583 0.000000
vt 1.300000 13.800000 0.000000
vt 0.824679 13.772558 0.000000
vt 1.270480 13.802583 0.000000
vt 1.241857 13.810252 0.000000
vt 1.215000 13.822776 0.000000
vt 1.190726 13.839772 0.000000
vt 1.169772 13.860726 0.000000
vt 1.152776 13.885000 0.000000
vt 0.848540 13.818608 0.000000
vt 1.140252 13.911857 0.000000
vt 0.865909 13.867477 0.000000
vt 1.132583 13.940480 0.000000
vt 0.876461 13.918257 0.000000
vt 1.130000 13.970000 0.000000
vt 0.880000 13.970000 0.000000
vt 1.043220 14.557292 0.000000
vt 0.995850 14.597800 0.000000
vt 1.087292 14.513220 0.000000
vt 1.132583 13.999520 0.000000
vt 1.127800 14.465850 0.000000
vt 1.140252 14.028143 0.000000
vt 1.148743 14.443177 0.000000
vt 1.152776 14.055000 0.000000
vt 1.169772 14.079274 0.000000
vt 1.172925 14.423996 0.000000
vt 1.190726 14.100228 0.000000
vt 1.199771 14.408764 0.000000
vt 1.215000 14.117224 0.000000
vt 1.228640 14.397844 0.000000
vt 1.241857 14.129748 0.000000
vt 1.258846 14.391497 0.000000
vt 1.270480 14.137417 0.000000
vt 1.289669 14.389873 0.000000
vt 1.300000 14.140000 0.000000
vt 1.329520 14.137417 0.000000
vt 1.344720 14.387612 0.000000
vt 1.358143 14.129748 0.000000
vt 1.399001 14.378165 0.000000
vt 1.385000 14.117224 0.000000
vt 1.409274 14.100228 0.000000
vt 1.451578 14.361694 0.000000
vt 1.430228 14.079274 0.000000
vt 1.447224 14.055000 0.000000
vt 1.459748 14.028143 0.000000
vt 1.467417 13.999520 0.000000
vt 0.674825 14.307396 0.000000
vt 0.794770 14.209813 0.000000
vt 0.809819 15.053570 0.000000
vt 0.771205 15.090699 0.000000
vt 0.824679 14.167442 0.000000
vt 0.953996 14.642925 0.000000
vt 0.938764 14.669771 0.000000
vt 0.927844 14.698640 0.000000
vt 0.973177 14.618743 0.000000
vt 0.848540 14.121392 0.000000
vt 0.865909 14.072523 0.000000
vt 0.876461 14.021743 0.000000
vt 0.600000 4.498886 0.000000
vt 0.400000 4.498886 0.000000
vt 0.600000 1.703114 0.000000
vt 0.400000 1.703114 0.000000
vt 0.586172 1.656308 0.000000
vt 0.413828 1.656308 0.000000
vt 0.577802 1.608225 0.000000
vt 0.422198 1.608225 0.000000
vt 0.575000 1.559500 0.000000
vt 0.425000 1.559500 0.000000
vt 0.577802 1.510775 0.000000
vt 0.422198 1.510775 0.000000
vt 0.586172 1.462692 0.000000
vt 0.413828 1.462692 0.000000
vt 0.600000 -0.250000 0.000000
vt 0.400000 -0.250000 0.000000
vt 0.400000 1.415886 0.000000
vt 0.413828 4.545692 0.000000
vt 0.586172 4.545692 0.000000
vt 0.422198 4.593775 0.000000
vt 0.577802 4.593775 0.000000
vt 0.425000 4.642500 0.000000
vt 0.575000 4.642500 0.000000
vt 0.422198 4.691225 0.000000
vt 0.577802 4.691225 0.000000
vt 0.413828 4.739308 0.000000
vt 0.586172 4.739308 0.000000
vt 0.400000 4.786114 0.000000
vt 0.600000 4.786114 0.000000
vt 0.400000 7.581886 0.000000
vt 0.600000 7.581886 0.000000
vt 0.413828 7.628692 0.000000
vt 0.586172 7.628692 0.000000
vt 0.422198 7.676775 0.000000
vt 0.577802 7.676775 0.000000
vt 0.425000 7.725500 0.000000
vt 0.575000 7.725500 0.000000
vt 0.422198 7.774225 0.000000
vt 0.577802 7.774225 0.000000
vt 0.413828 7.822308 0.000000
vt 0.586172 7.822308 0.000000
vt 0.400000 7.869114 0.000000
vt 0.600000 7.869114 0.000000
vt 0.400000 10.664886 0.000000
vt 0.600000 10.664886 0.000000
vt 0.413828 10.711692 0.000000
vt 0.586172 10.711692 0.000000
vt 0.422198 10.759775 0.000000
vt 0.577802 10.759775 0.000000
vt 0.425000 10.808500 0.000000
vt 0.575000 10.808500 0.000000
vt 0.422198 10.857225 0.000000
vt 0.577802 10.857225 0.000000
vt 0.586172 10.905308 0.000000
vt 0.600000 10.952114 0.000000
vt 1.000000 12.450000 0.000000
vt 1.667565 13.766786 0.000000
vt 1.659115 14.187800 0.000000
vt 1.627515 14.232934 0.000000
vt 1.590278 14.273543 0.000000
vt 1.684535 14.138917 0.000000
vt 1.691003 13.816649 0.000000
vt 1.703337 14.087128 0.000000
vt 1.707713 13.869151 0.000000
vt 1.715199 14.033323 0.000000
vt 1.717406 13.923389 0.000000
vt 1.719915 13.978429 0.000000
vt 0.921497 14.728846 0.000000
vt 0.893328 14.917285 0.000000
vt 0.871382 14.966152 0.000000
vt 0.919873 14.759669 0.000000
vt 0.908876 14.866022 0.000000
vt 0.917773 14.813197 0.000000
vt 0.843394 15.011828 0.000000
vt 0.080127 14.759669 0.000000
vt 0.091124 14.866022 0.000000
vt 0.082227 14.813197 0.000000
vt -0.627515 14.232934 0.000000
vt -0.659115 14.187800 0.000000
vt -0.667565 13.766786 0.000000
vt -0.684535 14.138917 0.000000
vt -0.691003 13.816649 0.000000
vt -0.703337 14.087128 0.000000
vt -0.707713 13.869151 0.000000
vt -0.715199 14.033323 0.000000
vt -0.717406 13.923389 0.000000
vt -0.719915 13.978429 0.000000
vt 0.600000 1.415886 0.000000
vt 0.999587 0.193203 0.000000
vt 0.000000 0.146498 0.000000
vt 1.000000 0.146498 0.000000
vt 0.000000 0.097665 0.000000
vt 1.000000 0.097665 0.000000
vt 0.000000 0.048833 0.000000
vt 1.000000 0.048833 0.000000
vt 1.000000 -0.000000 0.000000
vt 0.000000 -0.000000 0.000000
vt 1.000000 -0.048833 0.000000
vt 0.000000 -0.048833 0.000000
vt 0.000000 -0.097665 0.000000
vt 0.000413 0.193203 0.000000
vt 0.997885 0.239746 0.000000
vt 0.002115 0.239746 0.000000
vt 0.994187 0.285898 0.000000
vt 0.005813 0.285898 0.000000
vt 0.012176 0.331316 0.000000
vt 0.987824 0.331316 0.000000
vt 0.978129 0.375590 0.000000
vt 0.021871 0.375590 0.000000
vt 0.964102 0.419239 0.000000
vt 0.035898 0.419239 0.000000
vt 0.944453 0.463141 0.000000
vt 0.055547 0.463141 0.000000
vt 0.067499 0.484280 0.000000
vt 0.932501 0.484280 0.000000
vt 0.919312 0.504449 0.000000
vt 0.890368 0.540829 0.000000
vt 0.109632 0.540829 0.000000
vt 0.080688 0.504449 0.000000
vt 0.857735 0.572575 0.000000
vt 0.142265 0.572575 0.000000
vt 0.179240 0.600729 0.000000
vt 0.820760 0.600729 0.000000
vt 0.780192 0.624598 0.000000
vt 0.736792 0.643427 0.000000
vt 0.263208 0.643427 0.000000
vt 0.219808 0.624598 0.000000
vt 0.308471 0.656856 0.000000
vt 0.691529 0.656856 0.000000
vt 0.354453 0.664906 0.000000
vt 0.645547 0.664906 0.000000
vt 0.400000 0.667588 0.000000
vt 0.600000 0.667588 0.000000
vt 1.000000 -0.097665 0.000000
vt 0.000000 -0.146498 0.000000
vt 1.000000 -0.146498 0.000000
vt 0.000413 -0.193203 0.000000
vt 0.999587 -0.193203 0.000000
vt 0.002115 -0.239746 0.000000
vt 0.997885 -0.239746 0.000000
vt 0.005813 -0.285898 0.000000
vt 0.994187 -0.285898 0.000000
vt 0.987824 -0.331316 0.000000
vt 0.012176 -0.331316 0.000000
vt 0.021871 -0.375590 0.000000
vt 0.978129 -0.375590 0.000000
vt 0.035898 -0.419239 0.000000
vt 0.964102 -0.419239 0.000000
vt 0.055547 -0.463141 0.000000
vt 0.944453 -0.463141 0.000000
vt 0.932501 -0.484280 0.000000
vt 0.067499 -0.484280 0.000000
vt 0.080688 -0.504449 0.000000
vt 0.109632 -0.540829 0.000000
vt 0.890368 -0.540829 0.000000
vt 0.919312 -0.504449 0.000000
vt 0.142265 -0.572575 0.000000
vt 0.857735 -0.572575 0.000000
vt 0.820760 -0.600729 0.000000
vt 0.179240 -0.600729 0.000000
vt 0.219808 -0.624598 0.000000
vt 0.263208 -0.643427 0.000000
vt 0.736792 -0.643427 0.000000
vt 0.780192 -0.624598 0.000000
vt 0.691529 -0.656856 0.000000
vt 0.308471 -0.656856 0.000000
vt 0.645547 -0.664906 0.000000
vt 0.354453 -0.664906 0.000000
vt 0.600000 -0.667588 0.000000
vt 0.400000 -0.667588 0.000000
vt 0.999587 0.193203 0.000000
vt 0.000000 0.146498 0.000000
vt 1.000000 0.146498 0.000000
vt 0.000000 0.097665 0.000000
vt 1.000000 0.097665 0.000000
vt 0.000000 0.048833 0.000000
vt 1.000000 0.048833 0.000000
vt 1.000000 -0.000000 0.000000
vt 0.000000 -0.000000 0.000000
vt 1.000000 -0.048833 0.000000
vt 0.000000 -0.048833 0.000000
vt 0.000000 -0.097665 0.000000
vt 0.000413 0.193203 0.000000
vt 0.997885 0.239746 0.000000
vt 0.002115 0.239746 0.000000
vt 0.994187 0.285898 0.000000
vt 0.005813 0.285898 0.000000
vt 0.012176 0.331316 0.000000
vt 0.987824 0.331316 0.000000
vt 0.978129 0.375590 0.000000
vt 0.021871 0.375590 0.000000
vt 0.964102 0.419239 0.000000
vt 0.035898 0.419239 0.000000
vt 0.944453 0.463141 0.000000
vt 0.055547 0.463141 0.000000
vt 0.067499 0.484280 0.000000
vt 0.932501 0.484280 0.000000
vt 0.919312 0.504449 0.000000
vt 0.890368 0.540829 0.000000
vt 0.109632 0.540829 0.000000
vt 0.080688 0.504449 0.000000
vt 0.857735 0.572575 0.000000
vt 0.142265 0.572575 0.000000
vt 0.179240 0.600729 0.000000
vt 0.820760 0.600729 0.000000
vt 0.780192 0.624598 0.000000
vt 0.736792 0.643427 0.000000
vt 0.263208 0.643427 0.000000
vt 0.219808 0.624598 0.000000
vt 0.308471 0.656856 0.000000
vt 0.691529 0.656856 0.000000
vt 0.354453 0.664906 0.000000
vt 0.645547 0.664906 0.000000
vt 0.400000 0.667588 0.000000
vt 0.600000 0.667588 0.000000
vt 1.000000 -0.097665 0.000000
vt 0.000000 -0.146498 0.000000
vt 1.000000 -0.146498 0.000000
vt 0.000413 -0.193203 0.000000
vt 0.999587 -0.193203 0.000000
vt 0.002115 -0.239746 0.000000
vt 0.997885 -0.239746 0.000000
vt 0.005813 -0.285898 0.000000
vt 0.994187 -0.285898 0.000000
vt 0.987824 -0.331316 0.000000
vt 0.012176 -0.331316 0.000000
vt 0.021871 -0.375590 0.000000
vt 0.978129 -0.375590 0.000000
vt 0.035898 -0.419239 0.000000
vt 0.964102 -0.419239 0.000000
vt 0.055547 -0.463141 0.000000
vt 0.944453 -0.463141 0.000000
vt 0.932501 -0.484280 0.000000
vt 0.067499 -0.484280 0.000000
vt 0.080688 -0.504449 0.000000
vt 0.109632 -0.540829 0.000000
vt 0.890368 -0.540829 0.000000
vt 0.919312 -0.504449 0.000000
vt 0.142265 -0.572575 0.000000
vt 0.857735 -0.572575 0.000000
vt 0.820760 -0.600729 0.000000
vt 0.179240 -0.600729 0.000000
vt 0.219808 -0.624598 0.000000
vt 0.263208 -0.643427 0.000000
vt 0.736792 -0.643427 0.000000
vt 0.780192 -0.624598 0.000000
vt 0.691529 -0.656856 0.000000
vt 0.308471 -0.656856 0.000000
vt 0.645547 -0.664906 0.000000
vt 0.354453 -0.664906 0.000000
vt 0.600000 -0.667588 0.000000
vt 0.400000 -0.667588 0.000000
vt 0.250000 0.314159 0.000000
vt -1.415886 0.314159 0.000000
vt 0.251926 0.274889 0.000000
vt -0.524364 0.261799 0.000000
vt 0.257686 0.235619 0.000000
vt -0.524364 0.209440 0.000000
vt 0.267224 0.196350 0.000000
vt -0.524364 0.157080 0.000000
vt 0.280448 0.157080 0.000000
vt 0.297231 0.117810 0.000000
vt -0.524364 0.104720 0.000000
vt 0.317412 0.078540 0.000000
vt -0.524364 0.052360 0.000000
vt 0.340796 0.039270 0.000000
vt -0.524364 -0.000000 0.000000
vt 0.367157 -0.000000 0.000000
vt 0.340796 -0.039270 0.000000
vt -0.524364 -0.052360 0.000000
vt 0.317412 -0.078540 0.000000
vt -0.524364 -0.104720 0.000000
vt 0.297231 -0.117810 0.000000
vt -0.524364 -0.157080 0.000000
vt 0.280448 -0.157080 0.000000
vt 0.267224 -0.196350 0.000000
vt -0.524364 -0.209440 0.000000
vt 0.257686 -0.235619 0.000000
vt -0.524364 -0.261799 0.000000
vt 0.251926 -0.274889 0.000000
vt 0.250000 -0.314159 0.000000
vt -1.134454 -0.268504 0.000000
vt -1.134500 -0.314159 0.000000
vt -1.372883 0.295990 0.000000
vt -1.332312 0.273169 0.000000
vt -1.294790 0.246100 0.000000
vt -1.260826 0.215327 0.000000
vt -1.230934 0.181283 0.000000
vt -1.205050 0.143450 0.000000
vt -1.182736 0.100842 0.000000
vt -1.173430 0.078411 0.000000
vt -1.165446 0.055670 0.000000
vt -1.153264 0.010790 0.000000
vt -1.145097 -0.034022 0.000000
vt -1.139773 -0.080223 0.000000
vt -1.136677 -0.127225 0.000000
vt -1.135166 -0.174539 0.000000
vt -1.134556 -0.221785 0.000000
vt 0.152210 -0.496578 0.000000
vt 0.203528 -0.486370 0.000000
vt 0.100000 -0.500000 0.000000
vt 0.253073 -0.469552 0.000000
vt 0.300000 -0.446410 0.000000
vt 0.343505 -0.417341 0.000000
vt 0.382843 -0.382843 0.000000
vt 0.417341 -0.343505 0.000000
vt 0.446410 -0.300000 0.000000
vt 0.469552 -0.253073 0.000000
vt 0.486370 -0.203528 0.000000
vt 0.496578 -0.152210 0.000000
vt 0.500000 -0.100000 0.000000
vt -0.500000 -0.100000 0.000000
vt -0.500000 0.100000 0.000000
vt 0.500000 0.100000 0.000000
vt -0.100000 0.500000 0.000000
vt 0.100000 0.500000 0.000000
vt 0.496578 0.152210 0.000000
vt 0.486370 0.203528 0.000000
vt 0.469552 0.253073 0.000000
vt 0.446410 0.300000 0.000000
vt 0.417341 0.343505 0.000000
vt 0.382843 0.382843 0.000000
vt 0.343505 0.417341 0.000000
vt 0.300000 0.446410 0.000000
vt 0.253073 0.469552 0.000000
vt 0.203528 0.486370 0.000000
vt 0.152210 0.496578 0.000000
vt -0.152210 0.496578 0.000000
vt -0.203528 0.486370 0.000000
vt -0.253073 0.469552 0.000000
vt -0.300000 0.446410 0.000000
vt -0.343505 0.417341 0.000000
vt -0.382843 0.382843 0.000000
vt -0.417341 0.343505 0.000000
vt -0.446410 0.300000 0.000000
vt -0.469552 0.253073 0.000000
vt -0.486370 0.203528 0.000000
vt -0.496578 0.152210 0.000000
vt -0.496578 -0.152210 0.000000
vt -0.253073 -0.469552 0.000000
vt -0.203528 -0.486370 0.000000
vt -0.152210 -0.496578 0.000000
vt -0.486370 -0.203528 0.000000
vt -0.469552 -0.253073 0.000000
vt -0.446410 -0.300000 0.000000
vt -0.417341 -0.343505 0.000000
vt -0.382843 -0.382843 0.000000
vt -0.343505 -0.417341 0.000000
vt -0.300000 -0.446410 0.000000
vt -0.100000 -0.500000 0.000000
vt -12.450000 0.261799 0.000000
vt -11.701057 0.261799 0.000000
vt -12.450000 0.314159 0.000000
vt -11.233546 0.268504 0.000000
vt -11.233500 0.314159 0.000000
vt -11.701057 0.209440 0.000000
vt -12.450000 0.209440 0.000000
vt -11.701057 0.157080 0.000000
vt -12.450000 0.157080 0.000000
vt -11.701057 0.104720 0.000000
vt -12.450000 0.104720 0.000000
vt -11.701057 0.052360 0.000000
vt -12.450000 0.052360 0.000000
vt -11.701057 0.000000 0.000000
vt -12.450000 0.000000 0.000000
vt -11.701057 -0.052360 0.000000
vt -12.450000 -0.052360 0.000000
vt -11.701057 -0.104720 0.000000
vt -12.450000 -0.104720 0.000000
vt -11.701057 -0.157080 0.000000
vt -12.450000 -0.157080 0.000000
vt -11.701057 -0.209440 0.000000
vt -12.450000 -0.209440 0.000000
vt -11.701057 -0.261799 0.000000
vt -12.450000 -0.261799 0.000000
vt -10.995117 -0.295990 0.000000
vt -12.450000 -0.314159 0.000000
vt -10.952114 -0.314159 0.000000
vt -11.035688 -0.273169 0.000000
vt -11.073210 -0.246100 0.000000
vt -11.107174 -0.215327 0.000000
vt -11.137066 -0.181283 0.000000
vt -11.162950 -0.143450 0.000000
vt -11.185264 -0.100842 0.000000
vt -11.194570 -0.078411 0.000000
vt -11.202554 -0.055670 0.000000
vt -11.214736 -0.010790 0.000000
vt -11.222903 0.034022 0.000000
vt -11.228227 0.080223 0.000000
vt -11.231323 0.127225 0.000000
vt -11.232834 0.174539 0.000000
vt -11.233444 0.221785 0.000000
vt 0.400000 11.233500 0.000000
vt 0.600000 11.233500 0.000000
vt 0.400000 12.450000 0.000000
vt 0.600000 12.450000 0.000000
vt -0.000000 12.857166 0.000000
vt 1.000000 12.857166 0.000000
vt 1.000000 12.450000 0.000000
vt -0.000000 12.450000 0.000000
vt -4.786114 -0.314159 0.000000
vt -4.829117 -0.295990 0.000000
vt -7.581886 -0.314159 0.000000
vt -7.538883 -0.295990 0.000000
vt -7.498312 -0.273169 0.000000
vt -6.649962 -0.261799 0.000000
vt -7.460790 -0.246100 0.000000
vt -6.649962 -0.209440 0.000000
vt -7.426826 -0.215327 0.000000
vt -7.396934 -0.181283 0.000000
vt -6.649962 -0.157080 0.000000
vt -7.371050 -0.143450 0.000000
vt -6.649962 -0.104720 0.000000
vt -7.348736 -0.100842 0.000000
vt -7.339430 -0.078411 0.000000
vt -6.649962 -0.052360 0.000000
vt -7.331446 -0.055670 0.000000
vt -7.319264 -0.010790 0.000000
vt -6.649962 0.000000 0.000000
vt -7.311097 0.034022 0.000000
vt -6.649962 0.052360 0.000000
vt -7.305773 0.080223 0.000000
vt -6.649962 0.104720 0.000000
vt -7.302677 0.127225 0.000000
vt -6.649962 0.157080 0.000000
vt -7.301166 0.174539 0.000000
vt -6.649962 0.209440 0.000000
vt -7.300556 0.221785 0.000000
vt -6.649962 0.261799 0.000000
vt -7.300454 0.268504 0.000000
vt -7.300500 0.314159 0.000000
vt -5.718038 0.261799 0.000000
vt -5.067546 0.268504 0.000000
vt -5.067444 0.221785 0.000000
vt -5.718038 0.209440 0.000000
vt -5.066834 0.174539 0.000000
vt -5.718038 0.157080 0.000000
vt -5.065323 0.127225 0.000000
vt -5.718038 0.104720 0.000000
vt -5.062227 0.080223 0.000000
vt -5.718038 0.052360 0.000000
vt -5.056903 0.034022 0.000000
vt -5.718038 0.000000 0.000000
vt -5.048736 -0.010790 0.000000
vt -5.718038 -0.052360 0.000000
vt -5.036554 -0.055670 0.000000
vt -5.028570 -0.078411 0.000000
vt -5.718038 -0.104720 0.000000
vt -5.019264 -0.100842 0.000000
vt -4.996950 -0.143450 0.000000
vt -5.718038 -0.157080 0.000000
vt -4.971066 -0.181283 0.000000
vt -5.718038 -0.209440 0.000000
vt -4.941174 -0.215327 0.000000
vt -4.907210 -0.246100 0.000000
vt -5.718038 -0.261799 0.000000
vt -4.869688 -0.273169 0.000000
vt -5.067500 0.314159 0.000000
vt 0.250000 0.314159 0.000000
vt -1.415886 0.314159 0.000000
vt 0.251926 0.274889 0.000000
vt -0.524364 0.261799 0.000000
vt 0.257686 0.235619 0.000000
vt -0.524364 0.209440 0.000000
vt 0.267224 0.196350 0.000000
vt -0.524364 0.157080 0.000000
vt 0.280448 0.157080 0.000000
vt 0.297231 0.117810 0.000000
vt -0.524364 0.104720 0.000000
vt 0.317412 0.078540 0.000000
vt -0.524364 0.052360 0.000000
vt 0.340796 0.039270 0.000000
vt -0.524364 -0.000000 0.000000
vt 0.367157 -0.000000 0.000000
vt 0.340796 -0.039270 0.000000
vt -0.524364 -0.052360 0.000000
vt 0.317412 -0.078540 0.000000
vt -0.524364 -0.104720 0.000000
vt 0.297231 -0.117810 0.000000
vt -0.524364 -0.157080 0.000000
vt 0.280448 -0.157080 0.000000
vt 0.267224 -0.196350 0.000000
vt -0.524364 -0.209440 0.000000
vt 0.257686 -0.235619 0.000000
vt -0.524364 -0.261799 0.000000
vt 0.251926 -0.274889 0.000000
vt 0.250000 -0.314159 0.000000
vt -1.134454 -0.268504 0.000000
vt -1.134500 -0.314159 0.000000
vt -1.372883 0.295990 0.000000
vt -1.332312 0.273169 0.000000
vt -1.294790 0.246100 0.000000
vt -1.260826 0.215327 0.000000
vt -1.230934 0.181283 0.000000
vt -1.205050 0.143450 0.000000
vt -1.182736 0.100842 0.000000
vt -1.173430 0.078411 0.000000
vt -1.165446 0.055670 0.000000
vt -1.153264 0.010790 0.000000
vt -1.145097 -0.034022 0.000000
vt -1.139773 -0.080223 0.000000
vt -1.136677 -0.127225 0.000000
vt -1.135166 -0.174539 0.000000
vt -1.134556 -0.221785 0.000000
vt 0.400000 -0.250000 0.000000
vt 0.600000 -0.250000 0.000000
vt 0.400000 1.134500 0.000000
vt 0.600000 1.134500 0.000000
vt 0.600000 -0.667588 0.000000
vt 0.400000 -0.667588 0.000000
vt 0.645547 -0.670271 0.000000
vt 0.354453 -0.670271 0.000000
vt 0.691529 -0.678321 0.000000
vt 0.308471 -0.678321 0.000000
vt 0.736792 -0.691750 0.000000
vt 0.263208 -0.691750 0.000000
vt 0.780192 -0.710579 0.000000
vt 0.219808 -0.710579 0.000000
vt 0.179240 -0.734448 0.000000
vt 0.142265 -0.762602 0.000000
vt 0.857735 -0.762602 0.000000
vt 0.820760 -0.734448 0.000000
vt 0.109632 -0.794348 0.000000
vt 0.890368 -0.794348 0.000000
vt 0.919312 -0.830728 0.000000
vt 0.080688 -0.830728 0.000000
vt 0.067499 -0.850897 0.000000
vt 0.055547 -0.872036 0.000000
vt 0.944453 -0.872036 0.000000
vt 0.932501 -0.850897 0.000000
vt 0.035898 -0.915938 0.000000
vt 0.964102 -0.915938 0.000000
vt 0.021871 -0.959587 0.000000
vt 0.978129 -0.959587 0.000000
vt 0.012176 -1.003861 0.000000
vt 0.987824 -1.003861 0.000000
vt 0.994187 -1.049279 0.000000
vt 0.005813 -1.049279 0.000000
vt 0.002115 -1.095431 0.000000
vt 0.997885 -1.095431 0.000000
vt 0.000413 -1.141974 0.000000
vt 0.999587 -1.141974 0.000000
vt 0.000000 -1.188679 0.000000
vt 1.000000 -1.188679 0.000000
vt 0.000000 -1.237512 0.000000
vt 1.000000 -1.237512 0.000000
vt 0.000000 -1.286344 0.000000
vt 1.000000 -1.286344 0.000000
vt 1.000000 -1.335177 0.000000
vt 0.000000 -1.335177 0.000000
vt 1.000000 -1.384010 0.000000
vt 0.000000 -1.384010 0.000000
vt -0.000000 -1.432842 0.000000
vt 1.000000 -1.432842 0.000000
vt -0.000000 -1.481675 0.000000
vt 1.000000 -1.481675 0.000000
vt 0.000413 -1.528379 0.000000
vt 0.999587 -1.528379 0.000000
vt 0.002115 -1.574923 0.000000
vt 0.997885 -1.574923 0.000000
vt 0.005813 -1.621075 0.000000
vt 0.994187 -1.621075 0.000000
vt 0.987824 -1.666493 0.000000
vt 0.012176 -1.666493 0.000000
vt 0.021871 -1.710767 0.000000
vt 0.978129 -1.710767 0.000000
vt 0.035898 -1.754415 0.000000
vt 0.964102 -1.754415 0.000000
vt 0.055547 -1.798318 0.000000
vt 0.944453 -1.798318 0.000000
vt 0.932501 -1.819457 0.000000
vt 0.067499 -1.819457 0.000000
vt 0.080688 -1.839626 0.000000
vt 0.109632 -1.876005 0.000000
vt 0.890368 -1.876005 0.000000
vt 0.919312 -1.839626 0.000000
vt 0.142265 -1.907752 0.000000
vt 0.857735 -1.907752 0.000000
vt 0.820760 -1.935906 0.000000
vt 0.179240 -1.935906 0.000000
vt 0.219808 -1.959775 0.000000
vt 0.263208 -1.978604 0.000000
vt 0.736792 -1.978604 0.000000
vt 0.780192 -1.959775 0.000000
vt 0.691529 -1.992033 0.000000
vt 0.308471 -1.992033 0.000000
vt 0.645547 -2.000082 0.000000
vt 0.354453 -2.000082 0.000000
vt 0.600000 -2.002765 0.000000
vt 0.400000 -2.002765 0.000000
vt 0.250000 0.314159 0.000000
vt -1.134500 0.314159 0.000000
vt 0.251926 0.274889 0.000000
vt -0.524364 0.261799 0.000000
vt 0.257686 0.235619 0.000000
vt -0.524364 0.209440 0.000000
vt 0.267224 0.196350 0.000000
vt -0.524364 0.157080 0.000000
vt 0.280448 0.157080 0.000000
vt 0.297231 0.117810 0.000000
vt -0.524364 0.104720 0.000000
vt 0.317412 0.078540 0.000000
vt -0.524364 0.052360 0.000000
vt 0.340796 0.039270 0.000000
vt -0.524364 -0.000000 0.000000
vt 0.367157 -0.000000 0.000000
vt 0.340796 -0.039270 0.000000
vt -0.524364 -0.052360 0.000000
vt 0.317412 -0.078540 0.000000
vt -0.524364 -0.104720 0.000000
vt 0.297231 -0.117810 0.000000
vt -0.524364 -0.157080 0.000000
vt 0.280448 -0.157080 0.000000
vt 0.267224 -0.196350 0.000000
vt -0.524364 -0.209440 0.000000
vt 0.257686 -0.235619 0.000000
vt -0.524364 -0.261799 0.000000
vt 0.251926 -0.274889 0.000000
vt 0.250000 -0.314159 0.000000
vt -1.372883 -0.295990 0.000000
vt -1.415886 -0.314159 0.000000
vt -1.134454 0.268504 0.000000
vt -1.134556 0.221785 0.000000
vt -1.135166 0.174539 0.000000
vt -1.136677 0.127225 0.000000
vt -1.139773 0.080223 0.000000
vt -1.145097 0.034022 0.000000
vt -1.153264 -0.010790 0.000000
vt -1.165446 -0.055670 0.000000
vt -1.173430 -0.078411 0.000000
vt -1.182736 -0.100842 0.000000
vt -1.205050 -0.143450 0.000000
vt -1.230934 -0.181283 0.000000
vt -1.260826 -0.215327 0.000000
vt -1.294790 -0.246100 0.000000
vt -1.332312 -0.273169 0.000000
vt -1.984500 0.314159 0.000000
vt -4.217500 0.314159 0.000000
vt -1.984546 0.268504 0.000000
vt -2.635038 0.261799 0.000000
vt -1.984444 0.221785 0.000000
vt -2.635038 0.209440 0.000000
vt -1.983834 0.174539 0.000000
vt -2.635038 0.157080 0.000000
vt -1.982323 0.127225 0.000000
vt -2.635038 0.104720 0.000000
vt -1.979227 0.080223 0.000000
vt -2.635038 0.052360 0.000000
vt -1.973903 0.034022 0.000000
vt -2.635038 -0.000000 0.000000
vt -1.965736 -0.010790 0.000000
vt -2.635038 -0.052360 0.000000
vt -1.953554 -0.055670 0.000000
vt -1.945570 -0.078411 0.000000
vt -2.635038 -0.104720 0.000000
vt -1.936264 -0.100842 0.000000
vt -1.913950 -0.143450 0.000000
vt -2.635038 -0.157080 0.000000
vt -1.888066 -0.181283 0.000000
vt -2.635038 -0.209440 0.000000
vt -1.858174 -0.215327 0.000000
vt -1.824210 -0.246100 0.000000
vt -2.635038 -0.261799 0.000000
vt -1.786688 -0.273169 0.000000
vt -1.746117 -0.295990 0.000000
vt -3.566962 -0.261799 0.000000
vt -4.415312 -0.273169 0.000000
vt -4.377790 -0.246100 0.000000
vt -3.566962 -0.209440 0.000000
vt -4.343826 -0.215327 0.000000
vt -4.313934 -0.181283 0.000000
vt -3.566962 -0.157080 0.000000
vt -4.288050 -0.143450 0.000000
vt -3.566962 -0.104720 0.000000
vt -4.265736 -0.100842 0.000000
vt -4.256430 -0.078411 0.000000
vt -3.566962 -0.052360 0.000000
vt -4.248446 -0.055670 0.000000
vt -4.236264 -0.010790 0.000000
vt -3.566962 -0.000000 0.000000
vt -4.228097 0.034022 0.000000
vt -3.566962 0.052360 0.000000
vt -4.222773 0.080223 0.000000
vt -3.566962 0.104720 0.000000
vt -4.219677 0.127225 0.000000
vt -3.566962 0.157080 0.000000
vt -4.218166 0.174539 0.000000
vt -3.566962 0.209440 0.000000
vt -4.217556 0.221785 0.000000
vt -3.566962 0.261799 0.000000
vt -4.217454 0.268504 0.000000
vt -4.455883 -0.295990 0.000000
vt -4.498886 -0.314159 0.000000
vt -1.703114 -0.314159 0.000000
vt 0.999587 -1.141974 0.000000
vt 0.000000 -1.188679 0.000000
vt 1.000000 -1.188679 0.000000
vt 0.000000 -1.237512 0.000000
vt 1.000000 -1.237512 0.000000
vt 0.000000 -1.286344 0.000000
vt 1.000000 -1.286344 0.000000
vt 1.000000 -1.335177 0.000000
vt 0.000000 -1.335177 0.000000
vt 1.000000 -1.384010 0.000000
vt 0.000000 -1.384010 0.000000
vt 0.000000 -1.432842 0.000000
vt 0.000413 -1.141974 0.000000
vt 0.997885 -1.095431 0.000000
vt 0.002115 -1.095431 0.000000
vt 0.994187 -1.049279 0.000000
vt 0.005813 -1.049279 0.000000
vt 0.012176 -1.003861 0.000000
vt 0.987824 -1.003861 0.000000
vt 0.978129 -0.959587 0.000000
vt 0.021871 -0.959587 0.000000
vt 0.964102 -0.915938 0.000000
vt 0.035898 -0.915938 0.000000
vt 0.944453 -0.872036 0.000000
vt 0.055547 -0.872036 0.000000
vt 0.067499 -0.850897 0.000000
vt 0.932501 -0.850897 0.000000
vt 0.919312 -0.830728 0.000000
vt 0.890368 -0.794348 0.000000
vt 0.109632 -0.794348 0.000000
vt 0.080688 -0.830728 0.000000
vt 0.857735 -0.762602 0.000000
vt 0.142265 -0.762602 0.000000
vt 0.179240 -0.734448 0.000000
vt 0.820760 -0.734448 0.000000
vt 0.780192 -0.710579 0.000000
vt 0.736792 -0.691750 0.000000
vt 0.263208 -0.691750 0.000000
vt 0.219808 -0.710579 0.000000
vt 0.308471 -0.678321 0.000000
vt 0.691529 -0.678321 0.000000
vt 0.354453 -0.670271 0.000000
vt 0.645547 -0.670271 0.000000
vt 0.400000 -0.667588 0.000000
vt 0.600000 -0.667588 0.000000
vt 1.000000 -1.432842 0.000000
vt 0.000000 -1.481675 0.000000
vt 1.000000 -1.481675 0.000000
vt 0.000413 -1.528379 0.000000
vt 0.999587 -1.528379 0.000000
vt 0.002115 -1.574923 0.000000
vt 0.997885 -1.574923 0.000000
vt 0.005813 -1.621075 0.000000
vt 0.994187 -1.621075 0.000000
vt 0.987824 -1.666493 0.000000
vt 0.012176 -1.666493 0.000000
vt 0.021871 -1.710767 0.000000
vt 0.978129 -1.710767 0.000000
vt 0.035898 -1.754415 0.000000
vt 0.964102 -1.754415 0.000000
vt 0.055547 -1.798318 0.000000
vt 0.944453 -1.798318 0.000000
vt 0.932501 -1.819457 0.000000
vt 0.067499 -1.819457 0.000000
vt 0.080688 -1.839626 0.000000
vt 0.109632 -1.876005 0.000000
vt 0.890368 -1.876005 0.000000
vt 0.919312 -1.839626 0.000000
vt 0.142265 -1.907752 0.000000
vt 0.857735 -1.907752 0.000000
vt 0.820760 -1.935906 0.000000
vt 0.179240 -1.935906 0.000000
vt 0.219808 -1.959775 0.000000
vt 0.263208 -1.978604 0.000000
vt 0.736792 -1.978604 0.000000
vt 0.780192 -1.959775 0.000000
vt 0.691529 -1.992033 0.000000
vt 0.308471 -1.992033 0.000000
vt 0.645547 -2.000082 0.000000
vt 0.354453 -2.000082 0.000000
vt 0.600000 -2.002765 0.000000
vt 0.400000 -2.002765 0.000000
vt 0.600000 4.217500 0.000000
vt 0.400000 4.217500 0.000000
vt 0.600000 1.984500 0.000000
vt 0.400000 1.984500 0.000000
vt -1.703114 0.314159 0.000000
vt -4.498886 0.314159 0.000000
vt -1.746117 0.295990 0.000000
vt -2.635038 0.261799 0.000000
vt -1.786688 0.273169 0.000000
vt -1.824210 0.246100 0.000000
vt -2.635038 0.209440 0.000000
vt -1.858174 0.215327 0.000000
vt -1.888066 0.181283 0.000000
vt -2.635038 0.157080 0.000000
vt -1.913950 0.143450 0.000000
vt -2.635038 0.104720 0.000000
vt -1.936264 0.100842 0.000000
vt -1.945570 0.078411 0.000000
vt -2.635038 0.052360 0.000000
vt -1.953554 0.055670 0.000000
vt -1.965736 0.010790 0.000000
vt -2.635038 0.000000 0.000000
vt -1.973903 -0.034022 0.000000
vt -2.635038 -0.052360 0.000000
vt -1.979227 -0.080223 0.000000
vt -2.635038 -0.104720 0.000000
vt -1.982323 -0.127225 0.000000
vt -2.635038 -0.157080 0.000000
vt -1.983834 -0.174539 0.000000
vt -2.635038 -0.209440 0.000000
vt -1.984444 -0.221785 0.000000
vt -2.635038 -0.261799 0.000000
vt -1.984546 -0.268504 0.000000
vt -1.984500 -0.314159 0.000000
vt -3.566962 -0.261799 0.000000
vt -4.217454 -0.268504 0.000000
vt -4.217556 -0.221785 0.000000
vt -3.566962 -0.209440 0.000000
vt -4.218166 -0.174539 0.000000
vt -3.566962 -0.157080 0.000000
vt -4.219677 -0.127225 0.000000
vt -3.566962 -0.104720 0.000000
vt -4.222773 -0.080223 0.000000
vt -3.566962 -0.052360 0.000000
vt -4.228097 -0.034022 0.000000
vt -3.566962 0.000000 0.000000
vt -4.236264 0.010790 0.000000
vt -3.566962 0.052360 0.000000
vt -4.248446 0.055670 0.000000
vt -4.256430 0.078411 0.000000
vt -3.566962 0.104720 0.000000
vt -4.265736 0.100842 0.000000
vt -4.288050 0.143450 0.000000
vt -3.566962 0.157080 0.000000
vt -4.313934 0.181283 0.000000
vt -3.566962 0.209440 0.000000
vt -4.343826 0.215327 0.000000
vt -4.377790 0.246100 0.000000
vt -3.566962 0.261799 0.000000
vt -4.415312 0.273169 0.000000
vt -4.455883 0.295990 0.000000
vt -4.217500 -0.314159 0.000000
vt 0.999587 -1.141974 0.000000
vt 0.000000 -1.188679 0.000000
vt 1.000000 -1.188679 0.000000
vt 0.000000 -1.237512 0.000000
vt 1.000000 -1.237512 0.000000
vt 0.000000 -1.286344 0.000000
vt 1.000000 -1.286344 0.000000
vt 1.000000 -1.335177 0.000000
vt 0.000000 -1.335177 0.000000
vt 1.000000 -1.384010 0.000000
vt 0.000000 -1.384010 0.000000
vt 0.000000 -1.432842 0.000000
vt 0.000413 -1.141974 0.000000
vt 0.997885 -1.095431 0.000000
vt 0.002115 -1.095431 0.000000
vt 0.994187 -1.049279 0.000000
vt 0.005813 -1.049279 0.000000
vt 0.012176 -1.003861 0.000000
vt 0.987824 -1.003861 0.000000
vt 0.978129 -0.959587 0.000000
vt 0.021871 -0.959587 0.000000
vt 0.964102 -0.915938 0.000000
vt 0.035898 -0.915938 0.000000
vt 0.944453 -0.872036 0.000000
vt 0.055547 -0.872036 0.000000
vt 0.067499 -0.850897 0.000000
vt 0.932501 -0.850897 0.000000
vt 0.919312 -0.830728 0.000000
vt 0.890368 -0.794348 0.000000
vt 0.109632 -0.794348 0.000000
vt 0.080688 -0.830728 0.000000
vt 0.857735 -0.762602 0.000000
vt 0.142265 -0.762602 0.000000
vt 0.179240 -0.734448 0.000000
vt 0.820760 -0.734448 0.000000
vt 0.780192 -0.710579 0.000000
vt 0.736792 -0.691750 0.000000
vt 0.263208 -0.691750 0.000000
vt 0.219808 -0.710579 0.000000
vt 0.308471 -0.678321 0.000000
vt 0.691529 -0.678321 0.000000
vt 0.354453 -0.670271 0.000000
vt 0.645547 -0.670271 0.000000
vt 0.400000 -0.667588 0.000000
vt 0.600000 -0.667588 0.000000
vt 1.000000 -1.432842 0.000000
vt 0.000000 -1.481675 0.000000
vt 1.000000 -1.481675 0.000000
vt 0.000413 -1.528379 0.000000
vt 0.999587 -1.528379 0.000000
vt 0.002115 -1.574923 0.000000
vt 0.997885 -1.574923 0.000000
vt 0.005813 -1.621075 0.000000
vt 0.994187 -1.621075 0.000000
vt 0.987824 -1.666493 0.000000
vt 0.012176 -1.666493 0.000000
vt 0.021871 -1.710767 0.000000
vt 0.978129 -1.710767 0.000000
vt 0.035898 -1.754415 0.000000
vt 0.964102 -1.754415 0.000000
vt 0.055547 -1.798318 0.000000
vt 0.944453 -1.798318 0.000000
vt 0.932501 -1.819457 0.000000
vt 0.067499 -1.819457 0.000000
vt 0.080688 -1.839626 0.000000
vt 0.109632 -1.876005 0.000000
vt 0.890368 -1.876005 0.000000
vt 0.919312 -1.839626 0.000000
vt 0.142265 -1.907752 0.000000
vt 0.857735 -1.907752 0.000000
vt 0.820760 -1.935906 0.000000
vt 0.179240 -1.935906 0.000000
vt 0.219808 -1.959775 0.000000
vt 0.263208 -1.978604 0.000000
vt 0.736792 -1.978604 0.000000
vt 0.780192 -1.959775 0.000000
vt 0.691529 -1.992033 0.000000
vt 0.308471 -1.992033 0.000000
vt 0.645547 -2.000082 0.000000
vt 0.354453 -2.000082 0.000000
vt 0.600000 -2.002765 0.000000
vt 0.400000 -2.002765 0.000000
vt -12.450000 0.261799 0.000000
vt -11.701057 0.261799 0.000000
vt -12.450000 0.314159 0.000000
vt -11.233546 0.268504 0.000000
vt -11.233500 0.314159 0.000000
vt -11.701057 0.209440 0.000000
vt -12.450000 0.209440 0.000000
vt -11.701057 0.157080 0.000000
vt -12.450000 0.157080 0.000000
vt -11.701057 0.104720 0.000000
vt -12.450000 0.104720 0.000000
vt -11.701057 0.052360 0.000000
vt -12.450000 0.052360 0.000000
vt -11.701057 -0.000000 0.000000
vt -12.450000 -0.000000 0.000000
vt -11.701057 -0.052360 0.000000
vt -12.450000 -0.052360 0.000000
vt -11.701057 -0.104720 0.000000
vt -12.450000 -0.104720 0.000000
vt -11.701057 -0.157080 0.000000
vt -12.450000 -0.157080 0.000000
vt -11.701057 -0.209440 0.000000
vt -12.450000 -0.209440 0.000000
vt -11.701057 -0.261799 0.000000
vt -12.450000 -0.261799 0.000000
vt -10.995117 -0.295990 0.000000
vt -12.450000 -0.314159 0.000000
vt -10.952114 -0.314159 0.000000
vt -11.035688 -0.273169 0.000000
vt -11.073210 -0.246100 0.000000
vt -11.107174 -0.215327 0.000000
vt -11.137066 -0.181283 0.000000
vt -11.162950 -0.143450 0.000000
vt -11.185264 -0.100842 0.000000
vt -11.194570 -0.078411 0.000000
vt -11.202554 -0.055670 0.000000
vt -11.214736 -0.010790 0.000000
vt -11.222903 0.034022 0.000000
vt -11.228227 0.080223 0.000000
vt -11.231323 0.127225 0.000000
vt -11.232834 0.174539 0.000000
vt -11.233444 0.221785 0.000000
vt 0.400000 11.233500 0.000000
vt 0.600000 11.233500 0.000000
vt 0.400000 12.450000 0.000000
vt 0.600000 12.450000 0.000000
vt 0.000000 12.857166 0.000000
vt 1.000000 12.857166 0.000000
vt 1.000000 12.450000 0.000000
vt 0.000000 12.450000 0.000000
vt 0.400000 0.667588 0.000000
vt 0.600000 0.667588 0.000000
vt 0.354453 0.670271 0.000000
vt 0.645547 0.670271 0.000000
vt 0.308471 0.678321 0.000000
vt 0.691529 0.678321 0.000000
vt 0.263208 0.691750 0.000000
vt 0.736792 0.691750 0.000000
vt 0.219808 0.710579 0.000000
vt 0.780192 0.710579 0.000000
vt 0.820760 0.734448 0.000000
vt 0.857735 0.762602 0.000000
vt 0.142265 0.762602 0.000000
vt 0.179240 0.734448 0.000000
vt 0.890368 0.794348 0.000000
vt 0.109632 0.794348 0.000000
vt 0.080688 0.830728 0.000000
vt 0.919312 0.830728 0.000000
vt 0.932501 0.850897 0.000000
vt 0.944453 0.872036 0.000000
vt 0.055547 0.872036 0.000000
vt 0.067499 0.850897 0.000000
vt 0.964102 0.915938 0.000000
vt 0.035898 0.915938 0.000000
vt 0.978129 0.959587 0.000000
vt 0.021871 0.959587 0.000000
vt 0.987824 1.003861 0.000000
vt 0.012176 1.003861 0.000000
vt 0.005813 1.049279 0.000000
vt 0.994187 1.049279 0.000000
vt 0.997885 1.095431 0.000000
vt 0.002115 1.095431 0.000000
vt 0.999587 1.141974 0.000000
vt 0.000413 1.141974 0.000000
vt 1.000000 1.188679 0.000000
vt 0.000000 1.188679 0.000000
vt 1.000000 1.237512 0.000000
vt 0.000000 1.237512 0.000000
vt 1.000000 1.286344 0.000000
vt 0.000000 1.286344 0.000000
vt 0.000000 1.335177 0.000000
vt 1.000000 1.335177 0.000000
vt 0.000000 1.384010 0.000000
vt 1.000000 1.384010 0.000000
vt 1.000000 1.432842 0.000000
vt 0.000000 1.432842 0.000000
vt 1.000000 1.481675 0.000000
vt 0.000000 1.481675 0.000000
vt 0.999587 1.528379 0.000000
vt 0.000413 1.528379 0.000000
vt 0.997885 1.574923 0.000000
vt 0.002115 1.574923 0.000000
vt 0.994187 1.621075 0.000000
vt 0.005813 1.621075 0.000000
vt 0.012176 1.666493 0.000000
vt 0.987824 1.666493 0.000000
vt 0.978129 1.710767 0.000000
vt 0.021871 1.710767 0.000000
vt 0.964102 1.754415 0.000000
vt 0.035898 1.754415 0.000000
vt 0.944453 1.798318 0.000000
vt 0.055547 1.798318 0.000000
vt 0.067499 1.819457 0.000000
vt 0.932501 1.819457 0.000000
vt 0.919312 1.839626 0.000000
vt 0.890368 1.876005 0.000000
vt 0.109632 1.876005 0.000000
vt 0.080688 1.839626 0.000000
vt 0.857735 1.907752 0.000000
vt 0.142265 1.907752 0.000000
vt 0.179240 1.935906 0.000000
vt 0.820760 1.935906 0.000000
vt 0.780192 1.959775 0.000000
vt 0.736792 1.978604 0.000000
vt 0.263208 1.978604 0.000000
vt 0.219808 1.959775 0.000000
vt 0.308471 1.992033 0.000000
vt 0.691529 1.992033 0.000000
vt 0.354453 2.000082 0.000000
vt 0.645547 2.000082 0.000000
vt 0.400000 2.002765 0.000000
vt 0.600000 2.002765 0.000000
vt -8.150500 0.314159 0.000000
vt -10.383500 0.314159 0.000000
vt -8.150546 0.268504 0.000000
vt -8.801038 0.261799 0.000000
vt -8.150444 0.221785 0.000000
vt -8.801038 0.209440 0.000000
vt -8.149834 0.174539 0.000000
vt -8.801038 0.157080 0.000000
vt -8.148323 0.127225 0.000000
vt -8.801038 0.104720 0.000000
vt -8.145227 0.080223 0.000000
vt -8.801038 0.052360 0.000000
vt -8.139903 0.034022 0.000000
vt -8.801038 -0.000000 0.000000
vt -8.131736 -0.010790 0.000000
vt -8.801038 -0.052360 0.000000
vt -8.119554 -0.055670 0.000000
vt -8.111570 -0.078411 0.000000
vt -8.801038 -0.104720 0.000000
vt -8.102264 -0.100842 0.000000
vt -8.079950 -0.143450 0.000000
vt -8.801038 -0.157080 0.000000
vt -8.054066 -0.181283 0.000000
vt -8.801038 -0.209440 0.000000
vt -8.024174 -0.215327 0.000000
vt -7.990210 -0.246100 0.000000
vt -8.801038 -0.261799 0.000000
vt -7.952688 -0.273169 0.000000
vt -7.912117 -0.295990 0.000000
vt -9.732962 -0.261799 0.000000
vt -10.581312 -0.273169 0.000000
vt -10.543790 -0.246100 0.000000
vt -9.732962 -0.209440 0.000000
vt -10.509826 -0.215327 0.000000
vt -10.479934 -0.181283 0.000000
vt -9.732962 -0.157080 0.000000
vt -10.454050 -0.143450 0.000000
vt -9.732962 -0.104720 0.000000
vt -10.431736 -0.100842 0.000000
vt -10.422430 -0.078411 0.000000
vt -9.732962 -0.052360 0.000000
vt -10.414446 -0.055670 0.000000
vt -10.402264 -0.010790 0.000000
vt -9.732962 -0.000000 0.000000
vt -10.394097 0.034022 0.000000
vt -9.732962 0.052360 0.000000
vt -10.388773 0.080223 0.000000
vt -9.732962 0.104720 0.000000
vt -10.385677 0.127225 0.000000
vt -9.732962 0.157080 0.000000
vt -10.384166 0.174539 0.000000
vt -9.732962 0.209440 0.000000
vt -10.383556 0.221785 0.000000
vt -9.732962 0.261799 0.000000
vt -10.383454 0.268504 0.000000
vt -10.621883 -0.295990 0.000000
vt -10.664886 -0.314159 0.000000
vt -7.869114 -0.314159 0.000000
vt 0.600000 10.383500 0.000000
vt 0.400000 10.383500 0.000000
vt 0.600000 8.150500 0.000000
vt 0.400000 8.150500 0.000000
vt -7.869114 0.314159 0.000000
vt -10.664886 0.314159 0.000000
vt -7.912117 0.295990 0.000000
vt -8.801038 0.261799 0.000000
vt -7.952688 0.273169 0.000000
vt -7.990210 0.246100 0.000000
vt -8.801038 0.209440 0.000000
vt -8.024174 0.215327 0.000000
vt -8.054066 0.181283 0.000000
vt -8.801038 0.157080 0.000000
vt -8.079950 0.143450 0.000000
vt -8.801038 0.104720 0.000000
vt -8.102264 0.100842 0.000000
vt -8.111570 0.078411 0.000000
vt -8.801038 0.052360 0.000000
vt -8.119554 0.055670 0.000000
vt -8.131736 0.010790 0.000000
vt -8.801038 0.000000 0.000000
vt -8.139903 -0.034022 0.000000
vt -8.801038 -0.052360 0.000000
vt -8.145227 -0.080223 0.000000
vt -8.801038 -0.104720 0.000000
vt -8.148323 -0.127225 0.000000
vt -8.801038 -0.157080 0.000000
vt -8.149834 -0.174539 0.000000
vt -8.801038 -0.209440 0.000000
vt -8.150444 -0.221785 0.000000
vt -8.801038 -0.261799 0.000000
vt -8.150546 -0.268504 0.000000
vt -8.150500 -0.314159 0.000000
vt -9.732962 -0.261799 0.000000
vt -10.383454 -0.268504 0.000000
vt -10.383556 -0.221785 0.000000
vt -9.732962 -0.209440 0.000000
vt -10.384166 -0.174539 0.000000
vt -9.732962 -0.157080 0.000000
vt -10.385677 -0.127225 0.000000
vt -9.732962 -0.104720 0.000000
vt -10.388773 -0.080223 0.000000
vt -9.732962 -0.052360 0.000000
vt -10.394097 -0.034022 0.000000
vt -9.732962 0.000000 0.000000
vt -10.402264 0.010790 0.000000
vt -9.732962 0.052360 0.000000
vt -10.414446 0.055670 0.000000
vt -10.422430 0.078411 0.000000
vt -9.732962 0.104720 0.000000
vt -10.431736 0.100842 0.000000
vt -10.454050 0.143450 0.000000
vt -9.732962 0.157080 0.000000
vt -10.479934 0.181283 0.000000
vt -9.732962 0.209440 0.000000
vt -10.509826 0.215327 0.000000
vt -10.543790 0.246100 0.000000
vt -9.732962 0.261799 0.000000
vt -10.581312 0.273169 0.000000
vt -10.621883 0.295990 0.000000
vt -10.383500 -0.314159 0.000000
vt -12.450000 0.261799 0.000000
vt -11.701057 0.261799 0.000000
vt -12.450000 0.314159 0.000000
vt -10.995117 0.295990 0.000000
vt -10.952114 0.314159 0.000000
vt -11.701057 0.209440 0.000000
vt -12.450000 0.209440 0.000000
vt -11.701057 0.157080 0.000000
vt -12.450000 0.157080 0.000000
vt -11.701057 0.104720 0.000000
vt -12.450000 0.104720 0.000000
vt -11.701057 0.052360 0.000000
vt -12.450000 0.052360 0.000000
vt -11.701057 0.000000 0.000000
vt -12.450000 0.000000 0.000000
vt -11.701057 -0.052360 0.000000
vt -12.450000 -0.052360 0.000000
vt -11.701057 -0.104720 0.000000
vt -12.450000 -0.104720 0.000000
vt -11.701057 -0.157080 0.000000
vt -12.450000 -0.157080 0.000000
vt -11.701057 -0.209440 0.000000
vt -12.450000 -0.209440 0.000000
vt -11.701057 -0.261799 0.000000
vt -12.450000 -0.261799 0.000000
vt -12.450000 -0.314159 0.000000
vt -11.233500 -0.314159 0.000000
vt -11.233546 -0.268504 0.000000
vt -11.233444 -0.221785 0.000000
vt -11.232834 -0.174539 0.000000
vt -11.231323 -0.127225 0.000000
vt -11.228227 -0.080223 0.000000
vt -11.222903 -0.034022 0.000000
vt -11.214736 0.010790 0.000000
vt -11.202554 0.055670 0.000000
vt -11.194570 0.078411 0.000000
vt -11.185264 0.100842 0.000000
vt -11.162950 0.143450 0.000000
vt -11.137066 0.181283 0.000000
vt -11.107174 0.215327 0.000000
vt -11.073210 0.246100 0.000000
vt -11.035688 0.273169 0.000000
vt 0.400000 -0.250000 0.000000
vt 0.600000 -0.250000 0.000000
vt 0.400000 1.134500 0.000000
vt 0.600000 1.134500 0.000000
vn 0.000000 0.000000 -0.100000
vn 0.000000 0.000000 -0.100000
vn 0.000000 0.011389 -0.099349
vn 0.000000 0.013053 -0.099144
vn 0.000000 0.022889 -0.097345
vn 0.000000 0.025882 -0.096593
vn 0.000000 0.034201 -0.093970
vn 0.000000 0.038268 -0.092388
vn 0.000000 0.045051 -0.089277
vn 0.000000 0.050000 -0.086603
vn 0.000000 0.055207 -0.083380
vn 0.000000 0.060876 -0.079335
vn 0.000000 0.064448 -0.076462
vn 0.000000 0.070711 -0.070711
vn 0.000000 0.072592 -0.068778
vn 0.000000 0.079335 -0.060876
vn 0.000000 0.079836 -0.060218
vn 0.000000 0.083129 -0.055584
vn 0.000000 0.086603 -0.050000
vn 0.000000 0.086114 -0.050837
vn 0.000000 0.091031 -0.041393
vn 0.000000 0.092388 -0.038268
vn 0.000000 0.094533 -0.032612
vn 0.000000 0.096593 -0.025882
vn 0.000000 0.096963 -0.024457
vn 0.000000 0.098556 -0.016933
vn 0.000000 0.099144 -0.013053
vn 0.000000 0.099475 -0.010230
vn 0.000000 0.099897 -0.004541
vn 0.000000 0.099144 -0.013053
vn 0.000000 0.099475 -0.010230
vn 0.000000 0.098556 -0.016933
vn 0.000000 0.096593 -0.025882
vn 0.000000 0.096963 -0.024457
vn 0.000000 0.094533 -0.032612
vn 0.000000 0.092388 -0.038268
vn 0.000000 0.091031 -0.041393
vn 0.000000 0.086603 -0.050000
vn 0.000000 0.086114 -0.050837
vn 0.000000 0.083129 -0.055584
vn 0.000000 0.079335 -0.060876
vn 0.000000 0.079836 -0.060218
vn 0.000000 0.072592 -0.068778
vn 0.000000 0.070711 -0.070711
vn 0.000000 0.064448 -0.076462
vn 0.000000 0.060876 -0.079335
vn 0.000000 0.055207 -0.083380
vn 0.000000 0.050000 -0.086603
vn 0.000000 0.045051 -0.089277
vn 0.000000 0.038268 -0.092388
vn 0.000000 0.034201 -0.093970
vn 0.000000 0.025882 -0.096593
vn 0.000000 0.022889 -0.097345
vn 0.000000 0.013053 -0.099144
vn 0.000000 0.011389 -0.099349
vn 0.000000 0.099897 -0.004541
vn 0.000000 0.100000 0.000000
vn 0.000000 0.100000 0.000000
vn 0.000000 0.000000 -0.100000
vn 0.000000 0.000000 -0.100000
vn 0.000000 -0.100000 0.000000
vn 0.000000 -0.100000 0.000000
vn 0.000000 -0.099897 -0.004541
vn 0.000000 -0.099144 -0.013053
vn 0.000000 -0.099475 -0.010230
vn 0.000000 -0.098556 -0.016933
vn 0.000000 -0.096593 -0.025882
vn 0.000000 -0.096963 -0.024457
vn 0.000000 -0.094533 -0.032612
vn 0.000000 -0.092388 -0.038268
vn 0.000000 -0.091031 -0.041393
vn 0.000000 -0.086603 -0.050000
vn 0.000000 -0.086114 -0.050837
vn 0.000000 -0.083129 -0.055584
vn 0.000000 -0.079335 -0.060876
vn 0.000000 -0.079836 -0.060218
vn 0.000000 -0.072592 -0.068778
vn 0.000000 -0.070711 -0.070711
vn 0.000000 -0.064448 -0.076462
vn 0.000000 -0.060876 -0.079335
vn 0.000000 -0.055207 -0.083380
vn 0.000000 -0.050000 -0.086603
vn 0.000000 -0.045051 -0.089277
vn 0.000000 -0.038268 -0.092388
vn 0.000000 -0.034201 -0.093970
vn 0.000000 -0.025882 -0.096593
vn 0.000000 -0.022889 -0.097345
vn 0.000000 -0.013053 -0.099144
vn 0.000000 -0.011389 -0.099349
vn 0.000000 -0.013053 -0.099144
vn 0.000000 -0.011389 -0.099349
vn 0.000000 -0.022889 -0.097345
vn 0.000000 -0.025882 -0.096593
vn 0.000000 -0.034201 -0.093970
vn 0.000000 -0.038268 -0.092388
vn 0.000000 -0.045051 -0.089277
vn 0.000000 -0.050000 -0.086603
vn 0.000000 -0.055207 -0.083380
vn 0.000000 -0.060876 -0.079335
vn 0.000000 -0.064448 -0.076462
vn 0.000000 -0.070711 -0.070711
vn 0.000000 -0.072592 -0.068778
vn 0.000000 -0.079335 -0.060876
vn 0.000000 -0.079836 -0.060218
vn 0.000000 -0.083129 -0.055584
vn 0.000000 -0.086603 -0.050000
vn 0.000000 -0.086114 -0.050837
vn 0.000000 -0.091031 -0.041393
vn 0.000000 -0.092388 -0.038268
vn 0.000000 -0.094533 -0.032612
vn 0.000000 -0.096593 -0.025882
vn 0.000000 -0.096963 -0.024457
vn 0.000000 -0.098556 -0.016933
vn 0.000000 -0.099144 -0.013053
vn 0.000000 -0.099475 -0.010230
vn 0.000000 -0.099897 -0.004541
vn 0.000000 0.100000 0.000000
vn 0.000000 0.100000 0.000000
vn 0.000000 0.100000 0.000000
vn 0.000000 0.100000 0.000000
vn 0.000000 0.100000 0.000000
vn 0.000000 0.100000 0.000000
vn 0.000000 0.100000 0.000000
vn 0.000000 0.100000 0.000000
vn 0.000000 0.100000 0.000000
vn 0.000000 0.100000 0.000000
vn 0.000000 0.100000 0.000000
vn 0.000000 0.100000 0.000000
vn 0.000000 0.100000 0.000000
vn 0.000000 0.100000 0.000000
vn 0.000000 0.100000 0.000000
vn 0.000000 0.100000 0.000000
vn 0.000000 0.100000 0.000000
vn 0.000000 0.100000 0.000000
vn 0.000000 0.100000 0.000000
vn 0.000000 0.100000 0.000000
vn 0.000000 0.100000 0.000000
vn 0.000000 0.100000 0.000000
vn 0.000000 0.100000 0.000000
vn 0.000000 0.100000 0.000000
vn 0.000000 0.100000 0.000000
vn 0.000000 0.100000 0.000000
vn 0.000000 0.100000 0.000000
vn 0.000000 0.100000 0.000000
vn 0.000000 0.100000 0.000000
vn 0.000000 0.100000 0.000000
vn 0.000000 0.100000 0.000000
vn 0.000000 0.100000 0.000000
vn 0.000000 0.100000 0.000000
vn 0.000000 0.100000 0.000000
vn 0.000000 0.100000 0.000000
vn 0.000000 0.100000 0.000000
vn 0.000000 0.100000 0.000000
vn 0.000000 0.100000 0.000000
vn 0.000000 0.100000 0.000000
vn 0.000000 0.100000 0.000000
vn 0.000000 0.100000 0.000000
vn 0.000000 0.100000 0.000000
vn 0.000000 0.100000 0.000000
vn 0.000000 0.100000 0.000000
vn 0.000000 0.100000 0.000000
vn 0.000000 0.100000 0.000000
vn 0.000000 0.100000 0.000000
vn 0.000000 0.100000 0.000000
vn 0.000000 0.100000 0.000000
vn 0.000000 0.100000 0.000000
vn 0.000000 0.100000 0.000000
vn 0.000000 0.100000 0.000000
vn 0.000000 0.100000 0.000000
vn 0.000000 0.100000 0.000000
vn 0.000000 0.100000 0.000000
vn 0.000000 0.100000 0.000000
vn 0.000000 0.100000 0.000000
vn 0.000000 0.100000 0.000000
vn 0.000000 0.100000 0.000000
vn 0.000000 0.100000 0.000000
vn 0.000000 0.100000 0.000000
vn 0.000000 0.100000 0.000000
vn 0.000000 0.100000 0.000000
vn 0.000000 0.100000 0.000000
vn 0.000000 0.100000 0.000000
vn 0.000000 0.100000 0.000000
vn 0.000000 0.100000 0.000000
vn 0.000000 0.100000 0.000000
vn 0.000000 0.100000 0.000000
vn 0.000000 0.100000 0.000000
vn 0.000000 0.100000 0.000000
vn 0.000000 0.100000 0.000000
vn 0.000000 0.100000 0.000000
vn 0.000000 0.100000 0.000000
vn 0.000000 0.100000 0.000000
vn 0.000000 0.100000 0.000000
vn 0.000000 0.100000 0.000000
vn 0.000000 0.100000 0.000000
vn 0.000000 0.100000 0.000000
vn 0.000000 0.100000 0.000000
vn 0.000000 0.100000 0.000000
vn 0.000000 0.100000 0.000000
vn 0.000000 0.100000 0.000000
vn 0.000000 0.100000 0.000000
vn 0.000000 0.100000 0.000000
vn 0.000000 0.100000 0.000000
vn 0.000000 0.100000 0.000000
vn 0.000000 0.100000 0.000000
vn 0.000000 0.100000 0.000000
vn 0.000000 0.100000 0.000000
vn 0.000000 0.100000 0.000000
vn 0.000000 0.100000 0.000000
vn 0.000000 0.100000 0.000000
vn 0.000000 0.100000 0.000000
vn 0.000000 0.100000 0.000000
vn 0.000000 0.100000 0.000000
vn 0.000000 0.100000 0.000000
vn 0.000000 0.100000 0.000000
vn 0.000000 0.100000 0.000000
vn 0.000000 0.100000 0.000000
vn 0.000000 0.100000 0.000000
vn 0.000000 0.100000 0.000000
vn 0.000000 0.100000 0.000000
vn 0.000000 0.100000 0.000000
vn 0.000000 0.100000 0.000000
vn 0.000000 0.100000 0.000000
vn 0.000000 0.100000 0.000000
vn 0.000000 0.100000 0.000000
vn 0.000000 0.100000 0.000000
vn 0.000000 0.100000 0.000000
vn 0.000000 0.100000 0.000000
vn 0.000000 0.100000 0.000000
vn 0.000000 0.100000 0.000000
vn 0.000000 0.100000 0.000000
vn 0.000000 0.100000 0.000000
vn 0.000000 0.100000 0.000000
vn 0.000000 0.100000 0.000000
vn 0.000000 0.100000 0.000000
vn 0.000000 0.100000 0.000000
vn 0.000000 0.100000 0.000000
vn 0.000000 0.100000 0.000000
vn 0.000000 0.100000 0.000000
vn 0.000000 0.100000 0.000000
vn 0.000000 0.100000 0.000000
vn 0.000000 0.100000 0.000000
vn 0.000000 0.100000 0.000000
vn 0.000000 0.100000 0.000000
vn 0.000000 0.100000 0.000000
vn 0.000000 0.100000 0.000000
vn 0.000000 0.100000 0.000000
vn 0.000000 0.100000 0.000000
vn 0.000000 0.100000 0.000000
vn 0.000000 0.100000 0.000000
vn 0.000000 0.100000 0.000000
vn 0.000000 0.100000 0.000000
vn 0.000000 0.100000 0.000000
vn 0.000000 0.100000 0.000000
vn 0.000000 0.100000 0.000000
vn 0.000000 0.100000 0.000000
vn 0.000000 0.100000 0.000000
vn 0.000000 0.100000 0.000000
vn 0.000000 0.100000 0.000000
vn 0.000000 0.100000 0.000000
vn 0.000000 0.100000 0.000000
vn 0.000000 0.100000 0.000000
vn 0.000000 0.100000 0.000000
vn 0.000000 0.100000 0.000000
vn 0.000000 0.100000 0.000000
vn 0.000000 0.100000 0.000000
vn 0.000000 0.100000 0.000000
vn 0.000000 0.100000 0.000000
vn 0.000000 0.100000 0.000000
vn 0.000000 0.100000 0.000000
vn 0.000000 0.100000 0.000000
vn 0.000000 0.100000 0.000000
vn 0.000000 0.100000 0.000000
vn 0.000000 0.100000 0.000000
vn 0.000000 0.100000 0.000000
vn 0.000000 0.100000 0.000000
vn 0.000000 0.100000 0.000000
vn 0.000000 0.100000 0.000000
vn 0.000000 0.100000 0.000000
vn 0.000000 0.100000 0.000000
vn 0.000000 0.100000 0.000000
vn 0.000000 0.100000 0.000000
vn 0.000000 0.100000 0.000000
vn 0.000000 0.100000 0.000000
vn 0.000000 0.100000 0.000000
vn 0.000000 0.100000 0.000000
vn 0.000000 0.100000 0.000000
vn 0.000000 0.100000 0.000000
vn 0.000000 0.100000 0.000000
vn 0.000000 0.100000 0.000000
vn 0.000000 0.100000 0.000000
vn 0.000000 0.100000 0.000000
vn 0.000000 0.100000 0.000000
vn 0.000000 0.100000 0.000000
vn 0.000000 0.100000 0.000000
vn 0.000000 0.100000 0.000000
vn 0.000000 0.100000 0.000000
vn 0.000000 0.100000 0.000000
vn 0.000000 0.100000 0.000000
vn 0.000000 0.100000 0.000000
vn 0.000000 0.100000 0.000000
vn 0.000000 0.100000 0.000000
vn 0.000000 0.100000 0.000000
vn 0.000000 0.100000 0.000000
vn 0.000000 0.100000 0.000000
vn 0.000000 0.100000 0.000000
vn 0.000000 0.100000 0.000000
vn 0.000000 0.100000 0.000000
vn 0.000000 0.100000 0.000000
vn 0.000000 0.100000 0.000000
vn 0.000000 0.100000 0.000000
vn 0.000000 0.100000 0.000000
vn 0.000000 0.100000 0.000000
vn 0.000000 0.100000 0.000000
vn 0.000000 0.100000 0.000000
vn 0.000000 0.100000 0.000000
vn 0.000000 0.100000 0.000000
vn 0.000000 0.100000 0.000000
vn 0.000000 0.100000 0.000000
vn 0.000000 0.100000 0.000000
vn 0.000000 0.100000 0.000000
vn 0.000000 0.100000 0.000000
vn 0.000000 0.100000 0.000000
vn 0.000000 0.100000 0.000000
vn 0.000000 0.100000 0.000000
vn 0.000000 0.100000 0.000000
vn 0.000000 0.100000 0.000000
vn 0.000000 0.100000 0.000000
vn 0.000000 0.100000 0.000000
vn 0.000000 0.100000 0.000000
vn 0.000000 0.100000 0.000000
vn 0.000000 0.100000 0.000000
vn 0.000000 0.100000 0.000000
vn 0.000000 0.100000 0.000000
vn 0.000000 0.100000 0.000000
vn 0.000000 0.100000 0.000000
vn 0.000000 0.100000 0.000000
vn 0.000000 0.100000 0.000000
vn 0.000000 0.100000 0.000000
vn 0.000000 0.100000 0.000000
vn 0.000000 0.100000 0.000000
vn 0.000000 0.100000 0.000000
vn 0.000000 0.100000 0.000000
vn 0.000000 0.100000 0.000000
vn 0.000000 0.100000 0.000000
vn 0.000000 0.100000 0.000000
vn 0.000000 0.100000 0.000000
vn 0.000000 0.100000 0.000000
vn 0.000000 0.100000 0.000000
vn 0.000000 0.100000 0.000000
vn 0.000000 0.100000 0.000000
vn 0.000000 0.100000 0.000000
vn 0.000000 0.100000 0.000000
vn 0.000000 0.100000 0.000000
vn 0.000000 0.100000 0.000000
vn 0.000000 0.100000 0.000000
vn 0.000000 0.100000 0.000000
vn 0.000000 0.100000 0.000000
vn 0.000000 0.100000 0.000000
vn 0.000000 0.100000 0.000000
vn 0.000000 0.100000 0.000000
vn 0.000000 0.100000 0.000000
vn 0.000000 0.100000 0.000000
vn 0.000000 0.100000 0.000000
vn 0.000000 0.100000 0.000000
vn 0.000000 0.100000 0.000000
vn 0.000000 0.100000 0.000000
vn 0.000000 0.100000 0.000000
vn 0.000000 0.100000 0.000000
vn 0.000000 0.100000 0.000000
vn 0.000000 0.100000 0.000000
vn 0.000000 0.100000 0.000000
vn 0.000000 0.100000 0.000000
vn 0.000000 0.100000 0.000000
vn 0.000000 0.100000 0.000000
vn 0.000000 0.100000 0.000000
vn 0.000000 0.100000 0.000000
vn 0.000000 0.100000 0.000000
vn 0.000000 0.100000 0.000000
vn 0.000000 0.100000 0.000000
vn 0.000000 0.100000 0.000000
vn 0.000000 0.100000 0.000000
vn 0.000000 0.100000 0.000000
vn 0.000000 0.100000 0.000000
vn 0.000000 0.100000 0.000000
vn 0.000000 0.100000 0.000000
vn 0.000000 0.100000 0.000000
vn 0.000000 0.100000 0.000000
vn 0.000000 0.100000 0.000000
vn 0.000000 0.100000 0.000000
vn 0.000000 0.100000 0.000000
vn 0.000000 0.100000 0.000000
vn 0.000000 0.100000 0.000000
vn 0.000000 0.100000 0.000000
vn 0.000000 0.100000 0.000000
vn 0.000000 0.100000 0.000000
vn 0.000000 0.100000 0.000000
vn 0.000000 0.100000 0.000000
vn 0.000000 0.100000 0.000000
vn 0.000000 0.100000 0.000000
vn 0.000000 0.100000 0.000000
vn 0.000000 0.100000 0.000000
vn 0.000000 0.100000 0.000000
vn 0.000000 0.100000 0.000000
vn 0.000000 0.100000 0.000000
vn 0.000000 0.100000 0.000000
vn 0.000000 0.100000 0.000000
vn 0.000000 0.100000 0.000000
vn 0.000000 0.100000 0.000000
vn 0.000000 0.100000 0.000000
vn 0.000000 0.100000 0.000000
vn 0.000000 0.100000 0.000000
vn 0.000000 0.100000 0.000000
vn 0.000000 0.100000 0.000000
vn 0.000000 0.100000 0.000000
vn 0.000000 0.100000 0.000000
vn 0.000000 0.100000 0.000000
vn 0.000000 0.100000 0.000000
vn 0.000000 0.100000 0.000000
vn 0.000000 0.100000 0.000000
vn 0.000000 0.100000 0.000000
vn 0.000000 0.100000 0.000000
vn 0.000000 0.100000 0.000000
vn 0.000000 0.100000 0.000000
vn 0.000000 0.100000 0.000000
vn 0.000000 0.100000 0.000000
vn 0.000000 0.100000 0.000000
vn 0.000000 0.100000 0.000000
vn 0.000000 0.100000 0.000000
vn 0.000000 0.100000 0.000000
vn 0.000000 0.100000 0.000000
vn 0.000000 0.100000 0.000000
vn 0.000000 0.100000 0.000000
vn 0.000000 0.100000 0.000000
vn 0.000000 0.100000 0.000000
vn 0.000000 0.100000 0.000000
vn 0.000000 0.100000 0.000000
vn 0.000000 0.100000 0.000000
vn 0.000000 0.100000 0.000000
vn 0.000000 0.100000 0.000000
vn 0.000000 0.100000 0.000000
vn 0.000000 0.100000 0.000000
vn 0.000000 0.100000 0.000000
vn 0.000000 0.100000 0.000000
vn 0.000000 0.100000 0.000000
vn 0.000000 0.100000 0.000000
vn 0.000000 0.100000 0.000000
vn 0.000000 0.100000 0.000000
vn 0.000000 0.100000 0.000000
vn 0.000000 0.100000 0.000000
vn 0.000000 0.100000 0.000000
vn 0.000000 0.100000 0.000000
vn 0.000000 0.100000 0.000000
vn 0.000000 0.100000 0.000000
vn 0.000000 0.100000 0.000000
vn 0.000000 0.100000 0.000000
vn 0.000000 0.100000 0.000000
vn 0.000000 0.100000 0.000000
vn 0.000000 0.100000 0.000000
vn -0.000000 0.000000 0.100000
vn -0.000000 0.000000 0.100000
vn -0.000000 0.011389 0.099349
vn -0.000000 0.013053 0.099144
vn -0.000000 0.022889 0.097345
vn -0.000000 0.025882 0.096593
vn -0.000000 0.034201 0.093970
vn -0.000000 0.038268 0.092388
vn -0.000000 0.045051 0.089277
vn -0.000000 0.050000 0.086603
vn -0.000000 0.055207 0.083380
vn -0.000000 0.060876 0.079335
vn -0.000000 0.064448 0.076462
vn -0.000000 0.070711 0.070711
vn -0.000000 0.072592 0.068778
vn -0.000000 0.079335 0.060876
vn -0.000000 0.079836 0.060218
vn -0.000000 0.083129 0.055584
vn -0.000000 0.086603 0.050000
vn -0.000000 0.086114 0.050837
vn -0.000000 0.091031 0.041393
vn -0.000000 0.092388 0.038268
vn -0.000000 0.094533 0.032612
vn -0.000000 0.096593 0.025882
vn -0.000000 0.096963 0.024457
vn -0.000000 0.098556 0.016933
vn -0.000000 0.099144 0.013053
vn -0.000000 0.099475 0.010230
vn -0.000000 0.099897 0.004541
vn -0.000000 0.099144 0.013053
vn -0.000000 0.099897 0.004541
vn -0.000000 0.099475 0.010230
vn -0.000000 0.098556 0.016933
vn -0.000000 0.096593 0.025882
vn -0.000000 0.096963 0.024457
vn -0.000000 0.094533 0.032612
vn -0.000000 0.092388 0.038268
vn -0.000000 0.091031 0.041393
vn -0.000000 0.086603 0.050000
vn -0.000000 0.086114 0.050837
vn -0.000000 0.083129 0.055584
vn -0.000000 0.079335 0.060876
vn -0.000000 0.079836 0.060218
vn -0.000000 0.072592 0.068778
vn -0.000000 0.070711 0.070711
vn -0.000000 0.064448 0.076462
vn -0.000000 0.060876 0.079335
vn -0.000000 0.055207 0.083380
vn -0.000000 0.050000 0.086603
vn -0.000000 0.045051 0.089277
vn -0.000000 0.038268 0.092388
vn -0.000000 0.034201 0.093970
vn -0.000000 0.025882 0.096593
vn -0.000000 0.022889 0.097345
vn -0.000000 0.013053 0.099144
vn -0.000000 0.011389 0.099349
vn -0.000000 0.000000 0.100000
vn -0.000000 0.000000 0.100000
vn 0.000000 -0.100000 0.000000
vn -0.000000 -0.099897 0.004541
vn 0.000000 -0.100000 -0.000000
vn -0.000000 -0.099897 0.004541
vn -0.000000 -0.099475 0.010230
vn -0.000000 -0.099144 0.013053
vn -0.000000 -0.098556 0.016933
vn -0.000000 -0.096593 0.025882
vn -0.000000 -0.096963 0.024457
vn -0.000000 -0.094533 0.032612
vn -0.000000 -0.092388 0.038268
vn -0.000000 -0.091031 0.041393
vn -0.000000 -0.086603 0.050000
vn -0.000000 -0.086114 0.050837
vn -0.000000 -0.083129 0.055584
vn -0.000000 -0.079335 0.060876
vn -0.000000 -0.079836 0.060218
vn -0.000000 -0.072592 0.068778
vn -0.000000 -0.070711 0.070711
vn -0.000000 -0.064448 0.076462
vn -0.000000 -0.060876 0.079335
vn -0.000000 -0.055207 0.083380
vn -0.000000 -0.050000 0.086603
vn -0.000000 -0.045051 0.089277
vn -0.000000 -0.038268 0.092388
vn -0.000000 -0.034201 0.093970
vn -0.000000 -0.025882 0.096593
vn -0.000000 -0.022889 0.097345
vn -0.000000 -0.013053 0.099144
vn -0.000000 -0.011389 0.099349
vn -0.000000 -0.013053 0.099144
vn -0.000000 -0.011389 0.099349
vn -0.000000 -0.022889 0.097345
vn -0.000000 -0.025882 0.096593
vn -0.000000 -0.034201 0.093970
vn -0.000000 -0.038268 0.092388
vn -0.000000 -0.045051 0.089277
vn -0.000000 -0.050000 0.086603
vn -0.000000 -0.055207 0.083380
vn -0.000000 -0.060876 0.079335
vn -0.000000 -0.064448 0.076462
vn -0.000000 -0.070711 0.070711
vn -0.000000 -0.072592 0.068778
vn -0.000000 -0.079335 0.060876
vn -0.000000 -0.079836 0.060218
vn -0.000000 -0.083129 0.055584
vn -0.000000 -0.086603 0.050000
vn -0.000000 -0.086114 0.050837
vn -0.000000 -0.091031 0.041393
vn -0.000000 -0.092388 0.038268
vn -0.000000 -0.094533 0.032612
vn -0.000000 -0.096593 0.025882
vn -0.000000 -0.096963 0.024457
vn -0.000000 -0.098556 0.016933
vn -0.000000 -0.099144 0.013053
vn -0.000000 -0.099475 0.010230
vn 0.000000 0.000000 -0.100000
vn 0.000000 0.000000 -0.100000
vn 0.000000 0.011389 -0.099349
vn 0.000000 0.013053 -0.099144
vn 0.000000 0.022889 -0.097345
vn 0.000000 0.025882 -0.096593
vn 0.000000 0.034201 -0.093970
vn 0.000000 0.038268 -0.092388
vn 0.000000 0.045051 -0.089277
vn 0.000000 0.050000 -0.086603
vn 0.000000 0.055207 -0.083380
vn 0.000000 0.060876 -0.079335
vn 0.000000 0.064448 -0.076462
vn 0.000000 0.070711 -0.070711
vn 0.000000 0.072592 -0.068778
vn 0.000000 0.079335 -0.060876
vn 0.000000 0.079836 -0.060218
vn 0.000000 0.083129 -0.055584
vn 0.000000 0.086603 -0.050000
vn 0.000000 0.086114 -0.050837
vn 0.000000 0.091031 -0.041393
vn 0.000000 0.092388 -0.038268
vn 0.000000 0.094533 -0.032612
vn 0.000000 0.096593 -0.025882
vn 0.000000 0.096963 -0.024457
vn 0.000000 0.098556 -0.016933
vn 0.000000 0.099144 -0.013053
vn 0.000000 0.099475 -0.010230
vn 0.000000 0.099897 -0.004541
vn 0.000000 0.099144 -0.013053
vn 0.000000 0.099475 -0.010230
vn 0.000000 0.098556 -0.016933
vn 0.000000 0.096593 -0.025882
vn 0.000000 0.096963 -0.024457
vn 0.000000 0.094533 -0.032612
vn 0.000000 0.092388 -0.038268
vn 0.000000 0.091031 -0.041393
vn 0.000000 0.086603 -0.050000
vn 0.000000 0.086114 -0.050837
vn 0.000000 0.083129 -0.055584
vn 0.000000 0.079335 -0.060876
vn 0.000000 0.079836 -0.060218
vn 0.000000 0.072592 -0.068778
vn 0.000000 0.070711 -0.070711
vn 0.000000 0.064448 -0.076462
vn 0.000000 0.060876 -0.079335
vn 0.000000 0.055207 -0.083380
vn 0.000000 0.050000 -0.086603
vn 0.000000 0.045051 -0.089277
vn 0.000000 0.038268 -0.092388
vn 0.000000 0.034201 -0.093970
vn 0.000000 0.025882 -0.096593
vn 0.000000 0.022889 -0.097345
vn 0.000000 0.013053 -0.099144
vn 0.000000 0.011389 -0.099349
vn 0.000000 0.099897 -0.004541
vn 0.000000 0.000000 -0.100000
vn 0.000000 0.000000 -0.100000
vn 0.000000 -0.100000 0.000000
vn 0.000000 -0.100000 0.000000
vn 0.000000 -0.099897 -0.004541
vn 0.000000 -0.099144 -0.013053
vn 0.000000 -0.099475 -0.010230
vn 0.000000 -0.098556 -0.016933
vn 0.000000 -0.096593 -0.025882
vn 0.000000 -0.096963 -0.024457
vn 0.000000 -0.094533 -0.032612
vn 0.000000 -0.092388 -0.038268
vn 0.000000 -0.091031 -0.041393
vn 0.000000 -0.086603 -0.050000
vn 0.000000 -0.086114 -0.050837
vn 0.000000 -0.083129 -0.055584
vn 0.000000 -0.079335 -0.060876
vn 0.000000 -0.079836 -0.060218
vn 0.000000 -0.072592 -0.068778
vn 0.000000 -0.070711 -0.070711
vn 0.000000 -0.064448 -0.076462
vn 0.000000 -0.060876 -0.079335
vn 0.000000 -0.055207 -0.083380
vn 0.000000 -0.050000 -0.086603
vn 0.000000 -0.045051 -0.089277
vn 0.000000 -0.038268 -0.092388
vn 0.000000 -0.034201 -0.093970
vn 0.000000 -0.025882 -0.096593
vn 0.000000 -0.022889 -0.097345
vn 0.000000 -0.013053 -0.099144
vn 0.000000 -0.011389 -0.099349
vn 0.000000 -0.013053 -0.099144
vn 0.000000 -0.011389 -0.099349
vn 0.000000 -0.022889 -0.097345
vn 0.000000 -0.025882 -0.096593
vn 0.000000 -0.034201 -0.093970
vn 0.000000 -0.038268 -0.092388
vn 0.000000 -0.045051 -0.089277
vn 0.000000 -0.050000 -0.086603
vn 0.000000 -0.055207 -0.083380
vn 0.000000 -0.060876 -0.079335
vn 0.000000 -0.064448 -0.076462
vn 0.000000 -0.070711 -0.070711
vn 0.000000 -0.072592 -0.068778
vn 0.000000 -0.079335 -0.060876
vn 0.000000 -0.079836 -0.060218
vn 0.000000 -0.083129 -0.055584
vn 0.000000 -0.086603 -0.050000
vn 0.000000 -0.086114 -0.050837
vn 0.000000 -0.091031 -0.041393
vn 0.000000 -0.092388 -0.038268
vn 0.000000 -0.094533 -0.032612
vn 0.000000 -0.096593 -0.025882
vn 0.000000 -0.096963 -0.024457
vn 0.000000 -0.098556 -0.016933
vn 0.000000 -0.099144 -0.013053
vn 0.000000 -0.099475 -0.010230
vn 0.000000 -0.099897 -0.004541
vn -0.070711 -0.070711 -0.000000
vn -0.070711 -0.070711 -0.000000
vn -0.070711 -0.070711 -0.000000
vn -0.070711 -0.070711 -0.000000
vn -0.070711 -0.070711 -0.000000
vn -0.070711 -0.070711 -0.000000
vn -0.070711 -0.070711 -0.000000
vn -0.070711 -0.070711 -0.000000
vn -0.070711 -0.070711 -0.000000
vn -0.070711 -0.070711 -0.000000
vn -0.070711 -0.070711 -0.000000
vn -0.070711 -0.070711 -0.000000
vn -0.070711 -0.070711 -0.000000
vn -0.070711 -0.070711 -0.000000
vn -0.070711 -0.070711 -0.000000
vn -0.070711 -0.070711 -0.000000
vn -0.070711 -0.070711 -0.000000
vn -0.070711 -0.070711 -0.000000
vn -0.070711 -0.070711 -0.000000
vn -0.070711 -0.070711 -0.000000
vn -0.070711 -0.000000 0.070711
vn -0.070711 -0.000000 0.070711
vn -0.070711 -0.000000 0.070711
vn -0.070711 -0.000000 0.070711
vn -0.070711 -0.000000 0.070711
vn -0.070711 -0.000000 0.070711
vn -0.070711 -0.000000 0.070711
vn -0.070711 -0.000000 0.070711
vn -0.070711 -0.000000 0.070711
vn -0.070711 -0.000000 0.070711
vn -0.070711 -0.000000 0.070711
vn -0.070711 -0.000000 0.070711
vn -0.070711 -0.000000 0.070711
vn -0.070711 -0.000000 0.070711
vn -0.070711 -0.000000 0.070711
vn -0.070711 -0.000000 0.070711
vn -0.070711 -0.000000 0.070711
vn -0.070711 -0.000000 0.070711
vn -0.070711 -0.000000 0.070711
vn -0.070711 -0.000000 0.070711
vn -0.070711 0.070711 -0.000000
vn -0.070711 0.070711 -0.000000
vn -0.070711 0.070711 -0.000000
vn -0.070711 0.070711 -0.000000
vn -0.070711 0.070711 -0.000000
vn -0.070711 0.070711 -0.000000
vn -0.070711 0.070711 -0.000000
vn -0.070711 0.070711 -0.000000
vn -0.070711 0.070711 -0.000000
vn -0.070711 0.070711 -0.000000
vn -0.070711 0.070711 -0.000000
vn -0.070711 0.070711 -0.000000
vn -0.070711 0.070711 -0.000000
vn -0.070711 0.070711 -0.000000
vn -0.070711 0.070711 -0.000000
vn -0.070711 0.070711 -0.000000
vn -0.070711 0.070711 -0.000000
vn -0.070711 0.070711 -0.000000
vn -0.070711 0.070711 -0.000000
vn -0.070711 0.070711 -0.000000
vn -0.070711 0.000000 -0.070711
vn -0.070711 0.000000 -0.070711
vn -0.070711 0.000000 -0.070711
vn -0.070711 0.000000 -0.070711
vn -0.070711 0.000000 -0.070711
vn -0.070711 0.000000 -0.070711
vn -0.070711 0.000000 -0.070711
vn -0.070711 0.000000 -0.070711
vn -0.070711 0.000000 -0.070711
vn -0.070711 0.000000 -0.070711
vn -0.070711 0.000000 -0.070711
vn -0.070711 0.000000 -0.070711
vn -0.070711 0.000000 -0.070711
vn -0.070711 0.000000 -0.070711
vn -0.070711 0.000000 -0.070711
vn -0.070711 0.000000 -0.070711
vn -0.070711 0.000000 -0.070711
vn -0.070711 0.000000 -0.070711
vn -0.070711 0.000000 -0.070711
vn -0.070711 0.000000 -0.070711
vn 0.000000 0.000000 -0.100000
vn 0.000000 0.000000 -0.100000
vn 0.000000 0.000000 -0.100000
vn 0.000000 0.000000 -0.100000
vn 0.000000 -0.100000 -0.000000
vn 0.000000 -0.100000 -0.000000
vn 0.000000 -0.100000 -0.000000
vn 0.000000 -0.100000 -0.000000
vn 0.070711 0.000000 -0.070711
vn 0.070711 0.000000 -0.070711
vn 0.070711 0.000000 -0.070711
vn 0.070711 0.000000 -0.070711
vn 0.070711 0.000000 -0.070711
vn 0.070711 0.000000 -0.070711
vn 0.070711 0.000000 -0.070711
vn 0.070711 0.000000 -0.070711
vn 0.070711 0.000000 -0.070711
vn 0.070711 0.000000 -0.070711
vn 0.070711 0.000000 -0.070711
vn 0.070711 0.000000 -0.070711
vn 0.070711 0.000000 -0.070711
vn 0.070711 0.000000 -0.070711
vn 0.070711 0.000000 -0.070711
vn 0.070711 0.000000 -0.070711
vn 0.070711 0.000000 -0.070711
vn 0.070711 0.000000 -0.070711
vn 0.070711 0.000000 -0.070711
vn 0.070711 0.000000 -0.070711
vn 0.070711 0.070711 0.000000
vn 0.070711 0.070711 0.000000
vn 0.070711 0.070711 0.000000
vn 0.070711 0.070711 0.000000
vn 0.070711 0.070711 0.000000
vn 0.070711 0.070711 0.000000
vn 0.070711 0.070711 0.000000
vn 0.070711 0.070711 0.000000
vn 0.070711 0.070711 0.000000
vn 0.070711 0.070711 0.000000
vn 0.070711 0.070711 0.000000
vn 0.070711 0.070711 0.000000
vn 0.070711 0.070711 0.000000
vn 0.070711 0.070711 0.000000
vn 0.070711 0.070711 0.000000
vn 0.070711 0.070711 0.000000
vn 0.070711 0.070711 0.000000
vn 0.070711 0.070711 0.000000
vn 0.070711 0.070711 0.000000
vn 0.070711 0.070711 0.000000
vn 0.070711 -0.000000 0.070711
vn 0.070711 -0.000000 0.070711
vn 0.070711 -0.000000 0.070711
vn 0.070711 -0.000000 0.070711
vn 0.070711 -0.000000 0.070711
vn 0.070711 -0.000000 0.070711
vn 0.070711 -0.000000 0.070711
vn 0.070711 -0.000000 0.070711
vn 0.070711 -0.000000 0.070711
vn 0.070711 -0.000000 0.070711
vn 0.070711 -0.000000 0.070711
vn 0.070711 -0.000000 0.070711
vn 0.070711 -0.000000 0.070711
vn 0.070711 -0.000000 0.070711
vn 0.070711 -0.000000 0.070711
vn 0.070711 -0.000000 0.070711
vn 0.070711 -0.000000 0.070711
vn 0.070711 -0.000000 0.070711
vn 0.070711 -0.000000 0.070711
vn 0.070711 -0.000000 0.070711
vn 0.070711 -0.070711 0.000000
vn 0.070711 -0.070711 0.000000
vn 0.070711 -0.070711 0.000000
vn 0.070711 -0.070711 0.000000
vn 0.070711 -0.070711 0.000000
vn 0.070711 -0.070711 0.000000
vn 0.070711 -0.070711 0.000000
vn 0.070711 -0.070711 0.000000
vn 0.070711 -0.070711 0.000000
vn 0.070711 -0.070711 0.000000
vn 0.070711 -0.070711 0.000000
vn 0.070711 -0.070711 0.000000
vn 0.070711 -0.070711 0.000000
vn 0.070711 -0.070711 0.000000
vn 0.070711 -0.070711 0.000000
vn 0.070711 -0.070711 0.000000
vn 0.070711 -0.070711 0.000000
vn 0.070711 -0.070711 0.000000
vn 0.070711 -0.070711 0.000000
vn 0.070711 -0.070711 0.000000
vn -0.070711 -0.070711 -0.000000
vn -0.070711 -0.070711 -0.000000
vn -0.070711 -0.070711 -0.000000
vn -0.070711 -0.070711 -0.000000
vn -0.070711 -0.070711 -0.000000
vn -0.070711 -0.070711 -0.000000
vn -0.070711 -0.070711 -0.000000
vn -0.070711 -0.070711 -0.000000
vn -0.070711 -0.070711 -0.000000
vn -0.070711 -0.070711 -0.000000
vn -0.070711 -0.070711 -0.000000
vn -0.070711 -0.070711 -0.000000
vn -0.070711 -0.070711 -0.000000
vn -0.070711 -0.070711 -0.000000
vn -0.070711 -0.070711 -0.000000
vn -0.070711 -0.070711 -0.000000
vn -0.070711 -0.070711 -0.000000
vn -0.070711 -0.070711 -0.000000
vn -0.070711 -0.070711 -0.000000
vn -0.070711 -0.070711 -0.000000
vn -0.070711 -0.000000 0.070711
vn -0.070711 -0.000000 0.070711
vn -0.070711 -0.000000 0.070711
vn -0.070711 -0.000000 0.070711
vn -0.070711 -0.000000 0.070711
vn -0.070711 -0.000000 0.070711
vn -0.070711 -0.000000 0.070711
vn -0.070711 -0.000000 0.070711
vn -0.070711 -0.000000 0.070711
vn -0.070711 -0.000000 0.070711
vn -0.070711 -0.000000 0.070711
vn -0.070711 -0.000000 0.070711
vn -0.070711 -0.000000 0.070711
vn -0.070711 -0.000000 0.070711
vn -0.070711 -0.000000 0.070711
vn -0.070711 -0.000000 0.070711
vn -0.070711 -0.000000 0.070711
vn -0.070711 -0.000000 0.070711
vn -0.070711 -0.000000 0.070711
vn -0.070711 -0.000000 0.070711
vn -0.070711 0.070711 -0.000000
vn -0.070711 0.070711 -0.000000
vn -0.070711 0.070711 -0.000000
vn -0.070711 0.070711 -0.000000
vn -0.070711 0.070711 -0.000000
vn -0.070711 0.070711 -0.000000
vn -0.070711 0.070711 -0.000000
vn -0.070711 0.070711 -0.000000
vn -0.070711 0.070711 -0.000000
vn -0.070711 0.070711 -0.000000
vn -0.070711 0.070711 -0.000000
vn -0.070711 0.070711 -0.000000
vn -0.070711 0.070711 -0.000000
vn -0.070711 0.070711 -0.000000
vn -0.070711 0.070711 -0.000000
vn -0.070711 0.070711 -0.000000
vn -0.070711 0.070711 -0.000000
vn -0.070711 0.070711 -0.000000
vn -0.070711 0.070711 -0.000000
vn -0.070711 0.070711 -0.000000
vn -0.070711 0.000000 -0.070711
vn -0.070711 0.000000 -0.070711
vn -0.070711 0.000000 -0.070711
vn -0.070711 0.000000 -0.070711
vn -0.070711 0.000000 -0.070711
vn -0.070711 0.000000 -0.070711
vn -0.070711 0.000000 -0.070711
vn -0.070711 0.000000 -0.070711
vn -0.070711 0.000000 -0.070711
vn -0.070711 0.000000 -0.070711
vn -0.070711 0.000000 -0.070711
vn -0.070711 0.000000 -0.070711
vn -0.070711 0.000000 -0.070711
vn -0.070711 0.000000 -0.070711
vn -0.070711 0.000000 -0.070711
vn -0.070711 0.000000 -0.070711
vn -0.070711 0.000000 -0.070711
vn -0.070711 0.000000 -0.070711
vn -0.070711 0.000000 -0.070711
vn -0.070711 0.000000 -0.070711
vn 0.000000 0.000000 -0.100000
vn 0.000000 0.000000 -0.100000
vn 0.000000 0.000000 -0.100000
vn 0.000000 0.000000 -0.100000
vn 0.000000 -0.100000 -0.000000
vn 0.000000 -0.100000 -0.000000
vn 0.000000 -0.100000 -0.000000
vn 0.000000 -0.100000 -0.000000
vn 0.070711 0.000000 -0.070711
vn 0.070711 0.000000 -0.070711
vn 0.070711 0.000000 -0.070711
vn 0.070711 0.000000 -0.070711
vn 0.070711 0.000000 -0.070711
vn 0.070711 0.000000 -0.070711
vn 0.070711 0.000000 -0.070711
vn 0.070711 0.000000 -0.070711
vn 0.070711 0.000000 -0.070711
vn 0.070711 0.000000 -0.070711
vn 0.070711 0.000000 -0.070711
vn 0.070711 0.000000 -0.070711
vn 0.070711 0.000000 -0.070711
vn 0.070711 0.000000 -0.070711
vn 0.070711 0.000000 -0.070711
vn 0.070711 0.000000 -0.070711
vn 0.070711 0.000000 -0.070711
vn 0.070711 0.000000 -0.070711
vn 0.070711 0.000000 -0.070711
vn 0.070711 0.000000 -0.070711
vn 0.070711 0.070711 0.000000
vn 0.070711 0.070711 0.000000
vn 0.070711 0.070711 0.000000
vn 0.070711 0.070711 0.000000
vn 0.070711 0.070711 0.000000
vn 0.070711 0.070711 0.000000
vn 0.070711 0.070711 0.000000
vn 0.070711 0.070711 0.000000
vn 0.070711 0.070711 0.000000
vn 0.070711 0.070711 0.000000
vn 0.070711 0.070711 0.000000
vn 0.070711 0.070711 0.000000
vn 0.070711 0.070711 0.000000
vn 0.070711 0.070711 0.000000
vn 0.070711 0.070711 0.000000
vn 0.070711 0.070711 0.000000
vn 0.070711 0.070711 0.000000
vn 0.070711 0.070711 0.000000
vn 0.070711 0.070711 0.000000
vn 0.070711 0.070711 0.000000
vn 0.070711 -0.000000 0.070711
vn 0.070711 -0.000000 0.070711
vn 0.070711 -0.000000 0.070711
vn 0.070711 -0.000000 0.070711
vn 0.070711 -0.000000 0.070711
vn 0.070711 -0.000000 0.070711
vn 0.070711 -0.000000 0.070711
vn 0.070711 -0.000000 0.070711
vn 0.070711 -0.000000 0.070711
vn 0.070711 -0.000000 0.070711
vn 0.070711 -0.000000 0.070711
vn 0.070711 -0.000000 0.070711
vn 0.070711 -0.000000 0.070711
vn 0.070711 -0.000000 0.070711
vn 0.070711 -0.000000 0.070711
vn 0.070711 -0.000000 0.070711
vn 0.070711 -0.000000 0.070711
vn 0.070711 -0.000000 0.070711
vn 0.070711 -0.000000 0.070711
vn 0.070711 -0.000000 0.070711
vn 0.070711 -0.070711 0.000000
vn 0.070711 -0.070711 0.000000
vn 0.070711 -0.070711 0.000000
vn 0.070711 -0.070711 0.000000
vn 0.070711 -0.070711 0.000000
vn 0.070711 -0.070711 0.000000
vn 0.070711 -0.070711 0.000000
vn 0.070711 -0.070711 0.000000
vn 0.070711 -0.070711 0.000000
vn 0.070711 -0.070711 0.000000
vn 0.070711 -0.070711 0.000000
vn 0.070711 -0.070711 0.000000
vn 0.070711 -0.070711 0.000000
vn 0.070711 -0.070711 0.000000
vn 0.070711 -0.070711 0.000000
vn 0.070711 -0.070711 0.000000
vn 0.070711 -0.070711 0.000000
vn 0.070711 -0.070711 0.000000
vn 0.070711 -0.070711 0.000000
vn 0.070711 -0.070711 0.000000
vn -0.000000 -0.000000 0.100000
vn -0.000000 -0.000000 0.100000
vn -0.000000 -0.000000 0.100000
vn -0.000000 -0.000000 0.100000
vn -0.000000 -0.000000 0.100000
vn -0.000000 -0.000000 0.100000
vn -0.000000 -0.000000 0.100000
vn -0.000000 -0.000000 0.100000
vn -0.000000 -0.000000 0.100000
vn -0.000000 -0.000000 0.100000
vn -0.000000 0.009802 0.099518
vn -0.000000 0.009802 0.099518
vn -0.000000 0.019509 0.098079
vn -0.000000 0.019509 0.098079
vn -0.000000 0.029028 0.095694
vn -0.000000 0.029028 0.095694
vn -0.000000 0.038268 0.092388
vn -0.000000 0.038268 0.092388
vn -0.000000 0.047140 0.088192
vn -0.000000 0.047140 0.088192
vn -0.000000 0.055557 0.083147
vn -0.000000 0.055557 0.083147
vn -0.000000 0.063439 0.077301
vn -0.000000 0.063439 0.077301
vn -0.000000 0.070711 0.070711
vn -0.000000 0.070711 0.070711
vn -0.000000 0.077301 0.063439
vn -0.000000 0.077301 0.063439
vn -0.000000 0.083147 0.055557
vn -0.000000 0.083147 0.055557
vn -0.000000 0.088192 0.047140
vn -0.000000 0.088192 0.047140
vn -0.000000 0.092388 0.038268
vn -0.000000 0.092388 0.038268
vn -0.000000 0.095694 0.029028
vn -0.000000 0.095694 0.029028
vn -0.000000 0.098079 0.019509
vn -0.000000 0.098079 0.019509
vn -0.000000 0.099518 0.009802
vn -0.000000 0.099518 0.009802
vn 0.000000 0.100000 0.000000
vn 0.000000 0.100000 0.000000
vn -0.000000 0.000000 0.100000
vn -0.000000 0.000000 0.100000
vn 0.000000 -0.100000 0.000000
vn 0.000000 -0.100000 0.000000
vn -0.000000 -0.099518 0.009802
vn -0.000000 -0.099518 0.009802
vn -0.000000 -0.098079 0.019509
vn -0.000000 -0.098079 0.019509
vn -0.000000 -0.095694 0.029028
vn -0.000000 -0.095694 0.029028
vn -0.000000 -0.092388 0.038268
vn -0.000000 -0.092388 0.038268
vn -0.000000 -0.088192 0.047140
vn -0.000000 -0.088192 0.047140
vn -0.000000 -0.083147 0.055557
vn -0.000000 -0.083147 0.055557
vn -0.000000 -0.077301 0.063439
vn -0.000000 -0.077301 0.063439
vn -0.000000 -0.070711 0.070711
vn -0.000000 -0.070711 0.070711
vn -0.000000 -0.063439 0.077301
vn -0.000000 -0.063439 0.077301
vn -0.000000 -0.055557 0.083147
vn -0.000000 -0.055557 0.083147
vn -0.000000 -0.047140 0.088192
vn -0.000000 -0.047140 0.088192
vn -0.000000 -0.038268 0.092388
vn -0.000000 -0.038268 0.092388
vn -0.000000 -0.029028 0.095694
vn -0.000000 -0.029028 0.095694
vn -0.000000 -0.019509 0.098079
vn -0.000000 -0.019509 0.098079
vn -0.000000 -0.009802 0.099518
vn -0.000000 -0.009802 0.099518
vn 0.000000 -0.100000 0.000000
vn 0.000000 -0.100000 0.000000
vn 0.000000 0.000000 -0.100000
vn 0.000000 0.000000 -0.100000
vn 0.000000 -0.009802 -0.099518
vn 0.000000 -0.009802 -0.099518
vn 0.000000 -0.019509 -0.098079
vn 0.000000 -0.019509 -0.098079
vn 0.000000 -0.029028 -0.095694
vn 0.000000 -0.029028 -0.095694
vn 0.000000 -0.038268 -0.092388
vn 0.000000 -0.038268 -0.092388
vn 0.000000 -0.047140 -0.088192
vn 0.000000 -0.047140 -0.088192
vn 0.000000 -0.055557 -0.083147
vn 0.000000 -0.055557 -0.083147
vn 0.000000 -0.063439 -0.077301
vn 0.000000 -0.063439 -0.077301
vn 0.000000 -0.070711 -0.070711
vn 0.000000 -0.070711 -0.070711
vn 0.000000 -0.077301 -0.063439
vn 0.000000 -0.077301 -0.063439
vn 0.000000 -0.083147 -0.055557
vn 0.000000 -0.083147 -0.055557
vn 0.000000 -0.088192 -0.047140
vn 0.000000 -0.088192 -0.047140
vn 0.000000 -0.092388 -0.038268
vn 0.000000 -0.092388 -0.038268
vn 0.000000 -0.095694 -0.029028
vn 0.000000 -0.095694 -0.029028
vn 0.000000 -0.098079 -0.019509
vn 0.000000 -0.098079 -0.019509
vn 0.000000 -0.099518 -0.009802
vn 0.000000 -0.099518 -0.009802
vn 0.000000 0.000000 -0.100000
vn 0.000000 0.000000 -0.100000
vn 0.000000 0.100000 0.000000
vn 0.000000 0.100000 0.000000
vn 0.000000 0.099518 -0.009802
vn 0.000000 0.099518 -0.009802
vn 0.000000 0.098079 -0.019509
vn 0.000000 0.098079 -0.019509
vn 0.000000 0.095694 -0.029028
vn 0.000000 0.095694 -0.029028
vn 0.000000 0.092388 -0.038268
vn 0.000000 0.092388 -0.038268
vn 0.000000 0.088192 -0.047140
vn 0.000000 0.088192 -0.047140
vn 0.000000 0.083147 -0.055557
vn 0.000000 0.083147 -0.055557
vn 0.000000 0.077301 -0.063439
vn 0.000000 0.077301 -0.063439
vn 0.000000 0.070711 -0.070711
vn 0.000000 0.070711 -0.070711
vn 0.000000 0.063439 -0.077301
vn 0.000000 0.063439 -0.077301
vn 0.000000 0.055557 -0.083147
vn 0.000000 0.055557 -0.083147
vn 0.000000 0.047140 -0.088192
vn 0.000000 0.047140 -0.088192
vn 0.000000 0.038268 -0.092388
vn 0.000000 0.038268 -0.092388
vn 0.000000 0.029028 -0.095694
vn 0.000000 0.029028 -0.095694
vn 0.000000 0.019509 -0.098079
vn 0.000000 0.019509 -0.098079
vn 0.000000 0.009802 -0.099518
vn 0.000000 0.009802 -0.099518
vn -0.000000 0.100000 -0.000000
vn -0.000000 0.100000 -0.000000
vn -0.000000 0.100000 -0.000000
vn -0.000000 0.100000 -0.000000
vn -0.000000 -0.000000 0.100000
vn -0.000000 0.000000 0.100000
vn -0.000000 0.009802 0.099518
vn -0.000000 0.013053 0.099144
vn -0.000000 0.019509 0.098079
vn -0.000000 0.025882 0.096593
vn -0.000000 0.029028 0.095694
vn -0.000000 0.038268 0.092388
vn -0.000000 0.038268 0.092388
vn -0.000000 0.047140 0.088192
vn -0.000000 0.050000 0.086603
vn -0.000000 0.055557 0.083147
vn -0.000000 0.060876 0.079335
vn -0.000000 0.063439 0.077301
vn -0.000000 0.070711 0.070711
vn -0.000000 0.070711 0.070711
vn -0.000000 0.077301 0.063439
vn -0.000000 0.079335 0.060876
vn -0.000000 0.083147 0.055557
vn -0.000000 0.086603 0.050000
vn -0.000000 0.088192 0.047140
vn -0.000000 0.092388 0.038268
vn -0.000000 0.092388 0.038268
vn -0.000000 0.095694 0.029028
vn -0.000000 0.096593 0.025882
vn -0.000000 0.098079 0.019509
vn -0.000000 0.099144 0.013053
vn -0.000000 0.099518 0.009802
vn 0.000000 0.100000 0.000000
vn 0.000000 0.100000 0.000000
vn -0.000000 0.000000 0.100000
vn -0.000000 0.000000 0.100000
vn 0.000000 -0.100000 0.000000
vn 0.000000 -0.100000 0.000000
vn -0.000000 -0.099518 0.009802
vn -0.000000 -0.099144 0.013053
vn -0.000000 -0.098079 0.019509
vn -0.000000 -0.096593 0.025882
vn -0.000000 -0.095694 0.029028
vn -0.000000 -0.092388 0.038268
vn -0.000000 -0.092388 0.038268
vn -0.000000 -0.088192 0.047140
vn -0.000000 -0.086603 0.050000
vn -0.000000 -0.083147 0.055557
vn -0.000000 -0.079335 0.060876
vn -0.000000 -0.077301 0.063439
vn -0.000000 -0.070711 0.070711
vn -0.000000 -0.070711 0.070711
vn -0.000000 -0.063439 0.077301
vn -0.000000 -0.060876 0.079335
vn -0.000000 -0.055557 0.083147
vn -0.000000 -0.050000 0.086603
vn -0.000000 -0.047140 0.088192
vn -0.000000 -0.038268 0.092388
vn -0.000000 -0.038268 0.092388
vn -0.000000 -0.029028 0.095694
vn -0.000000 -0.025882 0.096593
vn -0.000000 -0.019509 0.098079
vn -0.000000 -0.013053 0.099144
vn -0.000000 -0.009802 0.099518
vn 0.000000 -0.100000 0.000000
vn 0.000000 -0.100000 0.000000
vn 0.000000 0.000000 -0.100000
vn 0.000000 0.000000 -0.100000
vn 0.000000 -0.009802 -0.099518
vn 0.000000 -0.013053 -0.099144
vn 0.000000 -0.019509 -0.098079
vn 0.000000 -0.025882 -0.096593
vn 0.000000 -0.029028 -0.095694
vn 0.000000 -0.038268 -0.092388
vn 0.000000 -0.038268 -0.092388
vn 0.000000 -0.047140 -0.088192
vn 0.000000 -0.050000 -0.086603
vn 0.000000 -0.055557 -0.083147
vn 0.000000 -0.060876 -0.079335
vn 0.000000 -0.063439 -0.077301
vn 0.000000 -0.070711 -0.070711
vn 0.000000 -0.070711 -0.070711
vn 0.000000 -0.077301 -0.063439
vn 0.000000 -0.079335 -0.060876
vn 0.000000 -0.083147 -0.055557
vn 0.000000 -0.086603 -0.050000
vn 0.000000 -0.088192 -0.047140
vn 0.000000 -0.092388 -0.038268
vn 0.000000 -0.092388 -0.038268
vn 0.000000 -0.095694 -0.029028
vn 0.000000 -0.096593 -0.025882
vn 0.000000 -0.098079 -0.019509
vn 0.000000 -0.099144 -0.013053
vn 0.000000 -0.099518 -0.009802
vn 0.000000 0.000000 -0.100000
vn 0.000000 0.000000 -0.100000
vn 0.000000 0.100000 0.000000
vn 0.000000 0.100000 0.000000
vn 0.000000 0.099518 -0.009802
vn 0.000000 0.099144 -0.013053
vn 0.000000 0.098079 -0.019509
vn 0.000000 0.096593 -0.025882
vn 0.000000 0.095694 -0.029028
vn 0.000000 0.092388 -0.038268
vn 0.000000 0.092388 -0.038268
vn 0.000000 0.088192 -0.047140
vn 0.000000 0.086603 -0.050000
vn 0.000000 0.083147 -0.055557
vn 0.000000 0.079335 -0.060876
vn 0.000000 0.077301 -0.063439
vn 0.000000 0.070711 -0.070711
vn 0.000000 0.070711 -0.070711
vn 0.000000 0.063439 -0.077301
vn 0.000000 0.060876 -0.079335
vn 0.000000 0.055557 -0.083147
vn 0.000000 0.050000 -0.086603
vn 0.000000 0.047140 -0.088192
vn 0.000000 0.038268 -0.092388
vn 0.000000 0.038268 -0.092388
vn 0.000000 0.029028 -0.095694
vn 0.000000 0.025882 -0.096593
vn 0.000000 0.019509 -0.098079
vn 0.000000 0.013053 -0.099144
vn 0.000000 0.009802 -0.099518
vn -0.000000 0.100000 -0.000000
vn -0.000000 0.100000 -0.000000
vn -0.000000 0.100000 -0.000000
vn -0.000000 0.100000 -0.000000
vn 0.000000 0.000000 -0.100000
vn 0.000000 0.000000 -0.100000
vn 0.000000 0.009802 -0.099518
vn 0.000000 0.013053 -0.099144
vn 0.000000 0.019509 -0.098079
vn 0.000000 0.025882 -0.096593
vn 0.000000 0.029028 -0.095694
vn 0.000000 0.038268 -0.092388
vn 0.000000 0.038268 -0.092388
vn 0.000000 0.047140 -0.088192
vn 0.000000 0.050000 -0.086603
vn 0.000000 0.055557 -0.083147
vn 0.000000 0.060876 -0.079335
vn 0.000000 0.063439 -0.077301
vn 0.000000 0.070711 -0.070711
vn 0.000000 0.070711 -0.070711
vn 0.000000 0.077301 -0.063439
vn 0.000000 0.079335 -0.060876
vn 0.000000 0.083147 -0.055557
vn 0.000000 0.086603 -0.050000
vn 0.000000 0.088192 -0.047140
vn 0.000000 0.092388 -0.038268
vn 0.000000 0.092388 -0.038268
vn 0.000000 0.095694 -0.029028
vn 0.000000 0.096593 -0.025882
vn 0.000000 0.098079 -0.019509
vn 0.000000 0.099144 -0.013053
vn 0.000000 0.099518 -0.009802
vn 0.000000 0.099897 -0.004541
vn 0.000000 0.011389 -0.099349
vn 0.000000 0.022889 -0.097345
vn 0.000000 0.034201 -0.093970
vn 0.000000 0.045051 -0.089277
vn 0.000000 0.055207 -0.083380
vn 0.000000 0.064448 -0.076462
vn 0.000000 0.072592 -0.068778
vn 0.000000 0.079836 -0.060218
vn 0.000000 0.083129 -0.055584
vn 0.000000 0.086114 -0.050837
vn 0.000000 0.091031 -0.041393
vn 0.000000 0.094533 -0.032612
vn 0.000000 0.096963 -0.024457
vn 0.000000 0.098556 -0.016933
vn 0.000000 0.099475 -0.010230
vn 0.000000 0.100000 0.000000
vn 0.000000 0.100000 0.000000
vn 0.000000 0.100000 0.000000
vn 0.000000 0.100000 0.000000
vn 0.000000 0.000000 -0.100000
vn 0.000000 0.000000 -0.100000
vn 0.000000 0.009802 -0.099518
vn 0.000000 0.009802 -0.099518
vn 0.000000 0.019509 -0.098079
vn 0.000000 0.019509 -0.098079
vn 0.000000 0.029028 -0.095694
vn 0.000000 0.029028 -0.095694
vn 0.000000 0.038268 -0.092388
vn 0.000000 0.038268 -0.092388
vn 0.000000 0.047140 -0.088192
vn 0.000000 0.047140 -0.088192
vn 0.000000 0.055557 -0.083147
vn 0.000000 0.055557 -0.083147
vn 0.000000 0.063439 -0.077301
vn 0.000000 0.063439 -0.077301
vn 0.000000 0.070711 -0.070711
vn 0.000000 0.070711 -0.070711
vn 0.000000 0.077301 -0.063439
vn 0.000000 0.077301 -0.063439
vn 0.000000 0.083147 -0.055557
vn 0.000000 0.083147 -0.055557
vn 0.000000 0.088192 -0.047140
vn 0.000000 0.088192 -0.047140
vn 0.000000 0.092388 -0.038268
vn 0.000000 0.092388 -0.038268
vn 0.000000 0.095694 -0.029028
vn 0.000000 0.095694 -0.029028
vn 0.000000 0.098079 -0.019509
vn 0.000000 0.098079 -0.019509
vn 0.000000 0.099518 -0.009802
vn 0.000000 0.099518 -0.009802
vn -0.070711 -0.070711 -0.000000
vn -0.070711 -0.070711 -0.000000
vn -0.070711 -0.070711 -0.000000
vn -0.070711 -0.070711 -0.000000
vn -0.070711 -0.070711 -0.000000
vn -0.070711 -0.070711 -0.000000
vn -0.070711 -0.070711 -0.000000
vn -0.070711 -0.070711 -0.000000
vn -0.070711 -0.070711 -0.000000
vn -0.070711 -0.070711 -0.000000
vn -0.070711 -0.070711 -0.000000
vn -0.070711 -0.070711 -0.000000
vn -0.070711 -0.070711 -0.000000
vn -0.070711 -0.070711 -0.000000
vn -0.070711 -0.070711 -0.000000
vn -0.070711 -0.070711 -0.000000
vn -0.070711 -0.070711 -0.000000
vn -0.070711 -0.070711 -0.000000
vn -0.070711 -0.070711 -0.000000
vn -0.070711 -0.070711 -0.000000
vn -0.070711 -0.000000 0.070711
vn -0.070711 -0.000000 0.070711
vn -0.070711 -0.000000 0.070711
vn -0.070711 -0.000000 0.070711
vn -0.070711 -0.000000 0.070711
vn -0.070711 -0.000000 0.070711
vn -0.070711 -0.000000 0.070711
vn -0.070711 -0.000000 0.070711
vn -0.070711 -0.000000 0.070711
vn -0.070711 -0.000000 0.070711
vn -0.070711 -0.000000 0.070711
vn -0.070711 -0.000000 0.070711
vn -0.070711 -0.000000 0.070711
vn -0.070711 -0.000000 0.070711
vn -0.070711 -0.000000 0.070711
vn -0.070711 -0.000000 0.070711
vn -0.070711 -0.000000 0.070711
vn -0.070711 -0.000000 0.070711
vn -0.070711 -0.000000 0.070711
vn -0.070711 -0.000000 0.070711
vn -0.070711 0.070711 -0.000000
vn -0.070711 0.070711 -0.000000
vn -0.070711 0.070711 -0.000000
vn -0.070711 0.070711 -0.000000
vn -0.070711 0.070711 -0.000000
vn -0.070711 0.070711 -0.000000
vn -0.070711 0.070711 -0.000000
vn -0.070711 0.070711 -0.000000
vn -0.070711 0.070711 -0.000000
vn -0.070711 0.070711 -0.000000
vn -0.070711 0.070711 -0.000000
vn -0.070711 0.070711 -0.000000
vn -0.070711 0.070711 -0.000000
vn -0.070711 0.070711 -0.000000
vn -0.070711 0.070711 -0.000000
vn -0.070711 0.070711 -0.000000
vn -0.070711 0.070711 -0.000000
vn -0.070711 0.070711 -0.000000
vn -0.070711 0.070711 -0.000000
vn -0.070711 0.070711 -0.000000
vn -0.070711 0.000000 -0.070711
vn -0.070711 0.000000 -0.070711
vn -0.070711 0.000000 -0.070711
vn -0.070711 0.000000 -0.070711
vn -0.070711 0.000000 -0.070711
vn -0.070711 0.000000 -0.070711
vn -0.070711 0.000000 -0.070711
vn -0.070711 0.000000 -0.070711
vn -0.070711 0.000000 -0.070711
vn -0.070711 0.000000 -0.070711
vn -0.070711 0.000000 -0.070711
vn -0.070711 0.000000 -0.070711
vn -0.070711 0.000000 -0.070711
vn -0.070711 0.000000 -0.070711
vn -0.070711 0.000000 -0.070711
vn -0.070711 0.000000 -0.070711
vn -0.070711 0.000000 -0.070711
vn -0.070711 0.000000 -0.070711
vn -0.070711 0.000000 -0.070711
vn -0.070711 0.000000 -0.070711
vn 0.000000 0.000000 -0.100000
vn 0.000000 0.000000 -0.100000
vn 0.000000 0.000000 -0.100000
vn 0.000000 0.000000 -0.100000
vn 0.000000 -0.100000 -0.000000
vn 0.000000 -0.100000 -0.000000
vn 0.000000 -0.100000 -0.000000
vn 0.000000 -0.100000 -0.000000
vn 0.070711 0.000000 -0.070711
vn 0.070711 0.000000 -0.070711
vn 0.070711 0.000000 -0.070711
vn 0.070711 0.000000 -0.070711
vn 0.070711 0.000000 -0.070711
vn 0.070711 0.000000 -0.070711
vn 0.070711 0.000000 -0.070711
vn 0.070711 0.000000 -0.070711
vn 0.070711 0.000000 -0.070711
vn 0.070711 0.000000 -0.070711
vn 0.070711 0.000000 -0.070711
vn 0.070711 0.000000 -0.070711
vn 0.070711 0.000000 -0.070711
vn 0.070711 0.000000 -0.070711
vn 0.070711 0.000000 -0.070711
vn 0.070711 0.000000 -0.070711
vn 0.070711 0.000000 -0.070711
vn 0.070711 0.000000 -0.070711
vn 0.070711 0.000000 -0.070711
vn 0.070711 0.000000 -0.070711
vn 0.070711 0.070711 0.000000
vn 0.070711 0.070711 0.000000
vn 0.070711 0.070711 0.000000
vn 0.070711 0.070711 0.000000
vn 0.070711 0.070711 0.000000
vn 0.070711 0.070711 0.000000
vn 0.070711 0.070711 0.000000
vn 0.070711 0.070711 0.000000
vn 0.070711 0.070711 0.000000
vn 0.070711 0.070711 0.000000
vn 0.070711 0.070711 0.000000
vn 0.070711 0.070711 0.000000
vn 0.070711 0.070711 0.000000
vn 0.070711 0.070711 0.000000
vn 0.070711 0.070711 0.000000
vn 0.070711 0.070711 0.000000
vn 0.070711 0.070711 0.000000
vn 0.070711 0.070711 0.000000
vn 0.070711 0.070711 0.000000
vn 0.070711 0.070711 0.000000
vn 0.070711 -0.000000 0.070711
vn 0.070711 -0.000000 0.070711
vn 0.070711 -0.000000 0.070711
vn 0.070711 -0.000000 0.070711
vn 0.070711 -0.000000 0.070711
vn 0.070711 -0.000000 0.070711
vn 0.070711 -0.000000 0.070711
vn 0.070711 -0.000000 0.070711
vn 0.070711 -0.000000 0.070711
vn 0.070711 -0.000000 0.070711
vn 0.070711 -0.000000 0.070711
vn 0.070711 -0.000000 0.070711
vn 0.070711 -0.000000 0.070711
vn 0.070711 -0.000000 0.070711
vn 0.070711 -0.000000 0.070711
vn 0.070711 -0.000000 0.070711
vn 0.070711 -0.000000 0.070711
vn 0.070711 -0.000000 0.070711
vn 0.070711 -0.000000 0.070711
vn 0.070711 -0.000000 0.070711
vn 0.070711 -0.070711 0.000000
vn 0.070711 -0.070711 0.000000
vn 0.070711 -0.070711 0.000000
vn 0.070711 -0.070711 0.000000
vn 0.070711 -0.070711 0.000000
vn 0.070711 -0.070711 0.000000
vn 0.070711 -0.070711 0.000000
vn 0.070711 -0.070711 0.000000
vn 0.070711 -0.070711 0.000000
vn 0.070711 -0.070711 0.000000
vn 0.070711 -0.070711 0.000000
vn 0.070711 -0.070711 0.000000
vn 0.070711 -0.070711 0.000000
vn 0.070711 -0.070711 0.000000
vn 0.070711 -0.070711 0.000000
vn 0.070711 -0.070711 0.000000
vn 0.070711 -0.070711 0.000000
vn 0.070711 -0.070711 0.000000
vn 0.070711 -0.070711 0.000000
vn 0.070711 -0.070711 0.000000
vn -0.000000 -0.000000 0.100000
vn -0.000000 -0.000000 0.100000
vn -0.000000 -0.000000 0.100000
vn -0.000000 -0.000000 0.100000
vn -0.000000 0.099518 0.009802
vn -0.000000 0.099518 0.009802
vn -0.000000 0.098079 0.019509
vn -0.000000 0.098079 0.019509
vn -0.000000 0.095694 0.029028
vn -0.000000 0.095694 0.029028
vn -0.000000 0.092388 0.038268
vn -0.000000 0.092388 0.038268
vn -0.000000 0.088192 0.047140
vn -0.000000 0.088192 0.047140
vn -0.000000 0.083147 0.055557
vn -0.000000 0.083147 0.055557
vn -0.000000 0.077301 0.063439
vn -0.000000 0.077301 0.063439
vn -0.000000 0.070711 0.070711
vn -0.000000 0.070711 0.070711
vn -0.000000 0.063439 0.077301
vn -0.000000 0.063439 0.077301
vn -0.000000 0.055557 0.083147
vn -0.000000 0.055557 0.083147
vn -0.000000 0.047140 0.088192
vn -0.000000 0.047140 0.088192
vn -0.000000 0.038268 0.092388
vn -0.000000 0.038268 0.092388
vn -0.000000 0.029028 0.095694
vn -0.000000 0.029028 0.095694
vn -0.000000 0.019509 0.098079
vn -0.000000 0.019509 0.098079
vn -0.000000 0.009802 0.099518
vn -0.000000 0.009802 0.099518
vn -0.000000 -0.000000 0.100000
vn -0.000000 -0.000000 0.100000
vn -0.000000 0.000000 0.100000
vn -0.000000 0.000000 0.100000
vn -0.000000 -0.009802 0.099518
vn -0.000000 -0.009802 0.099518
vn -0.000000 -0.019509 0.098079
vn -0.000000 -0.019509 0.098079
vn -0.000000 -0.029028 0.095694
vn -0.000000 -0.029028 0.095694
vn -0.000000 -0.038268 0.092388
vn -0.000000 -0.038268 0.092388
vn -0.000000 -0.047140 0.088192
vn -0.000000 -0.047140 0.088192
vn -0.000000 -0.055557 0.083147
vn -0.000000 -0.055557 0.083147
vn -0.000000 -0.063439 0.077301
vn -0.000000 -0.063439 0.077301
vn -0.000000 -0.070711 0.070711
vn -0.000000 -0.070711 0.070711
vn -0.000000 -0.077301 0.063439
vn -0.000000 -0.077301 0.063439
vn -0.000000 -0.083147 0.055557
vn -0.000000 -0.083147 0.055557
vn -0.000000 -0.088192 0.047140
vn -0.000000 -0.088192 0.047140
vn -0.000000 -0.092388 0.038268
vn -0.000000 -0.092388 0.038268
vn -0.000000 -0.095694 0.029028
vn -0.000000 -0.095694 0.029028
vn -0.000000 -0.098079 0.019509
vn -0.000000 -0.098079 0.019509
vn -0.000000 -0.099518 0.009802
vn -0.000000 -0.099518 0.009802
vn 0.000000 -0.100000 0.000000
vn 0.000000 -0.100000 0.000000
vn 0.000000 -0.100000 0.000000
vn 0.000000 -0.100000 0.000000
vn 0.000000 -0.099518 -0.009802
vn 0.000000 -0.099518 -0.009802
vn 0.000000 -0.098079 -0.019509
vn 0.000000 -0.098079 -0.019509
vn 0.000000 -0.095694 -0.029028
vn 0.000000 -0.095694 -0.029028
vn 0.000000 -0.092388 -0.038268
vn 0.000000 -0.092388 -0.038268
vn 0.000000 -0.088192 -0.047140
vn 0.000000 -0.088192 -0.047140
vn 0.000000 -0.083147 -0.055557
vn 0.000000 -0.083147 -0.055557
vn 0.000000 -0.077301 -0.063439
vn 0.000000 -0.077301 -0.063439
vn 0.000000 -0.070711 -0.070711
vn 0.000000 -0.070711 -0.070711
vn 0.000000 -0.063439 -0.077301
vn 0.000000 -0.063439 -0.077301
vn 0.000000 -0.055557 -0.083147
vn 0.000000 -0.055557 -0.083147
vn 0.000000 -0.047140 -0.088192
vn 0.000000 -0.047140 -0.088192
vn 0.000000 -0.038268 -0.092388
vn 0.000000 -0.038268 -0.092388
vn 0.000000 -0.029028 -0.095694
vn 0.000000 -0.029028 -0.095694
vn 0.000000 -0.019509 -0.098079
vn 0.000000 -0.019509 -0.098079
vn 0.000000 -0.009802 -0.099518
vn 0.000000 -0.009802 -0.099518
vn 0.000000 0.000000 -0.100000
vn 0.000000 0.000000 -0.100000
vn -0.000000 0.100000 -0.000000
vn -0.000000 0.100000 -0.000000
vn -0.000000 0.100000 -0.000000
vn -0.000000 0.100000 -0.000000
vn -0.061981 0.000000 0.078475
vn -0.061981 0.000000 0.078475
vn -0.073318 0.000000 0.068004
vn -0.073318 0.000000 0.068004
vn -0.082908 0.000000 0.055912
vn -0.082908 0.000000 0.055912
vn -0.090524 0.000000 0.042490
vn -0.090524 0.000000 0.042490
vn -0.095984 0.000000 0.028055
vn -0.095984 0.000000 0.028055
vn -0.099158 0.000000 0.012952
vn -0.099158 0.000000 0.012952
vn -0.099970 0.000000 -0.002460
vn -0.099970 0.000000 -0.002460
vn -0.099158 0.000000 0.012952
vn -0.095984 0.000000 0.028055
vn -0.090524 0.000000 0.042490
vn -0.082908 0.000000 0.055912
vn -0.073318 0.000000 0.068004
vn -0.099432 0.000000 0.010648
vn -0.099432 0.000000 0.010648
vn -0.097182 0.000000 0.023572
vn -0.097182 0.000000 0.023572
vn -0.093260 0.000000 0.036090
vn -0.093260 0.000000 0.036090
vn -0.087734 0.000000 0.047987
vn -0.087734 0.000000 0.047987
vn -0.080697 0.000000 0.059059
vn -0.080697 0.000000 0.059059
vn -0.072272 0.000000 0.069114
vn -0.072272 0.000000 0.069114
vn -0.062603 0.000000 0.077980
vn -0.062603 0.000000 0.077980
vn -0.051857 0.000000 0.085503
vn -0.051857 0.000000 0.085503
vn -0.040218 0.000000 0.091556
vn -0.040218 0.000000 0.091556
vn -0.027888 0.000000 0.096033
vn -0.027888 0.000000 0.096033
vn -0.015077 0.000000 0.098857
vn -0.015077 0.000000 0.098857
vn -0.002007 0.000000 0.099980
vn -0.002007 0.000000 0.099980
vn 0.011098 -0.000000 0.099382
vn 0.011098 -0.000000 0.099382
vn 0.024012 -0.000000 0.097074
vn 0.024012 -0.000000 0.097074
vn 0.036512 -0.000000 0.093096
vn 0.036512 -0.000000 0.093096
vn 0.048384 -0.000000 0.087516
vn 0.048384 -0.000000 0.087516
vn 0.059424 -0.000000 0.080429
vn 0.059424 -0.000000 0.080429
vn 0.002460 -0.000000 0.099970
vn 0.002460 -0.000000 0.099970
vn -0.012952 0.000000 0.099158
vn -0.012952 0.000000 0.099158
vn -0.028055 0.000000 0.095984
vn -0.028055 0.000000 0.095984
vn -0.042490 0.000000 0.090524
vn -0.042490 0.000000 0.090524
vn -0.055912 0.000000 0.082908
vn -0.055912 0.000000 0.082908
vn -0.068004 0.000000 0.073318
vn -0.068004 0.000000 0.073318
vn -0.078475 0.000000 0.061981
vn -0.078475 0.000000 0.061981
vn -0.068004 0.000000 0.073318
vn -0.055912 0.000000 0.082908
vn -0.042490 0.000000 0.090524
vn -0.028055 0.000000 0.095984
vn -0.012952 0.000000 0.099158
vn -0.067902 0.000000 0.073412
vn -0.067902 0.000000 0.073412
vn -0.073412 0.000000 0.067902
vn -0.073412 0.000000 0.067902
vn -0.078475 0.000000 -0.061981
vn -0.078475 0.000000 -0.061981
vn -0.068004 0.000000 -0.073318
vn -0.068004 0.000000 -0.073318
vn -0.055912 0.000000 -0.082908
vn -0.055912 0.000000 -0.082908
vn -0.042490 0.000000 -0.090524
vn -0.042490 0.000000 -0.090524
vn -0.028055 0.000000 -0.095984
vn -0.028055 0.000000 -0.095984
vn -0.012952 0.000000 -0.099158
vn -0.012952 0.000000 -0.099158
vn 0.002460 0.000000 -0.099970
vn 0.002460 0.000000 -0.099970
vn -0.012952 0.000000 -0.099158
vn -0.028055 0.000000 -0.095984
vn -0.042490 0.000000 -0.090524
vn -0.055912 0.000000 -0.082908
vn -0.068004 0.000000 -0.073318
vn -0.010285 0.000000 0.099470
vn -0.010285 0.000000 0.099470
vn -0.022862 0.000000 0.097351
vn -0.022862 0.000000 0.097351
vn -0.035068 0.000000 0.093650
vn -0.035068 0.000000 0.093650
vn -0.046703 0.000000 0.088424
vn -0.046703 0.000000 0.088424
vn -0.057578 0.000000 0.081760
vn -0.057578 0.000000 0.081760
vn -0.067517 0.000000 0.073767
vn -0.067517 0.000000 0.073767
vn -0.076357 0.000000 0.064573
vn -0.076357 0.000000 0.064573
vn -0.083955 0.000000 0.054328
vn -0.083955 0.000000 0.054328
vn -0.090187 0.000000 0.043200
vn -0.090187 0.000000 0.043200
vn -0.094952 0.000000 0.031369
vn -0.094952 0.000000 0.031369
vn -0.098173 0.000000 0.019028
vn -0.098173 0.000000 0.019028
vn -0.099796 0.000000 0.006377
vn -0.099796 0.000000 0.006377
vn -0.099796 0.000000 -0.006377
vn -0.099796 0.000000 -0.006377
vn -0.098173 0.000000 -0.019028
vn -0.098173 0.000000 -0.019028
vn -0.094952 0.000000 -0.031369
vn -0.094952 0.000000 -0.031369
vn -0.090187 0.000000 -0.043200
vn -0.090187 0.000000 -0.043200
vn -0.083955 0.000000 -0.054328
vn -0.083955 0.000000 -0.054328
vn -0.076357 0.000000 -0.064573
vn -0.076357 0.000000 -0.064573
vn -0.067517 0.000000 -0.073767
vn -0.067517 0.000000 -0.073767
vn -0.057578 0.000000 -0.081760
vn -0.057578 0.000000 -0.081760
vn -0.046703 0.000000 -0.088424
vn -0.046703 0.000000 -0.088424
vn -0.035068 0.000000 -0.093650
vn -0.035068 0.000000 -0.093650
vn -0.022862 0.000000 -0.097351
vn -0.022862 0.000000 -0.097351
vn -0.010285 0.000000 -0.099470
vn -0.010285 0.000000 -0.099470
vn -0.099970 0.000000 0.002460
vn -0.099970 0.000000 0.002460
vn -0.099158 0.000000 -0.012952
vn -0.099158 0.000000 -0.012952
vn -0.095984 0.000000 -0.028055
vn -0.095984 0.000000 -0.028055
vn -0.090524 0.000000 -0.042490
vn -0.090524 0.000000 -0.042490
vn -0.082908 0.000000 -0.055912
vn -0.082908 0.000000 -0.055912
vn -0.073318 0.000000 -0.068004
vn -0.073318 0.000000 -0.068004
vn -0.061981 0.000000 -0.078475
vn -0.061981 0.000000 -0.078475
vn -0.073318 0.000000 -0.068004
vn -0.082908 0.000000 -0.055912
vn -0.090524 0.000000 -0.042490
vn -0.095984 0.000000 -0.028055
vn -0.099158 0.000000 -0.012952
vn -0.073412 0.000000 -0.067902
vn -0.073412 0.000000 -0.067902
vn -0.067902 0.000000 -0.073412
vn -0.067902 0.000000 -0.073412
vn 0.059424 0.000000 -0.080429
vn 0.059424 0.000000 -0.080429
vn 0.059424 0.000000 -0.080429
vn 0.059424 0.000000 -0.080429
vn -0.099432 0.000000 -0.010648
vn -0.099432 0.000000 -0.010648
vn -0.097182 0.000000 -0.023572
vn -0.097182 0.000000 -0.023572
vn -0.093260 0.000000 -0.036090
vn -0.093260 0.000000 -0.036090
vn -0.087734 0.000000 -0.047987
vn -0.087734 0.000000 -0.047987
vn -0.080697 0.000000 -0.059059
vn -0.080697 0.000000 -0.059059
vn -0.072272 0.000000 -0.069114
vn -0.072272 0.000000 -0.069114
vn -0.062603 0.000000 -0.077980
vn -0.062603 0.000000 -0.077980
vn -0.051857 0.000000 -0.085503
vn -0.051857 0.000000 -0.085503
vn -0.040218 0.000000 -0.091556
vn -0.040218 0.000000 -0.091556
vn -0.027888 0.000000 -0.096033
vn -0.027888 0.000000 -0.096033
vn -0.015077 0.000000 -0.098857
vn -0.015077 0.000000 -0.098857
vn -0.002007 0.000000 -0.099980
vn -0.002007 0.000000 -0.099980
vn 0.011098 0.000000 -0.099382
vn 0.011098 0.000000 -0.099382
vn 0.024012 0.000000 -0.097074
vn 0.024012 0.000000 -0.097074
vn 0.036512 0.000000 -0.093096
vn 0.036512 0.000000 -0.093096
vn 0.048384 0.000000 -0.087516
vn 0.048384 0.000000 -0.087516
vn 0.059424 -0.000000 0.080429
vn 0.059424 -0.000000 0.080429
vn 0.013617 -0.000000 0.099069
vn 0.013617 -0.000000 0.099069
vn -0.000000 0.000000 0.100000
vn -0.000000 0.000000 0.100000
vn -0.013617 0.000000 0.099069
vn -0.013617 0.000000 0.099069
vn -0.026980 0.000000 0.096292
vn -0.026980 0.000000 0.096292
vn -0.039840 0.000000 0.091721
vn -0.039840 0.000000 0.091721
vn -0.051958 0.000000 0.085442
vn -0.051958 0.000000 0.085442
vn -0.063109 0.000000 0.077571
vn -0.063109 0.000000 0.077571
vn -0.073084 0.000000 0.068255
vn -0.073084 0.000000 0.068255
vn -0.081697 0.000000 0.057668
vn -0.081697 0.000000 0.057668
vn -0.088789 0.000000 0.046007
vn -0.088789 0.000000 0.046007
vn -0.094226 0.000000 0.033488
vn -0.094226 0.000000 0.033488
vn -0.097908 0.000000 0.020346
vn -0.097908 0.000000 0.020346
vn -0.099767 0.000000 0.006824
vn -0.099767 0.000000 0.006824
vn -0.099767 0.000000 -0.006824
vn -0.099767 0.000000 -0.006824
vn -0.097908 0.000000 -0.020346
vn -0.097908 0.000000 -0.020346
vn -0.094226 0.000000 -0.033488
vn -0.094226 0.000000 -0.033488
vn -0.088789 0.000000 -0.046007
vn -0.088789 0.000000 -0.046007
vn -0.081697 0.000000 -0.057668
vn -0.081697 0.000000 -0.057668
vn -0.073084 0.000000 -0.068255
vn -0.073084 0.000000 -0.068255
vn -0.063109 0.000000 -0.077571
vn -0.063109 0.000000 -0.077571
vn -0.051958 0.000000 -0.085442
vn -0.051958 0.000000 -0.085442
vn -0.039840 0.000000 -0.091721
vn -0.039840 0.000000 -0.091721
vn -0.026980 0.000000 -0.096292
vn -0.026980 0.000000 -0.096292
vn -0.013617 0.000000 -0.099069
vn -0.013617 0.000000 -0.099069
vn 0.000000 0.000000 -0.100000
vn 0.000000 0.000000 -0.100000
vn 0.013617 0.000000 -0.099069
vn 0.013617 0.000000 -0.099069
vn 0.026980 0.000000 -0.096292
vn 0.026980 0.000000 -0.096292
vn 0.039840 0.000000 -0.091721
vn 0.039840 0.000000 -0.091721
vn 0.051958 0.000000 -0.085442
vn 0.051958 0.000000 -0.085442
vn 0.063109 0.000000 -0.077571
vn 0.063109 0.000000 -0.077571
vn 0.073084 0.000000 -0.068255
vn 0.073084 0.000000 -0.068255
vn 0.081697 0.000000 -0.057668
vn 0.081697 0.000000 -0.057668
vn 0.088789 0.000000 -0.046007
vn 0.088789 0.000000 -0.046007
vn 0.094226 0.000000 -0.033488
vn 0.094226 0.000000 -0.033488
vn 0.097908 0.000000 -0.020346
vn 0.097908 0.000000 -0.020346
vn 0.099767 0.000000 -0.006824
vn 0.099767 0.000000 -0.006824
vn 0.099767 -0.000000 0.006824
vn 0.099767 -0.000000 0.006824
vn 0.097908 -0.000000 0.020346
vn 0.097908 -0.000000 0.020346
vn 0.094226 -0.000000 0.033488
vn 0.094226 -0.000000 0.033488
vn 0.088789 -0.000000 0.046007
vn 0.088789 -0.000000 0.046007
vn 0.081697 -0.000000 0.057668
vn 0.081697 -0.000000 0.057668
vn 0.073084 -0.000000 0.068255
vn 0.073084 -0.000000 0.068255
vn 0.063109 -0.000000 0.077571
vn 0.063109 -0.000000 0.077571
vn 0.051958 -0.000000 0.085442
vn 0.051958 -0.000000 0.085442
vn 0.039840 -0.000000 0.091721
vn 0.039840 -0.000000 0.091721
vn 0.026980 -0.000000 0.096292
vn 0.026980 -0.000000 0.096292
vn -0.098481 0.000000 0.017365
vn -0.098481 0.000000 0.017365
vn -0.100000 0.000000 -0.000000
vn -0.100000 0.000000 -0.000000
vn -0.098481 0.000000 -0.017365
vn -0.098481 0.000000 -0.017365
vn -0.093969 0.000000 -0.034202
vn -0.093969 0.000000 -0.034202
vn -0.086603 0.000000 -0.050000
vn -0.086603 0.000000 -0.050000
vn -0.076604 0.000000 -0.064279
vn -0.076604 0.000000 -0.064279
vn -0.064279 0.000000 -0.076604
vn -0.064279 0.000000 -0.076604
vn -0.050000 0.000000 -0.086603
vn -0.050000 0.000000 -0.086603
vn -0.034202 0.000000 -0.093969
vn -0.034202 0.000000 -0.093969
vn -0.017365 0.000000 -0.098481
vn -0.017365 0.000000 -0.098481
vn 0.000000 0.000000 -0.100000
vn 0.000000 0.000000 -0.100000
vn 0.017365 0.000000 -0.098481
vn 0.017365 0.000000 -0.098481
vn 0.034202 0.000000 -0.093969
vn 0.034202 0.000000 -0.093969
vn 0.050000 0.000000 -0.086603
vn 0.050000 0.000000 -0.086603
vn 0.064279 0.000000 -0.076604
vn 0.064279 0.000000 -0.076604
vn 0.076604 0.000000 -0.064279
vn 0.076604 0.000000 -0.064279
vn 0.086603 0.000000 -0.050000
vn 0.086603 0.000000 -0.050000
vn 0.093969 0.000000 -0.034202
vn 0.093969 0.000000 -0.034202
vn 0.098481 0.000000 -0.017365
vn 0.098481 0.000000 -0.017365
vn 0.100000 0.000000 0.000000
vn 0.100000 0.000000 0.000000
vn 0.098481 0.000000 0.017365
vn 0.098481 0.000000 0.017365
vn 0.093969 0.000000 0.034202
vn 0.093969 0.000000 0.034202
vn 0.086603 0.000000 0.050000
vn 0.086603 0.000000 0.050000
vn 0.076604 0.000000 0.064279
vn 0.076604 0.000000 0.064279
vn 0.064279 0.000000 0.076604
vn 0.064279 0.000000 0.076604
vn 0.050000 0.000000 0.086603
vn 0.050000 0.000000 0.086603
vn 0.034202 0.000000 0.093969
vn 0.034202 0.000000 0.093969
vn 0.017365 0.000000 0.098481
vn 0.017365 0.000000 0.098481
vn 0.000000 0.000000 0.100000
vn 0.000000 0.000000 0.100000
vn -0.017365 0.000000 0.098481
vn -0.017365 0.000000 0.098481
vn -0.034202 0.000000 0.093969
vn -0.034202 0.000000 0.093969
vn -0.050000 0.000000 0.086603
vn -0.050000 0.000000 0.086603
vn -0.064279 0.000000 0.076604
vn -0.064279 0.000000 0.076604
vn -0.076604 0.000000 0.064279
vn -0.076604 0.000000 0.064279
vn -0.086603 0.000000 0.050000
vn -0.086603 0.000000 0.050000
vn -0.093969 0.000000 0.034202
vn -0.093969 0.000000 0.034202
vn 0.017365 0.000000 -0.098481
vn 0.000000 0.000000 -0.100000
vn -0.017365 0.000000 -0.098481
vn -0.034202 0.000000 -0.093969
vn -0.050000 0.000000 -0.086603
vn -0.064279 0.000000 -0.076604
vn -0.076604 0.000000 -0.064279
vn -0.086603 0.000000 -0.050000
vn -0.093969 0.000000 -0.034202
vn -0.098481 0.000000 -0.017365
vn -0.100000 0.000000 -0.000000
vn -0.098481 0.000000 0.017365
vn -0.093969 0.000000 0.034202
vn -0.086603 0.000000 0.050000
vn -0.076604 0.000000 0.064279
vn -0.064279 0.000000 0.076604
vn -0.050000 0.000000 0.086603
vn -0.034202 0.000000 0.093969
vn -0.017365 0.000000 0.098481
vn 0.000000 0.000000 0.100000
vn 0.017365 0.000000 0.098481
vn 0.034202 0.000000 0.093969
vn 0.050000 0.000000 0.086603
vn 0.064279 0.000000 0.076604
vn 0.076604 0.000000 0.064279
vn 0.086603 0.000000 0.050000
vn 0.093969 0.000000 0.034202
vn 0.098481 0.000000 0.017365
vn 0.100000 0.000000 0.000000
vn 0.098481 0.000000 -0.017365
vn 0.093969 0.000000 -0.034202
vn 0.086603 0.000000 -0.050000
vn 0.076604 0.000000 -0.064279
vn 0.064279 0.000000 -0.076604
vn 0.050000 0.000000 -0.086603
vn 0.034202 0.000000 -0.093969
vn -0.017365 0.000000 -0.098481
vn -0.017365 0.000000 -0.098481
vn 0.000000 0.000000 -0.100000
vn 0.000000 0.000000 -0.100000
vn 0.017365 0.000000 -0.098481
vn 0.017365 0.000000 -0.098481
vn 0.034202 0.000000 -0.093969
vn 0.034202 0.000000 -0.093969
vn 0.050000 0.000000 -0.086603
vn 0.050000 0.000000 -0.086603
vn 0.064279 0.000000 -0.076604
vn 0.064279 0.000000 -0.076604
vn 0.076604 0.000000 -0.064279
vn 0.076604 0.000000 -0.064279
vn 0.086603 0.000000 -0.050000
vn 0.086603 0.000000 -0.050000
vn 0.093969 0.000000 -0.034202
vn 0.093969 0.000000 -0.034202
vn 0.098481 0.000000 -0.017365
vn 0.098481 0.000000 -0.017365
vn 0.100000 0.000000 0.000000
vn 0.100000 0.000000 0.000000
vn 0.098481 0.000000 0.017365
vn 0.098481 0.000000 0.017365
vn 0.093969 0.000000 0.034202
vn 0.093969 0.000000 0.034202
vn 0.086603 0.000000 0.050000
vn 0.086603 0.000000 0.050000
vn 0.076604 0.000000 0.064279
vn 0.076604 0.000000 0.064279
vn 0.064279 0.000000 0.076604
vn 0.064279 0.000000 0.076604
vn 0.050000 0.000000 0.086603
vn 0.050000 0.000000 0.086603
vn 0.034202 0.000000 0.093969
vn 0.034202 0.000000 0.093969
vn 0.017365 0.000000 0.098481
vn 0.017365 0.000000 0.098481
vn 0.000000 0.000000 0.100000
vn -0.000000 0.000000 0.100000
vn -0.017365 0.000000 0.098481
vn -0.017365 0.000000 0.098481
vn -0.034202 0.000000 0.093969
vn -0.034202 0.000000 0.093969
vn -0.050000 0.000000 0.086603
vn -0.050000 0.000000 0.086603
vn -0.064279 0.000000 0.076604
vn -0.064279 0.000000 0.076604
vn -0.076604 0.000000 0.064279
vn -0.076604 0.000000 0.064279
vn -0.086603 0.000000 0.050000
vn -0.086603 0.000000 0.050000
vn -0.093969 0.000000 0.034202
vn -0.093969 0.000000 0.034202
vn -0.098481 0.000000 0.017365
vn -0.098481 0.000000 0.017365
vn -0.100000 0.000000 -0.000000
vn -0.100000 0.000000 -0.000000
vn -0.098481 0.000000 -0.017365
vn -0.098481 0.000000 -0.017365
vn -0.093969 0.000000 -0.034202
vn -0.093969 0.000000 -0.034202
vn -0.086603 0.000000 -0.050000
vn -0.086603 0.000000 -0.050000
vn -0.076604 0.000000 -0.064279
vn -0.076604 0.000000 -0.064279
vn -0.064279 0.000000 -0.076604
vn -0.064279 0.000000 -0.076604
vn -0.050000 0.000000 -0.086603
vn -0.050000 0.000000 -0.086603
vn -0.034202 0.000000 -0.093969
vn -0.034202 0.000000 -0.093969
vn -0.017365 0.000000 0.098481
vn -0.000000 0.000000 0.100000
vn 0.017365 0.000000 0.098481
vn 0.034202 0.000000 0.093969
vn 0.050000 0.000000 0.086603
vn 0.064279 0.000000 0.076604
vn 0.076604 0.000000 0.064279
vn 0.086603 0.000000 0.050000
vn 0.093969 0.000000 0.034202
vn 0.098481 0.000000 0.017365
vn 0.100000 0.000000 0.000000
vn 0.098481 0.000000 -0.017365
vn 0.093969 0.000000 -0.034202
vn 0.086603 0.000000 -0.050000
vn 0.076604 0.000000 -0.064279
vn 0.064279 0.000000 -0.076604
vn 0.050000 0.000000 -0.086603
vn 0.034202 0.000000 -0.093969
vn 0.017365 0.000000 -0.098481
vn 0.000000 0.000000 -0.100000
vn -0.017365 0.000000 -0.098481
vn -0.034202 0.000000 -0.093969
vn -0.050000 0.000000 -0.086603
vn -0.064279 0.000000 -0.076604
vn -0.076604 0.000000 -0.064279
vn -0.086603 0.000000 -0.050000
vn -0.093969 0.000000 -0.034202
vn -0.098481 0.000000 -0.017365
vn -0.100000 0.000000 -0.000000
vn -0.098481 0.000000 0.017365
vn -0.093969 0.000000 0.034202
vn -0.086603 0.000000 0.050000
vn -0.076604 0.000000 0.064279
vn -0.064279 0.000000 0.076604
vn -0.050000 0.000000 0.086603
vn -0.034202 0.000000 0.093969
vn 0.098481 0.000000 -0.017365
vn 0.098481 0.000000 -0.017365
vn 0.100000 0.000000 0.000000
vn 0.100000 0.000000 0.000000
vn 0.098481 0.000000 0.017365
vn 0.098481 0.000000 0.017365
vn 0.093969 0.000000 0.034202
vn 0.093969 0.000000 0.034202
vn 0.086603 0.000000 0.050000
vn 0.086603 0.000000 0.050000
vn 0.076604 0.000000 0.064279
vn 0.076604 0.000000 0.064279
vn 0.064279 0.000000 0.076604
vn 0.064279 0.000000 0.076604
vn 0.050000 0.000000 0.086603
vn 0.050000 0.000000 0.086603
vn 0.034202 0.000000 0.093969
vn 0.034202 0.000000 0.093969
vn 0.017365 0.000000 0.098481
vn 0.017365 0.000000 0.098481
vn 0.000000 0.000000 0.100000
vn 0.000000 0.000000 0.100000
vn -0.017365 0.000000 0.098481
vn -0.017365 0.000000 0.098481
vn -0.034202 0.000000 0.093969
vn -0.034202 0.000000 0.093969
vn -0.050000 0.000000 0.086603
vn -0.050000 0.000000 0.086603
vn -0.064279 0.000000 0.076604
vn -0.064279 0.000000 0.076604
vn -0.076604 0.000000 0.064279
vn -0.076604 0.000000 0.064279
vn -0.086603 0.000000 0.050000
vn -0.086603 0.000000 0.050000
vn -0.093969 0.000000 0.034202
vn -0.093969 0.000000 0.034202
vn -0.098481 0.000000 0.017365
vn -0.098481 0.000000 0.017365
vn -0.100000 0.000000 0.000000
vn -0.100000 0.000000 0.000000
vn -0.098481 0.000000 -0.017365
vn -0.098481 0.000000 -0.017365
vn -0.093969 0.000000 -0.034202
vn -0.093969 0.000000 -0.034202
vn -0.086603 0.000000 -0.050000
vn -0.086603 0.000000 -0.050000
vn -0.076604 0.000000 -0.064279
vn -0.076604 0.000000 -0.064279
vn -0.064279 0.000000 -0.076604
vn -0.064279 0.000000 -0.076604
vn -0.050000 0.000000 -0.086603
vn -0.050000 0.000000 -0.086603
vn -0.034202 0.000000 -0.093969
vn -0.034202 0.000000 -0.093969
vn -0.017365 0.000000 -0.098481
vn -0.017365 0.000000 -0.098481
vn -0.000000 0.000000 -0.100000
vn -0.000000 0.000000 -0.100000
vn 0.017365 0.000000 -0.098481
vn 0.017365 0.000000 -0.098481
vn 0.034202 0.000000 -0.093969
vn 0.034202 0.000000 -0.093969
vn 0.050000 0.000000 -0.086603
vn 0.050000 0.000000 -0.086603
vn 0.064279 0.000000 -0.076604
vn 0.064279 0.000000 -0.076604
vn 0.076604 0.000000 -0.064279
vn 0.076604 0.000000 -0.064279
vn 0.086603 0.000000 -0.050000
vn 0.086603 0.000000 -0.050000
vn 0.093969 0.000000 -0.034202
vn 0.093969 0.000000 -0.034202
vn -0.098481 0.000000 -0.017365
vn -0.100000 0.000000 0.000000
vn -0.098481 0.000000 0.017365
vn -0.093969 0.000000 0.034202
vn -0.086603 0.000000 0.050000
vn -0.076604 0.000000 0.064279
vn -0.064279 0.000000 0.076604
vn -0.050000 0.000000 0.086603
vn -0.034202 0.000000 0.093969
vn -0.017365 0.000000 0.098481
vn 0.000000 0.000000 0.100000
vn 0.017365 0.000000 0.098481
vn 0.034202 0.000000 0.093969
vn 0.050000 0.000000 0.086603
vn 0.064279 0.000000 0.076604
vn 0.076604 0.000000 0.064279
vn 0.086603 0.000000 0.050000
vn 0.093969 0.000000 0.034202
vn 0.098481 0.000000 0.017365
vn 0.100000 0.000000 0.000000
vn 0.098481 0.000000 -0.017365
vn 0.093969 0.000000 -0.034202
vn 0.086603 0.000000 -0.050000
vn 0.076604 0.000000 -0.064279
vn 0.064279 0.000000 -0.076604
vn 0.050000 0.000000 -0.086603
vn 0.034202 0.000000 -0.093969
vn 0.017365 0.000000 -0.098481
vn -0.000000 0.000000 -0.100000
vn -0.017365 0.000000 -0.098481
vn -0.034202 0.000000 -0.093969
vn -0.050000 0.000000 -0.086603
vn -0.064279 0.000000 -0.076604
vn -0.076604 0.000000 -0.064279
vn -0.086603 0.000000 -0.050000
vn -0.093969 0.000000 -0.034202
vn 0.017365 0.000000 0.098481
vn 0.017365 0.000000 0.098481
vn -0.000000 0.000000 0.100000
vn -0.000000 0.000000 0.100000
vn -0.017365 0.000000 0.098481
vn -0.017365 0.000000 0.098481
vn -0.034202 0.000000 0.093969
vn -0.034202 0.000000 0.093969
vn -0.050000 0.000000 0.086603
vn -0.050000 0.000000 0.086603
vn -0.064279 0.000000 0.076604
vn -0.064279 0.000000 0.076604
vn -0.076604 0.000000 0.064279
vn -0.076604 0.000000 0.064279
vn -0.086603 0.000000 0.050000
vn -0.086603 0.000000 0.050000
vn -0.093969 0.000000 0.034202
vn -0.093969 0.000000 0.034202
vn -0.098481 0.000000 0.017365
vn -0.098481 0.000000 0.017365
vn -0.100000 0.000000 -0.000000
vn -0.100000 0.000000 -0.000000
vn -0.098481 0.000000 -0.017365
vn -0.098481 0.000000 -0.017365
vn -0.093969 0.000000 -0.034202
vn -0.093969 0.000000 -0.034202
vn -0.086603 0.000000 -0.050000
vn -0.086603 0.000000 -0.050000
vn -0.076604 0.000000 -0.064279
vn -0.076604 0.000000 -0.064279
vn -0.064279 0.000000 -0.076604
vn -0.064279 0.000000 -0.076604
vn -0.050000 0.000000 -0.086603
vn -0.050000 0.000000 -0.086603
vn -0.034202 0.000000 -0.093969
vn -0.034202 0.000000 -0.093969
vn -0.017365 0.000000 -0.098481
vn -0.017365 0.000000 -0.098481
vn -0.000000 0.000000 -0.100000
vn -0.000000 0.000000 -0.100000
vn 0.017365 0.000000 -0.098481
vn 0.017365 0.000000 -0.098481
vn 0.034202 0.000000 -0.093969
vn 0.034202 0.000000 -0.093969
vn 0.050000 0.000000 -0.086603
vn 0.050000 0.000000 -0.086603
vn 0.064279 0.000000 -0.076604
vn 0.064279 0.000000 -0.076604
vn 0.076604 0.000000 -0.064279
vn 0.076604 0.000000 -0.064279
vn 0.086603 0.000000 -0.050000
vn 0.086603 0.000000 -0.050000
vn 0.093969 0.000000 -0.034202
vn 0.093969 0.000000 -0.034202
vn 0.098481 0.000000 -0.017365
vn 0.098481 0.000000 -0.017365
vn 0.100000 0.000000 0.000000
vn 0.100000 0.000000 0.000000
vn 0.098481 0.000000 0.017365
vn 0.098481 0.000000 0.017365
vn 0.093969 0.000000 0.034202
vn 0.093969 0.000000 0.034202
vn 0.086603 0.000000 0.050000
vn 0.086603 0.000000 0.050000
vn 0.076604 0.000000 0.064279
vn 0.076604 0.000000 0.064279
vn 0.064279 0.000000 0.076604
vn 0.064279 0.000000 0.076604
vn 0.050000 0.000000 0.086603
vn 0.050000 0.000000 0.086603
vn 0.034202 0.000000 0.093969
vn 0.034202 0.000000 0.093969
vn 0.017365 0.000000 -0.098481
vn -0.000000 0.000000 -0.100000
vn -0.017365 0.000000 -0.098481
vn -0.034202 0.000000 -0.093969
vn -0.050000 0.000000 -0.086603
vn -0.064279 0.000000 -0.076604
vn -0.076604 0.000000 -0.064279
vn -0.086603 0.000000 -0.050000
vn -0.093969 0.000000 -0.034202
vn -0.098481 0.000000 -0.017365
vn -0.100000 0.000000 -0.000000
vn -0.098481 0.000000 0.017365
vn -0.093969 0.000000 0.034202
vn -0.086603 0.000000 0.050000
vn -0.076604 0.000000 0.064279
vn -0.064279 0.000000 0.076604
vn -0.050000 0.000000 0.086603
vn -0.034202 0.000000 0.093969
vn -0.017365 0.000000 0.098481
vn -0.000000 0.000000 0.100000
vn 0.017365 0.000000 0.098481
vn 0.034202 0.000000 0.093969
vn 0.050000 0.000000 0.086603
vn 0.064279 0.000000 0.076604
vn 0.076604 0.000000 0.064279
vn 0.086603 0.000000 0.050000
vn 0.093969 0.000000 0.034202
vn 0.098481 0.000000 0.017365
vn 0.100000 0.000000 0.000000
vn 0.098481 0.000000 -0.017365
vn 0.093969 0.000000 -0.034202
vn 0.086603 0.000000 -0.050000
vn 0.076604 0.000000 -0.064279
vn 0.064279 0.000000 -0.076604
vn 0.050000 0.000000 -0.086603
vn 0.034202 0.000000 -0.093969
vn 0.100000 0.000000 0.000000
vn 0.100000 0.000000 0.000000
vn 0.100000 0.000000 0.000000
vn 0.100000 0.000000 0.000000
vn 0.100000 0.000000 0.000000
vn 0.100000 0.000000 0.000000
vn 0.100000 0.000000 0.000000
vn 0.100000 0.000000 0.000000
vn 0.100000 0.000000 0.000000
vn 0.100000 0.000000 0.000000
vn 0.100000 0.000000 0.000000
vn 0.100000 0.000000 0.000000
vn 0.100000 0.000000 0.000000
vn 0.100000 0.000000 0.000000
vn 0.100000 0.000000 0.000000
vn 0.100000 0.000000 0.000000
vn 0.100000 0.000000 0.000000
vn 0.100000 0.000000 0.000000
vn 0.100000 0.000000 0.000000
vn 0.100000 0.000000 0.000000
vn 0.100000 0.000000 0.000000
vn 0.100000 0.000000 0.000000
vn 0.100000 0.000000 0.000000
vn 0.100000 0.000000 0.000000
vn 0.100000 0.000000 0.000000
vn 0.100000 0.000000 0.000000
vn 0.100000 0.000000 0.000000
vn 0.100000 0.000000 0.000000
vn 0.100000 0.000000 0.000000
vn 0.100000 0.000000 0.000000
vn 0.100000 0.000000 0.000000
vn 0.100000 0.000000 0.000000
vn 0.100000 0.000000 0.000000
vn 0.100000 0.000000 0.000000
vn 0.100000 0.000000 0.000000
vn 0.100000 0.000000 0.000000
vn 0.100000 0.000000 0.000000
vn 0.100000 0.000000 0.000000
vn 0.100000 0.000000 0.000000
vn 0.100000 0.000000 0.000000
vn 0.100000 0.000000 0.000000
vn 0.100000 0.000000 0.000000
vn 0.100000 0.000000 0.000000
vn 0.100000 0.000000 0.000000
vn 0.100000 0.000000 0.000000
vn 0.100000 0.000000 0.000000
vn 0.100000 0.000000 0.000000
vn 0.100000 0.000000 0.000000
vn 0.100000 0.000000 0.000000
vn 0.100000 0.000000 0.000000
vn 0.100000 0.000000 0.000000
vn 0.100000 0.000000 0.000000
vn 0.100000 0.000000 0.000000
vn 0.100000 0.000000 0.000000
vn 0.100000 0.000000 0.000000
vn 0.100000 0.000000 0.000000
vn 0.000000 0.000000 -0.100000
vn 0.000000 0.000000 -0.100000
vn 0.000000 0.000000 -0.100000
vn 0.000000 0.000000 -0.100000
vn 0.000000 -0.099144 -0.013053
vn 0.000000 -0.099144 -0.013053
vn 0.000000 -0.100000 0.000000
vn 0.000000 -0.099897 -0.004541
vn 0.000000 -0.100000 0.000000
vn 0.000000 -0.096593 -0.025882
vn 0.000000 -0.096593 -0.025882
vn 0.000000 -0.092388 -0.038268
vn 0.000000 -0.092388 -0.038268
vn 0.000000 -0.086603 -0.050000
vn 0.000000 -0.086603 -0.050000
vn 0.000000 -0.079335 -0.060876
vn 0.000000 -0.079335 -0.060876
vn 0.000000 -0.070711 -0.070711
vn 0.000000 -0.070711 -0.070711
vn 0.000000 -0.060876 -0.079335
vn 0.000000 -0.060876 -0.079335
vn 0.000000 -0.050000 -0.086603
vn 0.000000 -0.050000 -0.086603
vn 0.000000 -0.038268 -0.092388
vn 0.000000 -0.038268 -0.092388
vn 0.000000 -0.025882 -0.096593
vn 0.000000 -0.025882 -0.096593
vn 0.000000 -0.013053 -0.099144
vn 0.000000 -0.013053 -0.099144
vn 0.000000 0.000000 -0.100000
vn 0.000000 0.000000 -0.100000
vn 0.000000 -0.011389 -0.099349
vn 0.000000 -0.022889 -0.097345
vn 0.000000 -0.034201 -0.093970
vn 0.000000 -0.045051 -0.089277
vn 0.000000 -0.055207 -0.083380
vn 0.000000 -0.064448 -0.076462
vn 0.000000 -0.072592 -0.068778
vn 0.000000 -0.079836 -0.060218
vn 0.000000 -0.083129 -0.055584
vn 0.000000 -0.086114 -0.050837
vn 0.000000 -0.091031 -0.041393
vn 0.000000 -0.094533 -0.032612
vn 0.000000 -0.096963 -0.024457
vn 0.000000 -0.098556 -0.016933
vn 0.000000 -0.099475 -0.010230
vn 0.043910 0.000000 -0.089844
vn 0.033792 0.000000 -0.094118
vn 0.033792 0.000000 -0.094118
vn 0.022778 0.000000 -0.097371
vn 0.022778 0.000000 -0.097371
vn 0.011465 0.000000 -0.099341
vn 0.011465 0.000000 -0.099341
vn 0.000000 0.000000 -0.100000
vn 0.000000 0.000000 -0.100000
vn -0.011465 0.000000 -0.099341
vn -0.011465 0.000000 -0.099341
vn -0.022778 0.000000 -0.097371
vn 0.043910 0.000000 -0.089844
vn 0.053466 0.000000 -0.084507
vn 0.053466 0.000000 -0.084507
vn 0.062310 0.000000 -0.078214
vn 0.062310 0.000000 -0.078214
vn 0.070297 0.000000 -0.071122
vn 0.070297 0.000000 -0.071122
vn 0.077312 0.000000 -0.063426
vn 0.077312 0.000000 -0.063426
vn 0.083407 0.000000 -0.055166
vn 0.083407 0.000000 -0.055166
vn 0.088651 0.000000 -0.046271
vn 0.088651 0.000000 -0.046271
vn 0.090842 0.000000 -0.041807
vn 0.090842 0.000000 -0.041807
vn 0.092723 0.000000 -0.037450
vn 0.095585 0.000000 -0.029386
vn 0.095585 0.000000 -0.029386
vn 0.092723 0.000000 -0.037450
vn 0.097511 0.000000 -0.022170
vn 0.097511 0.000000 -0.022170
vn 0.098765 0.000000 -0.015667
vn 0.098765 0.000000 -0.015667
vn 0.099489 0.000000 -0.010098
vn 0.099838 0.000000 -0.005682
vn 0.099838 0.000000 -0.005682
vn 0.099489 0.000000 -0.010098
vn 0.099968 0.000000 -0.002525
vn 0.099968 0.000000 -0.002525
vn 0.099998 0.000000 -0.000631
vn 0.099998 0.000000 -0.000631
vn 0.100000 0.000000 -0.000000
vn 0.100000 0.000000 -0.000000
vn -0.022778 0.000000 -0.097371
vn -0.033792 0.000000 -0.094118
vn -0.033792 0.000000 -0.094118
vn -0.043910 0.000000 -0.089844
vn -0.043910 0.000000 -0.089844
vn -0.053466 0.000000 -0.084507
vn -0.053466 0.000000 -0.084507
vn -0.062310 0.000000 -0.078214
vn -0.062310 0.000000 -0.078214
vn -0.070297 0.000000 -0.071122
vn -0.070297 0.000000 -0.071122
vn -0.077312 0.000000 -0.063426
vn -0.077312 0.000000 -0.063426
vn -0.083407 0.000000 -0.055166
vn -0.083407 0.000000 -0.055166
vn -0.088651 0.000000 -0.046271
vn -0.088651 0.000000 -0.046271
vn -0.090842 0.000000 -0.041807
vn -0.090842 0.000000 -0.041807
vn -0.092723 0.000000 -0.037450
vn -0.095585 0.000000 -0.029386
vn -0.095585 0.000000 -0.029386
vn -0.092723 0.000000 -0.037450
vn -0.097511 0.000000 -0.022170
vn -0.097511 0.000000 -0.022170
vn -0.098765 0.000000 -0.015667
vn -0.098765 0.000000 -0.015667
vn -0.099489 0.000000 -0.010098
vn -0.099838 0.000000 -0.005682
vn -0.099838 0.000000 -0.005682
vn -0.099489 0.000000 -0.010098
vn -0.099968 0.000000 -0.002525
vn -0.099968 0.000000 -0.002525
vn -0.099998 0.000000 -0.000631
vn -0.099998 0.000000 -0.000631
vn -0.100000 0.000000 -0.000000
vn -0.100000 0.000000 -0.000000
vn 0.000000 -0.011389 -0.099349
vn 0.000000 -0.013053 -0.099144
vn 0.000000 -0.022889 -0.097345
vn 0.000000 -0.025882 -0.096593
vn 0.000000 -0.034201 -0.093970
vn 0.000000 -0.038268 -0.092388
vn 0.000000 -0.045051 -0.089277
vn 0.000000 -0.050000 -0.086603
vn 0.000000 -0.055207 -0.083380
vn 0.000000 -0.060876 -0.079335
vn 0.000000 -0.064448 -0.076462
vn 0.000000 -0.070711 -0.070711
vn 0.000000 -0.072592 -0.068778
vn 0.000000 -0.079335 -0.060876
vn 0.000000 -0.079836 -0.060218
vn 0.000000 -0.083129 -0.055584
vn 0.000000 -0.086603 -0.050000
vn 0.000000 -0.086114 -0.050837
vn 0.000000 -0.091031 -0.041393
vn 0.000000 -0.092388 -0.038268
vn 0.000000 -0.094533 -0.032612
vn 0.000000 -0.096593 -0.025882
vn 0.000000 -0.096963 -0.024457
vn 0.000000 -0.098556 -0.016933
vn 0.000000 -0.099144 -0.013053
vn 0.000000 -0.099475 -0.010230
vn 0.000000 -0.099897 -0.004541
vn 0.000000 -0.100000 -0.000000
vn 0.000000 -0.099144 -0.013053
vn 0.000000 -0.099897 -0.004541
vn 0.000000 -0.099475 -0.010230
vn 0.000000 -0.098556 -0.016933
vn 0.000000 -0.096593 -0.025882
vn 0.000000 -0.096963 -0.024457
vn 0.000000 -0.094533 -0.032612
vn 0.000000 -0.092388 -0.038268
vn 0.000000 -0.091031 -0.041393
vn 0.000000 -0.086603 -0.050000
vn 0.000000 -0.086114 -0.050837
vn 0.000000 -0.083129 -0.055584
vn 0.000000 -0.079335 -0.060876
vn 0.000000 -0.079836 -0.060218
vn 0.000000 -0.072592 -0.068778
vn 0.000000 -0.070711 -0.070711
vn 0.000000 -0.064448 -0.076462
vn 0.000000 -0.060876 -0.079335
vn 0.000000 -0.055207 -0.083380
vn 0.000000 -0.050000 -0.086603
vn 0.000000 -0.045051 -0.089277
vn 0.000000 -0.038268 -0.092388
vn 0.000000 -0.034201 -0.093970
vn 0.000000 -0.025882 -0.096593
vn 0.000000 -0.022889 -0.097345
vn 0.000000 -0.013053 -0.099144
vn 0.000000 -0.011389 -0.099349
vn 0.000000 -0.100000 0.000000
vn 0.043910 0.000000 -0.089844
vn 0.033792 0.000000 -0.094118
vn 0.033792 0.000000 -0.094118
vn 0.022778 0.000000 -0.097371
vn 0.022778 0.000000 -0.097371
vn 0.011465 0.000000 -0.099341
vn 0.011465 0.000000 -0.099341
vn 0.000000 0.000000 -0.100000
vn 0.000000 0.000000 -0.100000
vn -0.011465 0.000000 -0.099341
vn -0.011465 0.000000 -0.099341
vn -0.022778 0.000000 -0.097371
vn 0.043910 0.000000 -0.089844
vn 0.053466 0.000000 -0.084507
vn 0.053466 0.000000 -0.084507
vn 0.062310 0.000000 -0.078214
vn 0.062310 0.000000 -0.078214
vn 0.070297 0.000000 -0.071122
vn 0.070297 0.000000 -0.071122
vn 0.077312 0.000000 -0.063426
vn 0.077312 0.000000 -0.063426
vn 0.083407 0.000000 -0.055166
vn 0.083407 0.000000 -0.055166
vn 0.088651 0.000000 -0.046271
vn 0.088651 0.000000 -0.046271
vn 0.090842 0.000000 -0.041807
vn 0.090842 0.000000 -0.041807
vn 0.092723 0.000000 -0.037450
vn 0.095585 0.000000 -0.029386
vn 0.095585 0.000000 -0.029386
vn 0.092723 0.000000 -0.037450
vn 0.097511 0.000000 -0.022170
vn 0.097511 0.000000 -0.022170
vn 0.098765 0.000000 -0.015667
vn 0.098765 0.000000 -0.015667
vn 0.099489 0.000000 -0.010098
vn 0.099838 0.000000 -0.005682
vn 0.099838 0.000000 -0.005682
vn 0.099489 0.000000 -0.010098
vn 0.099968 0.000000 -0.002525
vn 0.099968 0.000000 -0.002525
vn 0.099998 0.000000 -0.000631
vn 0.099998 0.000000 -0.000631
vn 0.100000 0.000000 -0.000000
vn 0.100000 0.000000 -0.000000
vn -0.022778 0.000000 -0.097371
vn -0.033792 0.000000 -0.094118
vn -0.033792 0.000000 -0.094118
vn -0.043910 0.000000 -0.089844
vn -0.043910 0.000000 -0.089844
vn -0.053466 0.000000 -0.084507
vn -0.053466 0.000000 -0.084507
vn -0.062310 0.000000 -0.078214
vn -0.062310 0.000000 -0.078214
vn -0.070297 0.000000 -0.071122
vn -0.070297 0.000000 -0.071122
vn -0.077312 0.000000 -0.063426
vn -0.077312 0.000000 -0.063426
vn -0.083407 0.000000 -0.055166
vn -0.083407 0.000000 -0.055166
vn -0.088651 0.000000 -0.046271
vn -0.088651 0.000000 -0.046271
vn -0.090842 0.000000 -0.041807
vn -0.090842 0.000000 -0.041807
vn -0.092723 0.000000 -0.037450
vn -0.095585 0.000000 -0.029386
vn -0.095585 0.000000 -0.029386
vn -0.092723 0.000000 -0.037450
vn -0.097511 0.000000 -0.022170
vn -0.097511 0.000000 -0.022170
vn -0.098765 0.000000 -0.015667
vn -0.098765 0.000000 -0.015667
vn -0.099489 0.000000 -0.010098
vn -0.099838 0.000000 -0.005682
vn -0.099838 0.000000 -0.005682
vn -0.099489 0.000000 -0.010098
vn -0.099968 0.000000 -0.002525
vn -0.099968 0.000000 -0.002525
vn -0.099998 0.000000 -0.000631
vn -0.099998 0.000000 -0.000631
vn -0.100000 0.000000 -0.000000
vn -0.100000 0.000000 -0.000000
vn 0.000000 -0.100000 0.000000
vn 0.000000 -0.100000 0.000000
vn 0.000000 -0.100000 0.000000
vn 0.000000 -0.100000 0.000000
vn 0.000000 -0.100000 0.000000
vn 0.000000 -0.100000 0.000000
vn 0.000000 -0.100000 0.000000
vn 0.000000 -0.100000 0.000000
vn 0.000000 -0.100000 0.000000
vn 0.000000 -0.100000 0.000000
vn 0.000000 -0.100000 0.000000
vn 0.000000 -0.100000 0.000000
vn 0.000000 -0.100000 0.000000
vn 0.000000 -0.100000 0.000000
vn 0.000000 -0.100000 0.000000
vn 0.000000 -0.100000 0.000000
vn 0.000000 -0.100000 0.000000
vn 0.000000 -0.100000 0.000000
vn 0.000000 -0.100000 0.000000
vn 0.000000 -0.100000 0.000000
vn 0.000000 -0.100000 0.000000
vn 0.000000 -0.100000 0.000000
vn 0.000000 -0.100000 0.000000
vn 0.000000 -0.100000 0.000000
vn 0.000000 -0.100000 0.000000
vn 0.000000 -0.100000 0.000000
vn 0.000000 -0.100000 0.000000
vn 0.000000 -0.100000 0.000000
vn 0.000000 -0.100000 0.000000
vn 0.000000 -0.100000 0.000000
vn 0.000000 -0.100000 0.000000
vn 0.000000 -0.100000 0.000000
vn 0.000000 -0.100000 0.000000
vn 0.000000 -0.100000 0.000000
vn 0.000000 -0.100000 0.000000
vn 0.000000 -0.100000 0.000000
vn 0.000000 -0.100000 0.000000
vn 0.000000 -0.100000 0.000000
vn 0.000000 -0.100000 0.000000
vn 0.000000 -0.100000 0.000000
vn 0.000000 -0.100000 0.000000
vn 0.000000 -0.100000 0.000000
vn 0.000000 -0.100000 0.000000
vn 0.000000 -0.100000 0.000000
vn 0.000000 -0.100000 0.000000
vn 0.000000 -0.100000 0.000000
vn 0.000000 -0.100000 0.000000
vn 0.000000 -0.100000 0.000000
vn 0.000000 -0.100000 0.000000
vn 0.000000 -0.100000 0.000000
vn 0.000000 -0.100000 0.000000
vn 0.000000 -0.100000 0.000000
vn 0.000000 -0.100000 0.000000
vn 0.000000 -0.100000 0.000000
vn 0.000000 -0.100000 0.000000
vn 0.000000 -0.100000 0.000000
vn 0.000000 -0.100000 0.000000
vn 0.000000 -0.100000 0.000000
vn 0.000000 -0.100000 0.000000
vn 0.000000 -0.100000 0.000000
vn 0.000000 -0.100000 0.000000
vn 0.000000 -0.100000 0.000000
vn 0.000000 -0.100000 0.000000
vn 0.000000 -0.100000 0.000000
vn 0.000000 -0.100000 0.000000
vn 0.000000 -0.100000 0.000000
vn 0.000000 -0.100000 0.000000
vn 0.000000 -0.100000 0.000000
vn 0.000000 -0.100000 0.000000
vn 0.000000 -0.100000 0.000000
vn 0.000000 -0.100000 0.000000
vn 0.000000 -0.100000 0.000000
vn 0.000000 -0.100000 0.000000
vn 0.000000 -0.100000 0.000000
vn 0.000000 -0.100000 0.000000
vn 0.000000 -0.100000 0.000000
vn 0.000000 -0.100000 0.000000
vn 0.000000 -0.100000 0.000000
vn 0.000000 -0.100000 0.000000
vn 0.000000 -0.100000 0.000000
vn 0.000000 -0.100000 0.000000
vn 0.000000 -0.100000 0.000000
vn 0.000000 -0.100000 0.000000
vn 0.000000 -0.100000 0.000000
vn 0.000000 -0.100000 0.000000
vn 0.000000 -0.100000 0.000000
vn 0.000000 -0.100000 0.000000
vn 0.000000 -0.100000 0.000000
vn 0.000000 -0.100000 0.000000
vn 0.000000 -0.100000 0.000000
vn 0.000000 -0.100000 0.000000
vn 0.000000 -0.100000 0.000000
vn 0.000000 -0.100000 0.000000
vn 0.000000 -0.100000 0.000000
vn 0.000000 -0.100000 0.000000
vn 0.000000 -0.100000 0.000000
vn 0.000000 -0.100000 0.000000
vn 0.000000 -0.100000 0.000000
vn 0.000000 -0.100000 0.000000
vn 0.000000 -0.100000 0.000000
vn 0.000000 -0.100000 0.000000
vn 0.000000 -0.100000 0.000000
vn 0.000000 -0.100000 0.000000
vn 0.000000 -0.100000 0.000000
vn 0.000000 -0.100000 0.000000
vn 0.000000 -0.100000 0.000000
vn 0.000000 -0.100000 0.000000
vn 0.000000 -0.100000 0.000000
vn 0.000000 -0.100000 0.000000
vn 0.000000 -0.100000 0.000000
vn 0.000000 -0.100000 0.000000
vn 0.000000 -0.100000 0.000000
vn 0.000000 -0.100000 0.000000
vn 0.000000 -0.100000 0.000000
vn 0.000000 -0.100000 0.000000
vn 0.000000 -0.100000 0.000000
vn 0.000000 -0.100000 0.000000
vn 0.000000 -0.100000 0.000000
vn 0.000000 -0.100000 0.000000
vn 0.000000 -0.100000 0.000000
vn 0.000000 -0.100000 0.000000
vn 0.000000 -0.100000 0.000000
vn 0.000000 -0.100000 0.000000
vn 0.000000 -0.100000 0.000000
vn 0.000000 -0.100000 0.000000
vn 0.000000 -0.100000 0.000000
vn 0.000000 -0.100000 0.000000
vn 0.000000 -0.100000 0.000000
vn 0.000000 -0.100000 0.000000
vn 0.000000 -0.100000 0.000000
vn 0.000000 -0.100000 0.000000
vn 0.000000 -0.100000 0.000000
vn 0.000000 -0.100000 0.000000
vn 0.000000 -0.100000 0.000000
vn 0.000000 -0.100000 0.000000
vn 0.000000 -0.100000 0.000000
vn 0.000000 -0.100000 0.000000
vn 0.000000 -0.100000 0.000000
vn 0.000000 -0.100000 0.000000
vn 0.000000 -0.100000 0.000000
vn 0.000000 -0.100000 0.000000
vn 0.000000 -0.100000 0.000000
vn 0.000000 -0.100000 0.000000
vn 0.000000 -0.100000 0.000000
vn 0.000000 -0.100000 0.000000
vn 0.000000 -0.100000 0.000000
vn 0.000000 -0.100000 0.000000
vn 0.000000 -0.100000 0.000000
vn 0.000000 -0.100000 0.000000
vn 0.000000 -0.100000 0.000000
vn 0.000000 -0.100000 0.000000
vn 0.000000 -0.100000 0.000000
vn 0.000000 -0.100000 0.000000
vn 0.000000 -0.100000 0.000000
vn 0.000000 -0.100000 0.000000
vn 0.000000 -0.100000 0.000000
vn 0.000000 -0.100000 0.000000
vn 0.000000 -0.100000 0.000000
vn 0.000000 -0.100000 0.000000
vn 0.000000 -0.100000 0.000000
vn 0.000000 -0.100000 0.000000
vn 0.000000 -0.100000 0.000000
vn 0.000000 -0.100000 0.000000
vn 0.000000 -0.100000 0.000000
vn 0.000000 -0.100000 0.000000
vn 0.000000 -0.100000 0.000000
vn 0.000000 -0.100000 0.000000
vn 0.000000 -0.100000 0.000000
vn 0.000000 -0.100000 0.000000
vn 0.000000 -0.100000 0.000000
vn 0.000000 -0.100000 0.000000
vn 0.000000 -0.100000 0.000000
vn 0.000000 -0.100000 0.000000
vn 0.000000 -0.100000 0.000000
vn 0.000000 -0.100000 0.000000
vn 0.000000 -0.100000 0.000000
vn 0.000000 -0.100000 0.000000
vn 0.000000 -0.100000 0.000000
vn 0.000000 -0.100000 0.000000
vn 0.000000 -0.100000 0.000000
vn 0.000000 -0.100000 0.000000
vn 0.000000 -0.100000 0.000000
vn 0.000000 -0.100000 0.000000
vn 0.000000 -0.100000 0.000000
vn 0.000000 -0.100000 0.000000
vn 0.000000 -0.100000 0.000000
vn 0.000000 -0.100000 0.000000
vn 0.000000 -0.100000 0.000000
vn 0.000000 -0.100000 0.000000
vn 0.000000 -0.100000 0.000000
vn 0.000000 -0.100000 0.000000
vn 0.000000 -0.100000 0.000000
vn 0.000000 -0.100000 0.000000
vn 0.000000 -0.100000 0.000000
vn 0.000000 -0.100000 0.000000
vn 0.000000 -0.100000 0.000000
vn 0.000000 -0.100000 0.000000
vn 0.000000 -0.100000 0.000000
vn 0.000000 -0.100000 0.000000
vn 0.000000 -0.100000 0.000000
vn 0.000000 -0.100000 0.000000
vn 0.000000 -0.100000 0.000000
vn 0.000000 -0.100000 0.000000
vn 0.000000 -0.100000 0.000000
vn 0.000000 -0.100000 0.000000
vn 0.000000 -0.100000 0.000000
vn 0.000000 -0.100000 0.000000
vn 0.000000 -0.100000 0.000000
vn 0.000000 -0.100000 0.000000
vn 0.000000 -0.100000 0.000000
vn 0.000000 -0.100000 0.000000
vn 0.000000 -0.100000 0.000000
vn 0.000000 -0.100000 0.000000
vn 0.000000 -0.100000 0.000000
vn 0.000000 -0.100000 0.000000
vn 0.000000 -0.100000 0.000000
vn 0.000000 -0.100000 0.000000
vn 0.000000 -0.100000 0.000000
vn 0.000000 -0.100000 0.000000
vn 0.000000 -0.100000 0.000000
vn 0.000000 -0.100000 0.000000
vn 0.000000 -0.100000 0.000000
vn 0.000000 -0.100000 0.000000
vn 0.000000 -0.100000 0.000000
vn 0.000000 -0.100000 0.000000
vn 0.000000 -0.100000 0.000000
vn 0.000000 -0.100000 0.000000
vn 0.000000 -0.100000 0.000000
vn 0.000000 -0.100000 0.000000
vn 0.000000 -0.100000 0.000000
vn 0.000000 -0.100000 0.000000
vn 0.000000 -0.100000 0.000000
vn 0.000000 -0.100000 0.000000
vn 0.000000 -0.100000 0.000000
vn 0.000000 -0.100000 0.000000
vn 0.000000 -0.100000 0.000000
vn 0.000000 -0.100000 0.000000
vn 0.000000 -0.100000 0.000000
vn 0.000000 -0.100000 0.000000
vn 0.000000 -0.100000 0.000000
vn 0.000000 -0.100000 0.000000
vn 0.000000 -0.100000 0.000000
vn 0.000000 -0.100000 0.000000
vn 0.000000 -0.100000 0.000000
vn 0.000000 -0.100000 0.000000
vn 0.000000 -0.100000 0.000000
vn 0.000000 -0.100000 0.000000
vn 0.000000 -0.100000 0.000000
vn 0.000000 -0.100000 0.000000
vn 0.000000 -0.100000 0.000000
vn 0.000000 -0.100000 0.000000
vn 0.000000 -0.100000 0.000000
vn 0.000000 -0.100000 0.000000
vn 0.000000 -0.100000 0.000000
vn 0.000000 -0.100000 0.000000
vn 0.000000 -0.100000 0.000000
vn 0.000000 -0.100000 0.000000
vn 0.000000 -0.100000 0.000000
vn 0.000000 -0.100000 0.000000
vn 0.000000 -0.100000 0.000000
vn 0.000000 -0.100000 0.000000
vn 0.000000 -0.100000 0.000000
vn 0.000000 -0.100000 0.000000
vn 0.000000 -0.100000 0.000000
vn 0.000000 -0.100000 0.000000
vn 0.000000 -0.100000 0.000000
vn 0.000000 -0.100000 0.000000
vn 0.000000 -0.100000 0.000000
vn 0.000000 -0.100000 0.000000
vn 0.000000 -0.100000 0.000000
vn 0.000000 -0.100000 0.000000
vn 0.000000 -0.100000 0.000000
vn 0.000000 -0.100000 0.000000
vn 0.000000 -0.100000 0.000000
vn 0.000000 -0.100000 0.000000
vn 0.000000 -0.100000 0.000000
vn 0.000000 -0.100000 0.000000
vn 0.000000 -0.100000 0.000000
vn 0.000000 -0.100000 0.000000
vn 0.000000 -0.100000 0.000000
vn 0.000000 -0.100000 0.000000
vn 0.000000 -0.100000 0.000000
vn 0.000000 -0.100000 0.000000
vn 0.000000 -0.100000 0.000000
vn 0.000000 -0.100000 0.000000
vn 0.000000 -0.100000 0.000000
vn 0.000000 -0.100000 0.000000
vn 0.000000 -0.100000 0.000000
vn 0.000000 -0.100000 0.000000
vn 0.000000 -0.100000 0.000000
vn 0.000000 -0.100000 0.000000
vn 0.000000 -0.100000 0.000000
vn 0.000000 -0.100000 0.000000
vn 0.000000 -0.100000 0.000000
vn 0.000000 -0.100000 0.000000
vn 0.000000 -0.100000 0.000000
vn 0.000000 -0.100000 0.000000
vn 0.000000 -0.100000 0.000000
vn 0.000000 -0.100000 0.000000
vn 0.000000 -0.100000 0.000000
vn 0.000000 -0.100000 0.000000
vn 0.000000 -0.100000 0.000000
vn 0.000000 -0.100000 0.000000
vn 0.000000 -0.100000 0.000000
vn 0.000000 -0.100000 0.000000
vn 0.000000 -0.100000 0.000000
vn 0.000000 -0.100000 0.000000
vn 0.000000 -0.100000 0.000000
vn 0.000000 -0.100000 0.000000
vn 0.000000 -0.100000 0.000000
vn 0.000000 -0.100000 0.000000
vn 0.000000 -0.100000 0.000000
vn 0.000000 -0.100000 0.000000
vn 0.000000 -0.100000 0.000000
vn 0.000000 -0.100000 0.000000
vn 0.000000 -0.100000 0.000000
vn 0.000000 -0.100000 0.000000
vn 0.000000 -0.100000 0.000000
vn 0.000000 -0.100000 0.000000
vn 0.000000 -0.100000 0.000000
vn 0.000000 -0.100000 0.000000
vn 0.000000 -0.100000 0.000000
vn 0.000000 -0.100000 0.000000
vn 0.000000 -0.100000 0.000000
vn 0.000000 -0.100000 0.000000
vn 0.000000 -0.100000 0.000000
vn 0.000000 -0.100000 0.000000
vn 0.000000 -0.100000 0.000000
vn 0.000000 -0.100000 0.000000
vn 0.000000 -0.100000 0.000000
vn 0.000000 -0.100000 0.000000
vn 0.000000 -0.100000 0.000000
vn 0.000000 -0.100000 0.000000
vn 0.000000 -0.100000 0.000000
vn 0.043910 0.000000 -0.089844
vn 0.033792 0.000000 -0.094118
vn 0.033792 0.000000 -0.094118
vn 0.022778 0.000000 -0.097371
vn 0.022778 0.000000 -0.097371
vn 0.011465 0.000000 -0.099341
vn 0.011465 0.000000 -0.099341
vn 0.000000 0.000000 -0.100000
vn 0.000000 0.000000 -0.100000
vn -0.011465 0.000000 -0.099341
vn -0.011465 0.000000 -0.099341
vn -0.022778 0.000000 -0.097371
vn 0.043910 0.000000 -0.089844
vn 0.053466 0.000000 -0.084507
vn 0.053466 0.000000 -0.084507
vn 0.062310 0.000000 -0.078214
vn 0.062310 0.000000 -0.078214
vn 0.070297 0.000000 -0.071122
vn 0.070297 0.000000 -0.071122
vn 0.077312 0.000000 -0.063426
vn 0.077312 0.000000 -0.063426
vn 0.083407 0.000000 -0.055166
vn 0.083407 0.000000 -0.055166
vn 0.088651 0.000000 -0.046271
vn 0.088651 0.000000 -0.046271
vn 0.090842 0.000000 -0.041807
vn 0.090842 0.000000 -0.041807
vn 0.092723 0.000000 -0.037450
vn 0.095585 0.000000 -0.029386
vn 0.095585 0.000000 -0.029386
vn 0.092723 0.000000 -0.037450
vn 0.097511 0.000000 -0.022170
vn 0.097511 0.000000 -0.022170
vn 0.098765 0.000000 -0.015667
vn 0.098765 0.000000 -0.015667
vn 0.099489 0.000000 -0.010098
vn 0.099838 0.000000 -0.005682
vn 0.099838 0.000000 -0.005682
vn 0.099489 0.000000 -0.010098
vn 0.099968 0.000000 -0.002525
vn 0.099968 0.000000 -0.002525
vn 0.099998 0.000000 -0.000631
vn 0.099998 0.000000 -0.000631
vn 0.100000 0.000000 -0.000000
vn 0.100000 0.000000 -0.000000
vn -0.022778 0.000000 -0.097371
vn -0.033792 0.000000 -0.094118
vn -0.033792 0.000000 -0.094118
vn -0.043910 0.000000 -0.089844
vn -0.043910 0.000000 -0.089844
vn -0.053466 0.000000 -0.084507
vn -0.053466 0.000000 -0.084507
vn -0.062310 0.000000 -0.078214
vn -0.062310 0.000000 -0.078214
vn -0.070297 0.000000 -0.071122
vn -0.070297 0.000000 -0.071122
vn -0.077312 0.000000 -0.063426
vn -0.077312 0.000000 -0.063426
vn -0.083407 0.000000 -0.055166
vn -0.083407 0.000000 -0.055166
vn -0.088651 0.000000 -0.046271
vn -0.088651 0.000000 -0.046271
vn -0.090842 0.000000 -0.041807
vn -0.090842 0.000000 -0.041807
vn -0.092723 0.000000 -0.037450
vn -0.095585 0.000000 -0.029386
vn -0.095585 0.000000 -0.029386
vn -0.092723 0.000000 -0.037450
vn -0.097511 0.000000 -0.022170
vn -0.097511 0.000000 -0.022170
vn -0.098765 0.000000 -0.015667
vn -0.098765 0.000000 -0.015667
vn -0.099489 0.000000 -0.010098
vn -0.099838 0.000000 -0.005682
vn -0.099838 0.000000 -0.005682
vn -0.099489 0.000000 -0.010098
vn -0.099968 0.000000 -0.002525
vn -0.099968 0.000000 -0.002525
vn -0.099998 0.000000 -0.000631
vn -0.099998 0.000000 -0.000631
vn -0.100000 0.000000 -0.000000
vn -0.100000 0.000000 -0.000000
vn 0.043910 0.000000 -0.089844
vn 0.033792 0.000000 -0.094118
vn 0.033792 0.000000 -0.094118
vn 0.022778 0.000000 -0.097371
vn 0.022778 0.000000 -0.097371
vn 0.011465 0.000000 -0.099341
vn 0.011465 0.000000 -0.099341
vn 0.000000 0.000000 -0.100000
vn 0.000000 0.000000 -0.100000
vn -0.011465 0.000000 -0.099341
vn -0.011465 0.000000 -0.099341
vn -0.022778 0.000000 -0.097371
vn 0.043910 0.000000 -0.089844
vn 0.053466 0.000000 -0.084507
vn 0.053466 0.000000 -0.084507
vn 0.062310 0.000000 -0.078214
vn 0.062310 0.000000 -0.078214
vn 0.070297 0.000000 -0.071122
vn 0.070297 0.000000 -0.071122
vn 0.077312 0.000000 -0.063426
vn 0.077312 0.000000 -0.063426
vn 0.083407 0.000000 -0.055166
vn 0.083407 0.000000 -0.055166
vn 0.088651 0.000000 -0.046271
vn 0.088651 0.000000 -0.046271
vn 0.090842 0.000000 -0.041807
vn 0.090842 0.000000 -0.041807
vn 0.092723 0.000000 -0.037450
vn 0.095585 0.000000 -0.029386
vn 0.095585 0.000000 -0.029386
vn 0.092723 0.000000 -0.037450
vn 0.097511 0.000000 -0.022170
vn 0.097511 0.000000 -0.022170
vn 0.098765 0.000000 -0.015667
vn 0.098765 0.000000 -0.015667
vn 0.099489 0.000000 -0.010098
vn 0.099838 0.000000 -0.005682
vn 0.099838 0.000000 -0.005682
vn 0.099489 0.000000 -0.010098
vn 0.099968 0.000000 -0.002525
vn 0.099968 0.000000 -0.002525
vn 0.099998 0.000000 -0.000631
vn 0.099998 0.000000 -0.000631
vn 0.100000 0.000000 -0.000000
vn 0.100000 0.000000 -0.000000
vn -0.022778 0.000000 -0.097371
vn -0.033792 0.000000 -0.094118
vn -0.033792 0.000000 -0.094118
vn -0.043910 0.000000 -0.089844
vn -0.043910 0.000000 -0.089844
vn -0.053466 0.000000 -0.084507
vn -0.053466 0.000000 -0.084507
vn -0.062310 0.000000 -0.078214
vn -0.062310 0.000000 -0.078214
vn -0.070297 0.000000 -0.071122
vn -0.070297 0.000000 -0.071122
vn -0.077312 0.000000 -0.063426
vn -0.077312 0.000000 -0.063426
vn -0.083407 0.000000 -0.055166
vn -0.083407 0.000000 -0.055166
vn -0.088651 0.000000 -0.046271
vn -0.088651 0.000000 -0.046271
vn -0.090842 0.000000 -0.041807
vn -0.090842 0.000000 -0.041807
vn -0.092723 0.000000 -0.037450
vn -0.095585 0.000000 -0.029386
vn -0.095585 0.000000 -0.029386
vn -0.092723 0.000000 -0.037450
vn -0.097511 0.000000 -0.022170
vn -0.097511 0.000000 -0.022170
vn -0.098765 0.000000 -0.015667
vn -0.098765 0.000000 -0.015667
vn -0.099489 0.000000 -0.010098
vn -0.099838 0.000000 -0.005682
vn -0.099838 0.000000 -0.005682
vn -0.099489 0.000000 -0.010098
vn -0.099968 0.000000 -0.002525
vn -0.099968 0.000000 -0.002525
vn -0.099998 0.000000 -0.000631
vn -0.099998 0.000000 -0.000631
vn -0.100000 0.000000 -0.000000
vn -0.100000 0.000000 -0.000000
vn 0.000000 -0.099518 -0.009802
vn 0.000000 -0.099144 -0.013053
vn 0.000000 -0.098079 -0.019509
vn 0.000000 -0.096593 -0.025882
vn 0.000000 -0.095694 -0.029028
vn 0.000000 -0.092388 -0.038268
vn 0.000000 -0.092388 -0.038268
vn 0.000000 -0.088192 -0.047140
vn 0.000000 -0.086603 -0.050000
vn 0.000000 -0.083147 -0.055557
vn 0.000000 -0.079335 -0.060876
vn 0.000000 -0.077301 -0.063439
vn 0.000000 -0.070711 -0.070711
vn 0.000000 -0.070711 -0.070711
vn 0.000000 -0.063439 -0.077301
vn 0.000000 -0.060876 -0.079335
vn 0.000000 -0.055557 -0.083147
vn 0.000000 -0.050000 -0.086603
vn 0.000000 -0.047140 -0.088192
vn 0.000000 -0.038268 -0.092388
vn 0.000000 -0.038268 -0.092388
vn 0.000000 -0.029028 -0.095694
vn 0.000000 -0.025882 -0.096593
vn 0.000000 -0.019509 -0.098079
vn 0.000000 -0.013053 -0.099144
vn 0.000000 -0.009802 -0.099518
vn 0.000000 0.000000 -0.100000
vn 0.000000 -0.011389 -0.099349
vn 0.000000 0.000000 -0.100000
vn 0.000000 -0.099897 -0.004541
vn 0.000000 -0.099475 -0.010230
vn 0.000000 -0.098556 -0.016933
vn 0.000000 -0.096963 -0.024457
vn 0.000000 -0.094533 -0.032612
vn 0.000000 -0.091031 -0.041393
vn 0.000000 -0.086114 -0.050837
vn 0.000000 -0.083129 -0.055584
vn 0.000000 -0.079836 -0.060218
vn 0.000000 -0.072592 -0.068778
vn 0.000000 -0.064448 -0.076462
vn 0.000000 -0.055207 -0.083380
vn 0.000000 -0.045051 -0.089277
vn 0.000000 -0.034201 -0.093970
vn 0.000000 -0.022889 -0.097345
vn 0.100000 -0.000000 0.000000
vn 0.100000 -0.000000 0.000000
vn 0.100000 -0.000000 0.000000
vn 0.100000 -0.000000 0.000000
vn 0.100000 -0.000000 0.000000
vn 0.100000 -0.000000 0.000000
vn 0.100000 -0.000000 0.000000
vn 0.100000 -0.000000 0.000000
vn 0.100000 -0.000000 0.000000
vn 0.100000 -0.000000 0.000000
vn 0.100000 -0.000000 0.000000
vn 0.100000 -0.000000 0.000000
vn 0.100000 -0.000000 0.000000
vn 0.100000 -0.000000 0.000000
vn 0.100000 -0.000000 0.000000
vn 0.100000 -0.000000 0.000000
vn 0.100000 -0.000000 0.000000
vn 0.100000 -0.000000 0.000000
vn 0.100000 -0.000000 0.000000
vn 0.100000 -0.000000 0.000000
vn 0.100000 -0.000000 0.000000
vn 0.100000 -0.000000 0.000000
vn 0.100000 -0.000000 0.000000
vn 0.100000 -0.000000 0.000000
vn 0.100000 -0.000000 0.000000
vn 0.100000 -0.000000 0.000000
vn 0.100000 -0.000000 0.000000
vn 0.100000 -0.000000 0.000000
vn 0.100000 -0.000000 0.000000
vn 0.100000 -0.000000 0.000000
vn 0.100000 -0.000000 0.000000
vn 0.100000 -0.000000 0.000000
vn 0.100000 -0.000000 0.000000
vn 0.100000 -0.000000 0.000000
vn 0.100000 -0.000000 0.000000
vn 0.100000 -0.000000 0.000000
vn 0.100000 -0.000000 0.000000
vn 0.100000 -0.000000 0.000000
vn 0.100000 -0.000000 0.000000
vn 0.100000 -0.000000 0.000000
vn 0.100000 -0.000000 0.000000
vn 0.100000 -0.000000 0.000000
vn 0.100000 -0.000000 0.000000
vn 0.100000 -0.000000 0.000000
vn 0.100000 -0.000000 0.000000
vn 0.100000 -0.000000 0.000000
vn 0.100000 -0.000000 0.000000
vn 0.100000 -0.000000 0.000000
vn 0.100000 -0.000000 0.000000
vn 0.100000 -0.000000 0.000000
vn 0.100000 -0.000000 0.000000
vn 0.100000 -0.000000 0.000000
vn 0.000000 0.013053 -0.099144
vn 0.000000 0.013053 -0.099144
vn 0.000000 0.000000 -0.100000
vn 0.000000 0.011389 -0.099349
vn 0.000000 0.000000 -0.100000
vn 0.000000 0.025882 -0.096593
vn 0.000000 0.025882 -0.096593
vn 0.000000 0.038268 -0.092388
vn 0.000000 0.038268 -0.092388
vn 0.000000 0.050000 -0.086603
vn 0.000000 0.050000 -0.086603
vn 0.000000 0.060876 -0.079335
vn 0.000000 0.060876 -0.079335
vn 0.000000 0.070711 -0.070711
vn 0.000000 0.070711 -0.070711
vn 0.000000 0.079335 -0.060876
vn 0.000000 0.079335 -0.060876
vn 0.000000 0.086603 -0.050000
vn 0.000000 0.086603 -0.050000
vn 0.000000 0.092388 -0.038268
vn 0.000000 0.092388 -0.038268
vn 0.000000 0.096593 -0.025882
vn 0.000000 0.096593 -0.025882
vn 0.000000 0.099144 -0.013053
vn 0.000000 0.099144 -0.013053
vn 0.000000 0.099897 -0.004541
vn 0.000000 0.099475 -0.010230
vn 0.000000 0.098556 -0.016933
vn 0.000000 0.096963 -0.024457
vn 0.000000 0.094533 -0.032612
vn 0.000000 0.091031 -0.041393
vn 0.000000 0.086114 -0.050837
vn 0.000000 0.083129 -0.055584
vn 0.000000 0.079836 -0.060218
vn 0.000000 0.072592 -0.068778
vn 0.000000 0.064448 -0.076462
vn 0.000000 0.055207 -0.083380
vn 0.000000 0.045051 -0.089277
vn 0.000000 0.034201 -0.093970
vn 0.000000 0.022889 -0.097345
vn 0.000000 0.000000 -0.100000
vn 0.000000 0.000000 -0.100000
vn 0.000000 0.000000 -0.100000
vn 0.000000 0.000000 -0.100000
vn 0.000000 0.099897 -0.004541
vn 0.000000 0.099897 -0.004541
vn 0.000000 0.099475 -0.010230
vn 0.000000 0.099144 -0.013053
vn 0.000000 0.098556 -0.016933
vn 0.000000 0.096593 -0.025882
vn 0.000000 0.096963 -0.024457
vn 0.000000 0.094533 -0.032612
vn 0.000000 0.092388 -0.038268
vn 0.000000 0.091031 -0.041393
vn 0.000000 0.086603 -0.050000
vn 0.000000 0.086114 -0.050837
vn 0.000000 0.083129 -0.055584
vn 0.000000 0.079335 -0.060876
vn 0.000000 0.079836 -0.060218
vn 0.000000 0.072592 -0.068778
vn 0.000000 0.070711 -0.070711
vn 0.000000 0.064448 -0.076462
vn 0.000000 0.060876 -0.079335
vn 0.000000 0.055207 -0.083380
vn 0.000000 0.050000 -0.086603
vn 0.000000 0.045051 -0.089277
vn 0.000000 0.038268 -0.092388
vn 0.000000 0.034201 -0.093970
vn 0.000000 0.025882 -0.096593
vn 0.000000 0.022889 -0.097345
vn 0.000000 0.013053 -0.099144
vn 0.000000 0.011389 -0.099349
vn 0.000000 0.013053 -0.099144
vn 0.000000 0.011389 -0.099349
vn 0.000000 0.022889 -0.097345
vn 0.000000 0.025882 -0.096593
vn 0.000000 0.034201 -0.093970
vn 0.000000 0.038268 -0.092388
vn 0.000000 0.045051 -0.089277
vn 0.000000 0.050000 -0.086603
vn 0.000000 0.055207 -0.083380
vn 0.000000 0.060876 -0.079335
vn 0.000000 0.064448 -0.076462
vn 0.000000 0.070711 -0.070711
vn 0.000000 0.072592 -0.068778
vn 0.000000 0.079335 -0.060876
vn 0.000000 0.079836 -0.060218
vn 0.000000 0.083129 -0.055584
vn 0.000000 0.086603 -0.050000
vn 0.000000 0.086114 -0.050837
vn 0.000000 0.091031 -0.041393
vn 0.000000 0.092388 -0.038268
vn 0.000000 0.094533 -0.032612
vn 0.000000 0.096593 -0.025882
vn 0.000000 0.096963 -0.024457
vn 0.000000 0.098556 -0.016933
vn 0.000000 0.099144 -0.013053
vn 0.000000 0.099475 -0.010230
vn -0.000000 0.099518 0.009802
vn -0.000000 0.099144 0.013053
vn -0.000000 0.098079 0.019509
vn -0.000000 0.096593 0.025882
vn -0.000000 0.095694 0.029028
vn -0.000000 0.092388 0.038268
vn -0.000000 0.092388 0.038268
vn -0.000000 0.088192 0.047140
vn -0.000000 0.086603 0.050000
vn -0.000000 0.083147 0.055557
vn -0.000000 0.079335 0.060876
vn -0.000000 0.077301 0.063439
vn -0.000000 0.070711 0.070711
vn -0.000000 0.070711 0.070711
vn -0.000000 0.063439 0.077301
vn -0.000000 0.060876 0.079335
vn -0.000000 0.055557 0.083147
vn -0.000000 0.050000 0.086603
vn -0.000000 0.047140 0.088192
vn -0.000000 0.038268 0.092388
vn -0.000000 0.038268 0.092388
vn -0.000000 0.029028 0.095694
vn -0.000000 0.025882 0.096593
vn -0.000000 0.019509 0.098079
vn -0.000000 0.013053 0.099144
vn -0.000000 0.009802 0.099518
vn -0.000000 -0.000000 0.100000
vn -0.000000 0.011389 0.099349
vn -0.000000 0.000000 0.100000
vn -0.000000 0.099897 0.004541
vn -0.000000 0.099475 0.010230
vn -0.000000 0.098556 0.016933
vn -0.000000 0.096963 0.024457
vn -0.000000 0.094533 0.032612
vn -0.000000 0.091031 0.041393
vn -0.000000 0.086114 0.050837
vn -0.000000 0.083129 0.055584
vn -0.000000 0.079836 0.060218
vn -0.000000 0.072592 0.068778
vn -0.000000 0.064448 0.076462
vn -0.000000 0.055207 0.083380
vn -0.000000 0.045051 0.089277
vn -0.000000 0.034201 0.093970
vn -0.000000 0.022889 0.097345
vn -0.000000 0.000000 0.100000
vn -0.000000 0.000000 0.100000
vn -0.100000 0.000000 -0.000000
vn -0.100000 0.000000 -0.000000
vn -0.099998 0.000000 0.000631
vn -0.099998 0.000000 0.000631
vn -0.099968 0.000000 0.002525
vn -0.099968 0.000000 0.002525
vn -0.099838 0.000000 0.005682
vn -0.099838 0.000000 0.005682
vn -0.099489 0.000000 0.010098
vn -0.099489 0.000000 0.010098
vn -0.098765 0.000000 0.015667
vn -0.097511 0.000000 0.022170
vn -0.097511 0.000000 0.022170
vn -0.098765 0.000000 0.015667
vn -0.095585 0.000000 0.029386
vn -0.095585 0.000000 0.029386
vn -0.092723 0.000000 0.037450
vn -0.092723 0.000000 0.037450
vn -0.090842 0.000000 0.041807
vn -0.088651 0.000000 0.046271
vn -0.088651 0.000000 0.046271
vn -0.090842 0.000000 0.041807
vn -0.083407 0.000000 0.055166
vn -0.083407 0.000000 0.055166
vn -0.077312 0.000000 0.063426
vn -0.077312 0.000000 0.063426
vn -0.070297 0.000000 0.071122
vn -0.070297 0.000000 0.071122
vn -0.062310 0.000000 0.078214
vn -0.062310 0.000000 0.078214
vn -0.053466 0.000000 0.084507
vn -0.053466 0.000000 0.084507
vn -0.043910 0.000000 0.089844
vn -0.043910 0.000000 0.089844
vn -0.033792 0.000000 0.094118
vn -0.033792 0.000000 0.094118
vn -0.022778 0.000000 0.097371
vn -0.022778 0.000000 0.097371
vn -0.011465 0.000000 0.099341
vn -0.011465 0.000000 0.099341
vn -0.000000 0.000000 0.100000
vn -0.000000 0.000000 0.100000
vn 0.011465 0.000000 0.099341
vn 0.011465 0.000000 0.099341
vn 0.022778 0.000000 0.097371
vn 0.022778 0.000000 0.097371
vn 0.033792 0.000000 0.094118
vn 0.033792 0.000000 0.094118
vn 0.043910 0.000000 0.089844
vn 0.043910 0.000000 0.089844
vn 0.053466 0.000000 0.084507
vn 0.053466 0.000000 0.084507
vn 0.062310 0.000000 0.078214
vn 0.062310 0.000000 0.078214
vn 0.070297 0.000000 0.071122
vn 0.070297 0.000000 0.071122
vn 0.077312 0.000000 0.063426
vn 0.077312 0.000000 0.063426
vn 0.083407 0.000000 0.055166
vn 0.083407 0.000000 0.055166
vn 0.088651 0.000000 0.046271
vn 0.088651 0.000000 0.046271
vn 0.090842 0.000000 0.041807
vn 0.090842 0.000000 0.041807
vn 0.092723 0.000000 0.037450
vn 0.095585 0.000000 0.029386
vn 0.095585 0.000000 0.029386
vn 0.092723 0.000000 0.037450
vn 0.097511 0.000000 0.022170
vn 0.097511 0.000000 0.022170
vn 0.098765 0.000000 0.015667
vn 0.098765 0.000000 0.015667
vn 0.099489 0.000000 0.010098
vn 0.099838 0.000000 0.005682
vn 0.099838 0.000000 0.005682
vn 0.099489 0.000000 0.010098
vn 0.099968 0.000000 0.002525
vn 0.099968 0.000000 0.002525
vn 0.099998 0.000000 0.000631
vn 0.099998 0.000000 0.000631
vn 0.100000 0.000000 0.000000
vn 0.100000 0.000000 0.000000
vn -0.000000 -0.009802 0.099518
vn -0.000000 -0.013053 0.099144
vn -0.000000 -0.019509 0.098079
vn -0.000000 -0.025882 0.096593
vn -0.000000 -0.029028 0.095694
vn -0.000000 -0.038268 0.092388
vn -0.000000 -0.038268 0.092388
vn -0.000000 -0.047140 0.088192
vn -0.000000 -0.050000 0.086603
vn -0.000000 -0.055557 0.083147
vn -0.000000 -0.060876 0.079335
vn -0.000000 -0.063439 0.077301
vn -0.000000 -0.070711 0.070711
vn -0.000000 -0.070711 0.070711
vn -0.000000 -0.077301 0.063439
vn -0.000000 -0.079335 0.060876
vn -0.000000 -0.083147 0.055557
vn -0.000000 -0.086603 0.050000
vn -0.000000 -0.088192 0.047140
vn -0.000000 -0.092388 0.038268
vn -0.000000 -0.092388 0.038268
vn -0.000000 -0.095694 0.029028
vn -0.000000 -0.096593 0.025882
vn -0.000000 -0.098079 0.019509
vn -0.000000 -0.099144 0.013053
vn -0.000000 -0.099518 0.009802
vn -0.000000 -0.099897 0.004541
vn -0.000000 -0.011389 0.099349
vn -0.000000 -0.022889 0.097345
vn -0.000000 -0.034201 0.093970
vn -0.000000 -0.045051 0.089277
vn -0.000000 -0.055207 0.083380
vn -0.000000 -0.064448 0.076462
vn -0.000000 -0.072592 0.068778
vn -0.000000 -0.079836 0.060218
vn -0.000000 -0.083129 0.055584
vn -0.000000 -0.086114 0.050837
vn -0.000000 -0.091031 0.041393
vn -0.000000 -0.094533 0.032612
vn -0.000000 -0.096963 0.024457
vn -0.000000 -0.098556 0.016933
vn -0.000000 -0.099475 0.010230
vn -0.000000 0.000000 0.100000
vn -0.000000 0.000000 0.100000
vn -0.000000 -0.011389 0.099349
vn -0.000000 -0.013053 0.099144
vn -0.000000 -0.022889 0.097345
vn -0.000000 -0.025882 0.096593
vn -0.000000 -0.034201 0.093970
vn -0.000000 -0.038268 0.092388
vn -0.000000 -0.045051 0.089277
vn -0.000000 -0.050000 0.086603
vn -0.000000 -0.055207 0.083380
vn -0.000000 -0.060876 0.079335
vn -0.000000 -0.064448 0.076462
vn -0.000000 -0.070711 0.070711
vn -0.000000 -0.072592 0.068778
vn -0.000000 -0.079335 0.060876
vn -0.000000 -0.079836 0.060218
vn -0.000000 -0.083129 0.055584
vn -0.000000 -0.086603 0.050000
vn -0.000000 -0.086114 0.050837
vn -0.000000 -0.091031 0.041393
vn -0.000000 -0.092388 0.038268
vn -0.000000 -0.094533 0.032612
vn -0.000000 -0.096593 0.025882
vn -0.000000 -0.096963 0.024457
vn -0.000000 -0.098556 0.016933
vn -0.000000 -0.099144 0.013053
vn -0.000000 -0.099475 0.010230
vn -0.000000 -0.099897 0.004541
vn -0.000000 -0.099144 0.013053
vn -0.000000 -0.099475 0.010230
vn -0.000000 -0.098556 0.016933
vn -0.000000 -0.096593 0.025882
vn -0.000000 -0.096963 0.024457
vn -0.000000 -0.094533 0.032612
vn -0.000000 -0.092388 0.038268
vn -0.000000 -0.091031 0.041393
vn -0.000000 -0.086603 0.050000
vn -0.000000 -0.086114 0.050837
vn -0.000000 -0.083129 0.055584
vn -0.000000 -0.079335 0.060876
vn -0.000000 -0.079836 0.060218
vn -0.000000 -0.072592 0.068778
vn -0.000000 -0.070711 0.070711
vn -0.000000 -0.064448 0.076462
vn -0.000000 -0.060876 0.079335
vn -0.000000 -0.055207 0.083380
vn -0.000000 -0.050000 0.086603
vn -0.000000 -0.045051 0.089277
vn -0.000000 -0.038268 0.092388
vn -0.000000 -0.034201 0.093970
vn -0.000000 -0.025882 0.096593
vn -0.000000 -0.022889 0.097345
vn -0.000000 -0.013053 0.099144
vn -0.000000 -0.011389 0.099349
vn -0.000000 -0.099897 0.004541
vn -0.043910 0.000000 0.089844
vn -0.033792 0.000000 0.094118
vn -0.033792 0.000000 0.094118
vn -0.022778 0.000000 0.097371
vn -0.022778 0.000000 0.097371
vn -0.011465 0.000000 0.099341
vn -0.011465 0.000000 0.099341
vn -0.000000 0.000000 0.100000
vn -0.000000 0.000000 0.100000
vn 0.011465 0.000000 0.099341
vn 0.011465 0.000000 0.099341
vn 0.022778 0.000000 0.097371
vn -0.043910 0.000000 0.089844
vn -0.053466 0.000000 0.084507
vn -0.053466 0.000000 0.084507
vn -0.062310 0.000000 0.078214
vn -0.062310 0.000000 0.078214
vn -0.070297 0.000000 0.071122
vn -0.070297 0.000000 0.071122
vn -0.077312 0.000000 0.063426
vn -0.077312 0.000000 0.063426
vn -0.083407 0.000000 0.055166
vn -0.083407 0.000000 0.055166
vn -0.088651 0.000000 0.046271
vn -0.088651 0.000000 0.046271
vn -0.090842 0.000000 0.041807
vn -0.090842 0.000000 0.041807
vn -0.092723 0.000000 0.037450
vn -0.095585 0.000000 0.029386
vn -0.095585 0.000000 0.029386
vn -0.092723 0.000000 0.037450
vn -0.097511 0.000000 0.022170
vn -0.097511 0.000000 0.022170
vn -0.098765 0.000000 0.015667
vn -0.098765 0.000000 0.015667
vn -0.099489 0.000000 0.010098
vn -0.099838 0.000000 0.005682
vn -0.099838 0.000000 0.005682
vn -0.099489 0.000000 0.010098
vn -0.099968 0.000000 0.002525
vn -0.099968 0.000000 0.002525
vn -0.099998 0.000000 0.000631
vn -0.099998 0.000000 0.000631
vn -0.100000 0.000000 -0.000000
vn -0.100000 0.000000 -0.000000
vn 0.022778 0.000000 0.097371
vn 0.033792 0.000000 0.094118
vn 0.033792 0.000000 0.094118
vn 0.043910 0.000000 0.089844
vn 0.043910 0.000000 0.089844
vn 0.053466 0.000000 0.084507
vn 0.053466 0.000000 0.084507
vn 0.062310 0.000000 0.078214
vn 0.062310 0.000000 0.078214
vn 0.070297 0.000000 0.071122
vn 0.070297 0.000000 0.071122
vn 0.077312 0.000000 0.063426
vn 0.077312 0.000000 0.063426
vn 0.083407 0.000000 0.055166
vn 0.083407 0.000000 0.055166
vn 0.088651 0.000000 0.046271
vn 0.088651 0.000000 0.046271
vn 0.090842 0.000000 0.041807
vn 0.090842 0.000000 0.041807
vn 0.092723 0.000000 0.037450
vn 0.095585 0.000000 0.029386
vn 0.095585 0.000000 0.029386
vn 0.092723 0.000000 0.037450
vn 0.097511 0.000000 0.022170
vn 0.097511 0.000000 0.022170
vn 0.098765 0.000000 0.015667
vn 0.098765 0.000000 0.015667
vn 0.099489 0.000000 0.010098
vn 0.099838 0.000000 0.005682
vn 0.099838 0.000000 0.005682
vn 0.099489 0.000000 0.010098
vn 0.099968 0.000000 0.002525
vn 0.099968 0.000000 0.002525
vn 0.099998 0.000000 0.000631
vn 0.099998 0.000000 0.000631
vn 0.100000 0.000000 0.000000
vn 0.100000 0.000000 0.000000
vn -0.000000 0.000000 0.100000
vn -0.000000 0.000000 0.100000
vn -0.000000 0.099897 0.004541
vn -0.000000 0.099144 0.013053
vn -0.000000 0.099475 0.010230
vn -0.000000 0.098556 0.016933
vn -0.000000 0.096593 0.025882
vn -0.000000 0.096963 0.024457
vn -0.000000 0.094533 0.032612
vn -0.000000 0.092388 0.038268
vn -0.000000 0.091031 0.041393
vn -0.000000 0.086603 0.050000
vn -0.000000 0.086114 0.050837
vn -0.000000 0.083129 0.055584
vn -0.000000 0.079335 0.060876
vn -0.000000 0.079836 0.060218
vn -0.000000 0.072592 0.068778
vn -0.000000 0.070711 0.070711
vn -0.000000 0.064448 0.076462
vn -0.000000 0.060876 0.079335
vn -0.000000 0.055207 0.083380
vn -0.000000 0.050000 0.086603
vn -0.000000 0.045051 0.089277
vn -0.000000 0.038268 0.092388
vn -0.000000 0.034201 0.093970
vn -0.000000 0.025882 0.096593
vn -0.000000 0.022889 0.097345
vn -0.000000 0.013053 0.099144
vn -0.000000 0.011389 0.099349
vn -0.000000 0.013053 0.099144
vn -0.000000 0.011389 0.099349
vn -0.000000 0.022889 0.097345
vn -0.000000 0.025882 0.096593
vn -0.000000 0.034201 0.093970
vn -0.000000 0.038268 0.092388
vn -0.000000 0.045051 0.089277
vn -0.000000 0.050000 0.086603
vn -0.000000 0.055207 0.083380
vn -0.000000 0.060876 0.079335
vn -0.000000 0.064448 0.076462
vn -0.000000 0.070711 0.070711
vn -0.000000 0.072592 0.068778
vn -0.000000 0.079335 0.060876
vn -0.000000 0.079836 0.060218
vn -0.000000 0.083129 0.055584
vn -0.000000 0.086603 0.050000
vn -0.000000 0.086114 0.050837
vn -0.000000 0.091031 0.041393
vn -0.000000 0.092388 0.038268
vn -0.000000 0.094533 0.032612
vn -0.000000 0.096593 0.025882
vn -0.000000 0.096963 0.024457
vn -0.000000 0.098556 0.016933
vn -0.000000 0.099144 0.013053
vn -0.000000 0.099475 0.010230
vn -0.000000 0.099897 0.004541
vn -0.043910 0.000000 0.089844
vn -0.033792 0.000000 0.094118
vn -0.033792 0.000000 0.094118
vn -0.022778 0.000000 0.097371
vn -0.022778 0.000000 0.097371
vn -0.011465 0.000000 0.099341
vn -0.011465 0.000000 0.099341
vn -0.000000 0.000000 0.100000
vn -0.000000 0.000000 0.100000
vn 0.011465 0.000000 0.099341
vn 0.011465 0.000000 0.099341
vn 0.022778 0.000000 0.097371
vn -0.043910 0.000000 0.089844
vn -0.053466 0.000000 0.084507
vn -0.053466 0.000000 0.084507
vn -0.062310 0.000000 0.078214
vn -0.062310 0.000000 0.078214
vn -0.070297 0.000000 0.071122
vn -0.070297 0.000000 0.071122
vn -0.077312 0.000000 0.063426
vn -0.077312 0.000000 0.063426
vn -0.083407 0.000000 0.055166
vn -0.083407 0.000000 0.055166
vn -0.088651 0.000000 0.046271
vn -0.088651 0.000000 0.046271
vn -0.090842 0.000000 0.041807
vn -0.090842 0.000000 0.041807
vn -0.092723 0.000000 0.037450
vn -0.095585 0.000000 0.029386
vn -0.095585 0.000000 0.029386
vn -0.092723 0.000000 0.037450
vn -0.097511 0.000000 0.022170
vn -0.097511 0.000000 0.022170
vn -0.098765 0.000000 0.015667
vn -0.098765 0.000000 0.015667
vn -0.099489 0.000000 0.010098
vn -0.099838 0.000000 0.005682
vn -0.099838 0.000000 0.005682
vn -0.099489 0.000000 0.010098
vn -0.099968 0.000000 0.002525
vn -0.099968 0.000000 0.002525
vn -0.099998 0.000000 0.000631
vn -0.099998 0.000000 0.000631
vn -0.100000 0.000000 -0.000000
vn -0.100000 0.000000 -0.000000
vn 0.022778 0.000000 0.097371
vn 0.033792 0.000000 0.094118
vn 0.033792 0.000000 0.094118
vn 0.043910 0.000000 0.089844
vn 0.043910 0.000000 0.089844
vn 0.053466 0.000000 0.084507
vn 0.053466 0.000000 0.084507
vn 0.062310 0.000000 0.078214
vn 0.062310 0.000000 0.078214
vn 0.070297 0.000000 0.071122
vn 0.070297 0.000000 0.071122
vn 0.077312 0.000000 0.063426
vn 0.077312 0.000000 0.063426
vn 0.083407 0.000000 0.055166
vn 0.083407 0.000000 0.055166
vn 0.088651 0.000000 0.046271
vn 0.088651 0.000000 0.046271
vn 0.090842 0.000000 0.041807
vn 0.090842 0.000000 0.041807
vn 0.092723 0.000000 0.037450
vn 0.095585 0.000000 0.029386
vn 0.095585 0.000000 0.029386
vn 0.092723 0.000000 0.037450
vn 0.097511 0.000000 0.022170
vn 0.097511 0.000000 0.022170
vn 0.098765 0.000000 0.015667
vn 0.098765 0.000000 0.015667
vn 0.099489 0.000000 0.010098
vn 0.099838 0.000000 0.005682
vn 0.099838 0.000000 0.005682
vn 0.099489 0.000000 0.010098
vn 0.099968 0.000000 0.002525
vn 0.099968 0.000000 0.002525
vn 0.099998 0.000000 0.000631
vn 0.099998 0.000000 0.000631
vn 0.100000 0.000000 0.000000
vn 0.100000 0.000000 0.000000
vn -0.000000 -0.013053 0.099144
vn -0.000000 -0.013053 0.099144
vn -0.000000 0.000000 0.100000
vn -0.000000 -0.011389 0.099349
vn -0.000000 0.000000 0.100000
vn -0.000000 -0.025882 0.096593
vn -0.000000 -0.025882 0.096593
vn -0.000000 -0.038268 0.092388
vn -0.000000 -0.038268 0.092388
vn -0.000000 -0.050000 0.086603
vn -0.000000 -0.050000 0.086603
vn -0.000000 -0.060876 0.079335
vn -0.000000 -0.060876 0.079335
vn -0.000000 -0.070711 0.070711
vn -0.000000 -0.070711 0.070711
vn -0.000000 -0.079335 0.060876
vn -0.000000 -0.079335 0.060876
vn -0.000000 -0.086603 0.050000
vn -0.000000 -0.086603 0.050000
vn -0.000000 -0.092388 0.038268
vn -0.000000 -0.092388 0.038268
vn -0.000000 -0.096593 0.025882
vn -0.000000 -0.096593 0.025882
vn -0.000000 -0.099144 0.013053
vn -0.000000 -0.099144 0.013053
vn -0.000000 -0.099897 0.004541
vn -0.000000 -0.099475 0.010230
vn -0.000000 -0.098556 0.016933
vn -0.000000 -0.096963 0.024457
vn -0.000000 -0.094533 0.032612
vn -0.000000 -0.091031 0.041393
vn -0.000000 -0.086114 0.050837
vn -0.000000 -0.083129 0.055584
vn -0.000000 -0.079836 0.060218
vn -0.000000 -0.072592 0.068778
vn -0.000000 -0.064448 0.076462
vn -0.000000 -0.055207 0.083380
vn -0.000000 -0.045051 0.089277
vn -0.000000 -0.034201 0.093970
vn -0.000000 -0.022889 0.097345
vn -0.000000 0.000000 0.100000
vn -0.000000 0.000000 0.100000
vn -0.000000 0.000000 0.100000
vn -0.000000 0.000000 0.100000
vn -0.000000 0.000000 0.100000
vn -0.000000 0.000000 0.100000
vn 0.100000 0.000000 0.000000
vn 0.100000 0.000000 0.000000
vn 0.099998 0.000000 0.000631
vn 0.099998 0.000000 0.000631
vn 0.099968 0.000000 0.002525
vn 0.099968 0.000000 0.002525
vn 0.099838 0.000000 0.005682
vn 0.099838 0.000000 0.005682
vn 0.099489 0.000000 0.010098
vn 0.099489 0.000000 0.010098
vn 0.098765 0.000000 0.015667
vn 0.097511 0.000000 0.022170
vn 0.097511 0.000000 0.022170
vn 0.098765 0.000000 0.015667
vn 0.095585 0.000000 0.029386
vn 0.095585 0.000000 0.029386
vn 0.092723 0.000000 0.037450
vn 0.092723 0.000000 0.037450
vn 0.090842 0.000000 0.041807
vn 0.088651 0.000000 0.046271
vn 0.088651 0.000000 0.046271
vn 0.090842 0.000000 0.041807
vn 0.083407 0.000000 0.055166
vn 0.083407 0.000000 0.055166
vn 0.077312 0.000000 0.063426
vn 0.077312 0.000000 0.063426
vn 0.070297 0.000000 0.071122
vn 0.070297 0.000000 0.071122
vn 0.062310 0.000000 0.078214
vn 0.062310 0.000000 0.078214
vn 0.053466 0.000000 0.084507
vn 0.053466 0.000000 0.084507
vn 0.043910 0.000000 0.089844
vn 0.043910 0.000000 0.089844
vn 0.033792 0.000000 0.094118
vn 0.033792 0.000000 0.094118
vn 0.022778 0.000000 0.097371
vn 0.022778 0.000000 0.097371
vn 0.011465 0.000000 0.099341
vn 0.011465 0.000000 0.099341
vn -0.000000 0.000000 0.100000
vn -0.000000 0.000000 0.100000
vn -0.011465 0.000000 0.099341
vn -0.011465 0.000000 0.099341
vn -0.022778 0.000000 0.097371
vn -0.022778 0.000000 0.097371
vn -0.033792 0.000000 0.094118
vn -0.033792 0.000000 0.094118
vn -0.043910 0.000000 0.089844
vn -0.043910 0.000000 0.089844
vn -0.053466 0.000000 0.084507
vn -0.053466 0.000000 0.084507
vn -0.062310 0.000000 0.078214
vn -0.062310 0.000000 0.078214
vn -0.070297 0.000000 0.071122
vn -0.070297 0.000000 0.071122
vn -0.077312 0.000000 0.063426
vn -0.077312 0.000000 0.063426
vn -0.083407 0.000000 0.055166
vn -0.083407 0.000000 0.055166
vn -0.088651 0.000000 0.046271
vn -0.088651 0.000000 0.046271
vn -0.090842 0.000000 0.041807
vn -0.090842 0.000000 0.041807
vn -0.092723 0.000000 0.037450
vn -0.095585 0.000000 0.029386
vn -0.095585 0.000000 0.029386
vn -0.092723 0.000000 0.037450
vn -0.097511 0.000000 0.022170
vn -0.097511 0.000000 0.022170
vn -0.098765 0.000000 0.015667
vn -0.098765 0.000000 0.015667
vn -0.099489 0.000000 0.010098
vn -0.099838 0.000000 0.005682
vn -0.099838 0.000000 0.005682
vn -0.099489 0.000000 0.010098
vn -0.099968 0.000000 0.002525
vn -0.099968 0.000000 0.002525
vn -0.099998 0.000000 0.000631
vn -0.099998 0.000000 0.000631
vn -0.100000 0.000000 -0.000000
vn -0.100000 0.000000 -0.000000
vn -0.000000 0.000000 0.100000
vn -0.000000 0.000000 0.100000
vn -0.000000 -0.011389 0.099349
vn -0.000000 -0.013053 0.099144
vn -0.000000 -0.022889 0.097345
vn -0.000000 -0.025882 0.096593
vn -0.000000 -0.034201 0.093970
vn -0.000000 -0.038268 0.092388
vn -0.000000 -0.045051 0.089277
vn -0.000000 -0.050000 0.086603
vn -0.000000 -0.055207 0.083380
vn -0.000000 -0.060876 0.079335
vn -0.000000 -0.064448 0.076462
vn -0.000000 -0.070711 0.070711
vn -0.000000 -0.072592 0.068778
vn -0.000000 -0.079335 0.060876
vn -0.000000 -0.079836 0.060218
vn -0.000000 -0.083129 0.055584
vn -0.000000 -0.086603 0.050000
vn -0.000000 -0.086114 0.050837
vn -0.000000 -0.091031 0.041393
vn -0.000000 -0.092388 0.038268
vn -0.000000 -0.094533 0.032612
vn -0.000000 -0.096593 0.025882
vn -0.000000 -0.096963 0.024457
vn -0.000000 -0.098556 0.016933
vn -0.000000 -0.099144 0.013053
vn -0.000000 -0.099475 0.010230
vn -0.000000 -0.099897 0.004541
vn -0.000000 -0.099144 0.013053
vn -0.000000 -0.099475 0.010230
vn -0.000000 -0.098556 0.016933
vn -0.000000 -0.096593 0.025882
vn -0.000000 -0.096963 0.024457
vn -0.000000 -0.094533 0.032612
vn -0.000000 -0.092388 0.038268
vn -0.000000 -0.091031 0.041393
vn -0.000000 -0.086603 0.050000
vn -0.000000 -0.086114 0.050837
vn -0.000000 -0.083129 0.055584
vn -0.000000 -0.079335 0.060876
vn -0.000000 -0.079836 0.060218
vn -0.000000 -0.072592 0.068778
vn -0.000000 -0.070711 0.070711
vn -0.000000 -0.064448 0.076462
vn -0.000000 -0.060876 0.079335
vn -0.000000 -0.055207 0.083380
vn -0.000000 -0.050000 0.086603
vn -0.000000 -0.045051 0.089277
vn -0.000000 -0.038268 0.092388
vn -0.000000 -0.034201 0.093970
vn -0.000000 -0.025882 0.096593
vn -0.000000 -0.022889 0.097345
vn -0.000000 -0.013053 0.099144
vn -0.000000 -0.011389 0.099349
vn -0.000000 -0.099897 0.004541
vn -0.000000 0.000000 0.100000
vn -0.000000 0.000000 0.100000
vn -0.000000 0.099897 0.004541
vn -0.000000 0.099144 0.013053
vn -0.000000 0.099475 0.010230
vn -0.000000 0.098556 0.016933
vn -0.000000 0.096593 0.025882
vn -0.000000 0.096963 0.024457
vn -0.000000 0.094533 0.032612
vn -0.000000 0.092388 0.038268
vn -0.000000 0.091031 0.041393
vn -0.000000 0.086603 0.050000
vn -0.000000 0.086114 0.050837
vn -0.000000 0.083129 0.055584
vn -0.000000 0.079335 0.060876
vn -0.000000 0.079836 0.060218
vn -0.000000 0.072592 0.068778
vn -0.000000 0.070711 0.070711
vn -0.000000 0.064448 0.076462
vn -0.000000 0.060876 0.079335
vn -0.000000 0.055207 0.083380
vn -0.000000 0.050000 0.086603
vn -0.000000 0.045051 0.089277
vn -0.000000 0.038268 0.092388
vn -0.000000 0.034201 0.093970
vn -0.000000 0.025882 0.096593
vn -0.000000 0.022889 0.097345
vn -0.000000 0.013053 0.099144
vn -0.000000 0.011389 0.099349
vn -0.000000 0.013053 0.099144
vn -0.000000 0.011389 0.099349
vn -0.000000 0.022889 0.097345
vn -0.000000 0.025882 0.096593
vn -0.000000 0.034201 0.093970
vn -0.000000 0.038268 0.092388
vn -0.000000 0.045051 0.089277
vn -0.000000 0.050000 0.086603
vn -0.000000 0.055207 0.083380
vn -0.000000 0.060876 0.079335
vn -0.000000 0.064448 0.076462
vn -0.000000 0.070711 0.070711
vn -0.000000 0.072592 0.068778
vn -0.000000 0.079335 0.060876
vn -0.000000 0.079836 0.060218
vn -0.000000 0.083129 0.055584
vn -0.000000 0.086603 0.050000
vn -0.000000 0.086114 0.050837
vn -0.000000 0.091031 0.041393
vn -0.000000 0.092388 0.038268
vn -0.000000 0.094533 0.032612
vn -0.000000 0.096593 0.025882
vn -0.000000 0.096963 0.024457
vn -0.000000 0.098556 0.016933
vn -0.000000 0.099144 0.013053
vn -0.000000 0.099475 0.010230
vn -0.000000 0.099897 0.004541
vn -0.000000 0.099144 0.013053
vn -0.000000 0.099144 0.013053
vn -0.000000 0.099897 0.004541
vn -0.000000 0.096593 0.025882
vn -0.000000 0.096593 0.025882
vn -0.000000 0.092388 0.038268
vn -0.000000 0.092388 0.038268
vn -0.000000 0.086603 0.050000
vn -0.000000 0.086603 0.050000
vn -0.000000 0.079335 0.060876
vn -0.000000 0.079335 0.060876
vn -0.000000 0.070711 0.070711
vn -0.000000 0.070711 0.070711
vn -0.000000 0.060876 0.079335
vn -0.000000 0.060876 0.079335
vn -0.000000 0.050000 0.086603
vn -0.000000 0.050000 0.086603
vn -0.000000 0.038268 0.092388
vn -0.000000 0.038268 0.092388
vn -0.000000 0.025882 0.096593
vn -0.000000 0.025882 0.096593
vn -0.000000 0.013053 0.099144
vn -0.000000 0.013053 0.099144
vn -0.000000 0.011389 0.099349
vn -0.000000 0.022889 0.097345
vn -0.000000 0.034201 0.093970
vn -0.000000 0.045051 0.089277
vn -0.000000 0.055207 0.083380
vn -0.000000 0.064448 0.076462
vn -0.000000 0.072592 0.068778
vn -0.000000 0.079836 0.060218
vn -0.000000 0.083129 0.055584
vn -0.000000 0.086114 0.050837
vn -0.000000 0.091031 0.041393
vn -0.000000 0.094533 0.032612
vn -0.000000 0.096963 0.024457
vn -0.000000 0.098556 0.016933
vn -0.000000 0.099475 0.010230
usemtl 255,247,185
f 1/1/1 2/2/2 36/3/3
f 36/3/3 2/2/2 38/4/4
f 36/3/3 38/4/4 35/5/5
f 35/5/5 38/4/4 40/6/6
f 35/5/5 40/6/6 34/7/7
f 34/7/7 40/6/6 42/8/8
f 34/7/7 42/8/8 33/9/9
f 33/9/9 42/8/8 44/10/10
f 33/9/9 44/10/10 32/11/11
f 32/11/11 44/10/10 46/12/12
f 32/11/11 46/12/12 31/13/13
f 31/13/13 46/12/12 48/14/14
f 31/13/13 48/14/14 30/15/15
f 30/15/15 48/14/14 50/16/16
f 30/15/15 50/16/16 29/17/17
f 29/17/17 50/16/16 28/18/18
f 28/18/18 50/16/16 52/19/19
f 28/18/18 52/19/19 27/20/20
f 27/20/20 52/19/19 26/21/21
f 26/21/21 52/19/19 54/22/22
f 26/21/21 54/22/22 25/23/23
f 25/23/23 54/22/22 56/24/24
f 25/23/23 56/24/24 24/25/25
f 24/25/25 56/24/24 23/26/26
f 23/26/26 56/24/24 58/27/27
f 23/26/26 58/27/27 22/28/28
f 22/28/28 58/27/27 21/29/29
f 21/29/29 58/27/27 57/30/30
f 21/29/29 57/30/30 17/31/31
f 17/31/31 57/30/30 16/32/32
f 16/32/32 57/30/30 55/33/33
f 16/32/32 55/33/33 15/34/34
f 15/34/34 55/33/33 14/35/35
f 14/35/35 55/33/33 53/36/36
f 14/35/35 53/36/36 13/37/37
f 13/37/37 53/36/36 51/38/38
f 13/37/37 51/38/38 12/39/39
f 12/39/39 51/38/38 11/40/40
f 11/40/40 51/38/38 49/41/41
f 11/40/40 49/41/41 10/42/42
f 10/42/42 49/41/41 9/43/43
f 9/43/43 49/41/41 47/44/44
f 9/43/43 47/44/44 8/45/45
f 8/45/45 47/44/44 45/46/46
f 8/45/45 45/46/46 7/47/47
f 7/47/47 45/46/46 43/48/48
f 7/47/47 43/48/48 6/49/49
f 6/49/49 43/48/48 41/50/50
f 6/49/49 41/50/50 5/51/51
f 5/51/51 41/50/50 39/52/52
f 5/51/51 39/52/52 4/53/53
f 4/53/53 39/52/52 37/54/54
f 4/53/53 37/54/54 3/55/55
f 3/55/55 37/54/54 2/2/2
f 2/2/2 37/54/54 38/4/4
f 17/31/31 18/56/56 21/29/29
f 21/29/29 18/56/56 19/57/57
f 21/29/29 19/57/57 20/58/58
f 40/6/6 38/4/4 37/54/54
f 42/8/8 40/6/6 39/52/52
f 39/52/52 40/6/6 37/54/54
f 44/10/10 42/8/8 41/50/50
f 41/50/50 42/8/8 39/52/52
f 46/12/12 44/10/10 43/48/48
f 43/48/48 44/10/10 41/50/50
f 48/14/14 46/12/12 45/46/46
f 45/46/46 46/12/12 43/48/48
f 50/16/16 48/14/14 47/44/44
f 47/44/44 48/14/14 45/46/46
f 52/19/19 50/16/16 49/41/41
f 49/41/41 50/16/16 47/44/44
f 54/22/22 52/19/19 51/38/38
f 51/38/38 52/19/19 49/41/41
f 56/24/24 54/22/22 53/36/36
f 53/36/36 54/22/22 51/38/38
f 58/27/27 56/24/24 55/33/33
f 55/33/33 56/24/24 53/36/36
f 57/30/30 58/27/27 55/33/33
f 1/59/1 59/60/59 2/61/2
f 2/61/2 59/60/59 60/62/60
f 61/63/61 62/64/62 94/65/63
f 94/65/63 62/64/62 96/66/64
f 94/65/63 96/66/64 93/67/65
f 93/67/65 96/66/64 92/68/66
f 92/68/66 96/66/64 98/69/67
f 92/68/66 98/69/67 91/70/68
f 91/70/68 98/69/67 90/71/69
f 90/71/69 98/69/67 100/72/70
f 90/71/69 100/72/70 89/73/71
f 89/73/71 100/72/70 102/74/72
f 89/73/71 102/74/72 88/75/73
f 88/75/73 102/74/72 87/76/74
f 87/76/74 102/74/72 104/77/75
f 87/76/74 104/77/75 86/78/76
f 86/78/76 104/77/75 85/79/77
f 85/79/77 104/77/75 106/80/78
f 85/79/77 106/80/78 84/81/79
f 84/81/79 106/80/78 108/82/80
f 84/81/79 108/82/80 83/83/81
f 83/83/81 108/82/80 110/84/82
f 83/83/81 110/84/82 82/85/83
f 82/85/83 110/84/82 112/86/84
f 82/85/83 112/86/84 81/87/85
f 81/87/85 112/86/84 114/88/86
f 81/87/85 114/88/86 80/89/87
f 80/89/87 114/88/86 116/90/88
f 80/89/87 116/90/88 79/91/89
f 79/91/89 116/90/88 59/92/59
f 59/92/59 116/90/88 115/93/90
f 59/92/59 115/93/90 78/94/91
f 78/94/91 115/93/90 77/95/92
f 77/95/92 115/93/90 113/96/93
f 77/95/92 113/96/93 76/97/94
f 76/97/94 113/96/93 111/98/95
f 76/97/94 111/98/95 75/99/96
f 75/99/96 111/98/95 109/100/97
f 75/99/96 109/100/97 74/101/98
f 74/101/98 109/100/97 107/102/99
f 74/101/98 107/102/99 73/103/100
f 73/103/100 107/102/99 105/104/101
f 73/103/100 105/104/101 72/105/102
f 72/105/102 105/104/101 103/106/103
f 72/105/102 103/106/103 71/107/104
f 71/107/104 103/106/103 70/108/105
f 70/108/105 103/106/103 101/109/106
f 70/108/105 101/109/106 69/110/107
f 69/110/107 101/109/106 68/111/108
f 68/111/108 101/109/106 99/112/109
f 68/111/108 99/112/109 67/113/110
f 67/113/110 99/112/109 97/114/111
f 67/113/110 97/114/111 66/115/112
f 66/115/112 97/114/111 65/116/113
f 65/116/113 97/114/111 95/117/114
f 65/116/113 95/117/114 64/118/115
f 64/118/115 95/117/114 63/119/116
f 63/119/116 95/117/114 62/64/62
f 62/64/62 95/117/114 96/66/64
f 78/94/91 60/120/60 59/92/59
f 98/69/67 96/66/64 95/117/114
f 100/72/70 98/69/67 97/114/111
f 97/114/111 98/69/67 95/117/114
f 102/74/72 100/72/70 99/112/109
f 99/112/109 100/72/70 97/114/111
f 104/77/75 102/74/72 101/109/106
f 101/109/106 102/74/72 99/112/109
f 106/80/78 104/77/75 103/106/103
f 103/106/103 104/77/75 101/109/106
f 108/82/80 106/80/78 105/104/101
f 105/104/101 106/80/78 103/106/103
f 110/84/82 108/82/80 107/102/99
f 107/102/99 108/82/80 105/104/101
f 112/86/84 110/84/82 109/100/97
f 109/100/97 110/84/82 107/102/99
f 114/88/86 112/86/84 111/98/95
f 111/98/95 112/86/84 109/100/97
f 116/90/88 114/88/86 113/96/93
f 113/96/93 114/88/86 111/98/95
f 115/93/90 116/90/88 113/96/93
f 118/121/117 262/122/118 117/123/119
f 117/123/119 262/122/118 355/124/120
f 117/123/119 355/124/120 356/125/121
f 262/122/118 118/121/117 261/126/122
f 261/126/122 118/121/117 119/127/123
f 261/126/122 119/127/123 260/128/124
f 260/128/124 119/127/123 120/129/125
f 260/128/124 120/129/125 259/130/126
f 259/130/126 120/129/125 121/131/127
f 259/130/126 121/131/127 258/132/128
f 258/132/128 121/131/127 257/133/129
f 257/133/129 121/131/127 256/134/130
f 256/134/130 121/131/127 255/135/131
f 255/135/131 121/131/127 254/136/132
f 254/136/132 121/131/127 253/137/133
f 253/137/133 121/131/127 329/138/134
f 253/137/133 329/138/134 252/139/135
f 252/139/135 329/138/134 251/140/136
f 251/140/136 329/138/134 250/141/137
f 250/141/137 329/138/134 330/142/138
f 250/141/137 330/142/138 249/143/139
f 249/143/139 330/142/138 248/144/140
f 248/144/140 330/142/138 247/145/141
f 247/145/141 330/142/138 246/146/142
f 246/146/142 330/142/138 245/147/143
f 245/147/143 330/142/138 244/148/144
f 244/148/144 330/142/138 342/149/145
f 244/148/144 342/149/145 343/150/146
f 121/131/127 122/151/147 329/138/134
f 329/138/134 122/151/147 271/152/148
f 329/138/134 271/152/148 272/153/149
f 122/151/147 123/154/150 271/152/148
f 271/152/148 123/154/150 124/155/151
f 271/152/148 124/155/151 306/156/152
f 306/156/152 124/155/151 125/157/153
f 306/156/152 125/157/153 305/158/154
f 305/158/154 125/157/153 304/159/155
f 304/159/155 125/157/153 126/160/156
f 304/159/155 126/160/156 303/161/157
f 303/161/157 126/160/156 302/162/158
f 302/162/158 126/160/156 127/163/159
f 302/162/158 127/163/159 301/164/160
f 301/164/160 127/163/159 300/165/161
f 300/165/161 127/163/159 128/166/162
f 300/165/161 128/166/162 299/167/163
f 299/167/163 128/166/162 298/168/164
f 298/168/164 128/166/162 129/169/165
f 298/168/164 129/169/165 297/170/166
f 297/170/166 129/169/165 296/171/167
f 296/171/167 129/169/165 130/172/168
f 296/171/167 130/172/168 295/173/169
f 295/173/169 130/172/168 294/174/170
f 294/174/170 130/172/168 131/175/171
f 294/174/170 131/175/171 293/176/172
f 293/176/172 131/175/171 292/177/173
f 292/177/173 131/175/171 132/178/174
f 292/177/173 132/178/174 291/179/175
f 291/179/175 132/178/174 290/180/176
f 290/180/176 132/178/174 133/181/177
f 290/180/176 133/181/177 289/182/178
f 289/182/178 133/181/177 134/183/179
f 289/182/178 134/183/179 135/184/180
f 289/182/178 135/184/180 420/185/181
f 420/185/181 135/184/180 136/186/182
f 420/185/181 136/186/182 163/187/183
f 163/187/183 136/186/182 198/188/184
f 198/188/184 136/186/182 197/189/185
f 197/189/185 136/186/182 196/190/186
f 196/190/186 136/186/182 195/191/187
f 195/191/187 136/186/182 194/192/188
f 194/192/188 136/186/182 193/193/189
f 193/193/189 136/186/182 137/194/190
f 193/193/189 137/194/190 192/195/191
f 192/195/191 137/194/190 138/196/192
f 192/195/191 138/196/192 191/197/193
f 191/197/193 138/196/192 139/198/194
f 191/197/193 139/198/194 190/199/195
f 190/199/195 139/198/194 140/200/196
f 190/199/195 140/200/196 394/201/197
f 394/201/197 140/200/196 393/202/198
f 393/202/198 140/200/196 392/203/199
f 392/203/199 140/200/196 391/204/200
f 391/204/200 140/200/196 141/205/201
f 391/204/200 141/205/201 390/206/202
f 390/206/202 141/205/201 389/207/203
f 389/207/203 141/205/201 142/208/204
f 389/207/203 142/208/204 388/209/205
f 388/209/205 142/208/204 143/210/206
f 388/209/205 143/210/206 384/211/207
f 384/211/207 143/210/206 383/212/208
f 383/212/208 143/210/206 144/213/209
f 383/212/208 144/213/209 382/214/210
f 382/214/210 144/213/209 145/215/211
f 382/214/210 145/215/211 381/216/212
f 381/216/212 145/215/211 146/217/213
f 381/216/212 146/217/213 380/218/214
f 380/218/214 146/217/213 147/219/215
f 380/218/214 147/219/215 379/220/216
f 379/220/216 147/219/215 199/221/217
f 379/220/216 199/221/217 200/222/218
f 199/221/217 147/219/215 234/223/219
f 234/223/219 147/219/215 148/224/220
f 234/223/219 148/224/220 233/225/221
f 233/225/221 148/224/220 232/226/222
f 232/226/222 148/224/220 149/227/223
f 232/226/222 149/227/223 231/228/224
f 231/228/224 149/227/223 230/229/225
f 230/229/225 149/227/223 150/230/226
f 230/229/225 150/230/226 229/231/227
f 229/231/227 150/230/226 228/232/228
f 228/232/228 150/230/226 151/233/229
f 228/232/228 151/233/229 227/234/230
f 227/234/230 151/233/229 226/235/231
f 226/235/231 151/233/229 152/236/232
f 226/235/231 152/236/232 225/237/233
f 225/237/233 152/236/232 153/238/234
f 225/237/233 153/238/234 154/239/235
f 154/239/235 155/240/236 225/237/233
f 225/237/233 155/240/236 156/241/237
f 225/237/233 156/241/237 224/242/238
f 224/242/238 156/241/237 223/243/239
f 223/243/239 156/241/237 157/244/240
f 223/243/239 157/244/240 222/245/241
f 222/245/241 157/244/240 221/246/242
f 221/246/242 157/244/240 220/247/243
f 220/247/243 157/244/240 219/248/244
f 219/248/244 157/244/240 218/249/245
f 218/249/245 157/244/240 217/250/246
f 217/250/246 157/244/240 370/251/247
f 217/250/246 370/251/247 216/252/248
f 216/252/248 370/251/247 371/253/249
f 216/252/248 371/253/249 215/254/250
f 215/254/250 371/253/249 214/255/251
f 214/255/251 371/253/249 372/256/252
f 214/255/251 372/256/252 213/257/253
f 213/257/253 372/256/252 212/258/254
f 212/258/254 372/256/252 373/259/255
f 212/258/254 373/259/255 211/260/256
f 211/260/256 373/259/255 210/261/257
f 210/261/257 373/259/255 374/262/258
f 210/261/257 374/262/258 209/263/259
f 209/263/259 374/262/258 208/264/260
f 208/264/260 374/262/258 375/265/261
f 208/264/260 375/265/261 207/266/262
f 207/266/262 375/265/261 206/267/263
f 206/267/263 375/265/261 376/268/264
f 206/267/263 376/268/264 205/269/265
f 205/269/265 376/268/264 204/270/266
f 204/270/266 376/268/264 377/271/267
f 204/270/266 377/271/267 203/272/268
f 203/272/268 377/271/267 202/273/269
f 202/273/269 377/271/267 378/274/270
f 202/273/269 378/274/270 201/275/271
f 201/275/271 378/274/270 200/222/218
f 200/222/218 378/274/270 379/220/216
f 158/276/272 368/277/273 157/244/240
f 157/244/240 368/277/273 369/278/274
f 157/244/240 369/278/274 370/251/247
f 159/279/275 358/280/276 158/276/272
f 158/276/272 358/280/276 359/281/277
f 158/276/272 359/281/277 360/282/278
f 159/279/275 160/283/279 358/280/276
f 358/280/276 160/283/279 161/284/280
f 358/280/276 161/284/280 162/285/281
f 162/285/281 117/123/119 358/280/276
f 358/280/276 117/123/119 357/286/282
f 357/286/282 117/123/119 356/125/121
f 163/187/183 164/287/283 420/185/181
f 420/185/181 164/287/283 165/288/284
f 420/185/181 165/288/284 166/289/285
f 420/185/181 166/289/285 419/290/286
f 419/290/286 166/289/285 167/291/287
f 419/290/286 167/291/287 168/292/288
f 168/292/288 169/293/289 419/290/286
f 419/290/286 169/293/289 170/294/290
f 419/290/286 170/294/290 171/295/291
f 171/295/291 172/296/292 419/290/286
f 419/290/286 172/296/292 407/297/293
f 419/290/286 407/297/293 408/298/294
f 407/297/293 172/296/292 406/299/295
f 406/299/295 172/296/292 173/300/296
f 406/299/295 173/300/296 174/301/297
f 406/299/295 174/301/297 405/302/298
f 405/302/298 174/301/297 175/303/299
f 405/302/298 175/303/299 176/304/300
f 176/304/300 177/305/301 405/302/298
f 405/302/298 177/305/301 404/306/302
f 404/306/302 177/305/301 178/307/303
f 404/306/302 178/307/303 179/308/304
f 404/306/302 179/308/304 403/309/305
f 403/309/305 179/308/304 180/310/306
f 403/309/305 180/310/306 402/311/307
f 402/311/307 180/310/306 181/312/308
f 402/311/307 181/312/308 182/313/309
f 402/311/307 182/313/309 401/314/310
f 401/314/310 182/313/309 183/315/311
f 401/314/310 183/315/311 400/316/312
f 400/316/312 183/315/311 184/317/313
f 400/316/312 184/317/313 399/318/314
f 399/318/314 184/317/313 185/319/315
f 399/318/314 185/319/315 398/320/316
f 398/320/316 185/319/315 186/321/317
f 398/320/316 186/321/317 397/322/318
f 397/322/318 186/321/317 187/323/319
f 397/322/318 187/323/319 188/324/320
f 397/322/318 188/324/320 396/325/321
f 396/325/321 188/324/320 189/326/322
f 396/325/321 189/326/322 395/327/323
f 395/327/323 189/326/322 190/199/195
f 395/327/323 190/199/195 394/201/197
f 270/328/324 235/329/325 347/330/326
f 347/330/326 235/329/325 236/331/327
f 347/330/326 236/331/327 346/332/328
f 346/332/328 236/331/327 237/333/329
f 346/332/328 237/333/329 345/334/330
f 345/334/330 237/333/329 238/335/331
f 345/334/330 238/335/331 239/336/332
f 345/334/330 239/336/332 344/337/333
f 344/337/333 239/336/332 240/338/334
f 344/337/333 240/338/334 241/339/335
f 241/339/335 242/340/336 344/337/333
f 344/337/333 242/340/336 343/150/146
f 343/150/146 242/340/336 243/341/337
f 343/150/146 243/341/337 244/148/144
f 355/124/120 262/122/118 354/342/338
f 354/342/338 262/122/118 263/343/339
f 354/342/338 263/343/339 353/344/340
f 353/344/340 263/343/339 264/345/341
f 353/344/340 264/345/341 352/346/342
f 352/346/342 264/345/341 265/347/343
f 352/346/342 265/347/343 266/348/344
f 352/346/342 266/348/344 351/349/345
f 351/349/345 266/348/344 267/350/346
f 351/349/345 267/350/346 350/351/347
f 350/351/347 267/350/346 268/352/348
f 350/351/347 268/352/348 349/353/349
f 349/353/349 268/352/348 269/354/350
f 349/353/349 269/354/350 348/355/351
f 348/355/351 269/354/350 270/328/324
f 348/355/351 270/328/324 347/330/326
f 272/153/149 273/356/352 329/138/134
f 329/138/134 273/356/352 274/357/353
f 329/138/134 274/357/353 275/358/354
f 275/358/354 276/359/355 329/138/134
f 329/138/134 276/359/355 277/360/356
f 329/138/134 277/360/356 278/361/357
f 278/361/357 279/362/358 329/138/134
f 329/138/134 279/362/358 280/363/359
f 329/138/134 280/363/359 327/364/360
f 327/364/360 280/363/359 422/365/361
f 327/364/360 422/365/361 424/366/362
f 424/366/362 422/365/361 423/367/363
f 280/363/359 281/368/364 422/365/361
f 422/365/361 281/368/364 282/369/365
f 422/365/361 282/369/365 283/370/366
f 283/370/366 284/371/367 422/365/361
f 422/365/361 284/371/367 285/372/368
f 422/365/361 285/372/368 286/373/369
f 286/373/369 287/374/370 422/365/361
f 422/365/361 287/374/370 288/375/371
f 422/365/361 288/375/371 421/376/372
f 421/376/372 288/375/371 289/182/178
f 421/376/372 289/182/178 420/185/181
f 19/377/57 443/378/373 20/379/58
f 20/379/58 443/378/373 444/380/374
f 20/379/58 444/380/374 458/381/375
f 458/381/375 444/380/374 445/382/376
f 458/381/375 445/382/376 457/383/377
f 457/383/377 445/382/376 446/384/378
f 457/383/377 446/384/378 456/385/379
f 456/385/379 446/384/378 447/386/380
f 456/385/379 447/386/380 455/387/381
f 455/387/381 447/386/380 448/388/382
f 455/387/381 448/388/382 454/389/383
f 454/389/383 448/388/382 449/390/384
f 454/389/383 449/390/384 452/391/385
f 452/391/385 449/390/384 451/392/386
f 451/392/386 449/390/384 450/393/387
f 443/378/373 19/377/57 442/394/388
f 442/394/388 19/377/57 307/395/389
f 442/394/388 307/395/389 441/396/390
f 441/396/390 307/395/389 308/397/391
f 441/396/390 308/397/391 440/398/392
f 440/398/392 308/397/391 309/399/393
f 440/398/392 309/399/393 439/400/394
f 439/400/394 309/399/393 310/401/395
f 439/400/394 310/401/395 438/402/396
f 438/402/396 310/401/395 311/403/397
f 438/402/396 311/403/397 437/404/398
f 437/404/398 311/403/397 312/405/399
f 437/404/398 312/405/399 436/406/400
f 436/406/400 312/405/399 313/407/401
f 436/406/400 313/407/401 435/408/402
f 435/408/402 313/407/401 314/409/403
f 435/408/402 314/409/403 434/410/404
f 434/410/404 314/409/403 315/411/405
f 434/410/404 315/411/405 433/412/406
f 433/412/406 315/411/405 316/413/407
f 433/412/406 316/413/407 432/414/408
f 432/414/408 316/413/407 317/415/409
f 432/414/408 317/415/409 431/416/410
f 431/416/410 317/415/409 318/417/411
f 431/416/410 318/417/411 430/418/412
f 430/418/412 318/417/411 319/419/413
f 430/418/412 319/419/413 429/420/414
f 429/420/414 319/419/413 320/421/415
f 429/420/414 320/421/415 428/422/416
f 428/422/416 320/421/415 321/423/417
f 428/422/416 321/423/417 427/424/418
f 427/424/418 321/423/417 322/425/419
f 427/424/418 322/425/419 426/426/420
f 426/426/420 322/425/419 323/427/421
f 426/426/420 323/427/421 425/428/422
f 425/428/422 323/427/421 324/429/423
f 425/428/422 324/429/423 424/366/362
f 424/366/362 324/429/423 325/430/424
f 424/366/362 325/430/424 327/364/360
f 327/364/360 325/430/424 326/431/425
f 327/364/360 328/432/426 329/138/134
f 331/433/427 339/434/428 330/142/138
f 330/142/138 339/434/428 340/435/429
f 330/142/138 340/435/429 341/436/430
f 339/434/428 331/433/427 338/437/431
f 338/437/431 331/433/427 332/438/432
f 338/437/431 332/438/432 337/439/433
f 337/439/433 332/438/432 333/440/434
f 337/439/433 333/440/434 336/441/435
f 336/441/435 333/440/434 334/442/436
f 336/441/435 334/442/436 335/443/437
f 341/436/430 342/149/145 330/142/138
f 360/282/278 361/444/438 158/276/272
f 158/276/272 361/444/438 365/445/439
f 158/276/272 365/445/439 366/446/440
f 361/444/438 362/447/441 365/445/439
f 365/445/439 362/447/441 364/448/442
f 364/448/442 362/447/441 363/449/443
f 366/446/440 367/450/444 158/276/272
f 158/276/272 367/450/444 368/277/273
f 388/209/205 384/211/207 387/451/445
f 387/451/445 384/211/207 385/452/446
f 387/451/445 385/452/446 386/453/447
f 408/298/294 409/454/448 419/290/286
f 419/290/286 409/454/448 410/455/449
f 419/290/286 410/455/449 418/456/450
f 418/456/450 410/455/449 411/457/451
f 418/456/450 411/457/451 417/458/452
f 417/458/452 411/457/451 412/459/453
f 417/458/452 412/459/453 416/460/454
f 416/460/454 412/459/453 413/461/455
f 416/460/454 413/461/455 415/462/456
f 415/462/456 413/461/455 414/463/457
f 452/391/385 453/464/458 454/389/383
f 459/465/459 460/466/460 492/467/461
f 492/467/461 460/466/460 494/468/462
f 492/467/461 494/468/462 491/469/463
f 491/469/463 494/468/462 496/470/464
f 491/469/463 496/470/464 490/471/465
f 490/471/465 496/470/464 498/472/466
f 490/471/465 498/472/466 489/473/467
f 489/473/467 498/472/466 500/474/468
f 489/473/467 500/474/468 488/475/469
f 488/475/469 500/474/468 502/476/470
f 488/475/469 502/476/470 487/477/471
f 487/477/471 502/476/470 504/478/472
f 487/477/471 504/478/472 486/479/473
f 486/479/473 504/478/472 506/480/474
f 486/479/473 506/480/474 485/481/475
f 485/481/475 506/480/474 484/482/476
f 484/482/476 506/480/474 508/483/477
f 484/482/476 508/483/477 483/484/478
f 483/484/478 508/483/477 482/485/479
f 482/485/479 508/483/477 510/486/480
f 482/485/479 510/486/480 481/487/481
f 481/487/481 510/486/480 512/488/482
f 481/487/481 512/488/482 480/489/483
f 480/489/483 512/488/482 479/490/484
f 479/490/484 512/488/482 514/491/485
f 479/490/484 514/491/485 478/492/486
f 478/492/486 514/491/485 477/493/487
f 477/493/487 514/491/485 436/494/400
f 436/494/400 514/491/485 513/495/488
f 436/494/400 513/495/488 476/496/489
f 476/496/489 513/495/488 475/497/490
f 475/497/490 513/495/488 474/498/491
f 474/498/491 513/495/488 511/499/492
f 474/498/491 511/499/492 473/500/493
f 473/500/493 511/499/492 472/501/494
f 472/501/494 511/499/492 509/502/495
f 472/501/494 509/502/495 471/503/496
f 471/503/496 509/502/495 507/504/497
f 471/503/496 507/504/497 470/505/498
f 470/505/498 507/504/497 469/506/499
f 469/506/499 507/504/497 505/507/500
f 469/506/499 505/507/500 468/508/501
f 468/508/501 505/507/500 467/509/502
f 467/509/502 505/507/500 503/510/503
f 467/509/502 503/510/503 466/511/504
f 466/511/504 503/510/503 501/512/505
f 466/511/504 501/512/505 465/513/506
f 465/513/506 501/512/505 499/514/507
f 465/513/506 499/514/507 464/515/508
f 464/515/508 499/514/507 497/516/509
f 464/515/508 497/516/509 463/517/510
f 463/517/510 497/516/509 495/518/511
f 463/517/510 495/518/511 462/519/512
f 462/519/512 495/518/511 493/520/513
f 462/519/512 493/520/513 461/521/514
f 461/521/514 493/520/513 460/466/460
f 460/466/460 493/520/513 494/468/462
f 476/496/489 437/522/398 436/494/400
f 496/470/464 494/468/462 493/520/513
f 498/472/466 496/470/464 495/518/511
f 495/518/511 496/470/464 493/520/513
f 500/474/468 498/472/466 497/516/509
f 497/516/509 498/472/466 495/518/511
f 502/476/470 500/474/468 499/514/507
f 499/514/507 500/474/468 497/516/509
f 504/478/472 502/476/470 501/512/505
f 501/512/505 502/476/470 499/514/507
f 506/480/474 504/478/472 503/510/503
f 503/510/503 504/478/472 501/512/505
f 508/483/477 506/480/474 505/507/500
f 505/507/500 506/480/474 503/510/503
f 510/486/480 508/483/477 507/504/497
f 507/504/497 508/483/477 505/507/500
f 512/488/482 510/486/480 509/502/495
f 509/502/495 510/486/480 507/504/497
f 514/491/485 512/488/482 511/499/492
f 511/499/492 512/488/482 509/502/495
f 513/495/488 514/491/485 511/499/492
f 459/523/459 515/524/515 460/525/460
f 460/525/460 515/524/515 516/526/516
f 518/527/517 519/528/518 517/529/519
f 517/529/519 519/528/518 550/530/520
f 550/530/520 519/528/518 549/531/521
f 549/531/521 519/528/518 552/532/522
f 549/531/521 552/532/522 548/533/523
f 548/533/523 552/532/522 554/534/524
f 548/533/523 554/534/524 547/535/525
f 547/535/525 554/534/524 546/536/526
f 546/536/526 554/534/524 556/537/527
f 546/536/526 556/537/527 545/538/528
f 545/538/528 556/537/527 558/539/529
f 545/538/528 558/539/529 544/540/530
f 544/540/530 558/539/529 543/541/531
f 543/541/531 558/539/529 560/542/532
f 543/541/531 560/542/532 542/543/533
f 542/543/533 560/542/532 541/544/534
f 541/544/534 560/542/532 562/545/535
f 541/544/534 562/545/535 540/546/536
f 540/546/536 562/545/535 564/547/537
f 540/546/536 564/547/537 539/548/538
f 539/548/538 564/547/537 566/549/539
f 539/548/538 566/549/539 538/550/540
f 538/550/540 566/549/539 568/551/541
f 538/550/540 568/551/541 537/552/542
f 537/552/542 568/551/541 570/553/543
f 537/552/542 570/553/543 536/554/544
f 536/554/544 570/553/543 572/555/545
f 536/554/544 572/555/545 535/556/546
f 535/556/546 572/555/545 515/557/515
f 515/557/515 572/555/545 571/558/547
f 515/557/515 571/558/547 534/559/548
f 534/559/548 571/558/547 533/560/549
f 533/560/549 571/558/547 569/561/550
f 533/560/549 569/561/550 532/562/551
f 532/562/551 569/561/550 567/563/552
f 532/562/551 567/563/552 531/564/553
f 531/564/553 567/563/552 565/565/554
f 531/564/553 565/565/554 530/566/555
f 530/566/555 565/565/554 563/567/556
f 530/566/555 563/567/556 529/568/557
f 529/568/557 563/567/556 561/569/558
f 529/568/557 561/569/558 528/570/559
f 528/570/559 561/569/558 559/571/560
f 528/570/559 559/571/560 527/572/561
f 527/572/561 559/571/560 526/573/562
f 526/573/562 559/571/560 557/574/563
f 526/573/562 557/574/563 525/575/564
f 525/575/564 557/574/563 524/576/565
f 524/576/565 557/574/563 555/577/566
f 524/576/565 555/577/566 523/578/567
f 523/578/567 555/577/566 553/579/568
f 523/578/567 553/579/568 522/580/569
f 522/580/569 553/579/568 521/581/570
f 521/581/570 553/579/568 551/582/571
f 521/581/570 551/582/571 520/583/572
f 520/583/572 551/582/571 519/528/518
f 519/528/518 551/582/571 552/532/522
f 534/559/548 516/584/516 515/557/515
f 554/534/524 552/532/522 551/582/571
f 556/537/527 554/534/524 553/579/568
f 553/579/568 554/534/524 551/582/571
f 558/539/529 556/537/527 555/577/566
f 555/577/566 556/537/527 553/579/568
f 560/542/532 558/539/529 557/574/563
f 557/574/563 558/539/529 555/577/566
f 562/545/535 560/542/532 559/571/560
f 559/571/560 560/542/532 557/574/563
f 564/547/537 562/545/535 561/569/558
f 561/569/558 562/545/535 559/571/560
f 566/549/539 564/547/537 563/567/556
f 563/567/556 564/547/537 561/569/558
f 568/551/541 566/549/539 565/565/554
f 565/565/554 566/549/539 563/567/556
f 570/553/543 568/551/541 567/563/552
f 567/563/552 568/551/541 565/565/554
f 572/555/545 570/553/543 569/561/550
f 569/561/550 570/553/543 567/563/552
f 571/558/547 572/555/545 569/561/550
f 573/585/573 574/586/574 606/587/575
f 606/587/575 574/586/574 608/588/576
f 606/587/575 608/588/576 605/589/577
f 605/589/577 608/588/576 610/590/578
f 605/589/577 610/590/578 604/591/579
f 604/591/579 610/590/578 612/592/580
f 604/591/579 612/592/580 603/593/581
f 603/593/581 612/592/580 614/594/582
f 603/593/581 614/594/582 602/595/583
f 602/595/583 614/594/582 616/596/584
f 602/595/583 616/596/584 601/597/585
f 601/597/585 616/596/584 618/598/586
f 601/597/585 618/598/586 600/599/587
f 600/599/587 618/598/586 620/600/588
f 600/599/587 620/600/588 599/601/589
f 599/601/589 620/600/588 598/602/590
f 598/602/590 620/600/588 622/603/591
f 598/602/590 622/603/591 597/604/592
f 597/604/592 622/603/591 596/605/593
f 596/605/593 622/603/591 624/606/594
f 596/605/593 624/606/594 595/607/595
f 595/607/595 624/606/594 626/608/596
f 595/607/595 626/608/596 594/609/597
f 594/609/597 626/608/596 593/610/598
f 593/610/598 626/608/596 628/611/599
f 593/610/598 628/611/599 592/612/600
f 592/612/600 628/611/599 591/613/601
f 591/613/601 628/611/599 627/614/602
f 591/613/601 627/614/602 589/615/603
f 589/615/603 627/614/602 588/616/604
f 588/616/604 627/614/602 625/617/605
f 588/616/604 625/617/605 587/618/606
f 587/618/606 625/617/605 586/619/607
f 586/619/607 625/617/605 623/620/608
f 586/619/607 623/620/608 585/621/609
f 585/621/609 623/620/608 621/622/610
f 585/621/609 621/622/610 584/623/611
f 584/623/611 621/622/610 583/624/612
f 583/624/612 621/622/610 619/625/613
f 583/624/612 619/625/613 582/626/614
f 582/626/614 619/625/613 581/627/615
f 581/627/615 619/625/613 617/628/616
f 581/627/615 617/628/616 580/629/617
f 580/629/617 617/628/616 615/630/618
f 580/629/617 615/630/618 579/631/619
f 579/631/619 615/630/618 613/632/620
f 579/631/619 613/632/620 578/633/621
f 578/633/621 613/632/620 611/634/622
f 578/633/621 611/634/622 577/635/623
f 577/635/623 611/634/622 609/636/624
f 577/635/623 609/636/624 576/637/625
f 576/637/625 609/636/624 607/638/626
f 576/637/625 607/638/626 575/639/627
f 575/639/627 607/638/626 574/586/574
f 574/586/574 607/638/626 608/588/576
f 589/615/603 590/640/628 591/613/601
f 591/613/601 590/640/628 320/641/415
f 591/613/601 320/641/415 319/642/413
f 610/590/578 608/588/576 607/638/626
f 612/592/580 610/590/578 609/636/624
f 609/636/624 610/590/578 607/638/626
f 614/594/582 612/592/580 611/634/622
f 611/634/622 612/592/580 609/636/624
f 616/596/584 614/594/582 613/632/620
f 613/632/620 614/594/582 611/634/622
f 618/598/586 616/596/584 615/630/618
f 615/630/618 616/596/584 613/632/620
f 620/600/588 618/598/586 617/628/616
f 617/628/616 618/598/586 615/630/618
f 622/603/591 620/600/588 619/625/613
f 619/625/613 620/600/588 617/628/616
f 624/606/594 622/603/591 621/622/610
f 621/622/610 622/603/591 619/625/613
f 626/608/596 624/606/594 623/620/608
f 623/620/608 624/606/594 621/622/610
f 628/611/599 626/608/596 625/617/605
f 625/617/605 626/608/596 623/620/608
f 627/614/602 628/611/599 625/617/605
f 573/643/573 629/644/629 574/645/574
f 574/645/574 629/644/629 630/646/630
f 631/647/631 632/648/632 664/649/633
f 664/649/633 632/648/632 666/650/634
f 664/649/633 666/650/634 663/651/635
f 663/651/635 666/650/634 662/652/636
f 662/652/636 666/650/634 668/653/637
f 662/652/636 668/653/637 661/654/638
f 661/654/638 668/653/637 660/655/639
f 660/655/639 668/653/637 670/656/640
f 660/655/639 670/656/640 659/657/641
f 659/657/641 670/656/640 672/658/642
f 659/657/641 672/658/642 658/659/643
f 658/659/643 672/658/642 657/660/644
f 657/660/644 672/658/642 674/661/645
f 657/660/644 674/661/645 656/662/646
f 656/662/646 674/661/645 655/663/647
f 655/663/647 674/661/645 676/664/648
f 655/663/647 676/664/648 654/665/649
f 654/665/649 676/664/648 678/666/650
f 654/665/649 678/666/650 653/667/651
f 653/667/651 678/666/650 680/668/652
f 653/667/651 680/668/652 652/669/653
f 652/669/653 680/668/652 682/670/654
f 652/669/653 682/670/654 651/671/655
f 651/671/655 682/670/654 684/672/656
f 651/671/655 684/672/656 650/673/657
f 650/673/657 684/672/656 686/674/658
f 650/673/657 686/674/658 649/675/659
f 649/675/659 686/674/658 629/676/629
f 629/676/629 686/674/658 685/677/660
f 629/676/629 685/677/660 648/678/661
f 648/678/661 685/677/660 647/679/662
f 647/679/662 685/677/660 683/680/663
f 647/679/662 683/680/663 646/681/664
f 646/681/664 683/680/663 681/682/665
f 646/681/664 681/682/665 645/683/666
f 645/683/666 681/682/665 679/684/667
f 645/683/666 679/684/667 644/685/668
f 644/685/668 679/684/667 677/686/669
f 644/685/668 677/686/669 643/687/670
f 643/687/670 677/686/669 675/688/671
f 643/687/670 675/688/671 642/689/672
f 642/689/672 675/688/671 673/690/673
f 642/689/672 673/690/673 641/691/674
f 641/691/674 673/690/673 640/692/675
f 640/692/675 673/690/673 671/693/676
f 640/692/675 671/693/676 639/694/677
f 639/694/677 671/693/676 638/695/678
f 638/695/678 671/693/676 669/696/679
f 638/695/678 669/696/679 637/697/680
f 637/697/680 669/696/679 667/698/681
f 637/697/680 667/698/681 636/699/682
f 636/699/682 667/698/681 635/700/683
f 635/700/683 667/698/681 665/701/684
f 635/700/683 665/701/684 634/702/685
f 634/702/685 665/701/684 633/703/686
f 633/703/686 665/701/684 632/648/632
f 632/648/632 665/701/684 666/650/634
f 648/678/661 630/704/630 629/676/629
f 668/653/637 666/650/634 665/701/684
f 670/656/640 668/653/637 667/698/681
f 667/698/681 668/653/637 665/701/684
f 672/658/642 670/656/640 669/696/679
f 669/696/679 670/656/640 667/698/681
f 674/661/645 672/658/642 671/693/676
f 671/693/676 672/658/642 669/696/679
f 676/664/648 674/661/645 673/690/673
f 673/690/673 674/661/645 671/693/676
f 678/666/650 676/664/648 675/688/671
f 675/688/671 676/664/648 673/690/673
f 680/668/652 678/666/650 677/686/669
f 677/686/669 678/666/650 675/688/671
f 682/670/654 680/668/652 679/684/667
f 679/684/667 680/668/652 677/686/669
f 684/672/656 682/670/654 681/682/665
f 681/682/665 682/670/654 679/684/667
f 686/674/658 684/672/656 683/680/663
f 683/680/663 684/672/656 681/682/665
f 685/677/660 686/674/658 683/680/663
f 688/705/687 703/706/688 687/707/689
f 687/707/689 703/706/688 704/708/690
f 687/707/689 704/708/690 706/709/691
f 706/709/691 704/708/690 705/710/692
f 703/706/688 688/705/687 702/711/693
f 702/711/693 688/705/687 689/712/694
f 702/711/693 689/712/694 701/713/695
f 701/713/695 689/712/694 690/714/696
f 701/713/695 690/714/696 700/715/697
f 700/715/697 690/714/696 691/716/698
f 700/715/697 691/716/698 696/717/699
f 696/717/699 691/716/698 695/718/700
f 695/718/700 691/716/698 692/719/701
f 695/718/700 692/719/701 693/720/702
f 693/720/702 694/721/703 695/718/700
f 697/722/704 698/723/705 696/717/699
f 696/717/699 698/723/705 699/724/706
f 696/717/699 699/724/706 700/715/697
f 707/725/707 722/726/708 704/727/709
f 704/727/709 722/726/708 723/728/710
f 704/727/709 723/728/710 705/729/711
f 705/729/711 723/728/710 724/730/712
f 707/725/707 708/731/713 722/726/708
f 722/726/708 708/731/713 721/732/714
f 721/732/714 708/731/713 709/733/715
f 721/732/714 709/733/715 720/734/716
f 720/734/716 709/733/715 710/735/717
f 720/734/716 710/735/717 719/736/718
f 719/736/718 710/735/717 714/737/719
f 719/736/718 714/737/719 715/738/720
f 710/735/717 711/739/721 714/737/719
f 714/737/719 711/739/721 712/740/722
f 714/737/719 712/740/722 713/741/723
f 716/742/724 717/743/725 715/738/720
f 715/738/720 717/743/725 718/744/726
f 715/738/720 718/744/726 719/736/718
f 725/745/727 740/746/728 723/747/729
f 723/747/729 740/746/728 741/748/730
f 723/747/729 741/748/730 724/749/731
f 724/749/731 741/748/730 742/750/732
f 740/746/728 725/745/727 739/751/733
f 739/751/733 725/745/727 726/752/734
f 739/751/733 726/752/734 738/753/735
f 738/753/735 726/752/734 727/754/736
f 738/753/735 727/754/736 737/755/737
f 737/755/737 727/754/736 728/756/738
f 737/755/737 728/756/738 733/757/739
f 733/757/739 728/756/738 732/758/740
f 732/758/740 728/756/738 729/759/741
f 732/758/740 729/759/741 730/760/742
f 730/760/742 731/761/743 732/758/740
f 734/762/744 735/763/745 733/757/739
f 733/757/739 735/763/745 736/764/746
f 733/757/739 736/764/746 737/755/737
f 744/765/747 745/766/748 743/767/749
f 743/767/749 745/766/748 746/768/750
f 743/767/749 746/768/750 747/769/751
f 748/770/752 753/771/753 747/769/751
f 747/769/751 753/771/753 754/772/754
f 747/769/751 754/772/754 743/767/749
f 743/767/749 754/772/754 758/773/755
f 758/773/755 754/772/754 755/774/756
f 758/773/755 755/774/756 756/775/757
f 753/771/753 748/770/752 752/776/758
f 752/776/758 748/770/752 749/777/759
f 752/776/758 749/777/759 751/778/760
f 751/778/760 749/777/759 750/779/761
f 751/778/760 750/779/761 687/780/762
f 751/778/760 687/780/762 741/781/763
f 741/781/763 687/780/762 706/782/764
f 741/781/763 706/782/764 742/783/765
f 756/775/757 757/784/766 758/773/755
f 706/785/767 759/786/768 742/787/769
f 742/787/769 759/786/768 760/788/770
f 705/789/771 761/790/772 706/791/773
f 706/791/773 761/790/772 759/792/774
f 763/793/775 778/794/776 762/795/777
f 762/795/777 778/794/776 779/796/778
f 762/795/777 779/796/778 759/797/779
f 759/797/779 779/796/778 760/798/780
f 763/793/775 764/799/781 778/794/776
f 778/794/776 764/799/781 777/800/782
f 777/800/782 764/799/781 765/801/783
f 777/800/782 765/801/783 776/802/784
f 776/802/784 765/801/783 766/803/785
f 776/802/784 766/803/785 775/804/786
f 775/804/786 766/803/785 770/805/787
f 775/804/786 770/805/787 771/806/788
f 766/803/785 767/807/789 770/805/787
f 770/805/787 767/807/789 768/808/790
f 770/805/787 768/808/790 769/809/791
f 772/810/792 773/811/793 771/806/788
f 771/806/788 773/811/793 774/812/794
f 771/806/788 774/812/794 775/804/786
f 780/813/795 795/814/796 779/815/797
f 779/815/797 795/814/796 796/816/798
f 779/815/797 796/816/798 760/817/799
f 760/817/799 796/816/798 797/818/800
f 795/814/796 780/813/795 794/819/801
f 794/819/801 780/813/795 781/820/802
f 794/819/801 781/820/802 793/821/803
f 793/821/803 781/820/802 782/822/804
f 793/821/803 782/822/804 792/823/805
f 792/823/805 782/822/804 783/824/806
f 792/823/805 783/824/806 788/825/807
f 788/825/807 783/824/806 787/826/808
f 787/826/808 783/824/806 784/827/809
f 787/826/808 784/827/809 785/828/810
f 785/828/810 786/829/811 787/826/808
f 789/830/812 790/831/813 788/825/807
f 788/825/807 790/831/813 791/832/814
f 788/825/807 791/832/814 792/823/805
f 799/833/815 800/834/816 798/835/817
f 798/835/817 800/834/816 801/836/818
f 798/835/817 801/836/818 802/837/819
f 803/838/820 809/839/821 802/837/819
f 802/837/819 809/839/821 810/840/822
f 802/837/819 810/840/822 798/835/817
f 798/835/817 810/840/822 814/841/823
f 814/841/823 810/840/822 811/842/824
f 814/841/823 811/842/824 812/843/825
f 809/839/821 803/838/820 808/844/826
f 808/844/826 803/838/820 804/845/827
f 808/844/826 804/845/827 807/846/828
f 807/846/828 804/845/827 805/847/829
f 807/846/828 805/847/829 806/848/830
f 807/846/828 806/848/830 796/849/831
f 796/849/831 806/848/830 761/850/832
f 796/849/831 761/850/832 797/851/833
f 812/843/825 813/852/834 814/841/823
f 815/853/835 830/854/836 806/855/837
f 806/855/837 830/854/836 762/856/838
f 806/855/837 762/856/838 761/857/839
f 761/857/839 762/856/838 759/858/840
f 830/854/836 815/853/835 829/859/841
f 829/859/841 815/853/835 816/860/842
f 829/859/841 816/860/842 828/861/843
f 828/861/843 816/860/842 817/862/844
f 828/861/843 817/862/844 827/863/845
f 827/863/845 817/862/844 818/864/846
f 827/863/845 818/864/846 823/865/847
f 823/865/847 818/864/846 822/866/848
f 822/866/848 818/864/846 819/867/849
f 822/866/848 819/867/849 820/868/850
f 820/868/850 821/869/851 822/866/848
f 824/870/852 825/871/853 823/865/847
f 823/865/847 825/871/853 826/872/854
f 823/865/847 826/872/854 827/863/845
f 832/873/855 847/874/856 831/875/857
f 831/875/857 847/874/856 848/876/858
f 831/875/857 848/876/858 850/877/859
f 850/877/859 848/876/858 849/878/860
f 847/874/856 832/873/855 846/879/861
f 846/879/861 832/873/855 833/880/862
f 846/879/861 833/880/862 845/881/863
f 845/881/863 833/880/862 834/882/864
f 845/881/863 834/882/864 844/883/865
f 844/883/865 834/882/864 835/884/866
f 844/883/865 835/884/866 840/885/867
f 840/885/867 835/884/866 839/886/868
f 839/886/868 835/884/866 836/887/869
f 839/886/868 836/887/869 837/888/870
f 837/888/870 838/889/871 839/886/868
f 841/890/872 842/891/873 840/885/867
f 840/885/867 842/891/873 843/892/874
f 840/885/867 843/892/874 844/883/865
f 851/893/875 866/894/876 848/895/877
f 848/895/877 866/894/876 867/896/878
f 848/895/877 867/896/878 849/897/879
f 849/897/879 867/896/878 868/898/880
f 851/893/875 852/899/881 866/894/876
f 866/894/876 852/899/881 865/900/882
f 865/900/882 852/899/881 853/901/883
f 865/900/882 853/901/883 864/902/884
f 864/902/884 853/901/883 854/903/885
f 864/902/884 854/903/885 863/904/886
f 863/904/886 854/903/885 858/905/887
f 863/904/886 858/905/887 859/906/888
f 854/903/885 855/907/889 858/905/887
f 858/905/887 855/907/889 856/908/890
f 858/905/887 856/908/890 857/909/891
f 860/910/892 861/911/893 859/906/888
f 859/906/888 861/911/893 862/912/894
f 859/906/888 862/912/894 863/904/886
f 869/913/895 884/914/896 867/915/897
f 867/915/897 884/914/896 885/916/898
f 867/915/897 885/916/898 868/917/899
f 868/917/899 885/916/898 886/918/900
f 884/914/896 869/913/895 883/919/901
f 883/919/901 869/913/895 870/920/902
f 883/919/901 870/920/902 882/921/903
f 882/921/903 870/920/902 871/922/904
f 882/921/903 871/922/904 881/923/905
f 881/923/905 871/922/904 872/924/906
f 881/923/905 872/924/906 877/925/907
f 877/925/907 872/924/906 876/926/908
f 876/926/908 872/924/906 873/927/909
f 876/926/908 873/927/909 874/928/910
f 874/928/910 875/929/911 876/926/908
f 878/930/912 879/931/913 877/925/907
f 877/925/907 879/931/913 880/932/914
f 877/925/907 880/932/914 881/923/905
f 888/933/915 889/934/916 887/935/917
f 887/935/917 889/934/916 890/936/918
f 887/935/917 890/936/918 891/937/919
f 892/938/920 897/939/921 891/937/919
f 891/937/919 897/939/921 898/940/922
f 891/937/919 898/940/922 887/935/917
f 887/935/917 898/940/922 902/941/923
f 902/941/923 898/940/922 899/942/924
f 902/941/923 899/942/924 900/943/925
f 897/939/921 892/938/920 896/944/926
f 896/944/926 892/938/920 893/945/927
f 896/944/926 893/945/927 895/946/928
f 895/946/928 893/945/927 894/947/929
f 895/946/928 894/947/929 831/948/930
f 895/946/928 831/948/930 885/949/931
f 885/949/931 831/948/930 850/950/932
f 885/949/931 850/950/932 886/951/933
f 900/943/925 901/952/934 902/941/923
f 850/953/935 903/954/936 886/955/937
f 886/955/937 903/954/936 904/956/938
f 849/957/939 905/958/940 850/959/941
f 850/959/941 905/958/940 903/960/942
f 907/961/943 922/962/944 906/963/945
f 906/963/945 922/962/944 923/964/946
f 906/963/945 923/964/946 903/965/947
f 903/965/947 923/964/946 904/966/948
f 907/961/943 908/967/949 922/962/944
f 922/962/944 908/967/949 921/968/950
f 921/968/950 908/967/949 909/969/951
f 921/968/950 909/969/951 920/970/952
f 920/970/952 909/969/951 910/971/953
f 920/970/952 910/971/953 919/972/954
f 919/972/954 910/971/953 914/973/955
f 919/972/954 914/973/955 915/974/956
f 910/971/953 911/975/957 914/973/955
f 914/973/955 911/975/957 912/976/958
f 914/973/955 912/976/958 913/977/959
f 916/978/960 917/979/961 915/974/956
f 915/974/956 917/979/961 918/980/962
f 915/974/956 918/980/962 919/972/954
f 924/981/963 937/982/964 923/983/965
f 923/983/965 937/982/964 938/984/966
f 923/983/965 938/984/966 904/985/967
f 904/985/967 938/984/966 939/986/968
f 937/982/964 924/981/963 936/987/969
f 936/987/969 924/981/963 925/988/970
f 936/987/969 925/988/970 935/989/971
f 935/989/971 925/988/970 926/990/972
f 935/989/971 926/990/972 934/991/973
f 934/991/973 926/990/972 927/992/974
f 934/991/973 927/992/974 451/993/975
f 451/993/975 927/992/974 452/994/976
f 452/994/976 927/992/974 928/995/977
f 452/994/976 928/995/977 929/996/978
f 929/996/978 930/997/979 452/994/976
f 931/998/980 932/999/981 451/993/975
f 451/993/975 932/999/981 933/1000/982
f 451/993/975 933/1000/982 934/991/973
f 941/1001/983 942/1002/984 940/1003/985
f 940/1003/985 942/1002/984 943/1004/986
f 940/1003/985 943/1004/986 944/1005/987
f 945/1006/988 951/1007/989 944/1005/987
f 944/1005/987 951/1007/989 952/1008/990
f 944/1005/987 952/1008/990 940/1003/985
f 940/1003/985 952/1008/990 956/1009/991
f 956/1009/991 952/1008/990 953/1010/992
f 956/1009/991 953/1010/992 954/1011/993
f 951/1007/989 945/1006/988 950/1012/994
f 950/1012/994 945/1006/988 946/1013/995
f 950/1012/994 946/1013/995 949/1014/996
f 949/1014/996 946/1013/995 947/1015/997
f 949/1014/996 947/1015/997 948/1016/998
f 949/1014/996 948/1016/998 938/1017/999
f 938/1017/999 948/1016/998 905/1018/1000
f 938/1017/999 905/1018/1000 939/1019/1001
f 954/1011/993 955/1020/1002 956/1009/991
f 957/1021/1003 972/1022/1004 948/1023/1005
f 948/1023/1005 972/1022/1004 906/1024/1006
f 948/1023/1005 906/1024/1006 905/1025/1007
f 905/1025/1007 906/1024/1006 903/1026/1008
f 972/1022/1004 957/1021/1003 971/1027/1009
f 971/1027/1009 957/1021/1003 958/1028/1010
f 971/1027/1009 958/1028/1010 970/1029/1011
f 970/1029/1011 958/1028/1010 959/1030/1012
f 970/1029/1011 959/1030/1012 969/1031/1013
f 969/1031/1013 959/1030/1012 960/1032/1014
f 969/1031/1013 960/1032/1014 965/1033/1015
f 965/1033/1015 960/1032/1014 964/1034/1016
f 964/1034/1016 960/1032/1014 961/1035/1017
f 964/1034/1016 961/1035/1017 962/1036/1018
f 962/1036/1018 963/1037/1019 964/1034/1016
f 966/1038/1020 967/1039/1021 965/1033/1015
f 965/1033/1015 967/1039/1021 968/1040/1022
f 965/1033/1015 968/1040/1022 969/1031/1013
f 868/1041/1023 939/1042/1024 849/1043/1025
f 849/1043/1025 939/1042/1024 905/1044/1026
f 724/1045/1027 797/1046/1028 705/1047/1029
f 705/1047/1029 797/1046/1028 761/1048/1030
f 859/1049/1031 973/1050/1032 860/1051/1033
f 860/1051/1033 973/1050/1032 974/1052/1034
f 860/1051/1033 974/1052/1034 975/1053/1035
f 860/1051/1033 975/1053/1035 861/1054/1036
f 861/1054/1036 975/1053/1035 976/1055/1037
f 861/1054/1036 976/1055/1037 862/1056/1038
f 862/1056/1038 976/1055/1037 863/1057/1039
f 863/1057/1039 976/1055/1037 977/1058/1040
f 863/1057/1039 977/1058/1040 864/1059/1041
f 864/1059/1041 977/1058/1040 978/1060/1042
f 864/1059/1041 978/1060/1042 979/1061/1043
f 864/1059/1041 979/1061/1043 865/1062/1044
f 865/1062/1044 979/1061/1043 980/1063/1045
f 865/1062/1044 980/1063/1045 866/1064/1046
f 866/1064/1046 980/1063/1045 867/1065/1047
f 867/1065/1047 980/1063/1045 981/1066/1048
f 867/1065/1047 981/1066/1048 869/1067/1049
f 869/1067/1049 981/1066/1048 982/1068/1050
f 869/1067/1049 982/1068/1050 983/1069/1051
f 869/1067/1049 983/1069/1051 870/1070/1052
f 870/1070/1052 983/1069/1051 984/1071/1053
f 870/1070/1052 984/1071/1053 871/1072/1054
f 871/1072/1054 984/1071/1053 872/1073/1055
f 872/1073/1055 984/1071/1053 985/1074/1056
f 872/1073/1055 985/1074/1056 873/1075/1057
f 873/1075/1057 985/1074/1056 986/1076/1058
f 873/1075/1057 986/1076/1058 987/1077/1059
f 873/1075/1057 987/1077/1059 874/1078/1060
f 874/1078/1060 987/1077/1059 988/1079/1061
f 874/1078/1060 988/1079/1061 875/1080/1062
f 875/1080/1062 988/1079/1061 876/1081/1063
f 876/1081/1063 988/1079/1061 989/1082/1064
f 859/1083/1031 858/1084/1065 973/1085/1032
f 973/1085/1032 858/1084/1065 990/1086/1066
f 840/1087/1067 991/1088/1068 841/1089/1069
f 841/1089/1069 991/1088/1068 992/1090/1070
f 841/1089/1069 992/1090/1070 993/1091/1071
f 841/1089/1069 993/1091/1071 842/1092/1072
f 842/1092/1072 993/1091/1071 994/1093/1073
f 842/1092/1072 994/1093/1073 843/1094/1074
f 843/1094/1074 994/1093/1073 844/1095/1075
f 844/1095/1075 994/1093/1073 995/1096/1076
f 844/1095/1075 995/1096/1076 845/1097/1077
f 845/1097/1077 995/1096/1076 996/1098/1078
f 845/1097/1077 996/1098/1078 997/1099/1079
f 845/1097/1077 997/1099/1079 846/1100/1080
f 846/1100/1080 997/1099/1079 998/1101/1081
f 846/1100/1080 998/1101/1081 847/1102/1082
f 847/1102/1082 998/1101/1081 848/1103/1083
f 848/1103/1083 998/1101/1081 999/1104/1084
f 848/1103/1083 999/1104/1084 851/1105/1085
f 851/1105/1085 999/1104/1084 1000/1106/1086
f 851/1105/1085 1000/1106/1086 1001/1107/1087
f 851/1105/1085 1001/1107/1087 852/1108/1088
f 852/1108/1088 1001/1107/1087 1002/1109/1089
f 852/1108/1088 1002/1109/1089 853/1110/1090
f 853/1110/1090 1002/1109/1089 854/1111/1091
f 854/1111/1091 1002/1109/1089 1003/1112/1092
f 854/1111/1091 1003/1112/1092 855/1113/1093
f 855/1113/1093 1003/1112/1092 1004/1114/1094
f 855/1113/1093 1004/1114/1094 1005/1115/1095
f 855/1113/1093 1005/1115/1095 856/1116/1096
f 856/1116/1096 1005/1115/1095 1006/1117/1097
f 856/1116/1096 1006/1117/1097 857/1118/1098
f 857/1118/1098 1006/1117/1097 858/1119/1065
f 858/1119/1065 1006/1117/1097 990/1120/1066
f 840/1121/1067 839/1122/1099 991/1123/1068
f 991/1123/1068 839/1122/1099 1007/1124/1100
f 887/1125/1101 1008/1126/1102 888/1127/1103
f 888/1127/1103 1008/1126/1102 1009/1128/1104
f 888/1127/1103 1009/1128/1104 1010/1129/1105
f 888/1127/1103 1010/1129/1105 889/1130/1106
f 889/1130/1106 1010/1129/1105 1011/1131/1107
f 889/1130/1106 1011/1131/1107 890/1132/1108
f 890/1132/1108 1011/1131/1107 891/1133/1109
f 891/1133/1109 1011/1131/1107 1012/1134/1110
f 891/1133/1109 1012/1134/1110 892/1135/1111
f 892/1135/1111 1012/1134/1110 1013/1136/1112
f 892/1135/1111 1013/1136/1112 1014/1137/1113
f 892/1135/1111 1014/1137/1113 893/1138/1114
f 893/1138/1114 1014/1137/1113 1015/1139/1115
f 893/1138/1114 1015/1139/1115 894/1140/1116
f 894/1140/1116 1015/1139/1115 831/1141/1117
f 831/1141/1117 1015/1139/1115 1016/1142/1118
f 831/1141/1117 1016/1142/1118 832/1143/1119
f 832/1143/1119 1016/1142/1118 1017/1144/1120
f 832/1143/1119 1017/1144/1120 1018/1145/1121
f 832/1143/1119 1018/1145/1121 833/1146/1122
f 833/1146/1122 1018/1145/1121 1019/1147/1123
f 833/1146/1122 1019/1147/1123 834/1148/1124
f 834/1148/1124 1019/1147/1123 835/1149/1125
f 835/1149/1125 1019/1147/1123 1020/1150/1126
f 835/1149/1125 1020/1150/1126 836/1151/1127
f 836/1151/1127 1020/1150/1126 1021/1152/1128
f 836/1151/1127 1021/1152/1128 1022/1153/1129
f 836/1151/1127 1022/1153/1129 837/1154/1130
f 837/1154/1130 1022/1153/1129 1023/1155/1131
f 837/1154/1130 1023/1155/1131 838/1156/1132
f 838/1156/1132 1023/1155/1131 839/1157/1099
f 839/1157/1099 1023/1155/1131 1007/1158/1100
f 887/1159/1101 902/1160/1133 1008/1161/1102
f 1008/1161/1102 902/1160/1133 1024/1162/1134
f 877/1163/1135 1025/1164/1136 878/1165/1137
f 878/1165/1137 1025/1164/1136 1026/1166/1138
f 878/1165/1137 1026/1166/1138 1027/1167/1139
f 878/1165/1137 1027/1167/1139 879/1168/1140
f 879/1168/1140 1027/1167/1139 1028/1169/1141
f 879/1168/1140 1028/1169/1141 880/1170/1142
f 880/1170/1142 1028/1169/1141 881/1171/1143
f 881/1171/1143 1028/1169/1141 1029/1172/1144
f 881/1171/1143 1029/1172/1144 882/1173/1145
f 882/1173/1145 1029/1172/1144 1030/1174/1146
f 882/1173/1145 1030/1174/1146 1031/1175/1147
f 882/1173/1145 1031/1175/1147 883/1176/1148
f 883/1176/1148 1031/1175/1147 1032/1177/1149
f 883/1176/1148 1032/1177/1149 884/1178/1150
f 884/1178/1150 1032/1177/1149 885/1179/1151
f 885/1179/1151 1032/1177/1149 1033/1180/1152
f 885/1179/1151 1033/1180/1152 895/1181/1153
f 895/1181/1153 1033/1180/1152 1034/1182/1154
f 895/1181/1153 1034/1182/1154 1035/1183/1155
f 895/1181/1153 1035/1183/1155 896/1184/1156
f 896/1184/1156 1035/1183/1155 1036/1185/1157
f 896/1184/1156 1036/1185/1157 897/1186/1158
f 897/1186/1158 1036/1185/1157 898/1187/1159
f 898/1187/1159 1036/1185/1157 1037/1188/1160
f 898/1187/1159 1037/1188/1160 899/1189/1161
f 899/1189/1161 1037/1188/1160 1038/1190/1162
f 899/1189/1161 1038/1190/1162 1039/1191/1163
f 899/1189/1161 1039/1191/1163 900/1192/1164
f 900/1192/1164 1039/1191/1163 1040/1193/1165
f 900/1192/1164 1040/1193/1165 901/1194/1166
f 901/1194/1166 1040/1193/1165 902/1195/1133
f 902/1195/1133 1040/1193/1165 1024/1196/1134
f 886/1197/1167 904/1198/1168 868/1199/1169
f 868/1199/1169 904/1198/1168 939/1200/1170
f 715/1201/1171 1041/1202/1172 716/1203/1173
f 716/1203/1173 1041/1202/1172 1042/1204/1174
f 716/1203/1173 1042/1204/1174 717/1205/1175
f 717/1205/1175 1042/1204/1174 1043/1206/1176
f 717/1205/1175 1043/1206/1176 718/1207/1177
f 718/1207/1177 1043/1206/1176 1044/1208/1178
f 718/1207/1177 1044/1208/1178 719/1209/1179
f 719/1209/1179 1044/1208/1178 720/1210/1180
f 720/1210/1180 1044/1208/1178 1045/1211/1181
f 720/1210/1180 1045/1211/1181 721/1212/1182
f 721/1212/1182 1045/1211/1181 1046/1213/1183
f 721/1212/1182 1046/1213/1183 722/1214/1184
f 722/1214/1184 1046/1213/1183 1047/1215/1185
f 722/1214/1184 1047/1215/1185 723/1216/1186
f 723/1216/1186 1047/1215/1185 725/1217/1187
f 725/1217/1187 1047/1215/1185 1048/1218/1188
f 725/1217/1187 1048/1218/1188 726/1219/1189
f 726/1219/1189 1048/1218/1188 1049/1220/1190
f 726/1219/1189 1049/1220/1190 727/1221/1191
f 727/1221/1191 1049/1220/1190 1050/1222/1192
f 727/1221/1191 1050/1222/1192 728/1223/1193
f 728/1223/1193 1050/1222/1192 729/1224/1194
f 729/1224/1194 1050/1222/1192 1051/1225/1195
f 729/1224/1194 1051/1225/1195 730/1226/1196
f 730/1226/1196 1051/1225/1195 1052/1227/1197
f 730/1226/1196 1052/1227/1197 731/1228/1198
f 731/1228/1198 1052/1227/1197 1053/1229/1199
f 731/1228/1198 1053/1229/1199 732/1230/1200
f 715/1231/1171 714/1232/1201 1041/1233/1172
f 1041/1233/1172 714/1232/1201 1054/1234/1202
f 696/1235/1203 1055/1236/1204 697/1237/1205
f 697/1237/1205 1055/1236/1204 1056/1238/1206
f 697/1237/1205 1056/1238/1206 698/1239/1207
f 698/1239/1207 1056/1238/1206 1057/1240/1208
f 698/1239/1207 1057/1240/1208 699/1241/1209
f 699/1241/1209 1057/1240/1208 1058/1242/1210
f 699/1241/1209 1058/1242/1210 700/1243/1211
f 700/1243/1211 1058/1242/1210 701/1244/1212
f 701/1244/1212 1058/1242/1210 1059/1245/1213
f 701/1244/1212 1059/1245/1213 702/1246/1214
f 702/1246/1214 1059/1245/1213 1060/1247/1215
f 702/1246/1214 1060/1247/1215 703/1248/1216
f 703/1248/1216 1060/1247/1215 1061/1249/1217
f 703/1248/1216 1061/1249/1217 704/1250/1218
f 704/1250/1218 1061/1249/1217 707/1251/1219
f 707/1251/1219 1061/1249/1217 1062/1252/1220
f 707/1251/1219 1062/1252/1220 708/1253/1221
f 708/1253/1221 1062/1252/1220 1063/1254/1222
f 708/1253/1221 1063/1254/1222 709/1255/1223
f 709/1255/1223 1063/1254/1222 1064/1256/1224
f 709/1255/1223 1064/1256/1224 710/1257/1225
f 710/1257/1225 1064/1256/1224 711/1258/1226
f 711/1258/1226 1064/1256/1224 1065/1259/1227
f 711/1258/1226 1065/1259/1227 712/1260/1228
f 712/1260/1228 1065/1259/1227 1066/1261/1229
f 712/1260/1228 1066/1261/1229 713/1262/1230
f 713/1262/1230 1066/1261/1229 1054/1263/1202
f 713/1262/1230 1054/1263/1202 714/1264/1201
f 696/1265/1203 695/1266/1231 1055/1267/1204
f 1055/1267/1204 695/1266/1231 1067/1268/1232
f 743/1269/1233 1068/1270/1234 744/1271/1235
f 744/1271/1235 1068/1270/1234 1069/1272/1236
f 744/1271/1235 1069/1272/1236 745/1273/1237
f 745/1273/1237 1069/1272/1236 1070/1274/1238
f 745/1273/1237 1070/1274/1238 746/1275/1239
f 746/1275/1239 1070/1274/1238 1071/1276/1240
f 746/1275/1239 1071/1276/1240 747/1277/1241
f 747/1277/1241 1071/1276/1240 748/1278/1242
f 748/1278/1242 1071/1276/1240 1072/1279/1243
f 748/1278/1242 1072/1279/1243 749/1280/1244
f 749/1280/1244 1072/1279/1243 1073/1281/1245
f 749/1280/1244 1073/1281/1245 750/1282/1246
f 750/1282/1246 1073/1281/1245 1074/1283/1247
f 750/1282/1246 1074/1283/1247 687/1284/1248
f 687/1284/1248 1074/1283/1247 688/1285/1249
f 688/1285/1249 1074/1283/1247 1075/1286/1250
f 688/1285/1249 1075/1286/1250 689/1287/1251
f 689/1287/1251 1075/1286/1250 1076/1288/1252
f 689/1287/1251 1076/1288/1252 690/1289/1253
f 690/1289/1253 1076/1288/1252 1077/1290/1254
f 690/1289/1253 1077/1290/1254 691/1291/1255
f 691/1291/1255 1077/1290/1254 692/1292/1256
f 692/1292/1256 1077/1290/1254 1078/1293/1257
f 692/1292/1256 1078/1293/1257 693/1294/1258
f 693/1294/1258 1078/1293/1257 1079/1295/1259
f 693/1294/1258 1079/1295/1259 694/1296/1260
f 694/1296/1260 1079/1295/1259 1067/1297/1232
f 694/1296/1260 1067/1297/1232 695/1298/1231
f 743/1299/1233 758/1300/1261 1068/1301/1234
f 1068/1301/1234 758/1300/1261 1080/1302/1262
f 733/1303/1263 1081/1304/1264 734/1305/1265
f 734/1305/1265 1081/1304/1264 1082/1306/1266
f 734/1305/1265 1082/1306/1266 735/1307/1267
f 735/1307/1267 1082/1306/1266 1083/1308/1268
f 735/1307/1267 1083/1308/1268 736/1309/1269
f 736/1309/1269 1083/1308/1268 1084/1310/1270
f 736/1309/1269 1084/1310/1270 737/1311/1271
f 737/1311/1271 1084/1310/1270 738/1312/1272
f 738/1312/1272 1084/1310/1270 1085/1313/1273
f 738/1312/1272 1085/1313/1273 739/1314/1274
f 739/1314/1274 1085/1313/1273 1086/1315/1275
f 739/1314/1274 1086/1315/1275 740/1316/1276
f 740/1316/1276 1086/1315/1275 1087/1317/1277
f 740/1316/1276 1087/1317/1277 741/1318/1278
f 741/1318/1278 1087/1317/1277 751/1319/1279
f 751/1319/1279 1087/1317/1277 1088/1320/1280
f 751/1319/1279 1088/1320/1280 752/1321/1281
f 752/1321/1281 1088/1320/1280 1089/1322/1282
f 752/1321/1281 1089/1322/1282 753/1323/1283
f 753/1323/1283 1089/1322/1282 1090/1324/1284
f 753/1323/1283 1090/1324/1284 754/1325/1285
f 754/1325/1285 1090/1324/1284 755/1326/1286
f 755/1326/1286 1090/1324/1284 1091/1327/1287
f 755/1326/1286 1091/1327/1287 756/1328/1288
f 756/1328/1288 1091/1327/1287 1092/1329/1289
f 756/1328/1288 1092/1329/1289 757/1330/1290
f 757/1330/1290 1092/1329/1289 1080/1331/1262
f 757/1330/1290 1080/1331/1262 758/1332/1261
f 742/1333/1291 760/1334/1292 724/1335/1293
f 724/1335/1293 760/1334/1292 797/1336/1294
f 877/1337/1135 876/1338/1063 1025/1339/1136
f 1025/1339/1136 876/1338/1063 989/1340/1064
f 915/1341/1295 1093/1342/1296 916/1343/1297
f 916/1343/1297 1093/1342/1296 1110/1344/1298
f 916/1343/1297 1110/1344/1298 917/1345/1299
f 917/1345/1299 1110/1344/1298 1111/1346/1300
f 917/1345/1299 1111/1346/1300 918/1347/1301
f 918/1347/1301 1111/1346/1300 1112/1348/1302
f 918/1347/1301 1112/1348/1302 919/1349/1303
f 919/1349/1303 1112/1348/1302 920/1350/1304
f 920/1350/1304 1112/1348/1302 1113/1351/1305
f 920/1350/1304 1113/1351/1305 921/1352/1306
f 921/1352/1306 1113/1351/1305 1114/1353/1307
f 921/1352/1306 1114/1353/1307 922/1354/1308
f 922/1354/1308 1114/1353/1307 1115/1355/1309
f 922/1354/1308 1115/1355/1309 923/1356/1310
f 923/1356/1310 1115/1355/1309 924/1357/1311
f 924/1357/1311 1115/1355/1309 1116/1358/1312
f 924/1357/1311 1116/1358/1312 925/1359/1313
f 925/1359/1313 1116/1358/1312 1117/1360/1314
f 925/1359/1313 1117/1360/1314 926/1361/1315
f 926/1361/1315 1117/1360/1314 1118/1362/1316
f 926/1361/1315 1118/1362/1316 927/1363/1317
f 927/1363/1317 1118/1362/1316 928/1364/1318
f 928/1364/1318 1118/1362/1316 1119/1365/1319
f 928/1364/1318 1119/1365/1319 929/1366/1320
f 929/1366/1320 1119/1365/1319 1120/1367/1321
f 929/1366/1320 1120/1367/1321 930/1368/1322
f 930/1368/1322 1120/1367/1321 452/1369/385
f 452/1369/385 1120/1367/1321 1109/1370/1323
f 452/1369/385 1109/1370/1323 453/1371/458
f 1093/1342/1296 1094/1372/1324 1110/1344/1298
f 1110/1344/1298 1094/1372/1324 1095/1373/1325
f 1110/1344/1298 1095/1373/1325 1111/1346/1300
f 1111/1346/1300 1095/1373/1325 1096/1374/1326
f 1111/1346/1300 1096/1374/1326 1112/1348/1302
f 1112/1348/1302 1096/1374/1326 1097/1375/1327
f 1112/1348/1302 1097/1375/1327 1113/1351/1305
f 1113/1351/1305 1097/1375/1327 1098/1376/1328
f 1113/1351/1305 1098/1376/1328 1114/1353/1307
f 1114/1353/1307 1098/1376/1328 1099/1377/1329
f 1114/1353/1307 1099/1377/1329 1115/1355/1309
f 1115/1355/1309 1099/1377/1329 1100/1378/1330
f 1115/1355/1309 1100/1378/1330 1116/1358/1312
f 1116/1358/1312 1100/1378/1330 1101/1379/1331
f 1116/1358/1312 1101/1379/1331 1102/1380/1332
f 1116/1358/1312 1102/1380/1332 1117/1360/1314
f 1117/1360/1314 1102/1380/1332 1103/1381/1333
f 1117/1360/1314 1103/1381/1333 1104/1382/1334
f 1117/1360/1314 1104/1382/1334 1118/1362/1316
f 1118/1362/1316 1104/1382/1334 1105/1383/1335
f 1118/1362/1316 1105/1383/1335 1119/1365/1319
f 1119/1365/1319 1105/1383/1335 1106/1384/1336
f 1119/1365/1319 1106/1384/1336 1107/1385/1337
f 1119/1365/1319 1107/1385/1337 1120/1367/1321
f 1120/1367/1321 1107/1385/1337 1108/1386/1338
f 1120/1367/1321 1108/1386/1338 1109/1370/1323
f 733/1387/1263 732/1388/1200 1081/1389/1264
f 1081/1389/1264 732/1388/1200 1053/1390/1199
f 788/1391/1339 787/1392/1340 1122/1393/1341
f 1122/1393/1341 787/1392/1340 1121/1394/1342
f 771/1395/1343 1123/1396/1344 772/1397/1345
f 772/1397/1345 1123/1396/1344 1124/1398/1346
f 772/1397/1345 1124/1398/1346 1125/1399/1347
f 772/1397/1345 1125/1399/1347 773/1400/1348
f 773/1400/1348 1125/1399/1347 1126/1401/1349
f 773/1400/1348 1126/1401/1349 774/1402/1350
f 774/1402/1350 1126/1401/1349 775/1403/1351
f 775/1403/1351 1126/1401/1349 1127/1404/1352
f 775/1403/1351 1127/1404/1352 776/1405/1353
f 776/1405/1353 1127/1404/1352 1128/1406/1354
f 776/1405/1353 1128/1406/1354 1129/1407/1355
f 776/1405/1353 1129/1407/1355 777/1408/1356
f 777/1408/1356 1129/1407/1355 1130/1409/1357
f 777/1408/1356 1130/1409/1357 778/1410/1358
f 778/1410/1358 1130/1409/1357 779/1411/1359
f 779/1411/1359 1130/1409/1357 1131/1412/1360
f 779/1411/1359 1131/1412/1360 780/1413/1361
f 780/1413/1361 1131/1412/1360 1132/1414/1362
f 780/1413/1361 1132/1414/1362 1133/1415/1363
f 780/1413/1361 1133/1415/1363 781/1416/1364
f 781/1416/1364 1133/1415/1363 1134/1417/1365
f 781/1416/1364 1134/1417/1365 782/1418/1366
f 782/1418/1366 1134/1417/1365 783/1419/1367
f 783/1419/1367 1134/1417/1365 1135/1420/1368
f 783/1419/1367 1135/1420/1368 784/1421/1369
f 784/1421/1369 1135/1420/1368 1136/1422/1370
f 784/1421/1369 1136/1422/1370 1137/1423/1371
f 784/1421/1369 1137/1423/1371 785/1424/1372
f 785/1424/1372 1137/1423/1371 1138/1425/1373
f 785/1424/1372 1138/1425/1373 786/1426/1374
f 786/1426/1374 1138/1425/1373 787/1427/1340
f 787/1427/1340 1138/1425/1373 1121/1428/1342
f 1140/1429/1375 1155/1430/1376 1139/1431/1377
f 1139/1431/1377 1155/1430/1376 1156/1432/1378
f 1139/1431/1377 1156/1432/1378 1158/1433/1379
f 1158/1433/1379 1156/1432/1378 1157/1434/1380
f 1155/1430/1376 1140/1429/1375 1154/1435/1381
f 1154/1435/1381 1140/1429/1375 1141/1436/1382
f 1154/1435/1381 1141/1436/1382 1153/1437/1383
f 1153/1437/1383 1141/1436/1382 1142/1438/1384
f 1153/1437/1383 1142/1438/1384 1152/1439/1385
f 1152/1439/1385 1142/1438/1384 1143/1440/1386
f 1152/1439/1385 1143/1440/1386 1148/1441/1387
f 1148/1441/1387 1143/1440/1386 1147/1442/1388
f 1147/1442/1388 1143/1440/1386 1144/1443/1389
f 1147/1442/1388 1144/1443/1389 1145/1444/1390
f 1145/1444/1390 1146/1445/1391 1147/1442/1388
f 1149/1446/1392 1150/1447/1393 1148/1441/1387
f 1148/1441/1387 1150/1447/1393 1151/1448/1394
f 1148/1441/1387 1151/1448/1394 1152/1439/1385
f 1159/1449/1395 1174/1450/1396 1156/1451/1397
f 1156/1451/1397 1174/1450/1396 1175/1452/1398
f 1156/1451/1397 1175/1452/1398 1157/1453/1399
f 1157/1453/1399 1175/1452/1398 1176/1454/1400
f 1159/1449/1395 1160/1455/1401 1174/1450/1396
f 1174/1450/1396 1160/1455/1401 1173/1456/1402
f 1173/1456/1402 1160/1455/1401 1161/1457/1403
f 1173/1456/1402 1161/1457/1403 1172/1458/1404
f 1172/1458/1404 1161/1457/1403 1162/1459/1405
f 1172/1458/1404 1162/1459/1405 1171/1460/1406
f 1171/1460/1406 1162/1459/1405 1166/1461/1407
f 1171/1460/1406 1166/1461/1407 1167/1462/1408
f 1162/1459/1405 1163/1463/1409 1166/1461/1407
f 1166/1461/1407 1163/1463/1409 1164/1464/1410
f 1166/1461/1407 1164/1464/1410 1165/1465/1411
f 1168/1466/1412 1169/1467/1413 1167/1462/1408
f 1167/1462/1408 1169/1467/1413 1170/1468/1414
f 1167/1462/1408 1170/1468/1414 1171/1460/1406
f 1177/1469/1415 1132/1470/1416 1175/1471/1417
f 1175/1471/1417 1132/1470/1416 1131/1472/1418
f 1175/1471/1417 1131/1472/1418 1176/1473/1419
f 1176/1473/1419 1131/1472/1418 1184/1474/1420
f 1132/1470/1416 1177/1469/1415 1133/1475/1421
f 1133/1475/1421 1177/1469/1415 1178/1476/1422
f 1133/1475/1421 1178/1476/1422 1134/1477/1423
f 1134/1477/1423 1178/1476/1422 1179/1478/1424
f 1134/1477/1423 1179/1478/1424 1135/1479/1425
f 1135/1479/1425 1179/1478/1424 1180/1480/1426
f 1135/1479/1425 1180/1480/1426 1121/1481/1427
f 1121/1481/1427 1180/1480/1426 1122/1482/1428
f 1122/1482/1428 1180/1480/1426 1181/1483/1429
f 1122/1482/1428 1181/1483/1429 1182/1484/1430
f 1182/1484/1430 1183/1485/1431 1122/1482/1428
f 1138/1486/1432 1137/1487/1433 1121/1481/1427
f 1121/1481/1427 1137/1487/1433 1136/1488/1434
f 1121/1481/1427 1136/1488/1434 1135/1479/1425
f 1186/1489/1435 1187/1490/1436 1185/1491/1437
f 1185/1491/1437 1187/1490/1436 1188/1492/1438
f 1185/1491/1437 1188/1492/1438 1189/1493/1439
f 1190/1494/1440 1128/1495/1441 1189/1493/1439
f 1189/1493/1439 1128/1495/1441 1127/1496/1442
f 1189/1493/1439 1127/1496/1442 1185/1491/1437
f 1185/1491/1437 1127/1496/1442 1123/1497/1443
f 1123/1497/1443 1127/1496/1442 1126/1498/1444
f 1123/1497/1443 1126/1498/1444 1125/1499/1445
f 1128/1495/1441 1190/1494/1440 1129/1500/1446
f 1129/1500/1446 1190/1494/1440 1191/1501/1447
f 1129/1500/1446 1191/1501/1447 1130/1502/1448
f 1130/1502/1448 1191/1501/1447 1192/1503/1449
f 1130/1502/1448 1192/1503/1449 1139/1504/1450
f 1130/1502/1448 1139/1504/1450 1131/1505/1451
f 1131/1505/1451 1139/1504/1450 1158/1506/1452
f 1131/1505/1451 1158/1506/1452 1184/1507/1453
f 1125/1499/1445 1124/1508/1454 1123/1497/1443
f 1158/1509/1455 1193/1510/1456 1184/1511/1457
f 1184/1511/1457 1193/1510/1456 1194/1512/1458
f 1157/1513/1459 1195/1514/1460 1158/1515/1461
f 1158/1515/1461 1195/1514/1460 1193/1516/1462
f 1015/1517/1463 1034/1518/1464 1016/1519/1465
f 1016/1519/1465 1034/1518/1464 1033/1520/1466
f 1016/1519/1465 1033/1520/1466 1193/1521/1467
f 1193/1521/1467 1033/1520/1466 1194/1522/1468
f 1015/1517/1463 1014/1523/1469 1034/1518/1464
f 1034/1518/1464 1014/1523/1469 1035/1524/1470
f 1035/1524/1470 1014/1523/1469 1013/1525/1471
f 1035/1524/1470 1013/1525/1471 1036/1526/1472
f 1036/1526/1472 1013/1525/1471 1012/1527/1473
f 1036/1526/1472 1012/1527/1473 1037/1528/1474
f 1037/1528/1474 1012/1527/1473 1008/1529/1475
f 1037/1528/1474 1008/1529/1475 1024/1530/1476
f 1012/1527/1473 1011/1531/1477 1008/1529/1475
f 1008/1529/1475 1011/1531/1477 1010/1532/1478
f 1008/1529/1475 1010/1532/1478 1009/1533/1479
f 1040/1534/1480 1039/1535/1481 1024/1530/1476
f 1024/1530/1476 1039/1535/1481 1038/1536/1482
f 1024/1530/1476 1038/1536/1482 1037/1528/1474
f 1032/1537/1483 982/1538/1484 1033/1539/1485
f 1033/1539/1485 982/1538/1484 981/1540/1486
f 1033/1539/1485 981/1540/1486 1194/1541/1487
f 1194/1541/1487 981/1540/1486 1196/1542/1488
f 982/1538/1484 1032/1537/1483 983/1543/1489
f 983/1543/1489 1032/1537/1483 1031/1544/1490
f 983/1543/1489 1031/1544/1490 984/1545/1491
f 984/1545/1491 1031/1544/1490 1030/1546/1492
f 984/1545/1491 1030/1546/1492 985/1547/1493
f 985/1547/1493 1030/1546/1492 1029/1548/1494
f 985/1547/1493 1029/1548/1494 989/1549/1495
f 989/1549/1495 1029/1548/1494 1025/1550/1496
f 1025/1550/1496 1029/1548/1494 1028/1551/1497
f 1025/1550/1496 1028/1551/1497 1027/1552/1498
f 1027/1552/1498 1026/1553/1499 1025/1550/1496
f 988/1554/1500 987/1555/1501 989/1549/1495
f 989/1549/1495 987/1555/1501 986/1556/1502
f 989/1549/1495 986/1556/1502 985/1547/1493
f 1006/1557/1503 1005/1558/1504 990/1559/1505
f 990/1559/1505 1005/1558/1504 1004/1560/1506
f 990/1559/1505 1004/1560/1506 1003/1561/1507
f 1002/1562/1508 978/1563/1509 1003/1561/1507
f 1003/1561/1507 978/1563/1509 977/1564/1510
f 1003/1561/1507 977/1564/1510 990/1559/1505
f 990/1559/1505 977/1564/1510 973/1565/1511
f 973/1565/1511 977/1564/1510 976/1566/1512
f 973/1565/1511 976/1566/1512 975/1567/1513
f 978/1563/1509 1002/1562/1508 979/1568/1514
f 979/1568/1514 1002/1562/1508 1001/1569/1515
f 979/1568/1514 1001/1569/1515 980/1570/1516
f 980/1570/1516 1001/1569/1515 1000/1571/1517
f 980/1570/1516 1000/1571/1517 999/1572/1518
f 980/1570/1516 999/1572/1518 981/1573/1519
f 981/1573/1519 999/1572/1518 1195/1574/1520
f 981/1573/1519 1195/1574/1520 1196/1575/1521
f 975/1567/1513 974/1576/1522 973/1565/1511
f 998/1577/1523 1017/1578/1524 999/1579/1525
f 999/1579/1525 1017/1578/1524 1016/1580/1526
f 999/1579/1525 1016/1580/1526 1195/1581/1527
f 1195/1581/1527 1016/1580/1526 1193/1582/1528
f 1017/1578/1524 998/1577/1523 1018/1583/1529
f 1018/1583/1529 998/1577/1523 997/1584/1530
f 1018/1583/1529 997/1584/1530 1019/1585/1531
f 1019/1585/1531 997/1584/1530 996/1586/1532
f 1019/1585/1531 996/1586/1532 1020/1587/1533
f 1020/1587/1533 996/1586/1532 995/1588/1534
f 1020/1587/1533 995/1588/1534 1007/1589/1535
f 1007/1589/1535 995/1588/1534 991/1590/1536
f 991/1590/1536 995/1588/1534 994/1591/1537
f 991/1590/1536 994/1591/1537 993/1592/1538
f 993/1592/1538 992/1593/1539 991/1590/1536
f 1023/1594/1540 1022/1595/1541 1007/1589/1535
f 1007/1589/1535 1022/1595/1541 1021/1596/1542
f 1007/1589/1535 1021/1596/1542 1020/1587/1533
f 1176/1597/1543 1196/1598/1544 1157/1599/1545
f 1157/1599/1545 1196/1598/1544 1195/1600/1546
f 788/1601/1339 1122/1602/1341 789/1603/1547
f 789/1603/1547 1122/1602/1341 1183/1604/1548
f 789/1603/1547 1183/1604/1548 1182/1605/1549
f 789/1603/1547 1182/1605/1549 790/1606/1550
f 790/1606/1550 1182/1605/1549 1181/1607/1551
f 790/1606/1550 1181/1607/1551 791/1608/1552
f 791/1608/1552 1181/1607/1551 792/1609/1553
f 792/1609/1553 1181/1607/1551 1180/1610/1554
f 792/1609/1553 1180/1610/1554 793/1611/1555
f 793/1611/1555 1180/1610/1554 1179/1612/1556
f 793/1611/1555 1179/1612/1556 1178/1613/1557
f 793/1611/1555 1178/1613/1557 794/1614/1558
f 794/1614/1558 1178/1613/1557 1177/1615/1559
f 794/1614/1558 1177/1615/1559 795/1616/1560
f 795/1616/1560 1177/1615/1559 796/1617/1561
f 796/1617/1561 1177/1615/1559 1175/1618/1562
f 796/1617/1561 1175/1618/1562 807/1619/1563
f 807/1619/1563 1175/1618/1562 1174/1620/1564
f 807/1619/1563 1174/1620/1564 1173/1621/1565
f 807/1619/1563 1173/1621/1565 808/1622/1566
f 808/1622/1566 1173/1621/1565 1172/1623/1567
f 808/1622/1566 1172/1623/1567 809/1624/1568
f 809/1624/1568 1172/1623/1567 810/1625/1569
f 810/1625/1569 1172/1623/1567 1171/1626/1570
f 810/1625/1569 1171/1626/1570 811/1627/1571
f 811/1627/1571 1171/1626/1570 1170/1628/1572
f 811/1627/1571 1170/1628/1572 1169/1629/1573
f 811/1627/1571 1169/1629/1573 812/1630/1574
f 812/1630/1574 1169/1629/1573 1168/1631/1575
f 812/1630/1574 1168/1631/1575 813/1632/1576
f 813/1632/1576 1168/1631/1575 814/1633/1577
f 814/1633/1577 1168/1631/1575 1167/1634/1578
f 798/1635/1579 814/1636/1577 1166/1637/1580
f 1166/1637/1580 814/1636/1577 1167/1638/1578
f 798/1639/1579 1166/1640/1580 799/1641/1581
f 799/1641/1581 1166/1640/1580 1165/1642/1582
f 799/1641/1581 1165/1642/1582 1164/1643/1583
f 799/1641/1581 1164/1643/1583 800/1644/1584
f 800/1644/1584 1164/1643/1583 1163/1645/1585
f 800/1644/1584 1163/1645/1585 801/1646/1586
f 801/1646/1586 1163/1645/1585 802/1647/1587
f 802/1647/1587 1163/1645/1585 1162/1648/1588
f 802/1647/1587 1162/1648/1588 803/1649/1589
f 803/1649/1589 1162/1648/1588 1161/1650/1590
f 803/1649/1589 1161/1650/1590 1160/1651/1591
f 803/1649/1589 1160/1651/1591 804/1652/1592
f 804/1652/1592 1160/1651/1591 1159/1653/1593
f 804/1652/1592 1159/1653/1593 805/1654/1594
f 805/1654/1594 1159/1653/1593 806/1655/1595
f 806/1655/1595 1159/1653/1593 1156/1656/1596
f 806/1655/1595 1156/1656/1596 815/1657/1597
f 815/1657/1597 1156/1656/1596 1155/1658/1598
f 815/1657/1597 1155/1658/1598 1154/1659/1599
f 815/1657/1597 1154/1659/1599 816/1660/1600
f 816/1660/1600 1154/1659/1599 1153/1661/1601
f 816/1660/1600 1153/1661/1601 817/1662/1602
f 817/1662/1602 1153/1661/1601 818/1663/1603
f 818/1663/1603 1153/1661/1601 1152/1664/1604
f 818/1663/1603 1152/1664/1604 819/1665/1605
f 819/1665/1605 1152/1664/1604 1151/1666/1606
f 819/1665/1605 1151/1666/1606 1150/1667/1607
f 819/1665/1605 1150/1667/1607 820/1668/1608
f 820/1668/1608 1150/1667/1607 1149/1669/1609
f 820/1668/1608 1149/1669/1609 821/1670/1610
f 821/1670/1610 1149/1669/1609 822/1671/1611
f 822/1671/1611 1149/1669/1609 1148/1672/1612
f 823/1673/1613 822/1674/1611 1147/1675/1614
f 1147/1675/1614 822/1674/1611 1148/1676/1612
f 823/1677/1613 1147/1678/1614 824/1679/1615
f 824/1679/1615 1147/1678/1614 1146/1680/1616
f 824/1679/1615 1146/1680/1616 1145/1681/1617
f 824/1679/1615 1145/1681/1617 825/1682/1618
f 825/1682/1618 1145/1681/1617 1144/1683/1619
f 825/1682/1618 1144/1683/1619 826/1684/1620
f 826/1684/1620 1144/1683/1619 827/1685/1621
f 827/1685/1621 1144/1683/1619 1143/1686/1622
f 827/1685/1621 1143/1686/1622 828/1687/1623
f 828/1687/1623 1143/1686/1622 1142/1688/1624
f 828/1687/1623 1142/1688/1624 1141/1689/1625
f 828/1687/1623 1141/1689/1625 829/1690/1626
f 829/1690/1626 1141/1689/1625 1140/1691/1627
f 829/1690/1626 1140/1691/1627 830/1692/1628
f 830/1692/1628 1140/1691/1627 762/1693/1629
f 762/1693/1629 1140/1691/1627 1139/1694/1630
f 762/1693/1629 1139/1694/1630 763/1695/1631
f 763/1695/1631 1139/1694/1630 1192/1696/1632
f 763/1695/1631 1192/1696/1632 1191/1697/1633
f 763/1695/1631 1191/1697/1633 764/1698/1634
f 764/1698/1634 1191/1697/1633 1190/1699/1635
f 764/1698/1634 1190/1699/1635 765/1700/1636
f 765/1700/1636 1190/1699/1635 766/1701/1637
f 766/1701/1637 1190/1699/1635 1189/1702/1638
f 766/1701/1637 1189/1702/1638 767/1703/1639
f 767/1703/1639 1189/1702/1638 1188/1704/1640
f 767/1703/1639 1188/1704/1640 1187/1705/1641
f 767/1703/1639 1187/1705/1641 768/1706/1642
f 768/1706/1642 1187/1705/1641 1186/1707/1643
f 768/1706/1642 1186/1707/1643 769/1708/1644
f 769/1708/1644 1186/1707/1643 770/1709/1645
f 770/1709/1645 1186/1707/1643 1185/1710/1646
f 771/1711/1343 770/1712/1645 1123/1713/1344
f 1123/1713/1344 770/1712/1645 1185/1714/1646
f 1184/1715/1647 1194/1716/1648 1176/1717/1649
f 1176/1717/1649 1194/1716/1648 1196/1718/1650
f 396/1719/1651 1197/1720/1652 1204/1721/1653
f 1204/1721/1653 1197/1720/1652 1198/1722/1654
f 1204/1721/1653 1198/1722/1654 1205/1723/1655
f 1205/1723/1655 1198/1722/1654 1199/1724/1656
f 1205/1723/1655 1199/1724/1656 1206/1725/1657
f 1206/1725/1657 1199/1724/1656 1200/1726/1658
f 1206/1725/1657 1200/1726/1658 1207/1727/1659
f 1207/1727/1659 1200/1726/1658 1201/1728/1660
f 1207/1727/1659 1201/1728/1660 1208/1729/1661
f 1208/1729/1661 1201/1728/1660 1202/1730/1662
f 1208/1729/1661 1202/1730/1662 1203/1731/1663
f 1203/1731/1663 402/1732/1664 1208/1729/1661
f 1208/1729/1661 402/1732/1664 401/1733/1665
f 1208/1729/1661 401/1733/1665 1207/1727/1659
f 1207/1727/1659 401/1733/1665 400/1734/1666
f 1207/1727/1659 400/1734/1666 1206/1725/1657
f 1206/1725/1657 400/1734/1666 399/1735/1667
f 1206/1725/1657 399/1735/1667 1205/1723/1655
f 1205/1723/1655 399/1735/1667 398/1736/1668
f 1205/1723/1655 398/1736/1668 1204/1721/1653
f 1204/1721/1653 398/1736/1668 397/1737/1669
f 1204/1721/1653 397/1737/1669 396/1719/1651
f 402/1738/1664 1203/1739/1663 403/1740/1670
f 403/1740/1670 1203/1739/1663 1209/1741/1671
f 403/1740/1670 1209/1741/1671 404/1742/1672
f 404/1742/1672 1209/1741/1671 1210/1743/1673
f 404/1742/1672 1210/1743/1673 405/1744/1674
f 405/1744/1674 1210/1743/1673 1211/1745/1675
f 405/1744/1674 1211/1745/1675 406/1746/1676
f 406/1746/1676 1211/1745/1675 1212/1747/1677
f 406/1746/1676 1212/1747/1677 407/1748/1678
f 407/1748/1678 1212/1747/1677 1213/1749/1679
f 407/1748/1678 1213/1749/1679 408/1750/1680
f 408/1750/1680 1213/1749/1679 1214/1751/1681
f 408/1750/1680 1214/1751/1681 409/1752/1682
f 409/1752/1682 1214/1751/1681 1215/1753/1683
f 409/1752/1682 1215/1753/1683 410/1754/1684
f 410/1754/1684 1215/1753/1683 1216/1755/1685
f 410/1754/1684 1216/1755/1685 411/1756/1686
f 411/1756/1686 1216/1755/1685 1217/1757/1687
f 411/1756/1686 1217/1757/1687 412/1758/1688
f 412/1758/1688 1217/1757/1687 1218/1759/1689
f 412/1758/1688 1218/1759/1689 413/1760/1690
f 413/1760/1690 1218/1759/1689 1219/1761/1691
f 413/1760/1690 1219/1761/1691 414/1762/1692
f 414/1762/1692 1219/1761/1691 1220/1763/1693
f 414/1762/1692 1220/1763/1693 415/1764/1694
f 415/1764/1694 1220/1763/1693 1221/1765/1695
f 415/1764/1694 1221/1765/1695 416/1766/1696
f 416/1766/1696 1221/1765/1695 1222/1767/1697
f 416/1766/1696 1222/1767/1697 417/1768/1698
f 417/1768/1698 1222/1767/1697 1223/1769/1699
f 417/1768/1698 1223/1769/1699 418/1770/1700
f 418/1770/1700 1223/1769/1699 1224/1771/1701
f 418/1770/1700 1224/1771/1701 419/1772/1702
f 419/1772/1702 1224/1771/1701 1225/1773/1703
f 387/1774/1704 1226/1775/1705 1233/1776/1706
f 1233/1776/1706 1226/1775/1705 1227/1777/1707
f 1233/1776/1706 1227/1777/1707 1234/1778/1708
f 1234/1778/1708 1227/1777/1707 1228/1779/1709
f 1234/1778/1708 1228/1779/1709 1235/1780/1710
f 1235/1780/1710 1228/1779/1709 1229/1781/1711
f 1235/1780/1710 1229/1781/1711 1236/1782/1712
f 1236/1782/1712 1229/1781/1711 1230/1783/1713
f 1236/1782/1712 1230/1783/1713 1237/1784/1714
f 1237/1784/1714 1230/1783/1713 1231/1785/1715
f 1237/1784/1714 1231/1785/1715 1232/1786/1716
f 1232/1786/1716 393/1787/1717 1237/1784/1714
f 1237/1784/1714 393/1787/1717 392/1788/1718
f 1237/1784/1714 392/1788/1718 1236/1782/1712
f 1236/1782/1712 392/1788/1718 391/1789/1719
f 1236/1782/1712 391/1789/1719 1235/1780/1710
f 1235/1780/1710 391/1789/1719 390/1790/1720
f 1235/1780/1710 390/1790/1720 1234/1778/1708
f 1234/1778/1708 390/1790/1720 389/1791/1721
f 1234/1778/1708 389/1791/1721 1233/1776/1706
f 1233/1776/1706 389/1791/1721 388/1792/1722
f 1233/1776/1706 388/1792/1722 387/1774/1704
f 1197/1793/1652 396/1794/1651 1239/1795/1723
f 1239/1795/1723 396/1794/1651 395/1796/1724
f 1239/1795/1723 395/1796/1724 1238/1797/1725
f 1238/1797/1725 395/1796/1724 394/1798/1726
f 1238/1797/1725 394/1798/1726 1232/1799/1716
f 1232/1799/1716 394/1798/1726 393/1800/1717
f 356/1801/1727 1240/1802/1728 1247/1803/1729
f 1247/1803/1729 1240/1802/1728 1241/1804/1730
f 1247/1803/1729 1241/1804/1730 1248/1805/1731
f 1248/1805/1731 1241/1804/1730 1242/1806/1732
f 1248/1805/1731 1242/1806/1732 1249/1807/1733
f 1249/1807/1733 1242/1806/1732 1243/1808/1734
f 1249/1807/1733 1243/1808/1734 1250/1809/1735
f 1250/1809/1735 1243/1808/1734 1244/1810/1736
f 1250/1809/1735 1244/1810/1736 1251/1811/1737
f 1251/1811/1737 1244/1810/1736 1245/1812/1738
f 1251/1811/1737 1245/1812/1738 1246/1813/1739
f 1246/1813/1739 362/1814/1740 1251/1811/1737
f 1251/1811/1737 362/1814/1740 361/1815/1741
f 1251/1811/1737 361/1815/1741 1250/1809/1735
f 1250/1809/1735 361/1815/1741 360/1816/1742
f 1250/1809/1735 360/1816/1742 1249/1807/1733
f 1249/1807/1733 360/1816/1742 359/1817/1743
f 1249/1807/1733 359/1817/1743 1248/1805/1731
f 1248/1805/1731 359/1817/1743 358/1818/1744
f 1248/1805/1731 358/1818/1744 1247/1803/1729
f 1247/1803/1729 358/1818/1744 357/1819/1745
f 1247/1803/1729 357/1819/1745 356/1801/1727
f 1226/1820/1705 387/1821/1704 1275/1822/1746
f 1275/1822/1746 387/1821/1704 386/1823/1747
f 1275/1822/1746 386/1823/1747 1274/1824/1748
f 1274/1824/1748 386/1823/1747 385/1825/1749
f 1274/1824/1748 385/1825/1749 1273/1826/1750
f 1273/1826/1750 385/1825/1749 384/1827/1751
f 1273/1826/1750 384/1827/1751 1272/1828/1752
f 1272/1828/1752 384/1827/1751 383/1829/1753
f 1272/1828/1752 383/1829/1753 1271/1830/1754
f 1271/1830/1754 383/1829/1753 382/1831/1755
f 1271/1830/1754 382/1831/1755 1270/1832/1756
f 1270/1832/1756 382/1831/1755 381/1833/1757
f 1270/1832/1756 381/1833/1757 1269/1834/1758
f 1269/1834/1758 381/1833/1757 380/1835/1759
f 1269/1834/1758 380/1835/1759 1268/1836/1760
f 1268/1836/1760 380/1835/1759 379/1837/1761
f 1268/1836/1760 379/1837/1761 1267/1838/1762
f 1267/1838/1762 379/1837/1761 378/1839/1763
f 1267/1838/1762 378/1839/1763 1266/1840/1764
f 1266/1840/1764 378/1839/1763 377/1841/1765
f 1266/1840/1764 377/1841/1765 1265/1842/1766
f 1265/1842/1766 377/1841/1765 376/1843/1767
f 1265/1842/1766 376/1843/1767 1264/1844/1768
f 1264/1844/1768 376/1843/1767 375/1845/1769
f 1264/1844/1768 375/1845/1769 1263/1846/1770
f 1263/1846/1770 375/1845/1769 374/1847/1771
f 1263/1846/1770 374/1847/1771 1262/1848/1772
f 1262/1848/1772 374/1847/1771 373/1849/1773
f 1262/1848/1772 373/1849/1773 1261/1850/1774
f 1261/1850/1774 373/1849/1773 372/1851/1775
f 1261/1850/1774 372/1851/1775 1260/1852/1776
f 1260/1852/1776 372/1851/1775 371/1853/1777
f 1260/1852/1776 371/1853/1777 1259/1854/1778
f 1259/1854/1778 371/1853/1777 370/1855/1779
f 1259/1854/1778 370/1855/1779 1258/1856/1780
f 1258/1856/1780 370/1855/1779 369/1857/1781
f 1258/1856/1780 369/1857/1781 1257/1858/1782
f 1257/1858/1782 369/1857/1781 368/1859/1783
f 1257/1858/1782 368/1859/1783 1256/1860/1784
f 1256/1860/1784 368/1859/1783 367/1861/1785
f 1256/1860/1784 367/1861/1785 1255/1862/1786
f 1255/1862/1786 367/1861/1785 366/1863/1787
f 1255/1862/1786 366/1863/1787 1254/1864/1788
f 1254/1864/1788 366/1863/1787 365/1865/1789
f 1254/1864/1788 365/1865/1789 1253/1866/1790
f 1253/1866/1790 365/1865/1789 364/1867/1791
f 1253/1866/1790 364/1867/1791 1252/1868/1792
f 1252/1868/1792 364/1867/1791 363/1869/1793
f 1252/1868/1792 363/1869/1793 1246/1870/1739
f 1246/1870/1739 363/1869/1793 362/1871/1740
f 347/1872/1794 1276/1873/1795 1283/1874/1796
f 1283/1874/1796 1276/1873/1795 1277/1875/1797
f 1283/1874/1796 1277/1875/1797 1284/1876/1798
f 1284/1876/1798 1277/1875/1797 1278/1877/1799
f 1284/1876/1798 1278/1877/1799 1285/1878/1800
f 1285/1878/1800 1278/1877/1799 1279/1879/1801
f 1285/1878/1800 1279/1879/1801 1286/1880/1802
f 1286/1880/1802 1279/1879/1801 1280/1881/1803
f 1286/1880/1802 1280/1881/1803 1287/1882/1804
f 1287/1882/1804 1280/1881/1803 1281/1883/1805
f 1287/1882/1804 1281/1883/1805 1282/1884/1806
f 1282/1884/1806 353/1885/1807 1287/1882/1804
f 1287/1882/1804 353/1885/1807 352/1886/1808
f 1287/1882/1804 352/1886/1808 1286/1880/1802
f 1286/1880/1802 352/1886/1808 351/1887/1809
f 1286/1880/1802 351/1887/1809 1285/1878/1800
f 1285/1878/1800 351/1887/1809 350/1888/1810
f 1285/1878/1800 350/1888/1810 1284/1876/1798
f 1284/1876/1798 350/1888/1810 349/1889/1811
f 1284/1876/1798 349/1889/1811 1283/1874/1796
f 1283/1874/1796 349/1889/1811 348/1890/1812
f 1283/1874/1796 348/1890/1812 347/1872/1794
f 1240/1891/1728 356/1892/1727 1289/1893/1813
f 1289/1893/1813 356/1892/1727 355/1894/1814
f 1289/1893/1813 355/1894/1814 1288/1895/1815
f 1288/1895/1815 355/1894/1814 354/1896/1816
f 1288/1895/1815 354/1896/1816 1282/1897/1806
f 1282/1897/1806 354/1896/1816 353/1898/1807
f 330/1899/1817 329/1900/1818 1291/1901/1819
f 1291/1901/1819 329/1900/1818 1290/1902/1820
f 1276/1903/1795 347/1904/1794 1307/1905/1821
f 1307/1905/1821 347/1904/1794 346/1906/1822
f 1307/1905/1821 346/1906/1822 1306/1907/1823
f 1306/1907/1823 346/1906/1822 345/1908/1824
f 1306/1907/1823 345/1908/1824 1305/1909/1825
f 1305/1909/1825 345/1908/1824 344/1910/1826
f 1305/1909/1825 344/1910/1826 1304/1911/1827
f 1304/1911/1827 344/1910/1826 343/1912/1828
f 1304/1911/1827 343/1912/1828 1303/1913/1829
f 1303/1913/1829 343/1912/1828 342/1914/1830
f 1303/1913/1829 342/1914/1830 1302/1915/1831
f 1302/1915/1831 342/1914/1830 341/1916/1832
f 1302/1915/1831 341/1916/1832 1301/1917/1833
f 1301/1917/1833 341/1916/1832 340/1918/1834
f 1301/1917/1833 340/1918/1834 1300/1919/1835
f 1300/1919/1835 340/1918/1834 339/1920/1836
f 1300/1919/1835 339/1920/1836 1299/1921/1837
f 1299/1921/1837 339/1920/1836 338/1922/1838
f 1299/1921/1837 338/1922/1838 1298/1923/1839
f 1298/1923/1839 338/1922/1838 337/1924/1840
f 1298/1923/1839 337/1924/1840 1297/1925/1841
f 1297/1925/1841 337/1924/1840 336/1926/1842
f 1297/1925/1841 336/1926/1842 1296/1927/1843
f 1296/1927/1843 336/1926/1842 335/1928/1844
f 1296/1927/1843 335/1928/1844 1295/1929/1845
f 1295/1929/1845 335/1928/1844 334/1930/1846
f 1295/1929/1845 334/1930/1846 1294/1931/1847
f 1294/1931/1847 334/1930/1846 333/1932/1848
f 1294/1931/1847 333/1932/1848 1293/1933/1849
f 1293/1933/1849 333/1932/1848 332/1934/1850
f 1293/1933/1849 332/1934/1850 1292/1935/1851
f 1292/1935/1851 332/1934/1850 331/1936/1852
f 1292/1935/1851 331/1936/1852 1291/1937/1819
f 1291/1937/1819 331/1936/1852 330/1938/1817
f 420/1939/1853 419/1940/1702 1308/1941/1854
f 1308/1941/1854 419/1940/1702 1225/1942/1703
f 162/1943/1855 1331/1944/1856 117/1945/1857
f 117/1945/1857 1331/1944/1856 1332/1946/1858
f 117/1947/1857 1332/1948/1858 118/1949/1859
f 118/1949/1859 1332/1948/1858 1333/1950/1860
f 118/1949/1859 1333/1950/1860 119/1951/1861
f 119/1951/1861 1333/1950/1860 1334/1952/1862
f 119/1951/1861 1334/1952/1862 120/1953/1863
f 120/1953/1863 1334/1952/1862 1335/1954/1864
f 120/1953/1863 1335/1954/1864 121/1955/1865
f 121/1955/1865 1335/1954/1864 1336/1956/1866
f 121/1955/1865 1336/1956/1866 122/1957/1867
f 122/1957/1867 1336/1956/1866 1337/1958/1868
f 122/1957/1867 1337/1958/1868 123/1959/1869
f 123/1959/1869 1337/1958/1868 1338/1960/1870
f 123/1959/1869 1338/1960/1870 124/1961/1871
f 124/1961/1871 1338/1960/1870 1339/1962/1872
f 124/1961/1871 1339/1962/1872 125/1963/1873
f 125/1963/1873 1339/1962/1872 1340/1964/1874
f 125/1963/1873 1340/1964/1874 126/1965/1875
f 126/1965/1875 1340/1964/1874 1341/1966/1876
f 126/1965/1875 1341/1966/1876 127/1967/1877
f 127/1967/1877 1341/1966/1876 1342/1968/1878
f 127/1967/1877 1342/1968/1878 128/1969/1879
f 128/1969/1879 1342/1968/1878 1343/1970/1880
f 128/1969/1879 1343/1970/1880 129/1971/1881
f 129/1971/1881 1343/1970/1880 1344/1972/1882
f 129/1971/1881 1344/1972/1882 130/1973/1883
f 130/1973/1883 1344/1972/1882 1345/1974/1884
f 130/1973/1883 1345/1974/1884 131/1975/1885
f 131/1975/1885 1345/1974/1884 1346/1976/1886
f 131/1975/1885 1346/1976/1886 132/1977/1887
f 132/1977/1887 1346/1976/1886 1347/1978/1888
f 132/1977/1887 1347/1978/1888 133/1979/1889
f 133/1979/1889 1347/1978/1888 1348/1980/1890
f 133/1979/1889 1348/1980/1890 134/1981/1891
f 134/1981/1891 1348/1980/1890 1349/1982/1892
f 134/1981/1891 1349/1982/1892 135/1983/1893
f 135/1983/1893 1349/1982/1892 1350/1984/1894
f 135/1983/1893 1350/1984/1894 136/1985/1895
f 136/1985/1895 1350/1984/1894 1351/1986/1896
f 136/1985/1895 1351/1986/1896 137/1987/1897
f 137/1987/1897 1351/1986/1896 1352/1988/1898
f 137/1987/1897 1352/1988/1898 138/1989/1899
f 138/1989/1899 1352/1988/1898 1353/1990/1900
f 138/1989/1899 1353/1990/1900 139/1991/1901
f 139/1991/1901 1353/1990/1900 1354/1992/1902
f 139/1991/1901 1354/1992/1902 140/1993/1903
f 140/1993/1903 1354/1992/1902 1309/1994/1904
f 140/1993/1903 1309/1994/1904 141/1995/1905
f 141/1995/1905 1309/1994/1904 1310/1996/1906
f 141/1995/1905 1310/1996/1906 142/1997/1907
f 142/1997/1907 1310/1996/1906 1311/1998/1908
f 142/1997/1907 1311/1998/1908 143/1999/1909
f 143/1999/1909 1311/1998/1908 1312/2000/1910
f 143/1999/1909 1312/2000/1910 144/2001/1911
f 144/2001/1911 1312/2000/1910 1313/2002/1912
f 144/2001/1911 1313/2002/1912 145/2003/1913
f 145/2003/1913 1313/2002/1912 1314/2004/1914
f 145/2003/1913 1314/2004/1914 146/2005/1915
f 146/2005/1915 1314/2004/1914 1315/2006/1916
f 146/2005/1915 1315/2006/1916 147/2007/1917
f 147/2007/1917 1315/2006/1916 1316/2008/1918
f 147/2007/1917 1316/2008/1918 148/2009/1919
f 148/2009/1919 1316/2008/1918 1317/2010/1920
f 148/2009/1919 1317/2010/1920 149/2011/1921
f 149/2011/1921 1317/2010/1920 1318/2012/1922
f 149/2011/1921 1318/2012/1922 150/2013/1923
f 150/2013/1923 1318/2012/1922 1319/2014/1924
f 150/2013/1923 1319/2014/1924 151/2015/1925
f 151/2015/1925 1319/2014/1924 1320/2016/1926
f 151/2015/1925 1320/2016/1926 152/2017/1927
f 152/2017/1927 1320/2016/1926 1321/2018/1928
f 152/2017/1927 1321/2018/1928 153/2019/1929
f 153/2019/1929 1321/2018/1928 1322/2020/1930
f 153/2019/1929 1322/2020/1930 154/2021/1931
f 154/2021/1931 1322/2020/1930 1323/2022/1932
f 154/2021/1931 1323/2022/1932 155/2023/1933
f 155/2023/1933 1323/2022/1932 1324/2024/1934
f 155/2023/1933 1324/2024/1934 156/2025/1935
f 156/2025/1935 1324/2024/1934 1325/2026/1936
f 156/2025/1935 1325/2026/1936 157/2027/1937
f 157/2027/1937 1325/2026/1936 1326/2028/1938
f 157/2027/1937 1326/2028/1938 158/2029/1939
f 158/2029/1939 1326/2028/1938 1327/2030/1940
f 158/2029/1939 1327/2030/1940 159/2031/1941
f 159/2031/1941 1327/2030/1940 1328/2032/1942
f 159/2031/1941 1328/2032/1942 160/2033/1943
f 160/2033/1943 1328/2032/1942 1329/2034/1944
f 160/2033/1943 1329/2034/1944 161/2035/1945
f 161/2035/1945 1329/2034/1944 1330/2036/1946
f 161/2035/1945 1330/2036/1946 162/1943/1855
f 162/1943/1855 1330/2036/1946 1331/1944/1856
f 198/2037/1947 1392/2038/1948 163/2039/1949
f 163/2039/1949 1392/2038/1948 1391/2040/1950
f 163/2041/1949 1391/2042/1950 164/2043/1951
f 164/2043/1951 1391/2042/1950 1426/2044/1952
f 164/2043/1951 1426/2044/1952 165/2045/1953
f 165/2045/1953 1426/2044/1952 1425/2046/1954
f 165/2045/1953 1425/2046/1954 166/2047/1955
f 166/2047/1955 1425/2046/1954 1424/2048/1956
f 166/2047/1955 1424/2048/1956 167/2049/1957
f 167/2049/1957 1424/2048/1956 1423/2050/1958
f 167/2049/1957 1423/2050/1958 168/2051/1959
f 168/2051/1959 1423/2050/1958 1422/2052/1960
f 168/2051/1959 1422/2052/1960 169/2053/1961
f 169/2053/1961 1422/2052/1960 1421/2054/1962
f 169/2053/1961 1421/2054/1962 170/2055/1963
f 170/2055/1963 1421/2054/1962 1420/2056/1964
f 170/2055/1963 1420/2056/1964 171/2057/1965
f 171/2057/1965 1420/2056/1964 1419/2058/1966
f 171/2057/1965 1419/2058/1966 172/2059/1967
f 172/2059/1967 1419/2058/1966 1418/2060/1968
f 172/2059/1967 1418/2060/1968 173/2061/1969
f 173/2061/1969 1418/2060/1968 1417/2062/1970
f 173/2061/1969 1417/2062/1970 174/2063/1971
f 174/2063/1971 1417/2062/1970 1416/2064/1972
f 174/2063/1971 1416/2064/1972 175/2065/1973
f 175/2065/1973 1416/2064/1972 1415/2066/1974
f 175/2065/1973 1415/2066/1974 176/2067/1975
f 176/2067/1975 1415/2066/1974 1414/2068/1976
f 176/2067/1975 1414/2068/1976 177/2069/1977
f 177/2069/1977 1414/2068/1976 1413/2070/1978
f 177/2069/1977 1413/2070/1978 178/2071/1979
f 178/2071/1979 1413/2070/1978 1412/2072/1980
f 178/2071/1979 1412/2072/1980 179/2073/1981
f 179/2073/1981 1412/2072/1980 1411/2074/1982
f 179/2073/1981 1411/2074/1982 180/2075/1983
f 180/2075/1983 1411/2074/1982 1410/2076/1984
f 180/2075/1983 1410/2076/1984 181/2077/1985
f 181/2077/1985 1410/2076/1984 1409/2078/1986
f 181/2077/1985 1409/2078/1986 182/2079/1987
f 182/2079/1987 1409/2078/1986 1408/2080/1988
f 182/2079/1987 1408/2080/1988 183/2081/1989
f 183/2081/1989 1408/2080/1988 1407/2082/1990
f 183/2081/1989 1407/2082/1990 184/2083/1991
f 184/2083/1991 1407/2082/1990 1406/2084/1992
f 184/2083/1991 1406/2084/1992 185/2085/1993
f 185/2085/1993 1406/2084/1992 1405/2086/1994
f 185/2085/1993 1405/2086/1994 186/2087/1995
f 186/2087/1995 1405/2086/1994 1404/2088/1996
f 186/2087/1995 1404/2088/1996 187/2089/1997
f 187/2089/1997 1404/2088/1996 1403/2090/1998
f 187/2089/1997 1403/2090/1998 188/2091/1999
f 188/2091/1999 1403/2090/1998 1402/2092/2000
f 188/2091/1999 1402/2092/2000 189/2093/2001
f 189/2093/2001 1402/2092/2000 1401/2094/2002
f 189/2093/2001 1401/2094/2002 190/2095/2003
f 190/2095/2003 1401/2094/2002 1400/2096/2004
f 190/2095/2003 1400/2096/2004 191/2097/2005
f 191/2097/2005 1400/2096/2004 1399/2098/2006
f 191/2097/2005 1399/2098/2006 192/2099/2007
f 192/2099/2007 1399/2098/2006 1398/2100/2008
f 192/2099/2007 1398/2100/2008 193/2101/2009
f 193/2101/2009 1398/2100/2008 1397/2102/2010
f 193/2101/2009 1397/2102/2010 194/2103/2011
f 194/2103/2011 1397/2102/2010 1396/2104/2012
f 194/2103/2011 1396/2104/2012 195/2105/2013
f 195/2105/2013 1396/2104/2012 1395/2106/2014
f 195/2105/2013 1395/2106/2014 196/2107/2015
f 196/2107/2015 1395/2106/2014 1394/2108/2016
f 196/2107/2015 1394/2108/2016 197/2109/2017
f 197/2109/2017 1394/2108/2016 1393/2110/2018
f 197/2109/2017 1393/2110/2018 198/2037/1947
f 198/2037/1947 1393/2110/2018 1392/2038/1948
f 1356/2111/2019 1417/2062/1970 1355/2112/2020
f 1355/2112/2020 1417/2062/1970 1418/2060/1968
f 1355/2112/2020 1418/2060/1968 1390/2113/2021
f 1390/2113/2021 1418/2060/1968 1419/2058/1966
f 1390/2113/2021 1419/2058/1966 1389/2114/2022
f 1389/2114/2022 1419/2058/1966 1420/2056/1964
f 1389/2114/2022 1420/2056/1964 1388/2115/2023
f 1388/2115/2023 1420/2056/1964 1421/2054/1962
f 1388/2115/2023 1421/2054/1962 1387/2116/2024
f 1387/2116/2024 1421/2054/1962 1422/2052/1960
f 1387/2116/2024 1422/2052/1960 1386/2117/2025
f 1386/2117/2025 1422/2052/1960 1423/2050/1958
f 1386/2117/2025 1423/2050/1958 1385/2118/2026
f 1385/2118/2026 1423/2050/1958 1424/2048/1956
f 1385/2118/2026 1424/2048/1956 1384/2119/2027
f 1384/2119/2027 1424/2048/1956 1425/2046/1954
f 1384/2119/2027 1425/2046/1954 1383/2120/2028
f 1383/2120/2028 1425/2046/1954 1426/2044/1952
f 1383/2120/2028 1426/2044/1952 1382/2121/2029
f 1382/2121/2029 1426/2044/1952 1391/2042/1950
f 1382/2122/2029 1391/2040/1950 1381/2123/2030
f 1381/2123/2030 1391/2040/1950 1392/2038/1948
f 1381/2123/2030 1392/2038/1948 1380/2124/2031
f 1380/2124/2031 1392/2038/1948 1393/2110/2018
f 1380/2124/2031 1393/2110/2018 1379/2125/2032
f 1379/2125/2032 1393/2110/2018 1394/2108/2016
f 1379/2125/2032 1394/2108/2016 1378/2126/2033
f 1378/2126/2033 1394/2108/2016 1395/2106/2014
f 1378/2126/2033 1395/2106/2014 1377/2127/2034
f 1377/2127/2034 1395/2106/2014 1396/2104/2012
f 1377/2127/2034 1396/2104/2012 1376/2128/2035
f 1376/2128/2035 1396/2104/2012 1397/2102/2010
f 1376/2128/2035 1397/2102/2010 1375/2129/2036
f 1375/2129/2036 1397/2102/2010 1398/2100/2008
f 1375/2129/2036 1398/2100/2008 1374/2130/2037
f 1374/2130/2037 1398/2100/2008 1399/2098/2006
f 1374/2130/2037 1399/2098/2006 1373/2131/2038
f 1373/2131/2038 1399/2098/2006 1400/2096/2004
f 1373/2131/2038 1400/2096/2004 1372/2132/2039
f 1372/2132/2039 1400/2096/2004 1401/2094/2002
f 1372/2132/2039 1401/2094/2002 1371/2133/2040
f 1371/2133/2040 1401/2094/2002 1402/2092/2000
f 1371/2133/2040 1402/2092/2000 1370/2134/2041
f 1370/2134/2041 1402/2092/2000 1403/2090/1998
f 1370/2134/2041 1403/2090/1998 1369/2135/2042
f 1369/2135/2042 1403/2090/1998 1404/2088/1996
f 1369/2135/2042 1404/2088/1996 1368/2136/2043
f 1368/2136/2043 1404/2088/1996 1405/2086/1994
f 1368/2136/2043 1405/2086/1994 1367/2137/2044
f 1367/2137/2044 1405/2086/1994 1406/2084/1992
f 1367/2137/2044 1406/2084/1992 1366/2138/2045
f 1366/2138/2045 1406/2084/1992 1407/2082/1990
f 1366/2138/2045 1407/2082/1990 1365/2139/2046
f 1365/2139/2046 1407/2082/1990 1408/2080/1988
f 1365/2139/2046 1408/2080/1988 1364/2140/2047
f 1364/2140/2047 1408/2080/1988 1409/2078/1986
f 1364/2140/2047 1409/2078/1986 1363/2141/2048
f 1363/2141/2048 1409/2078/1986 1410/2076/1984
f 1363/2141/2048 1410/2076/1984 1362/2142/2049
f 1362/2142/2049 1410/2076/1984 1411/2074/1982
f 1362/2142/2049 1411/2074/1982 1361/2143/2050
f 1361/2143/2050 1411/2074/1982 1412/2072/1980
f 1361/2143/2050 1412/2072/1980 1360/2144/2051
f 1360/2144/2051 1412/2072/1980 1413/2070/1978
f 1360/2144/2051 1413/2070/1978 1359/2145/2052
f 1359/2145/2052 1413/2070/1978 1414/2068/1976
f 1359/2145/2052 1414/2068/1976 1358/2146/2053
f 1358/2146/2053 1414/2068/1976 1415/2066/1974
f 1358/2146/2053 1415/2066/1974 1357/2147/2054
f 1357/2147/2054 1415/2066/1974 1416/2064/1972
f 1357/2147/2054 1416/2064/1972 1356/2111/2019
f 1356/2111/2019 1416/2064/1972 1417/2062/1970
f 234/2148/2055 1464/2149/2056 199/2150/2057
f 199/2150/2057 1464/2149/2056 1463/2151/2058
f 199/2152/2057 1463/2153/2058 200/2154/2059
f 200/2154/2059 1463/2153/2058 1498/2155/2060
f 200/2154/2059 1498/2155/2060 201/2156/2061
f 201/2156/2061 1498/2155/2060 1497/2157/2062
f 201/2156/2061 1497/2157/2062 202/2158/2063
f 202/2158/2063 1497/2157/2062 1496/2159/2064
f 202/2158/2063 1496/2159/2064 203/2160/2065
f 203/2160/2065 1496/2159/2064 1495/2161/2066
f 203/2160/2065 1495/2161/2066 204/2162/2067
f 204/2162/2067 1495/2161/2066 1494/2163/2068
f 204/2162/2067 1494/2163/2068 205/2164/2069
f 205/2164/2069 1494/2163/2068 1493/2165/2070
f 205/2164/2069 1493/2165/2070 206/2166/2071
f 206/2166/2071 1493/2165/2070 1492/2167/2072
f 206/2166/2071 1492/2167/2072 207/2168/2073
f 207/2168/2073 1492/2167/2072 1491/2169/2074
f 207/2168/2073 1491/2169/2074 208/2170/2075
f 208/2170/2075 1491/2169/2074 1490/2171/2076
f 208/2170/2075 1490/2171/2076 209/2172/2077
f 209/2172/2077 1490/2171/2076 1489/2173/2078
f 209/2172/2077 1489/2173/2078 210/2174/2079
f 210/2174/2079 1489/2173/2078 1488/2175/2080
f 210/2174/2079 1488/2175/2080 211/2176/2081
f 211/2176/2081 1488/2175/2080 1487/2177/2082
f 211/2176/2081 1487/2177/2082 212/2178/2083
f 212/2178/2083 1487/2177/2082 1486/2179/2084
f 212/2178/2083 1486/2179/2084 213/2180/2085
f 213/2180/2085 1486/2179/2084 1485/2181/2086
f 213/2180/2085 1485/2181/2086 214/2182/2087
f 214/2182/2087 1485/2181/2086 1484/2183/2088
f 214/2182/2087 1484/2183/2088 215/2184/2089
f 215/2184/2089 1484/2183/2088 1483/2185/2090
f 215/2184/2089 1483/2185/2090 216/2186/2091
f 216/2186/2091 1483/2185/2090 1482/2187/2092
f 216/2186/2091 1482/2187/2092 217/2188/2093
f 217/2188/2093 1482/2187/2092 1481/2189/2094
f 217/2188/2093 1481/2189/2094 218/2190/2095
f 218/2190/2095 1481/2189/2094 1480/2191/2096
f 218/2190/2095 1480/2191/2096 219/2192/2097
f 219/2192/2097 1480/2191/2096 1479/2193/2098
f 219/2192/2097 1479/2193/2098 220/2194/2099
f 220/2194/2099 1479/2193/2098 1478/2195/2100
f 220/2194/2099 1478/2195/2100 221/2196/2101
f 221/2196/2101 1478/2195/2100 1477/2197/2102
f 221/2196/2101 1477/2197/2102 222/2198/2103
f 222/2198/2103 1477/2197/2102 1476/2199/2104
f 222/2198/2103 1476/2199/2104 223/2200/2105
f 223/2200/2105 1476/2199/2104 1475/2201/2106
f 223/2200/2105 1475/2201/2106 224/2202/2107
f 224/2202/2107 1475/2201/2106 1474/2203/2108
f 224/2202/2107 1474/2203/2108 225/2204/2109
f 225/2204/2109 1474/2203/2108 1473/2205/2110
f 225/2204/2109 1473/2205/2110 226/2206/2111
f 226/2206/2111 1473/2205/2110 1472/2207/2112
f 226/2206/2111 1472/2207/2112 227/2208/2113
f 227/2208/2113 1472/2207/2112 1471/2209/2114
f 227/2208/2113 1471/2209/2114 228/2210/2115
f 228/2210/2115 1471/2209/2114 1470/2211/2116
f 228/2210/2115 1470/2211/2116 229/2212/2117
f 229/2212/2117 1470/2211/2116 1469/2213/2118
f 229/2212/2117 1469/2213/2118 230/2214/2119
f 230/2214/2119 1469/2213/2118 1468/2215/2120
f 230/2214/2119 1468/2215/2120 231/2216/2121
f 231/2216/2121 1468/2215/2120 1467/2217/2122
f 231/2216/2121 1467/2217/2122 232/2218/2123
f 232/2218/2123 1467/2217/2122 1466/2219/2124
f 232/2218/2123 1466/2219/2124 233/2220/2125
f 233/2220/2125 1466/2219/2124 1465/2221/2126
f 233/2220/2125 1465/2221/2126 234/2148/2055
f 234/2148/2055 1465/2221/2126 1464/2149/2056
f 1428/2222/2127 1480/2191/2096 1427/2223/2128
f 1427/2223/2128 1480/2191/2096 1481/2189/2094
f 1427/2223/2128 1481/2189/2094 1462/2224/2129
f 1462/2224/2129 1481/2189/2094 1482/2187/2092
f 1462/2224/2129 1482/2187/2092 1461/2225/2130
f 1461/2225/2130 1482/2187/2092 1483/2185/2090
f 1461/2225/2130 1483/2185/2090 1460/2226/2131
f 1460/2226/2131 1483/2185/2090 1484/2183/2088
f 1460/2226/2131 1484/2183/2088 1459/2227/2132
f 1459/2227/2132 1484/2183/2088 1485/2181/2086
f 1459/2227/2132 1485/2181/2086 1458/2228/2133
f 1458/2228/2133 1485/2181/2086 1486/2179/2084
f 1458/2228/2133 1486/2179/2084 1457/2229/2134
f 1457/2229/2134 1486/2179/2084 1487/2177/2082
f 1457/2229/2134 1487/2177/2082 1456/2230/2135
f 1456/2230/2135 1487/2177/2082 1488/2175/2080
f 1456/2230/2135 1488/2175/2080 1455/2231/2136
f 1455/2231/2136 1488/2175/2080 1489/2173/2078
f 1455/2231/2136 1489/2173/2078 1454/2232/2137
f 1454/2232/2137 1489/2173/2078 1490/2171/2076
f 1454/2232/2137 1490/2171/2076 1453/2233/2138
f 1453/2233/2138 1490/2171/2076 1491/2169/2074
f 1453/2233/2138 1491/2169/2074 1452/2234/2139
f 1452/2234/2139 1491/2169/2074 1492/2167/2072
f 1452/2234/2139 1492/2167/2072 1451/2235/2140
f 1451/2235/2140 1492/2167/2072 1493/2165/2070
f 1451/2235/2140 1493/2165/2070 1450/2236/2141
f 1450/2236/2141 1493/2165/2070 1494/2163/2068
f 1450/2236/2141 1494/2163/2068 1449/2237/2142
f 1449/2237/2142 1494/2163/2068 1495/2161/2066
f 1449/2237/2142 1495/2161/2066 1448/2238/2143
f 1448/2238/2143 1495/2161/2066 1496/2159/2064
f 1448/2238/2143 1496/2159/2064 1447/2239/2144
f 1447/2239/2144 1496/2159/2064 1497/2157/2062
f 1447/2239/2144 1497/2157/2062 1446/2240/2145
f 1446/2240/2145 1497/2157/2062 1498/2155/2060
f 1446/2240/2145 1498/2155/2060 1445/2241/2146
f 1445/2241/2146 1498/2155/2060 1463/2153/2058
f 1445/2242/2146 1463/2151/2058 1444/2243/2147
f 1444/2243/2147 1463/2151/2058 1464/2149/2056
f 1444/2243/2147 1464/2149/2056 1443/2244/2148
f 1443/2244/2148 1464/2149/2056 1465/2221/2126
f 1443/2244/2148 1465/2221/2126 1442/2245/2149
f 1442/2245/2149 1465/2221/2126 1466/2219/2124
f 1442/2245/2149 1466/2219/2124 1441/2246/2150
f 1441/2246/2150 1466/2219/2124 1467/2217/2122
f 1441/2246/2150 1467/2217/2122 1440/2247/2151
f 1440/2247/2151 1467/2217/2122 1468/2215/2120
f 1440/2247/2151 1468/2215/2120 1439/2248/2152
f 1439/2248/2152 1468/2215/2120 1469/2213/2118
f 1439/2248/2152 1469/2213/2118 1438/2249/2153
f 1438/2249/2153 1469/2213/2118 1470/2211/2116
f 1438/2249/2153 1470/2211/2116 1437/2250/2154
f 1437/2250/2154 1470/2211/2116 1471/2209/2114
f 1437/2250/2154 1471/2209/2114 1436/2251/2155
f 1436/2251/2155 1471/2209/2114 1472/2207/2112
f 1436/2251/2155 1472/2207/2112 1435/2252/2156
f 1435/2252/2156 1472/2207/2112 1473/2205/2110
f 1435/2252/2156 1473/2205/2110 1434/2253/2157
f 1434/2253/2157 1473/2205/2110 1474/2203/2108
f 1434/2253/2157 1474/2203/2108 1433/2254/2158
f 1433/2254/2158 1474/2203/2108 1475/2201/2106
f 1433/2254/2158 1475/2201/2106 1432/2255/2159
f 1432/2255/2159 1475/2201/2106 1476/2199/2104
f 1432/2255/2159 1476/2199/2104 1431/2256/2160
f 1431/2256/2160 1476/2199/2104 1477/2197/2102
f 1431/2256/2160 1477/2197/2102 1430/2257/2161
f 1430/2257/2161 1477/2197/2102 1478/2195/2100
f 1430/2257/2161 1478/2195/2100 1429/2258/2162
f 1429/2258/2162 1478/2195/2100 1479/2193/2098
f 1429/2258/2162 1479/2193/2098 1428/2222/2127
f 1428/2222/2127 1479/2193/2098 1480/2191/2096
f 270/2259/2163 1536/2260/2164 235/2261/2165
f 235/2261/2165 1536/2260/2164 1535/2262/2166
f 235/2263/2165 1535/2264/2166 236/2265/2167
f 236/2265/2167 1535/2264/2166 1570/2266/2168
f 236/2265/2167 1570/2266/2168 237/2267/2169
f 237/2267/2169 1570/2266/2168 1569/2268/2170
f 237/2267/2169 1569/2268/2170 238/2269/2171
f 238/2269/2171 1569/2268/2170 1568/2270/2172
f 238/2269/2171 1568/2270/2172 239/2271/2173
f 239/2271/2173 1568/2270/2172 1567/2272/2174
f 239/2271/2173 1567/2272/2174 240/2273/2175
f 240/2273/2175 1567/2272/2174 1566/2274/2176
f 240/2273/2175 1566/2274/2176 241/2275/2177
f 241/2275/2177 1566/2274/2176 1565/2276/2178
f 241/2275/2177 1565/2276/2178 242/2277/2179
f 242/2277/2179 1565/2276/2178 1564/2278/2180
f 242/2277/2179 1564/2278/2180 243/2279/2181
f 243/2279/2181 1564/2278/2180 1563/2280/2182
f 243/2279/2181 1563/2280/2182 244/2281/2183
f 244/2281/2183 1563/2280/2182 1562/2282/2184
f 244/2281/2183 1562/2282/2184 245/2283/2185
f 245/2283/2185 1562/2282/2184 1561/2284/2186
f 245/2283/2185 1561/2284/2186 246/2285/2187
f 246/2285/2187 1561/2284/2186 1560/2286/2188
f 246/2285/2187 1560/2286/2188 247/2287/2189
f 247/2287/2189 1560/2286/2188 1559/2288/2190
f 247/2287/2189 1559/2288/2190 248/2289/2191
f 248/2289/2191 1559/2288/2190 1558/2290/2192
f 248/2289/2191 1558/2290/2192 249/2291/2193
f 249/2291/2193 1558/2290/2192 1557/2292/2194
f 249/2291/2193 1557/2292/2194 250/2293/2195
f 250/2293/2195 1557/2292/2194 1556/2294/2196
f 250/2293/2195 1556/2294/2196 251/2295/2197
f 251/2295/2197 1556/2294/2196 1555/2296/2198
f 251/2295/2197 1555/2296/2198 252/2297/2199
f 252/2297/2199 1555/2296/2198 1554/2298/2200
f 252/2297/2199 1554/2298/2200 253/2299/2201
f 253/2299/2201 1554/2298/2200 1553/2300/2202
f 253/2299/2201 1553/2300/2202 254/2301/2203
f 254/2301/2203 1553/2300/2202 1552/2302/2204
f 254/2301/2203 1552/2302/2204 255/2303/2205
f 255/2303/2205 1552/2302/2204 1551/2304/2206
f 255/2303/2205 1551/2304/2206 256/2305/2207
f 256/2305/2207 1551/2304/2206 1550/2306/2208
f 256/2305/2207 1550/2306/2208 257/2307/2209
f 257/2307/2209 1550/2306/2208 1549/2308/2210
f 257/2307/2209 1549/2308/2210 258/2309/2211
f 258/2309/2211 1549/2308/2210 1548/2310/2212
f 258/2309/2211 1548/2310/2212 259/2311/2213
f 259/2311/2213 1548/2310/2212 1547/2312/2214
f 259/2311/2213 1547/2312/2214 260/2313/2215
f 260/2313/2215 1547/2312/2214 1546/2314/2216
f 260/2313/2215 1546/2314/2216 261/2315/2217
f 261/2315/2217 1546/2314/2216 1545/2316/2218
f 261/2315/2217 1545/2316/2218 262/2317/2219
f 262/2317/2219 1545/2316/2218 1544/2318/2220
f 262/2317/2219 1544/2318/2220 263/2319/2221
f 263/2319/2221 1544/2318/2220 1543/2320/2222
f 263/2319/2221 1543/2320/2222 264/2321/2223
f 264/2321/2223 1543/2320/2222 1542/2322/2224
f 264/2321/2223 1542/2322/2224 265/2323/2225
f 265/2323/2225 1542/2322/2224 1541/2324/2226
f 265/2323/2225 1541/2324/2226 266/2325/2227
f 266/2325/2227 1541/2324/2226 1540/2326/2228
f 266/2325/2227 1540/2326/2228 267/2327/2229
f 267/2327/2229 1540/2326/2228 1539/2328/2230
f 267/2327/2229 1539/2328/2230 268/2329/2231
f 268/2329/2231 1539/2328/2230 1538/2330/2232
f 268/2329/2231 1538/2330/2232 269/2331/2233
f 269/2331/2233 1538/2330/2232 1537/2332/2234
f 269/2331/2233 1537/2332/2234 270/2259/2163
f 270/2259/2163 1537/2332/2234 1536/2260/2164
f 1500/2333/2235 1552/2302/2204 1499/2334/2236
f 1499/2334/2236 1552/2302/2204 1553/2300/2202
f 1499/2334/2236 1553/2300/2202 1534/2335/2237
f 1534/2335/2237 1553/2300/2202 1554/2298/2200
f 1534/2335/2237 1554/2298/2200 1533/2336/2238
f 1533/2336/2238 1554/2298/2200 1555/2296/2198
f 1533/2336/2238 1555/2296/2198 1532/2337/2239
f 1532/2337/2239 1555/2296/2198 1556/2294/2196
f 1532/2337/2239 1556/2294/2196 1531/2338/2240
f 1531/2338/2240 1556/2294/2196 1557/2292/2194
f 1531/2338/2240 1557/2292/2194 1530/2339/2241
f 1530/2339/2241 1557/2292/2194 1558/2290/2192
f 1530/2339/2241 1558/2290/2192 1529/2340/2242
f 1529/2340/2242 1558/2290/2192 1559/2288/2190
f 1529/2340/2242 1559/2288/2190 1528/2341/2243
f 1528/2341/2243 1559/2288/2190 1560/2286/2188
f 1528/2341/2243 1560/2286/2188 1527/2342/2244
f 1527/2342/2244 1560/2286/2188 1561/2284/2186
f 1527/2342/2244 1561/2284/2186 1526/2343/2245
f 1526/2343/2245 1561/2284/2186 1562/2282/2184
f 1526/2343/2245 1562/2282/2184 1525/2344/2246
f 1525/2344/2246 1562/2282/2184 1563/2280/2182
f 1525/2344/2246 1563/2280/2182 1524/2345/2247
f 1524/2345/2247 1563/2280/2182 1564/2278/2180
f 1524/2345/2247 1564/2278/2180 1523/2346/2248
f 1523/2346/2248 1564/2278/2180 1565/2276/2178
f 1523/2346/2248 1565/2276/2178 1522/2347/2249
f 1522/2347/2249 1565/2276/2178 1566/2274/2176
f 1522/2347/2249 1566/2274/2176 1521/2348/2250
f 1521/2348/2250 1566/2274/2176 1567/2272/2174
f 1521/2348/2250 1567/2272/2174 1520/2349/2251
f 1520/2349/2251 1567/2272/2174 1568/2270/2172
f 1520/2349/2251 1568/2270/2172 1519/2350/2252
f 1519/2350/2252 1568/2270/2172 1569/2268/2170
f 1519/2350/2252 1569/2268/2170 1518/2351/2253
f 1518/2351/2253 1569/2268/2170 1570/2266/2168
f 1518/2351/2253 1570/2266/2168 1517/2352/2254
f 1517/2352/2254 1570/2266/2168 1535/2264/2166
f 1517/2353/2254 1535/2262/2166 1516/2354/2255
f 1516/2354/2255 1535/2262/2166 1536/2260/2164
f 1516/2354/2255 1536/2260/2164 1515/2355/2256
f 1515/2355/2256 1536/2260/2164 1537/2332/2234
f 1515/2355/2256 1537/2332/2234 1514/2356/2257
f 1514/2356/2257 1537/2332/2234 1538/2330/2232
f 1514/2356/2257 1538/2330/2232 1513/2357/2258
f 1513/2357/2258 1538/2330/2232 1539/2328/2230
f 1513/2357/2258 1539/2328/2230 1512/2358/2259
f 1512/2358/2259 1539/2328/2230 1540/2326/2228
f 1512/2358/2259 1540/2326/2228 1511/2359/2260
f 1511/2359/2260 1540/2326/2228 1541/2324/2226
f 1511/2359/2260 1541/2324/2226 1510/2360/2261
f 1510/2360/2261 1541/2324/2226 1542/2322/2224
f 1510/2360/2261 1542/2322/2224 1509/2361/2262
f 1509/2361/2262 1542/2322/2224 1543/2320/2222
f 1509/2361/2262 1543/2320/2222 1508/2362/2263
f 1508/2362/2263 1543/2320/2222 1544/2318/2220
f 1508/2362/2263 1544/2318/2220 1507/2363/2264
f 1507/2363/2264 1544/2318/2220 1545/2316/2218
f 1507/2363/2264 1545/2316/2218 1506/2364/2265
f 1506/2364/2265 1545/2316/2218 1546/2314/2216
f 1506/2364/2265 1546/2314/2216 1505/2365/2266
f 1505/2365/2266 1546/2314/2216 1547/2312/2214
f 1505/2365/2266 1547/2312/2214 1504/2366/2267
f 1504/2366/2267 1547/2312/2214 1548/2310/2212
f 1504/2366/2267 1548/2310/2212 1503/2367/2268
f 1503/2367/2268 1548/2310/2212 1549/2308/2210
f 1503/2367/2268 1549/2308/2210 1502/2368/2269
f 1502/2368/2269 1549/2308/2210 1550/2306/2208
f 1502/2368/2269 1550/2306/2208 1501/2369/2270
f 1501/2369/2270 1550/2306/2208 1551/2304/2206
f 1501/2369/2270 1551/2304/2206 1500/2333/2235
f 1500/2333/2235 1551/2304/2206 1552/2302/2204
f 306/2370/2271 1608/2371/2272 271/2372/2273
f 271/2372/2273 1608/2371/2272 1607/2373/2274
f 271/2374/2273 1607/2375/2274 272/2376/2275
f 272/2376/2275 1607/2375/2274 1642/2377/2276
f 272/2376/2275 1642/2377/2276 273/2378/2277
f 273/2378/2277 1642/2377/2276 1641/2379/2278
f 273/2378/2277 1641/2379/2278 274/2380/2279
f 274/2380/2279 1641/2379/2278 1640/2381/2280
f 274/2380/2279 1640/2381/2280 275/2382/2281
f 275/2382/2281 1640/2381/2280 1639/2383/2282
f 275/2382/2281 1639/2383/2282 276/2384/2283
f 276/2384/2283 1639/2383/2282 1638/2385/2284
f 276/2384/2283 1638/2385/2284 277/2386/2285
f 277/2386/2285 1638/2385/2284 1637/2387/2286
f 277/2386/2285 1637/2387/2286 278/2388/2287
f 278/2388/2287 1637/2387/2286 1636/2389/2288
f 278/2388/2287 1636/2389/2288 279/2390/2289
f 279/2390/2289 1636/2389/2288 1635/2391/2290
f 279/2390/2289 1635/2391/2290 280/2392/2291
f 280/2392/2291 1635/2391/2290 1634/2393/2292
f 280/2392/2291 1634/2393/2292 281/2394/2293
f 281/2394/2293 1634/2393/2292 1633/2395/2294
f 281/2394/2293 1633/2395/2294 282/2396/2295
f 282/2396/2295 1633/2395/2294 1632/2397/2296
f 282/2396/2295 1632/2397/2296 283/2398/2297
f 283/2398/2297 1632/2397/2296 1631/2399/2298
f 283/2398/2297 1631/2399/2298 284/2400/2299
f 284/2400/2299 1631/2399/2298 1630/2401/2300
f 284/2400/2299 1630/2401/2300 285/2402/2301
f 285/2402/2301 1630/2401/2300 1629/2403/2302
f 285/2402/2301 1629/2403/2302 286/2404/2303
f 286/2404/2303 1629/2403/2302 1628/2405/2304
f 286/2404/2303 1628/2405/2304 287/2406/2305
f 287/2406/2305 1628/2405/2304 1627/2407/2306
f 287/2406/2305 1627/2407/2306 288/2408/2307
f 288/2408/2307 1627/2407/2306 1626/2409/2308
f 288/2408/2307 1626/2409/2308 289/2410/2309
f 289/2410/2309 1626/2409/2308 1625/2411/2310
f 289/2410/2309 1625/2411/2310 290/2412/2311
f 290/2412/2311 1625/2411/2310 1624/2413/2312
f 290/2412/2311 1624/2413/2312 291/2414/2313
f 291/2414/2313 1624/2413/2312 1623/2415/2314
f 291/2414/2313 1623/2415/2314 292/2416/2315
f 292/2416/2315 1623/2415/2314 1622/2417/2316
f 292/2416/2315 1622/2417/2316 293/2418/2317
f 293/2418/2317 1622/2417/2316 1621/2419/2318
f 293/2418/2317 1621/2419/2318 294/2420/2319
f 294/2420/2319 1621/2419/2318 1620/2421/2320
f 294/2420/2319 1620/2421/2320 295/2422/2321
f 295/2422/2321 1620/2421/2320 1619/2423/2322
f 295/2422/2321 1619/2423/2322 296/2424/2323
f 296/2424/2323 1619/2423/2322 1618/2425/2324
f 296/2424/2323 1618/2425/2324 297/2426/2325
f 297/2426/2325 1618/2425/2324 1617/2427/2326
f 297/2426/2325 1617/2427/2326 298/2428/2327
f 298/2428/2327 1617/2427/2326 1616/2429/2328
f 298/2428/2327 1616/2429/2328 299/2430/2329
f 299/2430/2329 1616/2429/2328 1615/2431/2330
f 299/2430/2329 1615/2431/2330 300/2432/2331
f 300/2432/2331 1615/2431/2330 1614/2433/2332
f 300/2432/2331 1614/2433/2332 301/2434/2333
f 301/2434/2333 1614/2433/2332 1613/2435/2334
f 301/2434/2333 1613/2435/2334 302/2436/2335
f 302/2436/2335 1613/2435/2334 1612/2437/2336
f 302/2436/2335 1612/2437/2336 303/2438/2337
f 303/2438/2337 1612/2437/2336 1611/2439/2338
f 303/2438/2337 1611/2439/2338 304/2440/2339
f 304/2440/2339 1611/2439/2338 1610/2441/2340
f 304/2440/2339 1610/2441/2340 305/2442/2341
f 305/2442/2341 1610/2441/2340 1609/2443/2342
f 305/2442/2341 1609/2443/2342 306/2370/2271
f 306/2370/2271 1609/2443/2342 1608/2371/2272
f 1572/2444/2343 1624/2413/2312 1571/2445/2344
f 1571/2445/2344 1624/2413/2312 1625/2411/2310
f 1571/2445/2344 1625/2411/2310 1606/2446/2345
f 1606/2446/2345 1625/2411/2310 1626/2409/2308
f 1606/2446/2345 1626/2409/2308 1605/2447/2346
f 1605/2447/2346 1626/2409/2308 1627/2407/2306
f 1605/2447/2346 1627/2407/2306 1604/2448/2347
f 1604/2448/2347 1627/2407/2306 1628/2405/2304
f 1604/2448/2347 1628/2405/2304 1603/2449/2348
f 1603/2449/2348 1628/2405/2304 1629/2403/2302
f 1603/2449/2348 1629/2403/2302 1602/2450/2349
f 1602/2450/2349 1629/2403/2302 1630/2401/2300
f 1602/2450/2349 1630/2401/2300 1601/2451/2350
f 1601/2451/2350 1630/2401/2300 1631/2399/2298
f 1601/2451/2350 1631/2399/2298 1600/2452/2351
f 1600/2452/2351 1631/2399/2298 1632/2397/2296
f 1600/2452/2351 1632/2397/2296 1599/2453/2352
f 1599/2453/2352 1632/2397/2296 1633/2395/2294
f 1599/2453/2352 1633/2395/2294 1598/2454/2353
f 1598/2454/2353 1633/2395/2294 1634/2393/2292
f 1598/2454/2353 1634/2393/2292 1597/2455/2354
f 1597/2455/2354 1634/2393/2292 1635/2391/2290
f 1597/2455/2354 1635/2391/2290 1596/2456/2355
f 1596/2456/2355 1635/2391/2290 1636/2389/2288
f 1596/2456/2355 1636/2389/2288 1595/2457/2356
f 1595/2457/2356 1636/2389/2288 1637/2387/2286
f 1595/2457/2356 1637/2387/2286 1594/2458/2357
f 1594/2458/2357 1637/2387/2286 1638/2385/2284
f 1594/2458/2357 1638/2385/2284 1593/2459/2358
f 1593/2459/2358 1638/2385/2284 1639/2383/2282
f 1593/2459/2358 1639/2383/2282 1592/2460/2359
f 1592/2460/2359 1639/2383/2282 1640/2381/2280
f 1592/2460/2359 1640/2381/2280 1591/2461/2360
f 1591/2461/2360 1640/2381/2280 1641/2379/2278
f 1591/2461/2360 1641/2379/2278 1590/2462/2361
f 1590/2462/2361 1641/2379/2278 1642/2377/2276
f 1590/2462/2361 1642/2377/2276 1589/2463/2362
f 1589/2463/2362 1642/2377/2276 1607/2375/2274
f 1589/2464/2362 1607/2373/2274 1588/2465/2363
f 1588/2465/2363 1607/2373/2274 1608/2371/2272
f 1588/2465/2363 1608/2371/2272 1587/2466/2364
f 1587/2466/2364 1608/2371/2272 1609/2443/2342
f 1587/2466/2364 1609/2443/2342 1586/2467/2365
f 1586/2467/2365 1609/2443/2342 1610/2441/2340
f 1586/2467/2365 1610/2441/2340 1585/2468/2366
f 1585/2468/2366 1610/2441/2340 1611/2439/2338
f 1585/2468/2366 1611/2439/2338 1584/2469/2367
f 1584/2469/2367 1611/2439/2338 1612/2437/2336
f 1584/2469/2367 1612/2437/2336 1583/2470/2368
f 1583/2470/2368 1612/2437/2336 1613/2435/2334
f 1583/2470/2368 1613/2435/2334 1582/2471/2369
f 1582/2471/2369 1613/2435/2334 1614/2433/2332
f 1582/2471/2369 1614/2433/2332 1581/2472/2370
f 1581/2472/2370 1614/2433/2332 1615/2431/2330
f 1581/2472/2370 1615/2431/2330 1580/2473/2371
f 1580/2473/2371 1615/2431/2330 1616/2429/2328
f 1580/2473/2371 1616/2429/2328 1579/2474/2372
f 1579/2474/2372 1616/2429/2328 1617/2427/2326
f 1579/2474/2372 1617/2427/2326 1578/2475/2373
f 1578/2475/2373 1617/2427/2326 1618/2425/2324
f 1578/2475/2373 1618/2425/2324 1577/2476/2374
f 1577/2476/2374 1618/2425/2324 1619/2423/2322
f 1577/2476/2374 1619/2423/2322 1576/2477/2375
f 1576/2477/2375 1619/2423/2322 1620/2421/2320
f 1576/2477/2375 1620/2421/2320 1575/2478/2376
f 1575/2478/2376 1620/2421/2320 1621/2419/2318
f 1575/2478/2376 1621/2419/2318 1574/2479/2377
f 1574/2479/2377 1621/2419/2318 1622/2417/2316
f 1574/2479/2377 1622/2417/2316 1573/2480/2378
f 1573/2480/2378 1622/2417/2316 1623/2415/2314
f 1573/2480/2378 1623/2415/2314 1572/2444/2343
f 1572/2444/2343 1623/2415/2314 1624/2413/2312
f 327/2481/2379 1643/2482/2380 328/2483/2381
f 328/2483/2381 1643/2482/2380 1644/2484/2382
f 328/2483/2381 1644/2484/2382 1645/2485/2383
f 1645/2485/2383 1646/2486/2384 328/2483/2381
f 328/2483/2381 1646/2486/2384 1647/2487/2385
f 328/2483/2381 1647/2487/2385 1648/2488/2386
f 1648/2488/2386 1649/2489/2387 328/2483/2381
f 328/2483/2381 1649/2489/2387 1650/2490/2388
f 328/2483/2381 1650/2490/2388 1651/2491/2389
f 1651/2491/2389 1652/2492/2390 328/2483/2381
f 328/2483/2381 1652/2492/2390 1653/2493/2391
f 328/2483/2381 1653/2493/2391 1654/2494/2392
f 1655/2495/2393 1656/2496/2394 1668/2497/2395
f 1668/2497/2395 1656/2496/2394 1657/2498/2396
f 1668/2497/2395 1657/2498/2396 1658/2499/2397
f 1658/2499/2397 1659/2500/2398 1668/2497/2395
f 1668/2497/2395 1659/2500/2398 1660/2501/2399
f 1668/2497/2395 1660/2501/2399 1661/2502/2400
f 1661/2502/2400 1662/2503/2401 1668/2497/2395
f 1668/2497/2395 1662/2503/2401 1663/2504/2402
f 1668/2497/2395 1663/2504/2402 1664/2505/2403
f 1664/2505/2403 1665/2506/2404 1668/2497/2395
f 1668/2497/2395 1665/2506/2404 1666/2507/2405
f 1668/2497/2395 1666/2507/2405 1667/2508/2406
f 1669/2509/2407 1670/2510/2408 1682/2511/2409
f 1682/2511/2409 1670/2510/2408 1671/2512/2410
f 1682/2511/2409 1671/2512/2410 1672/2513/2411
f 1672/2513/2411 1673/2514/2412 1682/2511/2409
f 1682/2511/2409 1673/2514/2412 1674/2515/2413
f 1682/2511/2409 1674/2515/2413 1675/2516/2414
f 1675/2516/2414 1676/2517/2415 1682/2511/2409
f 1682/2511/2409 1676/2517/2415 1677/2518/2416
f 1682/2511/2409 1677/2518/2416 1678/2519/2417
f 1678/2519/2417 1679/2520/2418 1682/2511/2409
f 1682/2511/2409 1679/2520/2418 1680/2521/2419
f 1682/2511/2409 1680/2521/2419 1681/2522/2420
f 1683/2523/2421 1684/2524/2422 421/2525/2423
f 421/2525/2423 1684/2524/2422 1685/2526/2424
f 421/2525/2423 1685/2526/2424 1686/2527/2425
f 1686/2527/2425 1687/2528/2426 421/2525/2423
f 421/2525/2423 1687/2528/2426 1688/2529/2427
f 421/2525/2423 1688/2529/2427 1689/2530/2428
f 1689/2530/2428 1690/2531/2429 421/2525/2423
f 421/2525/2423 1690/2531/2429 1691/2532/2430
f 421/2525/2423 1691/2532/2430 1692/2533/2431
f 1692/2533/2431 1693/2534/2432 421/2525/2423
f 421/2525/2423 1693/2534/2432 1694/2535/2433
f 421/2525/2423 1694/2535/2433 422/2536/2434
f 1696/2537/2435 1697/2538/2436 1695/2539/2437
f 1695/2539/2437 1697/2538/2436 1698/2540/2438
f 1666/2541/2439 1717/2542/2440 1667/2543/2441
f 1667/2543/2441 1717/2542/2440 1715/2544/2442
f 1667/2543/2441 1715/2544/2442 1716/2545/2443
f 1717/2542/2440 1666/2541/2439 1718/2546/2444
f 1718/2546/2444 1666/2541/2439 1665/2547/2445
f 1718/2546/2444 1665/2547/2445 1719/2548/2446
f 1719/2548/2446 1665/2547/2445 1664/2549/2447
f 1719/2548/2446 1664/2549/2447 1720/2550/2448
f 1720/2550/2448 1664/2549/2447 1663/2551/2449
f 1720/2550/2448 1663/2551/2449 1721/2552/2450
f 1721/2552/2450 1663/2551/2449 1662/2553/2451
f 1721/2552/2450 1662/2553/2451 1722/2554/2452
f 1722/2554/2452 1662/2553/2451 1661/2555/2453
f 1722/2554/2452 1661/2555/2453 1723/2556/2454
f 1723/2556/2454 1661/2555/2453 1660/2557/2455
f 1723/2556/2454 1660/2557/2455 1724/2558/2456
f 1724/2558/2456 1660/2557/2455 1659/2559/2457
f 1724/2558/2456 1659/2559/2457 1725/2560/2458
f 1725/2560/2458 1659/2559/2457 1658/2561/2459
f 1725/2560/2458 1658/2561/2459 1726/2562/2460
f 1726/2562/2460 1658/2561/2459 1657/2563/2461
f 1726/2562/2460 1657/2563/2461 1727/2564/2462
f 1727/2564/2462 1657/2563/2461 1656/2565/2463
f 1727/2564/2462 1656/2565/2463 1655/2566/2464
f 1655/2566/2464 1699/2567/2465 1727/2564/2462
f 1727/2564/2462 1699/2567/2465 1700/2568/2466
f 1727/2564/2462 1700/2568/2466 1701/2569/2467
f 1727/2564/2462 1701/2569/2467 1726/2562/2460
f 1726/2562/2460 1701/2569/2467 1702/2570/2468
f 1726/2562/2460 1702/2570/2468 1725/2560/2458
f 1725/2560/2458 1702/2570/2468 1703/2571/2469
f 1725/2560/2458 1703/2571/2469 1724/2558/2456
f 1724/2558/2456 1703/2571/2469 1704/2572/2470
f 1724/2558/2456 1704/2572/2470 1723/2556/2454
f 1723/2556/2454 1704/2572/2470 1705/2573/2471
f 1723/2556/2454 1705/2573/2471 1722/2554/2452
f 1722/2554/2452 1705/2573/2471 1706/2574/2472
f 1722/2554/2452 1706/2574/2472 1721/2552/2450
f 1721/2552/2450 1706/2574/2472 1707/2575/2473
f 1721/2552/2450 1707/2575/2473 1708/2576/2474
f 1721/2552/2450 1708/2576/2474 1720/2550/2448
f 1720/2550/2448 1708/2576/2474 1709/2577/2475
f 1720/2550/2448 1709/2577/2475 1710/2578/2476
f 1720/2550/2448 1710/2578/2476 1719/2548/2446
f 1719/2548/2446 1710/2578/2476 1711/2579/2477
f 1719/2548/2446 1711/2579/2477 1718/2546/2444
f 1718/2546/2444 1711/2579/2477 1712/2580/2478
f 1718/2546/2444 1712/2580/2478 1713/2581/2479
f 1718/2546/2444 1713/2581/2479 1717/2542/2440
f 1717/2542/2440 1713/2581/2479 1714/2582/2480
f 1717/2542/2440 1714/2582/2480 1715/2544/2442
f 1715/2583/2481 326/2584/2482 1716/2585/2483
f 1716/2585/2483 326/2584/2482 325/2586/2484
f 1716/2585/2483 325/2586/2484 1749/2587/2485
f 1749/2587/2485 325/2586/2484 324/2588/2486
f 1749/2587/2485 324/2588/2486 1748/2589/2487
f 1748/2589/2487 324/2588/2486 1747/2590/2488
f 1747/2590/2488 324/2588/2486 323/2591/2489
f 1747/2590/2488 323/2591/2489 1746/2592/2490
f 1746/2592/2490 323/2591/2489 322/2593/2491
f 1746/2592/2490 322/2593/2491 321/2594/2492
f 326/2584/2482 1715/2583/2481 1744/2595/2493
f 1744/2595/2493 1715/2583/2481 1714/2596/2494
f 1744/2595/2493 1714/2596/2494 1743/2597/2495
f 1743/2597/2495 1714/2596/2494 1713/2598/2496
f 1743/2597/2495 1713/2598/2496 1742/2599/2497
f 1742/2599/2497 1713/2598/2496 1741/2600/2498
f 1741/2600/2498 1713/2598/2496 1712/2601/2499
f 1741/2600/2498 1712/2601/2499 1711/2602/2500
f 1741/2600/2498 1711/2602/2500 1740/2603/2501
f 1740/2603/2501 1711/2602/2500 1710/2604/2502
f 1740/2603/2501 1710/2604/2502 1739/2605/2503
f 1739/2605/2503 1710/2604/2502 1709/2606/2504
f 1739/2605/2503 1709/2606/2504 1738/2607/2505
f 1738/2607/2505 1709/2606/2504 1737/2608/2506
f 1737/2608/2506 1709/2606/2504 1708/2609/2507
f 1737/2608/2506 1708/2609/2507 1707/2610/2508
f 1706/2611/2509 1735/2612/2510 1707/2610/2508
f 1707/2610/2508 1735/2612/2510 1736/2613/2511
f 1707/2610/2508 1736/2613/2511 1737/2608/2506
f 1706/2611/2509 1705/2614/2512 1735/2612/2510
f 1735/2612/2510 1705/2614/2512 1734/2615/2513
f 1734/2615/2513 1705/2614/2512 1733/2616/2514
f 1733/2616/2514 1705/2614/2512 1704/2617/2515
f 1733/2616/2514 1704/2617/2515 1703/2618/2516
f 1702/2619/2517 1731/2620/2518 1703/2618/2516
f 1703/2618/2516 1731/2620/2518 1732/2621/2519
f 1703/2618/2516 1732/2621/2519 1733/2616/2514
f 1731/2620/2518 1702/2619/2517 1730/2622/2520
f 1730/2622/2520 1702/2619/2517 1701/2623/2521
f 1730/2622/2520 1701/2623/2521 1729/2624/2522
f 1729/2624/2522 1701/2623/2521 1700/2625/2523
f 1729/2624/2522 1700/2625/2523 1728/2626/2524
f 1728/2626/2524 1700/2625/2523 1699/2627/2525
f 1746/2592/2490 321/2594/2492 1745/2628/2526
f 1745/2628/2526 321/2594/2492 320/2629/2527
f 1745/2628/2526 320/2629/2527 632/2630/2528
f 632/2630/2528 320/2629/2527 590/2631/2529
f 632/2630/2528 590/2631/2529 633/2632/2530
f 633/2632/2530 590/2631/2529 589/2633/2531
f 633/2632/2530 589/2633/2531 634/2634/2532
f 634/2634/2532 589/2633/2531 588/2635/2533
f 634/2634/2532 588/2635/2533 635/2636/2534
f 635/2636/2534 588/2635/2533 636/2637/2535
f 636/2637/2535 588/2635/2533 587/2638/2536
f 636/2637/2535 587/2638/2536 586/2639/2537
f 636/2637/2535 586/2639/2537 637/2640/2538
f 637/2640/2538 586/2639/2537 585/2641/2539
f 637/2640/2538 585/2641/2539 638/2642/2540
f 638/2642/2540 585/2641/2539 584/2643/2541
f 638/2642/2540 584/2643/2541 639/2644/2542
f 639/2644/2542 584/2643/2541 640/2645/2543
f 640/2645/2543 584/2643/2541 583/2646/2544
f 640/2645/2543 583/2646/2544 582/2647/2545
f 581/2648/2546 642/2649/2547 582/2647/2545
f 582/2647/2545 642/2649/2547 641/2650/2548
f 582/2647/2545 641/2650/2548 640/2645/2543
f 581/2648/2546 580/2651/2549 642/2649/2547
f 642/2649/2547 580/2651/2549 643/2652/2550
f 643/2652/2550 580/2651/2549 644/2653/2551
f 644/2653/2551 580/2651/2549 579/2654/2552
f 644/2653/2551 579/2654/2552 578/2655/2553
f 577/2656/2554 646/2657/2555 578/2655/2553
f 578/2655/2553 646/2657/2555 645/2658/2556
f 578/2655/2553 645/2658/2556 644/2653/2551
f 646/2657/2555 577/2656/2554 647/2659/2557
f 647/2659/2557 577/2656/2554 576/2660/2558
f 647/2659/2557 576/2660/2558 648/2661/2559
f 648/2661/2559 576/2660/2558 575/2662/2560
f 648/2661/2559 575/2662/2560 630/2663/2561
f 630/2663/2561 575/2662/2560 574/2664/2562
f 1698/2665/2438 1697/2666/2436 1783/2667/2563
f 1783/2667/2563 1697/2666/2436 1785/2668/2564
f 1783/2667/2563 1785/2668/2564 1782/2669/2565
f 1782/2669/2565 1785/2668/2564 1787/2670/2566
f 1782/2669/2565 1787/2670/2566 1781/2671/2567
f 1781/2671/2567 1787/2670/2566 1789/2672/2568
f 1781/2671/2567 1789/2672/2568 1780/2673/2569
f 1780/2673/2569 1789/2672/2568 1791/2674/2570
f 1780/2673/2569 1791/2674/2570 1779/2675/2571
f 1779/2675/2571 1791/2674/2570 1793/2676/2572
f 1779/2675/2571 1793/2676/2572 1778/2677/2573
f 1778/2677/2573 1793/2676/2572 1795/2678/2574
f 1778/2677/2573 1795/2678/2574 1777/2679/2575
f 1777/2679/2575 1795/2678/2574 1797/2680/2576
f 1777/2679/2575 1797/2680/2576 1776/2681/2577
f 1776/2681/2577 1797/2680/2576 1775/2682/2578
f 1775/2682/2578 1797/2680/2576 1799/2683/2579
f 1775/2682/2578 1799/2683/2579 1774/2684/2580
f 1774/2684/2580 1799/2683/2579 1773/2685/2581
f 1773/2685/2581 1799/2683/2579 1801/2686/2582
f 1773/2685/2581 1801/2686/2582 1772/2687/2583
f 1772/2687/2583 1801/2686/2582 1803/2688/2584
f 1772/2687/2583 1803/2688/2584 1771/2689/2585
f 1771/2689/2585 1803/2688/2584 1770/2690/2586
f 1770/2690/2586 1803/2688/2584 1805/2691/2587
f 1770/2690/2586 1805/2691/2587 1769/2692/2588
f 1769/2692/2588 1805/2691/2587 1768/2693/2589
f 1768/2693/2589 1805/2691/2587 1767/2694/2590
f 1767/2694/2590 1805/2691/2587 1804/2695/2591
f 1767/2694/2590 1804/2695/2591 1765/2696/2592
f 1765/2696/2592 1804/2695/2591 1764/2697/2593
f 1764/2697/2593 1804/2695/2591 1763/2698/2594
f 1763/2698/2594 1804/2695/2591 1802/2699/2595
f 1763/2698/2594 1802/2699/2595 1762/2700/2596
f 1762/2700/2596 1802/2699/2595 1761/2701/2597
f 1761/2701/2597 1802/2699/2595 1800/2702/2598
f 1761/2701/2597 1800/2702/2598 1760/2703/2599
f 1760/2703/2599 1800/2702/2598 1798/2704/2600
f 1760/2703/2599 1798/2704/2600 1759/2705/2601
f 1759/2705/2601 1798/2704/2600 1758/2706/2602
f 1758/2706/2602 1798/2704/2600 1796/2707/2603
f 1758/2706/2602 1796/2707/2603 1757/2708/2604
f 1757/2708/2604 1796/2707/2603 1756/2709/2605
f 1756/2709/2605 1796/2707/2603 1794/2710/2606
f 1756/2709/2605 1794/2710/2606 1755/2711/2607
f 1755/2711/2607 1794/2710/2606 1792/2712/2608
f 1755/2711/2607 1792/2712/2608 1754/2713/2609
f 1754/2713/2609 1792/2712/2608 1790/2714/2610
f 1754/2713/2609 1790/2714/2610 1753/2715/2611
f 1753/2715/2611 1790/2714/2610 1788/2716/2612
f 1753/2715/2611 1788/2716/2612 1752/2717/2613
f 1752/2717/2613 1788/2716/2612 1786/2718/2614
f 1752/2717/2613 1786/2718/2614 1751/2719/2615
f 1751/2719/2615 1786/2718/2614 1784/2720/2616
f 1751/2719/2615 1784/2720/2616 1750/2721/2617
f 1750/2721/2617 1784/2720/2616 1697/2666/2436
f 1697/2666/2436 1784/2720/2616 1785/2668/2564
f 1765/2696/2592 1766/2722/2618 1767/2694/2590
f 1787/2670/2566 1785/2668/2564 1784/2720/2616
f 1789/2672/2568 1787/2670/2566 1786/2718/2614
f 1786/2718/2614 1787/2670/2566 1784/2720/2616
f 1791/2674/2570 1789/2672/2568 1788/2716/2612
f 1788/2716/2612 1789/2672/2568 1786/2718/2614
f 1793/2676/2572 1791/2674/2570 1790/2714/2610
f 1790/2714/2610 1791/2674/2570 1788/2716/2612
f 1795/2678/2574 1793/2676/2572 1792/2712/2608
f 1792/2712/2608 1793/2676/2572 1790/2714/2610
f 1797/2680/2576 1795/2678/2574 1794/2710/2606
f 1794/2710/2606 1795/2678/2574 1792/2712/2608
f 1799/2683/2579 1797/2680/2576 1796/2707/2603
f 1796/2707/2603 1797/2680/2576 1794/2710/2606
f 1801/2686/2582 1799/2683/2579 1798/2704/2600
f 1798/2704/2600 1799/2683/2579 1796/2707/2603
f 1803/2688/2584 1801/2686/2582 1800/2702/2598
f 1800/2702/2598 1801/2686/2582 1798/2704/2600
f 1805/2691/2587 1803/2688/2584 1802/2699/2595
f 1802/2699/2595 1803/2688/2584 1800/2702/2598
f 1804/2695/2591 1805/2691/2587 1802/2699/2595
f 664/2723/2619 319/2724/2620 631/2725/2621
f 631/2725/2621 319/2724/2620 318/2726/2622
f 631/2725/2621 318/2726/2622 1826/2727/2623
f 1826/2727/2623 318/2726/2622 317/2728/2624
f 1826/2727/2623 317/2728/2624 1825/2729/2625
f 1825/2729/2625 317/2728/2624 1824/2730/2626
f 1824/2730/2626 317/2728/2624 316/2731/2627
f 1824/2730/2626 316/2731/2627 1823/2732/2628
f 1823/2732/2628 316/2731/2627 315/2733/2629
f 1823/2732/2628 315/2733/2629 314/2734/2630
f 319/2724/2620 664/2723/2619 591/2735/2631
f 591/2735/2631 664/2723/2619 663/2736/2632
f 591/2735/2631 663/2736/2632 592/2737/2633
f 592/2737/2633 663/2736/2632 662/2738/2634
f 592/2737/2633 662/2738/2634 593/2739/2635
f 593/2739/2635 662/2738/2634 594/2740/2636
f 594/2740/2636 662/2738/2634 661/2741/2637
f 594/2740/2636 661/2741/2637 660/2742/2638
f 594/2740/2636 660/2742/2638 595/2743/2639
f 595/2743/2639 660/2742/2638 659/2744/2640
f 595/2743/2639 659/2744/2640 596/2745/2641
f 596/2745/2641 659/2744/2640 658/2746/2642
f 596/2745/2641 658/2746/2642 597/2747/2643
f 597/2747/2643 658/2746/2642 598/2748/2644
f 598/2748/2644 658/2746/2642 657/2749/2645
f 598/2748/2644 657/2749/2645 656/2750/2646
f 655/2751/2647 600/2752/2648 656/2750/2646
f 656/2750/2646 600/2752/2648 599/2753/2649
f 656/2750/2646 599/2753/2649 598/2748/2644
f 655/2751/2647 654/2754/2650 600/2752/2648
f 600/2752/2648 654/2754/2650 601/2755/2651
f 601/2755/2651 654/2754/2650 602/2756/2652
f 602/2756/2652 654/2754/2650 653/2757/2653
f 602/2756/2652 653/2757/2653 652/2758/2654
f 651/2759/2655 604/2760/2656 652/2758/2654
f 652/2758/2654 604/2760/2656 603/2761/2657
f 652/2758/2654 603/2761/2657 602/2756/2652
f 604/2760/2656 651/2759/2655 605/2762/2658
f 605/2762/2658 651/2759/2655 650/2763/2659
f 605/2762/2658 650/2763/2659 606/2764/2660
f 606/2764/2660 650/2763/2659 649/2765/2661
f 606/2764/2660 649/2765/2661 573/2766/2662
f 573/2766/2662 649/2765/2661 629/2767/2663
f 1823/2732/2628 314/2734/2630 1822/2768/2664
f 1822/2768/2664 314/2734/2630 313/2769/2665
f 1822/2768/2664 313/2769/2665 1767/2770/2666
f 1767/2770/2666 313/2769/2665 1806/2771/2667
f 1767/2770/2666 1806/2771/2667 1768/2772/2668
f 1768/2772/2668 1806/2771/2667 1807/2773/2669
f 1768/2772/2668 1807/2773/2669 1769/2774/2670
f 1769/2774/2670 1807/2773/2669 1808/2775/2671
f 1769/2774/2670 1808/2775/2671 1770/2776/2672
f 1770/2776/2672 1808/2775/2671 1771/2777/2673
f 1771/2777/2673 1808/2775/2671 1809/2778/2674
f 1771/2777/2673 1809/2778/2674 1810/2779/2675
f 1771/2777/2673 1810/2779/2675 1772/2780/2676
f 1772/2780/2676 1810/2779/2675 1811/2781/2677
f 1772/2780/2676 1811/2781/2677 1773/2782/2678
f 1773/2782/2678 1811/2781/2677 1812/2783/2679
f 1773/2782/2678 1812/2783/2679 1774/2784/2680
f 1774/2784/2680 1812/2783/2679 1775/2785/2681
f 1775/2785/2681 1812/2783/2679 1813/2786/2682
f 1775/2785/2681 1813/2786/2682 1814/2787/2683
f 1815/2788/2684 1777/2789/2685 1814/2787/2683
f 1814/2787/2683 1777/2789/2685 1776/2790/2686
f 1814/2787/2683 1776/2790/2686 1775/2785/2681
f 1815/2788/2684 1816/2791/2687 1777/2789/2685
f 1777/2789/2685 1816/2791/2687 1778/2792/2688
f 1778/2792/2688 1816/2791/2687 1779/2793/2689
f 1779/2793/2689 1816/2791/2687 1817/2794/2690
f 1779/2793/2689 1817/2794/2690 1818/2795/2691
f 1819/2796/2692 1781/2797/2693 1818/2795/2691
f 1818/2795/2691 1781/2797/2693 1780/2798/2694
f 1818/2795/2691 1780/2798/2694 1779/2793/2689
f 1781/2797/2693 1819/2796/2692 1782/2799/2695
f 1782/2799/2695 1819/2796/2692 1820/2800/2696
f 1782/2799/2695 1820/2800/2696 1783/2801/2697
f 1783/2801/2697 1820/2800/2696 1821/2802/2698
f 1783/2801/2697 1821/2802/2698 1698/2803/2699
f 1698/2803/2699 1821/2802/2698 1695/2804/2700
f 1606/2805/2701 1308/2806/2702 1571/2807/2703
f 1571/2807/2703 1308/2806/2702 1350/2808/2704
f 1571/2807/2703 1350/2808/2704 1349/2809/2705
f 1606/2805/2701 1605/2810/2706 1308/2806/2702
f 1308/2806/2702 1605/2810/2706 1604/2811/2707
f 1308/2806/2702 1604/2811/2707 1603/2812/2708
f 1603/2812/2708 1602/2813/2709 1308/2806/2702
f 1308/2806/2702 1602/2813/2709 1601/2814/2710
f 1308/2806/2702 1601/2814/2710 1600/2815/2711
f 1600/2815/2711 1599/2816/2712 1308/2806/2702
f 1308/2806/2702 1599/2816/2712 1598/2817/2713
f 1308/2806/2702 1598/2817/2713 1669/2818/2714
f 1669/2818/2714 1598/2817/2713 1667/2819/2441
f 1669/2818/2714 1667/2819/2441 1749/2820/2715
f 1749/2820/2715 1667/2819/2441 1716/2821/2443
f 1598/2817/2713 1597/2822/2716 1667/2819/2441
f 1667/2819/2441 1597/2822/2716 1596/2823/2717
f 1667/2819/2441 1596/2823/2717 1595/2824/2718
f 1595/2824/2718 1594/2825/2719 1667/2819/2441
f 1667/2819/2441 1594/2825/2719 1593/2826/2720
f 1667/2819/2441 1593/2826/2720 1592/2827/2721
f 1592/2827/2721 1591/2828/2722 1667/2819/2441
f 1667/2819/2441 1591/2828/2722 1590/2829/2723
f 1667/2819/2441 1590/2829/2723 1668/2830/2724
f 1668/2830/2724 1590/2829/2723 1589/2831/2725
f 1668/2830/2724 1589/2831/2725 1290/2832/2726
f 1290/2832/2726 1589/2831/2725 1337/2833/2727
f 1290/2832/2726 1337/2833/2727 1336/2834/2728
f 1588/2835/2729 1339/2836/2730 1589/2831/2725
f 1589/2831/2725 1339/2836/2730 1338/2837/2731
f 1589/2831/2725 1338/2837/2731 1337/2833/2727
f 1339/2836/2730 1588/2835/2729 1340/2838/2732
f 1340/2838/2732 1588/2835/2729 1587/2839/2733
f 1340/2838/2732 1587/2839/2733 1586/2840/2734
f 1340/2838/2732 1586/2840/2734 1341/2841/2735
f 1341/2841/2735 1586/2840/2734 1585/2842/2736
f 1341/2841/2735 1585/2842/2736 1584/2843/2737
f 1341/2841/2735 1584/2843/2737 1342/2844/2738
f 1342/2844/2738 1584/2843/2737 1583/2845/2739
f 1342/2844/2738 1583/2845/2739 1582/2846/2740
f 1342/2844/2738 1582/2846/2740 1343/2847/2741
f 1343/2847/2741 1582/2846/2740 1581/2848/2742
f 1343/2847/2741 1581/2848/2742 1580/2849/2743
f 1343/2847/2741 1580/2849/2743 1344/2850/2744
f 1344/2850/2744 1580/2849/2743 1579/2851/2745
f 1344/2850/2744 1579/2851/2745 1578/2852/2746
f 1344/2850/2744 1578/2852/2746 1345/2853/2747
f 1345/2853/2747 1578/2852/2746 1577/2854/2748
f 1345/2853/2747 1577/2854/2748 1576/2855/2749
f 1345/2853/2747 1576/2855/2749 1346/2856/2750
f 1346/2856/2750 1576/2855/2749 1575/2857/2751
f 1346/2856/2750 1575/2857/2751 1574/2858/2752
f 1346/2856/2750 1574/2858/2752 1347/2859/2753
f 1347/2859/2753 1574/2858/2752 1573/2860/2754
f 1347/2859/2753 1573/2860/2754 1572/2861/2755
f 1347/2859/2753 1572/2861/2755 1348/2862/2756
f 1348/2862/2756 1572/2861/2755 1571/2807/2703
f 1348/2862/2756 1571/2807/2703 1349/2809/2705
f 1534/2863/2757 1290/2832/2726 1499/2864/2758
f 1499/2864/2758 1290/2832/2726 1336/2834/2728
f 1499/2864/2758 1336/2834/2728 1500/2865/2759
f 1500/2865/2759 1336/2834/2728 1501/2866/2760
f 1501/2866/2760 1336/2834/2728 1502/2867/2761
f 1502/2867/2761 1336/2834/2728 1503/2868/2762
f 1503/2868/2762 1336/2834/2728 1504/2869/2763
f 1504/2869/2763 1336/2834/2728 1505/2870/2764
f 1505/2870/2764 1336/2834/2728 1335/2871/2765
f 1505/2870/2764 1335/2871/2765 1506/2872/2766
f 1506/2872/2766 1335/2871/2765 1334/2873/2767
f 1506/2872/2766 1334/2873/2767 1507/2874/2768
f 1507/2874/2768 1334/2873/2767 1333/2875/2769
f 1507/2874/2768 1333/2875/2769 1508/2876/2770
f 1508/2876/2770 1333/2875/2769 1332/2877/2771
f 1508/2876/2770 1332/2877/2771 1289/2878/2772
f 1289/2878/2772 1332/2877/2771 1240/2879/2773
f 1240/2879/2773 1332/2877/2771 1241/2880/2774
f 1241/2880/2774 1332/2877/2771 1242/2881/2775
f 1242/2881/2775 1332/2877/2771 1331/2882/2776
f 1242/2881/2775 1331/2882/2776 1243/2883/2777
f 1243/2883/2777 1331/2882/2776 1244/2884/2778
f 1244/2884/2778 1331/2882/2776 1330/2885/2779
f 1244/2884/2778 1330/2885/2779 1245/2886/2780
f 1245/2886/2780 1330/2885/2779 1329/2887/2781
f 1245/2886/2780 1329/2887/2781 1254/2888/2782
f 1254/2888/2782 1329/2887/2781 1255/2889/2783
f 1255/2889/2783 1329/2887/2781 1328/2890/2784
f 1255/2889/2783 1328/2890/2784 1256/2891/2785
f 1256/2891/2785 1328/2890/2784 1327/2892/2786
f 1256/2891/2785 1327/2892/2786 1257/2893/2787
f 1257/2893/2787 1327/2892/2786 1326/2894/2788
f 1257/2893/2787 1326/2894/2788 1258/2895/2789
f 1258/2895/2789 1326/2894/2788 1325/2896/2790
f 1258/2895/2789 1325/2896/2790 1259/2897/2791
f 1259/2897/2791 1325/2896/2790 1427/2898/2792
f 1259/2897/2791 1427/2898/2792 1462/2899/2793
f 1534/2863/2757 1533/2900/2794 1290/2832/2726
f 1290/2832/2726 1533/2900/2794 1532/2901/2795
f 1290/2832/2726 1532/2901/2795 1291/2902/2796
f 1291/2902/2796 1532/2901/2795 1531/2903/2797
f 1291/2902/2796 1531/2903/2797 1530/2904/2798
f 1530/2904/2798 1529/2905/2799 1291/2902/2796
f 1291/2902/2796 1529/2905/2799 1528/2906/2800
f 1291/2902/2796 1528/2906/2800 1527/2907/2801
f 1527/2907/2801 1526/2908/2802 1291/2902/2796
f 1291/2902/2796 1526/2908/2802 1303/2909/2803
f 1291/2902/2796 1303/2909/2803 1302/2910/2804
f 1303/2909/2803 1526/2908/2802 1304/2911/2805
f 1304/2911/2805 1526/2908/2802 1525/2912/2806
f 1304/2911/2805 1525/2912/2806 1524/2913/2807
f 1304/2911/2805 1524/2913/2807 1305/2914/2808
f 1305/2914/2808 1524/2913/2807 1523/2915/2809
f 1305/2914/2808 1523/2915/2809 1522/2916/2810
f 1522/2916/2810 1521/2917/2811 1305/2914/2808
f 1305/2914/2808 1521/2917/2811 1306/2918/2812
f 1306/2918/2812 1521/2917/2811 1520/2919/2813
f 1306/2918/2812 1520/2919/2813 1519/2920/2814
f 1306/2918/2812 1519/2920/2814 1307/2921/2815
f 1307/2921/2815 1519/2920/2814 1518/2922/2816
f 1307/2921/2815 1518/2922/2816 1276/2923/2817
f 1276/2923/2817 1518/2922/2816 1517/2924/2818
f 1276/2923/2817 1517/2924/2818 1516/2925/2819
f 1276/2923/2817 1516/2925/2819 1277/2926/2820
f 1277/2926/2820 1516/2925/2819 1515/2927/2821
f 1277/2926/2820 1515/2927/2821 1278/2928/2822
f 1278/2928/2822 1515/2927/2821 1514/2929/2823
f 1278/2928/2822 1514/2929/2823 1279/2930/2824
f 1279/2930/2824 1514/2929/2823 1513/2931/2825
f 1279/2930/2824 1513/2931/2825 1280/2932/2826
f 1280/2932/2826 1513/2931/2825 1512/2933/2827
f 1280/2932/2826 1512/2933/2827 1281/2934/2828
f 1281/2934/2828 1512/2933/2827 1511/2935/2829
f 1281/2934/2828 1511/2935/2829 1510/2936/2830
f 1281/2934/2828 1510/2936/2830 1282/2937/2831
f 1282/2937/2831 1510/2936/2830 1509/2938/2832
f 1282/2937/2831 1509/2938/2832 1288/2939/2833
f 1288/2939/2833 1509/2938/2832 1508/2876/2770
f 1288/2939/2833 1508/2876/2770 1289/2878/2772
f 1259/2897/2791 1462/2899/2793 1260/2940/2834
f 1260/2940/2834 1462/2899/2793 1461/2941/2835
f 1260/2940/2834 1461/2941/2835 1460/2942/2836
f 1260/2940/2834 1460/2942/2836 1261/2943/2837
f 1261/2943/2837 1460/2942/2836 1459/2944/2838
f 1261/2943/2837 1459/2944/2838 1458/2945/2839
f 1261/2943/2837 1458/2945/2839 1262/2946/2840
f 1262/2946/2840 1458/2945/2839 1457/2947/2841
f 1262/2946/2840 1457/2947/2841 1456/2948/2842
f 1262/2946/2840 1456/2948/2842 1263/2949/2843
f 1263/2949/2843 1456/2948/2842 1455/2950/2844
f 1263/2949/2843 1455/2950/2844 1454/2951/2845
f 1263/2949/2843 1454/2951/2845 1264/2952/2846
f 1264/2952/2846 1454/2951/2845 1453/2953/2847
f 1264/2952/2846 1453/2953/2847 1452/2954/2848
f 1264/2952/2846 1452/2954/2848 1265/2955/2849
f 1265/2955/2849 1452/2954/2848 1451/2956/2850
f 1265/2955/2849 1451/2956/2850 1450/2957/2851
f 1265/2955/2849 1450/2957/2851 1266/2958/2852
f 1266/2958/2852 1450/2957/2851 1449/2959/2853
f 1266/2958/2852 1449/2959/2853 1448/2960/2854
f 1266/2958/2852 1448/2960/2854 1267/2961/2855
f 1267/2961/2855 1448/2960/2854 1447/2962/2856
f 1267/2961/2855 1447/2962/2856 1446/2963/2857
f 1267/2961/2855 1446/2963/2857 1268/2964/2858
f 1268/2964/2858 1446/2963/2857 1445/2965/2859
f 1268/2964/2858 1445/2965/2859 1315/2966/2860
f 1315/2966/2860 1445/2965/2859 1444/2967/2861
f 1315/2966/2860 1444/2967/2861 1443/2968/2862
f 1443/2968/2862 1442/2969/2863 1315/2966/2860
f 1315/2966/2860 1442/2969/2863 1441/2970/2864
f 1315/2966/2860 1441/2970/2864 1440/2971/2865
f 1440/2971/2865 1439/2972/2866 1315/2966/2860
f 1315/2966/2860 1439/2972/2866 1316/2973/2867
f 1316/2973/2867 1439/2972/2866 1438/2974/2868
f 1316/2973/2867 1438/2974/2868 1437/2975/2869
f 1436/2976/2870 1320/2977/2871 1437/2975/2869
f 1437/2975/2869 1320/2977/2871 1319/2978/2872
f 1437/2975/2869 1319/2978/2872 1318/2979/2873
f 1320/2977/2871 1436/2976/2870 1321/2980/2874
f 1321/2980/2874 1436/2976/2870 1435/2981/2875
f 1321/2980/2874 1435/2981/2875 1434/2982/2876
f 1321/2980/2874 1434/2982/2876 1322/2983/2877
f 1322/2983/2877 1434/2982/2876 1433/2984/2878
f 1322/2983/2877 1433/2984/2878 1432/2985/2879
f 1322/2983/2877 1432/2985/2879 1323/2986/2880
f 1323/2986/2880 1432/2985/2879 1431/2987/2881
f 1323/2986/2880 1431/2987/2881 1430/2988/2882
f 1323/2986/2880 1430/2988/2882 1324/2989/2883
f 1324/2989/2883 1430/2988/2882 1429/2990/2884
f 1324/2989/2883 1429/2990/2884 1428/2991/2885
f 1324/2989/2883 1428/2991/2885 1325/2896/2790
f 1325/2896/2790 1428/2991/2885 1427/2898/2792
f 1390/2992/2886 1225/2993/2887 1355/2994/2888
f 1355/2994/2888 1225/2993/2887 1213/2995/2889
f 1355/2994/2888 1213/2995/2889 1212/2996/2890
f 1390/2992/2886 1389/2997/2891 1225/2993/2887
f 1225/2993/2887 1389/2997/2891 1388/2998/2892
f 1225/2993/2887 1388/2998/2892 1387/2999/2893
f 1387/2999/2893 1386/3000/2894 1225/2993/2887
f 1225/2993/2887 1386/3000/2894 1385/3001/2895
f 1225/2993/2887 1385/3001/2895 1308/2806/2702
f 1308/2806/2702 1385/3001/2895 1384/3002/2896
f 1308/2806/2702 1384/3002/2896 1383/3003/2897
f 1383/3003/2897 1382/3004/2898 1308/2806/2702
f 1308/2806/2702 1382/3004/2898 1351/3005/2899
f 1308/2806/2702 1351/3005/2899 1350/2808/2704
f 1382/3004/2898 1381/3006/2900 1351/3005/2899
f 1351/3005/2899 1381/3006/2900 1380/3007/2901
f 1351/3005/2899 1380/3007/2901 1379/3008/2902
f 1379/3008/2902 1378/3009/2903 1351/3005/2899
f 1351/3005/2899 1378/3009/2903 1377/3010/2904
f 1351/3005/2899 1377/3010/2904 1376/3011/2905
f 1351/3005/2899 1376/3011/2905 1352/3012/2906
f 1352/3012/2906 1376/3011/2905 1375/3013/2907
f 1352/3012/2906 1375/3013/2907 1353/3014/2908
f 1353/3014/2908 1375/3013/2907 1374/3015/2909
f 1353/3014/2908 1374/3015/2909 1354/3016/2910
f 1354/3016/2910 1374/3015/2909 1373/3017/2911
f 1354/3016/2910 1373/3017/2911 1309/3018/2912
f 1309/3018/2912 1373/3017/2911 1238/3019/2913
f 1309/3018/2912 1238/3019/2913 1232/3020/2914
f 1238/3019/2913 1373/3017/2911 1239/3021/2915
f 1239/3021/2915 1373/3017/2911 1372/3022/2916
f 1239/3021/2915 1372/3022/2916 1197/3023/2917
f 1197/3023/2917 1372/3022/2916 1371/3024/2918
f 1197/3023/2917 1371/3024/2918 1198/3025/2919
f 1198/3025/2919 1371/3024/2918 1370/3026/2920
f 1198/3025/2919 1370/3026/2920 1369/3027/2921
f 1198/3025/2919 1369/3027/2921 1199/3028/2922
f 1199/3028/2922 1369/3027/2921 1368/3029/2923
f 1199/3028/2922 1368/3029/2923 1200/3030/2924
f 1200/3030/2924 1368/3029/2923 1367/3031/2925
f 1200/3030/2924 1367/3031/2925 1201/3032/2926
f 1201/3032/2926 1367/3031/2925 1366/3033/2927
f 1201/3032/2926 1366/3033/2927 1202/3034/2928
f 1202/3034/2928 1366/3033/2927 1365/3035/2929
f 1202/3034/2928 1365/3035/2929 1203/3036/2930
f 1203/3036/2930 1365/3035/2929 1364/3037/2931
f 1203/3036/2930 1364/3037/2931 1363/3038/2932
f 1203/3036/2930 1363/3038/2932 1209/3039/2933
f 1209/3039/2933 1363/3038/2932 1362/3040/2934
f 1209/3039/2933 1362/3040/2934 1210/3041/2935
f 1210/3041/2935 1362/3040/2934 1361/3042/2936
f 1210/3041/2935 1361/3042/2936 1360/3043/2937
f 1210/3041/2935 1360/3043/2937 1211/3044/2938
f 1211/3044/2938 1360/3043/2937 1359/3045/2939
f 1211/3044/2938 1359/3045/2939 1358/3046/2940
f 1358/3046/2940 1357/3047/2941 1211/3044/2938
f 1211/3044/2938 1357/3047/2941 1212/2996/2890
f 1212/2996/2890 1357/3047/2941 1356/3048/2942
f 1212/2996/2890 1356/3048/2942 1355/2994/2888
f 1318/2979/2873 1317/3049/2943 1437/2975/2869
f 1437/2975/2869 1317/3049/2943 1316/2973/2867
f 1314/3050/2944 1270/3051/2945 1315/2966/2860
f 1315/2966/2860 1270/3051/2945 1269/3052/2946
f 1315/2966/2860 1269/3052/2946 1268/2964/2858
f 1313/3053/2947 1230/3054/2948 1314/3050/2944
f 1314/3050/2944 1230/3054/2948 1229/3055/2949
f 1314/3050/2944 1229/3055/2949 1228/3056/2950
f 1230/3054/2948 1313/3053/2947 1231/3057/2951
f 1231/3057/2951 1313/3053/2947 1312/3058/2952
f 1231/3057/2951 1312/3058/2952 1311/3059/2953
f 1311/3059/2953 1310/3060/2954 1231/3057/2951
f 1231/3057/2951 1310/3060/2954 1309/3018/2912
f 1231/3057/2951 1309/3018/2912 1232/3020/2914
f 1828/3061/2955 62/3062/62 1827/3063/2956
f 1827/3063/2956 62/3062/62 61/3064/61
f 1827/3063/2956 61/3064/61 1863/3065/2957
f 1863/3065/2957 61/3064/61 1852/3066/2958
f 1863/3065/2957 1852/3066/2958 1862/3067/2959
f 1862/3067/2959 1852/3066/2958 1853/3068/2960
f 1862/3067/2959 1853/3068/2960 1861/3069/2961
f 1861/3069/2961 1853/3068/2960 1854/3070/2962
f 1861/3069/2961 1854/3070/2962 1860/3071/2963
f 1860/3071/2963 1854/3070/2962 1855/3072/2964
f 1860/3071/2963 1855/3072/2964 1859/3073/2965
f 1859/3073/2965 1855/3072/2964 1856/3074/2966
f 1859/3073/2965 1856/3074/2966 964/3075/2967
f 964/3075/2967 1856/3074/2966 965/3076/2968
f 965/3076/2968 1856/3074/2966 1857/3077/2969
f 62/3062/62 1828/3061/2955 1851/3078/2970
f 1851/3078/2970 1828/3061/2955 1829/3079/2971
f 1851/3078/2970 1829/3079/2971 1850/3080/2972
f 1850/3080/2972 1829/3079/2971 1830/3081/2973
f 1850/3080/2972 1830/3081/2973 1849/3082/2974
f 1849/3082/2974 1830/3081/2973 1831/3083/2975
f 1849/3082/2974 1831/3083/2975 1848/3084/2976
f 1848/3084/2976 1831/3083/2975 1832/3085/2977
f 1848/3084/2976 1832/3085/2977 1847/3086/2978
f 1847/3086/2978 1832/3085/2977 1833/3087/2979
f 1847/3086/2978 1833/3087/2979 1766/3088/2618
f 1766/3088/2618 1833/3087/2979 518/3089/517
f 1766/3088/2618 518/3089/517 1767/3090/2590
f 1767/3090/2590 518/3089/517 517/3091/519
f 1767/3090/2590 517/3091/519 1822/3092/2980
f 1822/3092/2980 517/3091/519 1834/3093/2981
f 1822/3092/2980 1834/3093/2981 1823/3094/2982
f 1823/3094/2982 1834/3093/2981 1835/3095/2983
f 1823/3094/2982 1835/3095/2983 1824/3096/2984
f 1824/3096/2984 1835/3095/2983 1836/3097/2985
f 1824/3096/2984 1836/3097/2985 1825/3098/2986
f 1825/3098/2986 1836/3097/2985 1837/3099/2987
f 1825/3098/2986 1837/3099/2987 1826/3100/2988
f 1826/3100/2988 1837/3099/2987 1838/3101/2989
f 1826/3100/2988 1838/3101/2989 631/3102/631
f 631/3102/631 1838/3101/2989 1839/3103/2990
f 631/3102/631 1839/3103/2990 632/3104/632
f 632/3104/632 1839/3103/2990 1840/3105/2991
f 632/3104/632 1840/3105/2991 1745/3106/2992
f 1745/3106/2992 1840/3105/2991 1841/3107/2993
f 1745/3106/2992 1841/3107/2993 1746/3108/2994
f 1746/3108/2994 1841/3107/2993 1842/3109/2995
f 1746/3108/2994 1842/3109/2995 1747/3110/2996
f 1747/3110/2996 1842/3109/2995 1843/3111/2997
f 1747/3110/2996 1843/3111/2997 1748/3112/2998
f 1748/3112/2998 1843/3111/2997 1844/3113/2999
f 1748/3112/2998 1844/3113/2999 1749/2820/2715
f 1749/2820/2715 1844/3113/2999 1845/3114/3000
f 1749/2820/2715 1845/3114/3000 1669/2818/2714
f 1669/2818/2714 1845/3114/3000 1846/3115/3001
f 1669/2818/2714 1682/3116/3002 1308/2806/2702
f 1224/3117/3003 1216/3118/3004 1225/2993/2887
f 1225/2993/2887 1216/3118/3004 1215/3119/3005
f 1225/2993/2887 1215/3119/3005 1214/3120/3006
f 1216/3118/3004 1224/3117/3003 1217/3121/3007
f 1217/3121/3007 1224/3117/3003 1223/3122/3008
f 1217/3121/3007 1223/3122/3008 1218/3123/3009
f 1218/3123/3009 1223/3122/3008 1222/3124/3010
f 1218/3123/3009 1222/3124/3010 1219/3125/3011
f 1219/3125/3011 1222/3124/3010 1221/3126/3012
f 1219/3125/3011 1221/3126/3012 1220/3127/3013
f 1214/3120/3006 1213/2995/2889 1225/2993/2887
f 1228/3056/2950 1227/3128/3014 1314/3050/2944
f 1314/3050/2944 1227/3128/3014 1273/3129/3015
f 1314/3050/2944 1273/3129/3015 1272/3130/3016
f 1227/3128/3014 1226/3131/3017 1273/3129/3015
f 1273/3129/3015 1226/3131/3017 1274/3132/3018
f 1274/3132/3018 1226/3131/3017 1275/3133/3019
f 1272/3130/3016 1271/3134/3020 1314/3050/2944
f 1314/3050/2944 1271/3134/3020 1270/3051/2945
f 1245/2886/2780 1254/2888/2782 1246/3135/3021
f 1246/3135/3021 1254/2888/2782 1253/3136/3022
f 1246/3135/3021 1253/3136/3022 1252/3137/3023
f 1302/2910/2804 1301/3138/3024 1291/2902/2796
f 1291/2902/2796 1301/3138/3024 1300/3139/3025
f 1291/2902/2796 1300/3139/3025 1292/3140/3026
f 1292/3140/3026 1300/3139/3025 1299/3141/3027
f 1292/3140/3026 1299/3141/3027 1293/3142/3028
f 1293/3142/3028 1299/3141/3027 1298/3143/3029
f 1293/3142/3028 1298/3143/3029 1294/3144/3030
f 1294/3144/3030 1298/3143/3029 1297/3145/3031
f 1294/3144/3030 1297/3145/3031 1295/3146/3032
f 1295/3146/3032 1297/3145/3031 1296/3147/3033
f 964/3075/2967 1858/3148/3034 1859/3073/2965
f 1765/3149/3035 312/3150/3036 1766/3151/3037
f 1766/3151/3037 312/3150/3036 311/3152/3038
f 1766/3151/3037 311/3152/3038 1847/3153/3039
f 1847/3153/3039 311/3152/3038 310/3154/3040
f 1847/3153/3039 310/3154/3040 1848/3155/3041
f 1848/3155/3041 310/3154/3040 1849/3156/3042
f 1849/3156/3042 310/3154/3040 309/3157/3043
f 1849/3156/3042 309/3157/3043 1850/3158/3044
f 1850/3158/3044 309/3157/3043 308/3159/3045
f 1850/3158/3044 308/3159/3045 307/3160/3046
f 312/3150/3036 1765/3149/3035 1879/3161/3047
f 1879/3161/3047 1765/3149/3035 1764/3162/3048
f 1879/3161/3047 1764/3162/3048 1878/3163/3049
f 1878/3163/3049 1764/3162/3048 1763/3164/3050
f 1878/3163/3049 1763/3164/3050 1877/3165/3051
f 1877/3165/3051 1763/3164/3050 1876/3166/3052
f 1876/3166/3052 1763/3164/3050 1762/3167/3053
f 1876/3166/3052 1762/3167/3053 1761/3168/3054
f 1876/3166/3052 1761/3168/3054 1875/3169/3055
f 1875/3169/3055 1761/3168/3054 1760/3170/3056
f 1875/3169/3055 1760/3170/3056 1874/3171/3057
f 1874/3171/3057 1760/3170/3056 1759/3172/3058
f 1874/3171/3057 1759/3172/3058 1873/3173/3059
f 1873/3173/3059 1759/3172/3058 1872/3174/3060
f 1872/3174/3060 1759/3172/3058 1758/3175/3061
f 1872/3174/3060 1758/3175/3061 1757/3176/3062
f 1756/3177/3063 1870/3178/3064 1757/3176/3062
f 1757/3176/3062 1870/3178/3064 1871/3179/3065
f 1757/3176/3062 1871/3179/3065 1872/3174/3060
f 1756/3177/3063 1755/3180/3066 1870/3178/3064
f 1870/3178/3064 1755/3180/3066 1869/3181/3067
f 1869/3181/3067 1755/3180/3066 1868/3182/3068
f 1868/3182/3068 1755/3180/3066 1754/3183/3069
f 1868/3182/3068 1754/3183/3069 1753/3184/3070
f 1752/3185/3071 1866/3186/3072 1753/3184/3070
f 1753/3184/3070 1866/3186/3072 1867/3187/3073
f 1753/3184/3070 1867/3187/3073 1868/3182/3068
f 1866/3186/3072 1752/3185/3071 1865/3188/3074
f 1865/3188/3074 1752/3185/3071 1751/3189/3075
f 1865/3188/3074 1751/3189/3075 1864/3190/3076
f 1864/3190/3076 1751/3189/3075 1750/3191/3077
f 1864/3190/3076 1750/3191/3077 1696/3192/3078
f 1696/3192/3078 1750/3191/3077 1697/3193/3079
f 1850/3158/3044 307/3160/3046 1851/3194/3080
f 1851/3194/3080 307/3160/3046 19/3195/3081
f 1851/3194/3080 19/3195/3081 62/3196/3082
f 62/3196/3082 19/3195/3081 18/3197/3083
f 62/3196/3082 18/3197/3083 63/3198/3084
f 63/3198/3084 18/3197/3083 17/3199/3085
f 63/3198/3084 17/3199/3085 64/3200/3086
f 64/3200/3086 17/3199/3085 16/3201/3087
f 64/3200/3086 16/3201/3087 65/3202/3088
f 65/3202/3088 16/3201/3087 66/3203/3089
f 66/3203/3089 16/3201/3087 15/3204/3090
f 66/3203/3089 15/3204/3090 14/3205/3091
f 66/3203/3089 14/3205/3091 67/3206/3092
f 67/3206/3092 14/3205/3091 13/3207/3093
f 67/3206/3092 13/3207/3093 68/3208/3094
f 68/3208/3094 13/3207/3093 12/3209/3095
f 68/3208/3094 12/3209/3095 69/3210/3096
f 69/3210/3096 12/3209/3095 70/3211/3097
f 70/3211/3097 12/3209/3095 11/3212/3098
f 70/3211/3097 11/3212/3098 10/3213/3099
f 9/3214/3100 72/3215/3101 10/3213/3099
f 10/3213/3099 72/3215/3101 71/3216/3102
f 10/3213/3099 71/3216/3102 70/3211/3097
f 9/3214/3100 8/3217/3103 72/3215/3101
f 72/3215/3101 8/3217/3103 73/3218/3104
f 73/3218/3104 8/3217/3103 74/3219/3105
f 74/3219/3105 8/3217/3103 7/3220/3106
f 74/3219/3105 7/3220/3106 6/3221/3107
f 5/3222/3108 76/3223/3109 6/3221/3107
f 6/3221/3107 76/3223/3109 75/3224/3110
f 6/3221/3107 75/3224/3110 74/3219/3105
f 76/3223/3109 5/3222/3108 77/3225/3111
f 77/3225/3111 5/3222/3108 4/3226/3112
f 77/3225/3111 4/3226/3112 78/3227/3113
f 78/3227/3113 4/3226/3112 3/3228/3114
f 78/3227/3113 3/3228/3114 60/3229/3115
f 60/3229/3115 3/3228/3114 2/3230/3116
f 94/3231/3117 20/3232/3118 61/3233/3119
f 61/3233/3119 20/3232/3118 458/3234/3120
f 61/3233/3119 458/3234/3120 1852/3235/3121
f 1852/3235/3121 458/3234/3120 457/3236/3122
f 1852/3235/3121 457/3236/3122 1853/3237/3123
f 1853/3237/3123 457/3236/3122 1854/3238/3124
f 1854/3238/3124 457/3236/3122 456/3239/3125
f 1854/3238/3124 456/3239/3125 1855/3240/3126
f 1855/3240/3126 456/3239/3125 455/3241/3127
f 1855/3240/3126 455/3241/3127 454/3242/3128
f 20/3232/3118 94/3231/3117 21/3243/3129
f 21/3243/3129 94/3231/3117 93/3244/3130
f 21/3243/3129 93/3244/3130 22/3245/3131
f 22/3245/3131 93/3244/3130 92/3246/3132
f 22/3245/3131 92/3246/3132 23/3247/3133
f 23/3247/3133 92/3246/3132 24/3248/3134
f 24/3248/3134 92/3246/3132 91/3249/3135
f 24/3248/3134 91/3249/3135 90/3250/3136
f 24/3248/3134 90/3250/3136 25/3251/3137
f 25/3251/3137 90/3250/3136 89/3252/3138
f 25/3251/3137 89/3252/3138 26/3253/3139
f 26/3253/3139 89/3252/3138 88/3254/3140
f 26/3253/3139 88/3254/3140 27/3255/3141
f 27/3255/3141 88/3254/3140 28/3256/3142
f 28/3256/3142 88/3254/3140 87/3257/3143
f 28/3256/3142 87/3257/3143 86/3258/3144
f 85/3259/3145 30/3260/3146 86/3258/3144
f 86/3258/3144 30/3260/3146 29/3261/3147
f 86/3258/3144 29/3261/3147 28/3256/3142
f 85/3259/3145 84/3262/3148 30/3260/3146
f 30/3260/3146 84/3262/3148 31/3263/3149
f 31/3263/3149 84/3262/3148 32/3264/3150
f 32/3264/3150 84/3262/3148 83/3265/3151
f 32/3264/3150 83/3265/3151 82/3266/3152
f 81/3267/3153 34/3268/3154 82/3266/3152
f 82/3266/3152 34/3268/3154 33/3269/3155
f 82/3266/3152 33/3269/3155 32/3264/3150
f 34/3268/3154 81/3267/3153 35/3270/3156
f 35/3270/3156 81/3267/3153 80/3271/3157
f 35/3270/3156 80/3271/3157 36/3272/3158
f 36/3272/3158 80/3271/3157 79/3273/3159
f 36/3272/3158 79/3273/3159 1/3274/3160
f 1/3274/3160 79/3273/3159 59/3275/3161
f 1855/3240/3126 454/3242/3128 1856/3276/3162
f 1856/3276/3162 454/3242/3128 453/3277/3163
f 1856/3276/3162 453/3277/3163 1857/3278/3164
f 1857/3278/3164 453/3277/3163 1109/3279/3165
f 1857/3278/3164 1109/3279/3165 1896/3280/3166
f 1896/3280/3166 1109/3279/3165 1108/3281/3167
f 1896/3280/3166 1108/3281/3167 1895/3282/3168
f 1895/3282/3168 1108/3281/3167 1107/3283/3169
f 1895/3282/3168 1107/3283/3169 1894/3284/3170
f 1894/3284/3170 1107/3283/3169 1893/3285/3171
f 1893/3285/3171 1107/3283/3169 1106/3286/3172
f 1893/3285/3171 1106/3286/3172 1105/3287/3173
f 1893/3285/3171 1105/3287/3173 1892/3288/3174
f 1892/3288/3174 1105/3287/3173 1104/3289/3175
f 1892/3288/3174 1104/3289/3175 1891/3290/3176
f 1891/3290/3176 1104/3289/3175 1103/3291/3177
f 1891/3290/3176 1103/3291/3177 1890/3292/3178
f 1890/3292/3178 1103/3291/3177 1889/3293/3179
f 1889/3293/3179 1103/3291/3177 1102/3294/3180
f 1889/3293/3179 1102/3294/3180 1101/3295/3181
f 1100/3296/3182 1887/3297/3183 1101/3295/3181
f 1101/3295/3181 1887/3297/3183 1888/3298/3184
f 1101/3295/3181 1888/3298/3184 1889/3293/3179
f 1100/3296/3182 1099/3299/3185 1887/3297/3183
f 1887/3297/3183 1099/3299/3185 1886/3300/3186
f 1886/3300/3186 1099/3299/3185 1885/3301/3187
f 1885/3301/3187 1099/3299/3185 1098/3302/3188
f 1885/3301/3187 1098/3302/3188 1097/3303/3189
f 1096/3304/3190 1883/3305/3191 1097/3303/3189
f 1097/3303/3189 1883/3305/3191 1884/3306/3192
f 1097/3303/3189 1884/3306/3192 1885/3301/3187
f 1883/3305/3191 1096/3304/3190 1882/3307/3193
f 1882/3307/3193 1096/3304/3190 1095/3308/3194
f 1882/3307/3193 1095/3308/3194 1881/3309/3195
f 1881/3309/3195 1095/3308/3194 1094/3310/3196
f 1881/3309/3195 1094/3310/3196 1880/3311/3197
f 1880/3311/3197 1094/3310/3196 1093/3312/3198
f 965/3313/2968 1857/3314/2969 966/3315/3199
f 966/3315/3199 1857/3314/2969 1897/3316/3200
f 966/3315/3199 1897/3316/3200 967/3317/3201
f 967/3317/3201 1897/3316/3200 1898/3318/3202
f 967/3317/3201 1898/3318/3202 968/3319/3203
f 968/3319/3203 1898/3318/3202 1899/3320/3204
f 968/3319/3203 1899/3320/3204 969/3321/3205
f 969/3321/3205 1899/3320/3204 970/3322/3206
f 970/3322/3206 1899/3320/3204 1900/3323/3207
f 970/3322/3206 1900/3323/3207 971/3324/3208
f 971/3324/3208 1900/3323/3207 1901/3325/3209
f 971/3324/3208 1901/3325/3209 972/3326/3210
f 972/3326/3210 1901/3325/3209 1902/3327/3211
f 972/3326/3210 1902/3327/3211 906/3328/3212
f 906/3328/3212 1902/3327/3211 907/3329/3213
f 907/3329/3213 1902/3327/3211 1903/3330/3214
f 907/3329/3213 1903/3330/3214 908/3331/3215
f 908/3331/3215 1903/3330/3214 1904/3332/3216
f 908/3331/3215 1904/3332/3216 909/3333/3217
f 909/3333/3217 1904/3332/3216 1905/3334/3218
f 909/3333/3217 1905/3334/3218 910/3335/3219
f 910/3335/3219 1905/3334/3218 911/3336/3220
f 911/3336/3220 1905/3334/3218 1906/3337/3221
f 911/3336/3220 1906/3337/3221 912/3338/3222
f 912/3338/3222 1906/3337/3221 1907/3339/3223
f 912/3338/3222 1907/3339/3223 913/3340/3224
f 913/3340/3224 1907/3339/3223 914/3341/3225
f 914/3341/3225 1907/3339/3223 1881/3342/3226
f 914/3341/3225 1881/3342/3226 1880/3343/3227
f 1857/3314/2969 1896/3344/3228 1897/3316/3200
f 1897/3316/3200 1896/3344/3228 1895/3345/3229
f 1897/3316/3200 1895/3345/3229 1894/3346/3230
f 1897/3316/3200 1894/3346/3230 1898/3318/3202
f 1898/3318/3202 1894/3346/3230 1893/3347/3231
f 1898/3318/3202 1893/3347/3231 1892/3348/3232
f 1898/3318/3202 1892/3348/3232 1899/3320/3204
f 1899/3320/3204 1892/3348/3232 1891/3349/3233
f 1899/3320/3204 1891/3349/3233 1900/3323/3207
f 1900/3323/3207 1891/3349/3233 1890/3350/3234
f 1900/3323/3207 1890/3350/3234 1889/3351/3235
f 1900/3323/3207 1889/3351/3235 1901/3325/3209
f 1901/3325/3209 1889/3351/3235 1888/3352/3236
f 1901/3325/3209 1888/3352/3236 1887/3353/3237
f 1901/3325/3209 1887/3353/3237 1902/3327/3211
f 1902/3327/3211 1887/3353/3237 1886/3354/3238
f 1902/3327/3211 1886/3354/3238 1903/3330/3214
f 1903/3330/3214 1886/3354/3238 1885/3355/3239
f 1903/3330/3214 1885/3355/3239 1904/3332/3216
f 1904/3332/3216 1885/3355/3239 1884/3356/3240
f 1904/3332/3216 1884/3356/3240 1905/3334/3218
f 1905/3334/3218 1884/3356/3240 1883/3357/3241
f 1905/3334/3218 1883/3357/3241 1906/3337/3221
f 1906/3337/3221 1883/3357/3241 1882/3358/3242
f 1906/3337/3221 1882/3358/3242 1907/3339/3223
f 1907/3339/3223 1882/3358/3242 1881/3342/3226
f 1079/3359/3243 1078/3360/3244 1067/3361/3245
f 1067/3361/3245 1078/3360/3244 1077/3362/3246
f 1067/3361/3245 1077/3362/3246 1076/3363/3247
f 1076/3363/3247 1075/3364/3248 1067/3361/3245
f 1067/3361/3245 1075/3364/3248 1074/3365/3249
f 1067/3361/3245 1074/3365/3249 1073/3366/3250
f 1073/3366/3250 1072/3367/3251 1067/3361/3245
f 1067/3361/3245 1072/3367/3251 1071/3368/3252
f 1067/3361/3245 1071/3368/3252 1070/3369/3253
f 1070/3369/3253 1069/3370/3254 1067/3361/3245
f 1067/3361/3245 1069/3370/3254 1068/3371/3255
f 1067/3361/3245 1068/3371/3255 1054/3372/3256
f 1054/3372/3256 1068/3371/3255 1041/3373/3257
f 1041/3373/3257 1068/3371/3255 1080/3374/3258
f 1041/3373/3257 1080/3374/3258 1053/3375/3259
f 1053/3375/3259 1080/3374/3258 1081/3376/3260
f 1081/3376/3260 1080/3374/3258 1092/3377/3261
f 1081/3376/3260 1092/3377/3261 1091/3378/3262
f 1091/3378/3262 1090/3379/3263 1081/3376/3260
f 1081/3376/3260 1090/3379/3263 1089/3380/3264
f 1081/3376/3260 1089/3380/3264 1088/3381/3265
f 1088/3381/3265 1087/3382/3266 1081/3376/3260
f 1081/3376/3260 1087/3382/3266 1086/3383/3267
f 1081/3376/3260 1086/3383/3267 1085/3384/3268
f 1085/3384/3268 1084/3385/3269 1081/3376/3260
f 1081/3376/3260 1084/3385/3269 1083/3386/3270
f 1081/3376/3260 1083/3386/3270 1082/3387/3271
f 1052/3388/3272 1051/3389/3273 1053/3375/3259
f 1053/3375/3259 1051/3389/3273 1050/3390/3274
f 1053/3375/3259 1050/3390/3274 1049/3391/3275
f 1049/3391/3275 1048/3392/3276 1053/3375/3259
f 1053/3375/3259 1048/3392/3276 1047/3393/3277
f 1053/3375/3259 1047/3393/3277 1046/3394/3278
f 1046/3394/3278 1045/3395/3279 1053/3375/3259
f 1053/3375/3259 1045/3395/3279 1044/3396/3280
f 1053/3375/3259 1044/3396/3280 1043/3397/3281
f 1043/3397/3281 1042/3398/3282 1053/3375/3259
f 1053/3375/3259 1042/3398/3282 1041/3373/3257
f 1066/3399/3283 1058/3400/3284 1054/3372/3256
f 1054/3372/3256 1058/3400/3284 1057/3401/3285
f 1054/3372/3256 1057/3401/3285 1056/3402/3286
f 1066/3399/3283 1065/3403/3287 1058/3400/3284
f 1058/3400/3284 1065/3403/3287 1064/3404/3288
f 1058/3400/3284 1064/3404/3288 1063/3405/3289
f 1063/3405/3289 1062/3406/3290 1058/3400/3284
f 1058/3400/3284 1062/3406/3290 1061/3407/3291
f 1058/3400/3284 1061/3407/3291 1060/3408/3292
f 1060/3408/3292 1059/3409/3293 1058/3400/3284
f 1056/3402/3286 1055/3410/3294 1054/3372/3256
f 1054/3372/3256 1055/3410/3294 1067/3361/3245
f 1653/3411/3295 1908/3412/3296 1654/3413/3297
f 1654/3413/3297 1908/3412/3296 1729/3414/3298
f 1654/3413/3297 1729/3414/3298 1728/3415/3299
f 1908/3412/3296 1653/3411/3295 1909/3416/3300
f 1909/3416/3300 1653/3411/3295 1652/3417/3301
f 1909/3416/3300 1652/3417/3301 1910/3418/3302
f 1910/3418/3302 1652/3417/3301 1651/3419/3303
f 1910/3418/3302 1651/3419/3303 1911/3420/3304
f 1911/3420/3304 1651/3419/3303 1650/3421/3305
f 1911/3420/3304 1650/3421/3305 1912/3422/3306
f 1912/3422/3306 1650/3421/3305 1649/3423/3307
f 1912/3422/3306 1649/3423/3307 1913/3424/3308
f 1913/3424/3308 1649/3423/3307 1648/3425/3309
f 1913/3424/3308 1648/3425/3309 1914/3426/3310
f 1914/3426/3310 1648/3425/3309 1647/3427/3311
f 1914/3426/3310 1647/3427/3311 1915/3428/3312
f 1915/3428/3312 1647/3427/3311 1646/3429/3313
f 1915/3428/3312 1646/3429/3313 1916/3430/3314
f 1916/3430/3314 1646/3429/3313 1645/3431/3315
f 1916/3430/3314 1645/3431/3315 1917/3432/3316
f 1917/3432/3316 1645/3431/3315 1644/3433/3317
f 1917/3432/3316 1644/3433/3317 1918/3434/3318
f 1918/3434/3318 1644/3433/3317 1643/3435/3319
f 1918/3434/3318 1643/3435/3319 1744/3436/3320
f 1744/3436/3320 1643/3435/3319 327/3437/360
f 1744/3436/3320 327/3437/360 326/3438/425
f 1744/3436/3320 1743/3439/3321 1918/3434/3318
f 1918/3434/3318 1743/3439/3321 1742/3440/3322
f 1918/3434/3318 1742/3440/3322 1917/3432/3316
f 1917/3432/3316 1742/3440/3322 1741/3441/3323
f 1917/3432/3316 1741/3441/3323 1740/3442/3324
f 1917/3432/3316 1740/3442/3324 1916/3430/3314
f 1916/3430/3314 1740/3442/3324 1739/3443/3325
f 1916/3430/3314 1739/3443/3325 1915/3428/3312
f 1915/3428/3312 1739/3443/3325 1738/3444/3326
f 1915/3428/3312 1738/3444/3326 1737/3445/3327
f 1915/3428/3312 1737/3445/3327 1914/3426/3310
f 1914/3426/3310 1737/3445/3327 1736/3446/3328
f 1914/3426/3310 1736/3446/3328 1735/3447/3329
f 1914/3426/3310 1735/3447/3329 1913/3424/3308
f 1913/3424/3308 1735/3447/3329 1734/3448/3330
f 1913/3424/3308 1734/3448/3330 1912/3422/3306
f 1912/3422/3306 1734/3448/3330 1733/3449/3331
f 1912/3422/3306 1733/3449/3331 1911/3420/3304
f 1911/3420/3304 1733/3449/3331 1732/3450/3332
f 1911/3420/3304 1732/3450/3332 1910/3418/3302
f 1910/3418/3302 1732/3450/3332 1731/3451/3333
f 1910/3418/3302 1731/3451/3333 1909/3416/3300
f 1909/3416/3300 1731/3451/3333 1730/3452/3334
f 1909/3416/3300 1730/3452/3334 1908/3412/3296
f 1908/3412/3296 1730/3452/3334 1729/3414/3298
f 1728/3453/3299 1699/3454/2465 1654/3455/3297
f 1654/3455/3297 1699/3454/2465 1655/3456/2464
f 1654/3455/3297 1655/3456/2464 329/3457/3335
f 329/3457/3335 1655/3456/2464 1290/3458/3336
f 1290/3458/3336 1655/3456/2464 1668/3459/3337
f 329/3457/3335 328/3460/3338 1654/3455/3297
f 312/3461/399 1879/3462/3339 313/3463/401
f 313/3463/401 1879/3462/3339 1806/3464/3340
f 1806/3464/3340 1879/3462/3339 1807/3465/3341
f 1807/3465/3341 1879/3462/3339 1920/3466/3342
f 1807/3465/3341 1920/3466/3342 1808/3467/3343
f 1808/3467/3343 1920/3466/3342 1922/3468/3344
f 1808/3467/3343 1922/3468/3344 1809/3469/3345
f 1809/3469/3345 1922/3468/3344 1810/3470/3346
f 1810/3470/3346 1922/3468/3344 1924/3471/3347
f 1810/3470/3346 1924/3471/3347 1811/3472/3348
f 1811/3472/3348 1924/3471/3347 1926/3473/3349
f 1811/3472/3348 1926/3473/3349 1812/3474/3350
f 1812/3474/3350 1926/3473/3349 1813/3475/3351
f 1813/3475/3351 1926/3473/3349 1928/3476/3352
f 1813/3475/3351 1928/3476/3352 1814/3477/3353
f 1814/3477/3353 1928/3476/3352 1815/3478/3354
f 1815/3478/3354 1928/3476/3352 1930/3479/3355
f 1815/3478/3354 1930/3479/3355 1816/3480/3356
f 1816/3480/3356 1930/3479/3355 1932/3481/3357
f 1816/3480/3356 1932/3481/3357 1817/3482/3358
f 1817/3482/3358 1932/3481/3357 1934/3483/3359
f 1817/3482/3358 1934/3483/3359 1818/3484/3360
f 1818/3484/3360 1934/3483/3359 1936/3485/3361
f 1818/3484/3360 1936/3485/3361 1819/3486/3362
f 1819/3486/3362 1936/3485/3361 1938/3487/3363
f 1819/3486/3362 1938/3487/3363 1820/3488/3364
f 1820/3488/3364 1938/3487/3363 1940/3489/3365
f 1820/3488/3364 1940/3489/3365 1821/3490/3366
f 1821/3490/3366 1940/3489/3365 1695/3491/2437
f 1695/3491/2437 1940/3489/3365 1939/3492/3367
f 1695/3491/2437 1939/3492/3367 1864/3493/3368
f 1864/3493/3368 1939/3492/3367 1865/3494/3369
f 1865/3494/3369 1939/3492/3367 1937/3495/3370
f 1865/3494/3369 1937/3495/3370 1866/3496/3371
f 1866/3496/3371 1937/3495/3370 1935/3497/3372
f 1866/3496/3371 1935/3497/3372 1867/3498/3373
f 1867/3498/3373 1935/3497/3372 1933/3499/3374
f 1867/3498/3373 1933/3499/3374 1868/3500/3375
f 1868/3500/3375 1933/3499/3374 1931/3501/3376
f 1868/3500/3375 1931/3501/3376 1869/3502/3377
f 1869/3502/3377 1931/3501/3376 1929/3503/3378
f 1869/3502/3377 1929/3503/3378 1870/3504/3379
f 1870/3504/3379 1929/3503/3378 1927/3505/3380
f 1870/3504/3379 1927/3505/3380 1871/3506/3381
f 1871/3506/3381 1927/3505/3380 1872/3507/3382
f 1872/3507/3382 1927/3505/3380 1925/3508/3383
f 1872/3507/3382 1925/3508/3383 1873/3509/3384
f 1873/3509/3384 1925/3508/3383 1874/3510/3385
f 1874/3510/3385 1925/3508/3383 1923/3511/3386
f 1874/3510/3385 1923/3511/3386 1875/3512/3387
f 1875/3512/3387 1923/3511/3386 1921/3513/3388
f 1875/3512/3387 1921/3513/3388 1876/3514/3389
f 1876/3514/3389 1921/3513/3388 1877/3515/3390
f 1877/3515/3390 1921/3513/3388 1919/3516/3391
f 1877/3515/3390 1919/3516/3391 1878/3517/3392
f 1878/3517/3392 1919/3516/3391 1879/3462/3339
f 1879/3462/3339 1919/3516/3391 1920/3466/3342
f 1864/3493/3368 1696/3518/2435 1695/3491/2437
f 1922/3468/3344 1920/3466/3342 1919/3516/3391
f 1924/3471/3347 1922/3468/3344 1921/3513/3388
f 1921/3513/3388 1922/3468/3344 1919/3516/3391
f 1926/3473/3349 1924/3471/3347 1923/3511/3386
f 1923/3511/3386 1924/3471/3347 1921/3513/3388
f 1928/3476/3352 1926/3473/3349 1925/3508/3383
f 1925/3508/3383 1926/3473/3349 1923/3511/3386
f 1930/3479/3355 1928/3476/3352 1927/3505/3380
f 1927/3505/3380 1928/3476/3352 1925/3508/3383
f 1932/3481/3357 1930/3479/3355 1929/3503/3378
f 1929/3503/3378 1930/3479/3355 1927/3505/3380
f 1934/3483/3359 1932/3481/3357 1931/3501/3376
f 1931/3501/3376 1932/3481/3357 1929/3503/3378
f 1936/3485/3361 1934/3483/3359 1933/3499/3374
f 1933/3499/3374 1934/3483/3359 1931/3501/3376
f 1938/3487/3363 1936/3485/3361 1935/3497/3372
f 1935/3497/3372 1936/3485/3361 1933/3499/3374
f 1940/3489/3365 1938/3487/3363 1937/3495/3370
f 1937/3495/3370 1938/3487/3363 1935/3497/3372
f 1939/3492/3367 1940/3489/3365 1937/3495/3370
f 451/3519/386 450/3520/387 931/3521/3393
f 931/3521/3393 450/3520/387 1958/3522/3394
f 931/3521/3393 1958/3522/3394 932/3523/3395
f 932/3523/3395 1958/3522/3394 1959/3524/3396
f 932/3523/3395 1959/3524/3396 933/3525/3397
f 933/3525/3397 1959/3524/3396 1960/3526/3398
f 933/3525/3397 1960/3526/3398 934/3527/3399
f 934/3527/3399 1960/3526/3398 935/3528/3400
f 935/3528/3400 1960/3526/3398 1961/3529/3401
f 935/3528/3400 1961/3529/3401 936/3530/3402
f 936/3530/3402 1961/3529/3401 1962/3531/3403
f 936/3530/3402 1962/3531/3403 937/3532/3404
f 937/3532/3404 1962/3531/3403 1963/3533/3405
f 937/3532/3404 1963/3533/3405 938/3534/3406
f 938/3534/3406 1963/3533/3405 949/3535/3407
f 949/3535/3407 1963/3533/3405 1964/3536/3408
f 949/3535/3407 1964/3536/3408 950/3537/3409
f 950/3537/3409 1964/3536/3408 1965/3538/3410
f 950/3537/3409 1965/3538/3410 951/3539/3411
f 951/3539/3411 1965/3538/3410 1966/3540/3412
f 951/3539/3411 1966/3540/3412 952/3541/3413
f 952/3541/3413 1966/3540/3412 953/3542/3414
f 953/3542/3414 1966/3540/3412 1967/3543/3415
f 953/3542/3414 1967/3543/3415 954/3544/3416
f 954/3544/3416 1967/3543/3415 1968/3545/3417
f 954/3544/3416 1968/3545/3417 955/3546/3418
f 955/3546/3418 1968/3545/3417 956/3547/3419
f 956/3547/3419 1968/3545/3417 1956/3548/3420
f 956/3547/3419 1956/3548/3420 1957/3549/3421
f 450/3520/387 1941/3550/3422 1958/3522/3394
f 1958/3522/3394 1941/3550/3422 1942/3551/3423
f 1958/3522/3394 1942/3551/3423 1943/3552/3424
f 1958/3522/3394 1943/3552/3424 1959/3524/3396
f 1959/3524/3396 1943/3552/3424 1944/3553/3425
f 1959/3524/3396 1944/3553/3425 1945/3554/3426
f 1959/3524/3396 1945/3554/3426 1960/3526/3398
f 1960/3526/3398 1945/3554/3426 1946/3555/3427
f 1960/3526/3398 1946/3555/3427 1961/3529/3401
f 1961/3529/3401 1946/3555/3427 1947/3556/3428
f 1961/3529/3401 1947/3556/3428 1948/3557/3429
f 1961/3529/3401 1948/3557/3429 1962/3531/3403
f 1962/3531/3403 1948/3557/3429 1949/3558/3430
f 1962/3531/3403 1949/3558/3430 1950/3559/3431
f 1962/3531/3403 1950/3559/3431 1963/3533/3405
f 1963/3533/3405 1950/3559/3431 1951/3560/3432
f 1963/3533/3405 1951/3560/3432 1964/3536/3408
f 1964/3536/3408 1951/3560/3432 1952/3561/3433
f 1964/3536/3408 1952/3561/3433 1965/3538/3410
f 1965/3538/3410 1952/3561/3433 1953/3562/3434
f 1965/3538/3410 1953/3562/3434 1966/3540/3412
f 1966/3540/3412 1953/3562/3434 1954/3563/3435
f 1966/3540/3412 1954/3563/3435 1967/3543/3415
f 1967/3543/3415 1954/3563/3435 1955/3564/3436
f 1967/3543/3415 1955/3564/3436 1968/3545/3417
f 1968/3545/3417 1955/3564/3436 1956/3548/3420
f 940/3565/3437 956/3566/3419 1969/3567/3438
f 1969/3567/3438 956/3566/3419 1957/3568/3421
f 1969/3569/3439 1957/3570/3440 2019/3571/3441
f 2019/3571/3441 1957/3570/3440 1956/3572/3442
f 2019/3571/3441 1956/3572/3442 2018/3573/3443
f 2018/3573/3443 1956/3572/3442 1955/3574/3444
f 2018/3573/3443 1955/3574/3444 2017/3575/3445
f 2017/3575/3445 1955/3574/3444 1954/3576/3446
f 2017/3575/3445 1954/3576/3446 2016/3577/3447
f 2016/3577/3447 1954/3576/3446 1953/3578/3448
f 2016/3577/3447 1953/3578/3448 1952/3579/3449
f 1951/3580/3450 2014/3581/3451 1952/3579/3449
f 1952/3579/3449 2014/3581/3451 2015/3582/3452
f 1952/3579/3449 2015/3582/3452 2016/3577/3447
f 1951/3580/3450 1950/3583/3453 2014/3581/3451
f 2014/3581/3451 1950/3583/3453 2013/3584/3454
f 2013/3584/3454 1950/3583/3453 2012/3585/3455
f 2012/3585/3455 1950/3583/3453 1949/3586/3456
f 2012/3585/3455 1949/3586/3456 1948/3587/3457
f 1947/3588/3458 2010/3589/3459 1948/3587/3457
f 1948/3587/3457 2010/3589/3459 2011/3590/3460
f 1948/3587/3457 2011/3590/3460 2012/3585/3455
f 1947/3588/3458 1946/3591/3461 2010/3589/3459
f 2010/3589/3459 1946/3591/3461 2009/3592/3462
f 2009/3592/3462 1946/3591/3461 1945/3593/3463
f 2009/3592/3462 1945/3593/3463 2008/3594/3464
f 2008/3594/3464 1945/3593/3463 1944/3595/3465
f 2008/3594/3464 1944/3595/3465 2007/3596/3466
f 2007/3596/3466 1944/3595/3465 2006/3597/3467
f 2006/3597/3467 1944/3595/3465 1943/3598/3468
f 2006/3597/3467 1943/3598/3468 1942/3599/3469
f 2006/3597/3467 1942/3599/3469 2005/3600/3470
f 2005/3600/3470 1942/3599/3469 1941/3601/3471
f 2005/3600/3470 1941/3601/3471 2004/3602/3472
f 2004/3602/3472 1941/3601/3471 450/3603/3473
f 2004/3602/3472 450/3603/3473 1858/3604/3474
f 1858/3604/3474 450/3603/3473 449/3605/3475
f 1858/3604/3474 449/3605/3475 1859/3606/3476
f 1859/3606/3476 449/3605/3475 448/3607/3477
f 1859/3606/3476 448/3607/3477 1860/3608/3478
f 1860/3608/3478 448/3607/3477 1861/3609/3479
f 1861/3609/3479 448/3607/3477 447/3610/3480
f 1861/3609/3479 447/3610/3480 1862/3611/3481
f 1862/3611/3481 447/3610/3480 446/3612/3482
f 1862/3611/3481 446/3612/3482 445/3613/3483
f 1862/3611/3481 445/3613/3483 1863/3614/3484
f 1863/3614/3484 445/3613/3483 444/3615/3485
f 1863/3614/3484 444/3615/3485 1827/3616/3486
f 1827/3616/3486 444/3615/3485 1970/3617/3487
f 1827/3616/3486 1970/3617/3487 2003/3618/3488
f 2003/3618/3488 1970/3617/3487 1971/3619/3489
f 2003/3618/3488 1971/3619/3489 2002/3620/3490
f 2002/3620/3490 1971/3619/3489 1972/3621/3491
f 2002/3620/3490 1972/3621/3491 2001/3622/3492
f 2001/3622/3492 1972/3621/3491 2000/3623/3493
f 2000/3623/3493 1972/3621/3491 1973/3624/3494
f 2000/3623/3493 1973/3624/3494 1974/3625/3495
f 2000/3623/3493 1974/3625/3495 1999/3626/3496
f 1999/3626/3496 1974/3625/3495 1975/3627/3497
f 1999/3626/3496 1975/3627/3497 1998/3628/3498
f 1998/3628/3498 1975/3627/3497 1976/3629/3499
f 1998/3628/3498 1976/3629/3499 1997/3630/3500
f 1997/3630/3500 1976/3629/3499 1996/3631/3501
f 1996/3631/3501 1976/3629/3499 1977/3632/3502
f 1996/3631/3501 1977/3632/3502 1978/3633/3503
f 1979/3634/3504 1994/3635/3505 1978/3633/3503
f 1978/3633/3503 1994/3635/3505 1995/3636/3506
f 1978/3633/3503 1995/3636/3506 1996/3631/3501
f 1979/3634/3504 1980/3637/3507 1994/3635/3505
f 1994/3635/3505 1980/3637/3507 1993/3638/3508
f 1993/3638/3508 1980/3637/3507 1992/3639/3509
f 1992/3639/3509 1980/3637/3507 1981/3640/3510
f 1992/3639/3509 1981/3640/3510 1982/3641/3511
f 1983/3642/3512 1990/3643/3513 1982/3641/3511
f 1982/3641/3511 1990/3643/3513 1991/3644/3514
f 1982/3641/3511 1991/3644/3514 1992/3639/3509
f 1990/3643/3513 1983/3642/3512 1989/3645/3515
f 1989/3645/3515 1983/3642/3512 1984/3646/3516
f 1989/3645/3515 1984/3646/3516 1988/3647/3517
f 1988/3647/3517 1984/3646/3516 1985/3648/3518
f 1988/3647/3517 1985/3648/3518 1987/3649/3519
f 1987/3649/3519 1985/3648/3518 1986/3650/3520
f 940/3651/3437 1969/3652/3438 941/3653/3521
f 941/3653/3521 1969/3652/3438 2020/3654/3522
f 941/3653/3521 2020/3654/3522 942/3655/3523
f 942/3655/3523 2020/3654/3522 2021/3656/3524
f 942/3655/3523 2021/3656/3524 943/3657/3525
f 943/3657/3525 2021/3656/3524 2022/3658/3526
f 943/3657/3525 2022/3658/3526 944/3659/3527
f 944/3659/3527 2022/3658/3526 945/3660/3528
f 945/3660/3528 2022/3658/3526 2023/3661/3529
f 945/3660/3528 2023/3661/3529 946/3662/3530
f 946/3662/3530 2023/3661/3529 2024/3663/3531
f 946/3662/3530 2024/3663/3531 947/3664/3532
f 947/3664/3532 2024/3663/3531 2025/3665/3533
f 947/3664/3532 2025/3665/3533 948/3666/3534
f 948/3666/3534 2025/3665/3533 957/3667/3535
f 957/3667/3535 2025/3665/3533 2026/3668/3536
f 957/3667/3535 2026/3668/3536 958/3669/3537
f 958/3669/3537 2026/3668/3536 2027/3670/3538
f 958/3669/3537 2027/3670/3538 959/3671/3539
f 959/3671/3539 2027/3670/3538 2028/3672/3540
f 959/3671/3539 2028/3672/3540 960/3673/3541
f 960/3673/3541 2028/3672/3540 961/3674/3542
f 961/3674/3542 2028/3672/3540 2029/3675/3543
f 961/3674/3542 2029/3675/3543 962/3676/3544
f 962/3676/3544 2029/3675/3543 2030/3677/3545
f 962/3676/3544 2030/3677/3545 963/3678/3546
f 963/3678/3546 2030/3677/3545 964/3679/2967
f 964/3679/2967 2030/3677/3545 2004/3680/3547
f 964/3679/2967 2004/3680/3547 1858/3681/3034
f 1969/3652/3438 2019/3682/3548 2020/3654/3522
f 2020/3654/3522 2019/3682/3548 2018/3683/3549
f 2020/3654/3522 2018/3683/3549 2021/3656/3524
f 2021/3656/3524 2018/3683/3549 2017/3684/3550
f 2021/3656/3524 2017/3684/3550 2022/3658/3526
f 2022/3658/3526 2017/3684/3550 2016/3685/3551
f 2022/3658/3526 2016/3685/3551 2023/3661/3529
f 2023/3661/3529 2016/3685/3551 2015/3686/3552
f 2023/3661/3529 2015/3686/3552 2024/3663/3531
f 2024/3663/3531 2015/3686/3552 2014/3687/3553
f 2024/3663/3531 2014/3687/3553 2025/3665/3533
f 2025/3665/3533 2014/3687/3553 2013/3688/3554
f 2025/3665/3533 2013/3688/3554 2026/3668/3536
f 2026/3668/3536 2013/3688/3554 2012/3689/3555
f 2026/3668/3536 2012/3689/3555 2011/3690/3556
f 2026/3668/3536 2011/3690/3556 2027/3670/3538
f 2027/3670/3538 2011/3690/3556 2010/3691/3557
f 2027/3670/3538 2010/3691/3557 2009/3692/3558
f 2027/3670/3538 2009/3692/3558 2028/3672/3540
f 2028/3672/3540 2009/3692/3558 2008/3693/3559
f 2028/3672/3540 2008/3693/3559 2029/3675/3543
f 2029/3675/3543 2008/3693/3559 2007/3694/3560
f 2029/3675/3543 2007/3694/3560 2006/3695/3561
f 2029/3675/3543 2006/3695/3561 2030/3677/3545
f 2030/3677/3545 2006/3695/3561 2005/3696/3562
f 2030/3677/3545 2005/3696/3562 2004/3680/3547
f 1987/3697/3563 2031/3698/3564 1988/3699/3565
f 1988/3699/3565 2031/3698/3564 2049/3700/3566
f 1988/3699/3565 2049/3700/3566 1989/3701/3567
f 1989/3701/3567 2049/3700/3566 2051/3702/3568
f 1989/3701/3567 2051/3702/3568 1990/3703/3569
f 1990/3703/3569 2051/3702/3568 2053/3704/3570
f 1990/3703/3569 2053/3704/3570 1991/3705/3571
f 1991/3705/3571 2053/3704/3570 2055/3706/3572
f 1991/3705/3571 2055/3706/3572 1992/3707/3573
f 1992/3707/3573 2055/3706/3572 2057/3708/3574
f 1992/3707/3573 2057/3708/3574 1993/3709/3575
f 1993/3709/3575 2057/3708/3574 2059/3710/3576
f 1993/3709/3575 2059/3710/3576 1994/3711/3577
f 1994/3711/3577 2059/3710/3576 2061/3712/3578
f 1994/3711/3577 2061/3712/3578 1995/3713/3579
f 1995/3713/3579 2061/3712/3578 1996/3714/3580
f 1996/3714/3580 2061/3712/3578 2063/3715/3581
f 1996/3714/3580 2063/3715/3581 1997/3716/3582
f 1997/3716/3582 2063/3715/3581 1998/3717/3583
f 1998/3717/3583 2063/3715/3581 2065/3718/3584
f 1998/3717/3583 2065/3718/3584 1999/3719/3585
f 1999/3719/3585 2065/3718/3584 2067/3720/3586
f 1999/3719/3585 2067/3720/3586 2000/3721/3587
f 2000/3721/3587 2067/3720/3586 2001/3722/3588
f 2001/3722/3588 2067/3720/3586 2069/3723/3589
f 2001/3722/3588 2069/3723/3589 2002/3724/3590
f 2002/3724/3590 2069/3723/3589 2003/3725/3591
f 2003/3725/3591 2069/3723/3589 2068/3726/3592
f 2003/3725/3591 2068/3726/3592 2046/3727/3593
f 2046/3727/3593 2068/3726/3592 2045/3728/3594
f 2045/3728/3594 2068/3726/3592 2066/3729/3595
f 2045/3728/3594 2066/3729/3595 2044/3730/3596
f 2044/3730/3596 2066/3729/3595 2043/3731/3597
f 2043/3731/3597 2066/3729/3595 2064/3732/3598
f 2043/3731/3597 2064/3732/3598 2042/3733/3599
f 2042/3733/3599 2064/3732/3598 2062/3734/3600
f 2042/3733/3599 2062/3734/3600 2041/3735/3601
f 2041/3735/3601 2062/3734/3600 2040/3736/3602
f 2040/3736/3602 2062/3734/3600 2060/3737/3603
f 2040/3736/3602 2060/3737/3603 2039/3738/3604
f 2039/3738/3604 2060/3737/3603 2038/3739/3605
f 2038/3739/3605 2060/3737/3603 2058/3740/3606
f 2038/3739/3605 2058/3740/3606 2037/3741/3607
f 2037/3741/3607 2058/3740/3606 2056/3742/3608
f 2037/3741/3607 2056/3742/3608 2036/3743/3609
f 2036/3743/3609 2056/3742/3608 2054/3744/3610
f 2036/3743/3609 2054/3744/3610 2035/3745/3611
f 2035/3745/3611 2054/3744/3610 2052/3746/3612
f 2035/3745/3611 2052/3746/3612 2034/3747/3613
f 2034/3747/3613 2052/3746/3612 2050/3748/3614
f 2034/3747/3613 2050/3748/3614 2033/3749/3615
f 2033/3749/3615 2050/3748/3614 2048/3750/3616
f 2033/3749/3615 2048/3750/3616 2032/3751/3617
f 2032/3751/3617 2048/3750/3616 2031/3698/3564
f 2031/3698/3564 2048/3750/3616 2049/3700/3566
f 2046/3727/3593 2047/3752/3618 2003/3725/3591
f 2003/3725/3591 2047/3752/3618 1828/3753/2955
f 2003/3725/3591 1828/3753/2955 1827/3754/2956
f 2051/3702/3568 2049/3700/3566 2048/3750/3616
f 2053/3704/3570 2051/3702/3568 2050/3748/3614
f 2050/3748/3614 2051/3702/3568 2048/3750/3616
f 2055/3706/3572 2053/3704/3570 2052/3746/3612
f 2052/3746/3612 2053/3704/3570 2050/3748/3614
f 2057/3708/3574 2055/3706/3572 2054/3744/3610
f 2054/3744/3610 2055/3706/3572 2052/3746/3612
f 2059/3710/3576 2057/3708/3574 2056/3742/3608
f 2056/3742/3608 2057/3708/3574 2054/3744/3610
f 2061/3712/3578 2059/3710/3576 2058/3740/3606
f 2058/3740/3606 2059/3710/3576 2056/3742/3608
f 2063/3715/3581 2061/3712/3578 2060/3737/3603
f 2060/3737/3603 2061/3712/3578 2058/3740/3606
f 2065/3718/3584 2063/3715/3581 2062/3734/3600
f 2062/3734/3600 2063/3715/3581 2060/3737/3603
f 2067/3720/3586 2065/3718/3584 2064/3732/3598
f 2064/3732/3598 2065/3718/3584 2062/3734/3600
f 2069/3723/3589 2067/3720/3586 2066/3729/3595
f 2066/3729/3595 2067/3720/3586 2064/3732/3598
f 2068/3726/3592 2069/3723/3589 2066/3729/3595
f 2047/3755/3619 443/3756/3620 1828/3757/3621
f 1828/3757/3621 443/3756/3620 442/3758/3622
f 1828/3757/3621 442/3758/3622 1829/3759/3623
f 1829/3759/3623 442/3758/3622 441/3760/3624
f 1829/3759/3623 441/3760/3624 1830/3761/3625
f 1830/3761/3625 441/3760/3624 1831/3762/3626
f 1831/3762/3626 441/3760/3624 440/3763/3627
f 1831/3762/3626 440/3763/3627 1832/3764/3628
f 1832/3764/3628 440/3763/3627 439/3765/3629
f 1832/3764/3628 439/3765/3629 438/3766/3630
f 443/3756/3620 2047/3755/3619 2086/3767/3631
f 2086/3767/3631 2047/3755/3619 2046/3768/3632
f 2086/3767/3631 2046/3768/3632 2085/3769/3633
f 2085/3769/3633 2046/3768/3632 2045/3770/3634
f 2085/3769/3633 2045/3770/3634 2084/3771/3635
f 2084/3771/3635 2045/3770/3634 2083/3772/3636
f 2083/3772/3636 2045/3770/3634 2044/3773/3637
f 2083/3772/3636 2044/3773/3637 2043/3774/3638
f 2083/3772/3636 2043/3774/3638 2082/3775/3639
f 2082/3775/3639 2043/3774/3638 2042/3776/3640
f 2082/3775/3639 2042/3776/3640 2081/3777/3641
f 2081/3777/3641 2042/3776/3640 2041/3778/3642
f 2081/3777/3641 2041/3778/3642 2080/3779/3643
f 2080/3779/3643 2041/3778/3642 2079/3780/3644
f 2079/3780/3644 2041/3778/3642 2040/3781/3645
f 2079/3780/3644 2040/3781/3645 2039/3782/3646
f 2038/3783/3647 2077/3784/3648 2039/3782/3646
f 2039/3782/3646 2077/3784/3648 2078/3785/3649
f 2039/3782/3646 2078/3785/3649 2079/3780/3644
f 2038/3783/3647 2037/3786/3650 2077/3784/3648
f 2077/3784/3648 2037/3786/3650 2076/3787/3651
f 2076/3787/3651 2037/3786/3650 2075/3788/3652
f 2075/3788/3652 2037/3786/3650 2036/3789/3653
f 2075/3788/3652 2036/3789/3653 2035/3790/3654
f 2034/3791/3655 2073/3792/3656 2035/3790/3654
f 2035/3790/3654 2073/3792/3656 2074/3793/3657
f 2035/3790/3654 2074/3793/3657 2075/3788/3652
f 2073/3792/3656 2034/3791/3655 2072/3794/3658
f 2072/3794/3658 2034/3791/3655 2033/3795/3659
f 2072/3794/3658 2033/3795/3659 2071/3796/3660
f 2071/3796/3660 2033/3795/3659 2032/3797/3661
f 2071/3796/3660 2032/3797/3661 2070/3798/3662
f 2070/3798/3662 2032/3797/3661 2031/3799/3663
f 1832/3764/3628 438/3766/3630 1833/3800/3664
f 1833/3800/3664 438/3766/3630 437/3801/3665
f 1833/3800/3664 437/3801/3665 518/3802/3666
f 518/3802/3666 437/3801/3665 476/3803/3667
f 518/3802/3666 476/3803/3667 519/3804/3668
f 519/3804/3668 476/3803/3667 475/3805/3669
f 519/3804/3668 475/3805/3669 520/3806/3670
f 520/3806/3670 475/3805/3669 474/3807/3671
f 520/3806/3670 474/3807/3671 521/3808/3672
f 521/3808/3672 474/3807/3671 522/3809/3673
f 522/3809/3673 474/3807/3671 473/3810/3674
f 522/3809/3673 473/3810/3674 472/3811/3675
f 522/3809/3673 472/3811/3675 523/3812/3676
f 523/3812/3676 472/3811/3675 471/3813/3677
f 523/3812/3676 471/3813/3677 524/3814/3678
f 524/3814/3678 471/3813/3677 470/3815/3679
f 524/3814/3678 470/3815/3679 525/3816/3680
f 525/3816/3680 470/3815/3679 526/3817/3681
f 526/3817/3681 470/3815/3679 469/3818/3682
f 526/3817/3681 469/3818/3682 468/3819/3683
f 467/3820/3684 528/3821/3685 468/3819/3683
f 468/3819/3683 528/3821/3685 527/3822/3686
f 468/3819/3683 527/3822/3686 526/3817/3681
f 467/3820/3684 466/3823/3687 528/3821/3685
f 528/3821/3685 466/3823/3687 529/3824/3688
f 529/3824/3688 466/3823/3687 530/3825/3689
f 530/3825/3689 466/3823/3687 465/3826/3690
f 530/3825/3689 465/3826/3690 464/3827/3691
f 463/3828/3692 532/3829/3693 464/3827/3691
f 464/3827/3691 532/3829/3693 531/3830/3694
f 464/3827/3691 531/3830/3694 530/3825/3689
f 532/3829/3693 463/3828/3692 533/3831/3695
f 533/3831/3695 463/3828/3692 462/3832/3696
f 533/3831/3695 462/3832/3696 534/3833/3697
f 534/3833/3697 462/3832/3696 461/3834/3698
f 534/3833/3697 461/3834/3698 516/3835/3699
f 516/3835/3699 461/3834/3698 460/3836/3700
f 2070/3837/3701 2031/3838/3564 1986/3839/3702
f 1986/3839/3702 2031/3838/3564 1987/3840/3563
f 444/3841/374 443/3842/373 1970/3843/3703
f 1970/3843/3703 443/3842/373 2088/3844/3704
f 1970/3843/3703 2088/3844/3704 1971/3845/3705
f 1971/3845/3705 2088/3844/3704 1972/3846/3706
f 1972/3846/3706 2088/3844/3704 2090/3847/3707
f 1972/3846/3706 2090/3847/3707 1973/3848/3708
f 1973/3848/3708 2090/3847/3707 1974/3849/3709
f 1974/3849/3709 2090/3847/3707 2092/3850/3710
f 1974/3849/3709 2092/3850/3710 1975/3851/3711
f 1975/3851/3711 2092/3850/3710 2094/3852/3712
f 1975/3851/3711 2094/3852/3712 1976/3853/3713
f 1976/3853/3713 2094/3852/3712 1977/3854/3714
f 1977/3854/3714 2094/3852/3712 2096/3855/3715
f 1977/3854/3714 2096/3855/3715 1978/3856/3716
f 1978/3856/3716 2096/3855/3715 1979/3857/3717
f 1979/3857/3717 2096/3855/3715 2098/3858/3718
f 1979/3857/3717 2098/3858/3718 1980/3859/3719
f 1980/3859/3719 2098/3858/3718 2100/3860/3720
f 1980/3859/3719 2100/3860/3720 1981/3861/3721
f 1981/3861/3721 2100/3860/3720 2102/3862/3722
f 1981/3861/3721 2102/3862/3722 1982/3863/3723
f 1982/3863/3723 2102/3862/3722 2104/3864/3724
f 1982/3863/3723 2104/3864/3724 1983/3865/3725
f 1983/3865/3725 2104/3864/3724 2106/3866/3726
f 1983/3865/3725 2106/3866/3726 1984/3867/3727
f 1984/3867/3727 2106/3866/3726 2108/3868/3728
f 1984/3867/3727 2108/3868/3728 1985/3869/3729
f 1985/3869/3729 2108/3868/3728 1986/3870/3702
f 1986/3870/3702 2108/3868/3728 2107/3871/3730
f 1986/3870/3702 2107/3871/3730 2071/3872/3731
f 2071/3872/3731 2107/3871/3730 2072/3873/3732
f 2072/3873/3732 2107/3871/3730 2105/3874/3733
f 2072/3873/3732 2105/3874/3733 2073/3875/3734
f 2073/3875/3734 2105/3874/3733 2103/3876/3735
f 2073/3875/3734 2103/3876/3735 2074/3877/3736
f 2074/3877/3736 2103/3876/3735 2101/3878/3737
f 2074/3877/3736 2101/3878/3737 2075/3879/3738
f 2075/3879/3738 2101/3878/3737 2099/3880/3739
f 2075/3879/3738 2099/3880/3739 2076/3881/3740
f 2076/3881/3740 2099/3880/3739 2097/3882/3741
f 2076/3881/3740 2097/3882/3741 2077/3883/3742
f 2077/3883/3742 2097/3882/3741 2095/3884/3743
f 2077/3883/3742 2095/3884/3743 2078/3885/3744
f 2078/3885/3744 2095/3884/3743 2079/3886/3745
f 2079/3886/3745 2095/3884/3743 2093/3887/3746
f 2079/3886/3745 2093/3887/3746 2080/3888/3747
f 2080/3888/3747 2093/3887/3746 2081/3889/3748
f 2081/3889/3748 2093/3887/3746 2091/3890/3749
f 2081/3889/3748 2091/3890/3749 2082/3891/3750
f 2082/3891/3750 2091/3890/3749 2089/3892/3751
f 2082/3891/3750 2089/3892/3751 2083/3893/3752
f 2083/3893/3752 2089/3892/3751 2084/3894/3753
f 2084/3894/3753 2089/3892/3751 2087/3895/3754
f 2084/3894/3753 2087/3895/3754 2085/3896/3755
f 2085/3896/3755 2087/3895/3754 2086/3897/3756
f 2086/3897/3756 2087/3895/3754 443/3842/373
f 443/3842/373 2087/3895/3754 2088/3844/3704
f 2071/3872/3731 2070/3898/3701 1986/3870/3702
f 2090/3847/3707 2088/3844/3704 2087/3895/3754
f 2092/3850/3710 2090/3847/3707 2089/3892/3751
f 2089/3892/3751 2090/3847/3707 2087/3895/3754
f 2094/3852/3712 2092/3850/3710 2091/3890/3749
f 2091/3890/3749 2092/3850/3710 2089/3892/3751
f 2096/3855/3715 2094/3852/3712 2093/3887/3746
f 2093/3887/3746 2094/3852/3712 2091/3890/3749
f 2098/3858/3718 2096/3855/3715 2095/3884/3743
f 2095/3884/3743 2096/3855/3715 2093/3887/3746
f 2100/3860/3720 2098/3858/3718 2097/3882/3741
f 2097/3882/3741 2098/3858/3718 2095/3884/3743
f 2102/3862/3722 2100/3860/3720 2099/3880/3739
f 2099/3880/3739 2100/3860/3720 2097/3882/3741
f 2104/3864/3724 2102/3862/3722 2101/3878/3737
f 2101/3878/3737 2102/3862/3722 2099/3880/3739
f 2106/3866/3726 2104/3864/3724 2103/3876/3735
f 2103/3876/3735 2104/3864/3724 2101/3878/3737
f 2108/3868/3728 2106/3866/3726 2105/3874/3733
f 2105/3874/3733 2106/3866/3726 2103/3876/3735
f 2107/3871/3730 2108/3868/3728 2105/3874/3733
f 550/3899/3757 436/3900/3758 517/3901/3759
f 517/3901/3759 436/3900/3758 435/3902/3760
f 517/3901/3759 435/3902/3760 1834/3903/3761
f 1834/3903/3761 435/3902/3760 434/3904/3762
f 1834/3903/3761 434/3904/3762 1835/3905/3763
f 1835/3905/3763 434/3904/3762 1836/3906/3764
f 1836/3906/3764 434/3904/3762 433/3907/3765
f 1836/3906/3764 433/3907/3765 1837/3908/3766
f 1837/3908/3766 433/3907/3765 432/3909/3767
f 1837/3908/3766 432/3909/3767 431/3910/3768
f 436/3900/3758 550/3899/3757 477/3911/3769
f 477/3911/3769 550/3899/3757 549/3912/3770
f 477/3911/3769 549/3912/3770 478/3913/3771
f 478/3913/3771 549/3912/3770 548/3914/3772
f 478/3913/3771 548/3914/3772 479/3915/3773
f 479/3915/3773 548/3914/3772 480/3916/3774
f 480/3916/3774 548/3914/3772 547/3917/3775
f 480/3916/3774 547/3917/3775 546/3918/3776
f 480/3916/3774 546/3918/3776 481/3919/3777
f 481/3919/3777 546/3918/3776 545/3920/3778
f 481/3919/3777 545/3920/3778 482/3921/3779
f 482/3921/3779 545/3920/3778 544/3922/3780
f 482/3921/3779 544/3922/3780 483/3923/3781
f 483/3923/3781 544/3922/3780 484/3924/3782
f 484/3924/3782 544/3922/3780 543/3925/3783
f 484/3924/3782 543/3925/3783 542/3926/3784
f 541/3927/3785 486/3928/3786 542/3926/3784
f 542/3926/3784 486/3928/3786 485/3929/3787
f 542/3926/3784 485/3929/3787 484/3924/3782
f 541/3927/3785 540/3930/3788 486/3928/3786
f 486/3928/3786 540/3930/3788 487/3931/3789
f 487/3931/3789 540/3930/3788 488/3932/3790
f 488/3932/3790 540/3930/3788 539/3933/3791
f 488/3932/3790 539/3933/3791 538/3934/3792
f 537/3935/3793 490/3936/3794 538/3934/3792
f 538/3934/3792 490/3936/3794 489/3937/3795
f 538/3934/3792 489/3937/3795 488/3932/3790
f 490/3936/3794 537/3935/3793 491/3938/3796
f 491/3938/3796 537/3935/3793 536/3939/3797
f 491/3938/3796 536/3939/3797 492/3940/3798
f 492/3940/3798 536/3939/3797 535/3941/3799
f 492/3940/3798 535/3941/3799 459/3942/3800
f 459/3942/3800 535/3941/3799 515/3943/3801
f 1837/3908/3766 431/3910/3768 1838/3944/3802
f 1838/3944/3802 431/3910/3768 430/3945/3803
f 1838/3944/3802 430/3945/3803 1839/3946/3804
f 1839/3946/3804 430/3945/3803 2109/3947/3805
f 1839/3946/3804 2109/3947/3805 2142/3948/3806
f 2142/3948/3806 2109/3947/3805 2110/3949/3807
f 2142/3948/3806 2110/3949/3807 2141/3950/3808
f 2141/3950/3808 2110/3949/3807 2111/3951/3809
f 2141/3950/3808 2111/3951/3809 2140/3952/3810
f 2140/3952/3810 2111/3951/3809 2139/3953/3811
f 2139/3953/3811 2111/3951/3809 2112/3954/3812
f 2139/3953/3811 2112/3954/3812 2113/3955/3813
f 2139/3953/3811 2113/3955/3813 2138/3956/3814
f 2138/3956/3814 2113/3955/3813 2114/3957/3815
f 2138/3956/3814 2114/3957/3815 2137/3958/3816
f 2137/3958/3816 2114/3957/3815 2115/3959/3817
f 2137/3958/3816 2115/3959/3817 2136/3960/3818
f 2136/3960/3818 2115/3959/3817 2135/3961/3819
f 2135/3961/3819 2115/3959/3817 2116/3962/3820
f 2135/3961/3819 2116/3962/3820 2117/3963/3821
f 2118/3964/3822 2133/3965/3823 2117/3963/3821
f 2117/3963/3821 2133/3965/3823 2134/3966/3824
f 2117/3963/3821 2134/3966/3824 2135/3961/3819
f 2118/3964/3822 2119/3967/3825 2133/3965/3823
f 2133/3965/3823 2119/3967/3825 2132/3968/3826
f 2132/3968/3826 2119/3967/3825 2131/3969/3827
f 2131/3969/3827 2119/3967/3825 2120/3970/3828
f 2131/3969/3827 2120/3970/3828 2121/3971/3829
f 2122/3972/3830 2129/3973/3831 2121/3971/3829
f 2121/3971/3829 2129/3973/3831 2130/3974/3832
f 2121/3971/3829 2130/3974/3832 2131/3969/3827
f 2129/3973/3831 2122/3972/3830 2128/3975/3833
f 2128/3975/3833 2122/3972/3830 2123/3976/3834
f 2128/3975/3833 2123/3976/3834 2127/3977/3835
f 2127/3977/3835 2123/3976/3834 2124/3978/3836
f 2127/3977/3835 2124/3978/3836 2126/3979/3837
f 2126/3979/3837 2124/3978/3836 2125/3980/3838
f 1680/3981/3839 2160/3982/3840 1681/3983/3841
f 1681/3983/3841 2160/3982/3840 2158/3984/3842
f 1681/3983/3841 2158/3984/3842 2159/3985/3843
f 2160/3982/3840 1680/3981/3839 2161/3986/3844
f 2161/3986/3844 1680/3981/3839 1679/3987/3845
f 2161/3986/3844 1679/3987/3845 2162/3988/3846
f 2162/3988/3846 1679/3987/3845 1678/3989/3847
f 2162/3988/3846 1678/3989/3847 2163/3990/3848
f 2163/3990/3848 1678/3989/3847 1677/3991/3849
f 2163/3990/3848 1677/3991/3849 2164/3992/3850
f 2164/3992/3850 1677/3991/3849 1676/3993/3851
f 2164/3992/3850 1676/3993/3851 2165/3994/3852
f 2165/3994/3852 1676/3993/3851 1675/3995/3853
f 2165/3994/3852 1675/3995/3853 2166/3996/3854
f 2166/3996/3854 1675/3995/3853 1674/3997/3855
f 2166/3996/3854 1674/3997/3855 2167/3998/3856
f 2167/3998/3856 1674/3997/3855 1673/3999/3857
f 2167/3998/3856 1673/3999/3857 2168/4000/3858
f 2168/4000/3858 1673/3999/3857 1672/4001/3859
f 2168/4000/3858 1672/4001/3859 2169/4002/3860
f 2169/4002/3860 1672/4001/3859 1671/4003/3861
f 2169/4002/3860 1671/4003/3861 2170/4004/3862
f 2170/4004/3862 1671/4003/3861 1670/4005/3863
f 2170/4004/3862 1670/4005/3863 2143/4006/3864
f 2143/4006/3864 1670/4005/3863 1669/4007/2714
f 2143/4006/3864 1669/4007/2714 1846/4008/3001
f 2143/4006/3864 2144/4009/3865 2170/4004/3862
f 2170/4004/3862 2144/4009/3865 2145/4010/3866
f 2170/4004/3862 2145/4010/3866 2169/4002/3860
f 2169/4002/3860 2145/4010/3866 2146/4011/3867
f 2169/4002/3860 2146/4011/3867 2147/4012/3868
f 2169/4002/3860 2147/4012/3868 2168/4000/3858
f 2168/4000/3858 2147/4012/3868 2148/4013/3869
f 2168/4000/3858 2148/4013/3869 2167/3998/3856
f 2167/3998/3856 2148/4013/3869 2149/4014/3870
f 2167/3998/3856 2149/4014/3870 2150/4015/3871
f 2167/3998/3856 2150/4015/3871 2166/3996/3854
f 2166/3996/3854 2150/4015/3871 2151/4016/3872
f 2166/3996/3854 2151/4016/3872 2152/4017/3873
f 2166/3996/3854 2152/4017/3873 2165/3994/3852
f 2165/3994/3852 2152/4017/3873 2153/4018/3874
f 2165/3994/3852 2153/4018/3874 2164/3992/3850
f 2164/3992/3850 2153/4018/3874 2154/4019/3875
f 2164/3992/3850 2154/4019/3875 2163/3990/3848
f 2163/3990/3848 2154/4019/3875 2155/4020/3876
f 2163/3990/3848 2155/4020/3876 2162/3988/3846
f 2162/3988/3846 2155/4020/3876 2156/4021/3877
f 2162/3988/3846 2156/4021/3877 2161/3986/3844
f 2161/3986/3844 2156/4021/3877 2157/4022/3878
f 2161/3986/3844 2157/4022/3878 2160/3982/3840
f 2160/3982/3840 2157/4022/3878 2158/3984/3842
f 2159/4023/3843 2171/4024/3879 1681/4025/3841
f 1681/4025/3841 2171/4024/3879 1683/4026/3880
f 1681/4025/3841 1683/4026/3880 1308/4027/3881
f 1308/4027/3881 1683/4026/3880 420/4028/3882
f 420/4028/3882 1683/4026/3880 421/4029/3883
f 1308/4027/3881 1682/4030/3884 1681/4025/3841
f 2171/4031/3885 2159/4032/3886 2221/4033/3887
f 2221/4033/3887 2159/4032/3886 2158/4034/3888
f 2221/4033/3887 2158/4034/3888 2220/4035/3889
f 2220/4035/3889 2158/4034/3888 2157/4036/3890
f 2220/4035/3889 2157/4036/3890 2219/4037/3891
f 2219/4037/3891 2157/4036/3890 2156/4038/3892
f 2219/4037/3891 2156/4038/3892 2218/4039/3893
f 2218/4039/3893 2156/4038/3892 2155/4040/3894
f 2218/4039/3893 2155/4040/3894 2154/4041/3895
f 2153/4042/3896 2216/4043/3897 2154/4041/3895
f 2154/4041/3895 2216/4043/3897 2217/4044/3898
f 2154/4041/3895 2217/4044/3898 2218/4039/3893
f 2153/4042/3896 2152/4045/3899 2216/4043/3897
f 2216/4043/3897 2152/4045/3899 2215/4046/3900
f 2215/4046/3900 2152/4045/3899 2214/4047/3901
f 2214/4047/3901 2152/4045/3899 2151/4048/3902
f 2214/4047/3901 2151/4048/3902 2150/4049/3903
f 2149/4050/3904 2212/4051/3905 2150/4049/3903
f 2150/4049/3903 2212/4051/3905 2213/4052/3906
f 2150/4049/3903 2213/4052/3906 2214/4047/3901
f 2149/4050/3904 2148/4053/3907 2212/4051/3905
f 2212/4051/3905 2148/4053/3907 2211/4054/3908
f 2211/4054/3908 2148/4053/3907 2147/4055/3909
f 2211/4054/3908 2147/4055/3909 2210/4056/3910
f 2210/4056/3910 2147/4055/3909 2146/4057/3911
f 2210/4056/3910 2146/4057/3911 2209/4058/3912
f 2209/4058/3912 2146/4057/3911 2208/4059/3913
f 2208/4059/3913 2146/4057/3911 2145/4060/3914
f 2208/4059/3913 2145/4060/3914 2144/4061/3915
f 2208/4059/3913 2144/4061/3915 2207/4062/3916
f 2207/4062/3916 2144/4061/3915 2143/4063/3917
f 2207/4062/3916 2143/4063/3917 2206/4064/3918
f 2206/4064/3918 2143/4063/3917 1846/4065/3919
f 2206/4064/3918 1846/4065/3919 423/4066/3920
f 423/4066/3920 1846/4065/3919 1845/4067/3921
f 423/4066/3920 1845/4067/3921 424/4068/3922
f 424/4068/3922 1845/4067/3921 1844/4069/3923
f 424/4068/3922 1844/4069/3923 425/4070/3924
f 425/4070/3924 1844/4069/3923 426/4071/3925
f 426/4071/3925 1844/4069/3923 1843/4072/3926
f 426/4071/3925 1843/4072/3926 427/4073/3927
f 427/4073/3927 1843/4072/3926 1842/4074/3928
f 427/4073/3927 1842/4074/3928 1841/4075/3929
f 427/4073/3927 1841/4075/3929 428/4076/3930
f 428/4076/3930 1841/4075/3929 1840/4077/3931
f 428/4076/3930 1840/4077/3931 429/4078/3932
f 429/4078/3932 1840/4077/3931 2172/4079/3933
f 429/4078/3932 2172/4079/3933 2205/4080/3934
f 2205/4080/3934 2172/4079/3933 2173/4081/3935
f 2205/4080/3934 2173/4081/3935 2204/4082/3936
f 2204/4082/3936 2173/4081/3935 2174/4083/3937
f 2204/4082/3936 2174/4083/3937 2203/4084/3938
f 2203/4084/3938 2174/4083/3937 2202/4085/3939
f 2202/4085/3939 2174/4083/3937 2175/4086/3940
f 2202/4085/3939 2175/4086/3940 2176/4087/3941
f 2202/4085/3939 2176/4087/3941 2201/4088/3942
f 2201/4088/3942 2176/4087/3941 2177/4089/3943
f 2201/4088/3942 2177/4089/3943 2200/4090/3944
f 2200/4090/3944 2177/4089/3943 2178/4091/3945
f 2200/4090/3944 2178/4091/3945 2199/4092/3946
f 2199/4092/3946 2178/4091/3945 2198/4093/3947
f 2198/4093/3947 2178/4091/3945 2179/4094/3948
f 2198/4093/3947 2179/4094/3948 2180/4095/3949
f 2181/4096/3950 2196/4097/3951 2180/4095/3949
f 2180/4095/3949 2196/4097/3951 2197/4098/3952
f 2180/4095/3949 2197/4098/3952 2198/4093/3947
f 2181/4096/3950 2182/4099/3953 2196/4097/3951
f 2196/4097/3951 2182/4099/3953 2195/4100/3954
f 2195/4100/3954 2182/4099/3953 2194/4101/3955
f 2194/4101/3955 2182/4099/3953 2183/4102/3956
f 2194/4101/3955 2183/4102/3956 2184/4103/3957
f 2185/4104/3958 2192/4105/3959 2184/4103/3957
f 2184/4103/3957 2192/4105/3959 2193/4106/3960
f 2184/4103/3957 2193/4106/3960 2194/4101/3955
f 2192/4105/3959 2185/4104/3958 2191/4107/3961
f 2191/4107/3961 2185/4104/3958 2186/4108/3962
f 2191/4107/3961 2186/4108/3962 2190/4109/3963
f 2190/4109/3963 2186/4108/3962 2187/4110/3964
f 2190/4109/3963 2187/4110/3964 2189/4111/3965
f 2189/4111/3965 2187/4110/3964 2188/4112/3966
f 2126/4113/3967 2188/4114/3968 2127/4115/3969
f 2127/4115/3969 2188/4114/3968 2223/4116/3970
f 2127/4115/3969 2223/4116/3970 2128/4117/3971
f 2128/4117/3971 2223/4116/3970 2225/4118/3972
f 2128/4117/3971 2225/4118/3972 2129/4119/3973
f 2129/4119/3973 2225/4118/3972 2227/4120/3974
f 2129/4119/3973 2227/4120/3974 2130/4121/3975
f 2130/4121/3975 2227/4120/3974 2229/4122/3976
f 2130/4121/3975 2229/4122/3976 2131/4123/3977
f 2131/4123/3977 2229/4122/3976 2231/4124/3978
f 2131/4123/3977 2231/4124/3978 2132/4125/3979
f 2132/4125/3979 2231/4124/3978 2233/4126/3980
f 2132/4125/3979 2233/4126/3980 2133/4127/3981
f 2133/4127/3981 2233/4126/3980 2235/4128/3982
f 2133/4127/3981 2235/4128/3982 2134/4129/3983
f 2134/4129/3983 2235/4128/3982 2135/4130/3984
f 2135/4130/3984 2235/4128/3982 2237/4131/3985
f 2135/4130/3984 2237/4131/3985 2136/4132/3986
f 2136/4132/3986 2237/4131/3985 2137/4133/3987
f 2137/4133/3987 2237/4131/3985 2239/4134/3988
f 2137/4133/3987 2239/4134/3988 2138/4135/3989
f 2138/4135/3989 2239/4134/3988 2241/4136/3990
f 2138/4135/3989 2241/4136/3990 2139/4137/3991
f 2139/4137/3991 2241/4136/3990 2140/4138/3992
f 2140/4138/3992 2241/4136/3990 2243/4139/3993
f 2140/4138/3992 2243/4139/3993 2141/4140/3994
f 2141/4140/3994 2243/4139/3993 2142/4141/3995
f 2142/4141/3995 2243/4139/3993 2242/4142/3996
f 2142/4141/3995 2242/4142/3996 2173/4143/3997
f 2173/4143/3997 2242/4142/3996 2174/4144/3998
f 2174/4144/3998 2242/4142/3996 2240/4145/3999
f 2174/4144/3998 2240/4145/3999 2175/4146/4000
f 2175/4146/4000 2240/4145/3999 2176/4147/4001
f 2176/4147/4001 2240/4145/3999 2238/4148/4002
f 2176/4147/4001 2238/4148/4002 2177/4149/4003
f 2177/4149/4003 2238/4148/4002 2236/4150/4004
f 2177/4149/4003 2236/4150/4004 2178/4151/4005
f 2178/4151/4005 2236/4150/4004 2179/4152/4006
f 2179/4152/4006 2236/4150/4004 2234/4153/4007
f 2179/4152/4006 2234/4153/4007 2180/4154/4008
f 2180/4154/4008 2234/4153/4007 2181/4155/4009
f 2181/4155/4009 2234/4153/4007 2232/4156/4010
f 2181/4155/4009 2232/4156/4010 2182/4157/4011
f 2182/4157/4011 2232/4156/4010 2230/4158/4012
f 2182/4157/4011 2230/4158/4012 2183/4159/4013
f 2183/4159/4013 2230/4158/4012 2228/4160/4014
f 2183/4159/4013 2228/4160/4014 2184/4161/4015
f 2184/4161/4015 2228/4160/4014 2226/4162/4016
f 2184/4161/4015 2226/4162/4016 2185/4163/4017
f 2185/4163/4017 2226/4162/4016 2224/4164/4018
f 2185/4163/4017 2224/4164/4018 2186/4165/4019
f 2186/4165/4019 2224/4164/4018 2222/4166/4020
f 2186/4165/4019 2222/4166/4020 2187/4167/4021
f 2187/4167/4021 2222/4166/4020 2188/4114/3968
f 2188/4114/3968 2222/4166/4020 2223/4116/3970
f 2173/4143/3997 2172/4168/4022 2142/4141/3995
f 2142/4141/3995 2172/4168/4022 1840/4169/2991
f 2142/4141/3995 1840/4169/2991 1839/4170/2990
f 2225/4118/3972 2223/4116/3970 2222/4166/4020
f 2227/4120/3974 2225/4118/3972 2224/4164/4018
f 2224/4164/4018 2225/4118/3972 2222/4166/4020
f 2229/4122/3976 2227/4120/3974 2226/4162/4016
f 2226/4162/4016 2227/4120/3974 2224/4164/4018
f 2231/4124/3978 2229/4122/3976 2228/4160/4014
f 2228/4160/4014 2229/4122/3976 2226/4162/4016
f 2233/4126/3980 2231/4124/3978 2230/4158/4012
f 2230/4158/4012 2231/4124/3978 2228/4160/4014
f 2235/4128/3982 2233/4126/3980 2232/4156/4010
f 2232/4156/4010 2233/4126/3980 2230/4158/4012
f 2237/4131/3985 2235/4128/3982 2234/4153/4007
f 2234/4153/4007 2235/4128/3982 2232/4156/4010
f 2239/4134/3988 2237/4131/3985 2236/4150/4004
f 2236/4150/4004 2237/4131/3985 2234/4153/4007
f 2241/4136/3990 2239/4134/3988 2238/4148/4002
f 2238/4148/4002 2239/4134/3988 2236/4150/4004
f 2243/4139/3993 2241/4136/3990 2240/4145/3999
f 2240/4145/3999 2241/4136/3990 2238/4148/4002
f 2242/4142/3996 2243/4139/3993 2240/4145/3999
f 2189/4171/4023 2188/4172/3968 2125/4173/4024
f 2125/4173/4024 2188/4172/3968 2126/4174/3967
f 430/4175/412 429/4176/414 2109/4177/4025
f 2109/4177/4025 429/4176/414 2245/4178/4026
f 2109/4177/4025 2245/4178/4026 2110/4179/4027
f 2110/4179/4027 2245/4178/4026 2111/4180/4028
f 2111/4180/4028 2245/4178/4026 2247/4181/4029
f 2111/4180/4028 2247/4181/4029 2112/4182/4030
f 2112/4182/4030 2247/4181/4029 2113/4183/4031
f 2113/4183/4031 2247/4181/4029 2249/4184/4032
f 2113/4183/4031 2249/4184/4032 2114/4185/4033
f 2114/4185/4033 2249/4184/4032 2251/4186/4034
f 2114/4185/4033 2251/4186/4034 2115/4187/4035
f 2115/4187/4035 2251/4186/4034 2116/4188/4036
f 2116/4188/4036 2251/4186/4034 2253/4189/4037
f 2116/4188/4036 2253/4189/4037 2117/4190/4038
f 2117/4190/4038 2253/4189/4037 2118/4191/4039
f 2118/4191/4039 2253/4189/4037 2255/4192/4040
f 2118/4191/4039 2255/4192/4040 2119/4193/4041
f 2119/4193/4041 2255/4192/4040 2257/4194/4042
f 2119/4193/4041 2257/4194/4042 2120/4195/4043
f 2120/4195/4043 2257/4194/4042 2259/4196/4044
f 2120/4195/4043 2259/4196/4044 2121/4197/4045
f 2121/4197/4045 2259/4196/4044 2261/4198/4046
f 2121/4197/4045 2261/4198/4046 2122/4199/4047
f 2122/4199/4047 2261/4198/4046 2263/4200/4048
f 2122/4199/4047 2263/4200/4048 2123/4201/4049
f 2123/4201/4049 2263/4200/4048 2265/4202/4050
f 2123/4201/4049 2265/4202/4050 2124/4203/4051
f 2124/4203/4051 2265/4202/4050 2125/4204/4024
f 2125/4204/4024 2265/4202/4050 2264/4205/4052
f 2125/4204/4024 2264/4205/4052 2190/4206/4053
f 2190/4206/4053 2264/4205/4052 2191/4207/4054
f 2191/4207/4054 2264/4205/4052 2262/4208/4055
f 2191/4207/4054 2262/4208/4055 2192/4209/4056
f 2192/4209/4056 2262/4208/4055 2260/4210/4057
f 2192/4209/4056 2260/4210/4057 2193/4211/4058
f 2193/4211/4058 2260/4210/4057 2258/4212/4059
f 2193/4211/4058 2258/4212/4059 2194/4213/4060
f 2194/4213/4060 2258/4212/4059 2256/4214/4061
f 2194/4213/4060 2256/4214/4061 2195/4215/4062
f 2195/4215/4062 2256/4214/4061 2254/4216/4063
f 2195/4215/4062 2254/4216/4063 2196/4217/4064
f 2196/4217/4064 2254/4216/4063 2252/4218/4065
f 2196/4217/4064 2252/4218/4065 2197/4219/4066
f 2197/4219/4066 2252/4218/4065 2198/4220/4067
f 2198/4220/4067 2252/4218/4065 2250/4221/4068
f 2198/4220/4067 2250/4221/4068 2199/4222/4069
f 2199/4222/4069 2250/4221/4068 2200/4223/4070
f 2200/4223/4070 2250/4221/4068 2248/4224/4071
f 2200/4223/4070 2248/4224/4071 2201/4225/4072
f 2201/4225/4072 2248/4224/4071 2246/4226/4073
f 2201/4225/4072 2246/4226/4073 2202/4227/4074
f 2202/4227/4074 2246/4226/4073 2203/4228/4075
f 2203/4228/4075 2246/4226/4073 2244/4229/4076
f 2203/4228/4075 2244/4229/4076 2204/4230/4077
f 2204/4230/4077 2244/4229/4076 2205/4231/4078
f 2205/4231/4078 2244/4229/4076 429/4176/414
f 429/4176/414 2244/4229/4076 2245/4178/4026
f 2190/4206/4053 2189/4232/4023 2125/4204/4024
f 2247/4181/4029 2245/4178/4026 2244/4229/4076
f 2249/4184/4032 2247/4181/4029 2246/4226/4073
f 2246/4226/4073 2247/4181/4029 2244/4229/4076
f 2251/4186/4034 2249/4184/4032 2248/4224/4071
f 2248/4224/4071 2249/4184/4032 2246/4226/4073
f 2253/4189/4037 2251/4186/4034 2250/4221/4068
f 2250/4221/4068 2251/4186/4034 2248/4224/4071
f 2255/4192/4040 2253/4189/4037 2252/4218/4065
f 2252/4218/4065 2253/4189/4037 2250/4221/4068
f 2257/4194/4042 2255/4192/4040 2254/4216/4063
f 2254/4216/4063 2255/4192/4040 2252/4218/4065
f 2259/4196/4044 2257/4194/4042 2256/4214/4061
f 2256/4214/4061 2257/4194/4042 2254/4216/4063
f 2261/4198/4046 2259/4196/4044 2258/4212/4059
f 2258/4212/4059 2259/4196/4044 2256/4214/4061
f 2263/4200/4048 2261/4198/4046 2260/4210/4057
f 2260/4210/4057 2261/4198/4046 2258/4212/4059
f 2265/4202/4050 2263/4200/4048 2262/4208/4055
f 2262/4208/4055 2263/4200/4048 2260/4210/4057
f 2264/4205/4052 2265/4202/4050 2262/4208/4055
f 1694/4233/4079 2266/4234/4080 422/4235/361
f 422/4235/361 2266/4234/4080 2206/4236/4081
f 422/4235/361 2206/4236/4081 423/4237/363
f 2266/4234/4080 1694/4233/4079 2267/4238/4082
f 2267/4238/4082 1694/4233/4079 1693/4239/4083
f 2267/4238/4082 1693/4239/4083 2268/4240/4084
f 2268/4240/4084 1693/4239/4083 1692/4241/4085
f 2268/4240/4084 1692/4241/4085 2269/4242/4086
f 2269/4242/4086 1692/4241/4085 1691/4243/4087
f 2269/4242/4086 1691/4243/4087 2270/4244/4088
f 2270/4244/4088 1691/4243/4087 1690/4245/4089
f 2270/4244/4088 1690/4245/4089 2271/4246/4090
f 2271/4246/4090 1690/4245/4089 1689/4247/4091
f 2271/4246/4090 1689/4247/4091 2272/4248/4092
f 2272/4248/4092 1689/4247/4091 1688/4249/4093
f 2272/4248/4092 1688/4249/4093 2273/4250/4094
f 2273/4250/4094 1688/4249/4093 1687/4251/4095
f 2273/4250/4094 1687/4251/4095 2274/4252/4096
f 2274/4252/4096 1687/4251/4095 1686/4253/4097
f 2274/4252/4096 1686/4253/4097 2275/4254/4098
f 2275/4254/4098 1686/4253/4097 1685/4255/4099
f 2275/4254/4098 1685/4255/4099 2276/4256/4100
f 2276/4256/4100 1685/4255/4099 1684/4257/4101
f 2276/4256/4100 1684/4257/4101 1683/4258/3880
f 1683/4258/3880 2171/4259/3879 2276/4256/4100
f 2276/4256/4100 2171/4259/3879 2221/4260/4102
f 2276/4256/4100 2221/4260/4102 2220/4261/4103
f 2276/4256/4100 2220/4261/4103 2275/4254/4098
f 2275/4254/4098 2220/4261/4103 2219/4262/4104
f 2275/4254/4098 2219/4262/4104 2274/4252/4096
f 2274/4252/4096 2219/4262/4104 2218/4263/4105
f 2274/4252/4096 2218/4263/4105 2273/4250/4094
f 2273/4250/4094 2218/4263/4105 2217/4264/4106
f 2273/4250/4094 2217/4264/4106 2272/4248/4092
f 2272/4248/4092 2217/4264/4106 2216/4265/4107
f 2272/4248/4092 2216/4265/4107 2271/4246/4090
f 2271/4246/4090 2216/4265/4107 2215/4266/4108
f 2271/4246/4090 2215/4266/4108 2270/4244/4088
f 2270/4244/4088 2215/4266/4108 2214/4267/4109
f 2270/4244/4088 2214/4267/4109 2213/4268/4110
f 2270/4244/4088 2213/4268/4110 2269/4242/4086
f 2269/4242/4086 2213/4268/4110 2212/4269/4111
f 2269/4242/4086 2212/4269/4111 2211/4270/4112
f 2269/4242/4086 2211/4270/4112 2268/4240/4084
f 2268/4240/4084 2211/4270/4112 2210/4271/4113
f 2268/4240/4084 2210/4271/4113 2267/4238/4082
f 2267/4238/4082 2210/4271/4113 2209/4272/4114
f 2267/4238/4082 2209/4272/4114 2208/4273/4115
f 2267/4238/4082 2208/4273/4115 2266/4234/4080
f 2266/4234/4080 2208/4273/4115 2207/4274/4116
f 2266/4234/4080 2207/4274/4116 2206/4236/4081
f 915/4275/1295 914/4276/3225 1093/4277/1296
f 1093/4277/1296 914/4276/3225 1880/4278/3227
# 2276 vertices
# 4278 texture params
# 4116 normals
# 4568 facets

# 1 groups
