# Blender 5.0.0
# www.blender.org
mtllib cavity_lower_right.mtl
o SPA05-cavity-right
v -135.500000 -17.888544 -2.999999
v -135.500000 -7.000000 -3.000000
v -135.500000 -6.994956 -3.440329
v -135.500000 -6.949893 -3.878376
v -135.500000 -6.865190 -4.310511
v -135.500000 -6.741542 -4.733152
v -135.500000 -6.579979 -5.142803
v -135.500000 -6.381837 -5.536065
v -135.500000 -6.148758 -5.909681
v -135.500000 -5.882673 -6.260558
v -135.500000 -5.585786 -6.585785
v -135.500000 -5.260559 -6.882672
v -135.500000 -4.909682 -7.148757
v -135.500000 -4.536066 -7.381836
v -135.500000 -4.142804 -7.579978
v -135.500000 -3.733154 -7.741541
v -135.500000 -3.310512 -7.865189
v -135.500000 -2.878377 -7.949893
v -135.500000 -2.440330 -7.994955
v -135.500000 -2.000001 -8.000000
v -135.500000 -2.000001 -18.888544
v -135.500000 -2.858629 -18.771557
v -135.500000 -3.710632 -18.613382
v -135.500000 -4.554036 -18.414385
v -135.500000 -5.386883 -18.175026
v -135.500000 -6.207246 -17.895861
v -135.500000 -7.013222 -17.577538
v -135.500000 -7.802945 -17.220791
v -135.500000 -8.574582 -16.826450
v -135.500000 -9.326346 -16.395432
v -135.500000 -10.056495 -15.928727
v -135.500000 -10.763336 -15.427425
v -135.500000 -11.445230 -14.892685
v -135.500000 -12.100600 -14.325745
v -135.500000 -12.727923 -13.727921
v -135.500000 -13.325747 -13.100598
v -135.500000 -13.892687 -12.445229
v -135.500000 -14.427427 -11.763334
v -135.500000 -14.928729 -11.056493
v -135.500000 -15.395432 -10.326344
v -135.500000 -15.826452 -9.574580
v -135.500000 -16.220791 -8.802942
v -135.500000 -16.577538 -8.013220
v -135.500000 -16.895861 -7.207243
v -135.500000 -17.175026 -6.386880
v -135.500000 -17.414385 -5.554033
v -135.500000 -17.613382 -4.710629
v -135.500000 -17.771557 -3.858627
v -135.500000 -7.000000 -8.999999
v -135.500000 -6.826353 -8.984807
v -135.500000 -6.657980 -8.939692
v -135.500000 -6.500000 -8.866024
v -135.500000 -6.357213 -8.766043
v -135.500000 -6.233956 -8.642788
v -135.500000 -6.133976 -8.500000
v -135.500000 -6.060308 -8.342020
v -135.500000 -6.015193 -8.173648
v -135.500000 -6.000000 -8.000000
v -135.500000 -6.015193 -7.826352
v -135.500000 -6.060308 -7.657979
v -135.500000 -6.133976 -7.500000
v -135.500000 -6.233956 -7.357212
v -135.500000 -6.357213 -7.233955
v -135.500000 -6.500000 -7.133975
v -135.500000 -6.657980 -7.060307
v -135.500000 -6.826353 -7.015192
v -135.500000 -7.000000 -7.000000
v -135.500000 -7.173648 -7.015192
v -135.500000 -7.342021 -7.060307
v -135.500000 -7.500000 -7.133975
v -135.500000 -7.642788 -7.233955
v -135.500000 -7.766045 -7.357212
v -135.500000 -7.866025 -7.500000
v -135.500000 -7.939693 -7.657979
v -135.500000 -7.984808 -7.826352
v -135.500000 -8.000001 -8.000000
v -135.500000 -7.984808 -8.173647
v -135.500000 -7.939693 -8.342019
v -135.500000 -7.866025 -8.499999
v -135.500000 -7.766045 -8.642787
v -135.500000 -7.642788 -8.766043
v -135.500000 -7.500000 -8.866024
v -135.500000 -7.342021 -8.939692
v -135.500000 -7.173648 -8.984807
v -131.000000 -17.888544 -2.999999
v -131.000000 -7.000000 -3.000000
v -131.000000 -6.994956 -3.440329
v -131.000000 -6.949893 -3.878376
v -131.000000 -6.865190 -4.310511
v -131.000000 -6.741542 -4.733152
v -131.000000 -6.579979 -5.142803
v -131.000000 -6.381837 -5.536065
v -131.000000 -6.148758 -5.909681
v -131.000000 -5.882673 -6.260558
v -131.000000 -5.585786 -6.585785
v -131.000000 -5.260559 -6.882672
v -131.000000 -4.909682 -7.148757
v -131.000000 -4.536066 -7.381836
v -131.000000 -4.142804 -7.579978
v -131.000000 -3.733154 -7.741541
v -131.000000 -3.310512 -7.865189
v -131.000000 -2.878377 -7.949893
v -131.000000 -2.440330 -7.994955
v -131.000000 -2.000001 -8.000000
v -131.000000 -2.000001 -18.888544
v -131.000000 -2.858629 -18.771557
v -131.000000 -3.710632 -18.613382
v -131.000000 -4.554036 -18.414385
v -131.000000 -5.386883 -18.175026
v -131.000000 -6.207246 -17.895861
v -131.000000 -7.013222 -17.577538
v -131.000000 -7.802945 -17.220791
v -131.000000 -8.574582 -16.826450
v -131.000000 -9.326346 -16.395432
v -131.000000 -10.056495 -15.928727
v -131.000000 -10.763336 -15.427425
v -131.000000 -11.445230 -14.892685
v -131.000000 -12.100600 -14.325745
v -131.000000 -12.727923 -13.727921
v -131.000000 -13.325747 -13.100598
v -131.000000 -13.892687 -12.445229
v -131.000000 -14.427427 -11.763334
v -131.000000 -14.928729 -11.056493
v -131.000000 -15.395432 -10.326344
v -131.000000 -15.826452 -9.574580
v -131.000000 -16.220791 -8.802942
v -131.000000 -16.577538 -8.013220
v -131.000000 -16.895861 -7.207243
v -131.000000 -17.175026 -6.386880
v -131.000000 -17.414385 -5.554033
v -131.000000 -17.613382 -4.710629
v -131.000000 -17.771557 -3.858627
v -143.500000 -7.000000 -8.999999
v -143.500000 -6.826353 -8.984807
v -143.500000 -6.657980 -8.939692
v -143.500000 -6.500000 -8.866024
v -143.500000 -6.357213 -8.766043
v -143.500000 -6.233956 -8.642788
v -143.500000 -6.133976 -8.500000
v -143.500000 -6.060308 -8.342020
v -143.500000 -6.015193 -8.173648
v -143.500000 -6.000000 -8.000000
v -143.500000 -6.015193 -7.826352
v -143.500000 -6.060308 -7.657979
v -143.500000 -6.133976 -7.500000
v -143.500000 -6.233956 -7.357212
v -143.500000 -6.357213 -7.233955
v -143.500000 -6.500000 -7.133975
v -143.500000 -6.657980 -7.060307
v -143.500000 -6.826353 -7.015192
v -143.500000 -7.000000 -7.000000
v -143.500000 -7.173648 -7.015192
v -143.500000 -7.342021 -7.060307
v -143.500000 -7.500000 -7.133975
v -143.500000 -7.642788 -7.233955
v -143.500000 -7.766045 -7.357212
v -143.500000 -7.866025 -7.500000
v -143.500000 -7.939693 -7.657979
v -143.500000 -7.984808 -7.826352
v -143.500000 -8.000001 -8.000000
v -143.500000 -7.984808 -8.173647
v -143.500000 -7.939693 -8.342019
v -143.500000 -7.866025 -8.499999
v -143.500000 -7.766045 -8.642787
v -143.500000 -7.642788 -8.766043
v -143.500000 -7.500000 -8.866024
v -143.500000 -7.342021 -8.939692
v -143.500000 -7.173648 -8.984807
v -138.166672 -7.000000 -7.000000
v -140.833328 -7.000000 -7.000000
v -138.166672 -7.173648 -8.984807
v -140.833328 -7.173648 -8.984807
v -140.833328 -7.000000 -8.999999
v -138.166672 -7.000000 -8.999999
v -138.166672 -7.342021 -8.939692
v -140.833328 -7.342021 -8.939692
v -138.166672 -7.500000 -8.866024
v -140.833328 -7.500000 -8.866024
v -138.166672 -7.642788 -8.766043
v -140.833328 -7.642788 -8.766043
v -138.166672 -7.766045 -8.642787
v -140.833328 -7.766045 -8.642787
v -138.166672 -7.866025 -8.499999
v -140.833328 -7.866025 -8.499999
v -138.166672 -7.939693 -8.342019
v -140.833328 -7.939693 -8.342019
v -138.166672 -7.984808 -8.173647
v -140.833328 -7.984808 -8.173647
v -138.166672 -8.000001 -8.000000
v -140.833328 -8.000001 -8.000000
v -138.166672 -7.984808 -7.826352
v -140.833328 -7.984808 -7.826352
v -138.166672 -7.939693 -7.657979
v -140.833328 -7.939693 -7.657979
v -138.166672 -7.866025 -7.500000
v -140.833328 -7.866025 -7.500000
v -138.166672 -7.766045 -7.357212
v -140.833328 -7.766045 -7.357212
v -138.166672 -7.642788 -7.233955
v -140.833328 -7.642788 -7.233955
v -138.166672 -7.500000 -7.133975
v -140.833328 -7.500000 -7.133975
v -138.166672 -7.342021 -7.060307
v -140.833328 -7.342021 -7.060307
v -138.166672 -7.173648 -7.015192
v -140.833328 -7.173648 -7.015192
v -138.166672 -6.826353 -7.015192
v -140.833328 -6.826353 -7.015192
v -138.166672 -6.657980 -7.060307
v -140.833328 -6.657980 -7.060307
v -138.166672 -6.500000 -7.133975
v -140.833328 -6.500000 -7.133975
v -138.166672 -6.357213 -7.233955
v -140.833328 -6.357213 -7.233955
v -138.166672 -6.233956 -7.357212
v -140.833328 -6.233956 -7.357212
v -138.166672 -6.133976 -7.500000
v -140.833328 -6.133976 -7.500000
v -138.166672 -6.060308 -7.657979
v -140.833328 -6.060308 -7.657979
v -138.166672 -6.015193 -7.826352
v -140.833328 -6.015193 -7.826352
v -138.166672 -6.000000 -8.000000
v -140.833328 -6.000000 -8.000000
v -138.166672 -6.015193 -8.173648
v -140.833328 -6.015193 -8.173648
v -138.166672 -6.060308 -8.342020
v -140.833328 -6.060308 -8.342020
v -138.166672 -6.133976 -8.500000
v -140.833328 -6.133976 -8.500000
v -138.166672 -6.233956 -8.642788
v -140.833328 -6.233956 -8.642788
v -138.166672 -6.357213 -8.766043
v -140.833328 -6.357213 -8.766043
v -138.166672 -6.500000 -8.866024
v -140.833328 -6.500000 -8.866024
v -138.166672 -6.657980 -8.939692
v -140.833328 -6.657980 -8.939692
v -138.166672 -6.826353 -8.984807
v -140.833328 -6.826353 -8.984807
v -143.500000 -7.000000 -3.000000
v -143.500000 -17.888544 -2.999999
v -143.500000 -17.771557 -3.858627
v -143.500000 -17.613382 -4.710629
v -143.500000 -17.414385 -5.554033
v -143.500000 -17.175026 -6.386880
v -143.500000 -16.895861 -7.207243
v -143.500000 -16.577538 -8.013220
v -143.500000 -16.220791 -8.802942
v -143.500000 -15.826452 -9.574580
v -143.500000 -15.395432 -10.326344
v -143.500000 -14.928729 -11.056493
v -143.500000 -14.427427 -11.763334
v -143.500000 -13.892687 -12.445229
v -143.500000 -13.325747 -13.100598
v -143.500000 -12.727923 -13.727921
v -143.500000 -12.100600 -14.325745
v -143.500000 -11.445230 -14.892685
v -143.500000 -10.763336 -15.427425
v -143.500000 -10.056495 -15.928727
v -143.500000 -9.326346 -16.395432
v -143.500000 -8.574582 -16.826450
v -143.500000 -7.802945 -17.220791
v -143.500000 -7.013222 -17.577538
v -143.500000 -6.207246 -17.895861
v -143.500000 -5.386883 -18.175026
v -143.500000 -4.554036 -18.414385
v -143.500000 -3.710632 -18.613382
v -143.500000 -2.858629 -18.771557
v -143.500000 -2.000001 -18.888544
v -143.500000 -2.000001 -8.000000
v -143.500000 -2.440330 -7.994955
v -143.500000 -2.878377 -7.949893
v -143.500000 -3.310512 -7.865189
v -143.500000 -3.733154 -7.741541
v -143.500000 -4.142804 -7.579978
v -143.500000 -4.536066 -7.381836
v -143.500000 -4.909682 -7.148757
v -143.500000 -5.260559 -6.882672
v -143.500000 -5.585786 -6.585785
v -143.500000 -5.882673 -6.260558
v -143.500000 -6.148758 -5.909681
v -143.500000 -6.381837 -5.536065
v -143.500000 -6.579979 -5.142803
v -143.500000 -6.741542 -4.733152
v -143.500000 -6.865190 -4.310511
v -143.500000 -6.949893 -3.878376
v -143.500000 -6.994956 -3.440329
v -148.000000 -7.000000 -3.000000
v -148.000000 -17.888544 -2.999999
v -148.000000 -17.771557 -3.858627
v -148.000000 -17.613382 -4.710629
v -148.000000 -17.414385 -5.554033
v -148.000000 -17.175026 -6.386880
v -148.000000 -16.895861 -7.207243
v -148.000000 -16.577538 -8.013220
v -148.000000 -16.220791 -8.802942
v -148.000000 -15.826452 -9.574580
v -148.000000 -15.395432 -10.326344
v -148.000000 -14.928729 -11.056493
v -148.000000 -14.427427 -11.763334
v -148.000000 -13.892687 -12.445229
v -148.000000 -13.325747 -13.100598
v -148.000000 -12.727923 -13.727921
v -148.000000 -12.100600 -14.325745
v -148.000000 -11.445230 -14.892685
v -148.000000 -10.763336 -15.427425
v -148.000000 -10.056495 -15.928727
v -148.000000 -9.326346 -16.395432
v -148.000000 -8.574582 -16.826450
v -148.000000 -7.802945 -17.220791
v -148.000000 -7.013222 -17.577538
v -148.000000 -6.207246 -17.895861
v -148.000000 -5.386883 -18.175026
v -148.000000 -4.554036 -18.414385
v -148.000000 -3.710632 -18.613382
v -148.000000 -2.858629 -18.771557
v -148.000000 -2.000001 -18.888544
v -148.000000 -2.000001 -8.000000
v -148.000000 -2.440330 -7.994955
v -148.000000 -2.878377 -7.949893
v -148.000000 -3.310512 -7.865189
v -148.000000 -3.733154 -7.741541
v -148.000000 -4.142804 -7.579978
v -148.000000 -4.536066 -7.381836
v -148.000000 -4.909682 -7.148757
v -148.000000 -5.260559 -6.882672
v -148.000000 -5.585786 -6.585785
v -148.000000 -5.882673 -6.260558
v -148.000000 -6.148758 -5.909681
v -148.000000 -6.381837 -5.536065
v -148.000000 -6.579979 -5.142803
v -148.000000 -6.741542 -4.733152
v -148.000000 -6.865190 -4.310511
v -148.000000 -6.949893 -3.878376
v -148.000000 -6.994956 -3.440329
v -148.000000 -7.000000 -8.999999
v -148.000000 -6.826353 -8.984807
v -148.000000 -6.657980 -8.939692
v -148.000000 -6.500000 -8.866024
v -148.000000 -6.357213 -8.766043
v -148.000000 -6.233956 -8.642788
v -148.000000 -6.133976 -8.500000
v -148.000000 -6.060308 -8.342020
v -148.000000 -6.015193 -8.173648
v -148.000000 -6.000000 -8.000000
v -148.000000 -6.015193 -7.826352
v -148.000000 -6.060308 -7.657979
v -148.000000 -6.133976 -7.500000
v -148.000000 -6.233956 -7.357212
v -148.000000 -6.357213 -7.233955
v -148.000000 -6.500000 -7.133975
v -148.000000 -6.657980 -7.060307
v -148.000000 -6.826353 -7.015192
v -148.000000 -7.000000 -7.000000
v -148.000000 -7.173648 -7.015192
v -148.000000 -7.342021 -7.060307
v -148.000000 -7.500000 -7.133975
v -148.000000 -7.642788 -7.233955
v -148.000000 -7.766045 -7.357212
v -148.000000 -7.866025 -7.500000
v -148.000000 -7.939693 -7.657979
v -148.000000 -7.984808 -7.826352
v -148.000000 -8.000001 -8.000000
v -148.000000 -7.984808 -8.173647
v -148.000000 -7.939693 -8.342019
v -148.000000 -7.866025 -8.499999
v -148.000000 -7.766045 -8.642787
v -148.000000 -7.642788 -8.766043
v -148.000000 -7.500000 -8.866024
v -148.000000 -7.342021 -8.939692
v -148.000000 -7.173648 -8.984807
v -156.000000 -7.000000 -8.999999
v -156.000000 -6.826353 -8.984807
v -156.000000 -6.657980 -8.939692
v -156.000000 -6.500000 -8.866024
v -156.000000 -6.357213 -8.766043
v -156.000000 -6.233956 -8.642788
v -156.000000 -6.133976 -8.500000
v -156.000000 -6.060308 -8.342020
v -156.000000 -6.015193 -8.173648
v -156.000000 -6.000000 -8.000000
v -156.000000 -6.015193 -7.826352
v -156.000000 -6.060308 -7.657979
v -156.000000 -6.133976 -7.500000
v -156.000000 -6.233956 -7.357212
v -156.000000 -6.357213 -7.233955
v -156.000000 -6.500000 -7.133975
v -156.000000 -6.657980 -7.060307
v -156.000000 -6.826353 -7.015192
v -156.000000 -7.000000 -7.000000
v -156.000000 -7.173648 -7.015192
v -156.000000 -7.342021 -7.060307
v -156.000000 -7.500000 -7.133975
v -156.000000 -7.642788 -7.233955
v -156.000000 -7.766045 -7.357212
v -156.000000 -7.866025 -7.500000
v -156.000000 -7.939693 -7.657979
v -156.000000 -7.984808 -7.826352
v -156.000000 -8.000001 -8.000000
v -156.000000 -7.984808 -8.173647
v -156.000000 -7.939693 -8.342019
v -156.000000 -7.866025 -8.499999
v -156.000000 -7.766045 -8.642787
v -156.000000 -7.642788 -8.766043
v -156.000000 -7.500000 -8.866024
v -156.000000 -7.342021 -8.939692
v -156.000000 -7.173648 -8.984807
v -153.333328 -7.000000 -7.000000
v -150.666672 -7.000000 -7.000000
v -153.333328 -6.826353 -8.984807
v -150.666672 -6.826353 -8.984807
v -150.666672 -7.000000 -8.999999
v -153.333328 -7.000000 -8.999999
v -153.333328 -6.657980 -8.939692
v -150.666672 -6.657980 -8.939692
v -153.333328 -6.500000 -8.866024
v -150.666672 -6.500000 -8.866024
v -153.333328 -6.357213 -8.766043
v -150.666672 -6.357213 -8.766043
v -153.333328 -6.233956 -8.642788
v -150.666672 -6.233956 -8.642788
v -153.333328 -6.133976 -8.500000
v -150.666672 -6.133976 -8.500000
v -153.333328 -6.060308 -8.342020
v -150.666672 -6.060308 -8.342020
v -153.333328 -6.015193 -8.173648
v -150.666672 -6.015193 -8.173648
v -153.333328 -6.000000 -8.000000
v -150.666672 -6.000000 -8.000000
v -153.333328 -6.015193 -7.826352
v -150.666672 -6.015193 -7.826352
v -153.333328 -6.060308 -7.657979
v -150.666672 -6.060308 -7.657979
v -153.333328 -6.133976 -7.500000
v -150.666672 -6.133976 -7.500000
v -153.333328 -6.233956 -7.357212
v -150.666672 -6.233956 -7.357212
v -153.333328 -6.357213 -7.233955
v -150.666672 -6.357213 -7.233955
v -153.333328 -6.500000 -7.133975
v -150.666672 -6.500000 -7.133975
v -153.333328 -6.657980 -7.060307
v -150.666672 -6.657980 -7.060307
v -153.333328 -6.826353 -7.015192
v -150.666672 -6.826353 -7.015192
v -153.333328 -7.173648 -7.015192
v -150.666672 -7.173648 -7.015192
v -153.333328 -7.342021 -7.060307
v -150.666672 -7.342021 -7.060307
v -153.333328 -7.500000 -7.133975
v -150.666672 -7.500000 -7.133975
v -153.333328 -7.642788 -7.233955
v -150.666672 -7.642788 -7.233955
v -153.333328 -7.766045 -7.357212
v -150.666672 -7.766045 -7.357212
v -153.333328 -7.866025 -7.500000
v -150.666672 -7.866025 -7.500000
v -153.333328 -7.939693 -7.657979
v -150.666672 -7.939693 -7.657979
v -153.333328 -7.984808 -7.826352
v -150.666672 -7.984808 -7.826352
v -153.333328 -8.000001 -8.000000
v -150.666672 -8.000001 -8.000000
v -153.333328 -7.984808 -8.173647
v -150.666672 -7.984808 -8.173647
v -153.333328 -7.939693 -8.342019
v -150.666672 -7.939693 -8.342019
v -153.333328 -7.866025 -8.499999
v -150.666672 -7.866025 -8.499999
v -153.333328 -7.766045 -8.642787
v -150.666672 -7.766045 -8.642787
v -153.333328 -7.642788 -8.766043
v -150.666672 -7.642788 -8.766043
v -153.333328 -7.500000 -8.866024
v -150.666672 -7.500000 -8.866024
v -153.333328 -7.342021 -8.939692
v -150.666672 -7.342021 -8.939692
v -153.333328 -7.173648 -8.984807
v -150.666672 -7.173648 -8.984807
v -156.000000 -7.000000 -3.000000
v -156.000000 -17.888544 -2.999999
v -156.000000 -17.771557 -3.858627
v -156.000000 -17.613382 -4.710629
v -156.000000 -17.414385 -5.554033
v -156.000000 -17.175026 -6.386880
v -156.000000 -16.895861 -7.207243
v -156.000000 -16.577538 -8.013220
v -156.000000 -16.220791 -8.802942
v -156.000000 -15.826452 -9.574580
v -156.000000 -15.395432 -10.326344
v -156.000000 -14.928729 -11.056493
v -156.000000 -14.427427 -11.763334
v -156.000000 -13.892687 -12.445229
v -156.000000 -13.325747 -13.100598
v -156.000000 -12.727923 -13.727921
v -156.000000 -12.100600 -14.325745
v -156.000000 -11.445230 -14.892685
v -156.000000 -10.763336 -15.427425
v -156.000000 -10.056495 -15.928727
v -156.000000 -9.326346 -16.395432
v -156.000000 -8.574582 -16.826450
v -156.000000 -7.802945 -17.220791
v -156.000000 -7.013222 -17.577538
v -156.000000 -6.207246 -17.895861
v -156.000000 -5.386883 -18.175026
v -156.000000 -4.554036 -18.414385
v -156.000000 -3.710632 -18.613382
v -156.000000 -2.858629 -18.771557
v -156.000000 -2.000001 -18.888544
v -156.000000 -2.000001 -8.000000
v -156.000000 -2.440330 -7.994955
v -156.000000 -2.878377 -7.949893
v -156.000000 -3.310512 -7.865189
v -156.000000 -3.733154 -7.741541
v -156.000000 -4.142804 -7.579978
v -156.000000 -4.536066 -7.381836
v -156.000000 -4.909682 -7.148757
v -156.000000 -5.260559 -6.882672
v -156.000000 -5.585786 -6.585785
v -156.000000 -5.882673 -6.260558
v -156.000000 -6.148758 -5.909681
v -156.000000 -6.381837 -5.536065
v -156.000000 -6.579979 -5.142803
v -156.000000 -6.741542 -4.733152
v -156.000000 -6.865190 -4.310511
v -156.000000 -6.949893 -3.878376
v -156.000000 -6.994956 -3.440329
v -160.500000 -7.000000 -3.000000
v -160.500000 -17.888544 -2.999999
v -160.500000 -17.771557 -3.858627
v -160.500000 -17.613382 -4.710629
v -160.500000 -17.414385 -5.554033
v -160.500000 -17.175026 -6.386880
v -160.500000 -16.895861 -7.207243
v -160.500000 -16.577538 -8.013220
v -160.500000 -16.220791 -8.802942
v -160.500000 -15.826452 -9.574580
v -160.500000 -15.395432 -10.326344
v -160.500000 -14.928729 -11.056493
v -160.500000 -14.427427 -11.763334
v -160.500000 -13.892687 -12.445229
v -160.500000 -13.325747 -13.100598
v -160.500000 -12.727923 -13.727921
v -160.500000 -12.100600 -14.325745
v -160.500000 -11.445230 -14.892685
v -160.500000 -10.763336 -15.427425
v -160.500000 -10.056495 -15.928727
v -160.500000 -9.326346 -16.395432
v -160.500000 -8.574582 -16.826450
v -160.500000 -7.802945 -17.220791
v -160.500000 -7.013222 -17.577538
v -160.500000 -6.207246 -17.895861
v -160.500000 -5.386883 -18.175026
v -160.500000 -4.554036 -18.414385
v -160.500000 -3.710632 -18.613382
v -160.500000 -2.858629 -18.771557
v -160.500000 -2.000001 -18.888544
v -160.500000 -2.000001 -8.000000
v -160.500000 -2.440330 -7.994955
v -160.500000 -2.878377 -7.949893
v -160.500000 -3.310512 -7.865189
v -160.500000 -3.733154 -7.741541
v -160.500000 -4.142804 -7.579978
v -160.500000 -4.536066 -7.381836
v -160.500000 -4.909682 -7.148757
v -160.500000 -5.260559 -6.882672
v -160.500000 -5.585786 -6.585785
v -160.500000 -5.882673 -6.260558
v -160.500000 -6.148758 -5.909681
v -160.500000 -6.381837 -5.536065
v -160.500000 -6.579979 -5.142803
v -160.500000 -6.741542 -4.733152
v -160.500000 -6.865190 -4.310511
v -160.500000 -6.949893 -3.878376
v -160.500000 -6.994956 -3.440329
v -160.500000 -7.000000 -8.999999
v -160.500000 -6.826353 -8.984807
v -160.500000 -6.657980 -8.939692
v -160.500000 -6.500000 -8.866024
v -160.500000 -6.357213 -8.766043
v -160.500000 -6.233956 -8.642788
v -160.500000 -6.133976 -8.500000
v -160.500000 -6.060308 -8.342020
v -160.500000 -6.015193 -8.173648
v -160.500000 -6.000000 -8.000000
v -160.500000 -6.015193 -7.826352
v -160.500000 -6.060308 -7.657979
v -160.500000 -6.133976 -7.500000
v -160.500000 -6.233956 -7.357212
v -160.500000 -6.357213 -7.233955
v -160.500000 -6.500000 -7.133975
v -160.500000 -6.657980 -7.060307
v -160.500000 -6.826353 -7.015192
v -160.500000 -7.000000 -7.000000
v -160.500000 -7.173648 -7.015192
v -160.500000 -7.342021 -7.060307
v -160.500000 -7.500000 -7.133975
v -160.500000 -7.642788 -7.233955
v -160.500000 -7.766045 -7.357212
v -160.500000 -7.866025 -7.500000
v -160.500000 -7.939693 -7.657979
v -160.500000 -7.984808 -7.826352
v -160.500000 -8.000001 -8.000000
v -160.500000 -7.984808 -8.173647
v -160.500000 -7.939693 -8.342019
v -160.500000 -7.866025 -8.499999
v -160.500000 -7.766045 -8.642787
v -160.500000 -7.642788 -8.766043
v -160.500000 -7.500000 -8.866024
v -160.500000 -7.342021 -8.939692
v -160.500000 -7.173648 -8.984807
v -168.500000 -7.000000 -8.999999
v -168.500000 -6.826353 -8.984807
v -168.500000 -6.657980 -8.939692
v -168.500000 -6.500000 -8.866024
v -168.500000 -6.357213 -8.766043
v -168.500000 -6.233956 -8.642788
v -168.500000 -6.133976 -8.500000
v -168.500000 -6.060308 -8.342020
v -168.500000 -6.015193 -8.173648
v -168.500000 -6.000000 -8.000000
v -168.500000 -6.015193 -7.826352
v -168.500000 -6.060308 -7.657979
v -168.500000 -6.133976 -7.500000
v -168.500000 -6.233956 -7.357212
v -168.500000 -6.357213 -7.233955
v -168.500000 -6.500000 -7.133975
v -168.500000 -6.657980 -7.060307
v -168.500000 -6.826353 -7.015192
v -168.500000 -7.000000 -7.000000
v -168.500000 -7.173648 -7.015192
v -168.500000 -7.342021 -7.060307
v -168.500000 -7.500000 -7.133975
v -168.500000 -7.642788 -7.233955
v -168.500000 -7.766045 -7.357212
v -168.500000 -7.866025 -7.500000
v -168.500000 -7.939693 -7.657979
v -168.500000 -7.984808 -7.826352
v -168.500000 -8.000001 -8.000000
v -168.500000 -7.984808 -8.173647
v -168.500000 -7.939693 -8.342019
v -168.500000 -7.866025 -8.499999
v -168.500000 -7.766045 -8.642787
v -168.500000 -7.642788 -8.766043
v -168.500000 -7.500000 -8.866024
v -168.500000 -7.342021 -8.939692
v -168.500000 -7.173648 -8.984807
v -165.833328 -7.000000 -7.000000
v -163.166672 -7.000000 -7.000000
v -165.833328 -6.826353 -8.984807
v -163.166672 -6.826353 -8.984807
v -163.166672 -7.000000 -8.999999
v -165.833328 -7.000000 -8.999999
v -165.833328 -6.657980 -8.939692
v -163.166672 -6.657980 -8.939692
v -165.833328 -6.500000 -8.866024
v -163.166672 -6.500000 -8.866024
v -165.833328 -6.357213 -8.766043
v -163.166672 -6.357213 -8.766043
v -165.833328 -6.233956 -8.642788
v -163.166672 -6.233956 -8.642788
v -165.833328 -6.133976 -8.500000
v -163.166672 -6.133976 -8.500000
v -165.833328 -6.060308 -8.342020
v -163.166672 -6.060308 -8.342020
v -165.833328 -6.015193 -8.173648
v -163.166672 -6.015193 -8.173648
v -165.833328 -6.000000 -8.000000
v -163.166672 -6.000000 -8.000000
v -165.833328 -6.015193 -7.826352
v -163.166672 -6.015193 -7.826352
v -165.833328 -6.060308 -7.657979
v -163.166672 -6.060308 -7.657979
v -165.833328 -6.133976 -7.500000
v -163.166672 -6.133976 -7.500000
v -165.833328 -6.233956 -7.357212
v -163.166672 -6.233956 -7.357212
v -165.833328 -6.357213 -7.233955
v -163.166672 -6.357213 -7.233955
v -165.833328 -6.500000 -7.133975
v -163.166672 -6.500000 -7.133975
v -165.833328 -6.657980 -7.060307
v -163.166672 -6.657980 -7.060307
v -165.833328 -6.826353 -7.015192
v -163.166672 -6.826353 -7.015192
v -165.833328 -7.173648 -7.015192
v -163.166672 -7.173648 -7.015192
v -165.833328 -7.342021 -7.060307
v -163.166672 -7.342021 -7.060307
v -165.833328 -7.500000 -7.133975
v -163.166672 -7.500000 -7.133975
v -165.833328 -7.642788 -7.233955
v -163.166672 -7.642788 -7.233955
v -165.833328 -7.766045 -7.357212
v -163.166672 -7.766045 -7.357212
v -165.833328 -7.866025 -7.500000
v -163.166672 -7.866025 -7.500000
v -165.833328 -7.939693 -7.657979
v -163.166672 -7.939693 -7.657979
v -165.833328 -7.984808 -7.826352
v -163.166672 -7.984808 -7.826352
v -165.833328 -8.000001 -8.000000
v -163.166672 -8.000001 -8.000000
v -165.833328 -7.984808 -8.173647
v -163.166672 -7.984808 -8.173647
v -165.833328 -7.939693 -8.342019
v -163.166672 -7.939693 -8.342019
v -165.833328 -7.866025 -8.499999
v -163.166672 -7.866025 -8.499999
v -165.833328 -7.766045 -8.642787
v -163.166672 -7.766045 -8.642787
v -165.833328 -7.642788 -8.766043
v -163.166672 -7.642788 -8.766043
v -165.833328 -7.500000 -8.866024
v -163.166672 -7.500000 -8.866024
v -165.833328 -7.342021 -8.939692
v -163.166672 -7.342021 -8.939692
v -165.833328 -7.173648 -8.984807
v -163.166672 -7.173648 -8.984807
v -168.500000 -7.000000 -3.000000
v -168.500000 -17.888544 -2.999999
v -168.500000 -17.771557 -3.858627
v -168.500000 -17.613382 -4.710629
v -168.500000 -17.414385 -5.554033
v -168.500000 -17.175026 -6.386880
v -168.500000 -16.895861 -7.207243
v -168.500000 -16.577538 -8.013220
v -168.500000 -16.220791 -8.802942
v -168.500000 -15.826452 -9.574580
v -168.500000 -15.395432 -10.326344
v -168.500000 -14.928729 -11.056493
v -168.500000 -14.427427 -11.763334
v -168.500000 -13.892687 -12.445229
v -168.500000 -13.325747 -13.100598
v -168.500000 -12.727923 -13.727921
v -168.500000 -12.100600 -14.325745
v -168.500000 -11.445230 -14.892685
v -168.500000 -10.763336 -15.427425
v -168.500000 -10.056495 -15.928727
v -168.500000 -9.326346 -16.395432
v -168.500000 -8.574582 -16.826450
v -168.500000 -7.802945 -17.220791
v -168.500000 -7.013222 -17.577538
v -168.500000 -6.207246 -17.895861
v -168.500000 -5.386883 -18.175026
v -168.500000 -4.554036 -18.414385
v -168.500000 -3.710632 -18.613382
v -168.500000 -2.858629 -18.771557
v -168.500000 -2.000001 -18.888544
v -168.500000 -2.000001 -8.000000
v -168.500000 -2.440330 -7.994955
v -168.500000 -2.878377 -7.949893
v -168.500000 -3.310512 -7.865189
v -168.500000 -3.733154 -7.741541
v -168.500000 -4.142804 -7.579978
v -168.500000 -4.536066 -7.381836
v -168.500000 -4.909682 -7.148757
v -168.500000 -5.260559 -6.882672
v -168.500000 -5.585786 -6.585785
v -168.500000 -5.882673 -6.260558
v -168.500000 -6.148758 -5.909681
v -168.500000 -6.381837 -5.536065
v -168.500000 -6.579979 -5.142803
v -168.500000 -6.741542 -4.733152
v -168.500000 -6.865190 -4.310511
v -168.500000 -6.949893 -3.878376
v -168.500000 -6.994956 -3.440329
v -173.000000 -7.000000 -3.000000
v -173.000000 -17.888544 -2.999999
v -173.000000 -17.771557 -3.858627
v -173.000000 -17.613382 -4.710629
v -173.000000 -17.414385 -5.554033
v -173.000000 -17.175026 -6.386880
v -173.000000 -16.895861 -7.207243
v -173.000000 -16.577538 -8.013220
v -173.000000 -16.220791 -8.802942
v -173.000000 -15.826452 -9.574580
v -173.000000 -15.395432 -10.326344
v -173.000000 -14.928729 -11.056493
v -173.000000 -14.427427 -11.763334
v -173.000000 -13.892687 -12.445229
v -173.000000 -13.325747 -13.100598
v -173.000000 -12.727923 -13.727921
v -173.000000 -12.100600 -14.325745
v -173.000000 -11.445230 -14.892685
v -173.000000 -10.763336 -15.427425
v -173.000000 -10.056495 -15.928727
v -173.000000 -9.326346 -16.395432
v -173.000000 -8.574582 -16.826450
v -173.000000 -7.802945 -17.220791
v -173.000000 -7.013222 -17.577538
v -173.000000 -6.207246 -17.895861
v -173.000000 -5.386883 -18.175026
v -173.000000 -4.554036 -18.414385
v -173.000000 -3.710632 -18.613382
v -173.000000 -2.858629 -18.771557
v -173.000000 -2.000001 -18.888544
v -173.000000 -2.000001 -8.000000
v -173.000000 -2.440330 -7.994955
v -173.000000 -2.878377 -7.949893
v -173.000000 -3.310512 -7.865189
v -173.000000 -3.733154 -7.741541
v -173.000000 -4.142804 -7.579978
v -173.000000 -4.536066 -7.381836
v -173.000000 -4.909682 -7.148757
v -173.000000 -5.260559 -6.882672
v -173.000000 -5.585786 -6.585785
v -173.000000 -5.882673 -6.260558
v -173.000000 -6.148758 -5.909681
v -173.000000 -6.381837 -5.536065
v -173.000000 -6.579979 -5.142803
v -173.000000 -6.741542 -4.733152
v -173.000000 -6.865190 -4.310511
v -173.000000 -6.949893 -3.878376
v -173.000000 -6.994956 -3.440329
v -173.000000 -7.000000 -8.999999
v -173.000000 -6.826353 -8.984807
v -173.000000 -6.657980 -8.939692
v -173.000000 -6.500000 -8.866024
v -173.000000 -6.357213 -8.766043
v -173.000000 -6.233956 -8.642788
v -173.000000 -6.133976 -8.500000
v -173.000000 -6.060308 -8.342020
v -173.000000 -6.015193 -8.173648
v -173.000000 -6.000000 -8.000000
v -173.000000 -6.015193 -7.826352
v -173.000000 -6.060308 -7.657979
v -173.000000 -6.133976 -7.500000
v -173.000000 -6.233956 -7.357212
v -173.000000 -6.357213 -7.233955
v -173.000000 -6.500000 -7.133975
v -173.000000 -6.657980 -7.060307
v -173.000000 -6.826353 -7.015192
v -173.000000 -7.000000 -7.000000
v -173.000000 -7.173648 -7.015192
v -173.000000 -7.342021 -7.060307
v -173.000000 -7.500000 -7.133975
v -173.000000 -7.642788 -7.233955
v -173.000000 -7.766045 -7.357212
v -173.000000 -7.866025 -7.500000
v -173.000000 -7.939693 -7.657979
v -173.000000 -7.984808 -7.826352
v -173.000000 -8.000001 -8.000000
v -173.000000 -7.984808 -8.173647
v -173.000000 -7.939693 -8.342019
v -173.000000 -7.866025 -8.499999
v -173.000000 -7.766045 -8.642787
v -173.000000 -7.642788 -8.766043
v -173.000000 -7.500000 -8.866024
v -173.000000 -7.342021 -8.939692
v -173.000000 -7.173648 -8.984807
v -181.000000 -7.000000 -8.999999
v -181.000000 -6.826353 -8.984807
v -181.000000 -6.657980 -8.939692
v -181.000000 -6.500000 -8.866024
v -181.000000 -6.357213 -8.766043
v -181.000000 -6.233956 -8.642788
v -181.000000 -6.133976 -8.500000
v -181.000000 -6.060308 -8.342020
v -181.000000 -6.015193 -8.173648
v -181.000000 -6.000000 -8.000000
v -181.000000 -6.015193 -7.826352
v -181.000000 -6.060308 -7.657979
v -181.000000 -6.133976 -7.500000
v -181.000000 -6.233956 -7.357212
v -181.000000 -6.357213 -7.233955
v -181.000000 -6.500000 -7.133975
v -181.000000 -6.657980 -7.060307
v -181.000000 -6.826353 -7.015192
v -181.000000 -7.000000 -7.000000
v -181.000000 -7.173648 -7.015192
v -181.000000 -7.342021 -7.060307
v -181.000000 -7.500000 -7.133975
v -181.000000 -7.642788 -7.233955
v -181.000000 -7.766045 -7.357212
v -181.000000 -7.866025 -7.500000
v -181.000000 -7.939693 -7.657979
v -181.000000 -7.984808 -7.826352
v -181.000000 -8.000001 -8.000000
v -181.000000 -7.984808 -8.173647
v -181.000000 -7.939693 -8.342019
v -181.000000 -7.866025 -8.499999
v -181.000000 -7.766045 -8.642787
v -181.000000 -7.642788 -8.766043
v -181.000000 -7.500000 -8.866024
v -181.000000 -7.342021 -8.939692
v -181.000000 -7.173648 -8.984807
v -178.333328 -7.000000 -7.000000
v -175.666672 -7.000000 -7.000000
v -178.333328 -6.826353 -8.984807
v -175.666672 -6.826353 -8.984807
v -175.666672 -7.000000 -8.999999
v -178.333328 -7.000000 -8.999999
v -178.333328 -6.657980 -8.939692
v -175.666672 -6.657980 -8.939692
v -178.333328 -6.500000 -8.866024
v -175.666672 -6.500000 -8.866024
v -178.333328 -6.357213 -8.766043
v -175.666672 -6.357213 -8.766043
v -178.333328 -6.233956 -8.642788
v -175.666672 -6.233956 -8.642788
v -178.333328 -6.133976 -8.500000
v -175.666672 -6.133976 -8.500000
v -178.333328 -6.060308 -8.342020
v -175.666672 -6.060308 -8.342020
v -178.333328 -6.015193 -8.173648
v -175.666672 -6.015193 -8.173648
v -178.333328 -6.000000 -8.000000
v -175.666672 -6.000000 -8.000000
v -178.333328 -6.015193 -7.826352
v -175.666672 -6.015193 -7.826352
v -178.333328 -6.060308 -7.657979
v -175.666672 -6.060308 -7.657979
v -178.333328 -6.133976 -7.500000
v -175.666672 -6.133976 -7.500000
v -178.333328 -6.233956 -7.357212
v -175.666672 -6.233956 -7.357212
v -178.333328 -6.357213 -7.233955
v -175.666672 -6.357213 -7.233955
v -178.333328 -6.500000 -7.133975
v -175.666672 -6.500000 -7.133975
v -178.333328 -6.657980 -7.060307
v -175.666672 -6.657980 -7.060307
v -178.333328 -6.826353 -7.015192
v -175.666672 -6.826353 -7.015192
v -178.333328 -7.173648 -7.015192
v -175.666672 -7.173648 -7.015192
v -178.333328 -7.342021 -7.060307
v -175.666672 -7.342021 -7.060307
v -178.333328 -7.500000 -7.133975
v -175.666672 -7.500000 -7.133975
v -178.333328 -7.642788 -7.233955
v -175.666672 -7.642788 -7.233955
v -178.333328 -7.766045 -7.357212
v -175.666672 -7.766045 -7.357212
v -178.333328 -7.866025 -7.500000
v -175.666672 -7.866025 -7.500000
v -178.333328 -7.939693 -7.657979
v -175.666672 -7.939693 -7.657979
v -178.333328 -7.984808 -7.826352
v -175.666672 -7.984808 -7.826352
v -178.333328 -8.000001 -8.000000
v -175.666672 -8.000001 -8.000000
v -178.333328 -7.984808 -8.173647
v -175.666672 -7.984808 -8.173647
v -178.333328 -7.939693 -8.342019
v -175.666672 -7.939693 -8.342019
v -178.333328 -7.866025 -8.499999
v -175.666672 -7.866025 -8.499999
v -178.333328 -7.766045 -8.642787
v -175.666672 -7.766045 -8.642787
v -178.333328 -7.642788 -8.766043
v -175.666672 -7.642788 -8.766043
v -178.333328 -7.500000 -8.866024
v -175.666672 -7.500000 -8.866024
v -178.333328 -7.342021 -8.939692
v -175.666672 -7.342021 -8.939692
v -178.333328 -7.173648 -8.984807
v -175.666672 -7.173648 -8.984807
v -181.000000 -7.000000 -3.000000
v -181.000000 -17.888544 -2.999999
v -181.000000 -17.771557 -3.858627
v -181.000000 -17.613382 -4.710629
v -181.000000 -17.414385 -5.554033
v -181.000000 -17.175026 -6.386880
v -181.000000 -16.895861 -7.207243
v -181.000000 -16.577538 -8.013220
v -181.000000 -16.220791 -8.802942
v -181.000000 -15.826452 -9.574580
v -181.000000 -15.395432 -10.326344
v -181.000000 -14.928729 -11.056493
v -181.000000 -14.427427 -11.763334
v -181.000000 -13.892687 -12.445229
v -181.000000 -13.325747 -13.100598
v -181.000000 -12.727923 -13.727921
v -181.000000 -12.100600 -14.325745
v -181.000000 -11.445230 -14.892685
v -181.000000 -10.763336 -15.427425
v -181.000000 -10.056495 -15.928727
v -181.000000 -9.326346 -16.395432
v -181.000000 -8.574582 -16.826450
v -181.000000 -7.802945 -17.220791
v -181.000000 -7.013222 -17.577538
v -181.000000 -6.207246 -17.895861
v -181.000000 -5.386883 -18.175026
v -181.000000 -4.554036 -18.414385
v -181.000000 -3.710632 -18.613382
v -181.000000 -2.858629 -18.771557
v -181.000000 -2.000001 -18.888544
v -181.000000 -2.000001 -8.000000
v -181.000000 -2.440330 -7.994955
v -181.000000 -2.878377 -7.949893
v -181.000000 -3.310512 -7.865189
v -181.000000 -3.733154 -7.741541
v -181.000000 -4.142804 -7.579978
v -181.000000 -4.536066 -7.381836
v -181.000000 -4.909682 -7.148757
v -181.000000 -5.260559 -6.882672
v -181.000000 -5.585786 -6.585785
v -181.000000 -5.882673 -6.260558
v -181.000000 -6.148758 -5.909681
v -181.000000 -6.381837 -5.536065
v -181.000000 -6.579979 -5.142803
v -181.000000 -6.741542 -4.733152
v -181.000000 -6.865190 -4.310511
v -181.000000 -6.949893 -3.878376
v -181.000000 -6.994956 -3.440329
v -185.500000 -7.000000 -3.000000
v -185.500000 -17.888544 -2.999999
v -185.500000 -17.771557 -3.858627
v -185.500000 -17.613382 -4.710629
v -185.500000 -17.414385 -5.554033
v -185.500000 -17.175026 -6.386880
v -185.500000 -16.895861 -7.207243
v -185.500000 -16.577538 -8.013220
v -185.500000 -16.220791 -8.802942
v -185.500000 -15.826452 -9.574580
v -185.500000 -15.395432 -10.326344
v -185.500000 -14.928729 -11.056493
v -185.500000 -14.427427 -11.763334
v -185.500000 -13.892687 -12.445229
v -185.500000 -13.325747 -13.100598
v -185.500000 -12.727923 -13.727921
v -185.500000 -12.100600 -14.325745
v -185.500000 -11.445230 -14.892685
v -185.500000 -10.763336 -15.427425
v -185.500000 -10.056495 -15.928727
v -185.500000 -9.326346 -16.395432
v -185.500000 -8.574582 -16.826450
v -185.500000 -7.802945 -17.220791
v -185.500000 -7.013222 -17.577538
v -185.500000 -6.207246 -17.895861
v -185.500000 -5.386883 -18.175026
v -185.500000 -4.554036 -18.414385
v -185.500000 -3.710632 -18.613382
v -185.500000 -2.858629 -18.771557
v -185.500000 -2.000001 -18.888544
v -185.500000 -2.000001 -8.000000
v -185.500000 -2.440330 -7.994955
v -185.500000 -2.878377 -7.949893
v -185.500000 -3.310512 -7.865189
v -185.500000 -3.733154 -7.741541
v -185.500000 -4.142804 -7.579978
v -185.500000 -4.536066 -7.381836
v -185.500000 -4.909682 -7.148757
v -185.500000 -5.260559 -6.882672
v -185.500000 -5.585786 -6.585785
v -185.500000 -5.882673 -6.260558
v -185.500000 -6.148758 -5.909681
v -185.500000 -6.381837 -5.536065
v -185.500000 -6.579979 -5.142803
v -185.500000 -6.741542 -4.733152
v -185.500000 -6.865190 -4.310511
v -185.500000 -6.949893 -3.878376
v -185.500000 -6.994956 -3.440329
v -185.500000 -7.000000 -8.999999
v -185.500000 -6.826353 -8.984807
v -185.500000 -6.657980 -8.939692
v -185.500000 -6.500000 -8.866024
v -185.500000 -6.357213 -8.766043
v -185.500000 -6.233956 -8.642788
v -185.500000 -6.133976 -8.500000
v -185.500000 -6.060308 -8.342020
v -185.500000 -6.015193 -8.173648
v -185.500000 -6.000000 -8.000000
v -185.500000 -6.015193 -7.826352
v -185.500000 -6.060308 -7.657979
v -185.500000 -6.133976 -7.500000
v -185.500000 -6.233956 -7.357212
v -185.500000 -6.357213 -7.233955
v -185.500000 -6.500000 -7.133975
v -185.500000 -6.657980 -7.060307
v -185.500000 -6.826353 -7.015192
v -185.500000 -7.000000 -7.000000
v -185.500000 -7.173648 -7.015192
v -185.500000 -7.342021 -7.060307
v -185.500000 -7.500000 -7.133975
v -185.500000 -7.642788 -7.233955
v -185.500000 -7.766045 -7.357212
v -185.500000 -7.866025 -7.500000
v -185.500000 -7.939693 -7.657979
v -185.500000 -7.984808 -7.826352
v -185.500000 -8.000001 -8.000000
v -185.500000 -7.984808 -8.173647
v -185.500000 -7.939693 -8.342019
v -185.500000 -7.866025 -8.499999
v -185.500000 -7.766045 -8.642787
v -185.500000 -7.642788 -8.766043
v -185.500000 -7.500000 -8.866024
v -185.500000 -7.342021 -8.939692
v -185.500000 -7.173648 -8.984807
v -193.500000 -7.000000 -8.999999
v -193.500000 -6.826353 -8.984807
v -193.500000 -6.657980 -8.939692
v -193.500000 -6.500000 -8.866024
v -193.500000 -6.357213 -8.766043
v -193.500000 -6.233956 -8.642788
v -193.500000 -6.133976 -8.500000
v -193.500000 -6.060308 -8.342020
v -193.500000 -6.015193 -8.173648
v -193.500000 -6.000000 -8.000000
v -193.500000 -6.015193 -7.826352
v -193.500000 -6.060308 -7.657979
v -193.500000 -6.133976 -7.500000
v -193.500000 -6.233956 -7.357212
v -193.500000 -6.357213 -7.233955
v -193.500000 -6.500000 -7.133975
v -193.500000 -6.657980 -7.060307
v -193.500000 -6.826353 -7.015192
v -193.500000 -7.000000 -7.000000
v -193.500000 -7.173648 -7.015192
v -193.500000 -7.342021 -7.060307
v -193.500000 -7.500000 -7.133975
v -193.500000 -7.642788 -7.233955
v -193.500000 -7.766045 -7.357212
v -193.500000 -7.866025 -7.500000
v -193.500000 -7.939693 -7.657979
v -193.500000 -7.984808 -7.826352
v -193.500000 -8.000001 -8.000000
v -193.500000 -7.984808 -8.173647
v -193.500000 -7.939693 -8.342019
v -193.500000 -7.866025 -8.499999
v -193.500000 -7.766045 -8.642787
v -193.500000 -7.642788 -8.766043
v -193.500000 -7.500000 -8.866024
v -193.500000 -7.342021 -8.939692
v -193.500000 -7.173648 -8.984807
v -190.833344 -7.000000 -7.000000
v -188.166656 -7.000000 -7.000000
v -190.833344 -6.826353 -8.984807
v -188.166656 -6.826353 -8.984807
v -188.166656 -7.000000 -8.999999
v -190.833344 -7.000000 -8.999999
v -190.833344 -6.657980 -8.939692
v -188.166656 -6.657980 -8.939692
v -190.833344 -6.500000 -8.866024
v -188.166656 -6.500000 -8.866024
v -190.833344 -6.357213 -8.766043
v -188.166656 -6.357213 -8.766043
v -190.833344 -6.233956 -8.642788
v -188.166656 -6.233956 -8.642788
v -190.833344 -6.133976 -8.500000
v -188.166656 -6.133976 -8.500000
v -190.833344 -6.060308 -8.342020
v -188.166656 -6.060308 -8.342020
v -190.833344 -6.015193 -8.173648
v -188.166656 -6.015193 -8.173648
v -190.833344 -6.000000 -8.000000
v -188.166656 -6.000000 -8.000000
v -190.833344 -6.015193 -7.826352
v -188.166656 -6.015193 -7.826352
v -190.833344 -6.060308 -7.657979
v -188.166656 -6.060308 -7.657979
v -190.833344 -6.133976 -7.500000
v -188.166656 -6.133976 -7.500000
v -190.833344 -6.233956 -7.357212
v -188.166656 -6.233956 -7.357212
v -190.833344 -6.357213 -7.233955
v -188.166656 -6.357213 -7.233955
v -190.833344 -6.500000 -7.133975
v -188.166656 -6.500000 -7.133975
v -190.833344 -6.657980 -7.060307
v -188.166656 -6.657980 -7.060307
v -190.833344 -6.826353 -7.015192
v -188.166656 -6.826353 -7.015192
v -190.833344 -7.173648 -7.015192
v -188.166656 -7.173648 -7.015192
v -190.833344 -7.342021 -7.060307
v -188.166656 -7.342021 -7.060307
v -190.833344 -7.500000 -7.133975
v -188.166656 -7.500000 -7.133975
v -190.833344 -7.642788 -7.233955
v -188.166656 -7.642788 -7.233955
v -190.833344 -7.766045 -7.357212
v -188.166656 -7.766045 -7.357212
v -190.833344 -7.866025 -7.500000
v -188.166656 -7.866025 -7.500000
v -190.833344 -7.939693 -7.657979
v -188.166656 -7.939693 -7.657979
v -190.833344 -7.984808 -7.826352
v -188.166656 -7.984808 -7.826352
v -190.833344 -8.000001 -8.000000
v -188.166656 -8.000001 -8.000000
v -190.833344 -7.984808 -8.173647
v -188.166656 -7.984808 -8.173647
v -190.833344 -7.939693 -8.342019
v -188.166656 -7.939693 -8.342019
v -190.833344 -7.866025 -8.499999
v -188.166656 -7.866025 -8.499999
v -190.833344 -7.766045 -8.642787
v -188.166656 -7.766045 -8.642787
v -190.833344 -7.642788 -8.766043
v -188.166656 -7.642788 -8.766043
v -190.833344 -7.500000 -8.866024
v -188.166656 -7.500000 -8.866024
v -190.833344 -7.342021 -8.939692
v -188.166656 -7.342021 -8.939692
v -190.833344 -7.173648 -8.984807
v -188.166656 -7.173648 -8.984807
v -193.500000 -7.000000 -3.000000
v -193.500000 -17.888544 -2.999999
v -193.500000 -17.771557 -3.858627
v -193.500000 -17.613382 -4.710629
v -193.500000 -17.414385 -5.554033
v -193.500000 -17.175026 -6.386880
v -193.500000 -16.895861 -7.207243
v -193.500000 -16.577538 -8.013220
v -193.500000 -16.220791 -8.802942
v -193.500000 -15.826452 -9.574580
v -193.500000 -15.395432 -10.326344
v -193.500000 -14.928729 -11.056493
v -193.500000 -14.427427 -11.763334
v -193.500000 -13.892687 -12.445229
v -193.500000 -13.325747 -13.100598
v -193.500000 -12.727923 -13.727921
v -193.500000 -12.100600 -14.325745
v -193.500000 -11.445230 -14.892685
v -193.500000 -10.763336 -15.427425
v -193.500000 -10.056495 -15.928727
v -193.500000 -9.326346 -16.395432
v -193.500000 -8.574582 -16.826450
v -193.500000 -7.802945 -17.220791
v -193.500000 -7.013222 -17.577538
v -193.500000 -6.207246 -17.895861
v -193.500000 -5.386883 -18.175026
v -193.500000 -4.554036 -18.414385
v -193.500000 -3.710632 -18.613382
v -193.500000 -2.858629 -18.771557
v -193.500000 -2.000001 -18.888544
v -193.500000 -2.000001 -8.000000
v -193.500000 -2.440330 -7.994955
v -193.500000 -2.878377 -7.949893
v -193.500000 -3.310512 -7.865189
v -193.500000 -3.733154 -7.741541
v -193.500000 -4.142804 -7.579978
v -193.500000 -4.536066 -7.381836
v -193.500000 -4.909682 -7.148757
v -193.500000 -5.260559 -6.882672
v -193.500000 -5.585786 -6.585785
v -193.500000 -5.882673 -6.260558
v -193.500000 -6.148758 -5.909681
v -193.500000 -6.381837 -5.536065
v -193.500000 -6.579979 -5.142803
v -193.500000 -6.741542 -4.733152
v -193.500000 -6.865190 -4.310511
v -193.500000 -6.949893 -3.878376
v -193.500000 -6.994956 -3.440329
v -198.000000 -7.000000 -3.000000
v -198.000000 -17.888544 -2.999999
v -198.000000 -17.771557 -3.858627
v -198.000000 -17.613382 -4.710629
v -198.000000 -17.414385 -5.554033
v -198.000000 -17.175026 -6.386880
v -198.000000 -16.895861 -7.207243
v -198.000000 -16.577538 -8.013220
v -198.000000 -16.220791 -8.802942
v -198.000000 -15.826452 -9.574580
v -198.000000 -15.395432 -10.326344
v -198.000000 -14.928729 -11.056493
v -198.000000 -14.427427 -11.763334
v -198.000000 -13.892687 -12.445229
v -198.000000 -13.325747 -13.100598
v -198.000000 -12.727923 -13.727921
v -198.000000 -12.100600 -14.325745
v -198.000000 -11.445230 -14.892685
v -198.000000 -10.763336 -15.427425
v -198.000000 -10.056495 -15.928727
v -198.000000 -9.326346 -16.395432
v -198.000000 -8.574582 -16.826450
v -198.000000 -7.802945 -17.220791
v -198.000000 -7.013222 -17.577538
v -198.000000 -6.207246 -17.895861
v -198.000000 -5.386883 -18.175026
v -198.000000 -4.554036 -18.414385
v -198.000000 -3.710632 -18.613382
v -198.000000 -2.858629 -18.771557
v -198.000000 -2.000001 -18.888544
v -198.000000 -2.000001 -8.000000
v -198.000000 -2.440330 -7.994955
v -198.000000 -2.878377 -7.949893
v -198.000000 -3.310512 -7.865189
v -198.000000 -3.733154 -7.741541
v -198.000000 -4.142804 -7.579978
v -198.000000 -4.536066 -7.381836
v -198.000000 -4.909682 -7.148757
v -198.000000 -5.260559 -6.882672
v -198.000000 -5.585786 -6.585785
v -198.000000 -5.882673 -6.260558
v -198.000000 -6.148758 -5.909681
v -198.000000 -6.381837 -5.536065
v -198.000000 -6.579979 -5.142803
v -198.000000 -6.741542 -4.733152
v -198.000000 -6.865190 -4.310511
v -198.000000 -6.949893 -3.878376
v -198.000000 -6.994956 -3.440329
v -198.000000 -7.000000 -8.999999
v -198.000000 -6.826353 -8.984807
v -198.000000 -6.657980 -8.939692
v -198.000000 -6.500000 -8.866024
v -198.000000 -6.357213 -8.766043
v -198.000000 -6.233956 -8.642788
v -198.000000 -6.133976 -8.500000
v -198.000000 -6.060308 -8.342020
v -198.000000 -6.015193 -8.173648
v -198.000000 -6.000000 -8.000000
v -198.000000 -6.015193 -7.826352
v -198.000000 -6.060308 -7.657979
v -198.000000 -6.133976 -7.500000
v -198.000000 -6.233956 -7.357212
v -198.000000 -6.357213 -7.233955
v -198.000000 -6.500000 -7.133975
v -198.000000 -6.657980 -7.060307
v -198.000000 -6.826353 -7.015192
v -198.000000 -7.000000 -7.000000
v -198.000000 -7.173648 -7.015192
v -198.000000 -7.342021 -7.060307
v -198.000000 -7.500000 -7.133975
v -198.000000 -7.642788 -7.233955
v -198.000000 -7.766045 -7.357212
v -198.000000 -7.866025 -7.500000
v -198.000000 -7.939693 -7.657979
v -198.000000 -7.984808 -7.826352
v -198.000000 -8.000001 -8.000000
v -198.000000 -7.984808 -8.173647
v -198.000000 -7.939693 -8.342019
v -198.000000 -7.866025 -8.499999
v -198.000000 -7.766045 -8.642787
v -198.000000 -7.642788 -8.766043
v -198.000000 -7.500000 -8.866024
v -198.000000 -7.342021 -8.939692
v -198.000000 -7.173648 -8.984807
v -206.000000 -7.000000 -8.999999
v -206.000000 -6.826353 -8.984807
v -206.000000 -6.657980 -8.939692
v -206.000000 -6.500000 -8.866024
v -206.000000 -6.357213 -8.766043
v -206.000000 -6.233956 -8.642788
v -206.000000 -6.133976 -8.500000
v -206.000000 -6.060308 -8.342020
v -206.000000 -6.015193 -8.173648
v -206.000000 -6.000000 -8.000000
v -206.000000 -6.015193 -7.826352
v -206.000000 -6.060308 -7.657979
v -206.000000 -6.133976 -7.500000
v -206.000000 -6.233956 -7.357212
v -206.000000 -6.357213 -7.233955
v -206.000000 -6.500000 -7.133975
v -206.000000 -6.657980 -7.060307
v -206.000000 -6.826353 -7.015192
v -206.000000 -7.000000 -7.000000
v -206.000000 -7.173648 -7.015192
v -206.000000 -7.342021 -7.060307
v -206.000000 -7.500000 -7.133975
v -206.000000 -7.642788 -7.233955
v -206.000000 -7.766045 -7.357212
v -206.000000 -7.866025 -7.500000
v -206.000000 -7.939693 -7.657979
v -206.000000 -7.984808 -7.826352
v -206.000000 -8.000001 -8.000000
v -206.000000 -7.984808 -8.173647
v -206.000000 -7.939693 -8.342019
v -206.000000 -7.866025 -8.499999
v -206.000000 -7.766045 -8.642787
v -206.000000 -7.642788 -8.766043
v -206.000000 -7.500000 -8.866024
v -206.000000 -7.342021 -8.939692
v -206.000000 -7.173648 -8.984807
v -203.333344 -7.000000 -7.000000
v -200.666656 -7.000000 -7.000000
v -203.333344 -6.826353 -8.984807
v -200.666656 -6.826353 -8.984807
v -200.666656 -7.000000 -8.999999
v -203.333344 -7.000000 -8.999999
v -203.333344 -6.657980 -8.939692
v -200.666656 -6.657980 -8.939692
v -203.333344 -6.500000 -8.866024
v -200.666656 -6.500000 -8.866024
v -203.333344 -6.357213 -8.766043
v -200.666656 -6.357213 -8.766043
v -203.333344 -6.233956 -8.642788
v -200.666656 -6.233956 -8.642788
v -203.333344 -6.133976 -8.500000
v -200.666656 -6.133976 -8.500000
v -203.333344 -6.060308 -8.342020
v -200.666656 -6.060308 -8.342020
v -203.333344 -6.015193 -8.173648
v -200.666656 -6.015193 -8.173648
v -203.333344 -6.000000 -8.000000
v -200.666656 -6.000000 -8.000000
v -203.333344 -6.015193 -7.826352
v -200.666656 -6.015193 -7.826352
v -203.333344 -6.060308 -7.657979
v -200.666656 -6.060308 -7.657979
v -203.333344 -6.133976 -7.500000
v -200.666656 -6.133976 -7.500000
v -203.333344 -6.233956 -7.357212
v -200.666656 -6.233956 -7.357212
v -203.333344 -6.357213 -7.233955
v -200.666656 -6.357213 -7.233955
v -203.333344 -6.500000 -7.133975
v -200.666656 -6.500000 -7.133975
v -203.333344 -6.657980 -7.060307
v -200.666656 -6.657980 -7.060307
v -203.333344 -6.826353 -7.015192
v -200.666656 -6.826353 -7.015192
v -203.333344 -7.173648 -7.015192
v -200.666656 -7.173648 -7.015192
v -203.333344 -7.342021 -7.060307
v -200.666656 -7.342021 -7.060307
v -203.333344 -7.500000 -7.133975
v -200.666656 -7.500000 -7.133975
v -203.333344 -7.642788 -7.233955
v -200.666656 -7.642788 -7.233955
v -203.333344 -7.766045 -7.357212
v -200.666656 -7.766045 -7.357212
v -203.333344 -7.866025 -7.500000
v -200.666656 -7.866025 -7.500000
v -203.333344 -7.939693 -7.657979
v -200.666656 -7.939693 -7.657979
v -203.333344 -7.984808 -7.826352
v -200.666656 -7.984808 -7.826352
v -203.333344 -8.000001 -8.000000
v -200.666656 -8.000001 -8.000000
v -203.333344 -7.984808 -8.173647
v -200.666656 -7.984808 -8.173647
v -203.333344 -7.939693 -8.342019
v -200.666656 -7.939693 -8.342019
v -203.333344 -7.866025 -8.499999
v -200.666656 -7.866025 -8.499999
v -203.333344 -7.766045 -8.642787
v -200.666656 -7.766045 -8.642787
v -203.333344 -7.642788 -8.766043
v -200.666656 -7.642788 -8.766043
v -203.333344 -7.500000 -8.866024
v -200.666656 -7.500000 -8.866024
v -203.333344 -7.342021 -8.939692
v -200.666656 -7.342021 -8.939692
v -203.333344 -7.173648 -8.984807
v -200.666656 -7.173648 -8.984807
v -206.000000 -7.000000 -3.000000
v -206.000000 -17.888544 -2.999999
v -206.000000 -17.771557 -3.858627
v -206.000000 -17.613382 -4.710629
v -206.000000 -17.414385 -5.554033
v -206.000000 -17.175026 -6.386880
v -206.000000 -16.895861 -7.207243
v -206.000000 -16.577538 -8.013220
v -206.000000 -16.220791 -8.802942
v -206.000000 -15.826452 -9.574580
v -206.000000 -15.395432 -10.326344
v -206.000000 -14.928729 -11.056493
v -206.000000 -14.427427 -11.763334
v -206.000000 -13.892687 -12.445229
v -206.000000 -13.325747 -13.100598
v -206.000000 -12.727923 -13.727921
v -206.000000 -12.100600 -14.325745
v -206.000000 -11.445230 -14.892685
v -206.000000 -10.763336 -15.427425
v -206.000000 -10.056495 -15.928727
v -206.000000 -9.326346 -16.395432
v -206.000000 -8.574582 -16.826450
v -206.000000 -7.802945 -17.220791
v -206.000000 -7.013222 -17.577538
v -206.000000 -6.207246 -17.895861
v -206.000000 -5.386883 -18.175026
v -206.000000 -4.554036 -18.414385
v -206.000000 -3.710632 -18.613382
v -206.000000 -2.858629 -18.771557
v -206.000000 -2.000001 -18.888544
v -206.000000 -2.000001 -8.000000
v -206.000000 -2.440330 -7.994955
v -206.000000 -2.878377 -7.949893
v -206.000000 -3.310512 -7.865189
v -206.000000 -3.733154 -7.741541
v -206.000000 -4.142804 -7.579978
v -206.000000 -4.536066 -7.381836
v -206.000000 -4.909682 -7.148757
v -206.000000 -5.260559 -6.882672
v -206.000000 -5.585786 -6.585785
v -206.000000 -5.882673 -6.260558
v -206.000000 -6.148758 -5.909681
v -206.000000 -6.381837 -5.536065
v -206.000000 -6.579979 -5.142803
v -206.000000 -6.741542 -4.733152
v -206.000000 -6.865190 -4.310511
v -206.000000 -6.949893 -3.878376
v -206.000000 -6.994956 -3.440329
v -210.500000 -7.000000 -3.000000
v -210.500000 -17.888544 -2.999999
v -210.500000 -17.771557 -3.858627
v -210.500000 -17.613382 -4.710629
v -210.500000 -17.414385 -5.554033
v -210.500000 -17.175026 -6.386880
v -210.500000 -16.895861 -7.207243
v -210.500000 -16.577538 -8.013220
v -210.500000 -16.220791 -8.802942
v -210.500000 -15.826452 -9.574580
v -210.500000 -15.395432 -10.326344
v -210.500000 -14.928729 -11.056493
v -210.500000 -14.427427 -11.763334
v -210.500000 -13.892687 -12.445229
v -210.500000 -13.325747 -13.100598
v -210.500000 -12.727923 -13.727921
v -210.500000 -12.100600 -14.325745
v -210.500000 -11.445230 -14.892685
v -210.500000 -10.763336 -15.427425
v -210.500000 -10.056495 -15.928727
v -210.500000 -9.326346 -16.395432
v -210.500000 -8.574582 -16.826450
v -210.500000 -7.802945 -17.220791
v -210.500000 -7.013222 -17.577538
v -210.500000 -6.207246 -17.895861
v -210.500000 -5.386883 -18.175026
v -210.500000 -4.554036 -18.414385
v -210.500000 -3.710632 -18.613382
v -210.500000 -2.858629 -18.771557
v -210.500000 -2.000001 -18.888544
v -210.500000 -2.000001 -8.000000
v -210.500000 -2.440330 -7.994955
v -210.500000 -2.878377 -7.949893
v -210.500000 -3.310512 -7.865189
v -210.500000 -3.733154 -7.741541
v -210.500000 -4.142804 -7.579978
v -210.500000 -4.536066 -7.381836
v -210.500000 -4.909682 -7.148757
v -210.500000 -5.260559 -6.882672
v -210.500000 -5.585786 -6.585785
v -210.500000 -5.882673 -6.260558
v -210.500000 -6.148758 -5.909681
v -210.500000 -6.381837 -5.536065
v -210.500000 -6.579979 -5.142803
v -210.500000 -6.741542 -4.733152
v -210.500000 -6.865190 -4.310511
v -210.500000 -6.949893 -3.878376
v -210.500000 -6.994956 -3.440329
v -210.500000 -7.000000 -8.999999
v -210.500000 -6.826353 -8.984807
v -210.500000 -6.657980 -8.939692
v -210.500000 -6.500000 -8.866024
v -210.500000 -6.357213 -8.766043
v -210.500000 -6.233956 -8.642788
v -210.500000 -6.133976 -8.500000
v -210.500000 -6.060308 -8.342020
v -210.500000 -6.015193 -8.173648
v -210.500000 -6.000000 -8.000000
v -210.500000 -6.015193 -7.826352
v -210.500000 -6.060308 -7.657979
v -210.500000 -6.133976 -7.500000
v -210.500000 -6.233956 -7.357212
v -210.500000 -6.357213 -7.233955
v -210.500000 -6.500000 -7.133975
v -210.500000 -6.657980 -7.060307
v -210.500000 -6.826353 -7.015192
v -210.500000 -7.000000 -7.000000
v -210.500000 -7.173648 -7.015192
v -210.500000 -7.342021 -7.060307
v -210.500000 -7.500000 -7.133975
v -210.500000 -7.642788 -7.233955
v -210.500000 -7.766045 -7.357212
v -210.500000 -7.866025 -7.500000
v -210.500000 -7.939693 -7.657979
v -210.500000 -7.984808 -7.826352
v -210.500000 -8.000001 -8.000000
v -210.500000 -7.984808 -8.173647
v -210.500000 -7.939693 -8.342019
v -210.500000 -7.866025 -8.499999
v -210.500000 -7.766045 -8.642787
v -210.500000 -7.642788 -8.766043
v -210.500000 -7.500000 -8.866024
v -210.500000 -7.342021 -8.939692
v -210.500000 -7.173648 -8.984807
v -218.500000 -7.000000 -8.999999
v -218.500000 -6.826353 -8.984807
v -218.500000 -6.657980 -8.939692
v -218.500000 -6.500000 -8.866024
v -218.500000 -6.357213 -8.766043
v -218.500000 -6.233956 -8.642788
v -218.500000 -6.133976 -8.500000
v -218.500000 -6.060308 -8.342020
v -218.500000 -6.015193 -8.173648
v -218.500000 -6.000000 -8.000000
v -218.500000 -6.015193 -7.826352
v -218.500000 -6.060308 -7.657979
v -218.500000 -6.133976 -7.500000
v -218.500000 -6.233956 -7.357212
v -218.500000 -6.357213 -7.233955
v -218.500000 -6.500000 -7.133975
v -218.500000 -6.657980 -7.060307
v -218.500000 -6.826353 -7.015192
v -218.500000 -7.000000 -7.000000
v -218.500000 -7.173648 -7.015192
v -218.500000 -7.342021 -7.060307
v -218.500000 -7.500000 -7.133975
v -218.500000 -7.642788 -7.233955
v -218.500000 -7.766045 -7.357212
v -218.500000 -7.866025 -7.500000
v -218.500000 -7.939693 -7.657979
v -218.500000 -7.984808 -7.826352
v -218.500000 -8.000001 -8.000000
v -218.500000 -7.984808 -8.173647
v -218.500000 -7.939693 -8.342019
v -218.500000 -7.866025 -8.499999
v -218.500000 -7.766045 -8.642787
v -218.500000 -7.642788 -8.766043
v -218.500000 -7.500000 -8.866024
v -218.500000 -7.342021 -8.939692
v -218.500000 -7.173648 -8.984807
v -215.833344 -7.000000 -7.000000
v -213.166656 -7.000000 -7.000000
v -215.833344 -6.826353 -8.984807
v -213.166656 -6.826353 -8.984807
v -213.166656 -7.000000 -8.999999
v -215.833344 -7.000000 -8.999999
v -215.833344 -6.657980 -8.939692
v -213.166656 -6.657980 -8.939692
v -215.833344 -6.500000 -8.866024
v -213.166656 -6.500000 -8.866024
v -215.833344 -6.357213 -8.766043
v -213.166656 -6.357213 -8.766043
v -215.833344 -6.233956 -8.642788
v -213.166656 -6.233956 -8.642788
v -215.833344 -6.133976 -8.500000
v -213.166656 -6.133976 -8.500000
v -215.833344 -6.060308 -8.342020
v -213.166656 -6.060308 -8.342020
v -215.833344 -6.015193 -8.173648
v -213.166656 -6.015193 -8.173648
v -215.833344 -6.000000 -8.000000
v -213.166656 -6.000000 -8.000000
v -215.833344 -6.015193 -7.826352
v -213.166656 -6.015193 -7.826352
v -215.833344 -6.060308 -7.657979
v -213.166656 -6.060308 -7.657979
v -215.833344 -6.133976 -7.500000
v -213.166656 -6.133976 -7.500000
v -215.833344 -6.233956 -7.357212
v -213.166656 -6.233956 -7.357212
v -215.833344 -6.357213 -7.233955
v -213.166656 -6.357213 -7.233955
v -215.833344 -6.500000 -7.133975
v -213.166656 -6.500000 -7.133975
v -215.833344 -6.657980 -7.060307
v -213.166656 -6.657980 -7.060307
v -215.833344 -6.826353 -7.015192
v -213.166656 -6.826353 -7.015192
v -215.833344 -7.173648 -7.015192
v -213.166656 -7.173648 -7.015192
v -215.833344 -7.342021 -7.060307
v -213.166656 -7.342021 -7.060307
v -215.833344 -7.500000 -7.133975
v -213.166656 -7.500000 -7.133975
v -215.833344 -7.642788 -7.233955
v -213.166656 -7.642788 -7.233955
v -215.833344 -7.766045 -7.357212
v -213.166656 -7.766045 -7.357212
v -215.833344 -7.866025 -7.500000
v -213.166656 -7.866025 -7.500000
v -215.833344 -7.939693 -7.657979
v -213.166656 -7.939693 -7.657979
v -215.833344 -7.984808 -7.826352
v -213.166656 -7.984808 -7.826352
v -215.833344 -8.000001 -8.000000
v -213.166656 -8.000001 -8.000000
v -215.833344 -7.984808 -8.173647
v -213.166656 -7.984808 -8.173647
v -215.833344 -7.939693 -8.342019
v -213.166656 -7.939693 -8.342019
v -215.833344 -7.866025 -8.499999
v -213.166656 -7.866025 -8.499999
v -215.833344 -7.766045 -8.642787
v -213.166656 -7.766045 -8.642787
v -215.833344 -7.642788 -8.766043
v -213.166656 -7.642788 -8.766043
v -215.833344 -7.500000 -8.866024
v -213.166656 -7.500000 -8.866024
v -215.833344 -7.342021 -8.939692
v -213.166656 -7.342021 -8.939692
v -215.833344 -7.173648 -8.984807
v -213.166656 -7.173648 -8.984807
v -218.500000 -7.000000 -3.000000
v -218.500000 -17.888544 -2.999999
v -218.500000 -17.771557 -3.858627
v -218.500000 -17.613382 -4.710629
v -218.500000 -17.414385 -5.554033
v -218.500000 -17.175026 -6.386880
v -218.500000 -16.895861 -7.207243
v -218.500000 -16.577538 -8.013220
v -218.500000 -16.220791 -8.802942
v -218.500000 -15.826452 -9.574580
v -218.500000 -15.395432 -10.326344
v -218.500000 -14.928729 -11.056493
v -218.500000 -14.427427 -11.763334
v -218.500000 -13.892687 -12.445229
v -218.500000 -13.325747 -13.100598
v -218.500000 -12.727923 -13.727921
v -218.500000 -12.100600 -14.325745
v -218.500000 -11.445230 -14.892685
v -218.500000 -10.763336 -15.427425
v -218.500000 -10.056495 -15.928727
v -218.500000 -9.326346 -16.395432
v -218.500000 -8.574582 -16.826450
v -218.500000 -7.802945 -17.220791
v -218.500000 -7.013222 -17.577538
v -218.500000 -6.207246 -17.895861
v -218.500000 -5.386883 -18.175026
v -218.500000 -4.554036 -18.414385
v -218.500000 -3.710632 -18.613382
v -218.500000 -2.858629 -18.771557
v -218.500000 -2.000001 -18.888544
v -218.500000 -2.000001 -8.000000
v -218.500000 -2.440330 -7.994955
v -218.500000 -2.878377 -7.949893
v -218.500000 -3.310512 -7.865189
v -218.500000 -3.733154 -7.741541
v -218.500000 -4.142804 -7.579978
v -218.500000 -4.536066 -7.381836
v -218.500000 -4.909682 -7.148757
v -218.500000 -5.260559 -6.882672
v -218.500000 -5.585786 -6.585785
v -218.500000 -5.882673 -6.260558
v -218.500000 -6.148758 -5.909681
v -218.500000 -6.381837 -5.536065
v -218.500000 -6.579979 -5.142803
v -218.500000 -6.741542 -4.733152
v -218.500000 -6.865190 -4.310511
v -218.500000 -6.949893 -3.878376
v -218.500000 -6.994956 -3.440329
v -223.000000 -7.000000 -3.000000
v -223.000000 -17.888544 -2.999999
v -223.000000 -17.771557 -3.858627
v -223.000000 -17.613382 -4.710629
v -223.000000 -17.414385 -5.554033
v -223.000000 -17.175026 -6.386880
v -223.000000 -16.895861 -7.207243
v -223.000000 -16.577538 -8.013220
v -223.000000 -16.220791 -8.802942
v -223.000000 -15.826452 -9.574580
v -223.000000 -15.395432 -10.326344
v -223.000000 -14.928729 -11.056493
v -223.000000 -14.427427 -11.763334
v -223.000000 -13.892687 -12.445229
v -223.000000 -13.325747 -13.100598
v -223.000000 -12.727923 -13.727921
v -223.000000 -12.100600 -14.325745
v -223.000000 -11.445230 -14.892685
v -223.000000 -10.763336 -15.427425
v -223.000000 -10.056495 -15.928727
v -223.000000 -9.326346 -16.395432
v -223.000000 -8.574582 -16.826450
v -223.000000 -7.802945 -17.220791
v -223.000000 -7.013222 -17.577538
v -223.000000 -6.207246 -17.895861
v -223.000000 -5.386883 -18.175026
v -223.000000 -4.554036 -18.414385
v -223.000000 -3.710632 -18.613382
v -223.000000 -2.858629 -18.771557
v -223.000000 -2.000001 -18.888544
v -223.000000 -2.000001 -8.000000
v -223.000000 -2.440330 -7.994955
v -223.000000 -2.878377 -7.949893
v -223.000000 -3.310512 -7.865189
v -223.000000 -3.733154 -7.741541
v -223.000000 -4.142804 -7.579978
v -223.000000 -4.536066 -7.381836
v -223.000000 -4.909682 -7.148757
v -223.000000 -5.260559 -6.882672
v -223.000000 -5.585786 -6.585785
v -223.000000 -5.882673 -6.260558
v -223.000000 -6.148758 -5.909681
v -223.000000 -6.381837 -5.536065
v -223.000000 -6.579979 -5.142803
v -223.000000 -6.741542 -4.733152
v -223.000000 -6.865190 -4.310511
v -223.000000 -6.949893 -3.878376
v -223.000000 -6.994956 -3.440329
v -223.000000 -7.000000 -8.999999
v -223.000000 -6.826353 -8.984807
v -223.000000 -6.657980 -8.939692
v -223.000000 -6.500000 -8.866024
v -223.000000 -6.357213 -8.766043
v -223.000000 -6.233956 -8.642788
v -223.000000 -6.133976 -8.500000
v -223.000000 -6.060308 -8.342020
v -223.000000 -6.015193 -8.173648
v -223.000000 -6.000000 -8.000000
v -223.000000 -6.015193 -7.826352
v -223.000000 -6.060308 -7.657979
v -223.000000 -6.133976 -7.500000
v -223.000000 -6.233956 -7.357212
v -223.000000 -6.357213 -7.233955
v -223.000000 -6.500000 -7.133975
v -223.000000 -6.657980 -7.060307
v -223.000000 -6.826353 -7.015192
v -223.000000 -7.000000 -7.000000
v -223.000000 -7.173648 -7.015192
v -223.000000 -7.342021 -7.060307
v -223.000000 -7.500000 -7.133975
v -223.000000 -7.642788 -7.233955
v -223.000000 -7.766045 -7.357212
v -223.000000 -7.866025 -7.500000
v -223.000000 -7.939693 -7.657979
v -223.000000 -7.984808 -7.826352
v -223.000000 -8.000001 -8.000000
v -223.000000 -7.984808 -8.173647
v -223.000000 -7.939693 -8.342019
v -223.000000 -7.866025 -8.499999
v -223.000000 -7.766045 -8.642787
v -223.000000 -7.642788 -8.766043
v -223.000000 -7.500000 -8.866024
v -223.000000 -7.342021 -8.939692
v -223.000000 -7.173648 -8.984807
v -231.000000 -7.000000 -8.999999
v -231.000000 -6.826353 -8.984807
v -231.000000 -6.657980 -8.939692
v -231.000000 -6.500000 -8.866024
v -231.000000 -6.357213 -8.766043
v -231.000000 -6.233956 -8.642788
v -231.000000 -6.133976 -8.500000
v -231.000000 -6.060308 -8.342020
v -231.000000 -6.015193 -8.173648
v -231.000000 -6.000000 -8.000000
v -231.000000 -6.015193 -7.826352
v -231.000000 -6.060308 -7.657979
v -231.000000 -6.133976 -7.500000
v -231.000000 -6.233956 -7.357212
v -231.000000 -6.357213 -7.233955
v -231.000000 -6.500000 -7.133975
v -231.000000 -6.657980 -7.060307
v -231.000000 -6.826353 -7.015192
v -231.000000 -7.000000 -7.000000
v -231.000000 -7.173648 -7.015192
v -231.000000 -7.342021 -7.060307
v -231.000000 -7.500000 -7.133975
v -231.000000 -7.642788 -7.233955
v -231.000000 -7.766045 -7.357212
v -231.000000 -7.866025 -7.500000
v -231.000000 -7.939693 -7.657979
v -231.000000 -7.984808 -7.826352
v -231.000000 -8.000001 -8.000000
v -231.000000 -7.984808 -8.173647
v -231.000000 -7.939693 -8.342019
v -231.000000 -7.866025 -8.499999
v -231.000000 -7.766045 -8.642787
v -231.000000 -7.642788 -8.766043
v -231.000000 -7.500000 -8.866024
v -231.000000 -7.342021 -8.939692
v -231.000000 -7.173648 -8.984807
v -228.333344 -7.000000 -7.000000
v -225.666656 -7.000000 -7.000000
v -228.333344 -6.826353 -8.984807
v -225.666656 -6.826353 -8.984807
v -225.666656 -7.000000 -8.999999
v -228.333344 -7.000000 -8.999999
v -228.333344 -6.657980 -8.939692
v -225.666656 -6.657980 -8.939692
v -228.333344 -6.500000 -8.866024
v -225.666656 -6.500000 -8.866024
v -228.333344 -6.357213 -8.766043
v -225.666656 -6.357213 -8.766043
v -228.333344 -6.233956 -8.642788
v -225.666656 -6.233956 -8.642788
v -228.333344 -6.133976 -8.500000
v -225.666656 -6.133976 -8.500000
v -228.333344 -6.060308 -8.342020
v -225.666656 -6.060308 -8.342020
v -228.333344 -6.015193 -8.173648
v -225.666656 -6.015193 -8.173648
v -228.333344 -6.000000 -8.000000
v -225.666656 -6.000000 -8.000000
v -228.333344 -6.015193 -7.826352
v -225.666656 -6.015193 -7.826352
v -228.333344 -6.060308 -7.657979
v -225.666656 -6.060308 -7.657979
v -228.333344 -6.133976 -7.500000
v -225.666656 -6.133976 -7.500000
v -228.333344 -6.233956 -7.357212
v -225.666656 -6.233956 -7.357212
v -228.333344 -6.357213 -7.233955
v -225.666656 -6.357213 -7.233955
v -228.333344 -6.500000 -7.133975
v -225.666656 -6.500000 -7.133975
v -228.333344 -6.657980 -7.060307
v -225.666656 -6.657980 -7.060307
v -228.333344 -6.826353 -7.015192
v -225.666656 -6.826353 -7.015192
v -228.333344 -7.173648 -7.015192
v -225.666656 -7.173648 -7.015192
v -228.333344 -7.342021 -7.060307
v -225.666656 -7.342021 -7.060307
v -228.333344 -7.500000 -7.133975
v -225.666656 -7.500000 -7.133975
v -228.333344 -7.642788 -7.233955
v -225.666656 -7.642788 -7.233955
v -228.333344 -7.766045 -7.357212
v -225.666656 -7.766045 -7.357212
v -228.333344 -7.866025 -7.500000
v -225.666656 -7.866025 -7.500000
v -228.333344 -7.939693 -7.657979
v -225.666656 -7.939693 -7.657979
v -228.333344 -7.984808 -7.826352
v -225.666656 -7.984808 -7.826352
v -228.333344 -8.000001 -8.000000
v -225.666656 -8.000001 -8.000000
v -228.333344 -7.984808 -8.173647
v -225.666656 -7.984808 -8.173647
v -228.333344 -7.939693 -8.342019
v -225.666656 -7.939693 -8.342019
v -228.333344 -7.866025 -8.499999
v -225.666656 -7.866025 -8.499999
v -228.333344 -7.766045 -8.642787
v -225.666656 -7.766045 -8.642787
v -228.333344 -7.642788 -8.766043
v -225.666656 -7.642788 -8.766043
v -228.333344 -7.500000 -8.866024
v -225.666656 -7.500000 -8.866024
v -228.333344 -7.342021 -8.939692
v -225.666656 -7.342021 -8.939692
v -228.333344 -7.173648 -8.984807
v -225.666656 -7.173648 -8.984807
v -231.000000 -7.000000 -3.000000
v -231.000000 -17.888544 -2.999999
v -231.000000 -17.771557 -3.858627
v -231.000000 -17.613382 -4.710629
v -231.000000 -17.414385 -5.554033
v -231.000000 -17.175026 -6.386880
v -231.000000 -16.895861 -7.207243
v -231.000000 -16.577538 -8.013220
v -231.000000 -16.220791 -8.802942
v -231.000000 -15.826452 -9.574580
v -231.000000 -15.395432 -10.326344
v -231.000000 -14.928729 -11.056493
v -231.000000 -14.427427 -11.763334
v -231.000000 -13.892687 -12.445229
v -231.000000 -13.325747 -13.100598
v -231.000000 -12.727923 -13.727921
v -231.000000 -12.100600 -14.325745
v -231.000000 -11.445230 -14.892685
v -231.000000 -10.763336 -15.427425
v -231.000000 -10.056495 -15.928727
v -231.000000 -9.326346 -16.395432
v -231.000000 -8.574582 -16.826450
v -231.000000 -7.802945 -17.220791
v -231.000000 -7.013222 -17.577538
v -231.000000 -6.207246 -17.895861
v -231.000000 -5.386883 -18.175026
v -231.000000 -4.554036 -18.414385
v -231.000000 -3.710632 -18.613382
v -231.000000 -2.858629 -18.771557
v -231.000000 -2.000001 -18.888544
v -231.000000 -2.000001 -8.000000
v -231.000000 -2.440330 -7.994955
v -231.000000 -2.878377 -7.949893
v -231.000000 -3.310512 -7.865189
v -231.000000 -3.733154 -7.741541
v -231.000000 -4.142804 -7.579978
v -231.000000 -4.536066 -7.381836
v -231.000000 -4.909682 -7.148757
v -231.000000 -5.260559 -6.882672
v -231.000000 -5.585786 -6.585785
v -231.000000 -5.882673 -6.260558
v -231.000000 -6.148758 -5.909681
v -231.000000 -6.381837 -5.536065
v -231.000000 -6.579979 -5.142803
v -231.000000 -6.741542 -4.733152
v -231.000000 -6.865190 -4.310511
v -231.000000 -6.949893 -3.878376
v -231.000000 -6.994956 -3.440329
v -235.500000 -7.000000 -3.000000
v -235.500000 -17.888544 -2.999999
v -235.500000 -17.771557 -3.858627
v -235.500000 -17.613382 -4.710629
v -235.500000 -17.414385 -5.554033
v -235.500000 -17.175026 -6.386880
v -235.500000 -16.895861 -7.207243
v -235.500000 -16.577538 -8.013220
v -235.500000 -16.220791 -8.802942
v -235.500000 -15.826452 -9.574580
v -235.500000 -15.395432 -10.326344
v -235.500000 -14.928729 -11.056493
v -235.500000 -14.427427 -11.763334
v -235.500000 -13.892687 -12.445229
v -235.500000 -13.325747 -13.100598
v -235.500000 -12.727923 -13.727921
v -235.500000 -12.100600 -14.325745
v -235.500000 -11.445230 -14.892685
v -235.500000 -10.763336 -15.427425
v -235.500000 -10.056495 -15.928727
v -235.500000 -9.326346 -16.395432
v -235.500000 -8.574582 -16.826450
v -235.500000 -7.802945 -17.220791
v -235.500000 -7.013222 -17.577538
v -235.500000 -6.207246 -17.895861
v -235.500000 -5.386883 -18.175026
v -235.500000 -4.554036 -18.414385
v -235.500000 -3.710632 -18.613382
v -235.500000 -2.858629 -18.771557
v -235.500000 -2.000001 -18.888544
v -235.500000 -2.000001 -8.000000
v -235.500000 -2.440330 -7.994955
v -235.500000 -2.878377 -7.949893
v -235.500000 -3.310512 -7.865189
v -235.500000 -3.733154 -7.741541
v -235.500000 -4.142804 -7.579978
v -235.500000 -4.536066 -7.381836
v -235.500000 -4.909682 -7.148757
v -235.500000 -5.260559 -6.882672
v -235.500000 -5.585786 -6.585785
v -235.500000 -5.882673 -6.260558
v -235.500000 -6.148758 -5.909681
v -235.500000 -6.381837 -5.536065
v -235.500000 -6.579979 -5.142803
v -235.500000 -6.741542 -4.733152
v -235.500000 -6.865190 -4.310511
v -235.500000 -6.949893 -3.878376
v -235.500000 -6.994956 -3.440329
vn -1.0000 -0.0000 -0.0000
vn -1.0000 -0.0000 0.0001
vn -1.0000 -0.0000 -0.0002
vn -1.0000 -0.0000 -0.0001
vn -0.0000 -0.0000 1.0000
vn -0.0000 -0.0340 0.9994
vn -0.0000 0.0570 0.9984
vn -0.0000 0.1475 0.9891
vn -0.0000 0.2368 0.9716
vn -0.0000 0.3242 0.9460
vn -0.0000 0.4088 0.9126
vn -0.0000 0.4901 0.8716
vn -0.0000 0.5674 0.8235
vn -0.0000 0.6399 0.7685
vn -0.0000 0.7071 0.7071
vn -0.0000 0.7685 0.6399
vn -0.0000 0.8235 0.5674
vn -0.0000 0.8716 0.4901
vn -0.0000 0.9126 0.4088
vn -0.0000 0.9460 0.3242
vn -0.0000 0.9716 0.2368
vn -0.0000 0.9891 0.1475
vn -0.0000 0.9984 0.0570
vn -0.0000 0.9994 -0.0340
vn -0.0000 1.0000 -0.0000
vn -0.0000 -0.9938 -0.1111
vn -0.0000 -0.9873 -0.1588
vn -0.0000 -0.9785 -0.2061
vn -0.0000 -0.9675 -0.2530
vn -0.0000 -0.9542 -0.2993
vn -0.0000 -0.9387 -0.3448
vn -0.0000 -0.9210 -0.3896
vn -0.0000 -0.9012 -0.4335
vn -0.0000 -0.8792 -0.4764
vn -0.0000 -0.8553 -0.5181
vn -0.0000 -0.8294 -0.5587
vn -0.0000 -0.8015 -0.5980
vn -0.0000 -0.7718 -0.6358
vn -0.0000 -0.7403 -0.6723
vn -0.0000 -0.7071 -0.7071
vn -0.0000 -0.6723 -0.7403
vn -0.0000 -0.6358 -0.7718
vn -0.0000 -0.5980 -0.8015
vn -0.0000 -0.5587 -0.8294
vn -0.0000 -0.5181 -0.8553
vn -0.0000 -0.4764 -0.8792
vn -0.0000 -0.4335 -0.9012
vn -0.0000 -0.3896 -0.9210
vn -0.0000 -0.3448 -0.9387
vn -0.0000 -0.2993 -0.9542
vn -0.0000 -0.2530 -0.9675
vn -0.0000 -0.2061 -0.9785
vn -0.0000 -0.1588 -0.9873
vn -0.0000 -0.1111 -0.9938
vn -0.0000 -0.1736 -0.9848
vn -0.0000 -0.0000 -1.0000
vn -0.0000 0.1736 -0.9848
vn -0.0000 0.3420 -0.9397
vn -0.0000 0.5000 -0.8660
vn -0.0000 0.6428 -0.7660
vn -0.0000 0.7660 -0.6428
vn -0.0000 0.8660 -0.5000
vn -0.0000 0.9397 -0.3420
vn -0.0000 0.9848 -0.1736
vn -0.0000 0.9848 0.1736
vn -0.0000 0.9397 0.3420
vn -0.0000 0.8660 0.5000
vn -0.0000 0.7660 0.6428
vn -0.0000 0.6428 0.7660
vn -0.0000 0.5000 0.8660
vn -0.0000 0.3420 0.9397
vn -0.0000 0.1736 0.9848
vn -0.0000 -0.1736 0.9848
vn -0.0000 -0.3420 0.9397
vn -0.0000 -0.5000 0.8660
vn -0.0000 -0.6428 0.7660
vn -0.0000 -0.7660 0.6428
vn -0.0000 -0.8660 0.5000
vn -0.0000 -0.9397 0.3420
vn -0.0000 -0.9848 0.1736
vn -0.0000 -1.0000 -0.0000
vn -0.0000 -0.9848 -0.1736
vn -0.0000 -0.9397 -0.3420
vn -0.0000 -0.8660 -0.5000
vn -0.0000 -0.7660 -0.6428
vn -0.0000 -0.6428 -0.7660
vn -0.0000 -0.5000 -0.8660
vn -0.0000 -0.3420 -0.9397
vn -0.0000 -0.9848 -0.1737
vn 1.0000 -0.0000 -0.0000
vn 1.0000 -0.0000 0.0001
vn 1.0000 -0.0000 -0.0001
vn 1.0000 -0.0000 0.0002
vn 1.0000 -0.0000 -0.0002
vn -0.0000 -0.9848 0.1737
vn 1.0000 -0.0000 -0.0004
vn -1.0000 -0.0000 0.0002
vn -1.0000 -0.0000 -0.0004
vn 1.0000 -0.0000 0.0004
vn -1.0000 -0.0000 0.0003
vn 1.0000 -0.0003 -0.0000
vt 0.794427 -0.794427
vt 0.794427 0.294427
vt 0.708564 -0.782729
vt 0.750394 0.294932
vt 0.623364 -0.766911
vt 0.539024 -0.747011
vt 0.706590 0.299438
vt 0.344427 0.207825
vt 0.358706 0.217823
vt 0.663376 0.307908
vt 0.371032 0.230148
vt 0.621112 0.320273
vt 0.381030 0.244427
vt 0.580147 0.336429
vt 0.388396 0.260225
vt 0.392908 0.277062
vt 0.540821 0.356243
vt 0.394427 0.294427
vt 0.503459 0.379551
vt 0.392908 0.311792
vt 0.388396 0.328629
vt 0.468371 0.406160
vt 0.381030 0.344427
vt 0.371032 0.358706
vt 0.435849 0.435849
vt 0.358706 0.371032
vt 0.406160 0.468371
vt 0.344427 0.381030
vt 0.328629 0.388396
vt 0.379551 0.503459
vt 0.311792 0.392908
vt 0.294427 0.394427
vt 0.356243 0.540821
vt 0.277062 0.392908
vt 0.336429 0.580147
vt 0.260225 0.388396
vt 0.244427 0.381030
vt 0.320273 0.621112
vt 0.230148 0.371032
vt 0.307908 0.663376
vt 0.217823 0.358706
vt 0.299438 0.706590
vt 0.207825 0.344427
vt -0.747011 0.539024
vt -0.723075 0.455739
vt 0.294932 0.750394
vt -0.766911 0.623364
vt -0.782729 0.708564
vt 0.294427 0.794427
vt -0.794427 0.794427
vt -0.695159 0.373703
vt 0.200458 0.328629
vt -0.663326 0.293105
vt -0.627652 0.214133
vt 0.195946 0.311792
vt -0.588218 0.136969
vt 0.194427 0.294427
vt -0.545116 0.061793
vt 0.195946 0.277062
vt -0.498446 -0.011222
vt 0.200458 0.260225
vt -0.448315 -0.081906
vt -0.394841 -0.150096
vt 0.207825 0.244427
vt -0.338147 -0.215633
vt 0.217823 0.230148
vt -0.278365 -0.278365
vt 0.230148 0.217823
vt -0.215633 -0.338147
vt 0.244427 0.207825
vt -0.150096 -0.394841
vt 0.260225 0.200458
vt -0.081906 -0.448315
vt -0.011222 -0.498446
vt 0.277062 0.195946
vt 0.061793 -0.545116
vt 0.294427 0.194427
vt 0.136969 -0.588218
vt 0.311792 0.195946
vt 0.214133 -0.627652
vt 0.328629 0.200458
vt 0.293105 -0.663326
vt 0.373703 -0.695159
vt 0.455739 -0.723075
vt 0.000000 0.000000
vt 1.088854 0.000000
vt 0.000000 0.450000
vt 1.088854 0.450000
vt 0.450000 -0.726988
vt -0.000000 -0.726988
vt 0.450000 -0.771039
vt -0.000000 -0.771039
vt -0.000000 -0.815090
vt 0.450000 -0.815090
vt -0.000000 -0.859141
vt 0.450000 -0.859141
vt -0.000000 -0.903192
vt 0.450000 -0.903192
vt -0.000000 -0.947243
vt 0.450000 -0.947243
vt -0.000000 -0.991294
vt 0.450000 -0.991294
vt -0.000000 -1.035345
vt 0.450000 -1.035345
vt -0.000000 -1.079396
vt 0.450000 -1.079396
vt -0.000000 -1.123447
vt 0.450000 -1.123447
vt -0.000000 -1.167498
vt 0.450000 -1.167498
vt -0.000000 -1.211549
vt 0.450000 -1.211549
vt -0.000000 -1.255600
vt 0.450000 -1.255600
vt -0.000000 -1.299651
vt 0.450000 -1.299651
vt -0.000000 -1.343702
vt 0.450000 -1.343702
vt -0.000000 -1.387753
vt 0.450000 -1.387753
vt -0.000000 -1.431804
vt 0.450000 -1.431804
vt -0.000000 -1.475855
vt 0.450000 -1.475855
vt 0.450000 -1.519906
vt 0.000000 -1.519906
vt -0.450000 -2.627020
vt 0.000000 -2.627020
vt -0.450000 -2.540355
vt 0.000000 -2.540355
vt 0.000000 -2.453691
vt -0.450000 -2.453691
vt 0.000000 -2.367026
vt -0.450000 -2.367026
vt 0.000000 -2.280362
vt -0.450000 -2.280362
vt 0.000000 -2.193697
vt -0.450000 -2.193697
vt 0.000000 -2.107033
vt -0.450000 -2.107033
vt 0.000000 -2.020368
vt -0.450000 -2.020368
vt 0.000000 -1.933704
vt -0.450000 -1.933704
vt 0.000000 -1.847039
vt -0.450000 -1.847039
vt -0.000000 -1.760375
vt -0.450000 -1.760375
vt -0.000000 -1.673710
vt -0.450000 -1.673710
vt -0.000000 -1.587046
vt -0.450000 -1.587046
vt -0.000000 -1.500381
vt -0.450000 -1.500381
vt -0.000000 -1.413717
vt -0.450000 -1.413717
vt -0.000000 -1.327052
vt -0.450000 -1.327052
vt -0.000000 -1.240388
vt -0.450000 -1.240388
vt -0.000000 -1.153723
vt -0.450000 -1.153723
vt -0.000000 -1.067059
vt -0.450000 -1.067059
vt -0.000000 -0.980394
vt -0.450000 -0.980394
vt -0.000000 -0.893730
vt -0.450000 -0.893730
vt -0.000000 -0.807065
vt -0.450000 -0.807065
vt -0.000000 -0.720401
vt -0.450000 -0.720401
vt -0.000000 -0.633736
vt -0.450000 -0.633736
vt -0.000000 -0.547072
vt -0.450000 -0.547072
vt -0.000000 -0.460407
vt -0.450000 -0.460407
vt -0.000000 -0.373743
vt -0.450000 -0.373743
vt -0.000000 -0.287078
vt -0.450000 -0.287078
vt -0.450000 -0.200414
vt -0.000000 -0.200414
vt -1.050000 0.017453
vt -1.316667 0.017453
vt -1.050000 0.000000
vt -1.316667 0.000000
vt -1.050000 -0.017453
vt -1.316667 -0.017453
vt -1.050000 -0.034907
vt -1.316667 -0.034907
vt -1.050000 -0.052360
vt -1.316667 -0.052360
vt -1.050000 -0.069813
vt -1.316667 -0.069813
vt -1.050000 -0.087266
vt -1.316667 -0.087266
vt -1.050000 -0.104720
vt -1.316667 -0.104720
vt -1.050000 -0.122173
vt -1.316667 -0.122173
vt -1.050000 -0.139626
vt -1.316667 -0.139626
vt -1.050000 -0.157080
vt -1.316667 -0.157080
vt -1.050000 -0.174533
vt -1.316667 -0.174533
vt -1.050000 -0.191986
vt -1.316667 -0.191986
vt -1.050000 -0.209440
vt -1.316667 -0.209440
vt -1.050000 -0.226893
vt -1.316667 -0.226893
vt -1.050000 -0.244346
vt -1.316667 -0.244346
vt -1.050000 -0.261799
vt -1.316667 -0.261799
vt -1.050000 -0.279253
vt -1.316667 -0.279253
vt -1.050000 -0.296706
vt -1.316667 -0.296706
vt -1.050000 -0.314159
vt -1.316667 -0.314159
vt -1.050000 0.314159
vt -1.316667 0.314159
vt -1.050000 0.296706
vt -1.316667 0.296706
vt -1.050000 0.279253
vt -1.316667 0.279253
vt -1.050000 0.261799
vt -1.316667 0.261799
vt -1.050000 0.244346
vt -1.316667 0.244346
vt -1.050000 0.226893
vt -1.316667 0.226893
vt -1.050000 0.209440
vt -1.316667 0.209440
vt -1.050000 0.191986
vt -1.316667 0.191986
vt -1.050000 0.174533
vt -1.316667 0.174533
vt -1.050000 0.157080
vt -1.316667 0.157080
vt -1.050000 0.139626
vt -1.316667 0.139626
vt -1.050000 0.122173
vt -1.316667 0.122173
vt -1.050000 0.104720
vt -1.316667 0.104720
vt -1.050000 0.087266
vt -1.316667 0.087266
vt -1.050000 0.069813
vt -1.316667 0.069813
vt -1.050000 0.052360
vt -1.316667 0.052360
vt -1.050000 0.034907
vt -1.316667 0.034907
vt -1.850000 -0.017453
vt -1.583333 -0.017453
vt -1.850000 0.000000
vt -1.583333 0.000000
vt -1.850000 0.017453
vt -1.583333 0.017453
vt -1.850000 0.034907
vt -1.583333 0.034907
vt -1.850000 0.052360
vt -1.583333 0.052360
vt -1.850000 0.069813
vt -1.583333 0.069813
vt -1.850000 0.087266
vt -1.583333 0.087266
vt -1.850000 0.104720
vt -1.583333 0.104720
vt -1.850000 0.122173
vt -1.583333 0.122173
vt -1.850000 0.139626
vt -1.583333 0.139626
vt -1.850000 0.157080
vt -1.583333 0.157080
vt -1.850000 0.174533
vt -1.583333 0.174533
vt -1.850000 0.191986
vt -1.583333 0.191986
vt -1.850000 0.209440
vt -1.583333 0.209440
vt -1.850000 0.226893
vt -1.583333 0.226893
vt -1.850000 0.244346
vt -1.583333 0.244346
vt -1.850000 0.261799
vt -1.583333 0.261799
vt -1.850000 0.279253
vt -1.583333 0.279253
vt -1.850000 0.296706
vt -1.583333 0.296706
vt -1.850000 0.314159
vt -1.583333 0.314159
vt -1.850000 -0.314159
vt -1.583333 -0.314159
vt -1.850000 -0.296706
vt -1.583333 -0.296706
vt -1.850000 -0.279253
vt -1.583333 -0.279253
vt -1.850000 -0.261799
vt -1.583333 -0.261799
vt -1.850000 -0.244346
vt -1.583333 -0.244346
vt -1.850000 -0.226893
vt -1.583333 -0.226893
vt -1.850000 -0.209440
vt -1.583333 -0.209440
vt -1.850000 -0.191986
vt -1.583333 -0.191986
vt -1.850000 -0.174533
vt -1.583333 -0.174533
vt -1.850000 -0.157080
vt -1.583333 -0.157080
vt -1.850000 -0.139626
vt -1.583333 -0.139626
vt -1.850000 -0.122173
vt -1.583333 -0.122173
vt -1.850000 -0.104720
vt -1.583333 -0.104720
vt -1.850000 -0.087266
vt -1.583333 -0.087266
vt -1.850000 -0.069813
vt -1.583333 -0.069813
vt -1.850000 -0.052360
vt -1.583333 -0.052360
vt -1.850000 -0.034907
vt -1.583333 -0.034907
vt -0.794427 -0.794427
vt -0.708564 -0.782729
vt -0.794427 0.294427
vt -0.750394 0.294932
vt -0.623364 -0.766911
vt -0.539024 -0.747011
vt -0.706590 0.299438
vt -0.455739 -0.723075
vt -0.663376 0.307908
vt -0.373703 -0.695159
vt -0.293105 -0.663326
vt -0.621112 0.320273
vt -0.214133 -0.627652
vt -0.580147 0.336429
vt -0.136969 -0.588218
vt -0.061793 -0.545116
vt -0.540821 0.356243
vt 0.011222 -0.498446
vt -0.503459 0.379551
vt 0.081906 -0.448315
vt 0.150096 -0.394841
vt -0.468371 0.406160
vt 0.215633 -0.338147
vt -0.435849 0.435849
vt 0.278365 -0.278365
vt 0.338147 -0.215633
vt -0.406160 0.468371
vt 0.394841 -0.150096
vt -0.379551 0.503459
vt 0.448315 -0.081906
vt 0.498446 -0.011222
vt -0.356243 0.540821
vt 0.545116 0.061793
vt -0.336429 0.580147
vt 0.588218 0.136969
vt 0.627652 0.214133
vt -0.320273 0.621112
vt 0.663326 0.293105
vt -0.307908 0.663376
vt 0.695159 0.373703
vt 0.723075 0.455739
vt -0.299438 0.706590
vt 0.747011 0.539024
vt -0.294932 0.750394
vt 0.766911 0.623364
vt 0.782729 0.708564
vt 0.794427 0.794427
vt -0.294427 0.794427
vt -0.344427 0.207825
vt -0.328629 0.200458
vt -0.311792 0.195946
vt -0.294427 0.194427
vt -0.277062 0.195946
vt -0.260225 0.200458
vt -0.244427 0.207825
vt -0.230148 0.217823
vt -0.217823 0.230148
vt -0.207825 0.244427
vt -0.200458 0.260225
vt -0.195946 0.277062
vt -0.194427 0.294427
vt -0.195946 0.311792
vt -0.200458 0.328629
vt -0.207825 0.344427
vt -0.217823 0.358706
vt -0.230148 0.371032
vt -0.244427 0.381030
vt -0.260225 0.388396
vt -0.277062 0.392908
vt -0.294427 0.394427
vt -0.311792 0.392908
vt -0.328629 0.388396
vt -0.344427 0.381030
vt -0.358706 0.371032
vt -0.371032 0.358706
vt -0.381030 0.344427
vt -0.388396 0.328629
vt -0.392908 0.311792
vt -0.394427 0.294427
vt -0.392908 0.277062
vt -0.388396 0.260225
vt -0.381030 0.244427
vt -0.371032 0.230148
vt -0.358706 0.217823
vt -3.100000 -0.017453
vt -2.833333 -0.017453
vt -3.100000 0.000000
vt -2.833333 0.000000
vt -3.100000 0.017453
vt -2.833333 0.017453
vt -3.100000 0.034907
vt -2.833333 0.034907
vt -3.100000 0.052360
vt -2.833333 0.052360
vt -3.100000 0.069813
vt -2.833333 0.069813
vt -3.100000 0.087266
vt -2.833333 0.087266
vt -3.100000 0.104720
vt -2.833333 0.104720
vt -3.100000 0.122173
vt -2.833333 0.122173
vt -3.100000 0.139626
vt -2.833333 0.139626
vt -3.100000 0.157080
vt -2.833333 0.157080
vt -3.100000 0.174533
vt -2.833333 0.174533
vt -3.100000 0.191986
vt -2.833333 0.191986
vt -3.100000 0.209440
vt -2.833333 0.209440
vt -3.100000 0.226893
vt -2.833333 0.226893
vt -3.100000 0.244346
vt -2.833333 0.244346
vt -3.100000 0.261799
vt -2.833333 0.261799
vt -3.100000 0.279253
vt -2.833333 0.279253
vt -3.100000 0.296706
vt -2.833333 0.296706
vt -3.100000 0.314159
vt -2.833333 0.314159
vt -3.100000 -0.314159
vt -2.833333 -0.314159
vt -3.100000 -0.296706
vt -2.833333 -0.296706
vt -3.100000 -0.279253
vt -2.833333 -0.279253
vt -3.100000 -0.261799
vt -2.833333 -0.261799
vt -3.100000 -0.244346
vt -2.833333 -0.244346
vt -3.100000 -0.226893
vt -2.833333 -0.226893
vt -3.100000 -0.209440
vt -2.833333 -0.209440
vt -3.100000 -0.191986
vt -2.833333 -0.191986
vt -3.100000 -0.174533
vt -2.833333 -0.174533
vt -3.100000 -0.157080
vt -2.833333 -0.157080
vt -3.100000 -0.139626
vt -2.833333 -0.139626
vt -3.100000 -0.122173
vt -2.833333 -0.122173
vt -3.100000 -0.104720
vt -2.833333 -0.104720
vt -3.100000 -0.087266
vt -2.833333 -0.087266
vt -3.100000 -0.069813
vt -2.833333 -0.069813
vt -3.100000 -0.052360
vt -2.833333 -0.052360
vt -3.100000 -0.034907
vt -2.833333 -0.034907
vt -2.300000 0.017453
vt -2.566667 0.017453
vt -2.300000 0.000000
vt -2.566667 0.000000
vt -2.300000 -0.017453
vt -2.566667 -0.017453
vt -2.300000 -0.034907
vt -2.566667 -0.034907
vt -2.300000 -0.052360
vt -2.566667 -0.052360
vt -2.300000 -0.069813
vt -2.566667 -0.069813
vt -2.300000 -0.087266
vt -2.566667 -0.087266
vt -2.300000 -0.104720
vt -2.566667 -0.104720
vt -2.300000 -0.122173
vt -2.566667 -0.122173
vt -2.300000 -0.139626
vt -2.566667 -0.139626
vt -2.300000 -0.157080
vt -2.566667 -0.157080
vt -2.300000 -0.174533
vt -2.566667 -0.174533
vt -2.300000 -0.191986
vt -2.566667 -0.191986
vt -2.300000 -0.209440
vt -2.566667 -0.209440
vt -2.300000 -0.226893
vt -2.566667 -0.226893
vt -2.300000 -0.244346
vt -2.566667 -0.244346
vt -2.300000 -0.261799
vt -2.566667 -0.261799
vt -2.300000 -0.279253
vt -2.566667 -0.279253
vt -2.300000 -0.296706
vt -2.566667 -0.296706
vt -2.300000 -0.314159
vt -2.566667 -0.314159
vt -2.300000 0.314159
vt -2.566667 0.314159
vt -2.300000 0.296706
vt -2.566667 0.296706
vt -2.300000 0.279253
vt -2.566667 0.279253
vt -2.300000 0.261799
vt -2.566667 0.261799
vt -2.300000 0.244346
vt -2.566667 0.244346
vt -2.300000 0.226893
vt -2.566667 0.226893
vt -2.300000 0.209440
vt -2.566667 0.209440
vt -2.300000 0.191986
vt -2.566667 0.191986
vt -2.300000 0.174533
vt -2.566667 0.174533
vt -2.300000 0.157080
vt -2.566667 0.157080
vt -2.300000 0.139626
vt -2.566667 0.139626
vt -2.300000 0.122173
vt -2.566667 0.122173
vt -2.300000 0.104720
vt -2.566667 0.104720
vt -2.300000 0.087266
vt -2.566667 0.087266
vt -2.300000 0.069813
vt -2.566667 0.069813
vt -2.300000 0.052360
vt -2.566667 0.052360
vt -2.300000 0.034907
vt -2.566667 0.034907
vt -4.350000 -0.017453
vt -4.083333 -0.017453
vt -4.350000 0.000000
vt -4.083333 0.000000
vt -4.350000 0.017453
vt -4.083333 0.017453
vt -4.350000 0.034907
vt -4.083333 0.034907
vt -4.350000 0.052360
vt -4.083333 0.052360
vt -4.350000 0.069813
vt -4.083333 0.069813
vt -4.350000 0.087266
vt -4.083333 0.087266
vt -4.350000 0.104720
vt -4.083333 0.104720
vt -4.350000 0.122173
vt -4.083333 0.122173
vt -4.350000 0.139626
vt -4.083333 0.139626
vt -4.350000 0.157080
vt -4.083333 0.157080
vt -4.350000 0.174533
vt -4.083333 0.174533
vt -4.350000 0.191986
vt -4.083333 0.191986
vt -4.350000 0.209440
vt -4.083333 0.209440
vt -4.350000 0.226893
vt -4.083333 0.226893
vt -4.350000 0.244346
vt -4.083333 0.244346
vt -4.350000 0.261799
vt -4.083333 0.261799
vt -4.350000 0.279253
vt -4.083333 0.279253
vt -4.350000 0.296706
vt -4.083333 0.296706
vt -4.350000 0.314159
vt -4.083333 0.314159
vt -4.350000 -0.314159
vt -4.083333 -0.314159
vt -4.350000 -0.296706
vt -4.083333 -0.296706
vt -4.350000 -0.279253
vt -4.083333 -0.279253
vt -4.350000 -0.261799
vt -4.083333 -0.261799
vt -4.350000 -0.244346
vt -4.083333 -0.244346
vt -4.350000 -0.226893
vt -4.083333 -0.226893
vt -4.350000 -0.209440
vt -4.083333 -0.209440
vt -4.350000 -0.191986
vt -4.083333 -0.191986
vt -4.350000 -0.174533
vt -4.083333 -0.174533
vt -4.350000 -0.157080
vt -4.083333 -0.157080
vt -4.350000 -0.139626
vt -4.083333 -0.139626
vt -4.350000 -0.122173
vt -4.083333 -0.122173
vt -4.350000 -0.104720
vt -4.083333 -0.104720
vt -4.350000 -0.087266
vt -4.083333 -0.087266
vt -4.350000 -0.069813
vt -4.083333 -0.069813
vt -4.350000 -0.052360
vt -4.083333 -0.052360
vt -4.350000 -0.034907
vt -4.083333 -0.034907
vt -3.550000 0.017453
vt -3.816667 0.017453
vt -3.550000 0.000000
vt -3.816667 0.000000
vt -3.550000 -0.017453
vt -3.816667 -0.017453
vt -3.550000 -0.034907
vt -3.816667 -0.034907
vt -3.550000 -0.052360
vt -3.816667 -0.052360
vt -3.550000 -0.069813
vt -3.816667 -0.069813
vt -3.550000 -0.087266
vt -3.816667 -0.087266
vt -3.550000 -0.104720
vt -3.816667 -0.104720
vt -3.550000 -0.122173
vt -3.816667 -0.122173
vt -3.550000 -0.139626
vt -3.816667 -0.139626
vt -3.550000 -0.157080
vt -3.816667 -0.157080
vt -3.550000 -0.174533
vt -3.816667 -0.174533
vt -3.550000 -0.191986
vt -3.816667 -0.191986
vt -3.550000 -0.209440
vt -3.816667 -0.209440
vt -3.550000 -0.226893
vt -3.816667 -0.226893
vt -3.550000 -0.244346
vt -3.816667 -0.244346
vt -3.550000 -0.261799
vt -3.816667 -0.261799
vt -3.550000 -0.279253
vt -3.816667 -0.279253
vt -3.550000 -0.296706
vt -3.816667 -0.296706
vt -3.550000 -0.314159
vt -3.816667 -0.314159
vt -3.550000 0.314159
vt -3.816667 0.314159
vt -3.550000 0.296706
vt -3.816667 0.296706
vt -3.550000 0.279253
vt -3.816667 0.279253
vt -3.550000 0.261799
vt -3.816667 0.261799
vt -3.550000 0.244346
vt -3.816667 0.244346
vt -3.550000 0.226893
vt -3.816667 0.226893
vt -3.550000 0.209440
vt -3.816667 0.209440
vt -3.550000 0.191986
vt -3.816667 0.191986
vt -3.550000 0.174533
vt -3.816667 0.174533
vt -3.550000 0.157080
vt -3.816667 0.157080
vt -3.550000 0.139626
vt -3.816667 0.139626
vt -3.550000 0.122173
vt -3.816667 0.122173
vt -3.550000 0.104720
vt -3.816667 0.104720
vt -3.550000 0.087266
vt -3.816667 0.087266
vt -3.550000 0.069813
vt -3.816667 0.069813
vt -3.550000 0.052360
vt -3.816667 0.052360
vt -3.550000 0.034907
vt -3.816667 0.034907
vt -5.600000 -0.017453
vt -5.333333 -0.017453
vt -5.600000 0.000000
vt -5.333333 0.000000
vt -5.600000 0.017453
vt -5.333333 0.017453
vt -5.600000 0.034907
vt -5.333333 0.034907
vt -5.600000 0.052360
vt -5.333333 0.052360
vt -5.600000 0.069813
vt -5.333333 0.069813
vt -5.600000 0.087266
vt -5.333333 0.087266
vt -5.600000 0.104720
vt -5.333333 0.104720
vt -5.600000 0.122173
vt -5.333333 0.122173
vt -5.600000 0.139626
vt -5.333333 0.139626
vt -5.600000 0.157080
vt -5.333333 0.157080
vt -5.600000 0.174533
vt -5.333333 0.174533
vt -5.600000 0.191986
vt -5.333333 0.191986
vt -5.600000 0.209440
vt -5.333333 0.209440
vt -5.600000 0.226893
vt -5.333333 0.226893
vt -5.600000 0.244346
vt -5.333333 0.244346
vt -5.600000 0.261799
vt -5.333333 0.261799
vt -5.600000 0.279253
vt -5.333333 0.279253
vt -5.600000 0.296706
vt -5.333333 0.296706
vt -5.600000 0.314159
vt -5.333333 0.314159
vt -5.600000 -0.314159
vt -5.333333 -0.314159
vt -5.600000 -0.296706
vt -5.333333 -0.296706
vt -5.600000 -0.279253
vt -5.333333 -0.279253
vt -5.600000 -0.261799
vt -5.333333 -0.261799
vt -5.600000 -0.244346
vt -5.333333 -0.244346
vt -5.600000 -0.226893
vt -5.333333 -0.226893
vt -5.600000 -0.209440
vt -5.333333 -0.209440
vt -5.600000 -0.191986
vt -5.333333 -0.191986
vt -5.600000 -0.174533
vt -5.333333 -0.174533
vt -5.600000 -0.157080
vt -5.333333 -0.157080
vt -5.600000 -0.139626
vt -5.333333 -0.139626
vt -5.600000 -0.122173
vt -5.333333 -0.122173
vt -5.600000 -0.104720
vt -5.333333 -0.104720
vt -5.600000 -0.087266
vt -5.333333 -0.087266
vt -5.600000 -0.069813
vt -5.333333 -0.069813
vt -5.600000 -0.052360
vt -5.333333 -0.052360
vt -5.600000 -0.034907
vt -5.333333 -0.034907
vt -4.800000 0.017453
vt -5.066667 0.017453
vt -4.800000 0.000000
vt -5.066667 0.000000
vt -4.800000 -0.017453
vt -5.066667 -0.017453
vt -4.800000 -0.034907
vt -5.066667 -0.034907
vt -4.800000 -0.052360
vt -5.066667 -0.052360
vt -4.800000 -0.069813
vt -5.066667 -0.069813
vt -4.800000 -0.087266
vt -5.066667 -0.087266
vt -4.800000 -0.104720
vt -5.066667 -0.104720
vt -4.800000 -0.122173
vt -5.066667 -0.122173
vt -4.800000 -0.139626
vt -5.066667 -0.139626
vt -4.800000 -0.157080
vt -5.066667 -0.157080
vt -4.800000 -0.174533
vt -5.066667 -0.174533
vt -4.800000 -0.191986
vt -5.066667 -0.191986
vt -4.800000 -0.209440
vt -5.066667 -0.209440
vt -4.800000 -0.226893
vt -5.066667 -0.226893
vt -4.800000 -0.244346
vt -5.066667 -0.244346
vt -4.800000 -0.261799
vt -5.066667 -0.261799
vt -4.800000 -0.279253
vt -5.066667 -0.279253
vt -4.800000 -0.296706
vt -5.066667 -0.296706
vt -4.800000 -0.314159
vt -5.066667 -0.314159
vt -4.800000 0.314159
vt -5.066667 0.314159
vt -4.800000 0.296706
vt -5.066667 0.296706
vt -4.800000 0.279253
vt -5.066667 0.279253
vt -4.800000 0.261799
vt -5.066667 0.261799
vt -4.800000 0.244346
vt -5.066667 0.244346
vt -4.800000 0.226893
vt -5.066667 0.226893
vt -4.800000 0.209440
vt -5.066667 0.209440
vt -4.800000 0.191986
vt -5.066667 0.191986
vt -4.800000 0.174533
vt -5.066667 0.174533
vt -4.800000 0.157080
vt -5.066667 0.157080
vt -4.800000 0.139626
vt -5.066667 0.139626
vt -4.800000 0.122173
vt -5.066667 0.122173
vt -4.800000 0.104720
vt -5.066667 0.104720
vt -4.800000 0.087266
vt -5.066667 0.087266
vt -4.800000 0.069813
vt -5.066667 0.069813
vt -4.800000 0.052360
vt -5.066667 0.052360
vt -4.800000 0.034907
vt -5.066667 0.034907
vt -6.850000 -0.017453
vt -6.583333 -0.017453
vt -6.850000 0.000000
vt -6.583333 0.000000
vt -6.850000 0.017453
vt -6.583333 0.017453
vt -6.850000 0.034907
vt -6.583333 0.034907
vt -6.850000 0.052360
vt -6.583333 0.052360
vt -6.850000 0.069813
vt -6.583333 0.069813
vt -6.850000 0.087266
vt -6.583333 0.087266
vt -6.850000 0.104720
vt -6.583333 0.104720
vt -6.850000 0.122173
vt -6.583333 0.122173
vt -6.850000 0.139626
vt -6.583333 0.139626
vt -6.850000 0.157080
vt -6.583333 0.157080
vt -6.850000 0.174533
vt -6.583333 0.174533
vt -6.850000 0.191986
vt -6.583333 0.191986
vt -6.850000 0.209440
vt -6.583333 0.209440
vt -6.850000 0.226893
vt -6.583333 0.226893
vt -6.850000 0.244346
vt -6.583333 0.244346
vt -6.850000 0.261799
vt -6.583333 0.261799
vt -6.850000 0.279253
vt -6.583333 0.279253
vt -6.850000 0.296706
vt -6.583333 0.296706
vt -6.850000 0.314159
vt -6.583333 0.314159
vt -6.850000 -0.314159
vt -6.583333 -0.314159
vt -6.850000 -0.296706
vt -6.583333 -0.296706
vt -6.850000 -0.279253
vt -6.583333 -0.279253
vt -6.850000 -0.261799
vt -6.583333 -0.261799
vt -6.850000 -0.244346
vt -6.583333 -0.244346
vt -6.850000 -0.226893
vt -6.583333 -0.226893
vt -6.850000 -0.209440
vt -6.583333 -0.209440
vt -6.850000 -0.191986
vt -6.583333 -0.191986
vt -6.850000 -0.174533
vt -6.583333 -0.174533
vt -6.850000 -0.157080
vt -6.583333 -0.157080
vt -6.850000 -0.139626
vt -6.583333 -0.139626
vt -6.850000 -0.122173
vt -6.583333 -0.122173
vt -6.850000 -0.104720
vt -6.583333 -0.104720
vt -6.850000 -0.087266
vt -6.583333 -0.087266
vt -6.850000 -0.069813
vt -6.583333 -0.069813
vt -6.850000 -0.052360
vt -6.583333 -0.052360
vt -6.850000 -0.034907
vt -6.583333 -0.034907
vt -6.050000 0.017453
vt -6.316667 0.017453
vt -6.050000 0.000000
vt -6.316667 0.000000
vt -6.050000 -0.017453
vt -6.316667 -0.017453
vt -6.050000 -0.034907
vt -6.316667 -0.034907
vt -6.050000 -0.052360
vt -6.316667 -0.052360
vt -6.050000 -0.069813
vt -6.316667 -0.069813
vt -6.050000 -0.087266
vt -6.316667 -0.087266
vt -6.050000 -0.104720
vt -6.316667 -0.104720
vt -6.050000 -0.122173
vt -6.316667 -0.122173
vt -6.050000 -0.139626
vt -6.316667 -0.139626
vt -6.050000 -0.157080
vt -6.316667 -0.157080
vt -6.050000 -0.174533
vt -6.316667 -0.174533
vt -6.050000 -0.191986
vt -6.316667 -0.191986
vt -6.050000 -0.209440
vt -6.316667 -0.209440
vt -6.050000 -0.226893
vt -6.316667 -0.226893
vt -6.050000 -0.244346
vt -6.316667 -0.244346
vt -6.050000 -0.261799
vt -6.316667 -0.261799
vt -6.050000 -0.279253
vt -6.316667 -0.279253
vt -6.050000 -0.296706
vt -6.316667 -0.296706
vt -6.050000 -0.314159
vt -6.316667 -0.314159
vt -6.050000 0.314159
vt -6.316667 0.314159
vt -6.050000 0.296706
vt -6.316667 0.296706
vt -6.050000 0.279253
vt -6.316667 0.279253
vt -6.050000 0.261799
vt -6.316667 0.261799
vt -6.050000 0.244346
vt -6.316667 0.244346
vt -6.050000 0.226893
vt -6.316667 0.226893
vt -6.050000 0.209440
vt -6.316667 0.209440
vt -6.050000 0.191986
vt -6.316667 0.191986
vt -6.050000 0.174533
vt -6.316667 0.174533
vt -6.050000 0.157080
vt -6.316667 0.157080
vt -6.050000 0.139626
vt -6.316667 0.139626
vt -6.050000 0.122173
vt -6.316667 0.122173
vt -6.050000 0.104720
vt -6.316667 0.104720
vt -6.050000 0.087266
vt -6.316667 0.087266
vt -6.050000 0.069813
vt -6.316667 0.069813
vt -6.050000 0.052360
vt -6.316667 0.052360
vt -6.050000 0.034907
vt -6.316667 0.034907
vt -8.100000 -0.017453
vt -7.833333 -0.017453
vt -8.100000 0.000000
vt -7.833333 0.000000
vt -8.100000 0.017453
vt -7.833333 0.017453
vt -8.100000 0.034907
vt -7.833333 0.034907
vt -8.100000 0.052360
vt -7.833333 0.052360
vt -8.100000 0.069813
vt -7.833333 0.069813
vt -8.100000 0.087266
vt -7.833333 0.087266
vt -8.100000 0.104720
vt -7.833333 0.104720
vt -8.100000 0.122173
vt -7.833333 0.122173
vt -8.100000 0.139626
vt -7.833333 0.139626
vt -8.100000 0.157080
vt -7.833333 0.157080
vt -8.100000 0.174533
vt -7.833333 0.174533
vt -8.100000 0.191986
vt -7.833333 0.191986
vt -8.100000 0.209440
vt -7.833333 0.209440
vt -8.100000 0.226893
vt -7.833333 0.226893
vt -8.100000 0.244346
vt -7.833333 0.244346
vt -8.100000 0.261799
vt -7.833333 0.261799
vt -8.100000 0.279253
vt -7.833333 0.279253
vt -8.100000 0.296706
vt -7.833333 0.296706
vt -8.100000 0.314159
vt -7.833333 0.314159
vt -8.100000 -0.314159
vt -7.833333 -0.314159
vt -8.100000 -0.296706
vt -7.833333 -0.296706
vt -8.100000 -0.279253
vt -7.833333 -0.279253
vt -8.100000 -0.261799
vt -7.833333 -0.261799
vt -8.100000 -0.244346
vt -7.833333 -0.244346
vt -8.100000 -0.226893
vt -7.833333 -0.226893
vt -8.100000 -0.209440
vt -7.833333 -0.209440
vt -8.100000 -0.191986
vt -7.833333 -0.191986
vt -8.100000 -0.174533
vt -7.833333 -0.174533
vt -8.100000 -0.157080
vt -7.833333 -0.157080
vt -8.100000 -0.139626
vt -7.833333 -0.139626
vt -8.100000 -0.122173
vt -7.833333 -0.122173
vt -8.100000 -0.104720
vt -7.833333 -0.104720
vt -8.100000 -0.087266
vt -7.833333 -0.087266
vt -8.100000 -0.069813
vt -7.833333 -0.069813
vt -8.100000 -0.052360
vt -7.833333 -0.052360
vt -8.100000 -0.034907
vt -7.833333 -0.034907
vt -7.300000 0.017453
vt -7.566667 0.017453
vt -7.300000 0.000000
vt -7.566667 0.000000
vt -7.300000 -0.017453
vt -7.566667 -0.017453
vt -7.300000 -0.034907
vt -7.566667 -0.034907
vt -7.300000 -0.052360
vt -7.566667 -0.052360
vt -7.300000 -0.069813
vt -7.566667 -0.069813
vt -7.300000 -0.087266
vt -7.566667 -0.087266
vt -7.300000 -0.104720
vt -7.566667 -0.104720
vt -7.300000 -0.122173
vt -7.566667 -0.122173
vt -7.300000 -0.139626
vt -7.566667 -0.139626
vt -7.300000 -0.157080
vt -7.566667 -0.157080
vt -7.300000 -0.174533
vt -7.566667 -0.174533
vt -7.300000 -0.191986
vt -7.566667 -0.191986
vt -7.300000 -0.209440
vt -7.566667 -0.209440
vt -7.300000 -0.226893
vt -7.566667 -0.226893
vt -7.300000 -0.244346
vt -7.566667 -0.244346
vt -7.300000 -0.261799
vt -7.566667 -0.261799
vt -7.300000 -0.279253
vt -7.566667 -0.279253
vt -7.300000 -0.296706
vt -7.566667 -0.296706
vt -7.300000 -0.314159
vt -7.566667 -0.314159
vt -7.300000 0.314159
vt -7.566667 0.314159
vt -7.300000 0.296706
vt -7.566667 0.296706
vt -7.300000 0.279253
vt -7.566667 0.279253
vt -7.300000 0.261799
vt -7.566667 0.261799
vt -7.300000 0.244346
vt -7.566667 0.244346
vt -7.300000 0.226893
vt -7.566667 0.226893
vt -7.300000 0.209440
vt -7.566667 0.209440
vt -7.300000 0.191986
vt -7.566667 0.191986
vt -7.300000 0.174533
vt -7.566667 0.174533
vt -7.300000 0.157080
vt -7.566667 0.157080
vt -7.300000 0.139626
vt -7.566667 0.139626
vt -7.300000 0.122173
vt -7.566667 0.122173
vt -7.300000 0.104720
vt -7.566667 0.104720
vt -7.300000 0.087266
vt -7.566667 0.087266
vt -7.300000 0.069813
vt -7.566667 0.069813
vt -7.300000 0.052360
vt -7.566667 0.052360
vt -7.300000 0.034907
vt -7.566667 0.034907
vt -9.350000 -0.017453
vt -9.083333 -0.017453
vt -9.350000 0.000000
vt -9.083333 0.000000
vt -9.350000 0.017453
vt -9.083333 0.017453
vt -9.350000 0.034907
vt -9.083333 0.034907
vt -9.350000 0.052360
vt -9.083333 0.052360
vt -9.350000 0.069813
vt -9.083333 0.069813
vt -9.350000 0.087266
vt -9.083333 0.087266
vt -9.350000 0.104720
vt -9.083333 0.104720
vt -9.350000 0.122173
vt -9.083333 0.122173
vt -9.350000 0.139626
vt -9.083333 0.139626
vt -9.350000 0.157080
vt -9.083333 0.157080
vt -9.350000 0.174533
vt -9.083333 0.174533
vt -9.350000 0.191986
vt -9.083333 0.191986
vt -9.350000 0.209440
vt -9.083333 0.209440
vt -9.350000 0.226893
vt -9.083333 0.226893
vt -9.350000 0.244346
vt -9.083333 0.244346
vt -9.350000 0.261799
vt -9.083333 0.261799
vt -9.350000 0.279253
vt -9.083333 0.279253
vt -9.350000 0.296706
vt -9.083333 0.296706
vt -9.350000 0.314159
vt -9.083333 0.314159
vt -9.350000 -0.314159
vt -9.083333 -0.314159
vt -9.350000 -0.296706
vt -9.083333 -0.296706
vt -9.350000 -0.279253
vt -9.083333 -0.279253
vt -9.350000 -0.261799
vt -9.083333 -0.261799
vt -9.350000 -0.244346
vt -9.083333 -0.244346
vt -9.350000 -0.226893
vt -9.083333 -0.226893
vt -9.350000 -0.209440
vt -9.083333 -0.209440
vt -9.350000 -0.191986
vt -9.083333 -0.191986
vt -9.350000 -0.174533
vt -9.083333 -0.174533
vt -9.350000 -0.157080
vt -9.083333 -0.157080
vt -9.350000 -0.139626
vt -9.083333 -0.139626
vt -9.350000 -0.122173
vt -9.083333 -0.122173
vt -9.350000 -0.104720
vt -9.083333 -0.104720
vt -9.350000 -0.087266
vt -9.083333 -0.087266
vt -9.350000 -0.069813
vt -9.083333 -0.069813
vt -9.350000 -0.052360
vt -9.083333 -0.052360
vt -9.350000 -0.034907
vt -9.083333 -0.034907
vt -8.550000 0.017453
vt -8.816667 0.017453
vt -8.550000 0.000000
vt -8.816667 0.000000
vt -8.550000 -0.017453
vt -8.816667 -0.017453
vt -8.550000 -0.034907
vt -8.816667 -0.034907
vt -8.550000 -0.052360
vt -8.816667 -0.052360
vt -8.550000 -0.069813
vt -8.816667 -0.069813
vt -8.550000 -0.087266
vt -8.816667 -0.087266
vt -8.550000 -0.104720
vt -8.816667 -0.104720
vt -8.550000 -0.122173
vt -8.816667 -0.122173
vt -8.550000 -0.139626
vt -8.816667 -0.139626
vt -8.550000 -0.157080
vt -8.816667 -0.157080
vt -8.550000 -0.174533
vt -8.816667 -0.174533
vt -8.550000 -0.191986
vt -8.816667 -0.191986
vt -8.550000 -0.209440
vt -8.816667 -0.209440
vt -8.550000 -0.226893
vt -8.816667 -0.226893
vt -8.550000 -0.244346
vt -8.816667 -0.244346
vt -8.550000 -0.261799
vt -8.816667 -0.261799
vt -8.550000 -0.279253
vt -8.816667 -0.279253
vt -8.550000 -0.296706
vt -8.816667 -0.296706
vt -8.550000 -0.314159
vt -8.816667 -0.314159
vt -8.550000 0.314159
vt -8.816667 0.314159
vt -8.550000 0.296706
vt -8.816667 0.296706
vt -8.550000 0.279253
vt -8.816667 0.279253
vt -8.550000 0.261799
vt -8.816667 0.261799
vt -8.550000 0.244346
vt -8.816667 0.244346
vt -8.550000 0.226893
vt -8.816667 0.226893
vt -8.550000 0.209440
vt -8.816667 0.209440
vt -8.550000 0.191986
vt -8.816667 0.191986
vt -8.550000 0.174533
vt -8.816667 0.174533
vt -8.550000 0.157080
vt -8.816667 0.157080
vt -8.550000 0.139626
vt -8.816667 0.139626
vt -8.550000 0.122173
vt -8.816667 0.122173
vt -8.550000 0.104720
vt -8.816667 0.104720
vt -8.550000 0.087266
vt -8.816667 0.087266
vt -8.550000 0.069813
vt -8.816667 0.069813
vt -8.550000 0.052360
vt -8.816667 0.052360
vt -8.550000 0.034907
vt -8.816667 0.034907
vt -10.600000 -0.017453
vt -10.333333 -0.017453
vt -10.600000 0.000000
vt -10.333333 0.000000
vt -10.600000 0.017453
vt -10.333333 0.017453
vt -10.600000 0.034907
vt -10.333333 0.034907
vt -10.600000 0.052360
vt -10.333333 0.052360
vt -10.600000 0.069813
vt -10.333333 0.069813
vt -10.600000 0.087266
vt -10.333333 0.087266
vt -10.600000 0.104720
vt -10.333333 0.104720
vt -10.600000 0.122173
vt -10.333333 0.122173
vt -10.600000 0.139626
vt -10.333333 0.139626
vt -10.600000 0.157080
vt -10.333333 0.157080
vt -10.600000 0.174533
vt -10.333333 0.174533
vt -10.600000 0.191986
vt -10.333333 0.191986
vt -10.600000 0.209440
vt -10.333333 0.209440
vt -10.600000 0.226893
vt -10.333333 0.226893
vt -10.600000 0.244346
vt -10.333333 0.244346
vt -10.600000 0.261799
vt -10.333333 0.261799
vt -10.600000 0.279253
vt -10.333333 0.279253
vt -10.600000 0.296706
vt -10.333333 0.296706
vt -10.600000 0.314159
vt -10.333333 0.314159
vt -10.600000 -0.314159
vt -10.333333 -0.314159
vt -10.600000 -0.296706
vt -10.333333 -0.296706
vt -10.600000 -0.279253
vt -10.333333 -0.279253
vt -10.600000 -0.261799
vt -10.333333 -0.261799
vt -10.600000 -0.244346
vt -10.333333 -0.244346
vt -10.600000 -0.226893
vt -10.333333 -0.226893
vt -10.600000 -0.209440
vt -10.333333 -0.209440
vt -10.600000 -0.191986
vt -10.333333 -0.191986
vt -10.600000 -0.174533
vt -10.333333 -0.174533
vt -10.600000 -0.157080
vt -10.333333 -0.157080
vt -10.600000 -0.139626
vt -10.333333 -0.139626
vt -10.600000 -0.122173
vt -10.333333 -0.122173
vt -10.600000 -0.104720
vt -10.333333 -0.104720
vt -10.600000 -0.087266
vt -10.333333 -0.087266
vt -10.600000 -0.069813
vt -10.333333 -0.069813
vt -10.600000 -0.052360
vt -10.333333 -0.052360
vt -10.600000 -0.034907
vt -10.333333 -0.034907
vt -9.800000 0.017453
vt -10.066667 0.017453
vt -9.800000 0.000000
vt -10.066667 0.000000
vt -9.800000 -0.017453
vt -10.066667 -0.017453
vt -9.800000 -0.034907
vt -10.066667 -0.034907
vt -9.800000 -0.052360
vt -10.066667 -0.052360
vt -9.800000 -0.069813
vt -10.066667 -0.069813
vt -9.800000 -0.087266
vt -10.066667 -0.087266
vt -9.800000 -0.104720
vt -10.066667 -0.104720
vt -9.800000 -0.122173
vt -10.066667 -0.122173
vt -9.800000 -0.139626
vt -10.066667 -0.139626
vt -9.800000 -0.157080
vt -10.066667 -0.157080
vt -9.800000 -0.174533
vt -10.066667 -0.174533
vt -9.800000 -0.191986
vt -10.066667 -0.191986
vt -9.800000 -0.209440
vt -10.066667 -0.209440
vt -9.800000 -0.226893
vt -10.066667 -0.226893
vt -9.800000 -0.244346
vt -10.066667 -0.244346
vt -9.800000 -0.261799
vt -10.066667 -0.261799
vt -9.800000 -0.279253
vt -10.066667 -0.279253
vt -9.800000 -0.296706
vt -10.066667 -0.296706
vt -9.800000 -0.314159
vt -10.066667 -0.314159
vt -9.800000 0.314159
vt -10.066667 0.314159
vt -9.800000 0.296706
vt -10.066667 0.296706
vt -9.800000 0.279253
vt -10.066667 0.279253
vt -9.800000 0.261799
vt -10.066667 0.261799
vt -9.800000 0.244346
vt -10.066667 0.244346
vt -9.800000 0.226893
vt -10.066667 0.226893
vt -9.800000 0.209440
vt -10.066667 0.209440
vt -9.800000 0.191986
vt -10.066667 0.191986
vt -9.800000 0.174533
vt -10.066667 0.174533
vt -9.800000 0.157080
vt -10.066667 0.157080
vt -9.800000 0.139626
vt -10.066667 0.139626
vt -9.800000 0.122173
vt -10.066667 0.122173
vt -9.800000 0.104720
vt -10.066667 0.104720
vt -9.800000 0.087266
vt -10.066667 0.087266
vt -9.800000 0.069813
vt -10.066667 0.069813
vt -9.800000 0.052360
vt -10.066667 0.052360
vt -9.800000 0.034907
vt -10.066667 0.034907
vt -0.450000 0.200414
vt -0.000000 0.200414
vt -0.450000 0.287078
vt -0.000000 0.287078
vt -0.000000 0.373743
vt -0.450000 0.373743
vt -0.000000 0.460407
vt -0.450000 0.460407
vt -0.000000 0.547072
vt -0.450000 0.547072
vt -0.000000 0.633736
vt -0.450000 0.633736
vt -0.000000 0.720401
vt -0.450000 0.720401
vt -0.000000 0.807065
vt -0.450000 0.807065
vt -0.000000 0.893730
vt -0.450000 0.893730
vt -0.000000 0.980394
vt -0.450000 0.980394
vt -0.000000 1.067059
vt -0.450000 1.067059
vt -0.000000 1.153723
vt -0.450000 1.153723
vt -0.000000 1.240388
vt -0.450000 1.240388
vt -0.000000 1.327052
vt -0.450000 1.327052
vt -0.000000 1.413717
vt -0.450000 1.413717
vt -0.000000 1.500381
vt -0.450000 1.500381
vt -0.000000 1.587046
vt -0.450000 1.587046
vt -0.000000 1.673710
vt -0.450000 1.673710
vt -0.000000 1.760375
vt -0.450000 1.760375
vt -0.000000 1.847039
vt -0.450000 1.847039
vt -0.000000 1.933704
vt -0.450000 1.933704
vt -0.000000 2.020368
vt -0.450000 2.020368
vt -0.000000 2.107033
vt -0.450000 2.107033
vt -0.000000 2.193697
vt -0.450000 2.193697
vt -0.000000 2.280362
vt -0.450000 2.280362
vt -0.000000 2.367026
vt -0.450000 2.367026
vt -0.000000 2.453691
vt -0.450000 2.453691
vt -0.000000 2.540355
vt -0.450000 2.540355
vt -0.450000 2.627020
vt -0.000000 2.627020
vt 0.450000 -1.563957
vt 0.000000 -1.563957
vt 0.000000 -1.608009
vt 0.450000 -1.608009
vt 0.000000 -1.652060
vt 0.450000 -1.652060
vt 0.000000 -1.696111
vt 0.450000 -1.696111
vt 0.000000 -1.740162
vt 0.450000 -1.740162
vt 0.000000 -1.784213
vt 0.450000 -1.784213
vt 0.000000 -1.828264
vt 0.450000 -1.828264
vt 0.000000 -1.872315
vt 0.450000 -1.872315
vt 0.000000 -1.916366
vt 0.450000 -1.916366
vt 0.000000 -1.960417
vt 0.450000 -1.960417
vt 0.000000 -2.004468
vt 0.450000 -2.004468
vt 0.000000 -2.048519
vt 0.450000 -2.048519
vt 0.000000 -2.092570
vt 0.450000 -2.092570
vt 0.000000 -2.136621
vt 0.450000 -2.136621
vt 0.000000 -2.180672
vt 0.450000 -2.180672
vt 0.000000 -2.224723
vt 0.450000 -2.224723
vt 0.000000 -2.268774
vt 0.450000 -2.268774
vt 0.450000 -2.312825
vt 0.000000 -2.312825
s 1
usemtl 224,0,201
f 1/1/1 2/2/1 48/3/1
f 48/3/1 2/2/1 3/4/1
f 48/3/1 3/4/1 47/5/1
f 47/5/1 3/4/1 46/6/1
f 46/6/1 3/4/1 4/7/1
f 46/6/1 4/7/1 73/8/2
f 73/8/2 4/7/1 72/9/1
f 72/9/1 4/7/1 5/10/1
f 72/9/1 5/10/1 71/11/1
f 71/11/1 5/10/1 6/12/1
f 71/11/1 6/12/1 70/13/1
f 70/13/1 6/12/1 7/14/1
f 70/13/1 7/14/1 69/15/1
f 69/15/1 7/14/1 68/16/1
f 68/16/1 7/14/1 8/17/1
f 68/16/1 8/17/1 67/18/1
f 67/18/1 8/17/1 9/19/1
f 67/18/1 9/19/1 66/20/1
f 66/20/1 9/19/1 65/21/1
f 65/21/1 9/19/1 10/22/1
f 65/21/1 10/22/1 64/23/1
f 64/23/1 10/22/1 63/24/1
f 63/24/1 10/22/1 11/25/1
f 63/24/1 11/25/1 62/26/1
f 62/26/1 11/25/1 12/27/1
f 62/26/1 12/27/1 61/28/1
f 61/28/1 12/27/1 60/29/1
f 60/29/1 12/27/1 13/30/1
f 60/29/1 13/30/1 59/31/1
f 59/31/1 13/30/1 58/32/1
f 58/32/1 13/30/1 14/33/1
f 58/32/1 14/33/1 57/34/1
f 57/34/1 14/33/1 15/35/1
f 57/34/1 15/35/1 56/36/3
f 56/36/3 15/35/1 55/37/4
f 55/37/4 15/35/1 16/38/1
f 55/37/4 16/38/1 54/39/1
f 54/39/1 16/38/1 17/40/1
f 54/39/1 17/40/1 53/41/3
f 53/41/3 17/40/1 18/42/1
f 53/41/3 18/42/1 52/43/1
f 52/43/1 18/42/1 24/44/1
f 52/43/1 24/44/1 25/45/1
f 18/42/1 19/46/1 24/44/1
f 24/44/1 19/46/1 23/47/1
f 23/47/1 19/46/1 22/48/1
f 22/48/1 19/46/1 20/49/1
f 22/48/1 20/49/1 21/50/1
f 25/45/1 26/51/1 52/43/1
f 52/43/1 26/51/1 51/52/1
f 51/52/1 26/51/1 27/53/1
f 51/52/1 27/53/1 28/54/1
f 51/52/1 28/54/1 50/55/1
f 50/55/1 28/54/1 29/56/1
f 50/55/1 29/56/1 49/57/1
f 49/57/1 29/56/1 30/58/1
f 49/57/1 30/58/1 84/59/1
f 84/59/1 30/58/1 31/60/1
f 84/59/1 31/60/1 83/61/1
f 83/61/1 31/60/1 32/62/1
f 83/61/1 32/62/1 33/63/1
f 83/61/1 33/63/1 82/64/4
f 82/64/4 33/63/1 34/65/1
f 82/64/4 34/65/1 81/66/1
f 81/66/1 34/65/1 35/67/1
f 81/66/1 35/67/1 80/68/4
f 80/68/4 35/67/1 36/69/1
f 80/68/4 36/69/1 79/70/1
f 79/70/1 36/69/1 37/71/1
f 79/70/1 37/71/1 78/72/1
f 78/72/1 37/71/1 38/73/1
f 78/72/1 38/73/1 39/74/1
f 78/72/1 39/74/1 77/75/1
f 77/75/1 39/74/1 40/76/1
f 77/75/1 40/76/1 76/77/1
f 76/77/1 40/76/1 41/78/1
f 76/77/1 41/78/1 75/79/1
f 75/79/1 41/78/1 42/80/1
f 75/79/1 42/80/1 74/81/2
f 74/81/2 42/80/1 43/82/1
f 74/81/2 43/82/1 44/83/1
f 74/81/2 44/83/1 73/8/2
f 73/8/2 44/83/1 45/84/1
f 73/8/2 45/84/1 46/6/1
f 2/85/5 1/86/5 86/87/5
f 86/87/5 1/86/5 85/88/5
f 104/89/6 20/90/6 103/91/7
f 103/91/7 20/90/6 19/92/7
f 103/91/7 19/92/7 18/93/8
f 103/91/7 18/93/8 102/94/8
f 102/94/8 18/93/8 17/95/9
f 102/94/8 17/95/9 101/96/9
f 101/96/9 17/95/9 16/97/10
f 101/96/9 16/97/10 100/98/10
f 100/98/10 16/97/10 15/99/11
f 100/98/10 15/99/11 99/100/11
f 99/100/11 15/99/11 14/101/12
f 99/100/11 14/101/12 98/102/12
f 98/102/12 14/101/12 13/103/13
f 98/102/12 13/103/13 97/104/13
f 97/104/13 13/103/13 12/105/14
f 97/104/13 12/105/14 96/106/14
f 96/106/14 12/105/14 11/107/15
f 96/106/14 11/107/15 95/108/15
f 95/108/15 11/107/15 10/109/16
f 95/108/15 10/109/16 94/110/16
f 94/110/16 10/109/16 9/111/17
f 94/110/16 9/111/17 93/112/17
f 93/112/17 9/111/17 8/113/18
f 93/112/17 8/113/18 92/114/18
f 92/114/18 8/113/18 7/115/19
f 92/114/18 7/115/19 91/116/19
f 91/116/19 7/115/19 6/117/20
f 91/116/19 6/117/20 90/118/20
f 90/118/20 6/117/20 5/119/21
f 90/118/20 5/119/21 89/120/21
f 89/120/21 5/119/21 4/121/22
f 89/120/21 4/121/22 88/122/22
f 88/122/22 4/121/22 3/123/23
f 88/122/22 3/123/23 87/124/23
f 87/124/23 3/123/23 86/125/24
f 86/125/24 3/123/23 2/126/24
f 21/85/25 20/86/25 105/87/25
f 105/87/25 20/86/25 104/88/25
f 85/127/26 1/128/26 132/129/27
f 132/129/27 1/128/26 48/130/27
f 132/129/27 48/130/27 47/131/28
f 132/129/27 47/131/28 131/132/28
f 131/132/28 47/131/28 46/133/29
f 131/132/28 46/133/29 130/134/29
f 130/134/29 46/133/29 45/135/30
f 130/134/29 45/135/30 129/136/30
f 129/136/30 45/135/30 44/137/31
f 129/136/30 44/137/31 128/138/31
f 128/138/31 44/137/31 43/139/32
f 128/138/31 43/139/32 127/140/32
f 127/140/32 43/139/32 42/141/33
f 127/140/32 42/141/33 126/142/33
f 126/142/33 42/141/33 41/143/34
f 126/142/33 41/143/34 125/144/34
f 125/144/34 41/143/34 40/145/35
f 125/144/34 40/145/35 124/146/35
f 124/146/35 40/145/35 39/147/36
f 124/146/35 39/147/36 123/148/36
f 123/148/36 39/147/36 38/149/37
f 123/148/36 38/149/37 122/150/37
f 122/150/37 38/149/37 37/151/38
f 122/150/37 37/151/38 121/152/38
f 121/152/38 37/151/38 36/153/39
f 121/152/38 36/153/39 120/154/39
f 120/154/39 36/153/39 35/155/40
f 120/154/39 35/155/40 119/156/40
f 119/156/40 35/155/40 34/157/41
f 119/156/40 34/157/41 118/158/41
f 118/158/41 34/157/41 33/159/42
f 118/158/41 33/159/42 117/160/42
f 117/160/42 33/159/42 32/161/43
f 117/160/42 32/161/43 116/162/43
f 116/162/43 32/161/43 31/163/44
f 116/162/43 31/163/44 115/164/44
f 115/164/44 31/163/44 30/165/45
f 115/164/44 30/165/45 114/166/45
f 114/166/45 30/165/45 29/167/46
f 114/166/45 29/167/46 113/168/46
f 113/168/46 29/167/46 28/169/47
f 113/168/46 28/169/47 112/170/47
f 112/170/47 28/169/47 27/171/48
f 112/170/47 27/171/48 111/172/48
f 111/172/48 27/171/48 26/173/49
f 111/172/48 26/173/49 110/174/49
f 110/174/49 26/173/49 25/175/50
f 110/174/49 25/175/50 109/176/50
f 109/176/50 25/175/50 24/177/51
f 109/176/50 24/177/51 108/178/51
f 108/178/51 24/177/51 23/179/52
f 108/178/51 23/179/52 107/180/52
f 107/180/52 23/179/52 22/181/53
f 107/180/52 22/181/53 106/182/53
f 106/182/53 22/181/53 105/183/54
f 105/183/54 22/181/53 21/184/54
f 84/185/55 171/186/55 49/187/56
f 49/187/56 171/186/55 174/188/56
f 49/187/56 174/188/56 50/189/57
f 50/189/57 174/188/56 239/190/57
f 50/189/57 239/190/57 51/191/58
f 51/191/58 239/190/57 237/192/58
f 51/191/58 237/192/58 52/193/59
f 52/193/59 237/192/58 235/194/59
f 52/193/59 235/194/59 53/195/60
f 53/195/60 235/194/59 233/196/60
f 53/195/60 233/196/60 54/197/61
f 54/197/61 233/196/60 231/198/61
f 54/197/61 231/198/61 55/199/62
f 55/199/62 231/198/61 229/200/62
f 55/199/62 229/200/62 56/201/63
f 56/201/63 229/200/62 227/202/63
f 56/201/63 227/202/63 57/203/64
f 57/203/64 227/202/63 225/204/64
f 57/203/64 225/204/64 58/205/25
f 58/205/25 225/204/64 223/206/25
f 58/205/25 223/206/25 59/207/65
f 59/207/65 223/206/25 221/208/65
f 59/207/65 221/208/65 60/209/66
f 60/209/66 221/208/65 219/210/66
f 60/209/66 219/210/66 61/211/67
f 61/211/67 219/210/66 217/212/67
f 61/211/67 217/212/67 62/213/68
f 62/213/68 217/212/67 215/214/68
f 62/213/68 215/214/68 63/215/69
f 63/215/69 215/214/68 213/216/69
f 63/215/69 213/216/69 64/217/70
f 64/217/70 213/216/69 211/218/70
f 64/217/70 211/218/70 65/219/71
f 65/219/71 211/218/70 209/220/71
f 65/219/71 209/220/71 66/221/72
f 66/221/72 209/220/71 207/222/72
f 66/221/72 207/222/72 67/223/5
f 67/223/5 207/222/72 169/224/5
f 67/225/5 169/226/5 68/227/73
f 68/227/73 169/226/5 205/228/73
f 68/227/73 205/228/73 69/229/74
f 69/229/74 205/228/73 203/230/74
f 69/229/74 203/230/74 70/231/75
f 70/231/75 203/230/74 201/232/75
f 70/231/75 201/232/75 71/233/76
f 71/233/76 201/232/75 199/234/76
f 71/233/76 199/234/76 72/235/77
f 72/235/77 199/234/76 197/236/77
f 72/235/77 197/236/77 73/237/78
f 73/237/78 197/236/77 195/238/78
f 73/237/78 195/238/78 74/239/79
f 74/239/79 195/238/78 193/240/79
f 74/239/79 193/240/79 75/241/80
f 75/241/80 193/240/79 191/242/80
f 75/241/80 191/242/80 76/243/81
f 76/243/81 191/242/80 189/244/81
f 76/243/81 189/244/81 77/245/82
f 77/245/82 189/244/81 187/246/82
f 77/245/82 187/246/82 78/247/83
f 78/247/83 187/246/82 185/248/83
f 78/247/83 185/248/83 79/249/84
f 79/249/84 185/248/83 183/250/84
f 79/249/84 183/250/84 80/251/85
f 80/251/85 183/250/84 181/252/85
f 80/251/85 181/252/85 81/253/86
f 81/253/86 181/252/85 179/254/86
f 81/253/86 179/254/86 82/255/87
f 82/255/87 179/254/86 177/256/87
f 82/255/87 177/256/87 83/257/88
f 83/257/88 177/256/87 175/258/88
f 83/257/88 175/258/88 84/185/55
f 84/185/55 175/258/88 171/186/55
f 134/259/57 240/260/57 133/261/56
f 133/261/56 240/260/57 173/262/56
f 133/261/56 173/262/56 168/263/55
f 168/263/55 173/262/56 172/264/55
f 168/263/55 172/264/55 167/265/88
f 167/265/88 172/264/55 176/266/88
f 167/265/88 176/266/88 166/267/87
f 166/267/87 176/266/88 178/268/87
f 166/267/87 178/268/87 165/269/86
f 165/269/86 178/268/87 180/270/86
f 165/269/86 180/270/86 164/271/85
f 164/271/85 180/270/86 182/272/85
f 164/271/85 182/272/85 163/273/84
f 163/273/84 182/272/85 184/274/84
f 163/273/84 184/274/84 162/275/83
f 162/275/83 184/274/84 186/276/83
f 162/275/83 186/276/83 161/277/89
f 161/277/89 186/276/83 188/278/82
f 161/277/89 188/278/82 160/279/81
f 160/279/81 188/278/82 190/280/81
f 160/279/81 190/280/81 159/281/80
f 159/281/80 190/280/81 192/282/80
f 159/281/80 192/282/80 158/283/79
f 158/283/79 192/282/80 194/284/79
f 158/283/79 194/284/79 157/285/78
f 157/285/78 194/284/79 196/286/78
f 157/285/78 196/286/78 156/287/77
f 156/287/77 196/286/78 198/288/77
f 156/287/77 198/288/77 155/289/76
f 155/289/76 198/288/77 200/290/76
f 155/289/76 200/290/76 154/291/75
f 154/291/75 200/290/76 202/292/75
f 154/291/75 202/292/75 153/293/74
f 153/293/74 202/292/75 204/294/74
f 153/293/74 204/294/74 152/295/73
f 152/295/73 204/294/74 206/296/73
f 152/295/73 206/296/73 151/297/5
f 151/297/5 206/296/73 170/298/5
f 151/299/5 170/300/5 150/301/72
f 150/301/72 170/300/5 208/302/72
f 150/301/72 208/302/72 149/303/71
f 149/303/71 208/302/72 210/304/71
f 149/303/71 210/304/71 148/305/70
f 148/305/70 210/304/71 212/306/70
f 148/305/70 212/306/70 147/307/69
f 147/307/69 212/306/70 214/308/69
f 147/307/69 214/308/69 146/309/68
f 146/309/68 214/308/69 216/310/68
f 146/309/68 216/310/68 145/311/67
f 145/311/67 216/310/68 218/312/67
f 145/311/67 218/312/67 144/313/66
f 144/313/66 218/312/67 220/314/66
f 144/313/66 220/314/66 143/315/65
f 143/315/65 220/314/66 222/316/65
f 143/315/65 222/316/65 142/317/25
f 142/317/25 222/316/65 224/318/25
f 142/317/25 224/318/25 141/319/64
f 141/319/64 224/318/25 226/320/64
f 141/319/64 226/320/64 140/321/63
f 140/321/63 226/320/64 228/322/63
f 140/321/63 228/322/63 139/323/62
f 139/323/62 228/322/63 230/324/62
f 139/323/62 230/324/62 138/325/61
f 138/325/61 230/324/62 232/326/61
f 138/325/61 232/326/61 137/327/60
f 137/327/60 232/326/61 234/328/60
f 137/327/60 234/328/60 136/329/59
f 136/329/59 234/328/60 236/330/59
f 136/329/59 236/330/59 135/331/58
f 135/331/58 236/330/59 238/332/58
f 135/331/58 238/332/58 134/259/57
f 134/259/57 238/332/58 240/260/57
f 169/226/5 170/298/5 205/228/73
f 205/228/73 170/298/5 206/296/73
f 205/228/73 206/296/73 203/230/74
f 203/230/74 206/296/73 204/294/74
f 203/230/74 204/294/74 201/232/75
f 201/232/75 204/294/74 202/292/75
f 201/232/75 202/292/75 199/234/76
f 199/234/76 202/292/75 200/290/76
f 199/234/76 200/290/76 197/236/77
f 197/236/77 200/290/76 198/288/77
f 197/236/77 198/288/77 195/238/78
f 195/238/78 198/288/77 196/286/78
f 195/238/78 196/286/78 193/240/79
f 193/240/79 196/286/78 194/284/79
f 193/240/79 194/284/79 191/242/80
f 191/242/80 194/284/79 192/282/80
f 191/242/80 192/282/80 189/244/81
f 189/244/81 192/282/80 190/280/81
f 189/244/81 190/280/81 187/246/82
f 187/246/82 190/280/81 188/278/82
f 187/246/82 188/278/82 185/248/83
f 185/248/83 188/278/82 186/276/83
f 185/248/83 186/276/83 183/250/84
f 183/250/84 186/276/83 184/274/84
f 183/250/84 184/274/84 181/252/85
f 181/252/85 184/274/84 182/272/85
f 181/252/85 182/272/85 179/254/86
f 179/254/86 182/272/85 180/270/86
f 179/254/86 180/270/86 177/256/87
f 177/256/87 180/270/86 178/268/87
f 177/256/87 178/268/87 175/258/88
f 175/258/88 178/268/87 176/266/88
f 175/258/88 176/266/88 171/186/55
f 171/186/55 176/266/88 172/264/55
f 171/186/55 172/264/55 174/188/56
f 174/188/56 172/264/55 173/262/56
f 174/188/56 173/262/56 239/190/57
f 239/190/57 173/262/56 240/260/57
f 239/190/57 240/260/57 237/192/58
f 237/192/58 240/260/57 238/332/58
f 237/192/58 238/332/58 235/194/59
f 235/194/59 238/332/58 236/330/59
f 235/194/59 236/330/59 233/196/60
f 233/196/60 236/330/59 234/328/60
f 233/196/60 234/328/60 231/198/61
f 231/198/61 234/328/60 232/326/61
f 231/198/61 232/326/61 229/200/62
f 229/200/62 232/326/61 230/324/62
f 229/200/62 230/324/62 227/202/63
f 227/202/63 230/324/62 228/322/63
f 227/202/63 228/322/63 225/204/64
f 225/204/64 228/322/63 226/320/64
f 225/204/64 226/320/64 223/206/25
f 223/206/25 226/320/64 224/318/25
f 223/206/25 224/318/25 221/208/65
f 221/208/65 224/318/25 222/316/65
f 221/208/65 222/316/65 219/210/66
f 219/210/66 222/316/65 220/314/66
f 219/210/66 220/314/66 217/212/67
f 217/212/67 220/314/66 218/312/67
f 217/212/67 218/312/67 215/214/68
f 215/214/68 218/312/67 216/310/68
f 215/214/68 216/310/68 213/216/69
f 213/216/69 216/310/68 214/308/69
f 213/216/69 214/308/69 211/218/70
f 211/218/70 214/308/69 212/306/70
f 211/218/70 212/306/70 209/220/71
f 209/220/71 212/306/70 210/304/71
f 209/220/71 210/304/71 207/222/72
f 207/222/72 210/304/71 208/302/72
f 207/222/72 208/302/72 169/224/5
f 169/224/5 208/302/72 170/300/5
f 85/333/90 132/334/90 86/335/90
f 86/335/90 132/334/90 87/336/90
f 87/336/90 132/334/90 131/337/90
f 87/336/90 131/337/90 130/338/90
f 87/336/90 130/338/90 88/339/90
f 88/339/90 130/338/90 129/340/90
f 88/339/90 129/340/90 89/341/90
f 89/341/90 129/340/90 128/342/90
f 89/341/90 128/342/90 127/343/90
f 89/341/90 127/343/90 90/344/90
f 90/344/90 127/343/90 126/345/90
f 90/344/90 126/345/90 91/346/90
f 91/346/90 126/345/90 125/347/90
f 91/346/90 125/347/90 124/348/90
f 91/346/90 124/348/90 92/349/91
f 92/349/91 124/348/90 123/350/90
f 92/349/91 123/350/90 93/351/90
f 93/351/90 123/350/90 122/352/90
f 93/351/90 122/352/90 121/353/90
f 93/351/90 121/353/90 94/354/90
f 94/354/90 121/353/90 120/355/90
f 94/354/90 120/355/90 95/356/90
f 95/356/90 120/355/90 119/357/90
f 95/356/90 119/357/90 118/358/90
f 95/356/90 118/358/90 96/359/90
f 96/359/90 118/358/90 117/360/90
f 96/359/90 117/360/90 97/361/90
f 97/361/90 117/360/90 116/362/90
f 97/361/90 116/362/90 115/363/90
f 97/361/90 115/363/90 98/364/90
f 98/364/90 115/363/90 114/365/90
f 98/364/90 114/365/90 99/366/90
f 99/366/90 114/365/90 113/367/90
f 99/366/90 113/367/90 112/368/90
f 99/366/90 112/368/90 100/369/90
f 100/369/90 112/368/90 111/370/90
f 100/369/90 111/370/90 101/371/90
f 101/371/90 111/370/90 110/372/90
f 101/371/90 110/372/90 109/373/90
f 101/371/90 109/373/90 102/374/90
f 102/374/90 109/373/90 108/375/90
f 102/374/90 108/375/90 103/376/90
f 103/376/90 108/375/90 107/377/90
f 103/376/90 107/377/90 106/378/90
f 105/379/90 104/380/90 106/378/90
f 106/378/90 104/380/90 103/376/90
f 242/333/90 243/334/90 241/335/90
f 241/335/90 243/334/90 288/336/90
f 288/336/90 243/334/90 244/337/90
f 288/336/90 244/337/90 245/338/90
f 246/340/90 157/381/92 245/338/90
f 245/338/90 157/381/92 287/339/90
f 245/338/90 287/339/90 288/336/90
f 246/340/90 247/342/90 157/381/92
f 157/381/92 247/342/90 158/382/92
f 158/382/92 247/342/90 248/343/90
f 158/382/92 248/343/90 249/345/90
f 158/382/92 249/345/90 159/383/90
f 159/383/90 249/345/90 250/347/90
f 159/383/90 250/347/90 160/384/90
f 160/384/90 250/347/90 251/348/90
f 160/384/90 251/348/90 161/385/90
f 161/385/90 251/348/90 252/350/90
f 161/385/90 252/350/90 162/386/90
f 162/386/90 252/350/90 253/352/90
f 162/386/90 253/352/90 254/353/90
f 162/386/90 254/353/90 163/387/90
f 163/387/90 254/353/90 255/355/90
f 163/387/90 255/355/90 164/388/90
f 164/388/90 255/355/90 256/357/90
f 164/388/90 256/357/90 165/389/90
f 165/389/90 256/357/90 257/358/90
f 165/389/90 257/358/90 166/390/90
f 166/390/90 257/358/90 258/360/90
f 166/390/90 258/360/90 167/391/90
f 167/391/90 258/360/90 259/362/90
f 167/391/90 259/362/90 260/363/90
f 167/391/90 260/363/90 168/392/90
f 168/392/90 260/363/90 261/365/90
f 168/392/90 261/365/90 133/393/90
f 133/393/90 261/365/90 262/367/90
f 133/393/90 262/367/90 134/394/90
f 134/394/90 262/367/90 263/368/90
f 134/394/90 263/368/90 135/395/90
f 135/395/90 263/368/90 264/370/90
f 135/395/90 264/370/90 265/372/90
f 135/395/90 265/372/90 136/396/90
f 136/396/90 265/372/90 266/373/90
f 136/396/90 266/373/90 267/375/90
f 268/377/90 272/376/90 267/375/90
f 267/375/90 272/376/90 273/374/90
f 267/375/90 273/374/90 136/396/90
f 136/396/90 273/374/90 137/397/93
f 137/397/93 273/374/90 274/371/90
f 137/397/93 274/371/90 138/398/94
f 138/398/94 274/371/90 275/369/90
f 138/398/94 275/369/90 139/399/90
f 139/399/90 275/369/90 276/366/90
f 139/399/90 276/366/90 140/400/90
f 140/400/90 276/366/90 141/401/90
f 141/401/90 276/366/90 277/364/90
f 141/401/90 277/364/90 142/402/90
f 142/402/90 277/364/90 278/361/90
f 142/402/90 278/361/90 143/403/90
f 143/403/90 278/361/90 144/404/90
f 144/404/90 278/361/90 279/359/90
f 144/404/90 279/359/90 145/405/90
f 145/405/90 279/359/90 146/406/90
f 146/406/90 279/359/90 280/356/90
f 146/406/90 280/356/90 147/407/90
f 147/407/90 280/356/90 281/354/90
f 147/407/90 281/354/90 148/408/90
f 148/408/90 281/354/90 149/409/90
f 149/409/90 281/354/90 282/351/90
f 149/409/90 282/351/90 150/410/90
f 150/410/90 282/351/90 151/411/90
f 151/411/90 282/351/90 283/349/90
f 151/411/90 283/349/90 152/412/90
f 152/412/90 283/349/90 284/346/90
f 152/412/90 284/346/90 153/413/90
f 153/413/90 284/346/90 154/414/90
f 154/414/90 284/346/90 285/344/90
f 154/414/90 285/344/90 155/415/90
f 155/415/90 285/344/90 286/341/90
f 155/415/90 286/341/90 156/416/90
f 156/416/90 286/341/90 287/339/90
f 156/416/90 287/339/90 157/381/92
f 268/377/90 269/378/90 272/376/90
f 272/376/90 269/378/90 271/380/90
f 271/380/90 269/378/90 270/379/90
f 289/85/5 290/86/5 241/87/5
f 241/87/5 290/86/5 242/88/5
f 242/127/26 290/128/26 243/129/27
f 243/129/27 290/128/26 291/130/27
f 243/129/27 291/130/27 292/131/28
f 243/129/27 292/131/28 244/132/28
f 244/132/28 292/131/28 293/133/29
f 244/132/28 293/133/29 245/134/29
f 245/134/29 293/133/29 294/135/30
f 245/134/29 294/135/30 246/136/30
f 246/136/30 294/135/30 295/137/31
f 246/136/30 295/137/31 247/138/31
f 247/138/31 295/137/31 296/139/32
f 247/138/31 296/139/32 248/140/32
f 248/140/32 296/139/32 297/141/33
f 248/140/32 297/141/33 249/142/33
f 249/142/33 297/141/33 298/143/34
f 249/142/33 298/143/34 250/144/34
f 250/144/34 298/143/34 299/145/35
f 250/144/34 299/145/35 251/146/35
f 251/146/35 299/145/35 300/147/36
f 251/146/35 300/147/36 252/148/36
f 252/148/36 300/147/36 301/149/37
f 252/148/36 301/149/37 253/150/37
f 253/150/37 301/149/37 302/151/38
f 253/150/37 302/151/38 254/152/38
f 254/152/38 302/151/38 303/153/39
f 254/152/38 303/153/39 255/154/39
f 255/154/39 303/153/39 304/155/40
f 255/154/39 304/155/40 256/156/40
f 256/156/40 304/155/40 305/157/41
f 256/156/40 305/157/41 257/158/41
f 257/158/41 305/157/41 306/159/42
f 257/158/41 306/159/42 258/160/42
f 258/160/42 306/159/42 307/161/43
f 258/160/42 307/161/43 259/162/43
f 259/162/43 307/161/43 308/163/44
f 259/162/43 308/163/44 260/164/44
f 260/164/44 308/163/44 309/165/45
f 260/164/44 309/165/45 261/166/45
f 261/166/45 309/165/45 310/167/46
f 261/166/45 310/167/46 262/168/46
f 262/168/46 310/167/46 311/169/47
f 262/168/46 311/169/47 263/170/47
f 263/170/47 311/169/47 312/171/48
f 263/170/47 312/171/48 264/172/48
f 264/172/48 312/171/48 313/173/49
f 264/172/48 313/173/49 265/174/49
f 265/174/49 313/173/49 314/175/50
f 265/174/49 314/175/50 266/176/50
f 266/176/50 314/175/50 315/177/51
f 266/176/50 315/177/51 267/178/51
f 267/178/51 315/177/51 316/179/52
f 267/178/51 316/179/52 268/180/52
f 268/180/52 316/179/52 317/181/53
f 268/180/52 317/181/53 269/182/53
f 269/182/53 317/181/53 270/183/54
f 270/183/54 317/181/53 318/184/54
f 318/85/25 319/86/25 270/87/25
f 270/87/25 319/86/25 271/88/25
f 271/89/6 319/90/6 272/91/7
f 272/91/7 319/90/6 320/92/7
f 272/91/7 320/92/7 321/93/8
f 272/91/7 321/93/8 273/94/8
f 273/94/8 321/93/8 322/95/9
f 273/94/8 322/95/9 274/96/9
f 274/96/9 322/95/9 323/97/10
f 274/96/9 323/97/10 275/98/10
f 275/98/10 323/97/10 324/99/11
f 275/98/10 324/99/11 276/100/11
f 276/100/11 324/99/11 325/101/12
f 276/100/11 325/101/12 277/102/12
f 277/102/12 325/101/12 326/103/13
f 277/102/12 326/103/13 278/104/13
f 278/104/13 326/103/13 327/105/14
f 278/104/13 327/105/14 279/106/14
f 279/106/14 327/105/14 328/107/15
f 279/106/14 328/107/15 280/108/15
f 280/108/15 328/107/15 329/109/16
f 280/108/15 329/109/16 281/110/16
f 281/110/16 329/109/16 330/111/17
f 281/110/16 330/111/17 282/112/17
f 282/112/17 330/111/17 331/113/18
f 282/112/17 331/113/18 283/114/18
f 283/114/18 331/113/18 332/115/19
f 283/114/18 332/115/19 284/116/19
f 284/116/19 332/115/19 333/117/20
f 284/116/19 333/117/20 285/118/20
f 285/118/20 333/117/20 334/119/21
f 285/118/20 334/119/21 286/120/21
f 286/120/21 334/119/21 335/121/22
f 286/120/21 335/121/22 287/122/22
f 287/122/22 335/121/22 336/123/23
f 287/122/22 336/123/23 288/124/23
f 288/124/23 336/123/23 241/125/24
f 241/125/24 336/123/23 289/126/24
f 290/1/1 289/2/1 291/3/1
f 291/3/1 289/2/1 336/4/1
f 291/3/1 336/4/1 292/5/1
f 292/5/1 336/4/1 293/6/1
f 293/6/1 336/4/1 335/7/1
f 293/6/1 335/7/1 361/8/1
f 361/8/1 335/7/1 360/9/2
f 360/9/2 335/7/1 334/10/1
f 360/9/2 334/10/1 359/11/1
f 359/11/1 334/10/1 333/12/1
f 359/11/1 333/12/1 358/13/1
f 358/13/1 333/12/1 332/14/1
f 358/13/1 332/14/1 357/15/1
f 357/15/1 332/14/1 356/16/1
f 356/16/1 332/14/1 331/17/1
f 356/16/1 331/17/1 355/18/1
f 355/18/1 331/17/1 330/19/1
f 355/18/1 330/19/1 354/20/1
f 354/20/1 330/19/1 353/21/1
f 353/21/1 330/19/1 329/22/1
f 353/21/1 329/22/1 352/23/1
f 352/23/1 329/22/1 351/24/1
f 351/24/1 329/22/1 328/25/1
f 351/24/1 328/25/1 350/26/1
f 350/26/1 328/25/1 327/27/1
f 350/26/1 327/27/1 349/28/1
f 349/28/1 327/27/1 348/29/4
f 348/29/4 327/27/1 326/30/1
f 348/29/4 326/30/1 347/31/4
f 347/31/4 326/30/1 346/32/4
f 346/32/4 326/30/1 325/33/1
f 346/32/4 325/33/1 345/34/3
f 345/34/3 325/33/1 324/35/2
f 345/34/3 324/35/2 344/36/4
f 344/36/4 324/35/2 343/37/1
f 343/37/1 324/35/2 323/38/1
f 343/37/1 323/38/1 342/39/1
f 342/39/1 323/38/1 322/40/4
f 342/39/1 322/40/4 341/41/1
f 341/41/1 322/40/4 321/42/1
f 341/41/1 321/42/1 340/43/1
f 340/43/1 321/42/1 315/44/1
f 340/43/1 315/44/1 314/45/1
f 321/42/1 320/46/1 315/44/1
f 315/44/1 320/46/1 316/47/1
f 316/47/1 320/46/1 317/48/1
f 317/48/1 320/46/1 319/49/1
f 317/48/1 319/49/1 318/50/1
f 314/45/1 313/51/1 340/43/1
f 340/43/1 313/51/1 339/52/1
f 339/52/1 313/51/1 312/53/1
f 339/52/1 312/53/1 311/54/1
f 339/52/1 311/54/1 338/55/1
f 338/55/1 311/54/1 310/56/1
f 338/55/1 310/56/1 337/57/1
f 337/57/1 310/56/1 309/58/1
f 337/57/1 309/58/1 372/59/1
f 372/59/1 309/58/1 308/60/1
f 372/59/1 308/60/1 371/61/1
f 371/61/1 308/60/1 307/62/1
f 371/61/1 307/62/1 306/63/1
f 371/61/1 306/63/1 370/64/1
f 370/64/1 306/63/1 305/65/1
f 370/64/1 305/65/1 369/66/1
f 369/66/1 305/65/1 304/67/1
f 369/66/1 304/67/1 368/68/1
f 368/68/1 304/67/1 303/69/1
f 368/68/1 303/69/1 367/70/4
f 367/70/4 303/69/1 302/71/1
f 367/70/4 302/71/1 366/72/2
f 366/72/2 302/71/1 301/73/1
f 366/72/2 301/73/1 300/74/1
f 366/72/2 300/74/1 365/75/2
f 365/75/2 300/74/1 299/76/1
f 365/75/2 299/76/1 364/77/2
f 364/77/2 299/76/1 298/78/1
f 364/77/2 298/78/1 363/79/2
f 363/79/2 298/78/1 297/80/1
f 363/79/2 297/80/1 362/81/1
f 362/81/1 297/80/1 296/82/1
f 362/81/1 296/82/1 295/83/1
f 362/81/1 295/83/1 361/8/1
f 361/8/1 295/83/1 294/84/1
f 361/8/1 294/84/1 293/6/1
f 374/417/57 411/418/57 373/419/56
f 373/419/56 411/418/57 414/420/56
f 373/419/56 414/420/56 408/421/55
f 408/421/55 414/420/56 479/422/55
f 408/421/55 479/422/55 407/423/88
f 407/423/88 479/422/55 477/424/88
f 407/423/88 477/424/88 406/425/87
f 406/425/87 477/424/88 475/426/87
f 406/425/87 475/426/87 405/427/86
f 405/427/86 475/426/87 473/428/86
f 405/427/86 473/428/86 404/429/85
f 404/429/85 473/428/86 471/430/85
f 404/429/85 471/430/85 403/431/84
f 403/431/84 471/430/85 469/432/84
f 403/431/84 469/432/84 402/433/83
f 402/433/83 469/432/84 467/434/83
f 402/433/83 467/434/83 401/435/89
f 401/435/89 467/434/83 465/436/82
f 401/435/89 465/436/82 400/437/81
f 400/437/81 465/436/82 463/438/81
f 400/437/81 463/438/81 399/439/80
f 399/439/80 463/438/81 461/440/80
f 399/439/80 461/440/80 398/441/79
f 398/441/79 461/440/80 459/442/79
f 398/441/79 459/442/79 397/443/78
f 397/443/78 459/442/79 457/444/78
f 397/443/78 457/444/78 396/445/77
f 396/445/77 457/444/78 455/446/77
f 396/445/77 455/446/77 395/447/76
f 395/447/76 455/446/77 453/448/76
f 395/447/76 453/448/76 394/449/75
f 394/449/75 453/448/76 451/450/75
f 394/449/75 451/450/75 393/451/74
f 393/451/74 451/450/75 449/452/74
f 393/451/74 449/452/74 392/453/73
f 392/453/73 449/452/74 447/454/73
f 392/453/73 447/454/73 391/455/5
f 391/455/5 447/454/73 409/456/5
f 391/457/5 409/458/5 390/459/72
f 390/459/72 409/458/5 445/460/72
f 390/459/72 445/460/72 389/461/71
f 389/461/71 445/460/72 443/462/71
f 389/461/71 443/462/71 388/463/70
f 388/463/70 443/462/71 441/464/70
f 388/463/70 441/464/70 387/465/69
f 387/465/69 441/464/70 439/466/69
f 387/465/69 439/466/69 386/467/68
f 386/467/68 439/466/69 437/468/68
f 386/467/68 437/468/68 385/469/67
f 385/469/67 437/468/68 435/470/67
f 385/469/67 435/470/67 384/471/66
f 384/471/66 435/470/67 433/472/66
f 384/471/66 433/472/66 383/473/65
f 383/473/65 433/472/66 431/474/65
f 383/473/65 431/474/65 382/475/25
f 382/475/25 431/474/65 429/476/25
f 382/475/25 429/476/25 381/477/64
f 381/477/64 429/476/25 427/478/64
f 381/477/64 427/478/64 380/479/63
f 380/479/63 427/478/64 425/480/63
f 380/479/63 425/480/63 379/481/62
f 379/481/62 425/480/63 423/482/62
f 379/481/62 423/482/62 378/483/61
f 378/483/61 423/482/62 421/484/61
f 378/483/61 421/484/61 377/485/60
f 377/485/60 421/484/61 419/486/60
f 377/485/60 419/486/60 376/487/59
f 376/487/59 419/486/60 417/488/59
f 376/487/59 417/488/59 375/489/58
f 375/489/58 417/488/59 415/490/58
f 375/489/58 415/490/58 374/417/57
f 374/417/57 415/490/58 411/418/57
f 372/491/55 480/492/55 337/493/56
f 337/493/56 480/492/55 413/494/56
f 337/493/56 413/494/56 338/495/57
f 338/495/57 413/494/56 412/496/57
f 338/495/57 412/496/57 339/497/58
f 339/497/58 412/496/57 416/498/58
f 339/497/58 416/498/58 340/499/59
f 340/499/59 416/498/58 418/500/59
f 340/499/59 418/500/59 341/501/60
f 341/501/60 418/500/59 420/502/60
f 341/501/60 420/502/60 342/503/61
f 342/503/61 420/502/60 422/504/61
f 342/503/61 422/504/61 343/505/62
f 343/505/62 422/504/61 424/506/62
f 343/505/62 424/506/62 344/507/63
f 344/507/63 424/506/62 426/508/63
f 344/507/63 426/508/63 345/509/64
f 345/509/64 426/508/63 428/510/64
f 345/509/64 428/510/64 346/511/25
f 346/511/25 428/510/64 430/512/25
f 346/511/25 430/512/25 347/513/65
f 347/513/65 430/512/25 432/514/65
f 347/513/65 432/514/65 348/515/66
f 348/515/66 432/514/65 434/516/66
f 348/515/66 434/516/66 349/517/67
f 349/517/67 434/516/66 436/518/67
f 349/517/67 436/518/67 350/519/68
f 350/519/68 436/518/67 438/520/68
f 350/519/68 438/520/68 351/521/69
f 351/521/69 438/520/68 440/522/69
f 351/521/69 440/522/69 352/523/70
f 352/523/70 440/522/69 442/524/70
f 352/523/70 442/524/70 353/525/71
f 353/525/71 442/524/70 444/526/71
f 353/525/71 444/526/71 354/527/72
f 354/527/72 444/526/71 446/528/72
f 354/527/72 446/528/72 355/529/5
f 355/529/5 446/528/72 410/530/5
f 355/531/5 410/532/5 356/533/73
f 356/533/73 410/532/5 448/534/73
f 356/533/73 448/534/73 357/535/74
f 357/535/74 448/534/73 450/536/74
f 357/535/74 450/536/74 358/537/75
f 358/537/75 450/536/74 452/538/75
f 358/537/75 452/538/75 359/539/76
f 359/539/76 452/538/75 454/540/76
f 359/539/76 454/540/76 360/541/77
f 360/541/77 454/540/76 456/542/77
f 360/541/77 456/542/77 361/543/78
f 361/543/78 456/542/77 458/544/78
f 361/543/78 458/544/78 362/545/79
f 362/545/79 458/544/78 460/546/79
f 362/545/79 460/546/79 363/547/95
f 363/547/95 460/546/79 462/548/80
f 363/547/95 462/548/80 364/549/81
f 364/549/81 462/548/80 464/550/81
f 364/549/81 464/550/81 365/551/82
f 365/551/82 464/550/81 466/552/82
f 365/551/82 466/552/82 366/553/83
f 366/553/83 466/552/82 468/554/83
f 366/553/83 468/554/83 367/555/84
f 367/555/84 468/554/83 470/556/84
f 367/555/84 470/556/84 368/557/85
f 368/557/85 470/556/84 472/558/85
f 368/557/85 472/558/85 369/559/86
f 369/559/86 472/558/85 474/560/86
f 369/559/86 474/560/86 370/561/87
f 370/561/87 474/560/86 476/562/87
f 370/561/87 476/562/87 371/563/88
f 371/563/88 476/562/87 478/564/88
f 371/563/88 478/564/88 372/491/55
f 372/491/55 478/564/88 480/492/55
f 409/458/5 410/530/5 445/460/72
f 445/460/72 410/530/5 446/528/72
f 445/460/72 446/528/72 443/462/71
f 443/462/71 446/528/72 444/526/71
f 443/462/71 444/526/71 441/464/70
f 441/464/70 444/526/71 442/524/70
f 441/464/70 442/524/70 439/466/69
f 439/466/69 442/524/70 440/522/69
f 439/466/69 440/522/69 437/468/68
f 437/468/68 440/522/69 438/520/68
f 437/468/68 438/520/68 435/470/67
f 435/470/67 438/520/68 436/518/67
f 435/470/67 436/518/67 433/472/66
f 433/472/66 436/518/67 434/516/66
f 433/472/66 434/516/66 431/474/65
f 431/474/65 434/516/66 432/514/65
f 431/474/65 432/514/65 429/476/25
f 429/476/25 432/514/65 430/512/25
f 429/476/25 430/512/25 427/478/64
f 427/478/64 430/512/25 428/510/64
f 427/478/64 428/510/64 425/480/63
f 425/480/63 428/510/64 426/508/63
f 425/480/63 426/508/63 423/482/62
f 423/482/62 426/508/63 424/506/62
f 423/482/62 424/506/62 421/484/61
f 421/484/61 424/506/62 422/504/61
f 421/484/61 422/504/61 419/486/60
f 419/486/60 422/504/61 420/502/60
f 419/486/60 420/502/60 417/488/59
f 417/488/59 420/502/60 418/500/59
f 417/488/59 418/500/59 415/490/58
f 415/490/58 418/500/59 416/498/58
f 415/490/58 416/498/58 411/418/57
f 411/418/57 416/498/58 412/496/57
f 411/418/57 412/496/57 414/420/56
f 414/420/56 412/496/57 413/494/56
f 414/420/56 413/494/56 479/422/55
f 479/422/55 413/494/56 480/492/55
f 479/422/55 480/492/55 477/424/88
f 477/424/88 480/492/55 478/564/88
f 477/424/88 478/564/88 475/426/87
f 475/426/87 478/564/88 476/562/87
f 475/426/87 476/562/87 473/428/86
f 473/428/86 476/562/87 474/560/86
f 473/428/86 474/560/86 471/430/85
f 471/430/85 474/560/86 472/558/85
f 471/430/85 472/558/85 469/432/84
f 469/432/84 472/558/85 470/556/84
f 469/432/84 470/556/84 467/434/83
f 467/434/83 470/556/84 468/554/83
f 467/434/83 468/554/83 465/436/82
f 465/436/82 468/554/83 466/552/82
f 465/436/82 466/552/82 463/438/81
f 463/438/81 466/552/82 464/550/81
f 463/438/81 464/550/81 461/440/80
f 461/440/80 464/550/81 462/548/80
f 461/440/80 462/548/80 459/442/79
f 459/442/79 462/548/80 460/546/79
f 459/442/79 460/546/79 457/444/78
f 457/444/78 460/546/79 458/544/78
f 457/444/78 458/544/78 455/446/77
f 455/446/77 458/544/78 456/542/77
f 455/446/77 456/542/77 453/448/76
f 453/448/76 456/542/77 454/540/76
f 453/448/76 454/540/76 451/450/75
f 451/450/75 454/540/76 452/538/75
f 451/450/75 452/538/75 449/452/74
f 449/452/74 452/538/75 450/536/74
f 449/452/74 450/536/74 447/454/73
f 447/454/73 450/536/74 448/534/73
f 447/454/73 448/534/73 409/456/5
f 409/456/5 448/534/73 410/532/5
f 482/333/90 483/334/90 481/335/90
f 481/335/90 483/334/90 528/336/90
f 528/336/90 483/334/90 484/337/90
f 528/336/90 484/337/90 485/338/90
f 486/340/90 397/381/92 485/338/90
f 485/338/90 397/381/92 527/339/90
f 485/338/90 527/339/90 528/336/90
f 486/340/90 487/342/90 397/381/92
f 397/381/92 487/342/90 398/382/94
f 398/382/94 487/342/90 488/343/90
f 398/382/94 488/343/90 489/345/90
f 398/382/94 489/345/90 399/383/92
f 399/383/92 489/345/90 490/347/90
f 399/383/92 490/347/90 400/384/92
f 400/384/92 490/347/90 491/348/90
f 400/384/92 491/348/90 401/385/92
f 401/385/92 491/348/90 492/350/90
f 401/385/92 492/350/90 402/386/90
f 402/386/90 492/350/90 493/352/90
f 402/386/90 493/352/90 494/353/90
f 402/386/90 494/353/90 403/387/90
f 403/387/90 494/353/90 495/355/90
f 403/387/90 495/355/90 404/388/90
f 404/388/90 495/355/90 496/357/90
f 404/388/90 496/357/90 405/389/90
f 405/389/90 496/357/90 497/358/90
f 405/389/90 497/358/90 406/390/90
f 406/390/90 497/358/90 498/360/90
f 406/390/90 498/360/90 407/391/90
f 407/391/90 498/360/90 499/362/90
f 407/391/90 499/362/90 500/363/90
f 407/391/90 500/363/90 408/392/90
f 408/392/90 500/363/90 501/365/90
f 408/392/90 501/365/90 373/393/90
f 373/393/90 501/365/90 502/367/90
f 373/393/90 502/367/90 374/394/90
f 374/394/90 502/367/90 503/368/90
f 374/394/90 503/368/90 375/395/90
f 375/395/90 503/368/90 504/370/90
f 375/395/90 504/370/90 505/372/90
f 375/395/90 505/372/90 376/396/92
f 376/396/92 505/372/90 506/373/90
f 376/396/92 506/373/90 507/375/90
f 508/377/90 512/376/90 507/375/90
f 507/375/90 512/376/90 513/374/90
f 507/375/90 513/374/90 376/396/92
f 376/396/92 513/374/90 377/397/96
f 377/397/96 513/374/90 514/371/90
f 377/397/96 514/371/90 378/398/90
f 378/398/90 514/371/90 515/369/90
f 378/398/90 515/369/90 379/399/90
f 379/399/90 515/369/90 516/366/90
f 379/399/90 516/366/90 380/400/90
f 380/400/90 516/366/90 381/401/90
f 381/401/90 516/366/90 517/364/90
f 381/401/90 517/364/90 382/402/90
f 382/402/90 517/364/90 518/361/90
f 382/402/90 518/361/90 383/403/90
f 383/403/90 518/361/90 384/404/90
f 384/404/90 518/361/90 519/359/90
f 384/404/90 519/359/90 385/405/90
f 385/405/90 519/359/90 386/406/90
f 386/406/90 519/359/90 520/356/90
f 386/406/90 520/356/90 387/407/90
f 387/407/90 520/356/90 521/354/90
f 387/407/90 521/354/90 388/408/90
f 388/408/90 521/354/90 389/409/90
f 389/409/90 521/354/90 522/351/90
f 389/409/90 522/351/90 390/410/90
f 390/410/90 522/351/90 391/411/90
f 391/411/90 522/351/90 523/349/90
f 391/411/90 523/349/90 392/412/91
f 392/412/91 523/349/90 524/346/90
f 392/412/91 524/346/90 393/413/90
f 393/413/90 524/346/90 394/414/90
f 394/414/90 524/346/90 525/344/90
f 394/414/90 525/344/90 395/415/90
f 395/415/90 525/344/90 526/341/90
f 395/415/90 526/341/90 396/416/90
f 396/416/90 526/341/90 527/339/90
f 396/416/90 527/339/90 397/381/92
f 508/377/90 509/378/90 512/376/90
f 512/376/90 509/378/90 511/380/90
f 511/380/90 509/378/90 510/379/90
f 529/85/5 530/86/5 481/87/5
f 481/87/5 530/86/5 482/88/5
f 482/127/26 530/128/26 483/129/27
f 483/129/27 530/128/26 531/130/27
f 483/129/27 531/130/27 532/131/28
f 483/129/27 532/131/28 484/132/28
f 484/132/28 532/131/28 533/133/29
f 484/132/28 533/133/29 485/134/29
f 485/134/29 533/133/29 534/135/30
f 485/134/29 534/135/30 486/136/30
f 486/136/30 534/135/30 535/137/31
f 486/136/30 535/137/31 487/138/31
f 487/138/31 535/137/31 536/139/32
f 487/138/31 536/139/32 488/140/32
f 488/140/32 536/139/32 537/141/33
f 488/140/32 537/141/33 489/142/33
f 489/142/33 537/141/33 538/143/34
f 489/142/33 538/143/34 490/144/34
f 490/144/34 538/143/34 539/145/35
f 490/144/34 539/145/35 491/146/35
f 491/146/35 539/145/35 540/147/36
f 491/146/35 540/147/36 492/148/36
f 492/148/36 540/147/36 541/149/37
f 492/148/36 541/149/37 493/150/37
f 493/150/37 541/149/37 542/151/38
f 493/150/37 542/151/38 494/152/38
f 494/152/38 542/151/38 543/153/39
f 494/152/38 543/153/39 495/154/39
f 495/154/39 543/153/39 544/155/40
f 495/154/39 544/155/40 496/156/40
f 496/156/40 544/155/40 545/157/41
f 496/156/40 545/157/41 497/158/41
f 497/158/41 545/157/41 546/159/42
f 497/158/41 546/159/42 498/160/42
f 498/160/42 546/159/42 547/161/43
f 498/160/42 547/161/43 499/162/43
f 499/162/43 547/161/43 548/163/44
f 499/162/43 548/163/44 500/164/44
f 500/164/44 548/163/44 549/165/45
f 500/164/44 549/165/45 501/166/45
f 501/166/45 549/165/45 550/167/46
f 501/166/45 550/167/46 502/168/46
f 502/168/46 550/167/46 551/169/47
f 502/168/46 551/169/47 503/170/47
f 503/170/47 551/169/47 552/171/48
f 503/170/47 552/171/48 504/172/48
f 504/172/48 552/171/48 553/173/49
f 504/172/48 553/173/49 505/174/49
f 505/174/49 553/173/49 554/175/50
f 505/174/49 554/175/50 506/176/50
f 506/176/50 554/175/50 555/177/51
f 506/176/50 555/177/51 507/178/51
f 507/178/51 555/177/51 556/179/52
f 507/178/51 556/179/52 508/180/52
f 508/180/52 556/179/52 557/181/53
f 508/180/52 557/181/53 509/182/53
f 509/182/53 557/181/53 510/183/54
f 510/183/54 557/181/53 558/184/54
f 558/85/25 559/86/25 510/87/25
f 510/87/25 559/86/25 511/88/25
f 511/89/6 559/90/6 512/91/7
f 512/91/7 559/90/6 560/92/7
f 512/91/7 560/92/7 561/93/8
f 512/91/7 561/93/8 513/94/8
f 513/94/8 561/93/8 562/95/9
f 513/94/8 562/95/9 514/96/9
f 514/96/9 562/95/9 563/97/10
f 514/96/9 563/97/10 515/98/10
f 515/98/10 563/97/10 564/99/11
f 515/98/10 564/99/11 516/100/11
f 516/100/11 564/99/11 565/101/12
f 516/100/11 565/101/12 517/102/12
f 517/102/12 565/101/12 566/103/13
f 517/102/12 566/103/13 518/104/13
f 518/104/13 566/103/13 567/105/14
f 518/104/13 567/105/14 519/106/14
f 519/106/14 567/105/14 568/107/15
f 519/106/14 568/107/15 520/108/15
f 520/108/15 568/107/15 569/109/16
f 520/108/15 569/109/16 521/110/16
f 521/110/16 569/109/16 570/111/17
f 521/110/16 570/111/17 522/112/17
f 522/112/17 570/111/17 571/113/18
f 522/112/17 571/113/18 523/114/18
f 523/114/18 571/113/18 572/115/19
f 523/114/18 572/115/19 524/116/19
f 524/116/19 572/115/19 573/117/20
f 524/116/19 573/117/20 525/118/20
f 525/118/20 573/117/20 574/119/21
f 525/118/20 574/119/21 526/120/21
f 526/120/21 574/119/21 575/121/22
f 526/120/21 575/121/22 527/122/22
f 527/122/22 575/121/22 576/123/23
f 527/122/22 576/123/23 528/124/23
f 528/124/23 576/123/23 481/125/24
f 481/125/24 576/123/23 529/126/24
f 530/1/1 529/2/1 531/3/1
f 531/3/1 529/2/1 576/4/1
f 531/3/1 576/4/1 532/5/1
f 532/5/1 576/4/1 533/6/1
f 533/6/1 576/4/1 575/7/1
f 533/6/1 575/7/1 601/8/2
f 601/8/2 575/7/1 600/9/1
f 600/9/1 575/7/1 574/10/1
f 600/9/1 574/10/1 599/11/1
f 599/11/1 574/10/1 573/12/1
f 599/11/1 573/12/1 598/13/1
f 598/13/1 573/12/1 572/14/1
f 598/13/1 572/14/1 597/15/2
f 597/15/2 572/14/1 596/16/1
f 596/16/1 572/14/1 571/17/1
f 596/16/1 571/17/1 595/18/1
f 595/18/1 571/17/1 570/19/1
f 595/18/1 570/19/1 594/20/1
f 594/20/1 570/19/1 593/21/1
f 593/21/1 570/19/1 569/22/1
f 593/21/1 569/22/1 592/23/1
f 592/23/1 569/22/1 591/24/1
f 591/24/1 569/22/1 568/25/1
f 591/24/1 568/25/1 590/26/1
f 590/26/1 568/25/1 567/27/1
f 590/26/1 567/27/1 589/28/1
f 589/28/1 567/27/1 588/29/4
f 588/29/4 567/27/1 566/30/1
f 588/29/4 566/30/1 587/31/1
f 587/31/1 566/30/1 586/32/1
f 586/32/1 566/30/1 565/33/1
f 586/32/1 565/33/1 585/34/1
f 585/34/1 565/33/1 564/35/1
f 585/34/1 564/35/1 584/36/1
f 584/36/1 564/35/1 583/37/1
f 583/37/1 564/35/1 563/38/1
f 583/37/1 563/38/1 582/39/1
f 582/39/1 563/38/1 562/40/1
f 582/39/1 562/40/1 581/41/1
f 581/41/1 562/40/1 561/42/1
f 581/41/1 561/42/1 580/43/1
f 580/43/1 561/42/1 555/44/1
f 580/43/1 555/44/1 554/45/1
f 561/42/1 560/46/1 555/44/1
f 555/44/1 560/46/1 556/47/1
f 556/47/1 560/46/1 557/48/1
f 557/48/1 560/46/1 559/49/1
f 557/48/1 559/49/1 558/50/1
f 554/45/1 553/51/1 580/43/1
f 580/43/1 553/51/1 579/52/1
f 579/52/1 553/51/1 552/53/1
f 579/52/1 552/53/1 551/54/1
f 579/52/1 551/54/1 578/55/1
f 578/55/1 551/54/1 550/56/1
f 578/55/1 550/56/1 577/57/1
f 577/57/1 550/56/1 549/58/1
f 577/57/1 549/58/1 612/59/1
f 612/59/1 549/58/1 548/60/1
f 612/59/1 548/60/1 611/61/1
f 611/61/1 548/60/1 547/62/1
f 611/61/1 547/62/1 546/63/1
f 611/61/1 546/63/1 610/64/1
f 610/64/1 546/63/1 545/65/1
f 610/64/1 545/65/1 609/66/1
f 609/66/1 545/65/1 544/67/1
f 609/66/1 544/67/1 608/68/1
f 608/68/1 544/67/1 543/69/1
f 608/68/1 543/69/1 607/70/1
f 607/70/1 543/69/1 542/71/1
f 607/70/1 542/71/1 606/72/1
f 606/72/1 542/71/1 541/73/1
f 606/72/1 541/73/1 540/74/1
f 606/72/1 540/74/1 605/75/2
f 605/75/2 540/74/1 539/76/1
f 605/75/2 539/76/1 604/77/1
f 604/77/1 539/76/1 538/78/1
f 604/77/1 538/78/1 603/79/1
f 603/79/1 538/78/1 537/80/1
f 603/79/1 537/80/1 602/81/97
f 602/81/97 537/80/1 536/82/1
f 602/81/97 536/82/1 535/83/1
f 602/81/97 535/83/1 601/8/2
f 601/8/2 535/83/1 534/84/1
f 601/8/2 534/84/1 533/6/1
f 614/565/57 651/566/57 613/567/56
f 613/567/56 651/566/57 654/568/56
f 613/567/56 654/568/56 648/569/55
f 648/569/55 654/568/56 719/570/55
f 648/569/55 719/570/55 647/571/88
f 647/571/88 719/570/55 717/572/88
f 647/571/88 717/572/88 646/573/87
f 646/573/87 717/572/88 715/574/87
f 646/573/87 715/574/87 645/575/86
f 645/575/86 715/574/87 713/576/86
f 645/575/86 713/576/86 644/577/85
f 644/577/85 713/576/86 711/578/85
f 644/577/85 711/578/85 643/579/84
f 643/579/84 711/578/85 709/580/84
f 643/579/84 709/580/84 642/581/83
f 642/581/83 709/580/84 707/582/83
f 642/581/83 707/582/83 641/583/89
f 641/583/89 707/582/83 705/584/82
f 641/583/89 705/584/82 640/585/81
f 640/585/81 705/584/82 703/586/81
f 640/585/81 703/586/81 639/587/80
f 639/587/80 703/586/81 701/588/80
f 639/587/80 701/588/80 638/589/79
f 638/589/79 701/588/80 699/590/79
f 638/589/79 699/590/79 637/591/78
f 637/591/78 699/590/79 697/592/78
f 637/591/78 697/592/78 636/593/77
f 636/593/77 697/592/78 695/594/77
f 636/593/77 695/594/77 635/595/76
f 635/595/76 695/594/77 693/596/76
f 635/595/76 693/596/76 634/597/75
f 634/597/75 693/596/76 691/598/75
f 634/597/75 691/598/75 633/599/74
f 633/599/74 691/598/75 689/600/74
f 633/599/74 689/600/74 632/601/73
f 632/601/73 689/600/74 687/602/73
f 632/601/73 687/602/73 631/603/5
f 631/603/5 687/602/73 649/604/5
f 631/605/5 649/606/5 630/607/72
f 630/607/72 649/606/5 685/608/72
f 630/607/72 685/608/72 629/609/71
f 629/609/71 685/608/72 683/610/71
f 629/609/71 683/610/71 628/611/70
f 628/611/70 683/610/71 681/612/70
f 628/611/70 681/612/70 627/613/69
f 627/613/69 681/612/70 679/614/69
f 627/613/69 679/614/69 626/615/68
f 626/615/68 679/614/69 677/616/68
f 626/615/68 677/616/68 625/617/67
f 625/617/67 677/616/68 675/618/67
f 625/617/67 675/618/67 624/619/66
f 624/619/66 675/618/67 673/620/66
f 624/619/66 673/620/66 623/621/65
f 623/621/65 673/620/66 671/622/65
f 623/621/65 671/622/65 622/623/25
f 622/623/25 671/622/65 669/624/25
f 622/623/25 669/624/25 621/625/64
f 621/625/64 669/624/25 667/626/64
f 621/625/64 667/626/64 620/627/63
f 620/627/63 667/626/64 665/628/63
f 620/627/63 665/628/63 619/629/62
f 619/629/62 665/628/63 663/630/62
f 619/629/62 663/630/62 618/631/61
f 618/631/61 663/630/62 661/632/61
f 618/631/61 661/632/61 617/633/60
f 617/633/60 661/632/61 659/634/60
f 617/633/60 659/634/60 616/635/59
f 616/635/59 659/634/60 657/636/59
f 616/635/59 657/636/59 615/637/58
f 615/637/58 657/636/59 655/638/58
f 615/637/58 655/638/58 614/565/57
f 614/565/57 655/638/58 651/566/57
f 612/639/55 720/640/55 577/641/56
f 577/641/56 720/640/55 653/642/56
f 577/641/56 653/642/56 578/643/57
f 578/643/57 653/642/56 652/644/57
f 578/643/57 652/644/57 579/645/58
f 579/645/58 652/644/57 656/646/58
f 579/645/58 656/646/58 580/647/59
f 580/647/59 656/646/58 658/648/59
f 580/647/59 658/648/59 581/649/60
f 581/649/60 658/648/59 660/650/60
f 581/649/60 660/650/60 582/651/61
f 582/651/61 660/650/60 662/652/61
f 582/651/61 662/652/61 583/653/62
f 583/653/62 662/652/61 664/654/62
f 583/653/62 664/654/62 584/655/63
f 584/655/63 664/654/62 666/656/63
f 584/655/63 666/656/63 585/657/64
f 585/657/64 666/656/63 668/658/64
f 585/657/64 668/658/64 586/659/25
f 586/659/25 668/658/64 670/660/25
f 586/659/25 670/660/25 587/661/65
f 587/661/65 670/660/25 672/662/65
f 587/661/65 672/662/65 588/663/66
f 588/663/66 672/662/65 674/664/66
f 588/663/66 674/664/66 589/665/67
f 589/665/67 674/664/66 676/666/67
f 589/665/67 676/666/67 590/667/68
f 590/667/68 676/666/67 678/668/68
f 590/667/68 678/668/68 591/669/69
f 591/669/69 678/668/68 680/670/69
f 591/669/69 680/670/69 592/671/70
f 592/671/70 680/670/69 682/672/70
f 592/671/70 682/672/70 593/673/71
f 593/673/71 682/672/70 684/674/71
f 593/673/71 684/674/71 594/675/72
f 594/675/72 684/674/71 686/676/72
f 594/675/72 686/676/72 595/677/5
f 595/677/5 686/676/72 650/678/5
f 595/679/5 650/680/5 596/681/73
f 596/681/73 650/680/5 688/682/73
f 596/681/73 688/682/73 597/683/74
f 597/683/74 688/682/73 690/684/74
f 597/683/74 690/684/74 598/685/75
f 598/685/75 690/684/74 692/686/75
f 598/685/75 692/686/75 599/687/76
f 599/687/76 692/686/75 694/688/76
f 599/687/76 694/688/76 600/689/77
f 600/689/77 694/688/76 696/690/77
f 600/689/77 696/690/77 601/691/78
f 601/691/78 696/690/77 698/692/78
f 601/691/78 698/692/78 602/693/79
f 602/693/79 698/692/78 700/694/79
f 602/693/79 700/694/79 603/695/95
f 603/695/95 700/694/79 702/696/80
f 603/695/95 702/696/80 604/697/81
f 604/697/81 702/696/80 704/698/81
f 604/697/81 704/698/81 605/699/82
f 605/699/82 704/698/81 706/700/82
f 605/699/82 706/700/82 606/701/83
f 606/701/83 706/700/82 708/702/83
f 606/701/83 708/702/83 607/703/84
f 607/703/84 708/702/83 710/704/84
f 607/703/84 710/704/84 608/705/85
f 608/705/85 710/704/84 712/706/85
f 608/705/85 712/706/85 609/707/86
f 609/707/86 712/706/85 714/708/86
f 609/707/86 714/708/86 610/709/87
f 610/709/87 714/708/86 716/710/87
f 610/709/87 716/710/87 611/711/88
f 611/711/88 716/710/87 718/712/88
f 611/711/88 718/712/88 612/639/55
f 612/639/55 718/712/88 720/640/55
f 649/606/5 650/678/5 685/608/72
f 685/608/72 650/678/5 686/676/72
f 685/608/72 686/676/72 683/610/71
f 683/610/71 686/676/72 684/674/71
f 683/610/71 684/674/71 681/612/70
f 681/612/70 684/674/71 682/672/70
f 681/612/70 682/672/70 679/614/69
f 679/614/69 682/672/70 680/670/69
f 679/614/69 680/670/69 677/616/68
f 677/616/68 680/670/69 678/668/68
f 677/616/68 678/668/68 675/618/67
f 675/618/67 678/668/68 676/666/67
f 675/618/67 676/666/67 673/620/66
f 673/620/66 676/666/67 674/664/66
f 673/620/66 674/664/66 671/622/65
f 671/622/65 674/664/66 672/662/65
f 671/622/65 672/662/65 669/624/25
f 669/624/25 672/662/65 670/660/25
f 669/624/25 670/660/25 667/626/64
f 667/626/64 670/660/25 668/658/64
f 667/626/64 668/658/64 665/628/63
f 665/628/63 668/658/64 666/656/63
f 665/628/63 666/656/63 663/630/62
f 663/630/62 666/656/63 664/654/62
f 663/630/62 664/654/62 661/632/61
f 661/632/61 664/654/62 662/652/61
f 661/632/61 662/652/61 659/634/60
f 659/634/60 662/652/61 660/650/60
f 659/634/60 660/650/60 657/636/59
f 657/636/59 660/650/60 658/648/59
f 657/636/59 658/648/59 655/638/58
f 655/638/58 658/648/59 656/646/58
f 655/638/58 656/646/58 651/566/57
f 651/566/57 656/646/58 652/644/57
f 651/566/57 652/644/57 654/568/56
f 654/568/56 652/644/57 653/642/56
f 654/568/56 653/642/56 719/570/55
f 719/570/55 653/642/56 720/640/55
f 719/570/55 720/640/55 717/572/88
f 717/572/88 720/640/55 718/712/88
f 717/572/88 718/712/88 715/574/87
f 715/574/87 718/712/88 716/710/87
f 715/574/87 716/710/87 713/576/86
f 713/576/86 716/710/87 714/708/86
f 713/576/86 714/708/86 711/578/85
f 711/578/85 714/708/86 712/706/85
f 711/578/85 712/706/85 709/580/84
f 709/580/84 712/706/85 710/704/84
f 709/580/84 710/704/84 707/582/83
f 707/582/83 710/704/84 708/702/83
f 707/582/83 708/702/83 705/584/82
f 705/584/82 708/702/83 706/700/82
f 705/584/82 706/700/82 703/586/81
f 703/586/81 706/700/82 704/698/81
f 703/586/81 704/698/81 701/588/80
f 701/588/80 704/698/81 702/696/80
f 701/588/80 702/696/80 699/590/79
f 699/590/79 702/696/80 700/694/79
f 699/590/79 700/694/79 697/592/78
f 697/592/78 700/694/79 698/692/78
f 697/592/78 698/692/78 695/594/77
f 695/594/77 698/692/78 696/690/77
f 695/594/77 696/690/77 693/596/76
f 693/596/76 696/690/77 694/688/76
f 693/596/76 694/688/76 691/598/75
f 691/598/75 694/688/76 692/686/75
f 691/598/75 692/686/75 689/600/74
f 689/600/74 692/686/75 690/684/74
f 689/600/74 690/684/74 687/602/73
f 687/602/73 690/684/74 688/682/73
f 687/602/73 688/682/73 649/604/5
f 649/604/5 688/682/73 650/680/5
f 722/333/90 723/334/90 721/335/90
f 721/335/90 723/334/90 768/336/90
f 768/336/90 723/334/90 724/337/90
f 768/336/90 724/337/90 725/338/90
f 726/340/90 637/381/92 725/338/90
f 725/338/90 637/381/92 767/339/90
f 725/338/90 767/339/90 768/336/90
f 726/340/90 727/342/90 637/381/92
f 637/381/92 727/342/90 638/382/94
f 638/382/94 727/342/90 728/343/90
f 638/382/94 728/343/90 729/345/90
f 638/382/94 729/345/90 639/383/92
f 639/383/92 729/345/90 730/347/90
f 639/383/92 730/347/90 640/384/90
f 640/384/90 730/347/90 731/348/90
f 640/384/90 731/348/90 641/385/91
f 641/385/91 731/348/90 732/350/90
f 641/385/91 732/350/90 642/386/91
f 642/386/91 732/350/90 733/352/90
f 642/386/91 733/352/90 734/353/90
f 642/386/91 734/353/90 643/387/91
f 643/387/91 734/353/90 735/355/90
f 643/387/91 735/355/90 644/388/90
f 644/388/90 735/355/90 736/357/90
f 644/388/90 736/357/90 645/389/90
f 645/389/90 736/357/90 737/358/90
f 645/389/90 737/358/90 646/390/90
f 646/390/90 737/358/90 738/360/90
f 646/390/90 738/360/90 647/391/90
f 647/391/90 738/360/90 739/362/90
f 647/391/90 739/362/90 740/363/90
f 647/391/90 740/363/90 648/392/90
f 648/392/90 740/363/90 741/365/90
f 648/392/90 741/365/90 613/393/90
f 613/393/90 741/365/90 742/367/90
f 613/393/90 742/367/90 614/394/90
f 614/394/90 742/367/90 743/368/90
f 614/394/90 743/368/90 615/395/90
f 615/395/90 743/368/90 744/370/90
f 615/395/90 744/370/90 745/372/90
f 615/395/90 745/372/90 616/396/90
f 616/396/90 745/372/90 746/373/90
f 616/396/90 746/373/90 747/375/90
f 748/377/90 752/376/90 747/375/90
f 747/375/90 752/376/90 753/374/90
f 747/375/90 753/374/90 616/396/90
f 616/396/90 753/374/90 617/397/90
f 617/397/90 753/374/90 754/371/91
f 617/397/90 754/371/91 618/398/94
f 618/398/94 754/371/91 755/369/90
f 618/398/94 755/369/90 619/399/90
f 619/399/90 755/369/90 756/366/90
f 619/399/90 756/366/90 620/400/90
f 620/400/90 756/366/90 621/401/90
f 621/401/90 756/366/90 757/364/90
f 621/401/90 757/364/90 622/402/90
f 622/402/90 757/364/90 758/361/90
f 622/402/90 758/361/90 623/403/90
f 623/403/90 758/361/90 624/404/90
f 624/404/90 758/361/90 759/359/90
f 624/404/90 759/359/90 625/405/90
f 625/405/90 759/359/90 626/406/90
f 626/406/90 759/359/90 760/356/90
f 626/406/90 760/356/90 627/407/90
f 627/407/90 760/356/90 761/354/90
f 627/407/90 761/354/90 628/408/90
f 628/408/90 761/354/90 629/409/90
f 629/409/90 761/354/90 762/351/90
f 629/409/90 762/351/90 630/410/90
f 630/410/90 762/351/90 631/411/90
f 631/411/90 762/351/90 763/349/90
f 631/411/90 763/349/90 632/412/90
f 632/412/90 763/349/90 764/346/90
f 632/412/90 764/346/90 633/413/92
f 633/413/92 764/346/90 634/414/91
f 634/414/91 764/346/90 765/344/90
f 634/414/91 765/344/90 635/415/90
f 635/415/90 765/344/90 766/341/90
f 635/415/90 766/341/90 636/416/90
f 636/416/90 766/341/90 767/339/90
f 636/416/90 767/339/90 637/381/92
f 748/377/90 749/378/90 752/376/90
f 752/376/90 749/378/90 751/380/90
f 751/380/90 749/378/90 750/379/90
f 769/85/5 770/86/5 721/87/5
f 721/87/5 770/86/5 722/88/5
f 722/127/26 770/128/26 723/129/27
f 723/129/27 770/128/26 771/130/27
f 723/129/27 771/130/27 772/131/28
f 723/129/27 772/131/28 724/132/28
f 724/132/28 772/131/28 773/133/29
f 724/132/28 773/133/29 725/134/29
f 725/134/29 773/133/29 774/135/30
f 725/134/29 774/135/30 726/136/30
f 726/136/30 774/135/30 775/137/31
f 726/136/30 775/137/31 727/138/31
f 727/138/31 775/137/31 776/139/32
f 727/138/31 776/139/32 728/140/32
f 728/140/32 776/139/32 777/141/33
f 728/140/32 777/141/33 729/142/33
f 729/142/33 777/141/33 778/143/34
f 729/142/33 778/143/34 730/144/34
f 730/144/34 778/143/34 779/145/35
f 730/144/34 779/145/35 731/146/35
f 731/146/35 779/145/35 780/147/36
f 731/146/35 780/147/36 732/148/36
f 732/148/36 780/147/36 781/149/37
f 732/148/36 781/149/37 733/150/37
f 733/150/37 781/149/37 782/151/38
f 733/150/37 782/151/38 734/152/38
f 734/152/38 782/151/38 783/153/39
f 734/152/38 783/153/39 735/154/39
f 735/154/39 783/153/39 784/155/40
f 735/154/39 784/155/40 736/156/40
f 736/156/40 784/155/40 785/157/41
f 736/156/40 785/157/41 737/158/41
f 737/158/41 785/157/41 786/159/42
f 737/158/41 786/159/42 738/160/42
f 738/160/42 786/159/42 787/161/43
f 738/160/42 787/161/43 739/162/43
f 739/162/43 787/161/43 788/163/44
f 739/162/43 788/163/44 740/164/44
f 740/164/44 788/163/44 789/165/45
f 740/164/44 789/165/45 741/166/45
f 741/166/45 789/165/45 790/167/46
f 741/166/45 790/167/46 742/168/46
f 742/168/46 790/167/46 791/169/47
f 742/168/46 791/169/47 743/170/47
f 743/170/47 791/169/47 792/171/48
f 743/170/47 792/171/48 744/172/48
f 744/172/48 792/171/48 793/173/49
f 744/172/48 793/173/49 745/174/49
f 745/174/49 793/173/49 794/175/50
f 745/174/49 794/175/50 746/176/50
f 746/176/50 794/175/50 795/177/51
f 746/176/50 795/177/51 747/178/51
f 747/178/51 795/177/51 796/179/52
f 747/178/51 796/179/52 748/180/52
f 748/180/52 796/179/52 797/181/53
f 748/180/52 797/181/53 749/182/53
f 749/182/53 797/181/53 750/183/54
f 750/183/54 797/181/53 798/184/54
f 798/85/25 799/86/25 750/87/25
f 750/87/25 799/86/25 751/88/25
f 751/89/6 799/90/6 752/91/7
f 752/91/7 799/90/6 800/92/7
f 752/91/7 800/92/7 801/93/8
f 752/91/7 801/93/8 753/94/8
f 753/94/8 801/93/8 802/95/9
f 753/94/8 802/95/9 754/96/9
f 754/96/9 802/95/9 803/97/10
f 754/96/9 803/97/10 755/98/10
f 755/98/10 803/97/10 804/99/11
f 755/98/10 804/99/11 756/100/11
f 756/100/11 804/99/11 805/101/12
f 756/100/11 805/101/12 757/102/12
f 757/102/12 805/101/12 806/103/13
f 757/102/12 806/103/13 758/104/13
f 758/104/13 806/103/13 807/105/14
f 758/104/13 807/105/14 759/106/14
f 759/106/14 807/105/14 808/107/15
f 759/106/14 808/107/15 760/108/15
f 760/108/15 808/107/15 809/109/16
f 760/108/15 809/109/16 761/110/16
f 761/110/16 809/109/16 810/111/17
f 761/110/16 810/111/17 762/112/17
f 762/112/17 810/111/17 811/113/18
f 762/112/17 811/113/18 763/114/18
f 763/114/18 811/113/18 812/115/19
f 763/114/18 812/115/19 764/116/19
f 764/116/19 812/115/19 813/117/20
f 764/116/19 813/117/20 765/118/20
f 765/118/20 813/117/20 814/119/21
f 765/118/20 814/119/21 766/120/21
f 766/120/21 814/119/21 815/121/22
f 766/120/21 815/121/22 767/122/22
f 767/122/22 815/121/22 816/123/23
f 767/122/22 816/123/23 768/124/23
f 768/124/23 816/123/23 721/125/24
f 721/125/24 816/123/23 769/126/24
f 770/1/1 769/2/1 771/3/1
f 771/3/1 769/2/1 816/4/1
f 771/3/1 816/4/1 772/5/1
f 772/5/1 816/4/1 773/6/1
f 773/6/1 816/4/1 815/7/1
f 773/6/1 815/7/1 841/8/1
f 841/8/1 815/7/1 840/9/1
f 840/9/1 815/7/1 814/10/1
f 840/9/1 814/10/1 839/11/4
f 839/11/4 814/10/1 813/12/1
f 839/11/4 813/12/1 838/13/1
f 838/13/1 813/12/1 812/14/1
f 838/13/1 812/14/1 837/15/2
f 837/15/2 812/14/1 836/16/1
f 836/16/1 812/14/1 811/17/1
f 836/16/1 811/17/1 835/18/1
f 835/18/1 811/17/1 810/19/1
f 835/18/1 810/19/1 834/20/1
f 834/20/1 810/19/1 833/21/1
f 833/21/1 810/19/1 809/22/1
f 833/21/1 809/22/1 832/23/1
f 832/23/1 809/22/1 831/24/2
f 831/24/2 809/22/1 808/25/1
f 831/24/2 808/25/1 830/26/1
f 830/26/1 808/25/1 807/27/1
f 830/26/1 807/27/1 829/28/4
f 829/28/4 807/27/1 828/29/1
f 828/29/1 807/27/1 806/30/1
f 828/29/1 806/30/1 827/31/1
f 827/31/1 806/30/1 826/32/1
f 826/32/1 806/30/1 805/33/1
f 826/32/1 805/33/1 825/34/4
f 825/34/4 805/33/1 804/35/1
f 825/34/4 804/35/1 824/36/4
f 824/36/4 804/35/1 823/37/1
f 823/37/1 804/35/1 803/38/1
f 823/37/1 803/38/1 822/39/1
f 822/39/1 803/38/1 802/40/1
f 822/39/1 802/40/1 821/41/98
f 821/41/98 802/40/1 801/42/1
f 821/41/98 801/42/1 820/43/4
f 820/43/4 801/42/1 795/44/1
f 820/43/4 795/44/1 794/45/1
f 801/42/1 800/46/1 795/44/1
f 795/44/1 800/46/1 796/47/1
f 796/47/1 800/46/1 797/48/1
f 797/48/1 800/46/1 799/49/1
f 797/48/1 799/49/1 798/50/1
f 794/45/1 793/51/1 820/43/4
f 820/43/4 793/51/1 819/52/1
f 819/52/1 793/51/1 792/53/1
f 819/52/1 792/53/1 791/54/1
f 819/52/1 791/54/1 818/55/1
f 818/55/1 791/54/1 790/56/1
f 818/55/1 790/56/1 817/57/1
f 817/57/1 790/56/1 789/58/1
f 817/57/1 789/58/1 852/59/1
f 852/59/1 789/58/1 788/60/1
f 852/59/1 788/60/1 851/61/1
f 851/61/1 788/60/1 787/62/1
f 851/61/1 787/62/1 786/63/1
f 851/61/1 786/63/1 850/64/1
f 850/64/1 786/63/1 785/65/1
f 850/64/1 785/65/1 849/66/1
f 849/66/1 785/65/1 784/67/1
f 849/66/1 784/67/1 848/68/1
f 848/68/1 784/67/1 783/69/1
f 848/68/1 783/69/1 847/70/2
f 847/70/2 783/69/1 782/71/1
f 847/70/2 782/71/1 846/72/2
f 846/72/2 782/71/1 781/73/1
f 846/72/2 781/73/1 780/74/1
f 846/72/2 780/74/1 845/75/1
f 845/75/1 780/74/1 779/76/1
f 845/75/1 779/76/1 844/77/1
f 844/77/1 779/76/1 778/78/1
f 844/77/1 778/78/1 843/79/2
f 843/79/2 778/78/1 777/80/1
f 843/79/2 777/80/1 842/81/2
f 842/81/2 777/80/1 776/82/1
f 842/81/2 776/82/1 775/83/1
f 842/81/2 775/83/1 841/8/1
f 841/8/1 775/83/1 774/84/1
f 841/8/1 774/84/1 773/6/1
f 854/713/57 891/714/57 853/715/56
f 853/715/56 891/714/57 894/716/56
f 853/715/56 894/716/56 888/717/55
f 888/717/55 894/716/56 959/718/55
f 888/717/55 959/718/55 887/719/88
f 887/719/88 959/718/55 957/720/88
f 887/719/88 957/720/88 886/721/87
f 886/721/87 957/720/88 955/722/87
f 886/721/87 955/722/87 885/723/86
f 885/723/86 955/722/87 953/724/86
f 885/723/86 953/724/86 884/725/85
f 884/725/85 953/724/86 951/726/85
f 884/725/85 951/726/85 883/727/84
f 883/727/84 951/726/85 949/728/84
f 883/727/84 949/728/84 882/729/83
f 882/729/83 949/728/84 947/730/83
f 882/729/83 947/730/83 881/731/82
f 881/731/82 947/730/83 945/732/82
f 881/731/82 945/732/82 880/733/81
f 880/733/81 945/732/82 943/734/81
f 880/733/81 943/734/81 879/735/80
f 879/735/80 943/734/81 941/736/80
f 879/735/80 941/736/80 878/737/79
f 878/737/79 941/736/80 939/738/79
f 878/737/79 939/738/79 877/739/78
f 877/739/78 939/738/79 937/740/78
f 877/739/78 937/740/78 876/741/77
f 876/741/77 937/740/78 935/742/77
f 876/741/77 935/742/77 875/743/76
f 875/743/76 935/742/77 933/744/76
f 875/743/76 933/744/76 874/745/75
f 874/745/75 933/744/76 931/746/75
f 874/745/75 931/746/75 873/747/74
f 873/747/74 931/746/75 929/748/74
f 873/747/74 929/748/74 872/749/73
f 872/749/73 929/748/74 927/750/73
f 872/749/73 927/750/73 871/751/5
f 871/751/5 927/750/73 889/752/5
f 871/753/5 889/754/5 870/755/72
f 870/755/72 889/754/5 925/756/72
f 870/755/72 925/756/72 869/757/71
f 869/757/71 925/756/72 923/758/71
f 869/757/71 923/758/71 868/759/70
f 868/759/70 923/758/71 921/760/70
f 868/759/70 921/760/70 867/761/69
f 867/761/69 921/760/70 919/762/69
f 867/761/69 919/762/69 866/763/68
f 866/763/68 919/762/69 917/764/68
f 866/763/68 917/764/68 865/765/67
f 865/765/67 917/764/68 915/766/67
f 865/765/67 915/766/67 864/767/66
f 864/767/66 915/766/67 913/768/66
f 864/767/66 913/768/66 863/769/65
f 863/769/65 913/768/66 911/770/65
f 863/769/65 911/770/65 862/771/25
f 862/771/25 911/770/65 909/772/25
f 862/771/25 909/772/25 861/773/64
f 861/773/64 909/772/25 907/774/64
f 861/773/64 907/774/64 860/775/63
f 860/775/63 907/774/64 905/776/63
f 860/775/63 905/776/63 859/777/62
f 859/777/62 905/776/63 903/778/62
f 859/777/62 903/778/62 858/779/61
f 858/779/61 903/778/62 901/780/61
f 858/779/61 901/780/61 857/781/60
f 857/781/60 901/780/61 899/782/60
f 857/781/60 899/782/60 856/783/59
f 856/783/59 899/782/60 897/784/59
f 856/783/59 897/784/59 855/785/58
f 855/785/58 897/784/59 895/786/58
f 855/785/58 895/786/58 854/713/57
f 854/713/57 895/786/58 891/714/57
f 852/787/55 960/788/55 817/789/56
f 817/789/56 960/788/55 893/790/56
f 817/789/56 893/790/56 818/791/57
f 818/791/57 893/790/56 892/792/57
f 818/791/57 892/792/57 819/793/58
f 819/793/58 892/792/57 896/794/58
f 819/793/58 896/794/58 820/795/59
f 820/795/59 896/794/58 898/796/59
f 820/795/59 898/796/59 821/797/60
f 821/797/60 898/796/59 900/798/60
f 821/797/60 900/798/60 822/799/61
f 822/799/61 900/798/60 902/800/61
f 822/799/61 902/800/61 823/801/62
f 823/801/62 902/800/61 904/802/62
f 823/801/62 904/802/62 824/803/63
f 824/803/63 904/802/62 906/804/63
f 824/803/63 906/804/63 825/805/64
f 825/805/64 906/804/63 908/806/64
f 825/805/64 908/806/64 826/807/25
f 826/807/25 908/806/64 910/808/25
f 826/807/25 910/808/25 827/809/65
f 827/809/65 910/808/25 912/810/65
f 827/809/65 912/810/65 828/811/66
f 828/811/66 912/810/65 914/812/66
f 828/811/66 914/812/66 829/813/67
f 829/813/67 914/812/66 916/814/67
f 829/813/67 916/814/67 830/815/68
f 830/815/68 916/814/67 918/816/68
f 830/815/68 918/816/68 831/817/69
f 831/817/69 918/816/68 920/818/69
f 831/817/69 920/818/69 832/819/70
f 832/819/70 920/818/69 922/820/70
f 832/819/70 922/820/70 833/821/71
f 833/821/71 922/820/70 924/822/71
f 833/821/71 924/822/71 834/823/72
f 834/823/72 924/822/71 926/824/72
f 834/823/72 926/824/72 835/825/5
f 835/825/5 926/824/72 890/826/5
f 835/827/5 890/828/5 836/829/73
f 836/829/73 890/828/5 928/830/73
f 836/829/73 928/830/73 837/831/74
f 837/831/74 928/830/73 930/832/74
f 837/831/74 930/832/74 838/833/75
f 838/833/75 930/832/74 932/834/75
f 838/833/75 932/834/75 839/835/76
f 839/835/76 932/834/75 934/836/76
f 839/835/76 934/836/76 840/837/77
f 840/837/77 934/836/76 936/838/77
f 840/837/77 936/838/77 841/839/78
f 841/839/78 936/838/77 938/840/78
f 841/839/78 938/840/78 842/841/79
f 842/841/79 938/840/78 940/842/79
f 842/841/79 940/842/79 843/843/95
f 843/843/95 940/842/79 942/844/80
f 843/843/95 942/844/80 844/845/81
f 844/845/81 942/844/80 944/846/81
f 844/845/81 944/846/81 845/847/82
f 845/847/82 944/846/81 946/848/82
f 845/847/82 946/848/82 846/849/83
f 846/849/83 946/848/82 948/850/83
f 846/849/83 948/850/83 847/851/84
f 847/851/84 948/850/83 950/852/84
f 847/851/84 950/852/84 848/853/85
f 848/853/85 950/852/84 952/854/85
f 848/853/85 952/854/85 849/855/86
f 849/855/86 952/854/85 954/856/86
f 849/855/86 954/856/86 850/857/87
f 850/857/87 954/856/86 956/858/87
f 850/857/87 956/858/87 851/859/88
f 851/859/88 956/858/87 958/860/88
f 851/859/88 958/860/88 852/787/55
f 852/787/55 958/860/88 960/788/55
f 889/754/5 890/826/5 925/756/72
f 925/756/72 890/826/5 926/824/72
f 925/756/72 926/824/72 923/758/71
f 923/758/71 926/824/72 924/822/71
f 923/758/71 924/822/71 921/760/70
f 921/760/70 924/822/71 922/820/70
f 921/760/70 922/820/70 919/762/69
f 919/762/69 922/820/70 920/818/69
f 919/762/69 920/818/69 917/764/68
f 917/764/68 920/818/69 918/816/68
f 917/764/68 918/816/68 915/766/67
f 915/766/67 918/816/68 916/814/67
f 915/766/67 916/814/67 913/768/66
f 913/768/66 916/814/67 914/812/66
f 913/768/66 914/812/66 911/770/65
f 911/770/65 914/812/66 912/810/65
f 911/770/65 912/810/65 909/772/25
f 909/772/25 912/810/65 910/808/25
f 909/772/25 910/808/25 907/774/64
f 907/774/64 910/808/25 908/806/64
f 907/774/64 908/806/64 905/776/63
f 905/776/63 908/806/64 906/804/63
f 905/776/63 906/804/63 903/778/62
f 903/778/62 906/804/63 904/802/62
f 903/778/62 904/802/62 901/780/61
f 901/780/61 904/802/62 902/800/61
f 901/780/61 902/800/61 899/782/60
f 899/782/60 902/800/61 900/798/60
f 899/782/60 900/798/60 897/784/59
f 897/784/59 900/798/60 898/796/59
f 897/784/59 898/796/59 895/786/58
f 895/786/58 898/796/59 896/794/58
f 895/786/58 896/794/58 891/714/57
f 891/714/57 896/794/58 892/792/57
f 891/714/57 892/792/57 894/716/56
f 894/716/56 892/792/57 893/790/56
f 894/716/56 893/790/56 959/718/55
f 959/718/55 893/790/56 960/788/55
f 959/718/55 960/788/55 957/720/88
f 957/720/88 960/788/55 958/860/88
f 957/720/88 958/860/88 955/722/87
f 955/722/87 958/860/88 956/858/87
f 955/722/87 956/858/87 953/724/86
f 953/724/86 956/858/87 954/856/86
f 953/724/86 954/856/86 951/726/85
f 951/726/85 954/856/86 952/854/85
f 951/726/85 952/854/85 949/728/84
f 949/728/84 952/854/85 950/852/84
f 949/728/84 950/852/84 947/730/83
f 947/730/83 950/852/84 948/850/83
f 947/730/83 948/850/83 945/732/82
f 945/732/82 948/850/83 946/848/82
f 945/732/82 946/848/82 943/734/81
f 943/734/81 946/848/82 944/846/81
f 943/734/81 944/846/81 941/736/80
f 941/736/80 944/846/81 942/844/80
f 941/736/80 942/844/80 939/738/79
f 939/738/79 942/844/80 940/842/79
f 939/738/79 940/842/79 937/740/78
f 937/740/78 940/842/79 938/840/78
f 937/740/78 938/840/78 935/742/77
f 935/742/77 938/840/78 936/838/77
f 935/742/77 936/838/77 933/744/76
f 933/744/76 936/838/77 934/836/76
f 933/744/76 934/836/76 931/746/75
f 931/746/75 934/836/76 932/834/75
f 931/746/75 932/834/75 929/748/74
f 929/748/74 932/834/75 930/832/74
f 929/748/74 930/832/74 927/750/73
f 927/750/73 930/832/74 928/830/73
f 927/750/73 928/830/73 889/752/5
f 889/752/5 928/830/73 890/828/5
f 962/333/90 963/334/90 961/335/90
f 961/335/90 963/334/90 1008/336/90
f 1008/336/90 963/334/90 964/337/90
f 1008/336/90 964/337/90 965/338/90
f 966/340/90 877/381/90 965/338/90
f 965/338/90 877/381/90 1007/339/90
f 965/338/90 1007/339/90 1008/336/90
f 966/340/90 967/342/90 877/381/90
f 877/381/90 967/342/90 878/382/90
f 878/382/90 967/342/90 968/343/90
f 878/382/90 968/343/90 969/345/90
f 878/382/90 969/345/90 879/383/90
f 879/383/90 969/345/90 970/347/90
f 879/383/90 970/347/90 880/384/90
f 880/384/90 970/347/90 971/348/90
f 880/384/90 971/348/90 881/385/92
f 881/385/92 971/348/90 972/350/90
f 881/385/92 972/350/90 882/386/92
f 882/386/92 972/350/90 973/352/90
f 882/386/92 973/352/90 974/353/90
f 882/386/92 974/353/90 883/387/90
f 883/387/90 974/353/90 975/355/90
f 883/387/90 975/355/90 884/388/90
f 884/388/90 975/355/90 976/357/90
f 884/388/90 976/357/90 885/389/90
f 885/389/90 976/357/90 977/358/90
f 885/389/90 977/358/90 886/390/92
f 886/390/92 977/358/90 978/360/90
f 886/390/92 978/360/90 887/391/90
f 887/391/90 978/360/90 979/362/90
f 887/391/90 979/362/90 980/363/90
f 887/391/90 980/363/90 888/392/90
f 888/392/90 980/363/90 981/365/90
f 888/392/90 981/365/90 853/393/90
f 853/393/90 981/365/90 982/367/90
f 853/393/90 982/367/90 854/394/90
f 854/394/90 982/367/90 983/368/90
f 854/394/90 983/368/90 855/395/90
f 855/395/90 983/368/90 984/370/90
f 855/395/90 984/370/90 985/372/90
f 855/395/90 985/372/90 856/396/90
f 856/396/90 985/372/90 986/373/90
f 856/396/90 986/373/90 987/375/90
f 988/377/90 992/376/90 987/375/90
f 987/375/90 992/376/90 993/374/90
f 987/375/90 993/374/90 856/396/90
f 856/396/90 993/374/90 857/397/90
f 857/397/90 993/374/90 994/371/92
f 857/397/90 994/371/92 858/398/90
f 858/398/90 994/371/92 995/369/90
f 858/398/90 995/369/90 859/399/91
f 859/399/91 995/369/90 996/366/90
f 859/399/91 996/366/90 860/400/91
f 860/400/91 996/366/90 861/401/92
f 861/401/92 996/366/90 997/364/90
f 861/401/92 997/364/90 862/402/90
f 862/402/90 997/364/90 998/361/90
f 862/402/90 998/361/90 863/403/90
f 863/403/90 998/361/90 864/404/90
f 864/404/90 998/361/90 999/359/90
f 864/404/90 999/359/90 865/405/90
f 865/405/90 999/359/90 866/406/90
f 866/406/90 999/359/90 1000/356/90
f 866/406/90 1000/356/90 867/407/90
f 867/407/90 1000/356/90 1001/354/90
f 867/407/90 1001/354/90 868/408/90
f 868/408/90 1001/354/90 869/409/90
f 869/409/90 1001/354/90 1002/351/90
f 869/409/90 1002/351/90 870/410/90
f 870/410/90 1002/351/90 871/411/91
f 871/411/91 1002/351/90 1003/349/90
f 871/411/91 1003/349/90 872/412/90
f 872/412/90 1003/349/90 1004/346/90
f 872/412/90 1004/346/90 873/413/92
f 873/413/92 1004/346/90 874/414/92
f 874/414/92 1004/346/90 1005/344/90
f 874/414/92 1005/344/90 875/415/90
f 875/415/90 1005/344/90 1006/341/90
f 875/415/90 1006/341/90 876/416/90
f 876/416/90 1006/341/90 1007/339/90
f 876/416/90 1007/339/90 877/381/90
f 988/377/90 989/378/90 992/376/90
f 992/376/90 989/378/90 991/380/90
f 991/380/90 989/378/90 990/379/90
f 1009/85/5 1010/86/5 961/87/5
f 961/87/5 1010/86/5 962/88/5
f 962/127/26 1010/128/26 963/129/27
f 963/129/27 1010/128/26 1011/130/27
f 963/129/27 1011/130/27 1012/131/28
f 963/129/27 1012/131/28 964/132/28
f 964/132/28 1012/131/28 1013/133/29
f 964/132/28 1013/133/29 965/134/29
f 965/134/29 1013/133/29 1014/135/30
f 965/134/29 1014/135/30 966/136/30
f 966/136/30 1014/135/30 1015/137/31
f 966/136/30 1015/137/31 967/138/31
f 967/138/31 1015/137/31 1016/139/32
f 967/138/31 1016/139/32 968/140/32
f 968/140/32 1016/139/32 1017/141/33
f 968/140/32 1017/141/33 969/142/33
f 969/142/33 1017/141/33 1018/143/34
f 969/142/33 1018/143/34 970/144/34
f 970/144/34 1018/143/34 1019/145/35
f 970/144/34 1019/145/35 971/146/35
f 971/146/35 1019/145/35 1020/147/36
f 971/146/35 1020/147/36 972/148/36
f 972/148/36 1020/147/36 1021/149/37
f 972/148/36 1021/149/37 973/150/37
f 973/150/37 1021/149/37 1022/151/38
f 973/150/37 1022/151/38 974/152/38
f 974/152/38 1022/151/38 1023/153/39
f 974/152/38 1023/153/39 975/154/39
f 975/154/39 1023/153/39 1024/155/40
f 975/154/39 1024/155/40 976/156/40
f 976/156/40 1024/155/40 1025/157/41
f 976/156/40 1025/157/41 977/158/41
f 977/158/41 1025/157/41 1026/159/42
f 977/158/41 1026/159/42 978/160/42
f 978/160/42 1026/159/42 1027/161/43
f 978/160/42 1027/161/43 979/162/43
f 979/162/43 1027/161/43 1028/163/44
f 979/162/43 1028/163/44 980/164/44
f 980/164/44 1028/163/44 1029/165/45
f 980/164/44 1029/165/45 981/166/45
f 981/166/45 1029/165/45 1030/167/46
f 981/166/45 1030/167/46 982/168/46
f 982/168/46 1030/167/46 1031/169/47
f 982/168/46 1031/169/47 983/170/47
f 983/170/47 1031/169/47 1032/171/48
f 983/170/47 1032/171/48 984/172/48
f 984/172/48 1032/171/48 1033/173/49
f 984/172/48 1033/173/49 985/174/49
f 985/174/49 1033/173/49 1034/175/50
f 985/174/49 1034/175/50 986/176/50
f 986/176/50 1034/175/50 1035/177/51
f 986/176/50 1035/177/51 987/178/51
f 987/178/51 1035/177/51 1036/179/52
f 987/178/51 1036/179/52 988/180/52
f 988/180/52 1036/179/52 1037/181/53
f 988/180/52 1037/181/53 989/182/53
f 989/182/53 1037/181/53 990/183/54
f 990/183/54 1037/181/53 1038/184/54
f 1038/85/25 1039/86/25 990/87/25
f 990/87/25 1039/86/25 991/88/25
f 991/89/6 1039/90/6 992/91/7
f 992/91/7 1039/90/6 1040/92/7
f 992/91/7 1040/92/7 1041/93/8
f 992/91/7 1041/93/8 993/94/8
f 993/94/8 1041/93/8 1042/95/9
f 993/94/8 1042/95/9 994/96/9
f 994/96/9 1042/95/9 1043/97/10
f 994/96/9 1043/97/10 995/98/10
f 995/98/10 1043/97/10 1044/99/11
f 995/98/10 1044/99/11 996/100/11
f 996/100/11 1044/99/11 1045/101/12
f 996/100/11 1045/101/12 997/102/12
f 997/102/12 1045/101/12 1046/103/13
f 997/102/12 1046/103/13 998/104/13
f 998/104/13 1046/103/13 1047/105/14
f 998/104/13 1047/105/14 999/106/14
f 999/106/14 1047/105/14 1048/107/15
f 999/106/14 1048/107/15 1000/108/15
f 1000/108/15 1048/107/15 1049/109/16
f 1000/108/15 1049/109/16 1001/110/16
f 1001/110/16 1049/109/16 1050/111/17
f 1001/110/16 1050/111/17 1002/112/17
f 1002/112/17 1050/111/17 1051/113/18
f 1002/112/17 1051/113/18 1003/114/18
f 1003/114/18 1051/113/18 1052/115/19
f 1003/114/18 1052/115/19 1004/116/19
f 1004/116/19 1052/115/19 1053/117/20
f 1004/116/19 1053/117/20 1005/118/20
f 1005/118/20 1053/117/20 1054/119/21
f 1005/118/20 1054/119/21 1006/120/21
f 1006/120/21 1054/119/21 1055/121/22
f 1006/120/21 1055/121/22 1007/122/22
f 1007/122/22 1055/121/22 1056/123/23
f 1007/122/22 1056/123/23 1008/124/23
f 1008/124/23 1056/123/23 961/125/24
f 961/125/24 1056/123/23 1009/126/24
f 1010/1/1 1009/2/2 1011/3/1
f 1011/3/1 1009/2/2 1056/4/1
f 1011/3/1 1056/4/1 1012/5/1
f 1012/5/1 1056/4/1 1013/6/1
f 1013/6/1 1056/4/1 1055/7/1
f 1013/6/1 1055/7/1 1081/8/2
f 1081/8/2 1055/7/1 1080/9/2
f 1080/9/2 1055/7/1 1054/10/1
f 1080/9/2 1054/10/1 1079/11/1
f 1079/11/1 1054/10/1 1053/12/1
f 1079/11/1 1053/12/1 1078/13/1
f 1078/13/1 1053/12/1 1052/14/1
f 1078/13/1 1052/14/1 1077/15/1
f 1077/15/1 1052/14/1 1076/16/1
f 1076/16/1 1052/14/1 1051/17/1
f 1076/16/1 1051/17/1 1075/18/2
f 1075/18/2 1051/17/1 1050/19/1
f 1075/18/2 1050/19/1 1074/20/1
f 1074/20/1 1050/19/1 1073/21/1
f 1073/21/1 1050/19/1 1049/22/1
f 1073/21/1 1049/22/1 1072/23/1
f 1072/23/1 1049/22/1 1071/24/1
f 1071/24/1 1049/22/1 1048/25/1
f 1071/24/1 1048/25/1 1070/26/1
f 1070/26/1 1048/25/1 1047/27/1
f 1070/26/1 1047/27/1 1069/28/2
f 1069/28/2 1047/27/1 1068/29/2
f 1068/29/2 1047/27/1 1046/30/1
f 1068/29/2 1046/30/1 1067/31/1
f 1067/31/1 1046/30/1 1066/32/1
f 1066/32/1 1046/30/1 1045/33/1
f 1066/32/1 1045/33/1 1065/34/1
f 1065/34/1 1045/33/1 1044/35/1
f 1065/34/1 1044/35/1 1064/36/1
f 1064/36/1 1044/35/1 1063/37/1
f 1063/37/1 1044/35/1 1043/38/1
f 1063/37/1 1043/38/1 1062/39/1
f 1062/39/1 1043/38/1 1042/40/1
f 1062/39/1 1042/40/1 1061/41/1
f 1061/41/1 1042/40/1 1041/42/1
f 1061/41/1 1041/42/1 1060/43/1
f 1060/43/1 1041/42/1 1035/44/1
f 1060/43/1 1035/44/1 1034/45/1
f 1041/42/1 1040/46/1 1035/44/1
f 1035/44/1 1040/46/1 1036/47/1
f 1036/47/1 1040/46/1 1037/48/1
f 1037/48/1 1040/46/1 1039/49/1
f 1037/48/1 1039/49/1 1038/50/1
f 1034/45/1 1033/51/1 1060/43/1
f 1060/43/1 1033/51/1 1059/52/1
f 1059/52/1 1033/51/1 1032/53/1
f 1059/52/1 1032/53/1 1031/54/1
f 1059/52/1 1031/54/1 1058/55/1
f 1058/55/1 1031/54/1 1030/56/1
f 1058/55/1 1030/56/1 1057/57/1
f 1057/57/1 1030/56/1 1029/58/1
f 1057/57/1 1029/58/1 1092/59/1
f 1092/59/1 1029/58/1 1028/60/1
f 1092/59/1 1028/60/1 1091/61/1
f 1091/61/1 1028/60/1 1027/62/1
f 1091/61/1 1027/62/1 1026/63/1
f 1091/61/1 1026/63/1 1090/64/1
f 1090/64/1 1026/63/1 1025/65/1
f 1090/64/1 1025/65/1 1089/66/1
f 1089/66/1 1025/65/1 1024/67/1
f 1089/66/1 1024/67/1 1088/68/1
f 1088/68/1 1024/67/1 1023/69/1
f 1088/68/1 1023/69/1 1087/70/1
f 1087/70/1 1023/69/1 1022/71/1
f 1087/70/1 1022/71/1 1086/72/1
f 1086/72/1 1022/71/1 1021/73/1
f 1086/72/1 1021/73/1 1020/74/1
f 1086/72/1 1020/74/1 1085/75/4
f 1085/75/4 1020/74/1 1019/76/1
f 1085/75/4 1019/76/1 1084/77/1
f 1084/77/1 1019/76/1 1018/78/1
f 1084/77/1 1018/78/1 1083/79/2
f 1083/79/2 1018/78/1 1017/80/1
f 1083/79/2 1017/80/1 1082/81/2
f 1082/81/2 1017/80/1 1016/82/1
f 1082/81/2 1016/82/1 1015/83/1
f 1082/81/2 1015/83/1 1081/8/2
f 1081/8/2 1015/83/1 1014/84/1
f 1081/8/2 1014/84/1 1013/6/1
f 1094/861/57 1131/862/57 1093/863/56
f 1093/863/56 1131/862/57 1134/864/56
f 1093/863/56 1134/864/56 1128/865/55
f 1128/865/55 1134/864/56 1199/866/55
f 1128/865/55 1199/866/55 1127/867/88
f 1127/867/88 1199/866/55 1197/868/88
f 1127/867/88 1197/868/88 1126/869/87
f 1126/869/87 1197/868/88 1195/870/87
f 1126/869/87 1195/870/87 1125/871/86
f 1125/871/86 1195/870/87 1193/872/86
f 1125/871/86 1193/872/86 1124/873/85
f 1124/873/85 1193/872/86 1191/874/85
f 1124/873/85 1191/874/85 1123/875/84
f 1123/875/84 1191/874/85 1189/876/84
f 1123/875/84 1189/876/84 1122/877/83
f 1122/877/83 1189/876/84 1187/878/83
f 1122/877/83 1187/878/83 1121/879/82
f 1121/879/82 1187/878/83 1185/880/82
f 1121/879/82 1185/880/82 1120/881/81
f 1120/881/81 1185/880/82 1183/882/81
f 1120/881/81 1183/882/81 1119/883/80
f 1119/883/80 1183/882/81 1181/884/80
f 1119/883/80 1181/884/80 1118/885/79
f 1118/885/79 1181/884/80 1179/886/79
f 1118/885/79 1179/886/79 1117/887/78
f 1117/887/78 1179/886/79 1177/888/78
f 1117/887/78 1177/888/78 1116/889/77
f 1116/889/77 1177/888/78 1175/890/77
f 1116/889/77 1175/890/77 1115/891/76
f 1115/891/76 1175/890/77 1173/892/76
f 1115/891/76 1173/892/76 1114/893/75
f 1114/893/75 1173/892/76 1171/894/75
f 1114/893/75 1171/894/75 1113/895/74
f 1113/895/74 1171/894/75 1169/896/74
f 1113/895/74 1169/896/74 1112/897/73
f 1112/897/73 1169/896/74 1167/898/73
f 1112/897/73 1167/898/73 1111/899/5
f 1111/899/5 1167/898/73 1129/900/5
f 1111/901/5 1129/902/5 1110/903/72
f 1110/903/72 1129/902/5 1165/904/72
f 1110/903/72 1165/904/72 1109/905/71
f 1109/905/71 1165/904/72 1163/906/71
f 1109/905/71 1163/906/71 1108/907/70
f 1108/907/70 1163/906/71 1161/908/70
f 1108/907/70 1161/908/70 1107/909/69
f 1107/909/69 1161/908/70 1159/910/69
f 1107/909/69 1159/910/69 1106/911/68
f 1106/911/68 1159/910/69 1157/912/68
f 1106/911/68 1157/912/68 1105/913/67
f 1105/913/67 1157/912/68 1155/914/67
f 1105/913/67 1155/914/67 1104/915/66
f 1104/915/66 1155/914/67 1153/916/66
f 1104/915/66 1153/916/66 1103/917/65
f 1103/917/65 1153/916/66 1151/918/65
f 1103/917/65 1151/918/65 1102/919/25
f 1102/919/25 1151/918/65 1149/920/25
f 1102/919/25 1149/920/25 1101/921/64
f 1101/921/64 1149/920/25 1147/922/64
f 1101/921/64 1147/922/64 1100/923/63
f 1100/923/63 1147/922/64 1145/924/63
f 1100/923/63 1145/924/63 1099/925/62
f 1099/925/62 1145/924/63 1143/926/62
f 1099/925/62 1143/926/62 1098/927/61
f 1098/927/61 1143/926/62 1141/928/61
f 1098/927/61 1141/928/61 1097/929/60
f 1097/929/60 1141/928/61 1139/930/60
f 1097/929/60 1139/930/60 1096/931/59
f 1096/931/59 1139/930/60 1137/932/59
f 1096/931/59 1137/932/59 1095/933/58
f 1095/933/58 1137/932/59 1135/934/58
f 1095/933/58 1135/934/58 1094/861/57
f 1094/861/57 1135/934/58 1131/862/57
f 1092/935/55 1200/936/55 1057/937/56
f 1057/937/56 1200/936/55 1133/938/56
f 1057/937/56 1133/938/56 1058/939/57
f 1058/939/57 1133/938/56 1132/940/57
f 1058/939/57 1132/940/57 1059/941/58
f 1059/941/58 1132/940/57 1136/942/58
f 1059/941/58 1136/942/58 1060/943/59
f 1060/943/59 1136/942/58 1138/944/59
f 1060/943/59 1138/944/59 1061/945/60
f 1061/945/60 1138/944/59 1140/946/60
f 1061/945/60 1140/946/60 1062/947/61
f 1062/947/61 1140/946/60 1142/948/61
f 1062/947/61 1142/948/61 1063/949/62
f 1063/949/62 1142/948/61 1144/950/62
f 1063/949/62 1144/950/62 1064/951/63
f 1064/951/63 1144/950/62 1146/952/63
f 1064/951/63 1146/952/63 1065/953/64
f 1065/953/64 1146/952/63 1148/954/64
f 1065/953/64 1148/954/64 1066/955/25
f 1066/955/25 1148/954/64 1150/956/25
f 1066/955/25 1150/956/25 1067/957/65
f 1067/957/65 1150/956/25 1152/958/65
f 1067/957/65 1152/958/65 1068/959/66
f 1068/959/66 1152/958/65 1154/960/66
f 1068/959/66 1154/960/66 1069/961/67
f 1069/961/67 1154/960/66 1156/962/67
f 1069/961/67 1156/962/67 1070/963/68
f 1070/963/68 1156/962/67 1158/964/68
f 1070/963/68 1158/964/68 1071/965/69
f 1071/965/69 1158/964/68 1160/966/69
f 1071/965/69 1160/966/69 1072/967/70
f 1072/967/70 1160/966/69 1162/968/70
f 1072/967/70 1162/968/70 1073/969/71
f 1073/969/71 1162/968/70 1164/970/71
f 1073/969/71 1164/970/71 1074/971/72
f 1074/971/72 1164/970/71 1166/972/72
f 1074/971/72 1166/972/72 1075/973/5
f 1075/973/5 1166/972/72 1130/974/5
f 1075/975/5 1130/976/5 1076/977/73
f 1076/977/73 1130/976/5 1168/978/73
f 1076/977/73 1168/978/73 1077/979/74
f 1077/979/74 1168/978/73 1170/980/74
f 1077/979/74 1170/980/74 1078/981/75
f 1078/981/75 1170/980/74 1172/982/75
f 1078/981/75 1172/982/75 1079/983/76
f 1079/983/76 1172/982/75 1174/984/76
f 1079/983/76 1174/984/76 1080/985/77
f 1080/985/77 1174/984/76 1176/986/77
f 1080/985/77 1176/986/77 1081/987/78
f 1081/987/78 1176/986/77 1178/988/78
f 1081/987/78 1178/988/78 1082/989/79
f 1082/989/79 1178/988/78 1180/990/79
f 1082/989/79 1180/990/79 1083/991/80
f 1083/991/80 1180/990/79 1182/992/80
f 1083/991/80 1182/992/80 1084/993/81
f 1084/993/81 1182/992/80 1184/994/81
f 1084/993/81 1184/994/81 1085/995/82
f 1085/995/82 1184/994/81 1186/996/82
f 1085/995/82 1186/996/82 1086/997/83
f 1086/997/83 1186/996/82 1188/998/83
f 1086/997/83 1188/998/83 1087/999/84
f 1087/999/84 1188/998/83 1190/1000/84
f 1087/999/84 1190/1000/84 1088/1001/85
f 1088/1001/85 1190/1000/84 1192/1002/85
f 1088/1001/85 1192/1002/85 1089/1003/86
f 1089/1003/86 1192/1002/85 1194/1004/86
f 1089/1003/86 1194/1004/86 1090/1005/87
f 1090/1005/87 1194/1004/86 1196/1006/87
f 1090/1005/87 1196/1006/87 1091/1007/88
f 1091/1007/88 1196/1006/87 1198/1008/88
f 1091/1007/88 1198/1008/88 1092/935/55
f 1092/935/55 1198/1008/88 1200/936/55
f 1129/902/5 1130/974/5 1165/904/72
f 1165/904/72 1130/974/5 1166/972/72
f 1165/904/72 1166/972/72 1163/906/71
f 1163/906/71 1166/972/72 1164/970/71
f 1163/906/71 1164/970/71 1161/908/70
f 1161/908/70 1164/970/71 1162/968/70
f 1161/908/70 1162/968/70 1159/910/69
f 1159/910/69 1162/968/70 1160/966/69
f 1159/910/69 1160/966/69 1157/912/68
f 1157/912/68 1160/966/69 1158/964/68
f 1157/912/68 1158/964/68 1155/914/67
f 1155/914/67 1158/964/68 1156/962/67
f 1155/914/67 1156/962/67 1153/916/66
f 1153/916/66 1156/962/67 1154/960/66
f 1153/916/66 1154/960/66 1151/918/65
f 1151/918/65 1154/960/66 1152/958/65
f 1151/918/65 1152/958/65 1149/920/25
f 1149/920/25 1152/958/65 1150/956/25
f 1149/920/25 1150/956/25 1147/922/64
f 1147/922/64 1150/956/25 1148/954/64
f 1147/922/64 1148/954/64 1145/924/63
f 1145/924/63 1148/954/64 1146/952/63
f 1145/924/63 1146/952/63 1143/926/62
f 1143/926/62 1146/952/63 1144/950/62
f 1143/926/62 1144/950/62 1141/928/61
f 1141/928/61 1144/950/62 1142/948/61
f 1141/928/61 1142/948/61 1139/930/60
f 1139/930/60 1142/948/61 1140/946/60
f 1139/930/60 1140/946/60 1137/932/59
f 1137/932/59 1140/946/60 1138/944/59
f 1137/932/59 1138/944/59 1135/934/58
f 1135/934/58 1138/944/59 1136/942/58
f 1135/934/58 1136/942/58 1131/862/57
f 1131/862/57 1136/942/58 1132/940/57
f 1131/862/57 1132/940/57 1134/864/56
f 1134/864/56 1132/940/57 1133/938/56
f 1134/864/56 1133/938/56 1199/866/55
f 1199/866/55 1133/938/56 1200/936/55
f 1199/866/55 1200/936/55 1197/868/88
f 1197/868/88 1200/936/55 1198/1008/88
f 1197/868/88 1198/1008/88 1195/870/87
f 1195/870/87 1198/1008/88 1196/1006/87
f 1195/870/87 1196/1006/87 1193/872/86
f 1193/872/86 1196/1006/87 1194/1004/86
f 1193/872/86 1194/1004/86 1191/874/85
f 1191/874/85 1194/1004/86 1192/1002/85
f 1191/874/85 1192/1002/85 1189/876/84
f 1189/876/84 1192/1002/85 1190/1000/84
f 1189/876/84 1190/1000/84 1187/878/83
f 1187/878/83 1190/1000/84 1188/998/83
f 1187/878/83 1188/998/83 1185/880/82
f 1185/880/82 1188/998/83 1186/996/82
f 1185/880/82 1186/996/82 1183/882/81
f 1183/882/81 1186/996/82 1184/994/81
f 1183/882/81 1184/994/81 1181/884/80
f 1181/884/80 1184/994/81 1182/992/80
f 1181/884/80 1182/992/80 1179/886/79
f 1179/886/79 1182/992/80 1180/990/79
f 1179/886/79 1180/990/79 1177/888/78
f 1177/888/78 1180/990/79 1178/988/78
f 1177/888/78 1178/988/78 1175/890/77
f 1175/890/77 1178/988/78 1176/986/77
f 1175/890/77 1176/986/77 1173/892/76
f 1173/892/76 1176/986/77 1174/984/76
f 1173/892/76 1174/984/76 1171/894/75
f 1171/894/75 1174/984/76 1172/982/75
f 1171/894/75 1172/982/75 1169/896/74
f 1169/896/74 1172/982/75 1170/980/74
f 1169/896/74 1170/980/74 1167/898/73
f 1167/898/73 1170/980/74 1168/978/73
f 1167/898/73 1168/978/73 1129/900/5
f 1129/900/5 1168/978/73 1130/976/5
f 1202/333/91 1203/334/90 1201/335/92
f 1201/335/92 1203/334/90 1248/336/90
f 1248/336/90 1203/334/90 1204/337/90
f 1248/336/90 1204/337/90 1205/338/90
f 1206/340/90 1117/381/90 1205/338/90
f 1205/338/90 1117/381/90 1247/339/90
f 1205/338/90 1247/339/90 1248/336/90
f 1206/340/90 1207/342/90 1117/381/90
f 1117/381/90 1207/342/90 1118/382/92
f 1118/382/92 1207/342/90 1208/343/90
f 1118/382/92 1208/343/90 1209/345/90
f 1118/382/92 1209/345/90 1119/383/92
f 1119/383/92 1209/345/90 1210/347/90
f 1119/383/92 1210/347/90 1120/384/90
f 1120/384/90 1210/347/90 1211/348/90
f 1120/384/90 1211/348/90 1121/385/90
f 1121/385/90 1211/348/90 1212/350/90
f 1121/385/90 1212/350/90 1122/386/90
f 1122/386/90 1212/350/90 1213/352/90
f 1122/386/90 1213/352/90 1214/353/90
f 1122/386/90 1214/353/90 1123/387/90
f 1123/387/90 1214/353/90 1215/355/90
f 1123/387/90 1215/355/90 1124/388/90
f 1124/388/90 1215/355/90 1216/357/90
f 1124/388/90 1216/357/90 1125/389/90
f 1125/389/90 1216/357/90 1217/358/90
f 1125/389/90 1217/358/90 1126/390/92
f 1126/390/92 1217/358/90 1218/360/90
f 1126/390/92 1218/360/90 1127/391/90
f 1127/391/90 1218/360/90 1219/362/90
f 1127/391/90 1219/362/90 1220/363/90
f 1127/391/90 1220/363/90 1128/392/90
f 1128/392/90 1220/363/90 1221/365/90
f 1128/392/90 1221/365/90 1093/393/90
f 1093/393/90 1221/365/90 1222/367/90
f 1093/393/90 1222/367/90 1094/394/90
f 1094/394/90 1222/367/90 1223/368/90
f 1094/394/90 1223/368/90 1095/395/90
f 1095/395/90 1223/368/90 1224/370/90
f 1095/395/90 1224/370/90 1225/372/90
f 1095/395/90 1225/372/90 1096/396/90
f 1096/396/90 1225/372/90 1226/373/90
f 1096/396/90 1226/373/90 1227/375/90
f 1228/377/90 1232/376/90 1227/375/90
f 1227/375/90 1232/376/90 1233/374/90
f 1227/375/90 1233/374/90 1096/396/90
f 1096/396/90 1233/374/90 1097/397/91
f 1097/397/91 1233/374/90 1234/371/90
f 1097/397/91 1234/371/90 1098/398/99
f 1098/398/99 1234/371/90 1235/369/92
f 1098/398/99 1235/369/92 1099/399/90
f 1099/399/90 1235/369/92 1236/366/90
f 1099/399/90 1236/366/90 1100/400/90
f 1100/400/90 1236/366/90 1101/401/90
f 1101/401/90 1236/366/90 1237/364/90
f 1101/401/90 1237/364/90 1102/402/90
f 1102/402/90 1237/364/90 1238/361/90
f 1102/402/90 1238/361/90 1103/403/90
f 1103/403/90 1238/361/90 1104/404/92
f 1104/404/92 1238/361/90 1239/359/90
f 1104/404/92 1239/359/90 1105/405/90
f 1105/405/90 1239/359/90 1106/406/91
f 1106/406/91 1239/359/90 1240/356/90
f 1106/406/91 1240/356/90 1107/407/90
f 1107/407/90 1240/356/90 1241/354/90
f 1107/407/90 1241/354/90 1108/408/90
f 1108/408/90 1241/354/90 1109/409/90
f 1109/409/90 1241/354/90 1242/351/90
f 1109/409/90 1242/351/90 1110/410/90
f 1110/410/90 1242/351/90 1111/411/90
f 1111/411/90 1242/351/90 1243/349/90
f 1111/411/90 1243/349/90 1112/412/90
f 1112/412/90 1243/349/90 1244/346/90
f 1112/412/90 1244/346/90 1113/413/90
f 1113/413/90 1244/346/90 1114/414/90
f 1114/414/90 1244/346/90 1245/344/90
f 1114/414/90 1245/344/90 1115/415/90
f 1115/415/90 1245/344/90 1246/341/90
f 1115/415/90 1246/341/90 1116/416/92
f 1116/416/92 1246/341/90 1247/339/90
f 1116/416/92 1247/339/90 1117/381/90
f 1228/377/90 1229/378/90 1232/376/90
f 1232/376/90 1229/378/90 1231/380/90
f 1231/380/90 1229/378/90 1230/379/90
f 1249/85/5 1250/86/5 1201/87/5
f 1201/87/5 1250/86/5 1202/88/5
f 1202/127/26 1250/128/26 1203/129/27
f 1203/129/27 1250/128/26 1251/130/27
f 1203/129/27 1251/130/27 1252/131/28
f 1203/129/27 1252/131/28 1204/132/28
f 1204/132/28 1252/131/28 1253/133/29
f 1204/132/28 1253/133/29 1205/134/29
f 1205/134/29 1253/133/29 1254/135/30
f 1205/134/29 1254/135/30 1206/136/30
f 1206/136/30 1254/135/30 1255/137/31
f 1206/136/30 1255/137/31 1207/138/31
f 1207/138/31 1255/137/31 1256/139/32
f 1207/138/31 1256/139/32 1208/140/32
f 1208/140/32 1256/139/32 1257/141/33
f 1208/140/32 1257/141/33 1209/142/33
f 1209/142/33 1257/141/33 1258/143/34
f 1209/142/33 1258/143/34 1210/144/34
f 1210/144/34 1258/143/34 1259/145/35
f 1210/144/34 1259/145/35 1211/146/35
f 1211/146/35 1259/145/35 1260/147/36
f 1211/146/35 1260/147/36 1212/148/36
f 1212/148/36 1260/147/36 1261/149/37
f 1212/148/36 1261/149/37 1213/150/37
f 1213/150/37 1261/149/37 1262/151/38
f 1213/150/37 1262/151/38 1214/152/38
f 1214/152/38 1262/151/38 1263/153/39
f 1214/152/38 1263/153/39 1215/154/39
f 1215/154/39 1263/153/39 1264/155/40
f 1215/154/39 1264/155/40 1216/156/40
f 1216/156/40 1264/155/40 1265/157/41
f 1216/156/40 1265/157/41 1217/158/41
f 1217/158/41 1265/157/41 1266/159/42
f 1217/158/41 1266/159/42 1218/160/42
f 1218/160/42 1266/159/42 1267/161/43
f 1218/160/42 1267/161/43 1219/162/43
f 1219/162/43 1267/161/43 1268/163/44
f 1219/162/43 1268/163/44 1220/164/44
f 1220/164/44 1268/163/44 1269/165/45
f 1220/164/44 1269/165/45 1221/166/45
f 1221/166/45 1269/165/45 1270/167/46
f 1221/166/45 1270/167/46 1222/168/46
f 1222/168/46 1270/167/46 1271/169/47
f 1222/168/46 1271/169/47 1223/170/47
f 1223/170/47 1271/169/47 1272/171/48
f 1223/170/47 1272/171/48 1224/172/48
f 1224/172/48 1272/171/48 1273/173/49
f 1224/172/48 1273/173/49 1225/174/49
f 1225/174/49 1273/173/49 1274/175/50
f 1225/174/49 1274/175/50 1226/176/50
f 1226/176/50 1274/175/50 1275/177/51
f 1226/176/50 1275/177/51 1227/178/51
f 1227/178/51 1275/177/51 1276/179/52
f 1227/178/51 1276/179/52 1228/180/52
f 1228/180/52 1276/179/52 1277/181/53
f 1228/180/52 1277/181/53 1229/182/53
f 1229/182/53 1277/181/53 1230/183/54
f 1230/183/54 1277/181/53 1278/184/54
f 1278/85/25 1279/86/25 1230/87/25
f 1230/87/25 1279/86/25 1231/88/25
f 1231/89/6 1279/90/6 1232/91/7
f 1232/91/7 1279/90/6 1280/92/7
f 1232/91/7 1280/92/7 1281/93/8
f 1232/91/7 1281/93/8 1233/94/8
f 1233/94/8 1281/93/8 1282/95/9
f 1233/94/8 1282/95/9 1234/96/9
f 1234/96/9 1282/95/9 1283/97/10
f 1234/96/9 1283/97/10 1235/98/10
f 1235/98/10 1283/97/10 1284/99/11
f 1235/98/10 1284/99/11 1236/100/11
f 1236/100/11 1284/99/11 1285/101/12
f 1236/100/11 1285/101/12 1237/102/12
f 1237/102/12 1285/101/12 1286/103/13
f 1237/102/12 1286/103/13 1238/104/13
f 1238/104/13 1286/103/13 1287/105/14
f 1238/104/13 1287/105/14 1239/106/14
f 1239/106/14 1287/105/14 1288/107/15
f 1239/106/14 1288/107/15 1240/108/15
f 1240/108/15 1288/107/15 1289/109/16
f 1240/108/15 1289/109/16 1241/110/16
f 1241/110/16 1289/109/16 1290/111/17
f 1241/110/16 1290/111/17 1242/112/17
f 1242/112/17 1290/111/17 1291/113/18
f 1242/112/17 1291/113/18 1243/114/18
f 1243/114/18 1291/113/18 1292/115/19
f 1243/114/18 1292/115/19 1244/116/19
f 1244/116/19 1292/115/19 1293/117/20
f 1244/116/19 1293/117/20 1245/118/20
f 1245/118/20 1293/117/20 1294/119/21
f 1245/118/20 1294/119/21 1246/120/21
f 1246/120/21 1294/119/21 1295/121/22
f 1246/120/21 1295/121/22 1247/122/22
f 1247/122/22 1295/121/22 1296/123/23
f 1247/122/22 1296/123/23 1248/124/23
f 1248/124/23 1296/123/23 1201/125/24
f 1201/125/24 1296/123/23 1249/126/24
f 1250/1/2 1249/2/1 1251/3/1
f 1251/3/1 1249/2/1 1296/4/1
f 1251/3/1 1296/4/1 1252/5/1
f 1252/5/1 1296/4/1 1253/6/1
f 1253/6/1 1296/4/1 1295/7/1
f 1253/6/1 1295/7/1 1321/8/2
f 1321/8/2 1295/7/1 1320/9/1
f 1320/9/1 1295/7/1 1294/10/1
f 1320/9/1 1294/10/1 1319/11/4
f 1319/11/4 1294/10/1 1293/12/1
f 1319/11/4 1293/12/1 1318/13/1
f 1318/13/1 1293/12/1 1292/14/1
f 1318/13/1 1292/14/1 1317/15/1
f 1317/15/1 1292/14/1 1316/16/4
f 1316/16/4 1292/14/1 1291/17/1
f 1316/16/4 1291/17/1 1315/18/1
f 1315/18/1 1291/17/1 1290/19/1
f 1315/18/1 1290/19/1 1314/20/1
f 1314/20/1 1290/19/1 1313/21/1
f 1313/21/1 1290/19/1 1289/22/1
f 1313/21/1 1289/22/1 1312/23/1
f 1312/23/1 1289/22/1 1311/24/1
f 1311/24/1 1289/22/1 1288/25/1
f 1311/24/1 1288/25/1 1310/26/1
f 1310/26/1 1288/25/1 1287/27/1
f 1310/26/1 1287/27/1 1309/28/4
f 1309/28/4 1287/27/1 1308/29/4
f 1308/29/4 1287/27/1 1286/30/1
f 1308/29/4 1286/30/1 1307/31/2
f 1307/31/2 1286/30/1 1306/32/1
f 1306/32/1 1286/30/1 1285/33/1
f 1306/32/1 1285/33/1 1305/34/1
f 1305/34/1 1285/33/1 1284/35/1
f 1305/34/1 1284/35/1 1304/36/3
f 1304/36/3 1284/35/1 1303/37/4
f 1303/37/4 1284/35/1 1283/38/1
f 1303/37/4 1283/38/1 1302/39/1
f 1302/39/1 1283/38/1 1282/40/2
f 1302/39/1 1282/40/2 1301/41/98
f 1301/41/98 1282/40/2 1281/42/1
f 1301/41/98 1281/42/1 1300/43/4
f 1300/43/4 1281/42/1 1275/44/1
f 1300/43/4 1275/44/1 1274/45/1
f 1281/42/1 1280/46/1 1275/44/1
f 1275/44/1 1280/46/1 1276/47/1
f 1276/47/1 1280/46/1 1277/48/1
f 1277/48/1 1280/46/1 1279/49/1
f 1277/48/1 1279/49/1 1278/50/1
f 1274/45/1 1273/51/1 1300/43/4
f 1300/43/4 1273/51/1 1299/52/1
f 1299/52/1 1273/51/1 1272/53/1
f 1299/52/1 1272/53/1 1271/54/1
f 1299/52/1 1271/54/1 1298/55/1
f 1298/55/1 1271/54/1 1270/56/1
f 1298/55/1 1270/56/1 1297/57/1
f 1297/57/1 1270/56/1 1269/58/1
f 1297/57/1 1269/58/1 1332/59/1
f 1332/59/1 1269/58/1 1268/60/1
f 1332/59/1 1268/60/1 1331/61/1
f 1331/61/1 1268/60/1 1267/62/1
f 1331/61/1 1267/62/1 1266/63/1
f 1331/61/1 1266/63/1 1330/64/1
f 1330/64/1 1266/63/1 1265/65/1
f 1330/64/1 1265/65/1 1329/66/1
f 1329/66/1 1265/65/1 1264/67/1
f 1329/66/1 1264/67/1 1328/68/4
f 1328/68/4 1264/67/1 1263/69/1
f 1328/68/4 1263/69/1 1327/70/3
f 1327/70/3 1263/69/1 1262/71/1
f 1327/70/3 1262/71/1 1326/72/1
f 1326/72/1 1262/71/1 1261/73/1
f 1326/72/1 1261/73/1 1260/74/1
f 1326/72/1 1260/74/1 1325/75/2
f 1325/75/2 1260/74/1 1259/76/1
f 1325/75/2 1259/76/1 1324/77/4
f 1324/77/4 1259/76/1 1258/78/1
f 1324/77/4 1258/78/1 1323/79/1
f 1323/79/1 1258/78/1 1257/80/1
f 1323/79/1 1257/80/1 1322/81/100
f 1322/81/100 1257/80/1 1256/82/1
f 1322/81/100 1256/82/1 1255/83/1
f 1322/81/100 1255/83/1 1321/8/2
f 1321/8/2 1255/83/1 1254/84/1
f 1321/8/2 1254/84/1 1253/6/1
f 1334/1009/57 1371/1010/57 1333/1011/56
f 1333/1011/56 1371/1010/57 1374/1012/56
f 1333/1011/56 1374/1012/56 1368/1013/55
f 1368/1013/55 1374/1012/56 1439/1014/55
f 1368/1013/55 1439/1014/55 1367/1015/88
f 1367/1015/88 1439/1014/55 1437/1016/88
f 1367/1015/88 1437/1016/88 1366/1017/87
f 1366/1017/87 1437/1016/88 1435/1018/87
f 1366/1017/87 1435/1018/87 1365/1019/86
f 1365/1019/86 1435/1018/87 1433/1020/86
f 1365/1019/86 1433/1020/86 1364/1021/85
f 1364/1021/85 1433/1020/86 1431/1022/85
f 1364/1021/85 1431/1022/85 1363/1023/84
f 1363/1023/84 1431/1022/85 1429/1024/84
f 1363/1023/84 1429/1024/84 1362/1025/83
f 1362/1025/83 1429/1024/84 1427/1026/83
f 1362/1025/83 1427/1026/83 1361/1027/82
f 1361/1027/82 1427/1026/83 1425/1028/82
f 1361/1027/82 1425/1028/82 1360/1029/81
f 1360/1029/81 1425/1028/82 1423/1030/81
f 1360/1029/81 1423/1030/81 1359/1031/80
f 1359/1031/80 1423/1030/81 1421/1032/80
f 1359/1031/80 1421/1032/80 1358/1033/79
f 1358/1033/79 1421/1032/80 1419/1034/79
f 1358/1033/79 1419/1034/79 1357/1035/78
f 1357/1035/78 1419/1034/79 1417/1036/78
f 1357/1035/78 1417/1036/78 1356/1037/77
f 1356/1037/77 1417/1036/78 1415/1038/77
f 1356/1037/77 1415/1038/77 1355/1039/76
f 1355/1039/76 1415/1038/77 1413/1040/76
f 1355/1039/76 1413/1040/76 1354/1041/75
f 1354/1041/75 1413/1040/76 1411/1042/75
f 1354/1041/75 1411/1042/75 1353/1043/74
f 1353/1043/74 1411/1042/75 1409/1044/74
f 1353/1043/74 1409/1044/74 1352/1045/73
f 1352/1045/73 1409/1044/74 1407/1046/73
f 1352/1045/73 1407/1046/73 1351/1047/5
f 1351/1047/5 1407/1046/73 1369/1048/5
f 1351/1049/5 1369/1050/5 1350/1051/72
f 1350/1051/72 1369/1050/5 1405/1052/72
f 1350/1051/72 1405/1052/72 1349/1053/71
f 1349/1053/71 1405/1052/72 1403/1054/71
f 1349/1053/71 1403/1054/71 1348/1055/70
f 1348/1055/70 1403/1054/71 1401/1056/70
f 1348/1055/70 1401/1056/70 1347/1057/69
f 1347/1057/69 1401/1056/70 1399/1058/69
f 1347/1057/69 1399/1058/69 1346/1059/68
f 1346/1059/68 1399/1058/69 1397/1060/68
f 1346/1059/68 1397/1060/68 1345/1061/67
f 1345/1061/67 1397/1060/68 1395/1062/67
f 1345/1061/67 1395/1062/67 1344/1063/66
f 1344/1063/66 1395/1062/67 1393/1064/66
f 1344/1063/66 1393/1064/66 1343/1065/65
f 1343/1065/65 1393/1064/66 1391/1066/65
f 1343/1065/65 1391/1066/65 1342/1067/25
f 1342/1067/25 1391/1066/65 1389/1068/25
f 1342/1067/25 1389/1068/25 1341/1069/64
f 1341/1069/64 1389/1068/25 1387/1070/64
f 1341/1069/64 1387/1070/64 1340/1071/63
f 1340/1071/63 1387/1070/64 1385/1072/63
f 1340/1071/63 1385/1072/63 1339/1073/62
f 1339/1073/62 1385/1072/63 1383/1074/62
f 1339/1073/62 1383/1074/62 1338/1075/61
f 1338/1075/61 1383/1074/62 1381/1076/61
f 1338/1075/61 1381/1076/61 1337/1077/60
f 1337/1077/60 1381/1076/61 1379/1078/60
f 1337/1077/60 1379/1078/60 1336/1079/59
f 1336/1079/59 1379/1078/60 1377/1080/59
f 1336/1079/59 1377/1080/59 1335/1081/58
f 1335/1081/58 1377/1080/59 1375/1082/58
f 1335/1081/58 1375/1082/58 1334/1009/57
f 1334/1009/57 1375/1082/58 1371/1010/57
f 1332/1083/55 1440/1084/55 1297/1085/56
f 1297/1085/56 1440/1084/55 1373/1086/56
f 1297/1085/56 1373/1086/56 1298/1087/57
f 1298/1087/57 1373/1086/56 1372/1088/57
f 1298/1087/57 1372/1088/57 1299/1089/58
f 1299/1089/58 1372/1088/57 1376/1090/58
f 1299/1089/58 1376/1090/58 1300/1091/59
f 1300/1091/59 1376/1090/58 1378/1092/59
f 1300/1091/59 1378/1092/59 1301/1093/60
f 1301/1093/60 1378/1092/59 1380/1094/60
f 1301/1093/60 1380/1094/60 1302/1095/61
f 1302/1095/61 1380/1094/60 1382/1096/61
f 1302/1095/61 1382/1096/61 1303/1097/62
f 1303/1097/62 1382/1096/61 1384/1098/62
f 1303/1097/62 1384/1098/62 1304/1099/63
f 1304/1099/63 1384/1098/62 1386/1100/63
f 1304/1099/63 1386/1100/63 1305/1101/64
f 1305/1101/64 1386/1100/63 1388/1102/64
f 1305/1101/64 1388/1102/64 1306/1103/25
f 1306/1103/25 1388/1102/64 1390/1104/25
f 1306/1103/25 1390/1104/25 1307/1105/65
f 1307/1105/65 1390/1104/25 1392/1106/65
f 1307/1105/65 1392/1106/65 1308/1107/66
f 1308/1107/66 1392/1106/65 1394/1108/66
f 1308/1107/66 1394/1108/66 1309/1109/67
f 1309/1109/67 1394/1108/66 1396/1110/67
f 1309/1109/67 1396/1110/67 1310/1111/68
f 1310/1111/68 1396/1110/67 1398/1112/68
f 1310/1111/68 1398/1112/68 1311/1113/69
f 1311/1113/69 1398/1112/68 1400/1114/69
f 1311/1113/69 1400/1114/69 1312/1115/70
f 1312/1115/70 1400/1114/69 1402/1116/70
f 1312/1115/70 1402/1116/70 1313/1117/71
f 1313/1117/71 1402/1116/70 1404/1118/71
f 1313/1117/71 1404/1118/71 1314/1119/72
f 1314/1119/72 1404/1118/71 1406/1120/72
f 1314/1119/72 1406/1120/72 1315/1121/5
f 1315/1121/5 1406/1120/72 1370/1122/5
f 1315/1123/5 1370/1124/5 1316/1125/73
f 1316/1125/73 1370/1124/5 1408/1126/73
f 1316/1125/73 1408/1126/73 1317/1127/74
f 1317/1127/74 1408/1126/73 1410/1128/74
f 1317/1127/74 1410/1128/74 1318/1129/75
f 1318/1129/75 1410/1128/74 1412/1130/75
f 1318/1129/75 1412/1130/75 1319/1131/76
f 1319/1131/76 1412/1130/75 1414/1132/76
f 1319/1131/76 1414/1132/76 1320/1133/77
f 1320/1133/77 1414/1132/76 1416/1134/77
f 1320/1133/77 1416/1134/77 1321/1135/78
f 1321/1135/78 1416/1134/77 1418/1136/78
f 1321/1135/78 1418/1136/78 1322/1137/79
f 1322/1137/79 1418/1136/78 1420/1138/79
f 1322/1137/79 1420/1138/79 1323/1139/80
f 1323/1139/80 1420/1138/79 1422/1140/80
f 1323/1139/80 1422/1140/80 1324/1141/81
f 1324/1141/81 1422/1140/80 1424/1142/81
f 1324/1141/81 1424/1142/81 1325/1143/82
f 1325/1143/82 1424/1142/81 1426/1144/82
f 1325/1143/82 1426/1144/82 1326/1145/83
f 1326/1145/83 1426/1144/82 1428/1146/83
f 1326/1145/83 1428/1146/83 1327/1147/84
f 1327/1147/84 1428/1146/83 1430/1148/84
f 1327/1147/84 1430/1148/84 1328/1149/85
f 1328/1149/85 1430/1148/84 1432/1150/85
f 1328/1149/85 1432/1150/85 1329/1151/86
f 1329/1151/86 1432/1150/85 1434/1152/86
f 1329/1151/86 1434/1152/86 1330/1153/87
f 1330/1153/87 1434/1152/86 1436/1154/87
f 1330/1153/87 1436/1154/87 1331/1155/88
f 1331/1155/88 1436/1154/87 1438/1156/88
f 1331/1155/88 1438/1156/88 1332/1083/55
f 1332/1083/55 1438/1156/88 1440/1084/55
f 1369/1050/5 1370/1122/5 1405/1052/72
f 1405/1052/72 1370/1122/5 1406/1120/72
f 1405/1052/72 1406/1120/72 1403/1054/71
f 1403/1054/71 1406/1120/72 1404/1118/71
f 1403/1054/71 1404/1118/71 1401/1056/70
f 1401/1056/70 1404/1118/71 1402/1116/70
f 1401/1056/70 1402/1116/70 1399/1058/69
f 1399/1058/69 1402/1116/70 1400/1114/69
f 1399/1058/69 1400/1114/69 1397/1060/68
f 1397/1060/68 1400/1114/69 1398/1112/68
f 1397/1060/68 1398/1112/68 1395/1062/67
f 1395/1062/67 1398/1112/68 1396/1110/67
f 1395/1062/67 1396/1110/67 1393/1064/66
f 1393/1064/66 1396/1110/67 1394/1108/66
f 1393/1064/66 1394/1108/66 1391/1066/65
f 1391/1066/65 1394/1108/66 1392/1106/65
f 1391/1066/65 1392/1106/65 1389/1068/25
f 1389/1068/25 1392/1106/65 1390/1104/25
f 1389/1068/25 1390/1104/25 1387/1070/64
f 1387/1070/64 1390/1104/25 1388/1102/64
f 1387/1070/64 1388/1102/64 1385/1072/63
f 1385/1072/63 1388/1102/64 1386/1100/63
f 1385/1072/63 1386/1100/63 1383/1074/62
f 1383/1074/62 1386/1100/63 1384/1098/62
f 1383/1074/62 1384/1098/62 1381/1076/61
f 1381/1076/61 1384/1098/62 1382/1096/61
f 1381/1076/61 1382/1096/61 1379/1078/60
f 1379/1078/60 1382/1096/61 1380/1094/60
f 1379/1078/60 1380/1094/60 1377/1080/59
f 1377/1080/59 1380/1094/60 1378/1092/59
f 1377/1080/59 1378/1092/59 1375/1082/58
f 1375/1082/58 1378/1092/59 1376/1090/58
f 1375/1082/58 1376/1090/58 1371/1010/57
f 1371/1010/57 1376/1090/58 1372/1088/57
f 1371/1010/57 1372/1088/57 1374/1012/56
f 1374/1012/56 1372/1088/57 1373/1086/56
f 1374/1012/56 1373/1086/56 1439/1014/55
f 1439/1014/55 1373/1086/56 1440/1084/55
f 1439/1014/55 1440/1084/55 1437/1016/88
f 1437/1016/88 1440/1084/55 1438/1156/88
f 1437/1016/88 1438/1156/88 1435/1018/87
f 1435/1018/87 1438/1156/88 1436/1154/87
f 1435/1018/87 1436/1154/87 1433/1020/86
f 1433/1020/86 1436/1154/87 1434/1152/86
f 1433/1020/86 1434/1152/86 1431/1022/85
f 1431/1022/85 1434/1152/86 1432/1150/85
f 1431/1022/85 1432/1150/85 1429/1024/84
f 1429/1024/84 1432/1150/85 1430/1148/84
f 1429/1024/84 1430/1148/84 1427/1026/83
f 1427/1026/83 1430/1148/84 1428/1146/83
f 1427/1026/83 1428/1146/83 1425/1028/82
f 1425/1028/82 1428/1146/83 1426/1144/82
f 1425/1028/82 1426/1144/82 1423/1030/81
f 1423/1030/81 1426/1144/82 1424/1142/81
f 1423/1030/81 1424/1142/81 1421/1032/80
f 1421/1032/80 1424/1142/81 1422/1140/80
f 1421/1032/80 1422/1140/80 1419/1034/79
f 1419/1034/79 1422/1140/80 1420/1138/79
f 1419/1034/79 1420/1138/79 1417/1036/78
f 1417/1036/78 1420/1138/79 1418/1136/78
f 1417/1036/78 1418/1136/78 1415/1038/77
f 1415/1038/77 1418/1136/78 1416/1134/77
f 1415/1038/77 1416/1134/77 1413/1040/76
f 1413/1040/76 1416/1134/77 1414/1132/76
f 1413/1040/76 1414/1132/76 1411/1042/75
f 1411/1042/75 1414/1132/76 1412/1130/75
f 1411/1042/75 1412/1130/75 1409/1044/74
f 1409/1044/74 1412/1130/75 1410/1128/74
f 1409/1044/74 1410/1128/74 1407/1046/73
f 1407/1046/73 1410/1128/74 1408/1126/73
f 1407/1046/73 1408/1126/73 1369/1048/5
f 1369/1048/5 1408/1126/73 1370/1124/5
f 1442/333/90 1443/334/90 1441/335/92
f 1441/335/92 1443/334/90 1488/336/90
f 1488/336/90 1443/334/90 1444/337/90
f 1488/336/90 1444/337/90 1445/338/90
f 1446/340/90 1357/381/92 1445/338/90
f 1445/338/90 1357/381/92 1487/339/91
f 1445/338/90 1487/339/91 1488/336/90
f 1446/340/90 1447/342/90 1357/381/92
f 1357/381/92 1447/342/90 1358/382/94
f 1358/382/94 1447/342/90 1448/343/90
f 1358/382/94 1448/343/90 1449/345/90
f 1358/382/94 1449/345/90 1359/383/92
f 1359/383/92 1449/345/90 1450/347/90
f 1359/383/92 1450/347/90 1360/384/90
f 1360/384/90 1450/347/90 1451/348/90
f 1360/384/90 1451/348/90 1361/385/90
f 1361/385/90 1451/348/90 1452/350/90
f 1361/385/90 1452/350/90 1362/386/91
f 1362/386/91 1452/350/90 1453/352/90
f 1362/386/91 1453/352/90 1454/353/90
f 1362/386/91 1454/353/90 1363/387/91
f 1363/387/91 1454/353/90 1455/355/90
f 1363/387/91 1455/355/90 1364/388/90
f 1364/388/90 1455/355/90 1456/357/90
f 1364/388/90 1456/357/90 1365/389/90
f 1365/389/90 1456/357/90 1457/358/90
f 1365/389/90 1457/358/90 1366/390/91
f 1366/390/91 1457/358/90 1458/360/90
f 1366/390/91 1458/360/90 1367/391/90
f 1367/391/90 1458/360/90 1459/362/90
f 1367/391/90 1459/362/90 1460/363/90
f 1367/391/90 1460/363/90 1368/392/90
f 1368/392/90 1460/363/90 1461/365/90
f 1368/392/90 1461/365/90 1333/393/90
f 1333/393/90 1461/365/90 1462/367/90
f 1333/393/90 1462/367/90 1334/394/90
f 1334/394/90 1462/367/90 1463/368/90
f 1334/394/90 1463/368/90 1335/395/90
f 1335/395/90 1463/368/90 1464/370/90
f 1335/395/90 1464/370/90 1465/372/90
f 1335/395/90 1465/372/90 1336/396/90
f 1336/396/90 1465/372/90 1466/373/90
f 1336/396/90 1466/373/90 1467/375/90
f 1468/377/90 1472/376/90 1467/375/90
f 1467/375/90 1472/376/90 1473/374/90
f 1467/375/90 1473/374/90 1336/396/90
f 1336/396/90 1473/374/90 1337/397/90
f 1337/397/90 1473/374/90 1474/371/90
f 1337/397/90 1474/371/90 1338/398/90
f 1338/398/90 1474/371/90 1475/369/90
f 1338/398/90 1475/369/90 1339/399/90
f 1339/399/90 1475/369/90 1476/366/90
f 1339/399/90 1476/366/90 1340/400/90
f 1340/400/90 1476/366/90 1341/401/90
f 1341/401/90 1476/366/90 1477/364/90
f 1341/401/90 1477/364/90 1342/402/90
f 1342/402/90 1477/364/90 1478/361/90
f 1342/402/90 1478/361/90 1343/403/90
f 1343/403/90 1478/361/90 1344/404/90
f 1344/404/90 1478/361/90 1479/359/90
f 1344/404/90 1479/359/90 1345/405/92
f 1345/405/92 1479/359/90 1346/406/92
f 1346/406/92 1479/359/90 1480/356/90
f 1346/406/92 1480/356/90 1347/407/90
f 1347/407/90 1480/356/90 1481/354/90
f 1347/407/90 1481/354/90 1348/408/90
f 1348/408/90 1481/354/90 1349/409/90
f 1349/409/90 1481/354/90 1482/351/90
f 1349/409/90 1482/351/90 1350/410/90
f 1350/410/90 1482/351/90 1351/411/90
f 1351/411/90 1482/351/90 1483/349/90
f 1351/411/90 1483/349/90 1352/412/90
f 1352/412/90 1483/349/90 1484/346/90
f 1352/412/90 1484/346/90 1353/413/90
f 1353/413/90 1484/346/90 1354/414/91
f 1354/414/91 1484/346/90 1485/344/90
f 1354/414/91 1485/344/90 1355/415/90
f 1355/415/90 1485/344/90 1486/341/90
f 1355/415/90 1486/341/90 1356/416/101
f 1356/416/101 1486/341/90 1487/339/91
f 1356/416/101 1487/339/91 1357/381/92
f 1468/377/90 1469/378/90 1472/376/90
f 1472/376/90 1469/378/90 1471/380/90
f 1471/380/90 1469/378/90 1470/379/90
f 1489/85/5 1490/86/5 1441/87/5
f 1441/87/5 1490/86/5 1442/88/5
f 1442/127/26 1490/128/26 1443/129/27
f 1443/129/27 1490/128/26 1491/130/27
f 1443/129/27 1491/130/27 1492/131/28
f 1443/129/27 1492/131/28 1444/132/28
f 1444/132/28 1492/131/28 1493/133/29
f 1444/132/28 1493/133/29 1445/134/29
f 1445/134/29 1493/133/29 1494/135/30
f 1445/134/29 1494/135/30 1446/136/30
f 1446/136/30 1494/135/30 1495/137/31
f 1446/136/30 1495/137/31 1447/138/31
f 1447/138/31 1495/137/31 1496/139/32
f 1447/138/31 1496/139/32 1448/140/32
f 1448/140/32 1496/139/32 1497/141/33
f 1448/140/32 1497/141/33 1449/142/33
f 1449/142/33 1497/141/33 1498/143/34
f 1449/142/33 1498/143/34 1450/144/34
f 1450/144/34 1498/143/34 1499/145/35
f 1450/144/34 1499/145/35 1451/146/35
f 1451/146/35 1499/145/35 1500/147/36
f 1451/146/35 1500/147/36 1452/148/36
f 1452/148/36 1500/147/36 1501/149/37
f 1452/148/36 1501/149/37 1453/150/37
f 1453/150/37 1501/149/37 1502/151/38
f 1453/150/37 1502/151/38 1454/152/38
f 1454/152/38 1502/151/38 1503/153/39
f 1454/152/38 1503/153/39 1455/154/39
f 1455/154/39 1503/153/39 1504/155/40
f 1455/154/39 1504/155/40 1456/156/40
f 1456/156/40 1504/155/40 1505/157/41
f 1456/156/40 1505/157/41 1457/158/41
f 1457/158/41 1505/157/41 1506/159/42
f 1457/158/41 1506/159/42 1458/160/42
f 1458/160/42 1506/159/42 1507/161/43
f 1458/160/42 1507/161/43 1459/162/43
f 1459/162/43 1507/161/43 1508/163/44
f 1459/162/43 1508/163/44 1460/164/44
f 1460/164/44 1508/163/44 1509/165/45
f 1460/164/44 1509/165/45 1461/166/45
f 1461/166/45 1509/165/45 1510/167/46
f 1461/166/45 1510/167/46 1462/168/46
f 1462/168/46 1510/167/46 1511/169/47
f 1462/168/46 1511/169/47 1463/170/47
f 1463/170/47 1511/169/47 1512/171/48
f 1463/170/47 1512/171/48 1464/172/48
f 1464/172/48 1512/171/48 1513/173/49
f 1464/172/48 1513/173/49 1465/174/49
f 1465/174/49 1513/173/49 1514/175/50
f 1465/174/49 1514/175/50 1466/176/50
f 1466/176/50 1514/175/50 1515/177/51
f 1466/176/50 1515/177/51 1467/178/51
f 1467/178/51 1515/177/51 1516/179/52
f 1467/178/51 1516/179/52 1468/180/52
f 1468/180/52 1516/179/52 1517/181/53
f 1468/180/52 1517/181/53 1469/182/53
f 1469/182/53 1517/181/53 1470/183/54
f 1470/183/54 1517/181/53 1518/184/54
f 1518/85/25 1519/86/25 1470/87/25
f 1470/87/25 1519/86/25 1471/88/25
f 1471/89/6 1519/90/6 1472/91/7
f 1472/91/7 1519/90/6 1520/92/7
f 1472/91/7 1520/92/7 1521/93/8
f 1472/91/7 1521/93/8 1473/94/8
f 1473/94/8 1521/93/8 1522/95/9
f 1473/94/8 1522/95/9 1474/96/9
f 1474/96/9 1522/95/9 1523/97/10
f 1474/96/9 1523/97/10 1475/98/10
f 1475/98/10 1523/97/10 1524/99/11
f 1475/98/10 1524/99/11 1476/100/11
f 1476/100/11 1524/99/11 1525/101/12
f 1476/100/11 1525/101/12 1477/102/12
f 1477/102/12 1525/101/12 1526/103/13
f 1477/102/12 1526/103/13 1478/104/13
f 1478/104/13 1526/103/13 1527/105/14
f 1478/104/13 1527/105/14 1479/106/14
f 1479/106/14 1527/105/14 1528/107/15
f 1479/106/14 1528/107/15 1480/108/15
f 1480/108/15 1528/107/15 1529/109/16
f 1480/108/15 1529/109/16 1481/110/16
f 1481/110/16 1529/109/16 1530/111/17
f 1481/110/16 1530/111/17 1482/112/17
f 1482/112/17 1530/111/17 1531/113/18
f 1482/112/17 1531/113/18 1483/114/18
f 1483/114/18 1531/113/18 1532/115/19
f 1483/114/18 1532/115/19 1484/116/19
f 1484/116/19 1532/115/19 1533/117/20
f 1484/116/19 1533/117/20 1485/118/20
f 1485/118/20 1533/117/20 1534/119/21
f 1485/118/20 1534/119/21 1486/120/21
f 1486/120/21 1534/119/21 1535/121/22
f 1486/120/21 1535/121/22 1487/122/22
f 1487/122/22 1535/121/22 1536/123/23
f 1487/122/22 1536/123/23 1488/124/23
f 1488/124/23 1536/123/23 1441/125/24
f 1441/125/24 1536/123/23 1489/126/24
f 1490/1/4 1489/2/2 1491/3/1
f 1491/3/1 1489/2/2 1536/4/1
f 1491/3/1 1536/4/1 1492/5/1
f 1492/5/1 1536/4/1 1493/6/1
f 1493/6/1 1536/4/1 1535/7/1
f 1493/6/1 1535/7/1 1561/8/1
f 1561/8/1 1535/7/1 1560/9/1
f 1560/9/1 1535/7/1 1534/10/1
f 1560/9/1 1534/10/1 1559/11/1
f 1559/11/1 1534/10/1 1533/12/1
f 1559/11/1 1533/12/1 1558/13/1
f 1558/13/1 1533/12/1 1532/14/1
f 1558/13/1 1532/14/1 1557/15/2
f 1557/15/2 1532/14/1 1556/16/1
f 1556/16/1 1532/14/1 1531/17/1
f 1556/16/1 1531/17/1 1555/18/2
f 1555/18/2 1531/17/1 1530/19/1
f 1555/18/2 1530/19/1 1554/20/1
f 1554/20/1 1530/19/1 1553/21/4
f 1553/21/4 1530/19/1 1529/22/1
f 1553/21/4 1529/22/1 1552/23/1
f 1552/23/1 1529/22/1 1551/24/2
f 1551/24/2 1529/22/1 1528/25/1
f 1551/24/2 1528/25/1 1550/26/2
f 1550/26/2 1528/25/1 1527/27/1
f 1550/26/2 1527/27/1 1549/28/4
f 1549/28/4 1527/27/1 1548/29/4
f 1548/29/4 1527/27/1 1526/30/1
f 1548/29/4 1526/30/1 1547/31/1
f 1547/31/1 1526/30/1 1546/32/1
f 1546/32/1 1526/30/1 1525/33/1
f 1546/32/1 1525/33/1 1545/34/1
f 1545/34/1 1525/33/1 1524/35/1
f 1545/34/1 1524/35/1 1544/36/1
f 1544/36/1 1524/35/1 1543/37/1
f 1543/37/1 1524/35/1 1523/38/1
f 1543/37/1 1523/38/1 1542/39/1
f 1542/39/1 1523/38/1 1522/40/4
f 1542/39/1 1522/40/4 1541/41/1
f 1541/41/1 1522/40/4 1521/42/1
f 1541/41/1 1521/42/1 1540/43/1
f 1540/43/1 1521/42/1 1515/44/1
f 1540/43/1 1515/44/1 1514/45/1
f 1521/42/1 1520/46/1 1515/44/1
f 1515/44/1 1520/46/1 1516/47/1
f 1516/47/1 1520/46/1 1517/48/1
f 1517/48/1 1520/46/1 1519/49/1
f 1517/48/1 1519/49/1 1518/50/1
f 1514/45/1 1513/51/1 1540/43/1
f 1540/43/1 1513/51/1 1539/52/1
f 1539/52/1 1513/51/1 1512/53/1
f 1539/52/1 1512/53/1 1511/54/1
f 1539/52/1 1511/54/1 1538/55/1
f 1538/55/1 1511/54/1 1510/56/1
f 1538/55/1 1510/56/1 1537/57/1
f 1537/57/1 1510/56/1 1509/58/1
f 1537/57/1 1509/58/1 1572/59/1
f 1572/59/1 1509/58/1 1508/60/1
f 1572/59/1 1508/60/1 1571/61/2
f 1571/61/2 1508/60/1 1507/62/1
f 1571/61/2 1507/62/1 1506/63/1
f 1571/61/2 1506/63/1 1570/64/2
f 1570/64/2 1506/63/1 1505/65/1
f 1570/64/2 1505/65/1 1569/66/1
f 1569/66/1 1505/65/1 1504/67/1
f 1569/66/1 1504/67/1 1568/68/1
f 1568/68/1 1504/67/1 1503/69/1
f 1568/68/1 1503/69/1 1567/70/1
f 1567/70/1 1503/69/1 1502/71/1
f 1567/70/1 1502/71/1 1566/72/1
f 1566/72/1 1502/71/1 1501/73/1
f 1566/72/1 1501/73/1 1500/74/1
f 1566/72/1 1500/74/1 1565/75/1
f 1565/75/1 1500/74/1 1499/76/1
f 1565/75/1 1499/76/1 1564/77/1
f 1564/77/1 1499/76/1 1498/78/1
f 1564/77/1 1498/78/1 1563/79/2
f 1563/79/2 1498/78/1 1497/80/1
f 1563/79/2 1497/80/1 1562/81/2
f 1562/81/2 1497/80/1 1496/82/1
f 1562/81/2 1496/82/1 1495/83/1
f 1562/81/2 1495/83/1 1561/8/1
f 1561/8/1 1495/83/1 1494/84/1
f 1561/8/1 1494/84/1 1493/6/1
f 1574/1157/57 1611/1158/57 1573/1159/56
f 1573/1159/56 1611/1158/57 1614/1160/56
f 1573/1159/56 1614/1160/56 1608/1161/55
f 1608/1161/55 1614/1160/56 1679/1162/55
f 1608/1161/55 1679/1162/55 1607/1163/88
f 1607/1163/88 1679/1162/55 1677/1164/88
f 1607/1163/88 1677/1164/88 1606/1165/87
f 1606/1165/87 1677/1164/88 1675/1166/87
f 1606/1165/87 1675/1166/87 1605/1167/86
f 1605/1167/86 1675/1166/87 1673/1168/86
f 1605/1167/86 1673/1168/86 1604/1169/85
f 1604/1169/85 1673/1168/86 1671/1170/85
f 1604/1169/85 1671/1170/85 1603/1171/84
f 1603/1171/84 1671/1170/85 1669/1172/84
f 1603/1171/84 1669/1172/84 1602/1173/83
f 1602/1173/83 1669/1172/84 1667/1174/83
f 1602/1173/83 1667/1174/83 1601/1175/82
f 1601/1175/82 1667/1174/83 1665/1176/82
f 1601/1175/82 1665/1176/82 1600/1177/81
f 1600/1177/81 1665/1176/82 1663/1178/81
f 1600/1177/81 1663/1178/81 1599/1179/80
f 1599/1179/80 1663/1178/81 1661/1180/80
f 1599/1179/80 1661/1180/80 1598/1181/79
f 1598/1181/79 1661/1180/80 1659/1182/79
f 1598/1181/79 1659/1182/79 1597/1183/78
f 1597/1183/78 1659/1182/79 1657/1184/78
f 1597/1183/78 1657/1184/78 1596/1185/77
f 1596/1185/77 1657/1184/78 1655/1186/77
f 1596/1185/77 1655/1186/77 1595/1187/76
f 1595/1187/76 1655/1186/77 1653/1188/76
f 1595/1187/76 1653/1188/76 1594/1189/75
f 1594/1189/75 1653/1188/76 1651/1190/75
f 1594/1189/75 1651/1190/75 1593/1191/74
f 1593/1191/74 1651/1190/75 1649/1192/74
f 1593/1191/74 1649/1192/74 1592/1193/73
f 1592/1193/73 1649/1192/74 1647/1194/73
f 1592/1193/73 1647/1194/73 1591/1195/5
f 1591/1195/5 1647/1194/73 1609/1196/5
f 1591/1197/5 1609/1198/5 1590/1199/72
f 1590/1199/72 1609/1198/5 1645/1200/72
f 1590/1199/72 1645/1200/72 1589/1201/71
f 1589/1201/71 1645/1200/72 1643/1202/71
f 1589/1201/71 1643/1202/71 1588/1203/70
f 1588/1203/70 1643/1202/71 1641/1204/70
f 1588/1203/70 1641/1204/70 1587/1205/69
f 1587/1205/69 1641/1204/70 1639/1206/69
f 1587/1205/69 1639/1206/69 1586/1207/68
f 1586/1207/68 1639/1206/69 1637/1208/68
f 1586/1207/68 1637/1208/68 1585/1209/67
f 1585/1209/67 1637/1208/68 1635/1210/67
f 1585/1209/67 1635/1210/67 1584/1211/66
f 1584/1211/66 1635/1210/67 1633/1212/66
f 1584/1211/66 1633/1212/66 1583/1213/65
f 1583/1213/65 1633/1212/66 1631/1214/65
f 1583/1213/65 1631/1214/65 1582/1215/25
f 1582/1215/25 1631/1214/65 1629/1216/25
f 1582/1215/25 1629/1216/25 1581/1217/64
f 1581/1217/64 1629/1216/25 1627/1218/64
f 1581/1217/64 1627/1218/64 1580/1219/63
f 1580/1219/63 1627/1218/64 1625/1220/63
f 1580/1219/63 1625/1220/63 1579/1221/62
f 1579/1221/62 1625/1220/63 1623/1222/62
f 1579/1221/62 1623/1222/62 1578/1223/61
f 1578/1223/61 1623/1222/62 1621/1224/61
f 1578/1223/61 1621/1224/61 1577/1225/60
f 1577/1225/60 1621/1224/61 1619/1226/60
f 1577/1225/60 1619/1226/60 1576/1227/59
f 1576/1227/59 1619/1226/60 1617/1228/59
f 1576/1227/59 1617/1228/59 1575/1229/58
f 1575/1229/58 1617/1228/59 1615/1230/58
f 1575/1229/58 1615/1230/58 1574/1157/57
f 1574/1157/57 1615/1230/58 1611/1158/57
f 1572/1231/55 1680/1232/55 1537/1233/56
f 1537/1233/56 1680/1232/55 1613/1234/56
f 1537/1233/56 1613/1234/56 1538/1235/57
f 1538/1235/57 1613/1234/56 1612/1236/57
f 1538/1235/57 1612/1236/57 1539/1237/58
f 1539/1237/58 1612/1236/57 1616/1238/58
f 1539/1237/58 1616/1238/58 1540/1239/59
f 1540/1239/59 1616/1238/58 1618/1240/59
f 1540/1239/59 1618/1240/59 1541/1241/60
f 1541/1241/60 1618/1240/59 1620/1242/60
f 1541/1241/60 1620/1242/60 1542/1243/61
f 1542/1243/61 1620/1242/60 1622/1244/61
f 1542/1243/61 1622/1244/61 1543/1245/62
f 1543/1245/62 1622/1244/61 1624/1246/62
f 1543/1245/62 1624/1246/62 1544/1247/63
f 1544/1247/63 1624/1246/62 1626/1248/63
f 1544/1247/63 1626/1248/63 1545/1249/64
f 1545/1249/64 1626/1248/63 1628/1250/64
f 1545/1249/64 1628/1250/64 1546/1251/25
f 1546/1251/25 1628/1250/64 1630/1252/25
f 1546/1251/25 1630/1252/25 1547/1253/65
f 1547/1253/65 1630/1252/25 1632/1254/65
f 1547/1253/65 1632/1254/65 1548/1255/66
f 1548/1255/66 1632/1254/65 1634/1256/66
f 1548/1255/66 1634/1256/66 1549/1257/67
f 1549/1257/67 1634/1256/66 1636/1258/67
f 1549/1257/67 1636/1258/67 1550/1259/68
f 1550/1259/68 1636/1258/67 1638/1260/68
f 1550/1259/68 1638/1260/68 1551/1261/69
f 1551/1261/69 1638/1260/68 1640/1262/69
f 1551/1261/69 1640/1262/69 1552/1263/70
f 1552/1263/70 1640/1262/69 1642/1264/70
f 1552/1263/70 1642/1264/70 1553/1265/71
f 1553/1265/71 1642/1264/70 1644/1266/71
f 1553/1265/71 1644/1266/71 1554/1267/72
f 1554/1267/72 1644/1266/71 1646/1268/72
f 1554/1267/72 1646/1268/72 1555/1269/5
f 1555/1269/5 1646/1268/72 1610/1270/5
f 1555/1271/5 1610/1272/5 1556/1273/73
f 1556/1273/73 1610/1272/5 1648/1274/73
f 1556/1273/73 1648/1274/73 1557/1275/74
f 1557/1275/74 1648/1274/73 1650/1276/74
f 1557/1275/74 1650/1276/74 1558/1277/75
f 1558/1277/75 1650/1276/74 1652/1278/75
f 1558/1277/75 1652/1278/75 1559/1279/76
f 1559/1279/76 1652/1278/75 1654/1280/76
f 1559/1279/76 1654/1280/76 1560/1281/77
f 1560/1281/77 1654/1280/76 1656/1282/77
f 1560/1281/77 1656/1282/77 1561/1283/78
f 1561/1283/78 1656/1282/77 1658/1284/78
f 1561/1283/78 1658/1284/78 1562/1285/79
f 1562/1285/79 1658/1284/78 1660/1286/79
f 1562/1285/79 1660/1286/79 1563/1287/80
f 1563/1287/80 1660/1286/79 1662/1288/80
f 1563/1287/80 1662/1288/80 1564/1289/81
f 1564/1289/81 1662/1288/80 1664/1290/81
f 1564/1289/81 1664/1290/81 1565/1291/82
f 1565/1291/82 1664/1290/81 1666/1292/82
f 1565/1291/82 1666/1292/82 1566/1293/83
f 1566/1293/83 1666/1292/82 1668/1294/83
f 1566/1293/83 1668/1294/83 1567/1295/84
f 1567/1295/84 1668/1294/83 1670/1296/84
f 1567/1295/84 1670/1296/84 1568/1297/85
f 1568/1297/85 1670/1296/84 1672/1298/85
f 1568/1297/85 1672/1298/85 1569/1299/86
f 1569/1299/86 1672/1298/85 1674/1300/86
f 1569/1299/86 1674/1300/86 1570/1301/87
f 1570/1301/87 1674/1300/86 1676/1302/87
f 1570/1301/87 1676/1302/87 1571/1303/88
f 1571/1303/88 1676/1302/87 1678/1304/88
f 1571/1303/88 1678/1304/88 1572/1231/55
f 1572/1231/55 1678/1304/88 1680/1232/55
f 1609/1198/5 1610/1270/5 1645/1200/72
f 1645/1200/72 1610/1270/5 1646/1268/72
f 1645/1200/72 1646/1268/72 1643/1202/71
f 1643/1202/71 1646/1268/72 1644/1266/71
f 1643/1202/71 1644/1266/71 1641/1204/70
f 1641/1204/70 1644/1266/71 1642/1264/70
f 1641/1204/70 1642/1264/70 1639/1206/69
f 1639/1206/69 1642/1264/70 1640/1262/69
f 1639/1206/69 1640/1262/69 1637/1208/68
f 1637/1208/68 1640/1262/69 1638/1260/68
f 1637/1208/68 1638/1260/68 1635/1210/67
f 1635/1210/67 1638/1260/68 1636/1258/67
f 1635/1210/67 1636/1258/67 1633/1212/66
f 1633/1212/66 1636/1258/67 1634/1256/66
f 1633/1212/66 1634/1256/66 1631/1214/65
f 1631/1214/65 1634/1256/66 1632/1254/65
f 1631/1214/65 1632/1254/65 1629/1216/25
f 1629/1216/25 1632/1254/65 1630/1252/25
f 1629/1216/25 1630/1252/25 1627/1218/64
f 1627/1218/64 1630/1252/25 1628/1250/64
f 1627/1218/64 1628/1250/64 1625/1220/63
f 1625/1220/63 1628/1250/64 1626/1248/63
f 1625/1220/63 1626/1248/63 1623/1222/62
f 1623/1222/62 1626/1248/63 1624/1246/62
f 1623/1222/62 1624/1246/62 1621/1224/61
f 1621/1224/61 1624/1246/62 1622/1244/61
f 1621/1224/61 1622/1244/61 1619/1226/60
f 1619/1226/60 1622/1244/61 1620/1242/60
f 1619/1226/60 1620/1242/60 1617/1228/59
f 1617/1228/59 1620/1242/60 1618/1240/59
f 1617/1228/59 1618/1240/59 1615/1230/58
f 1615/1230/58 1618/1240/59 1616/1238/58
f 1615/1230/58 1616/1238/58 1611/1158/57
f 1611/1158/57 1616/1238/58 1612/1236/57
f 1611/1158/57 1612/1236/57 1614/1160/56
f 1614/1160/56 1612/1236/57 1613/1234/56
f 1614/1160/56 1613/1234/56 1679/1162/55
f 1679/1162/55 1613/1234/56 1680/1232/55
f 1679/1162/55 1680/1232/55 1677/1164/88
f 1677/1164/88 1680/1232/55 1678/1304/88
f 1677/1164/88 1678/1304/88 1675/1166/87
f 1675/1166/87 1678/1304/88 1676/1302/87
f 1675/1166/87 1676/1302/87 1673/1168/86
f 1673/1168/86 1676/1302/87 1674/1300/86
f 1673/1168/86 1674/1300/86 1671/1170/85
f 1671/1170/85 1674/1300/86 1672/1298/85
f 1671/1170/85 1672/1298/85 1669/1172/84
f 1669/1172/84 1672/1298/85 1670/1296/84
f 1669/1172/84 1670/1296/84 1667/1174/83
f 1667/1174/83 1670/1296/84 1668/1294/83
f 1667/1174/83 1668/1294/83 1665/1176/82
f 1665/1176/82 1668/1294/83 1666/1292/82
f 1665/1176/82 1666/1292/82 1663/1178/81
f 1663/1178/81 1666/1292/82 1664/1290/81
f 1663/1178/81 1664/1290/81 1661/1180/80
f 1661/1180/80 1664/1290/81 1662/1288/80
f 1661/1180/80 1662/1288/80 1659/1182/79
f 1659/1182/79 1662/1288/80 1660/1286/79
f 1659/1182/79 1660/1286/79 1657/1184/78
f 1657/1184/78 1660/1286/79 1658/1284/78
f 1657/1184/78 1658/1284/78 1655/1186/77
f 1655/1186/77 1658/1284/78 1656/1282/77
f 1655/1186/77 1656/1282/77 1653/1188/76
f 1653/1188/76 1656/1282/77 1654/1280/76
f 1653/1188/76 1654/1280/76 1651/1190/75
f 1651/1190/75 1654/1280/76 1652/1278/75
f 1651/1190/75 1652/1278/75 1649/1192/74
f 1649/1192/74 1652/1278/75 1650/1276/74
f 1649/1192/74 1650/1276/74 1647/1194/73
f 1647/1194/73 1650/1276/74 1648/1274/73
f 1647/1194/73 1648/1274/73 1609/1196/5
f 1609/1196/5 1648/1274/73 1610/1272/5
f 1682/333/90 1683/334/90 1681/335/90
f 1681/335/90 1683/334/90 1728/336/91
f 1728/336/91 1683/334/90 1684/337/90
f 1728/336/91 1684/337/90 1685/338/90
f 1686/340/90 1597/381/90 1685/338/90
f 1685/338/90 1597/381/90 1727/339/91
f 1685/338/90 1727/339/91 1728/336/91
f 1686/340/90 1687/342/90 1597/381/90
f 1597/381/90 1687/342/90 1598/382/92
f 1598/382/92 1687/342/90 1688/343/90
f 1598/382/92 1688/343/90 1689/345/90
f 1598/382/92 1689/345/90 1599/383/92
f 1599/383/92 1689/345/90 1690/347/90
f 1599/383/92 1690/347/90 1600/384/90
f 1600/384/90 1690/347/90 1691/348/90
f 1600/384/90 1691/348/90 1601/385/91
f 1601/385/91 1691/348/90 1692/350/90
f 1601/385/91 1692/350/90 1602/386/90
f 1602/386/90 1692/350/90 1693/352/90
f 1602/386/90 1693/352/90 1694/353/90
f 1602/386/90 1694/353/90 1603/387/92
f 1603/387/92 1694/353/90 1695/355/90
f 1603/387/92 1695/355/90 1604/388/90
f 1604/388/90 1695/355/90 1696/357/90
f 1604/388/90 1696/357/90 1605/389/90
f 1605/389/90 1696/357/90 1697/358/90
f 1605/389/90 1697/358/90 1606/390/90
f 1606/390/90 1697/358/90 1698/360/90
f 1606/390/90 1698/360/90 1607/391/90
f 1607/391/90 1698/360/90 1699/362/90
f 1607/391/90 1699/362/90 1700/363/90
f 1607/391/90 1700/363/90 1608/392/90
f 1608/392/90 1700/363/90 1701/365/90
f 1608/392/90 1701/365/90 1573/393/90
f 1573/393/90 1701/365/90 1702/367/90
f 1573/393/90 1702/367/90 1574/394/90
f 1574/394/90 1702/367/90 1703/368/90
f 1574/394/90 1703/368/90 1575/395/90
f 1575/395/90 1703/368/90 1704/370/90
f 1575/395/90 1704/370/90 1705/372/90
f 1575/395/90 1705/372/90 1576/396/90
f 1576/396/90 1705/372/90 1706/373/90
f 1576/396/90 1706/373/90 1707/375/90
f 1708/377/90 1712/376/90 1707/375/90
f 1707/375/90 1712/376/90 1713/374/90
f 1707/375/90 1713/374/90 1576/396/90
f 1576/396/90 1713/374/90 1577/397/90
f 1577/397/90 1713/374/90 1714/371/91
f 1577/397/90 1714/371/91 1578/398/90
f 1578/398/90 1714/371/91 1715/369/90
f 1578/398/90 1715/369/90 1579/399/90
f 1579/399/90 1715/369/90 1716/366/90
f 1579/399/90 1716/366/90 1580/400/91
f 1580/400/91 1716/366/90 1581/401/91
f 1581/401/91 1716/366/90 1717/364/90
f 1581/401/91 1717/364/90 1582/402/90
f 1582/402/90 1717/364/90 1718/361/90
f 1582/402/90 1718/361/90 1583/403/90
f 1583/403/90 1718/361/90 1584/404/91
f 1584/404/91 1718/361/90 1719/359/90
f 1584/404/91 1719/359/90 1585/405/91
f 1585/405/91 1719/359/90 1586/406/91
f 1586/406/91 1719/359/90 1720/356/90
f 1586/406/91 1720/356/90 1587/407/91
f 1587/407/91 1720/356/90 1721/354/90
f 1587/407/91 1721/354/90 1588/408/92
f 1588/408/92 1721/354/90 1589/409/90
f 1589/409/90 1721/354/90 1722/351/90
f 1589/409/90 1722/351/90 1590/410/91
f 1590/410/91 1722/351/90 1591/411/90
f 1591/411/90 1722/351/90 1723/349/90
f 1591/411/90 1723/349/90 1592/412/90
f 1592/412/90 1723/349/90 1724/346/90
f 1592/412/90 1724/346/90 1593/413/90
f 1593/413/90 1724/346/90 1594/414/91
f 1594/414/91 1724/346/90 1725/344/90
f 1594/414/91 1725/344/90 1595/415/91
f 1595/415/91 1725/344/90 1726/341/90
f 1595/415/91 1726/341/90 1596/416/101
f 1596/416/101 1726/341/90 1727/339/91
f 1596/416/101 1727/339/91 1597/381/90
f 1708/377/90 1709/378/90 1712/376/90
f 1712/376/90 1709/378/90 1711/380/90
f 1711/380/90 1709/378/90 1710/379/90
f 1729/85/5 1730/86/5 1681/87/5
f 1681/87/5 1730/86/5 1682/88/5
f 1682/127/26 1730/128/26 1683/129/27
f 1683/129/27 1730/128/26 1731/130/27
f 1683/129/27 1731/130/27 1732/131/28
f 1683/129/27 1732/131/28 1684/132/28
f 1684/132/28 1732/131/28 1733/133/29
f 1684/132/28 1733/133/29 1685/134/29
f 1685/134/29 1733/133/29 1734/135/30
f 1685/134/29 1734/135/30 1686/136/30
f 1686/136/30 1734/135/30 1735/137/31
f 1686/136/30 1735/137/31 1687/138/31
f 1687/138/31 1735/137/31 1736/139/32
f 1687/138/31 1736/139/32 1688/140/32
f 1688/140/32 1736/139/32 1737/141/33
f 1688/140/32 1737/141/33 1689/142/33
f 1689/142/33 1737/141/33 1738/143/34
f 1689/142/33 1738/143/34 1690/144/34
f 1690/144/34 1738/143/34 1739/145/35
f 1690/144/34 1739/145/35 1691/146/35
f 1691/146/35 1739/145/35 1740/147/36
f 1691/146/35 1740/147/36 1692/148/36
f 1692/148/36 1740/147/36 1741/149/37
f 1692/148/36 1741/149/37 1693/150/37
f 1693/150/37 1741/149/37 1742/151/38
f 1693/150/37 1742/151/38 1694/152/38
f 1694/152/38 1742/151/38 1743/153/39
f 1694/152/38 1743/153/39 1695/154/39
f 1695/154/39 1743/153/39 1744/155/40
f 1695/154/39 1744/155/40 1696/156/40
f 1696/156/40 1744/155/40 1745/157/41
f 1696/156/40 1745/157/41 1697/158/41
f 1697/158/41 1745/157/41 1746/159/42
f 1697/158/41 1746/159/42 1698/160/42
f 1698/160/42 1746/159/42 1747/161/43
f 1698/160/42 1747/161/43 1699/162/43
f 1699/162/43 1747/161/43 1748/163/44
f 1699/162/43 1748/163/44 1700/164/44
f 1700/164/44 1748/163/44 1749/165/45
f 1700/164/44 1749/165/45 1701/166/45
f 1701/166/45 1749/165/45 1750/167/46
f 1701/166/45 1750/167/46 1702/168/46
f 1702/168/46 1750/167/46 1751/169/47
f 1702/168/46 1751/169/47 1703/170/47
f 1703/170/47 1751/169/47 1752/171/48
f 1703/170/47 1752/171/48 1704/172/48
f 1704/172/48 1752/171/48 1753/173/49
f 1704/172/48 1753/173/49 1705/174/49
f 1705/174/49 1753/173/49 1754/175/50
f 1705/174/49 1754/175/50 1706/176/50
f 1706/176/50 1754/175/50 1755/177/51
f 1706/176/50 1755/177/51 1707/178/51
f 1707/178/51 1755/177/51 1756/179/52
f 1707/178/51 1756/179/52 1708/180/52
f 1708/180/52 1756/179/52 1757/181/53
f 1708/180/52 1757/181/53 1709/182/53
f 1709/182/53 1757/181/53 1710/183/54
f 1710/183/54 1757/181/53 1758/184/54
f 1758/85/25 1759/86/25 1710/87/25
f 1710/87/25 1759/86/25 1711/88/25
f 1711/89/6 1759/90/6 1712/91/7
f 1712/91/7 1759/90/6 1760/92/7
f 1712/91/7 1760/92/7 1761/93/8
f 1712/91/7 1761/93/8 1713/94/8
f 1713/94/8 1761/93/8 1762/95/9
f 1713/94/8 1762/95/9 1714/96/9
f 1714/96/9 1762/95/9 1763/97/10
f 1714/96/9 1763/97/10 1715/98/10
f 1715/98/10 1763/97/10 1764/99/11
f 1715/98/10 1764/99/11 1716/100/11
f 1716/100/11 1764/99/11 1765/101/12
f 1716/100/11 1765/101/12 1717/102/12
f 1717/102/12 1765/101/12 1766/103/13
f 1717/102/12 1766/103/13 1718/104/13
f 1718/104/13 1766/103/13 1767/105/14
f 1718/104/13 1767/105/14 1719/106/14
f 1719/106/14 1767/105/14 1768/107/15
f 1719/106/14 1768/107/15 1720/108/15
f 1720/108/15 1768/107/15 1769/109/16
f 1720/108/15 1769/109/16 1721/110/16
f 1721/110/16 1769/109/16 1770/111/17
f 1721/110/16 1770/111/17 1722/112/17
f 1722/112/17 1770/111/17 1771/113/18
f 1722/112/17 1771/113/18 1723/114/18
f 1723/114/18 1771/113/18 1772/115/19
f 1723/114/18 1772/115/19 1724/116/19
f 1724/116/19 1772/115/19 1773/117/20
f 1724/116/19 1773/117/20 1725/118/20
f 1725/118/20 1773/117/20 1774/119/21
f 1725/118/20 1774/119/21 1726/120/21
f 1726/120/21 1774/119/21 1775/121/22
f 1726/120/21 1775/121/22 1727/122/22
f 1727/122/22 1775/121/22 1776/123/23
f 1727/122/22 1776/123/23 1728/124/23
f 1728/124/23 1776/123/23 1681/125/24
f 1681/125/24 1776/123/23 1729/126/24
f 1730/1/1 1729/2/1 1731/3/1
f 1731/3/1 1729/2/1 1776/4/1
f 1731/3/1 1776/4/1 1732/5/1
f 1732/5/1 1776/4/1 1733/6/1
f 1733/6/1 1776/4/1 1775/7/4
f 1733/6/1 1775/7/4 1801/8/2
f 1801/8/2 1775/7/4 1800/9/2
f 1800/9/2 1775/7/4 1774/10/1
f 1800/9/2 1774/10/1 1799/11/4
f 1799/11/4 1774/10/1 1773/12/1
f 1799/11/4 1773/12/1 1798/13/1
f 1798/13/1 1773/12/1 1772/14/1
f 1798/13/1 1772/14/1 1797/15/4
f 1797/15/4 1772/14/1 1796/16/4
f 1796/16/4 1772/14/1 1771/17/1
f 1796/16/4 1771/17/1 1795/18/1
f 1795/18/1 1771/17/1 1770/19/1
f 1795/18/1 1770/19/1 1794/20/1
f 1794/20/1 1770/19/1 1793/21/1
f 1793/21/1 1770/19/1 1769/22/1
f 1793/21/1 1769/22/1 1792/23/1
f 1792/23/1 1769/22/1 1791/24/1
f 1791/24/1 1769/22/1 1768/25/1
f 1791/24/1 1768/25/1 1790/26/2
f 1790/26/2 1768/25/1 1767/27/4
f 1790/26/2 1767/27/4 1789/28/2
f 1789/28/2 1767/27/4 1788/29/1
f 1788/29/1 1767/27/4 1766/30/1
f 1788/29/1 1766/30/1 1787/31/1
f 1787/31/1 1766/30/1 1786/32/1
f 1786/32/1 1766/30/1 1765/33/1
f 1786/32/1 1765/33/1 1785/34/1
f 1785/34/1 1765/33/1 1764/35/2
f 1785/34/1 1764/35/2 1784/36/3
f 1784/36/3 1764/35/2 1783/37/1
f 1783/37/1 1764/35/2 1763/38/1
f 1783/37/1 1763/38/1 1782/39/1
f 1782/39/1 1763/38/1 1762/40/1
f 1782/39/1 1762/40/1 1781/41/98
f 1781/41/98 1762/40/1 1761/42/1
f 1781/41/98 1761/42/1 1780/43/4
f 1780/43/4 1761/42/1 1755/44/1
f 1780/43/4 1755/44/1 1754/45/1
f 1761/42/1 1760/46/1 1755/44/1
f 1755/44/1 1760/46/1 1756/47/1
f 1756/47/1 1760/46/1 1757/48/1
f 1757/48/1 1760/46/1 1759/49/1
f 1757/48/1 1759/49/1 1758/50/1
f 1754/45/1 1753/51/1 1780/43/4
f 1780/43/4 1753/51/1 1779/52/1
f 1779/52/1 1753/51/1 1752/53/1
f 1779/52/1 1752/53/1 1751/54/1
f 1779/52/1 1751/54/1 1778/55/1
f 1778/55/1 1751/54/1 1750/56/1
f 1778/55/1 1750/56/1 1777/57/1
f 1777/57/1 1750/56/1 1749/58/1
f 1777/57/1 1749/58/1 1812/59/1
f 1812/59/1 1749/58/1 1748/60/1
f 1812/59/1 1748/60/1 1811/61/1
f 1811/61/1 1748/60/1 1747/62/1
f 1811/61/1 1747/62/1 1746/63/1
f 1811/61/1 1746/63/1 1810/64/4
f 1810/64/4 1746/63/1 1745/65/1
f 1810/64/4 1745/65/1 1809/66/1
f 1809/66/1 1745/65/1 1744/67/1
f 1809/66/1 1744/67/1 1808/68/4
f 1808/68/4 1744/67/1 1743/69/1
f 1808/68/4 1743/69/1 1807/70/3
f 1807/70/3 1743/69/1 1742/71/1
f 1807/70/3 1742/71/1 1806/72/4
f 1806/72/4 1742/71/1 1741/73/1
f 1806/72/4 1741/73/1 1740/74/1
f 1806/72/4 1740/74/1 1805/75/1
f 1805/75/1 1740/74/1 1739/76/1
f 1805/75/1 1739/76/1 1804/77/1
f 1804/77/1 1739/76/1 1738/78/1
f 1804/77/1 1738/78/1 1803/79/2
f 1803/79/2 1738/78/1 1737/80/1
f 1803/79/2 1737/80/1 1802/81/97
f 1802/81/97 1737/80/1 1736/82/1
f 1802/81/97 1736/82/1 1735/83/1
f 1802/81/97 1735/83/1 1801/8/2
f 1801/8/2 1735/83/1 1734/84/1
f 1801/8/2 1734/84/1 1733/6/1
f 1814/1305/57 1851/1306/57 1813/1307/56
f 1813/1307/56 1851/1306/57 1854/1308/56
f 1813/1307/56 1854/1308/56 1848/1309/55
f 1848/1309/55 1854/1308/56 1919/1310/55
f 1848/1309/55 1919/1310/55 1847/1311/88
f 1847/1311/88 1919/1310/55 1917/1312/88
f 1847/1311/88 1917/1312/88 1846/1313/87
f 1846/1313/87 1917/1312/88 1915/1314/87
f 1846/1313/87 1915/1314/87 1845/1315/86
f 1845/1315/86 1915/1314/87 1913/1316/86
f 1845/1315/86 1913/1316/86 1844/1317/85
f 1844/1317/85 1913/1316/86 1911/1318/85
f 1844/1317/85 1911/1318/85 1843/1319/84
f 1843/1319/84 1911/1318/85 1909/1320/84
f 1843/1319/84 1909/1320/84 1842/1321/83
f 1842/1321/83 1909/1320/84 1907/1322/83
f 1842/1321/83 1907/1322/83 1841/1323/89
f 1841/1323/89 1907/1322/83 1905/1324/82
f 1841/1323/89 1905/1324/82 1840/1325/81
f 1840/1325/81 1905/1324/82 1903/1326/81
f 1840/1325/81 1903/1326/81 1839/1327/80
f 1839/1327/80 1903/1326/81 1901/1328/80
f 1839/1327/80 1901/1328/80 1838/1329/79
f 1838/1329/79 1901/1328/80 1899/1330/79
f 1838/1329/79 1899/1330/79 1837/1331/78
f 1837/1331/78 1899/1330/79 1897/1332/78
f 1837/1331/78 1897/1332/78 1836/1333/77
f 1836/1333/77 1897/1332/78 1895/1334/77
f 1836/1333/77 1895/1334/77 1835/1335/76
f 1835/1335/76 1895/1334/77 1893/1336/76
f 1835/1335/76 1893/1336/76 1834/1337/75
f 1834/1337/75 1893/1336/76 1891/1338/75
f 1834/1337/75 1891/1338/75 1833/1339/74
f 1833/1339/74 1891/1338/75 1889/1340/74
f 1833/1339/74 1889/1340/74 1832/1341/73
f 1832/1341/73 1889/1340/74 1887/1342/73
f 1832/1341/73 1887/1342/73 1831/1343/5
f 1831/1343/5 1887/1342/73 1849/1344/5
f 1831/1345/5 1849/1346/5 1830/1347/72
f 1830/1347/72 1849/1346/5 1885/1348/72
f 1830/1347/72 1885/1348/72 1829/1349/71
f 1829/1349/71 1885/1348/72 1883/1350/71
f 1829/1349/71 1883/1350/71 1828/1351/70
f 1828/1351/70 1883/1350/71 1881/1352/70
f 1828/1351/70 1881/1352/70 1827/1353/69
f 1827/1353/69 1881/1352/70 1879/1354/69
f 1827/1353/69 1879/1354/69 1826/1355/68
f 1826/1355/68 1879/1354/69 1877/1356/68
f 1826/1355/68 1877/1356/68 1825/1357/67
f 1825/1357/67 1877/1356/68 1875/1358/67
f 1825/1357/67 1875/1358/67 1824/1359/66
f 1824/1359/66 1875/1358/67 1873/1360/66
f 1824/1359/66 1873/1360/66 1823/1361/65
f 1823/1361/65 1873/1360/66 1871/1362/65
f 1823/1361/65 1871/1362/65 1822/1363/25
f 1822/1363/25 1871/1362/65 1869/1364/25
f 1822/1363/25 1869/1364/25 1821/1365/64
f 1821/1365/64 1869/1364/25 1867/1366/64
f 1821/1365/64 1867/1366/64 1820/1367/63
f 1820/1367/63 1867/1366/64 1865/1368/63
f 1820/1367/63 1865/1368/63 1819/1369/62
f 1819/1369/62 1865/1368/63 1863/1370/62
f 1819/1369/62 1863/1370/62 1818/1371/61
f 1818/1371/61 1863/1370/62 1861/1372/61
f 1818/1371/61 1861/1372/61 1817/1373/60
f 1817/1373/60 1861/1372/61 1859/1374/60
f 1817/1373/60 1859/1374/60 1816/1375/59
f 1816/1375/59 1859/1374/60 1857/1376/59
f 1816/1375/59 1857/1376/59 1815/1377/58
f 1815/1377/58 1857/1376/59 1855/1378/58
f 1815/1377/58 1855/1378/58 1814/1305/57
f 1814/1305/57 1855/1378/58 1851/1306/57
f 1812/1379/55 1920/1380/55 1777/1381/56
f 1777/1381/56 1920/1380/55 1853/1382/56
f 1777/1381/56 1853/1382/56 1778/1383/57
f 1778/1383/57 1853/1382/56 1852/1384/57
f 1778/1383/57 1852/1384/57 1779/1385/58
f 1779/1385/58 1852/1384/57 1856/1386/58
f 1779/1385/58 1856/1386/58 1780/1387/59
f 1780/1387/59 1856/1386/58 1858/1388/59
f 1780/1387/59 1858/1388/59 1781/1389/60
f 1781/1389/60 1858/1388/59 1860/1390/60
f 1781/1389/60 1860/1390/60 1782/1391/61
f 1782/1391/61 1860/1390/60 1862/1392/61
f 1782/1391/61 1862/1392/61 1783/1393/62
f 1783/1393/62 1862/1392/61 1864/1394/62
f 1783/1393/62 1864/1394/62 1784/1395/63
f 1784/1395/63 1864/1394/62 1866/1396/63
f 1784/1395/63 1866/1396/63 1785/1397/64
f 1785/1397/64 1866/1396/63 1868/1398/64
f 1785/1397/64 1868/1398/64 1786/1399/25
f 1786/1399/25 1868/1398/64 1870/1400/25
f 1786/1399/25 1870/1400/25 1787/1401/65
f 1787/1401/65 1870/1400/25 1872/1402/65
f 1787/1401/65 1872/1402/65 1788/1403/66
f 1788/1403/66 1872/1402/65 1874/1404/66
f 1788/1403/66 1874/1404/66 1789/1405/67
f 1789/1405/67 1874/1404/66 1876/1406/67
f 1789/1405/67 1876/1406/67 1790/1407/68
f 1790/1407/68 1876/1406/67 1878/1408/68
f 1790/1407/68 1878/1408/68 1791/1409/69
f 1791/1409/69 1878/1408/68 1880/1410/69
f 1791/1409/69 1880/1410/69 1792/1411/70
f 1792/1411/70 1880/1410/69 1882/1412/70
f 1792/1411/70 1882/1412/70 1793/1413/71
f 1793/1413/71 1882/1412/70 1884/1414/71
f 1793/1413/71 1884/1414/71 1794/1415/72
f 1794/1415/72 1884/1414/71 1886/1416/72
f 1794/1415/72 1886/1416/72 1795/1417/5
f 1795/1417/5 1886/1416/72 1850/1418/5
f 1795/1419/5 1850/1420/5 1796/1421/73
f 1796/1421/73 1850/1420/5 1888/1422/73
f 1796/1421/73 1888/1422/73 1797/1423/74
f 1797/1423/74 1888/1422/73 1890/1424/74
f 1797/1423/74 1890/1424/74 1798/1425/75
f 1798/1425/75 1890/1424/74 1892/1426/75
f 1798/1425/75 1892/1426/75 1799/1427/76
f 1799/1427/76 1892/1426/75 1894/1428/76
f 1799/1427/76 1894/1428/76 1800/1429/77
f 1800/1429/77 1894/1428/76 1896/1430/77
f 1800/1429/77 1896/1430/77 1801/1431/78
f 1801/1431/78 1896/1430/77 1898/1432/78
f 1801/1431/78 1898/1432/78 1802/1433/79
f 1802/1433/79 1898/1432/78 1900/1434/79
f 1802/1433/79 1900/1434/79 1803/1435/80
f 1803/1435/80 1900/1434/79 1902/1436/80
f 1803/1435/80 1902/1436/80 1804/1437/81
f 1804/1437/81 1902/1436/80 1904/1438/81
f 1804/1437/81 1904/1438/81 1805/1439/82
f 1805/1439/82 1904/1438/81 1906/1440/82
f 1805/1439/82 1906/1440/82 1806/1441/83
f 1806/1441/83 1906/1440/82 1908/1442/83
f 1806/1441/83 1908/1442/83 1807/1443/84
f 1807/1443/84 1908/1442/83 1910/1444/84
f 1807/1443/84 1910/1444/84 1808/1445/85
f 1808/1445/85 1910/1444/84 1912/1446/85
f 1808/1445/85 1912/1446/85 1809/1447/86
f 1809/1447/86 1912/1446/85 1914/1448/86
f 1809/1447/86 1914/1448/86 1810/1449/87
f 1810/1449/87 1914/1448/86 1916/1450/87
f 1810/1449/87 1916/1450/87 1811/1451/88
f 1811/1451/88 1916/1450/87 1918/1452/88
f 1811/1451/88 1918/1452/88 1812/1379/55
f 1812/1379/55 1918/1452/88 1920/1380/55
f 1849/1346/5 1850/1418/5 1885/1348/72
f 1885/1348/72 1850/1418/5 1886/1416/72
f 1885/1348/72 1886/1416/72 1883/1350/71
f 1883/1350/71 1886/1416/72 1884/1414/71
f 1883/1350/71 1884/1414/71 1881/1352/70
f 1881/1352/70 1884/1414/71 1882/1412/70
f 1881/1352/70 1882/1412/70 1879/1354/69
f 1879/1354/69 1882/1412/70 1880/1410/69
f 1879/1354/69 1880/1410/69 1877/1356/68
f 1877/1356/68 1880/1410/69 1878/1408/68
f 1877/1356/68 1878/1408/68 1875/1358/67
f 1875/1358/67 1878/1408/68 1876/1406/67
f 1875/1358/67 1876/1406/67 1873/1360/66
f 1873/1360/66 1876/1406/67 1874/1404/66
f 1873/1360/66 1874/1404/66 1871/1362/65
f 1871/1362/65 1874/1404/66 1872/1402/65
f 1871/1362/65 1872/1402/65 1869/1364/25
f 1869/1364/25 1872/1402/65 1870/1400/25
f 1869/1364/25 1870/1400/25 1867/1366/64
f 1867/1366/64 1870/1400/25 1868/1398/64
f 1867/1366/64 1868/1398/64 1865/1368/63
f 1865/1368/63 1868/1398/64 1866/1396/63
f 1865/1368/63 1866/1396/63 1863/1370/62
f 1863/1370/62 1866/1396/63 1864/1394/62
f 1863/1370/62 1864/1394/62 1861/1372/61
f 1861/1372/61 1864/1394/62 1862/1392/61
f 1861/1372/61 1862/1392/61 1859/1374/60
f 1859/1374/60 1862/1392/61 1860/1390/60
f 1859/1374/60 1860/1390/60 1857/1376/59
f 1857/1376/59 1860/1390/60 1858/1388/59
f 1857/1376/59 1858/1388/59 1855/1378/58
f 1855/1378/58 1858/1388/59 1856/1386/58
f 1855/1378/58 1856/1386/58 1851/1306/57
f 1851/1306/57 1856/1386/58 1852/1384/57
f 1851/1306/57 1852/1384/57 1854/1308/56
f 1854/1308/56 1852/1384/57 1853/1382/56
f 1854/1308/56 1853/1382/56 1919/1310/55
f 1919/1310/55 1853/1382/56 1920/1380/55
f 1919/1310/55 1920/1380/55 1917/1312/88
f 1917/1312/88 1920/1380/55 1918/1452/88
f 1917/1312/88 1918/1452/88 1915/1314/87
f 1915/1314/87 1918/1452/88 1916/1450/87
f 1915/1314/87 1916/1450/87 1913/1316/86
f 1913/1316/86 1916/1450/87 1914/1448/86
f 1913/1316/86 1914/1448/86 1911/1318/85
f 1911/1318/85 1914/1448/86 1912/1446/85
f 1911/1318/85 1912/1446/85 1909/1320/84
f 1909/1320/84 1912/1446/85 1910/1444/84
f 1909/1320/84 1910/1444/84 1907/1322/83
f 1907/1322/83 1910/1444/84 1908/1442/83
f 1907/1322/83 1908/1442/83 1905/1324/82
f 1905/1324/82 1908/1442/83 1906/1440/82
f 1905/1324/82 1906/1440/82 1903/1326/81
f 1903/1326/81 1906/1440/82 1904/1438/81
f 1903/1326/81 1904/1438/81 1901/1328/80
f 1901/1328/80 1904/1438/81 1902/1436/80
f 1901/1328/80 1902/1436/80 1899/1330/79
f 1899/1330/79 1902/1436/80 1900/1434/79
f 1899/1330/79 1900/1434/79 1897/1332/78
f 1897/1332/78 1900/1434/79 1898/1432/78
f 1897/1332/78 1898/1432/78 1895/1334/77
f 1895/1334/77 1898/1432/78 1896/1430/77
f 1895/1334/77 1896/1430/77 1893/1336/76
f 1893/1336/76 1896/1430/77 1894/1428/76
f 1893/1336/76 1894/1428/76 1891/1338/75
f 1891/1338/75 1894/1428/76 1892/1426/75
f 1891/1338/75 1892/1426/75 1889/1340/74
f 1889/1340/74 1892/1426/75 1890/1424/74
f 1889/1340/74 1890/1424/74 1887/1342/73
f 1887/1342/73 1890/1424/74 1888/1422/73
f 1887/1342/73 1888/1422/73 1849/1344/5
f 1849/1344/5 1888/1422/73 1850/1420/5
f 1922/333/92 1923/334/90 1921/335/90
f 1921/335/90 1923/334/90 1968/336/90
f 1968/336/90 1923/334/90 1924/337/90
f 1968/336/90 1924/337/90 1925/338/90
f 1926/340/90 1837/381/90 1925/338/90
f 1925/338/90 1837/381/90 1967/339/90
f 1925/338/90 1967/339/90 1968/336/90
f 1926/340/90 1927/342/90 1837/381/90
f 1837/381/90 1927/342/90 1838/382/92
f 1838/382/92 1927/342/90 1928/343/90
f 1838/382/92 1928/343/90 1929/345/90
f 1838/382/92 1929/345/90 1839/383/94
f 1839/383/94 1929/345/90 1930/347/90
f 1839/383/94 1930/347/90 1840/384/90
f 1840/384/90 1930/347/90 1931/348/90
f 1840/384/90 1931/348/90 1841/385/90
f 1841/385/90 1931/348/90 1932/350/90
f 1841/385/90 1932/350/90 1842/386/92
f 1842/386/92 1932/350/90 1933/352/90
f 1842/386/92 1933/352/90 1934/353/90
f 1842/386/92 1934/353/90 1843/387/90
f 1843/387/90 1934/353/90 1935/355/90
f 1843/387/90 1935/355/90 1844/388/90
f 1844/388/90 1935/355/90 1936/357/90
f 1844/388/90 1936/357/90 1845/389/90
f 1845/389/90 1936/357/90 1937/358/90
f 1845/389/90 1937/358/90 1846/390/90
f 1846/390/90 1937/358/90 1938/360/90
f 1846/390/90 1938/360/90 1847/391/90
f 1847/391/90 1938/360/90 1939/362/90
f 1847/391/90 1939/362/90 1940/363/90
f 1847/391/90 1940/363/90 1848/392/90
f 1848/392/90 1940/363/90 1941/365/90
f 1848/392/90 1941/365/90 1813/393/90
f 1813/393/90 1941/365/90 1942/367/90
f 1813/393/90 1942/367/90 1814/394/90
f 1814/394/90 1942/367/90 1943/368/90
f 1814/394/90 1943/368/90 1815/395/90
f 1815/395/90 1943/368/90 1944/370/90
f 1815/395/90 1944/370/90 1945/372/90
f 1815/395/90 1945/372/90 1816/396/90
f 1816/396/90 1945/372/90 1946/373/90
f 1816/396/90 1946/373/90 1947/375/90
f 1948/377/90 1952/376/90 1947/375/90
f 1947/375/90 1952/376/90 1953/374/90
f 1947/375/90 1953/374/90 1816/396/90
f 1816/396/90 1953/374/90 1817/397/90
f 1817/397/90 1953/374/90 1954/371/92
f 1817/397/90 1954/371/92 1818/398/90
f 1818/398/90 1954/371/92 1955/369/90
f 1818/398/90 1955/369/90 1819/399/90
f 1819/399/90 1955/369/90 1956/366/90
f 1819/399/90 1956/366/90 1820/400/90
f 1820/400/90 1956/366/90 1821/401/91
f 1821/401/91 1956/366/90 1957/364/90
f 1821/401/91 1957/364/90 1822/402/93
f 1822/402/93 1957/364/90 1958/361/90
f 1822/402/93 1958/361/90 1823/403/90
f 1823/403/90 1958/361/90 1824/404/91
f 1824/404/91 1958/361/90 1959/359/90
f 1824/404/91 1959/359/90 1825/405/91
f 1825/405/91 1959/359/90 1826/406/90
f 1826/406/90 1959/359/90 1960/356/90
f 1826/406/90 1960/356/90 1827/407/90
f 1827/407/90 1960/356/90 1961/354/90
f 1827/407/90 1961/354/90 1828/408/91
f 1828/408/91 1961/354/90 1829/409/91
f 1829/409/91 1961/354/90 1962/351/90
f 1829/409/91 1962/351/90 1830/410/90
f 1830/410/90 1962/351/90 1831/411/90
f 1831/411/90 1962/351/90 1963/349/90
f 1831/411/90 1963/349/90 1832/412/90
f 1832/412/90 1963/349/90 1964/346/90
f 1832/412/90 1964/346/90 1833/413/90
f 1833/413/90 1964/346/90 1834/414/90
f 1834/414/90 1964/346/90 1965/344/90
f 1834/414/90 1965/344/90 1835/415/90
f 1835/415/90 1965/344/90 1966/341/90
f 1835/415/90 1966/341/90 1836/416/90
f 1836/416/90 1966/341/90 1967/339/90
f 1836/416/90 1967/339/90 1837/381/90
f 1948/377/90 1949/378/90 1952/376/90
f 1952/376/90 1949/378/90 1951/380/90
f 1951/380/90 1949/378/90 1950/379/90
f 1922/85/5 1921/86/5 1970/87/5
f 1970/87/5 1921/86/5 1969/88/5
f 1998/1453/54 1950/1454/54 1997/1455/53
f 1997/1455/53 1950/1454/54 1949/1456/53
f 1997/1455/53 1949/1456/53 1948/1457/52
f 1997/1455/53 1948/1457/52 1996/1458/52
f 1996/1458/52 1948/1457/52 1947/1459/51
f 1996/1458/52 1947/1459/51 1995/1460/51
f 1995/1460/51 1947/1459/51 1946/1461/50
f 1995/1460/51 1946/1461/50 1994/1462/50
f 1994/1462/50 1946/1461/50 1945/1463/49
f 1994/1462/50 1945/1463/49 1993/1464/49
f 1993/1464/49 1945/1463/49 1944/1465/48
f 1993/1464/49 1944/1465/48 1992/1466/48
f 1992/1466/48 1944/1465/48 1943/1467/47
f 1992/1466/48 1943/1467/47 1991/1468/47
f 1991/1468/47 1943/1467/47 1942/1469/46
f 1991/1468/47 1942/1469/46 1990/1470/46
f 1990/1470/46 1942/1469/46 1941/1471/45
f 1990/1470/46 1941/1471/45 1989/1472/45
f 1989/1472/45 1941/1471/45 1940/1473/44
f 1989/1472/45 1940/1473/44 1988/1474/44
f 1988/1474/44 1940/1473/44 1939/1475/43
f 1988/1474/44 1939/1475/43 1987/1476/43
f 1987/1476/43 1939/1475/43 1938/1477/42
f 1987/1476/43 1938/1477/42 1986/1478/42
f 1986/1478/42 1938/1477/42 1937/1479/41
f 1986/1478/42 1937/1479/41 1985/1480/41
f 1985/1480/41 1937/1479/41 1936/1481/40
f 1985/1480/41 1936/1481/40 1984/1482/40
f 1984/1482/40 1936/1481/40 1935/1483/39
f 1984/1482/40 1935/1483/39 1983/1484/39
f 1983/1484/39 1935/1483/39 1934/1485/38
f 1983/1484/39 1934/1485/38 1982/1486/38
f 1982/1486/38 1934/1485/38 1933/1487/37
f 1982/1486/38 1933/1487/37 1981/1488/37
f 1981/1488/37 1933/1487/37 1932/1489/36
f 1981/1488/37 1932/1489/36 1980/1490/36
f 1980/1490/36 1932/1489/36 1931/1491/35
f 1980/1490/36 1931/1491/35 1979/1492/35
f 1979/1492/35 1931/1491/35 1930/1493/34
f 1979/1492/35 1930/1493/34 1978/1494/34
f 1978/1494/34 1930/1493/34 1929/1495/33
f 1978/1494/34 1929/1495/33 1977/1496/33
f 1977/1496/33 1929/1495/33 1928/1497/32
f 1977/1496/33 1928/1497/32 1976/1498/32
f 1976/1498/32 1928/1497/32 1927/1499/31
f 1976/1498/32 1927/1499/31 1975/1500/31
f 1975/1500/31 1927/1499/31 1926/1501/30
f 1975/1500/31 1926/1501/30 1974/1502/30
f 1974/1502/30 1926/1501/30 1925/1503/29
f 1974/1502/30 1925/1503/29 1973/1504/29
f 1973/1504/29 1925/1503/29 1924/1505/28
f 1973/1504/29 1924/1505/28 1972/1506/28
f 1972/1506/28 1924/1505/28 1923/1507/27
f 1972/1506/28 1923/1507/27 1971/1508/27
f 1971/1508/27 1923/1507/27 1970/1509/26
f 1970/1509/26 1923/1507/27 1922/1510/26
f 1951/85/25 1950/86/25 1999/87/25
f 1999/87/25 1950/86/25 1998/88/25
f 1969/125/24 1921/126/24 2016/1511/23
f 2016/1511/23 1921/126/24 1968/1512/23
f 2016/1511/23 1968/1512/23 1967/1513/22
f 2016/1511/23 1967/1513/22 2015/1514/22
f 2015/1514/22 1967/1513/22 1966/1515/21
f 2015/1514/22 1966/1515/21 2014/1516/21
f 2014/1516/21 1966/1515/21 1965/1517/20
f 2014/1516/21 1965/1517/20 2013/1518/20
f 2013/1518/20 1965/1517/20 1964/1519/19
f 2013/1518/20 1964/1519/19 2012/1520/19
f 2012/1520/19 1964/1519/19 1963/1521/18
f 2012/1520/19 1963/1521/18 2011/1522/18
f 2011/1522/18 1963/1521/18 1962/1523/17
f 2011/1522/18 1962/1523/17 2010/1524/17
f 2010/1524/17 1962/1523/17 1961/1525/16
f 2010/1524/17 1961/1525/16 2009/1526/16
f 2009/1526/16 1961/1525/16 1960/1527/15
f 2009/1526/16 1960/1527/15 2008/1528/15
f 2008/1528/15 1960/1527/15 1959/1529/14
f 2008/1528/15 1959/1529/14 2007/1530/14
f 2007/1530/14 1959/1529/14 1958/1531/13
f 2007/1530/14 1958/1531/13 2006/1532/13
f 2006/1532/13 1958/1531/13 1957/1533/12
f 2006/1532/13 1957/1533/12 2005/1534/12
f 2005/1534/12 1957/1533/12 1956/1535/11
f 2005/1534/12 1956/1535/11 2004/1536/11
f 2004/1536/11 1956/1535/11 1955/1537/10
f 2004/1536/11 1955/1537/10 2003/1538/10
f 2003/1538/10 1955/1537/10 1954/1539/9
f 2003/1538/10 1954/1539/9 2002/1540/9
f 2002/1540/9 1954/1539/9 1953/1541/8
f 2002/1540/9 1953/1541/8 2001/1542/8
f 2001/1542/8 1953/1541/8 1952/1543/7
f 2001/1542/8 1952/1543/7 2000/1544/7
f 2000/1544/7 1952/1543/7 1999/1545/6
f 1999/1545/6 1952/1543/7 1951/1546/6
f 1970/1/1 1969/2/1 1971/3/1
f 1971/3/1 1969/2/1 2016/4/1
f 1971/3/1 2016/4/1 1972/5/1
f 1972/5/1 2016/4/1 1973/6/1
f 1973/6/1 2016/4/1 2015/7/1
f 1973/6/1 2015/7/1 1974/84/1
f 1974/84/1 2015/7/1 2014/10/1
f 1974/84/1 2014/10/1 1975/83/1
f 1975/83/1 2014/10/1 1976/82/1
f 1976/82/1 2014/10/1 2013/12/1
f 1976/82/1 2013/12/1 1977/80/1
f 1977/80/1 2013/12/1 2012/14/1
f 1977/80/1 2012/14/1 1978/78/1
f 1978/78/1 2012/14/1 1979/76/1
f 1979/76/1 2012/14/1 2011/17/4
f 1979/76/1 2011/17/4 1980/74/1
f 1980/74/1 2011/17/4 2010/19/4
f 1980/74/1 2010/19/4 1981/73/1
f 1981/73/1 2010/19/4 1982/71/1
f 1982/71/1 2010/19/4 2009/22/1
f 1982/71/1 2009/22/1 1983/69/1
f 1983/69/1 2009/22/1 2008/25/1
f 1983/69/1 2008/25/1 1984/67/1
f 1984/67/1 2008/25/1 1985/65/1
f 1985/65/1 2008/25/1 2007/27/1
f 1985/65/1 2007/27/1 1986/63/1
f 1986/63/1 2007/27/1 2006/30/1
f 1986/63/1 2006/30/1 1987/62/1
f 1987/62/1 2006/30/1 1988/60/1
f 1988/60/1 2006/30/1 2005/33/1
f 1988/60/1 2005/33/1 1989/58/1
f 1989/58/1 2005/33/1 2004/35/1
f 1989/58/1 2004/35/1 1990/56/1
f 1990/56/1 2004/35/1 1991/54/1
f 1991/54/1 2004/35/1 2003/38/1
f 1991/54/1 2003/38/1 1992/53/1
f 1992/53/1 2003/38/1 2002/40/1
f 1992/53/1 2002/40/1 1993/51/1
f 1993/51/1 2002/40/1 1994/45/1
f 1994/45/1 2002/40/1 2001/42/1
f 1994/45/1 2001/42/1 1995/44/1
f 1995/44/1 2001/42/1 2000/46/1
f 1995/44/1 2000/46/1 1996/47/1
f 1996/47/1 2000/46/1 1997/48/1
f 1997/48/1 2000/46/1 1999/49/1
f 1997/48/1 1999/49/1 1998/50/1
