# Blender 5.0.0
# www.blender.org
mtllib cavity_upper_right.mtl
o SPA05-cavity-right
v -135.500000 1.999999 -18.888544
v -135.500000 1.999999 -8.000000
v -135.500000 2.440328 -7.994955
v -135.500000 2.878375 -7.949893
v -135.500000 3.310511 -7.865190
v -135.500000 3.733153 -7.741542
v -135.500000 4.142803 -7.579979
v -135.500000 4.536065 -7.381837
v -135.500000 4.909681 -7.148758
v -135.500000 5.260558 -6.882673
v -135.500000 5.585785 -6.585786
v -135.500000 5.882672 -6.260559
v -135.500000 6.148757 -5.909682
v -135.500000 6.381836 -5.536066
v -135.500000 6.579978 -5.142804
v -135.500000 6.741541 -4.733153
v -135.500000 6.865189 -4.310512
v -135.500000 6.949893 -3.878376
v -135.500000 6.994955 -3.440330
v -135.500000 7.000000 -3.000000
v -135.500000 17.888544 -3.000001
v -135.500000 17.771557 -3.858629
v -135.500000 17.613382 -4.710632
v -135.500000 17.414385 -5.554036
v -135.500000 17.175026 -6.386883
v -135.500000 16.895861 -7.207246
v -135.500000 16.577538 -8.013222
v -135.500000 16.220791 -8.802944
v -135.500000 15.826450 -9.574582
v -135.500000 15.395430 -10.326346
v -135.500000 14.928727 -11.056495
v -135.500000 14.427425 -11.763336
v -135.500000 13.892685 -12.445230
v -135.500000 13.325745 -13.100600
v -135.500000 12.727921 -13.727923
v -135.500000 12.100598 -14.325747
v -135.500000 11.445229 -14.892687
v -135.500000 10.763334 -15.427427
v -135.500000 10.056493 -15.928729
v -135.500000 9.326344 -16.395432
v -135.500000 8.574580 -16.826450
v -135.500000 7.802942 -17.220791
v -135.500000 7.013219 -17.577538
v -135.500000 6.207243 -17.895861
v -135.500000 5.386880 -18.175026
v -135.500000 4.554033 -18.414385
v -135.500000 3.710629 -18.613382
v -135.500000 2.858627 -18.771557
v -135.500000 7.000000 -9.000001
v -135.500000 7.173647 -8.984809
v -135.500000 7.342020 -8.939694
v -135.500000 7.500000 -8.866026
v -135.500000 7.642787 -8.766045
v -135.500000 7.766044 -8.642789
v -135.500000 7.866024 -8.500001
v -135.500000 7.939692 -8.342021
v -135.500000 7.984807 -8.173649
v -135.500000 8.000000 -8.000001
v -135.500000 7.984807 -7.826353
v -135.500000 7.939692 -7.657980
v -135.500000 7.866024 -7.500000
v -135.500000 7.766044 -7.357213
v -135.500000 7.642787 -7.233956
v -135.500000 7.500000 -7.133976
v -135.500000 7.342020 -7.060308
v -135.500000 7.173647 -7.015193
v -135.500000 7.000000 -7.000000
v -135.500000 6.826352 -7.015193
v -135.500000 6.657979 -7.060308
v -135.500000 6.500000 -7.133976
v -135.500000 6.357212 -7.233956
v -135.500000 6.233955 -7.357213
v -135.500000 6.133975 -7.500000
v -135.500000 6.060307 -7.657980
v -135.500000 6.015192 -7.826353
v -135.500000 6.000000 -8.000000
v -135.500000 6.015192 -8.173648
v -135.500000 6.060307 -8.342020
v -135.500000 6.133975 -8.500000
v -135.500000 6.233955 -8.642788
v -135.500000 6.357212 -8.766045
v -135.500000 6.500000 -8.866026
v -135.500000 6.657979 -8.939694
v -135.500000 6.826352 -8.984809
v -131.000000 1.999999 -18.888544
v -131.000000 1.999999 -8.000000
v -131.000000 2.440328 -7.994955
v -131.000000 2.878375 -7.949893
v -131.000000 3.310511 -7.865190
v -131.000000 3.733153 -7.741542
v -131.000000 4.142803 -7.579979
v -131.000000 4.536065 -7.381837
v -131.000000 4.909681 -7.148758
v -131.000000 5.260558 -6.882673
v -131.000000 5.585785 -6.585786
v -131.000000 5.882672 -6.260559
v -131.000000 6.148757 -5.909682
v -131.000000 6.381836 -5.536066
v -131.000000 6.579978 -5.142804
v -131.000000 6.741541 -4.733153
v -131.000000 6.865189 -4.310512
v -131.000000 6.949893 -3.878376
v -131.000000 6.994955 -3.440330
v -131.000000 7.000000 -3.000000
v -131.000000 17.888544 -3.000001
v -131.000000 17.771557 -3.858629
v -131.000000 17.613382 -4.710632
v -131.000000 17.414385 -5.554036
v -131.000000 17.175026 -6.386883
v -131.000000 16.895861 -7.207246
v -131.000000 16.577538 -8.013222
v -131.000000 16.220791 -8.802944
v -131.000000 15.826450 -9.574582
v -131.000000 15.395430 -10.326346
v -131.000000 14.928727 -11.056495
v -131.000000 14.427425 -11.763336
v -131.000000 13.892685 -12.445230
v -131.000000 13.325745 -13.100600
v -131.000000 12.727921 -13.727923
v -131.000000 12.100598 -14.325747
v -131.000000 11.445229 -14.892687
v -131.000000 10.763334 -15.427427
v -131.000000 10.056493 -15.928729
v -131.000000 9.326344 -16.395432
v -131.000000 8.574580 -16.826450
v -131.000000 7.802942 -17.220791
v -131.000000 7.013219 -17.577538
v -131.000000 6.207243 -17.895861
v -131.000000 5.386880 -18.175026
v -131.000000 4.554033 -18.414385
v -131.000000 3.710629 -18.613382
v -131.000000 2.858627 -18.771557
v -143.500000 7.000000 -9.000001
v -143.500000 7.173647 -8.984809
v -143.500000 7.342020 -8.939694
v -143.500000 7.500000 -8.866026
v -143.500000 7.642787 -8.766045
v -143.500000 7.766044 -8.642789
v -143.500000 7.866024 -8.500001
v -143.500000 7.939692 -8.342021
v -143.500000 7.984807 -8.173649
v -143.500000 8.000000 -8.000001
v -143.500000 7.984807 -7.826353
v -143.500000 7.939692 -7.657980
v -143.500000 7.866024 -7.500000
v -143.500000 7.766044 -7.357213
v -143.500000 7.642787 -7.233956
v -143.500000 7.500000 -7.133976
v -143.500000 7.342020 -7.060308
v -143.500000 7.173647 -7.015193
v -143.500000 7.000000 -7.000000
v -143.500000 6.826352 -7.015193
v -143.500000 6.657979 -7.060308
v -143.500000 6.500000 -7.133976
v -143.500000 6.357212 -7.233956
v -143.500000 6.233955 -7.357213
v -143.500000 6.133975 -7.500000
v -143.500000 6.060307 -7.657980
v -143.500000 6.015192 -7.826353
v -143.500000 6.000000 -8.000000
v -143.500000 6.015192 -8.173648
v -143.500000 6.060307 -8.342020
v -143.500000 6.133975 -8.500000
v -143.500000 6.233955 -8.642788
v -143.500000 6.357212 -8.766045
v -143.500000 6.500000 -8.866026
v -143.500000 6.657979 -8.939694
v -143.500000 6.826352 -8.984809
v -138.166672 7.000000 -7.000000
v -140.833328 7.000000 -7.000000
v -138.166672 6.826352 -8.984809
v -140.833328 6.826352 -8.984809
v -140.833328 7.000000 -9.000001
v -138.166672 7.000000 -9.000001
v -138.166672 6.657979 -8.939694
v -140.833328 6.657979 -8.939694
v -138.166672 6.500000 -8.866026
v -140.833328 6.500000 -8.866026
v -138.166672 6.357212 -8.766045
v -140.833328 6.357212 -8.766045
v -138.166672 6.233955 -8.642788
v -140.833328 6.233955 -8.642788
v -138.166672 6.133975 -8.500000
v -140.833328 6.133975 -8.500000
v -138.166672 6.060307 -8.342020
v -140.833328 6.060307 -8.342020
v -138.166672 6.015192 -8.173648
v -140.833328 6.015192 -8.173648
v -138.166672 6.000000 -8.000000
v -140.833328 6.000000 -8.000000
v -138.166672 6.015192 -7.826353
v -140.833328 6.015192 -7.826353
v -138.166672 6.060307 -7.657980
v -140.833328 6.060307 -7.657980
v -138.166672 6.133975 -7.500000
v -140.833328 6.133975 -7.500000
v -138.166672 6.233955 -7.357213
v -140.833328 6.233955 -7.357213
v -138.166672 6.357212 -7.233956
v -140.833328 6.357212 -7.233956
v -138.166672 6.500000 -7.133976
v -140.833328 6.500000 -7.133976
v -138.166672 6.657979 -7.060308
v -140.833328 6.657979 -7.060308
v -138.166672 6.826352 -7.015193
v -140.833328 6.826352 -7.015193
v -138.166672 7.173647 -7.015193
v -140.833328 7.173647 -7.015193
v -138.166672 7.342020 -7.060308
v -140.833328 7.342020 -7.060308
v -138.166672 7.500000 -7.133976
v -140.833328 7.500000 -7.133976
v -138.166672 7.642787 -7.233956
v -140.833328 7.642787 -7.233956
v -138.166672 7.766044 -7.357213
v -140.833328 7.766044 -7.357213
v -138.166672 7.866024 -7.500000
v -140.833328 7.866024 -7.500000
v -138.166672 7.939692 -7.657980
v -140.833328 7.939692 -7.657980
v -138.166672 7.984807 -7.826353
v -140.833328 7.984807 -7.826353
v -138.166672 8.000000 -8.000001
v -140.833328 8.000000 -8.000001
v -138.166672 7.984807 -8.173649
v -140.833328 7.984807 -8.173649
v -138.166672 7.939692 -8.342021
v -140.833328 7.939692 -8.342021
v -138.166672 7.866024 -8.500001
v -140.833328 7.866024 -8.500001
v -138.166672 7.766044 -8.642789
v -140.833328 7.766044 -8.642789
v -138.166672 7.642787 -8.766045
v -140.833328 7.642787 -8.766045
v -138.166672 7.500000 -8.866026
v -140.833328 7.500000 -8.866026
v -138.166672 7.342020 -8.939694
v -140.833328 7.342020 -8.939694
v -138.166672 7.173647 -8.984809
v -140.833328 7.173647 -8.984809
v -143.500000 1.999999 -8.000000
v -143.500000 1.999999 -18.888544
v -143.500000 2.858627 -18.771557
v -143.500000 3.710629 -18.613382
v -143.500000 4.554033 -18.414385
v -143.500000 5.386880 -18.175026
v -143.500000 6.207243 -17.895861
v -143.500000 7.013219 -17.577538
v -143.500000 7.802942 -17.220791
v -143.500000 8.574580 -16.826450
v -143.500000 9.326344 -16.395432
v -143.500000 10.056493 -15.928729
v -143.500000 10.763334 -15.427427
v -143.500000 11.445229 -14.892687
v -143.500000 12.100598 -14.325747
v -143.500000 12.727921 -13.727923
v -143.500000 13.325745 -13.100600
v -143.500000 13.892685 -12.445230
v -143.500000 14.427425 -11.763336
v -143.500000 14.928727 -11.056495
v -143.500000 15.395430 -10.326346
v -143.500000 15.826450 -9.574582
v -143.500000 16.220791 -8.802944
v -143.500000 16.577538 -8.013222
v -143.500000 16.895861 -7.207246
v -143.500000 17.175026 -6.386883
v -143.500000 17.414385 -5.554036
v -143.500000 17.613382 -4.710632
v -143.500000 17.771557 -3.858629
v -143.500000 17.888544 -3.000001
v -143.500000 7.000000 -3.000000
v -143.500000 6.994955 -3.440330
v -143.500000 6.949893 -3.878376
v -143.500000 6.865189 -4.310512
v -143.500000 6.741541 -4.733153
v -143.500000 6.579978 -5.142804
v -143.500000 6.381836 -5.536066
v -143.500000 6.148757 -5.909682
v -143.500000 5.882672 -6.260559
v -143.500000 5.585785 -6.585786
v -143.500000 5.260558 -6.882673
v -143.500000 4.909681 -7.148758
v -143.500000 4.536065 -7.381837
v -143.500000 4.142803 -7.579979
v -143.500000 3.733153 -7.741542
v -143.500000 3.310511 -7.865190
v -143.500000 2.878375 -7.949893
v -143.500000 2.440328 -7.994955
v -148.000000 1.999999 -8.000000
v -148.000000 1.999999 -18.888544
v -148.000000 2.858627 -18.771557
v -148.000000 3.710629 -18.613382
v -148.000000 4.554033 -18.414385
v -148.000000 5.386880 -18.175026
v -148.000000 6.207243 -17.895861
v -148.000000 7.013219 -17.577538
v -148.000000 7.802942 -17.220791
v -148.000000 8.574580 -16.826450
v -148.000000 9.326344 -16.395432
v -148.000000 10.056493 -15.928729
v -148.000000 10.763334 -15.427427
v -148.000000 11.445229 -14.892687
v -148.000000 12.100598 -14.325747
v -148.000000 12.727921 -13.727923
v -148.000000 13.325745 -13.100600
v -148.000000 13.892685 -12.445230
v -148.000000 14.427425 -11.763336
v -148.000000 14.928727 -11.056495
v -148.000000 15.395430 -10.326346
v -148.000000 15.826450 -9.574582
v -148.000000 16.220791 -8.802944
v -148.000000 16.577538 -8.013222
v -148.000000 16.895861 -7.207246
v -148.000000 17.175026 -6.386883
v -148.000000 17.414385 -5.554036
v -148.000000 17.613382 -4.710632
v -148.000000 17.771557 -3.858629
v -148.000000 17.888544 -3.000001
v -148.000000 7.000000 -3.000000
v -148.000000 6.994955 -3.440330
v -148.000000 6.949893 -3.878376
v -148.000000 6.865189 -4.310512
v -148.000000 6.741541 -4.733153
v -148.000000 6.579978 -5.142804
v -148.000000 6.381836 -5.536066
v -148.000000 6.148757 -5.909682
v -148.000000 5.882672 -6.260559
v -148.000000 5.585785 -6.585786
v -148.000000 5.260558 -6.882673
v -148.000000 4.909681 -7.148758
v -148.000000 4.536065 -7.381837
v -148.000000 4.142803 -7.579979
v -148.000000 3.733153 -7.741542
v -148.000000 3.310511 -7.865190
v -148.000000 2.878375 -7.949893
v -148.000000 2.440328 -7.994955
v -148.000000 7.000000 -9.000001
v -148.000000 7.173647 -8.984809
v -148.000000 7.342020 -8.939694
v -148.000000 7.500000 -8.866026
v -148.000000 7.642787 -8.766045
v -148.000000 7.766044 -8.642789
v -148.000000 7.866024 -8.500001
v -148.000000 7.939692 -8.342021
v -148.000000 7.984807 -8.173649
v -148.000000 8.000000 -8.000001
v -148.000000 7.984807 -7.826353
v -148.000000 7.939692 -7.657980
v -148.000000 7.866024 -7.500000
v -148.000000 7.766044 -7.357213
v -148.000000 7.642787 -7.233956
v -148.000000 7.500000 -7.133976
v -148.000000 7.342020 -7.060308
v -148.000000 7.173647 -7.015193
v -148.000000 7.000000 -7.000000
v -148.000000 6.826352 -7.015193
v -148.000000 6.657979 -7.060308
v -148.000000 6.500000 -7.133976
v -148.000000 6.357212 -7.233956
v -148.000000 6.233955 -7.357213
v -148.000000 6.133975 -7.500000
v -148.000000 6.060307 -7.657980
v -148.000000 6.015192 -7.826353
v -148.000000 6.000000 -8.000000
v -148.000000 6.015192 -8.173648
v -148.000000 6.060307 -8.342020
v -148.000000 6.133975 -8.500000
v -148.000000 6.233955 -8.642788
v -148.000000 6.357212 -8.766045
v -148.000000 6.500000 -8.866026
v -148.000000 6.657979 -8.939694
v -148.000000 6.826352 -8.984809
v -156.000000 7.000000 -9.000001
v -156.000000 7.173647 -8.984809
v -156.000000 7.342020 -8.939694
v -156.000000 7.500000 -8.866026
v -156.000000 7.642787 -8.766045
v -156.000000 7.766044 -8.642789
v -156.000000 7.866024 -8.500001
v -156.000000 7.939692 -8.342021
v -156.000000 7.984807 -8.173649
v -156.000000 8.000000 -8.000001
v -156.000000 7.984807 -7.826353
v -156.000000 7.939692 -7.657980
v -156.000000 7.866024 -7.500000
v -156.000000 7.766044 -7.357213
v -156.000000 7.642787 -7.233956
v -156.000000 7.500000 -7.133976
v -156.000000 7.342020 -7.060308
v -156.000000 7.173647 -7.015193
v -156.000000 7.000000 -7.000000
v -156.000000 6.826352 -7.015193
v -156.000000 6.657979 -7.060308
v -156.000000 6.500000 -7.133976
v -156.000000 6.357212 -7.233956
v -156.000000 6.233955 -7.357213
v -156.000000 6.133975 -7.500000
v -156.000000 6.060307 -7.657980
v -156.000000 6.015192 -7.826353
v -156.000000 6.000000 -8.000000
v -156.000000 6.015192 -8.173648
v -156.000000 6.060307 -8.342020
v -156.000000 6.133975 -8.500000
v -156.000000 6.233955 -8.642788
v -156.000000 6.357212 -8.766045
v -156.000000 6.500000 -8.866026
v -156.000000 6.657979 -8.939694
v -156.000000 6.826352 -8.984809
v -153.333328 7.000000 -7.000000
v -150.666672 7.000000 -7.000000
v -153.333328 7.173647 -8.984809
v -150.666672 7.173647 -8.984809
v -150.666672 7.000000 -9.000001
v -153.333328 7.000000 -9.000001
v -153.333328 7.342020 -8.939694
v -150.666672 7.342020 -8.939694
v -153.333328 7.500000 -8.866026
v -150.666672 7.500000 -8.866026
v -153.333328 7.642787 -8.766045
v -150.666672 7.642787 -8.766045
v -153.333328 7.766044 -8.642789
v -150.666672 7.766044 -8.642789
v -153.333328 7.866024 -8.500001
v -150.666672 7.866024 -8.500001
v -153.333328 7.939692 -8.342021
v -150.666672 7.939692 -8.342021
v -153.333328 7.984807 -8.173649
v -150.666672 7.984807 -8.173649
v -153.333328 8.000000 -8.000001
v -150.666672 8.000000 -8.000001
v -153.333328 7.984807 -7.826353
v -150.666672 7.984807 -7.826353
v -153.333328 7.939692 -7.657980
v -150.666672 7.939692 -7.657980
v -153.333328 7.866024 -7.500000
v -150.666672 7.866024 -7.500000
v -153.333328 7.766044 -7.357213
v -150.666672 7.766044 -7.357213
v -153.333328 7.642787 -7.233956
v -150.666672 7.642787 -7.233956
v -153.333328 7.500000 -7.133976
v -150.666672 7.500000 -7.133976
v -153.333328 7.342020 -7.060308
v -150.666672 7.342020 -7.060308
v -153.333328 7.173647 -7.015193
v -150.666672 7.173647 -7.015193
v -153.333328 6.826352 -7.015193
v -150.666672 6.826352 -7.015193
v -153.333328 6.657979 -7.060308
v -150.666672 6.657979 -7.060308
v -153.333328 6.500000 -7.133976
v -150.666672 6.500000 -7.133976
v -153.333328 6.357212 -7.233956
v -150.666672 6.357212 -7.233956
v -153.333328 6.233955 -7.357213
v -150.666672 6.233955 -7.357213
v -153.333328 6.133975 -7.500000
v -150.666672 6.133975 -7.500000
v -153.333328 6.060307 -7.657980
v -150.666672 6.060307 -7.657980
v -153.333328 6.015192 -7.826353
v -150.666672 6.015192 -7.826353
v -153.333328 6.000000 -8.000000
v -150.666672 6.000000 -8.000000
v -153.333328 6.015192 -8.173648
v -150.666672 6.015192 -8.173648
v -153.333328 6.060307 -8.342020
v -150.666672 6.060307 -8.342020
v -153.333328 6.133975 -8.500000
v -150.666672 6.133975 -8.500000
v -153.333328 6.233955 -8.642788
v -150.666672 6.233955 -8.642788
v -153.333328 6.357212 -8.766045
v -150.666672 6.357212 -8.766045
v -153.333328 6.500000 -8.866026
v -150.666672 6.500000 -8.866026
v -153.333328 6.657979 -8.939694
v -150.666672 6.657979 -8.939694
v -153.333328 6.826352 -8.984809
v -150.666672 6.826352 -8.984809
v -156.000000 1.999999 -8.000000
v -156.000000 1.999999 -18.888544
v -156.000000 2.858627 -18.771557
v -156.000000 3.710629 -18.613382
v -156.000000 4.554033 -18.414385
v -156.000000 5.386880 -18.175026
v -156.000000 6.207243 -17.895861
v -156.000000 7.013219 -17.577538
v -156.000000 7.802942 -17.220791
v -156.000000 8.574580 -16.826450
v -156.000000 9.326344 -16.395432
v -156.000000 10.056493 -15.928729
v -156.000000 10.763334 -15.427427
v -156.000000 11.445229 -14.892687
v -156.000000 12.100598 -14.325747
v -156.000000 12.727921 -13.727923
v -156.000000 13.325745 -13.100600
v -156.000000 13.892685 -12.445230
v -156.000000 14.427425 -11.763336
v -156.000000 14.928727 -11.056495
v -156.000000 15.395430 -10.326346
v -156.000000 15.826450 -9.574582
v -156.000000 16.220791 -8.802944
v -156.000000 16.577538 -8.013222
v -156.000000 16.895861 -7.207246
v -156.000000 17.175026 -6.386883
v -156.000000 17.414385 -5.554036
v -156.000000 17.613382 -4.710632
v -156.000000 17.771557 -3.858629
v -156.000000 17.888544 -3.000001
v -156.000000 7.000000 -3.000000
v -156.000000 6.994955 -3.440330
v -156.000000 6.949893 -3.878376
v -156.000000 6.865189 -4.310512
v -156.000000 6.741541 -4.733153
v -156.000000 6.579978 -5.142804
v -156.000000 6.381836 -5.536066
v -156.000000 6.148757 -5.909682
v -156.000000 5.882672 -6.260559
v -156.000000 5.585785 -6.585786
v -156.000000 5.260558 -6.882673
v -156.000000 4.909681 -7.148758
v -156.000000 4.536065 -7.381837
v -156.000000 4.142803 -7.579979
v -156.000000 3.733153 -7.741542
v -156.000000 3.310511 -7.865190
v -156.000000 2.878375 -7.949893
v -156.000000 2.440328 -7.994955
v -160.500000 1.999999 -8.000000
v -160.500000 1.999999 -18.888544
v -160.500000 2.858627 -18.771557
v -160.500000 3.710629 -18.613382
v -160.500000 4.554033 -18.414385
v -160.500000 5.386880 -18.175026
v -160.500000 6.207243 -17.895861
v -160.500000 7.013219 -17.577538
v -160.500000 7.802942 -17.220791
v -160.500000 8.574580 -16.826450
v -160.500000 9.326344 -16.395432
v -160.500000 10.056493 -15.928729
v -160.500000 10.763334 -15.427427
v -160.500000 11.445229 -14.892687
v -160.500000 12.100598 -14.325747
v -160.500000 12.727921 -13.727923
v -160.500000 13.325745 -13.100600
v -160.500000 13.892685 -12.445230
v -160.500000 14.427425 -11.763336
v -160.500000 14.928727 -11.056495
v -160.500000 15.395430 -10.326346
v -160.500000 15.826450 -9.574582
v -160.500000 16.220791 -8.802944
v -160.500000 16.577538 -8.013222
v -160.500000 16.895861 -7.207246
v -160.500000 17.175026 -6.386883
v -160.500000 17.414385 -5.554036
v -160.500000 17.613382 -4.710632
v -160.500000 17.771557 -3.858629
v -160.500000 17.888544 -3.000001
v -160.500000 7.000000 -3.000000
v -160.500000 6.994955 -3.440330
v -160.500000 6.949893 -3.878376
v -160.500000 6.865189 -4.310512
v -160.500000 6.741541 -4.733153
v -160.500000 6.579978 -5.142804
v -160.500000 6.381836 -5.536066
v -160.500000 6.148757 -5.909682
v -160.500000 5.882672 -6.260559
v -160.500000 5.585785 -6.585786
v -160.500000 5.260558 -6.882673
v -160.500000 4.909681 -7.148758
v -160.500000 4.536065 -7.381837
v -160.500000 4.142803 -7.579979
v -160.500000 3.733153 -7.741542
v -160.500000 3.310511 -7.865190
v -160.500000 2.878375 -7.949893
v -160.500000 2.440328 -7.994955
v -160.500000 7.000000 -9.000001
v -160.500000 7.173647 -8.984809
v -160.500000 7.342020 -8.939694
v -160.500000 7.500000 -8.866026
v -160.500000 7.642787 -8.766045
v -160.500000 7.766044 -8.642789
v -160.500000 7.866024 -8.500001
v -160.500000 7.939692 -8.342021
v -160.500000 7.984807 -8.173649
v -160.500000 8.000000 -8.000001
v -160.500000 7.984807 -7.826353
v -160.500000 7.939692 -7.657980
v -160.500000 7.866024 -7.500000
v -160.500000 7.766044 -7.357213
v -160.500000 7.642787 -7.233956
v -160.500000 7.500000 -7.133976
v -160.500000 7.342020 -7.060308
v -160.500000 7.173647 -7.015193
v -160.500000 7.000000 -7.000000
v -160.500000 6.826352 -7.015193
v -160.500000 6.657979 -7.060308
v -160.500000 6.500000 -7.133976
v -160.500000 6.357212 -7.233956
v -160.500000 6.233955 -7.357213
v -160.500000 6.133975 -7.500000
v -160.500000 6.060307 -7.657980
v -160.500000 6.015192 -7.826353
v -160.500000 6.000000 -8.000000
v -160.500000 6.015192 -8.173648
v -160.500000 6.060307 -8.342020
v -160.500000 6.133975 -8.500000
v -160.500000 6.233955 -8.642788
v -160.500000 6.357212 -8.766045
v -160.500000 6.500000 -8.866026
v -160.500000 6.657979 -8.939694
v -160.500000 6.826352 -8.984809
v -168.500000 7.000000 -9.000001
v -168.500000 7.173647 -8.984809
v -168.500000 7.342020 -8.939694
v -168.500000 7.500000 -8.866026
v -168.500000 7.642787 -8.766045
v -168.500000 7.766044 -8.642789
v -168.500000 7.866024 -8.500001
v -168.500000 7.939692 -8.342021
v -168.500000 7.984807 -8.173649
v -168.500000 8.000000 -8.000001
v -168.500000 7.984807 -7.826353
v -168.500000 7.939692 -7.657980
v -168.500000 7.866024 -7.500000
v -168.500000 7.766044 -7.357213
v -168.500000 7.642787 -7.233956
v -168.500000 7.500000 -7.133976
v -168.500000 7.342020 -7.060308
v -168.500000 7.173647 -7.015193
v -168.500000 7.000000 -7.000000
v -168.500000 6.826352 -7.015193
v -168.500000 6.657979 -7.060308
v -168.500000 6.500000 -7.133976
v -168.500000 6.357212 -7.233956
v -168.500000 6.233955 -7.357213
v -168.500000 6.133975 -7.500000
v -168.500000 6.060307 -7.657980
v -168.500000 6.015192 -7.826353
v -168.500000 6.000000 -8.000000
v -168.500000 6.015192 -8.173648
v -168.500000 6.060307 -8.342020
v -168.500000 6.133975 -8.500000
v -168.500000 6.233955 -8.642788
v -168.500000 6.357212 -8.766045
v -168.500000 6.500000 -8.866026
v -168.500000 6.657979 -8.939694
v -168.500000 6.826352 -8.984809
v -165.833328 7.000000 -7.000000
v -163.166672 7.000000 -7.000000
v -165.833328 7.173647 -8.984809
v -163.166672 7.173647 -8.984809
v -163.166672 7.000000 -9.000001
v -165.833328 7.000000 -9.000001
v -165.833328 7.342020 -8.939694
v -163.166672 7.342020 -8.939694
v -165.833328 7.500000 -8.866026
v -163.166672 7.500000 -8.866026
v -165.833328 7.642787 -8.766045
v -163.166672 7.642787 -8.766045
v -165.833328 7.766044 -8.642789
v -163.166672 7.766044 -8.642789
v -165.833328 7.866024 -8.500001
v -163.166672 7.866024 -8.500001
v -165.833328 7.939692 -8.342021
v -163.166672 7.939692 -8.342021
v -165.833328 7.984807 -8.173649
v -163.166672 7.984807 -8.173649
v -165.833328 8.000000 -8.000001
v -163.166672 8.000000 -8.000001
v -165.833328 7.984807 -7.826353
v -163.166672 7.984807 -7.826353
v -165.833328 7.939692 -7.657980
v -163.166672 7.939692 -7.657980
v -165.833328 7.866024 -7.500000
v -163.166672 7.866024 -7.500000
v -165.833328 7.766044 -7.357213
v -163.166672 7.766044 -7.357213
v -165.833328 7.642787 -7.233956
v -163.166672 7.642787 -7.233956
v -165.833328 7.500000 -7.133976
v -163.166672 7.500000 -7.133976
v -165.833328 7.342020 -7.060308
v -163.166672 7.342020 -7.060308
v -165.833328 7.173647 -7.015193
v -163.166672 7.173647 -7.015193
v -165.833328 6.826352 -7.015193
v -163.166672 6.826352 -7.015193
v -165.833328 6.657979 -7.060308
v -163.166672 6.657979 -7.060308
v -165.833328 6.500000 -7.133976
v -163.166672 6.500000 -7.133976
v -165.833328 6.357212 -7.233956
v -163.166672 6.357212 -7.233956
v -165.833328 6.233955 -7.357213
v -163.166672 6.233955 -7.357213
v -165.833328 6.133975 -7.500000
v -163.166672 6.133975 -7.500000
v -165.833328 6.060307 -7.657980
v -163.166672 6.060307 -7.657980
v -165.833328 6.015192 -7.826353
v -163.166672 6.015192 -7.826353
v -165.833328 6.000000 -8.000000
v -163.166672 6.000000 -8.000000
v -165.833328 6.015192 -8.173648
v -163.166672 6.015192 -8.173648
v -165.833328 6.060307 -8.342020
v -163.166672 6.060307 -8.342020
v -165.833328 6.133975 -8.500000
v -163.166672 6.133975 -8.500000
v -165.833328 6.233955 -8.642788
v -163.166672 6.233955 -8.642788
v -165.833328 6.357212 -8.766045
v -163.166672 6.357212 -8.766045
v -165.833328 6.500000 -8.866026
v -163.166672 6.500000 -8.866026
v -165.833328 6.657979 -8.939694
v -163.166672 6.657979 -8.939694
v -165.833328 6.826352 -8.984809
v -163.166672 6.826352 -8.984809
v -168.500000 1.999999 -8.000000
v -168.500000 1.999999 -18.888544
v -168.500000 2.858627 -18.771557
v -168.500000 3.710629 -18.613382
v -168.500000 4.554033 -18.414385
v -168.500000 5.386880 -18.175026
v -168.500000 6.207243 -17.895861
v -168.500000 7.013219 -17.577538
v -168.500000 7.802942 -17.220791
v -168.500000 8.574580 -16.826450
v -168.500000 9.326344 -16.395432
v -168.500000 10.056493 -15.928729
v -168.500000 10.763334 -15.427427
v -168.500000 11.445229 -14.892687
v -168.500000 12.100598 -14.325747
v -168.500000 12.727921 -13.727923
v -168.500000 13.325745 -13.100600
v -168.500000 13.892685 -12.445230
v -168.500000 14.427425 -11.763336
v -168.500000 14.928727 -11.056495
v -168.500000 15.395430 -10.326346
v -168.500000 15.826450 -9.574582
v -168.500000 16.220791 -8.802944
v -168.500000 16.577538 -8.013222
v -168.500000 16.895861 -7.207246
v -168.500000 17.175026 -6.386883
v -168.500000 17.414385 -5.554036
v -168.500000 17.613382 -4.710632
v -168.500000 17.771557 -3.858629
v -168.500000 17.888544 -3.000001
v -168.500000 7.000000 -3.000000
v -168.500000 6.994955 -3.440330
v -168.500000 6.949893 -3.878376
v -168.500000 6.865189 -4.310512
v -168.500000 6.741541 -4.733153
v -168.500000 6.579978 -5.142804
v -168.500000 6.381836 -5.536066
v -168.500000 6.148757 -5.909682
v -168.500000 5.882672 -6.260559
v -168.500000 5.585785 -6.585786
v -168.500000 5.260558 -6.882673
v -168.500000 4.909681 -7.148758
v -168.500000 4.536065 -7.381837
v -168.500000 4.142803 -7.579979
v -168.500000 3.733153 -7.741542
v -168.500000 3.310511 -7.865190
v -168.500000 2.878375 -7.949893
v -168.500000 2.440328 -7.994955
v -173.000000 1.999999 -8.000000
v -173.000000 1.999999 -18.888544
v -173.000000 2.858627 -18.771557
v -173.000000 3.710629 -18.613382
v -173.000000 4.554033 -18.414385
v -173.000000 5.386880 -18.175026
v -173.000000 6.207243 -17.895861
v -173.000000 7.013219 -17.577538
v -173.000000 7.802942 -17.220791
v -173.000000 8.574580 -16.826450
v -173.000000 9.326344 -16.395432
v -173.000000 10.056493 -15.928729
v -173.000000 10.763334 -15.427427
v -173.000000 11.445229 -14.892687
v -173.000000 12.100598 -14.325747
v -173.000000 12.727921 -13.727923
v -173.000000 13.325745 -13.100600
v -173.000000 13.892685 -12.445230
v -173.000000 14.427425 -11.763336
v -173.000000 14.928727 -11.056495
v -173.000000 15.395430 -10.326346
v -173.000000 15.826450 -9.574582
v -173.000000 16.220791 -8.802944
v -173.000000 16.577538 -8.013222
v -173.000000 16.895861 -7.207246
v -173.000000 17.175026 -6.386883
v -173.000000 17.414385 -5.554036
v -173.000000 17.613382 -4.710632
v -173.000000 17.771557 -3.858629
v -173.000000 17.888544 -3.000001
v -173.000000 7.000000 -3.000000
v -173.000000 6.994955 -3.440330
v -173.000000 6.949893 -3.878376
v -173.000000 6.865189 -4.310512
v -173.000000 6.741541 -4.733153
v -173.000000 6.579978 -5.142804
v -173.000000 6.381836 -5.536066
v -173.000000 6.148757 -5.909682
v -173.000000 5.882672 -6.260559
v -173.000000 5.585785 -6.585786
v -173.000000 5.260558 -6.882673
v -173.000000 4.909681 -7.148758
v -173.000000 4.536065 -7.381837
v -173.000000 4.142803 -7.579979
v -173.000000 3.733153 -7.741542
v -173.000000 3.310511 -7.865190
v -173.000000 2.878375 -7.949893
v -173.000000 2.440328 -7.994955
v -173.000000 7.000000 -9.000001
v -173.000000 7.173647 -8.984809
v -173.000000 7.342020 -8.939694
v -173.000000 7.500000 -8.866026
v -173.000000 7.642787 -8.766045
v -173.000000 7.766044 -8.642789
v -173.000000 7.866024 -8.500001
v -173.000000 7.939692 -8.342021
v -173.000000 7.984807 -8.173649
v -173.000000 8.000000 -8.000001
v -173.000000 7.984807 -7.826353
v -173.000000 7.939692 -7.657980
v -173.000000 7.866024 -7.500000
v -173.000000 7.766044 -7.357213
v -173.000000 7.642787 -7.233956
v -173.000000 7.500000 -7.133976
v -173.000000 7.342020 -7.060308
v -173.000000 7.173647 -7.015193
v -173.000000 7.000000 -7.000000
v -173.000000 6.826352 -7.015193
v -173.000000 6.657979 -7.060308
v -173.000000 6.500000 -7.133976
v -173.000000 6.357212 -7.233956
v -173.000000 6.233955 -7.357213
v -173.000000 6.133975 -7.500000
v -173.000000 6.060307 -7.657980
v -173.000000 6.015192 -7.826353
v -173.000000 6.000000 -8.000000
v -173.000000 6.015192 -8.173648
v -173.000000 6.060307 -8.342020
v -173.000000 6.133975 -8.500000
v -173.000000 6.233955 -8.642788
v -173.000000 6.357212 -8.766045
v -173.000000 6.500000 -8.866026
v -173.000000 6.657979 -8.939694
v -173.000000 6.826352 -8.984809
v -181.000000 7.000000 -9.000001
v -181.000000 7.173647 -8.984809
v -181.000000 7.342020 -8.939694
v -181.000000 7.500000 -8.866026
v -181.000000 7.642787 -8.766045
v -181.000000 7.766044 -8.642789
v -181.000000 7.866024 -8.500001
v -181.000000 7.939692 -8.342021
v -181.000000 7.984807 -8.173649
v -181.000000 8.000000 -8.000001
v -181.000000 7.984807 -7.826353
v -181.000000 7.939692 -7.657980
v -181.000000 7.866024 -7.500000
v -181.000000 7.766044 -7.357213
v -181.000000 7.642787 -7.233956
v -181.000000 7.500000 -7.133976
v -181.000000 7.342020 -7.060308
v -181.000000 7.173647 -7.015193
v -181.000000 7.000000 -7.000000
v -181.000000 6.826352 -7.015193
v -181.000000 6.657979 -7.060308
v -181.000000 6.500000 -7.133976
v -181.000000 6.357212 -7.233956
v -181.000000 6.233955 -7.357213
v -181.000000 6.133975 -7.500000
v -181.000000 6.060307 -7.657980
v -181.000000 6.015192 -7.826353
v -181.000000 6.000000 -8.000000
v -181.000000 6.015192 -8.173648
v -181.000000 6.060307 -8.342020
v -181.000000 6.133975 -8.500000
v -181.000000 6.233955 -8.642788
v -181.000000 6.357212 -8.766045
v -181.000000 6.500000 -8.866026
v -181.000000 6.657979 -8.939694
v -181.000000 6.826352 -8.984809
v -178.333328 7.000000 -7.000000
v -175.666672 7.000000 -7.000000
v -178.333328 7.173647 -8.984809
v -175.666672 7.173647 -8.984809
v -175.666672 7.000000 -9.000001
v -178.333328 7.000000 -9.000001
v -178.333328 7.342020 -8.939694
v -175.666672 7.342020 -8.939694
v -178.333328 7.500000 -8.866026
v -175.666672 7.500000 -8.866026
v -178.333328 7.642787 -8.766045
v -175.666672 7.642787 -8.766045
v -178.333328 7.766044 -8.642789
v -175.666672 7.766044 -8.642789
v -178.333328 7.866024 -8.500001
v -175.666672 7.866024 -8.500001
v -178.333328 7.939692 -8.342021
v -175.666672 7.939692 -8.342021
v -178.333328 7.984807 -8.173649
v -175.666672 7.984807 -8.173649
v -178.333328 8.000000 -8.000001
v -175.666672 8.000000 -8.000001
v -178.333328 7.984807 -7.826353
v -175.666672 7.984807 -7.826353
v -178.333328 7.939692 -7.657980
v -175.666672 7.939692 -7.657980
v -178.333328 7.866024 -7.500000
v -175.666672 7.866024 -7.500000
v -178.333328 7.766044 -7.357213
v -175.666672 7.766044 -7.357213
v -178.333328 7.642787 -7.233956
v -175.666672 7.642787 -7.233956
v -178.333328 7.500000 -7.133976
v -175.666672 7.500000 -7.133976
v -178.333328 7.342020 -7.060308
v -175.666672 7.342020 -7.060308
v -178.333328 7.173647 -7.015193
v -175.666672 7.173647 -7.015193
v -178.333328 6.826352 -7.015193
v -175.666672 6.826352 -7.015193
v -178.333328 6.657979 -7.060308
v -175.666672 6.657979 -7.060308
v -178.333328 6.500000 -7.133976
v -175.666672 6.500000 -7.133976
v -178.333328 6.357212 -7.233956
v -175.666672 6.357212 -7.233956
v -178.333328 6.233955 -7.357213
v -175.666672 6.233955 -7.357213
v -178.333328 6.133975 -7.500000
v -175.666672 6.133975 -7.500000
v -178.333328 6.060307 -7.657980
v -175.666672 6.060307 -7.657980
v -178.333328 6.015192 -7.826353
v -175.666672 6.015192 -7.826353
v -178.333328 6.000000 -8.000000
v -175.666672 6.000000 -8.000000
v -178.333328 6.015192 -8.173648
v -175.666672 6.015192 -8.173648
v -178.333328 6.060307 -8.342020
v -175.666672 6.060307 -8.342020
v -178.333328 6.133975 -8.500000
v -175.666672 6.133975 -8.500000
v -178.333328 6.233955 -8.642788
v -175.666672 6.233955 -8.642788
v -178.333328 6.357212 -8.766045
v -175.666672 6.357212 -8.766045
v -178.333328 6.500000 -8.866026
v -175.666672 6.500000 -8.866026
v -178.333328 6.657979 -8.939694
v -175.666672 6.657979 -8.939694
v -178.333328 6.826352 -8.984809
v -175.666672 6.826352 -8.984809
v -181.000000 1.999999 -8.000000
v -181.000000 1.999999 -18.888544
v -181.000000 2.858627 -18.771557
v -181.000000 3.710629 -18.613382
v -181.000000 4.554033 -18.414385
v -181.000000 5.386880 -18.175026
v -181.000000 6.207243 -17.895861
v -181.000000 7.013219 -17.577538
v -181.000000 7.802942 -17.220791
v -181.000000 8.574580 -16.826450
v -181.000000 9.326344 -16.395432
v -181.000000 10.056493 -15.928729
v -181.000000 10.763334 -15.427427
v -181.000000 11.445229 -14.892687
v -181.000000 12.100598 -14.325747
v -181.000000 12.727921 -13.727923
v -181.000000 13.325745 -13.100600
v -181.000000 13.892685 -12.445230
v -181.000000 14.427425 -11.763336
v -181.000000 14.928727 -11.056495
v -181.000000 15.395430 -10.326346
v -181.000000 15.826450 -9.574582
v -181.000000 16.220791 -8.802944
v -181.000000 16.577538 -8.013222
v -181.000000 16.895861 -7.207246
v -181.000000 17.175026 -6.386883
v -181.000000 17.414385 -5.554036
v -181.000000 17.613382 -4.710632
v -181.000000 17.771557 -3.858629
v -181.000000 17.888544 -3.000001
v -181.000000 7.000000 -3.000000
v -181.000000 6.994955 -3.440330
v -181.000000 6.949893 -3.878376
v -181.000000 6.865189 -4.310512
v -181.000000 6.741541 -4.733153
v -181.000000 6.579978 -5.142804
v -181.000000 6.381836 -5.536066
v -181.000000 6.148757 -5.909682
v -181.000000 5.882672 -6.260559
v -181.000000 5.585785 -6.585786
v -181.000000 5.260558 -6.882673
v -181.000000 4.909681 -7.148758
v -181.000000 4.536065 -7.381837
v -181.000000 4.142803 -7.579979
v -181.000000 3.733153 -7.741542
v -181.000000 3.310511 -7.865190
v -181.000000 2.878375 -7.949893
v -181.000000 2.440328 -7.994955
v -185.500000 1.999999 -8.000000
v -185.500000 1.999999 -18.888544
v -185.500000 2.858627 -18.771557
v -185.500000 3.710629 -18.613382
v -185.500000 4.554033 -18.414385
v -185.500000 5.386880 -18.175026
v -185.500000 6.207243 -17.895861
v -185.500000 7.013219 -17.577538
v -185.500000 7.802942 -17.220791
v -185.500000 8.574580 -16.826450
v -185.500000 9.326344 -16.395432
v -185.500000 10.056493 -15.928729
v -185.500000 10.763334 -15.427427
v -185.500000 11.445229 -14.892687
v -185.500000 12.100598 -14.325747
v -185.500000 12.727921 -13.727923
v -185.500000 13.325745 -13.100600
v -185.500000 13.892685 -12.445230
v -185.500000 14.427425 -11.763336
v -185.500000 14.928727 -11.056495
v -185.500000 15.395430 -10.326346
v -185.500000 15.826450 -9.574582
v -185.500000 16.220791 -8.802944
v -185.500000 16.577538 -8.013222
v -185.500000 16.895861 -7.207246
v -185.500000 17.175026 -6.386883
v -185.500000 17.414385 -5.554036
v -185.500000 17.613382 -4.710632
v -185.500000 17.771557 -3.858629
v -185.500000 17.888544 -3.000001
v -185.500000 7.000000 -3.000000
v -185.500000 6.994955 -3.440330
v -185.500000 6.949893 -3.878376
v -185.500000 6.865189 -4.310512
v -185.500000 6.741541 -4.733153
v -185.500000 6.579978 -5.142804
v -185.500000 6.381836 -5.536066
v -185.500000 6.148757 -5.909682
v -185.500000 5.882672 -6.260559
v -185.500000 5.585785 -6.585786
v -185.500000 5.260558 -6.882673
v -185.500000 4.909681 -7.148758
v -185.500000 4.536065 -7.381837
v -185.500000 4.142803 -7.579979
v -185.500000 3.733153 -7.741542
v -185.500000 3.310511 -7.865190
v -185.500000 2.878375 -7.949893
v -185.500000 2.440328 -7.994955
v -185.500000 7.000000 -9.000001
v -185.500000 7.173647 -8.984809
v -185.500000 7.342020 -8.939694
v -185.500000 7.500000 -8.866026
v -185.500000 7.642787 -8.766045
v -185.500000 7.766044 -8.642789
v -185.500000 7.866024 -8.500001
v -185.500000 7.939692 -8.342021
v -185.500000 7.984807 -8.173649
v -185.500000 8.000000 -8.000001
v -185.500000 7.984807 -7.826353
v -185.500000 7.939692 -7.657980
v -185.500000 7.866024 -7.500000
v -185.500000 7.766044 -7.357213
v -185.500000 7.642787 -7.233956
v -185.500000 7.500000 -7.133976
v -185.500000 7.342020 -7.060308
v -185.500000 7.173647 -7.015193
v -185.500000 7.000000 -7.000000
v -185.500000 6.826352 -7.015193
v -185.500000 6.657979 -7.060308
v -185.500000 6.500000 -7.133976
v -185.500000 6.357212 -7.233956
v -185.500000 6.233955 -7.357213
v -185.500000 6.133975 -7.500000
v -185.500000 6.060307 -7.657980
v -185.500000 6.015192 -7.826353
v -185.500000 6.000000 -8.000000
v -185.500000 6.015192 -8.173648
v -185.500000 6.060307 -8.342020
v -185.500000 6.133975 -8.500000
v -185.500000 6.233955 -8.642788
v -185.500000 6.357212 -8.766045
v -185.500000 6.500000 -8.866026
v -185.500000 6.657979 -8.939694
v -185.500000 6.826352 -8.984809
v -193.500000 7.000000 -9.000001
v -193.500000 7.173647 -8.984809
v -193.500000 7.342020 -8.939694
v -193.500000 7.500000 -8.866026
v -193.500000 7.642787 -8.766045
v -193.500000 7.766044 -8.642789
v -193.500000 7.866024 -8.500001
v -193.500000 7.939692 -8.342021
v -193.500000 7.984807 -8.173649
v -193.500000 8.000000 -8.000001
v -193.500000 7.984807 -7.826353
v -193.500000 7.939692 -7.657980
v -193.500000 7.866024 -7.500000
v -193.500000 7.766044 -7.357213
v -193.500000 7.642787 -7.233956
v -193.500000 7.500000 -7.133976
v -193.500000 7.342020 -7.060308
v -193.500000 7.173647 -7.015193
v -193.500000 7.000000 -7.000000
v -193.500000 6.826352 -7.015193
v -193.500000 6.657979 -7.060308
v -193.500000 6.500000 -7.133976
v -193.500000 6.357212 -7.233956
v -193.500000 6.233955 -7.357213
v -193.500000 6.133975 -7.500000
v -193.500000 6.060307 -7.657980
v -193.500000 6.015192 -7.826353
v -193.500000 6.000000 -8.000000
v -193.500000 6.015192 -8.173648
v -193.500000 6.060307 -8.342020
v -193.500000 6.133975 -8.500000
v -193.500000 6.233955 -8.642788
v -193.500000 6.357212 -8.766045
v -193.500000 6.500000 -8.866026
v -193.500000 6.657979 -8.939694
v -193.500000 6.826352 -8.984809
v -190.833344 7.000000 -7.000000
v -188.166656 7.000000 -7.000000
v -190.833344 7.173647 -8.984809
v -188.166656 7.173647 -8.984809
v -188.166656 7.000000 -9.000001
v -190.833344 7.000000 -9.000001
v -190.833344 7.342020 -8.939694
v -188.166656 7.342020 -8.939694
v -190.833344 7.500000 -8.866026
v -188.166656 7.500000 -8.866026
v -190.833344 7.642787 -8.766045
v -188.166656 7.642787 -8.766045
v -190.833344 7.766044 -8.642789
v -188.166656 7.766044 -8.642789
v -190.833344 7.866024 -8.500001
v -188.166656 7.866024 -8.500001
v -190.833344 7.939692 -8.342021
v -188.166656 7.939692 -8.342021
v -190.833344 7.984807 -8.173649
v -188.166656 7.984807 -8.173649
v -190.833344 8.000000 -8.000001
v -188.166656 8.000000 -8.000001
v -190.833344 7.984807 -7.826353
v -188.166656 7.984807 -7.826353
v -190.833344 7.939692 -7.657980
v -188.166656 7.939692 -7.657980
v -190.833344 7.866024 -7.500000
v -188.166656 7.866024 -7.500000
v -190.833344 7.766044 -7.357213
v -188.166656 7.766044 -7.357213
v -190.833344 7.642787 -7.233956
v -188.166656 7.642787 -7.233956
v -190.833344 7.500000 -7.133976
v -188.166656 7.500000 -7.133976
v -190.833344 7.342020 -7.060308
v -188.166656 7.342020 -7.060308
v -190.833344 7.173647 -7.015193
v -188.166656 7.173647 -7.015193
v -190.833344 6.826352 -7.015193
v -188.166656 6.826352 -7.015193
v -190.833344 6.657979 -7.060308
v -188.166656 6.657979 -7.060308
v -190.833344 6.500000 -7.133976
v -188.166656 6.500000 -7.133976
v -190.833344 6.357212 -7.233956
v -188.166656 6.357212 -7.233956
v -190.833344 6.233955 -7.357213
v -188.166656 6.233955 -7.357213
v -190.833344 6.133975 -7.500000
v -188.166656 6.133975 -7.500000
v -190.833344 6.060307 -7.657980
v -188.166656 6.060307 -7.657980
v -190.833344 6.015192 -7.826353
v -188.166656 6.015192 -7.826353
v -190.833344 6.000000 -8.000000
v -188.166656 6.000000 -8.000000
v -190.833344 6.015192 -8.173648
v -188.166656 6.015192 -8.173648
v -190.833344 6.060307 -8.342020
v -188.166656 6.060307 -8.342020
v -190.833344 6.133975 -8.500000
v -188.166656 6.133975 -8.500000
v -190.833344 6.233955 -8.642788
v -188.166656 6.233955 -8.642788
v -190.833344 6.357212 -8.766045
v -188.166656 6.357212 -8.766045
v -190.833344 6.500000 -8.866026
v -188.166656 6.500000 -8.866026
v -190.833344 6.657979 -8.939694
v -188.166656 6.657979 -8.939694
v -190.833344 6.826352 -8.984809
v -188.166656 6.826352 -8.984809
v -193.500000 1.999999 -8.000000
v -193.500000 1.999999 -18.888544
v -193.500000 2.858627 -18.771557
v -193.500000 3.710629 -18.613382
v -193.500000 4.554033 -18.414385
v -193.500000 5.386880 -18.175026
v -193.500000 6.207243 -17.895861
v -193.500000 7.013219 -17.577538
v -193.500000 7.802942 -17.220791
v -193.500000 8.574580 -16.826450
v -193.500000 9.326344 -16.395432
v -193.500000 10.056493 -15.928729
v -193.500000 10.763334 -15.427427
v -193.500000 11.445229 -14.892687
v -193.500000 12.100598 -14.325747
v -193.500000 12.727921 -13.727923
v -193.500000 13.325745 -13.100600
v -193.500000 13.892685 -12.445230
v -193.500000 14.427425 -11.763336
v -193.500000 14.928727 -11.056495
v -193.500000 15.395430 -10.326346
v -193.500000 15.826450 -9.574582
v -193.500000 16.220791 -8.802944
v -193.500000 16.577538 -8.013222
v -193.500000 16.895861 -7.207246
v -193.500000 17.175026 -6.386883
v -193.500000 17.414385 -5.554036
v -193.500000 17.613382 -4.710632
v -193.500000 17.771557 -3.858629
v -193.500000 17.888544 -3.000001
v -193.500000 7.000000 -3.000000
v -193.500000 6.994955 -3.440330
v -193.500000 6.949893 -3.878376
v -193.500000 6.865189 -4.310512
v -193.500000 6.741541 -4.733153
v -193.500000 6.579978 -5.142804
v -193.500000 6.381836 -5.536066
v -193.500000 6.148757 -5.909682
v -193.500000 5.882672 -6.260559
v -193.500000 5.585785 -6.585786
v -193.500000 5.260558 -6.882673
v -193.500000 4.909681 -7.148758
v -193.500000 4.536065 -7.381837
v -193.500000 4.142803 -7.579979
v -193.500000 3.733153 -7.741542
v -193.500000 3.310511 -7.865190
v -193.500000 2.878375 -7.949893
v -193.500000 2.440328 -7.994955
v -198.000000 1.999999 -8.000000
v -198.000000 1.999999 -18.888544
v -198.000000 2.858627 -18.771557
v -198.000000 3.710629 -18.613382
v -198.000000 4.554033 -18.414385
v -198.000000 5.386880 -18.175026
v -198.000000 6.207243 -17.895861
v -198.000000 7.013219 -17.577538
v -198.000000 7.802942 -17.220791
v -198.000000 8.574580 -16.826450
v -198.000000 9.326344 -16.395432
v -198.000000 10.056493 -15.928729
v -198.000000 10.763334 -15.427427
v -198.000000 11.445229 -14.892687
v -198.000000 12.100598 -14.325747
v -198.000000 12.727921 -13.727923
v -198.000000 13.325745 -13.100600
v -198.000000 13.892685 -12.445230
v -198.000000 14.427425 -11.763336
v -198.000000 14.928727 -11.056495
v -198.000000 15.395430 -10.326346
v -198.000000 15.826450 -9.574582
v -198.000000 16.220791 -8.802944
v -198.000000 16.577538 -8.013222
v -198.000000 16.895861 -7.207246
v -198.000000 17.175026 -6.386883
v -198.000000 17.414385 -5.554036
v -198.000000 17.613382 -4.710632
v -198.000000 17.771557 -3.858629
v -198.000000 17.888544 -3.000001
v -198.000000 7.000000 -3.000000
v -198.000000 6.994955 -3.440330
v -198.000000 6.949893 -3.878376
v -198.000000 6.865189 -4.310512
v -198.000000 6.741541 -4.733153
v -198.000000 6.579978 -5.142804
v -198.000000 6.381836 -5.536066
v -198.000000 6.148757 -5.909682
v -198.000000 5.882672 -6.260559
v -198.000000 5.585785 -6.585786
v -198.000000 5.260558 -6.882673
v -198.000000 4.909681 -7.148758
v -198.000000 4.536065 -7.381837
v -198.000000 4.142803 -7.579979
v -198.000000 3.733153 -7.741542
v -198.000000 3.310511 -7.865190
v -198.000000 2.878375 -7.949893
v -198.000000 2.440328 -7.994955
v -198.000000 7.000000 -9.000001
v -198.000000 7.173647 -8.984809
v -198.000000 7.342020 -8.939694
v -198.000000 7.500000 -8.866026
v -198.000000 7.642787 -8.766045
v -198.000000 7.766044 -8.642789
v -198.000000 7.866024 -8.500001
v -198.000000 7.939692 -8.342021
v -198.000000 7.984807 -8.173649
v -198.000000 8.000000 -8.000001
v -198.000000 7.984807 -7.826353
v -198.000000 7.939692 -7.657980
v -198.000000 7.866024 -7.500000
v -198.000000 7.766044 -7.357213
v -198.000000 7.642787 -7.233956
v -198.000000 7.500000 -7.133976
v -198.000000 7.342020 -7.060308
v -198.000000 7.173647 -7.015193
v -198.000000 7.000000 -7.000000
v -198.000000 6.826352 -7.015193
v -198.000000 6.657979 -7.060308
v -198.000000 6.500000 -7.133976
v -198.000000 6.357212 -7.233956
v -198.000000 6.233955 -7.357213
v -198.000000 6.133975 -7.500000
v -198.000000 6.060307 -7.657980
v -198.000000 6.015192 -7.826353
v -198.000000 6.000000 -8.000000
v -198.000000 6.015192 -8.173648
v -198.000000 6.060307 -8.342020
v -198.000000 6.133975 -8.500000
v -198.000000 6.233955 -8.642788
v -198.000000 6.357212 -8.766045
v -198.000000 6.500000 -8.866026
v -198.000000 6.657979 -8.939694
v -198.000000 6.826352 -8.984809
v -206.000000 7.000000 -9.000001
v -206.000000 7.173647 -8.984809
v -206.000000 7.342020 -8.939694
v -206.000000 7.500000 -8.866026
v -206.000000 7.642787 -8.766045
v -206.000000 7.766044 -8.642789
v -206.000000 7.866024 -8.500001
v -206.000000 7.939692 -8.342021
v -206.000000 7.984807 -8.173649
v -206.000000 8.000000 -8.000001
v -206.000000 7.984807 -7.826353
v -206.000000 7.939692 -7.657980
v -206.000000 7.866024 -7.500000
v -206.000000 7.766044 -7.357213
v -206.000000 7.642787 -7.233956
v -206.000000 7.500000 -7.133976
v -206.000000 7.342020 -7.060308
v -206.000000 7.173647 -7.015193
v -206.000000 7.000000 -7.000000
v -206.000000 6.826352 -7.015193
v -206.000000 6.657979 -7.060308
v -206.000000 6.500000 -7.133976
v -206.000000 6.357212 -7.233956
v -206.000000 6.233955 -7.357213
v -206.000000 6.133975 -7.500000
v -206.000000 6.060307 -7.657980
v -206.000000 6.015192 -7.826353
v -206.000000 6.000000 -8.000000
v -206.000000 6.015192 -8.173648
v -206.000000 6.060307 -8.342020
v -206.000000 6.133975 -8.500000
v -206.000000 6.233955 -8.642788
v -206.000000 6.357212 -8.766045
v -206.000000 6.500000 -8.866026
v -206.000000 6.657979 -8.939694
v -206.000000 6.826352 -8.984809
v -203.333344 7.000000 -7.000000
v -200.666656 7.000000 -7.000000
v -203.333344 7.173647 -8.984809
v -200.666656 7.173647 -8.984809
v -200.666656 7.000000 -9.000001
v -203.333344 7.000000 -9.000001
v -203.333344 7.342020 -8.939694
v -200.666656 7.342020 -8.939694
v -203.333344 7.500000 -8.866026
v -200.666656 7.500000 -8.866026
v -203.333344 7.642787 -8.766045
v -200.666656 7.642787 -8.766045
v -203.333344 7.766044 -8.642789
v -200.666656 7.766044 -8.642789
v -203.333344 7.866024 -8.500001
v -200.666656 7.866024 -8.500001
v -203.333344 7.939692 -8.342021
v -200.666656 7.939692 -8.342021
v -203.333344 7.984807 -8.173649
v -200.666656 7.984807 -8.173649
v -203.333344 8.000000 -8.000001
v -200.666656 8.000000 -8.000001
v -203.333344 7.984807 -7.826353
v -200.666656 7.984807 -7.826353
v -203.333344 7.939692 -7.657980
v -200.666656 7.939692 -7.657980
v -203.333344 7.866024 -7.500000
v -200.666656 7.866024 -7.500000
v -203.333344 7.766044 -7.357213
v -200.666656 7.766044 -7.357213
v -203.333344 7.642787 -7.233956
v -200.666656 7.642787 -7.233956
v -203.333344 7.500000 -7.133976
v -200.666656 7.500000 -7.133976
v -203.333344 7.342020 -7.060308
v -200.666656 7.342020 -7.060308
v -203.333344 7.173647 -7.015193
v -200.666656 7.173647 -7.015193
v -203.333344 6.826352 -7.015193
v -200.666656 6.826352 -7.015193
v -203.333344 6.657979 -7.060308
v -200.666656 6.657979 -7.060308
v -203.333344 6.500000 -7.133976
v -200.666656 6.500000 -7.133976
v -203.333344 6.357212 -7.233956
v -200.666656 6.357212 -7.233956
v -203.333344 6.233955 -7.357213
v -200.666656 6.233955 -7.357213
v -203.333344 6.133975 -7.500000
v -200.666656 6.133975 -7.500000
v -203.333344 6.060307 -7.657980
v -200.666656 6.060307 -7.657980
v -203.333344 6.015192 -7.826353
v -200.666656 6.015192 -7.826353
v -203.333344 6.000000 -8.000000
v -200.666656 6.000000 -8.000000
v -203.333344 6.015192 -8.173648
v -200.666656 6.015192 -8.173648
v -203.333344 6.060307 -8.342020
v -200.666656 6.060307 -8.342020
v -203.333344 6.133975 -8.500000
v -200.666656 6.133975 -8.500000
v -203.333344 6.233955 -8.642788
v -200.666656 6.233955 -8.642788
v -203.333344 6.357212 -8.766045
v -200.666656 6.357212 -8.766045
v -203.333344 6.500000 -8.866026
v -200.666656 6.500000 -8.866026
v -203.333344 6.657979 -8.939694
v -200.666656 6.657979 -8.939694
v -203.333344 6.826352 -8.984809
v -200.666656 6.826352 -8.984809
v -206.000000 1.999999 -8.000000
v -206.000000 1.999999 -18.888544
v -206.000000 2.858627 -18.771557
v -206.000000 3.710629 -18.613382
v -206.000000 4.554033 -18.414385
v -206.000000 5.386880 -18.175026
v -206.000000 6.207243 -17.895861
v -206.000000 7.013219 -17.577538
v -206.000000 7.802942 -17.220791
v -206.000000 8.574580 -16.826450
v -206.000000 9.326344 -16.395432
v -206.000000 10.056493 -15.928729
v -206.000000 10.763334 -15.427427
v -206.000000 11.445229 -14.892687
v -206.000000 12.100598 -14.325747
v -206.000000 12.727921 -13.727923
v -206.000000 13.325745 -13.100600
v -206.000000 13.892685 -12.445230
v -206.000000 14.427425 -11.763336
v -206.000000 14.928727 -11.056495
v -206.000000 15.395430 -10.326346
v -206.000000 15.826450 -9.574582
v -206.000000 16.220791 -8.802944
v -206.000000 16.577538 -8.013222
v -206.000000 16.895861 -7.207246
v -206.000000 17.175026 -6.386883
v -206.000000 17.414385 -5.554036
v -206.000000 17.613382 -4.710632
v -206.000000 17.771557 -3.858629
v -206.000000 17.888544 -3.000001
v -206.000000 7.000000 -3.000000
v -206.000000 6.994955 -3.440330
v -206.000000 6.949893 -3.878376
v -206.000000 6.865189 -4.310512
v -206.000000 6.741541 -4.733153
v -206.000000 6.579978 -5.142804
v -206.000000 6.381836 -5.536066
v -206.000000 6.148757 -5.909682
v -206.000000 5.882672 -6.260559
v -206.000000 5.585785 -6.585786
v -206.000000 5.260558 -6.882673
v -206.000000 4.909681 -7.148758
v -206.000000 4.536065 -7.381837
v -206.000000 4.142803 -7.579979
v -206.000000 3.733153 -7.741542
v -206.000000 3.310511 -7.865190
v -206.000000 2.878375 -7.949893
v -206.000000 2.440328 -7.994955
v -210.500000 1.999999 -8.000000
v -210.500000 1.999999 -18.888544
v -210.500000 2.858627 -18.771557
v -210.500000 3.710629 -18.613382
v -210.500000 4.554033 -18.414385
v -210.500000 5.386880 -18.175026
v -210.500000 6.207243 -17.895861
v -210.500000 7.013219 -17.577538
v -210.500000 7.802942 -17.220791
v -210.500000 8.574580 -16.826450
v -210.500000 9.326344 -16.395432
v -210.500000 10.056493 -15.928729
v -210.500000 10.763334 -15.427427
v -210.500000 11.445229 -14.892687
v -210.500000 12.100598 -14.325747
v -210.500000 12.727921 -13.727923
v -210.500000 13.325745 -13.100600
v -210.500000 13.892685 -12.445230
v -210.500000 14.427425 -11.763336
v -210.500000 14.928727 -11.056495
v -210.500000 15.395430 -10.326346
v -210.500000 15.826450 -9.574582
v -210.500000 16.220791 -8.802944
v -210.500000 16.577538 -8.013222
v -210.500000 16.895861 -7.207246
v -210.500000 17.175026 -6.386883
v -210.500000 17.414385 -5.554036
v -210.500000 17.613382 -4.710632
v -210.500000 17.771557 -3.858629
v -210.500000 17.888544 -3.000001
v -210.500000 7.000000 -3.000000
v -210.500000 6.994955 -3.440330
v -210.500000 6.949893 -3.878376
v -210.500000 6.865189 -4.310512
v -210.500000 6.741541 -4.733153
v -210.500000 6.579978 -5.142804
v -210.500000 6.381836 -5.536066
v -210.500000 6.148757 -5.909682
v -210.500000 5.882672 -6.260559
v -210.500000 5.585785 -6.585786
v -210.500000 5.260558 -6.882673
v -210.500000 4.909681 -7.148758
v -210.500000 4.536065 -7.381837
v -210.500000 4.142803 -7.579979
v -210.500000 3.733153 -7.741542
v -210.500000 3.310511 -7.865190
v -210.500000 2.878375 -7.949893
v -210.500000 2.440328 -7.994955
v -210.500000 7.000000 -9.000001
v -210.500000 7.173647 -8.984809
v -210.500000 7.342020 -8.939694
v -210.500000 7.500000 -8.866026
v -210.500000 7.642787 -8.766045
v -210.500000 7.766044 -8.642789
v -210.500000 7.866024 -8.500001
v -210.500000 7.939692 -8.342021
v -210.500000 7.984807 -8.173649
v -210.500000 8.000000 -8.000001
v -210.500000 7.984807 -7.826353
v -210.500000 7.939692 -7.657980
v -210.500000 7.866024 -7.500000
v -210.500000 7.766044 -7.357213
v -210.500000 7.642787 -7.233956
v -210.500000 7.500000 -7.133976
v -210.500000 7.342020 -7.060308
v -210.500000 7.173647 -7.015193
v -210.500000 7.000000 -7.000000
v -210.500000 6.826352 -7.015193
v -210.500000 6.657979 -7.060308
v -210.500000 6.500000 -7.133976
v -210.500000 6.357212 -7.233956
v -210.500000 6.233955 -7.357213
v -210.500000 6.133975 -7.500000
v -210.500000 6.060307 -7.657980
v -210.500000 6.015192 -7.826353
v -210.500000 6.000000 -8.000000
v -210.500000 6.015192 -8.173648
v -210.500000 6.060307 -8.342020
v -210.500000 6.133975 -8.500000
v -210.500000 6.233955 -8.642788
v -210.500000 6.357212 -8.766045
v -210.500000 6.500000 -8.866026
v -210.500000 6.657979 -8.939694
v -210.500000 6.826352 -8.984809
v -218.500000 7.000000 -9.000001
v -218.500000 7.173647 -8.984809
v -218.500000 7.342020 -8.939694
v -218.500000 7.500000 -8.866026
v -218.500000 7.642787 -8.766045
v -218.500000 7.766044 -8.642789
v -218.500000 7.866024 -8.500001
v -218.500000 7.939692 -8.342021
v -218.500000 7.984807 -8.173649
v -218.500000 8.000000 -8.000001
v -218.500000 7.984807 -7.826353
v -218.500000 7.939692 -7.657980
v -218.500000 7.866024 -7.500000
v -218.500000 7.766044 -7.357213
v -218.500000 7.642787 -7.233956
v -218.500000 7.500000 -7.133976
v -218.500000 7.342020 -7.060308
v -218.500000 7.173647 -7.015193
v -218.500000 7.000000 -7.000000
v -218.500000 6.826352 -7.015193
v -218.500000 6.657979 -7.060308
v -218.500000 6.500000 -7.133976
v -218.500000 6.357212 -7.233956
v -218.500000 6.233955 -7.357213
v -218.500000 6.133975 -7.500000
v -218.500000 6.060307 -7.657980
v -218.500000 6.015192 -7.826353
v -218.500000 6.000000 -8.000000
v -218.500000 6.015192 -8.173648
v -218.500000 6.060307 -8.342020
v -218.500000 6.133975 -8.500000
v -218.500000 6.233955 -8.642788
v -218.500000 6.357212 -8.766045
v -218.500000 6.500000 -8.866026
v -218.500000 6.657979 -8.939694
v -218.500000 6.826352 -8.984809
v -215.833344 7.000000 -7.000000
v -213.166656 7.000000 -7.000000
v -215.833344 7.173647 -8.984809
v -213.166656 7.173647 -8.984809
v -213.166656 7.000000 -9.000001
v -215.833344 7.000000 -9.000001
v -215.833344 7.342020 -8.939694
v -213.166656 7.342020 -8.939694
v -215.833344 7.500000 -8.866026
v -213.166656 7.500000 -8.866026
v -215.833344 7.642787 -8.766045
v -213.166656 7.642787 -8.766045
v -215.833344 7.766044 -8.642789
v -213.166656 7.766044 -8.642789
v -215.833344 7.866024 -8.500001
v -213.166656 7.866024 -8.500001
v -215.833344 7.939692 -8.342021
v -213.166656 7.939692 -8.342021
v -215.833344 7.984807 -8.173649
v -213.166656 7.984807 -8.173649
v -215.833344 8.000000 -8.000001
v -213.166656 8.000000 -8.000001
v -215.833344 7.984807 -7.826353
v -213.166656 7.984807 -7.826353
v -215.833344 7.939692 -7.657980
v -213.166656 7.939692 -7.657980
v -215.833344 7.866024 -7.500000
v -213.166656 7.866024 -7.500000
v -215.833344 7.766044 -7.357213
v -213.166656 7.766044 -7.357213
v -215.833344 7.642787 -7.233956
v -213.166656 7.642787 -7.233956
v -215.833344 7.500000 -7.133976
v -213.166656 7.500000 -7.133976
v -215.833344 7.342020 -7.060308
v -213.166656 7.342020 -7.060308
v -215.833344 7.173647 -7.015193
v -213.166656 7.173647 -7.015193
v -215.833344 6.826352 -7.015193
v -213.166656 6.826352 -7.015193
v -215.833344 6.657979 -7.060308
v -213.166656 6.657979 -7.060308
v -215.833344 6.500000 -7.133976
v -213.166656 6.500000 -7.133976
v -215.833344 6.357212 -7.233956
v -213.166656 6.357212 -7.233956
v -215.833344 6.233955 -7.357213
v -213.166656 6.233955 -7.357213
v -215.833344 6.133975 -7.500000
v -213.166656 6.133975 -7.500000
v -215.833344 6.060307 -7.657980
v -213.166656 6.060307 -7.657980
v -215.833344 6.015192 -7.826353
v -213.166656 6.015192 -7.826353
v -215.833344 6.000000 -8.000000
v -213.166656 6.000000 -8.000000
v -215.833344 6.015192 -8.173648
v -213.166656 6.015192 -8.173648
v -215.833344 6.060307 -8.342020
v -213.166656 6.060307 -8.342020
v -215.833344 6.133975 -8.500000
v -213.166656 6.133975 -8.500000
v -215.833344 6.233955 -8.642788
v -213.166656 6.233955 -8.642788
v -215.833344 6.357212 -8.766045
v -213.166656 6.357212 -8.766045
v -215.833344 6.500000 -8.866026
v -213.166656 6.500000 -8.866026
v -215.833344 6.657979 -8.939694
v -213.166656 6.657979 -8.939694
v -215.833344 6.826352 -8.984809
v -213.166656 6.826352 -8.984809
v -218.500000 1.999999 -8.000000
v -218.500000 1.999999 -18.888544
v -218.500000 2.858627 -18.771557
v -218.500000 3.710629 -18.613382
v -218.500000 4.554033 -18.414385
v -218.500000 5.386880 -18.175026
v -218.500000 6.207243 -17.895861
v -218.500000 7.013219 -17.577538
v -218.500000 7.802942 -17.220791
v -218.500000 8.574580 -16.826450
v -218.500000 9.326344 -16.395432
v -218.500000 10.056493 -15.928729
v -218.500000 10.763334 -15.427427
v -218.500000 11.445229 -14.892687
v -218.500000 12.100598 -14.325747
v -218.500000 12.727921 -13.727923
v -218.500000 13.325745 -13.100600
v -218.500000 13.892685 -12.445230
v -218.500000 14.427425 -11.763336
v -218.500000 14.928727 -11.056495
v -218.500000 15.395430 -10.326346
v -218.500000 15.826450 -9.574582
v -218.500000 16.220791 -8.802944
v -218.500000 16.577538 -8.013222
v -218.500000 16.895861 -7.207246
v -218.500000 17.175026 -6.386883
v -218.500000 17.414385 -5.554036
v -218.500000 17.613382 -4.710632
v -218.500000 17.771557 -3.858629
v -218.500000 17.888544 -3.000001
v -218.500000 7.000000 -3.000000
v -218.500000 6.994955 -3.440330
v -218.500000 6.949893 -3.878376
v -218.500000 6.865189 -4.310512
v -218.500000 6.741541 -4.733153
v -218.500000 6.579978 -5.142804
v -218.500000 6.381836 -5.536066
v -218.500000 6.148757 -5.909682
v -218.500000 5.882672 -6.260559
v -218.500000 5.585785 -6.585786
v -218.500000 5.260558 -6.882673
v -218.500000 4.909681 -7.148758
v -218.500000 4.536065 -7.381837
v -218.500000 4.142803 -7.579979
v -218.500000 3.733153 -7.741542
v -218.500000 3.310511 -7.865190
v -218.500000 2.878375 -7.949893
v -218.500000 2.440328 -7.994955
v -223.000000 1.999999 -8.000000
v -223.000000 1.999999 -18.888544
v -223.000000 2.858627 -18.771557
v -223.000000 3.710629 -18.613382
v -223.000000 4.554033 -18.414385
v -223.000000 5.386880 -18.175026
v -223.000000 6.207243 -17.895861
v -223.000000 7.013219 -17.577538
v -223.000000 7.802942 -17.220791
v -223.000000 8.574580 -16.826450
v -223.000000 9.326344 -16.395432
v -223.000000 10.056493 -15.928729
v -223.000000 10.763334 -15.427427
v -223.000000 11.445229 -14.892687
v -223.000000 12.100598 -14.325747
v -223.000000 12.727921 -13.727923
v -223.000000 13.325745 -13.100600
v -223.000000 13.892685 -12.445230
v -223.000000 14.427425 -11.763336
v -223.000000 14.928727 -11.056495
v -223.000000 15.395430 -10.326346
v -223.000000 15.826450 -9.574582
v -223.000000 16.220791 -8.802944
v -223.000000 16.577538 -8.013222
v -223.000000 16.895861 -7.207246
v -223.000000 17.175026 -6.386883
v -223.000000 17.414385 -5.554036
v -223.000000 17.613382 -4.710632
v -223.000000 17.771557 -3.858629
v -223.000000 17.888544 -3.000001
v -223.000000 7.000000 -3.000000
v -223.000000 6.994955 -3.440330
v -223.000000 6.949893 -3.878376
v -223.000000 6.865189 -4.310512
v -223.000000 6.741541 -4.733153
v -223.000000 6.579978 -5.142804
v -223.000000 6.381836 -5.536066
v -223.000000 6.148757 -5.909682
v -223.000000 5.882672 -6.260559
v -223.000000 5.585785 -6.585786
v -223.000000 5.260558 -6.882673
v -223.000000 4.909681 -7.148758
v -223.000000 4.536065 -7.381837
v -223.000000 4.142803 -7.579979
v -223.000000 3.733153 -7.741542
v -223.000000 3.310511 -7.865190
v -223.000000 2.878375 -7.949893
v -223.000000 2.440328 -7.994955
v -223.000000 7.000000 -9.000001
v -223.000000 7.173647 -8.984809
v -223.000000 7.342020 -8.939694
v -223.000000 7.500000 -8.866026
v -223.000000 7.642787 -8.766045
v -223.000000 7.766044 -8.642789
v -223.000000 7.866024 -8.500001
v -223.000000 7.939692 -8.342021
v -223.000000 7.984807 -8.173649
v -223.000000 8.000000 -8.000001
v -223.000000 7.984807 -7.826353
v -223.000000 7.939692 -7.657980
v -223.000000 7.866024 -7.500000
v -223.000000 7.766044 -7.357213
v -223.000000 7.642787 -7.233956
v -223.000000 7.500000 -7.133976
v -223.000000 7.342020 -7.060308
v -223.000000 7.173647 -7.015193
v -223.000000 7.000000 -7.000000
v -223.000000 6.826352 -7.015193
v -223.000000 6.657979 -7.060308
v -223.000000 6.500000 -7.133976
v -223.000000 6.357212 -7.233956
v -223.000000 6.233955 -7.357213
v -223.000000 6.133975 -7.500000
v -223.000000 6.060307 -7.657980
v -223.000000 6.015192 -7.826353
v -223.000000 6.000000 -8.000000
v -223.000000 6.015192 -8.173648
v -223.000000 6.060307 -8.342020
v -223.000000 6.133975 -8.500000
v -223.000000 6.233955 -8.642788
v -223.000000 6.357212 -8.766045
v -223.000000 6.500000 -8.866026
v -223.000000 6.657979 -8.939694
v -223.000000 6.826352 -8.984809
v -231.000000 7.000000 -9.000001
v -231.000000 7.173647 -8.984809
v -231.000000 7.342020 -8.939694
v -231.000000 7.500000 -8.866026
v -231.000000 7.642787 -8.766045
v -231.000000 7.766044 -8.642789
v -231.000000 7.866024 -8.500001
v -231.000000 7.939692 -8.342021
v -231.000000 7.984807 -8.173649
v -231.000000 8.000000 -8.000001
v -231.000000 7.984807 -7.826353
v -231.000000 7.939692 -7.657980
v -231.000000 7.866024 -7.500000
v -231.000000 7.766044 -7.357213
v -231.000000 7.642787 -7.233956
v -231.000000 7.500000 -7.133976
v -231.000000 7.342020 -7.060308
v -231.000000 7.173647 -7.015193
v -231.000000 7.000000 -7.000000
v -231.000000 6.826352 -7.015193
v -231.000000 6.657979 -7.060308
v -231.000000 6.500000 -7.133976
v -231.000000 6.357212 -7.233956
v -231.000000 6.233955 -7.357213
v -231.000000 6.133975 -7.500000
v -231.000000 6.060307 -7.657980
v -231.000000 6.015192 -7.826353
v -231.000000 6.000000 -8.000000
v -231.000000 6.015192 -8.173648
v -231.000000 6.060307 -8.342020
v -231.000000 6.133975 -8.500000
v -231.000000 6.233955 -8.642788
v -231.000000 6.357212 -8.766045
v -231.000000 6.500000 -8.866026
v -231.000000 6.657979 -8.939694
v -231.000000 6.826352 -8.984809
v -228.333344 7.000000 -7.000000
v -225.666656 7.000000 -7.000000
v -228.333344 7.173647 -8.984809
v -225.666656 7.173647 -8.984809
v -225.666656 7.000000 -9.000001
v -228.333344 7.000000 -9.000001
v -228.333344 7.342020 -8.939694
v -225.666656 7.342020 -8.939694
v -228.333344 7.500000 -8.866026
v -225.666656 7.500000 -8.866026
v -228.333344 7.642787 -8.766045
v -225.666656 7.642787 -8.766045
v -228.333344 7.766044 -8.642789
v -225.666656 7.766044 -8.642789
v -228.333344 7.866024 -8.500001
v -225.666656 7.866024 -8.500001
v -228.333344 7.939692 -8.342021
v -225.666656 7.939692 -8.342021
v -228.333344 7.984807 -8.173649
v -225.666656 7.984807 -8.173649
v -228.333344 8.000000 -8.000001
v -225.666656 8.000000 -8.000001
v -228.333344 7.984807 -7.826353
v -225.666656 7.984807 -7.826353
v -228.333344 7.939692 -7.657980
v -225.666656 7.939692 -7.657980
v -228.333344 7.866024 -7.500000
v -225.666656 7.866024 -7.500000
v -228.333344 7.766044 -7.357213
v -225.666656 7.766044 -7.357213
v -228.333344 7.642787 -7.233956
v -225.666656 7.642787 -7.233956
v -228.333344 7.500000 -7.133976
v -225.666656 7.500000 -7.133976
v -228.333344 7.342020 -7.060308
v -225.666656 7.342020 -7.060308
v -228.333344 7.173647 -7.015193
v -225.666656 7.173647 -7.015193
v -228.333344 6.826352 -7.015193
v -225.666656 6.826352 -7.015193
v -228.333344 6.657979 -7.060308
v -225.666656 6.657979 -7.060308
v -228.333344 6.500000 -7.133976
v -225.666656 6.500000 -7.133976
v -228.333344 6.357212 -7.233956
v -225.666656 6.357212 -7.233956
v -228.333344 6.233955 -7.357213
v -225.666656 6.233955 -7.357213
v -228.333344 6.133975 -7.500000
v -225.666656 6.133975 -7.500000
v -228.333344 6.060307 -7.657980
v -225.666656 6.060307 -7.657980
v -228.333344 6.015192 -7.826353
v -225.666656 6.015192 -7.826353
v -228.333344 6.000000 -8.000000
v -225.666656 6.000000 -8.000000
v -228.333344 6.015192 -8.173648
v -225.666656 6.015192 -8.173648
v -228.333344 6.060307 -8.342020
v -225.666656 6.060307 -8.342020
v -228.333344 6.133975 -8.500000
v -225.666656 6.133975 -8.500000
v -228.333344 6.233955 -8.642788
v -225.666656 6.233955 -8.642788
v -228.333344 6.357212 -8.766045
v -225.666656 6.357212 -8.766045
v -228.333344 6.500000 -8.866026
v -225.666656 6.500000 -8.866026
v -228.333344 6.657979 -8.939694
v -225.666656 6.657979 -8.939694
v -228.333344 6.826352 -8.984809
v -225.666656 6.826352 -8.984809
v -231.000000 1.999999 -8.000000
v -231.000000 1.999999 -18.888544
v -231.000000 2.858627 -18.771557
v -231.000000 3.710629 -18.613382
v -231.000000 4.554033 -18.414385
v -231.000000 5.386880 -18.175026
v -231.000000 6.207243 -17.895861
v -231.000000 7.013219 -17.577538
v -231.000000 7.802942 -17.220791
v -231.000000 8.574580 -16.826450
v -231.000000 9.326344 -16.395432
v -231.000000 10.056493 -15.928729
v -231.000000 10.763334 -15.427427
v -231.000000 11.445229 -14.892687
v -231.000000 12.100598 -14.325747
v -231.000000 12.727921 -13.727923
v -231.000000 13.325745 -13.100600
v -231.000000 13.892685 -12.445230
v -231.000000 14.427425 -11.763336
v -231.000000 14.928727 -11.056495
v -231.000000 15.395430 -10.326346
v -231.000000 15.826450 -9.574582
v -231.000000 16.220791 -8.802944
v -231.000000 16.577538 -8.013222
v -231.000000 16.895861 -7.207246
v -231.000000 17.175026 -6.386883
v -231.000000 17.414385 -5.554036
v -231.000000 17.613382 -4.710632
v -231.000000 17.771557 -3.858629
v -231.000000 17.888544 -3.000001
v -231.000000 7.000000 -3.000000
v -231.000000 6.994955 -3.440330
v -231.000000 6.949893 -3.878376
v -231.000000 6.865189 -4.310512
v -231.000000 6.741541 -4.733153
v -231.000000 6.579978 -5.142804
v -231.000000 6.381836 -5.536066
v -231.000000 6.148757 -5.909682
v -231.000000 5.882672 -6.260559
v -231.000000 5.585785 -6.585786
v -231.000000 5.260558 -6.882673
v -231.000000 4.909681 -7.148758
v -231.000000 4.536065 -7.381837
v -231.000000 4.142803 -7.579979
v -231.000000 3.733153 -7.741542
v -231.000000 3.310511 -7.865190
v -231.000000 2.878375 -7.949893
v -231.000000 2.440328 -7.994955
v -235.500000 1.999999 -8.000000
v -235.500000 1.999999 -18.888544
v -235.500000 2.858627 -18.771557
v -235.500000 3.710629 -18.613382
v -235.500000 4.554033 -18.414385
v -235.500000 5.386880 -18.175026
v -235.500000 6.207243 -17.895861
v -235.500000 7.013219 -17.577538
v -235.500000 7.802942 -17.220791
v -235.500000 8.574580 -16.826450
v -235.500000 9.326344 -16.395432
v -235.500000 10.056493 -15.928729
v -235.500000 10.763334 -15.427427
v -235.500000 11.445229 -14.892687
v -235.500000 12.100598 -14.325747
v -235.500000 12.727921 -13.727923
v -235.500000 13.325745 -13.100600
v -235.500000 13.892685 -12.445230
v -235.500000 14.427425 -11.763336
v -235.500000 14.928727 -11.056495
v -235.500000 15.395430 -10.326346
v -235.500000 15.826450 -9.574582
v -235.500000 16.220791 -8.802944
v -235.500000 16.577538 -8.013222
v -235.500000 16.895861 -7.207246
v -235.500000 17.175026 -6.386883
v -235.500000 17.414385 -5.554036
v -235.500000 17.613382 -4.710632
v -235.500000 17.771557 -3.858629
v -235.500000 17.888544 -3.000001
v -235.500000 7.000000 -3.000000
v -235.500000 6.994955 -3.440330
v -235.500000 6.949893 -3.878376
v -235.500000 6.865189 -4.310512
v -235.500000 6.741541 -4.733153
v -235.500000 6.579978 -5.142804
v -235.500000 6.381836 -5.536066
v -235.500000 6.148757 -5.909682
v -235.500000 5.882672 -6.260559
v -235.500000 5.585785 -6.585786
v -235.500000 5.260558 -6.882673
v -235.500000 4.909681 -7.148758
v -235.500000 4.536065 -7.381837
v -235.500000 4.142803 -7.579979
v -235.500000 3.733153 -7.741542
v -235.500000 3.310511 -7.865190
v -235.500000 2.878375 -7.949893
v -235.500000 2.440328 -7.994955
vn -1.0000 -0.0000 -0.0000
vn -1.0000 -0.0000 -0.0002
vn -1.0000 -0.0000 -0.0001
vn -1.0000 -0.0000 0.0001
vn -0.0000 -1.0000 -0.0000
vn -0.0000 -0.9994 -0.0340
vn -0.0000 -0.9984 0.0570
vn -0.0000 -0.9891 0.1475
vn -0.0000 -0.9716 0.2368
vn -0.0000 -0.9460 0.3242
vn -0.0000 -0.9126 0.4088
vn -0.0000 -0.8716 0.4901
vn -0.0000 -0.8235 0.5674
vn -0.0000 -0.7685 0.6399
vn -0.0000 -0.7071 0.7071
vn -0.0000 -0.6399 0.7685
vn -0.0000 -0.5674 0.8235
vn -0.0000 -0.4901 0.8716
vn -0.0000 -0.4088 0.9126
vn -0.0000 -0.3242 0.9460
vn -0.0000 -0.2368 0.9716
vn -0.0000 -0.1475 0.9891
vn -0.0000 -0.0570 0.9984
vn -0.0000 0.0340 0.9994
vn -0.0000 -0.0000 1.0000
vn -0.0000 0.1111 -0.9938
vn -0.0000 0.1588 -0.9873
vn -0.0000 0.2061 -0.9785
vn -0.0000 0.2530 -0.9675
vn -0.0000 0.2993 -0.9542
vn -0.0000 0.3448 -0.9387
vn -0.0000 0.3896 -0.9210
vn -0.0000 0.4335 -0.9012
vn -0.0000 0.4764 -0.8792
vn -0.0000 0.5181 -0.8553
vn -0.0000 0.5587 -0.8294
vn -0.0000 0.5980 -0.8015
vn -0.0000 0.6358 -0.7718
vn -0.0000 0.6723 -0.7403
vn -0.0000 0.7071 -0.7071
vn -0.0000 0.7403 -0.6723
vn -0.0000 0.7718 -0.6358
vn -0.0000 0.8015 -0.5980
vn -0.0000 0.8294 -0.5587
vn -0.0000 0.8553 -0.5181
vn -0.0000 0.8792 -0.4764
vn -0.0000 0.9012 -0.4335
vn -0.0000 0.9210 -0.3896
vn -0.0000 0.9387 -0.3448
vn -0.0000 0.9542 -0.2993
vn -0.0000 0.9675 -0.2530
vn -0.0000 0.9785 -0.2061
vn -0.0000 0.9873 -0.1588
vn -0.0000 0.9938 -0.1111
vn -0.0000 -0.1736 -0.9848
vn -0.0000 -0.0000 -1.0000
vn -0.0000 0.1736 -0.9848
vn -0.0000 0.3420 -0.9397
vn -0.0000 0.5000 -0.8660
vn -0.0000 0.6428 -0.7660
vn -0.0000 0.7660 -0.6428
vn -0.0000 0.8660 -0.5000
vn -0.0000 0.9397 -0.3420
vn -0.0000 0.9848 -0.1736
vn -0.0000 1.0000 -0.0000
vn -0.0000 0.9848 0.1736
vn -0.0000 0.9397 0.3420
vn -0.0000 0.8660 0.5000
vn -0.0000 0.7660 0.6428
vn -0.0000 0.6428 0.7660
vn -0.0000 0.5000 0.8660
vn -0.0000 0.3420 0.9397
vn -0.0000 0.1736 0.9848
vn -0.0000 -0.1736 0.9848
vn -0.0000 -0.3420 0.9397
vn -0.0000 -0.5000 0.8660
vn -0.0000 -0.6428 0.7660
vn -0.0000 -0.7660 0.6428
vn -0.0000 -0.8660 0.5000
vn -0.0000 -0.9397 0.3420
vn -0.0000 -0.9848 0.1736
vn -0.0000 -0.9848 -0.1736
vn -0.0000 -0.9397 -0.3420
vn -0.0000 -0.8660 -0.5000
vn -0.0000 -0.7660 -0.6428
vn -0.0000 -0.6428 -0.7660
vn -0.0000 -0.5000 -0.8660
vn -0.0000 -0.3420 -0.9397
vn 1.0000 -0.0000 -0.0000
vn 1.0000 -0.0000 -0.0001
vn 1.0000 -0.0000 0.0001
vn 1.0000 -0.0000 0.0002
vn 1.0000 -0.0000 -0.0002
vn -1.0000 -0.0000 -0.0004
vn -0.0000 0.9848 -0.1737
vn 1.0000 -0.0000 -0.0004
vn 1.0000 -0.0000 -0.0005
vn 1.0000 -0.0000 0.0004
vn -1.0000 -0.0003 -0.0000
vn -1.0000 -0.0000 0.0002
vn -0.0000 0.9848 0.1737
vn 1.0000 -0.0000 0.0003
vt -0.794427 -0.794427
vt 0.294427 -0.794427
vt -0.782729 -0.708564
vt 0.294932 -0.750394
vt -0.766911 -0.623364
vt -0.747011 -0.539024
vt 0.299438 -0.706590
vt 0.207825 -0.344427
vt 0.217823 -0.358706
vt 0.307908 -0.663376
vt 0.230148 -0.371032
vt 0.320273 -0.621112
vt 0.244427 -0.381030
vt 0.336429 -0.580147
vt 0.260225 -0.388396
vt 0.277062 -0.392908
vt 0.356243 -0.540821
vt 0.294427 -0.394427
vt 0.379551 -0.503459
vt 0.311792 -0.392908
vt 0.328629 -0.388396
vt 0.406160 -0.468371
vt 0.344427 -0.381030
vt 0.358706 -0.371032
vt 0.435849 -0.435849
vt 0.371032 -0.358706
vt 0.468371 -0.406160
vt 0.381030 -0.344427
vt 0.388396 -0.328629
vt 0.503459 -0.379551
vt 0.392908 -0.311792
vt 0.394427 -0.294427
vt 0.540821 -0.356243
vt 0.392908 -0.277062
vt 0.580147 -0.336429
vt 0.388396 -0.260225
vt 0.381030 -0.244427
vt 0.621112 -0.320273
vt 0.371032 -0.230148
vt 0.663376 -0.307908
vt 0.358706 -0.217823
vt 0.706590 -0.299438
vt 0.344427 -0.207825
vt 0.539024 0.747011
vt 0.455739 0.723075
vt 0.750394 -0.294932
vt 0.623364 0.766911
vt 0.708564 0.782729
vt 0.794427 -0.294427
vt 0.794427 0.794427
vt 0.373703 0.695159
vt 0.328629 -0.200458
vt 0.293105 0.663326
vt 0.214133 0.627652
vt 0.311792 -0.195946
vt 0.136969 0.588218
vt 0.294427 -0.194427
vt 0.061793 0.545116
vt 0.277062 -0.195946
vt -0.011222 0.498446
vt 0.260225 -0.200458
vt -0.081906 0.448315
vt -0.150096 0.394841
vt 0.244427 -0.207825
vt -0.215633 0.338147
vt 0.230148 -0.217823
vt -0.278365 0.278365
vt 0.217823 -0.230148
vt -0.338147 0.215633
vt 0.207825 -0.244427
vt -0.394841 0.150096
vt 0.200458 -0.260225
vt -0.448315 0.081906
vt -0.498446 0.011222
vt 0.195946 -0.277062
vt -0.545116 -0.061793
vt 0.194427 -0.294427
vt -0.588218 -0.136969
vt 0.195946 -0.311792
vt -0.627652 -0.214133
vt 0.200458 -0.328629
vt -0.663326 -0.293105
vt -0.695159 -0.373703
vt -0.723075 -0.455739
vt 0.000000 0.000000
vt 1.088854 0.000000
vt 0.000000 0.450000
vt 1.088854 0.450000
vt 0.450000 -0.726988
vt 0.000000 -0.726988
vt 0.450000 -0.771039
vt -0.000000 -0.771039
vt -0.000000 -0.815090
vt 0.450000 -0.815090
vt -0.000000 -0.859141
vt 0.450000 -0.859141
vt -0.000000 -0.903192
vt 0.450000 -0.903192
vt -0.000000 -0.947243
vt 0.450000 -0.947243
vt -0.000000 -0.991294
vt 0.450000 -0.991294
vt -0.000000 -1.035345
vt 0.450000 -1.035345
vt -0.000000 -1.079396
vt 0.450000 -1.079396
vt -0.000000 -1.123447
vt 0.450000 -1.123447
vt -0.000000 -1.167498
vt 0.450000 -1.167498
vt -0.000000 -1.211549
vt 0.450000 -1.211549
vt -0.000000 -1.255600
vt 0.450000 -1.255600
vt -0.000000 -1.299651
vt 0.450000 -1.299651
vt -0.000000 -1.343702
vt 0.450000 -1.343702
vt -0.000000 -1.387753
vt 0.450000 -1.387753
vt -0.000000 -1.431804
vt 0.450000 -1.431804
vt -0.000000 -1.475855
vt 0.450000 -1.475855
vt 0.450000 -1.519906
vt -0.000000 -1.519906
vt -0.450000 0.200414
vt -0.000000 0.200414
vt -0.450000 0.287078
vt -0.000000 0.287078
vt -0.000000 0.373743
vt -0.450000 0.373743
vt -0.000000 0.460407
vt -0.450000 0.460407
vt -0.000000 0.547072
vt -0.450000 0.547072
vt -0.000000 0.633736
vt -0.450000 0.633736
vt -0.000000 0.720401
vt -0.450000 0.720401
vt -0.000000 0.807065
vt -0.450000 0.807065
vt -0.000000 0.893730
vt -0.450000 0.893730
vt -0.000000 0.980394
vt -0.450000 0.980394
vt -0.000000 1.067059
vt -0.450000 1.067059
vt -0.000000 1.153723
vt -0.450000 1.153723
vt -0.000000 1.240388
vt -0.450000 1.240388
vt -0.000000 1.327052
vt -0.450000 1.327052
vt -0.000000 1.413717
vt -0.450000 1.413717
vt -0.000000 1.500381
vt -0.450000 1.500381
vt -0.000000 1.587046
vt -0.450000 1.587046
vt -0.000000 1.673710
vt -0.450000 1.673710
vt -0.000000 1.760375
vt -0.450000 1.760375
vt 0.000000 1.847039
vt -0.450000 1.847039
vt 0.000000 1.933704
vt -0.450000 1.933704
vt 0.000000 2.020368
vt -0.450000 2.020368
vt 0.000000 2.107033
vt -0.450000 2.107033
vt 0.000000 2.193697
vt -0.450000 2.193697
vt 0.000000 2.280362
vt -0.450000 2.280362
vt 0.000000 2.367026
vt -0.450000 2.367026
vt 0.000000 2.453691
vt -0.450000 2.453691
vt 0.000000 2.540355
vt -0.450000 2.540355
vt -0.450000 2.627020
vt 0.000000 2.627020
vt -1.050000 0.017453
vt -1.316667 0.017453
vt -1.050000 0.000000
vt -1.316667 0.000000
vt -1.050000 -0.017453
vt -1.316667 -0.017453
vt -1.050000 -0.034907
vt -1.316667 -0.034907
vt -1.050000 -0.052360
vt -1.316667 -0.052360
vt -1.050000 -0.069813
vt -1.316667 -0.069813
vt -1.050000 -0.087266
vt -1.316667 -0.087266
vt -1.050000 -0.104720
vt -1.316667 -0.104720
vt -1.050000 -0.122173
vt -1.316667 -0.122173
vt -1.050000 -0.139626
vt -1.316667 -0.139626
vt -1.050000 -0.157080
vt -1.316667 -0.157080
vt -1.050000 -0.174533
vt -1.316667 -0.174533
vt -1.050000 -0.191986
vt -1.316667 -0.191986
vt -1.050000 -0.209440
vt -1.316667 -0.209440
vt -1.050000 -0.226893
vt -1.316667 -0.226893
vt -1.050000 -0.244346
vt -1.316667 -0.244346
vt -1.050000 -0.261799
vt -1.316667 -0.261799
vt -1.050000 -0.279253
vt -1.316667 -0.279253
vt -1.050000 -0.296706
vt -1.316667 -0.296706
vt -1.050000 -0.314159
vt -1.316667 -0.314159
vt -1.050000 0.314159
vt -1.316667 0.314159
vt -1.050000 0.296706
vt -1.316667 0.296706
vt -1.050000 0.279253
vt -1.316667 0.279253
vt -1.050000 0.261799
vt -1.316667 0.261799
vt -1.050000 0.244346
vt -1.316667 0.244346
vt -1.050000 0.226893
vt -1.316667 0.226893
vt -1.050000 0.209440
vt -1.316667 0.209440
vt -1.050000 0.191986
vt -1.316667 0.191986
vt -1.050000 0.174533
vt -1.316667 0.174533
vt -1.050000 0.157080
vt -1.316667 0.157080
vt -1.050000 0.139626
vt -1.316667 0.139626
vt -1.050000 0.122173
vt -1.316667 0.122173
vt -1.050000 0.104720
vt -1.316667 0.104720
vt -1.050000 0.087266
vt -1.316667 0.087266
vt -1.050000 0.069813
vt -1.316667 0.069813
vt -1.050000 0.052360
vt -1.316667 0.052360
vt -1.050000 0.034907
vt -1.316667 0.034907
vt -1.850000 -0.017453
vt -1.583333 -0.017453
vt -1.850000 0.000000
vt -1.583333 0.000000
vt -1.850000 0.017453
vt -1.583333 0.017453
vt -1.850000 0.034907
vt -1.583333 0.034907
vt -1.850000 0.052360
vt -1.583333 0.052360
vt -1.850000 0.069813
vt -1.583333 0.069813
vt -1.850000 0.087266
vt -1.583333 0.087266
vt -1.850000 0.104720
vt -1.583333 0.104720
vt -1.850000 0.122173
vt -1.583333 0.122173
vt -1.850000 0.139626
vt -1.583333 0.139626
vt -1.850000 0.157080
vt -1.583333 0.157080
vt -1.850000 0.174533
vt -1.583333 0.174533
vt -1.850000 0.191986
vt -1.583333 0.191986
vt -1.850000 0.209440
vt -1.583333 0.209440
vt -1.850000 0.226893
vt -1.583333 0.226893
vt -1.850000 0.244346
vt -1.583333 0.244346
vt -1.850000 0.261799
vt -1.583333 0.261799
vt -1.850000 0.279253
vt -1.583333 0.279253
vt -1.850000 0.296706
vt -1.583333 0.296706
vt -1.850000 0.314159
vt -1.583333 0.314159
vt -1.850000 -0.314159
vt -1.583333 -0.314159
vt -1.850000 -0.296706
vt -1.583333 -0.296706
vt -1.850000 -0.279253
vt -1.583333 -0.279253
vt -1.850000 -0.261799
vt -1.583333 -0.261799
vt -1.850000 -0.244346
vt -1.583333 -0.244346
vt -1.850000 -0.226893
vt -1.583333 -0.226893
vt -1.850000 -0.209440
vt -1.583333 -0.209440
vt -1.850000 -0.191986
vt -1.583333 -0.191986
vt -1.850000 -0.174533
vt -1.583333 -0.174533
vt -1.850000 -0.157080
vt -1.583333 -0.157080
vt -1.850000 -0.139626
vt -1.583333 -0.139626
vt -1.850000 -0.122173
vt -1.583333 -0.122173
vt -1.850000 -0.104720
vt -1.583333 -0.104720
vt -1.850000 -0.087266
vt -1.583333 -0.087266
vt -1.850000 -0.069813
vt -1.583333 -0.069813
vt -1.850000 -0.052360
vt -1.583333 -0.052360
vt -1.850000 -0.034907
vt -1.583333 -0.034907
vt -0.294427 -0.794427
vt 0.794427 -0.794427
vt -0.294932 -0.750394
vt 0.782729 -0.708564
vt -0.299438 -0.706590
vt -0.307908 -0.663376
vt 0.766911 -0.623364
vt -0.320273 -0.621112
vt -0.336429 -0.580147
vt -0.356243 -0.540821
vt 0.747011 -0.539024
vt -0.379551 -0.503459
vt 0.723075 -0.455739
vt 0.695159 -0.373703
vt 0.663326 -0.293105
vt 0.627652 -0.214133
vt 0.588218 -0.136969
vt 0.545116 -0.061793
vt 0.498446 0.011222
vt 0.448315 0.081906
vt 0.394841 0.150096
vt -0.406160 -0.468371
vt 0.338147 0.215633
vt -0.435849 -0.435849
vt 0.278365 0.278365
vt 0.215633 0.338147
vt -0.468371 -0.406160
vt 0.150096 0.394841
vt -0.503459 -0.379551
vt 0.081906 0.448315
vt 0.011222 0.498446
vt -0.540821 -0.356243
vt -0.061793 0.545116
vt -0.580147 -0.336429
vt -0.136969 0.588218
vt -0.214133 0.627652
vt -0.621112 -0.320273
vt -0.293105 0.663326
vt -0.663376 -0.307908
vt -0.373703 0.695159
vt -0.455739 0.723075
vt -0.706590 -0.299438
vt -0.539024 0.747011
vt -0.750394 -0.294932
vt -0.623364 0.766911
vt -0.708564 0.782729
vt -0.794427 0.794427
vt -0.794427 -0.294427
vt -0.207825 -0.344427
vt -0.200458 -0.328629
vt -0.195946 -0.311792
vt -0.194427 -0.294427
vt -0.195946 -0.277062
vt -0.200458 -0.260225
vt -0.207825 -0.244427
vt -0.217823 -0.230148
vt -0.230148 -0.217823
vt -0.244427 -0.207825
vt -0.260225 -0.200458
vt -0.277062 -0.195946
vt -0.294427 -0.194427
vt -0.311792 -0.195946
vt -0.328629 -0.200458
vt -0.344427 -0.207825
vt -0.358706 -0.217823
vt -0.371032 -0.230148
vt -0.381030 -0.244427
vt -0.388396 -0.260225
vt -0.392908 -0.277062
vt -0.394427 -0.294427
vt -0.392908 -0.311792
vt -0.388396 -0.328629
vt -0.381030 -0.344427
vt -0.371032 -0.358706
vt -0.358706 -0.371032
vt -0.344427 -0.381030
vt -0.328629 -0.388396
vt -0.311792 -0.392908
vt -0.294427 -0.394427
vt -0.277062 -0.392908
vt -0.260225 -0.388396
vt -0.244427 -0.381030
vt -0.230148 -0.371032
vt -0.217823 -0.358706
vt -3.100000 -0.017453
vt -2.833333 -0.017453
vt -3.100000 0.000000
vt -2.833333 0.000000
vt -3.100000 0.017453
vt -2.833333 0.017453
vt -3.100000 0.034907
vt -2.833333 0.034907
vt -3.100000 0.052360
vt -2.833333 0.052360
vt -3.100000 0.069813
vt -2.833333 0.069813
vt -3.100000 0.087266
vt -2.833333 0.087266
vt -3.100000 0.104720
vt -2.833333 0.104720
vt -3.100000 0.122173
vt -2.833333 0.122173
vt -3.100000 0.139626
vt -2.833333 0.139626
vt -3.100000 0.157080
vt -2.833333 0.157080
vt -3.100000 0.174533
vt -2.833333 0.174533
vt -3.100000 0.191986
vt -2.833333 0.191986
vt -3.100000 0.209440
vt -2.833333 0.209440
vt -3.100000 0.226893
vt -2.833333 0.226893
vt -3.100000 0.244346
vt -2.833333 0.244346
vt -3.100000 0.261799
vt -2.833333 0.261799
vt -3.100000 0.279253
vt -2.833333 0.279253
vt -3.100000 0.296706
vt -2.833333 0.296706
vt -3.100000 0.314159
vt -2.833333 0.314159
vt -3.100000 -0.314159
vt -2.833333 -0.314159
vt -3.100000 -0.296706
vt -2.833333 -0.296706
vt -3.100000 -0.279253
vt -2.833333 -0.279253
vt -3.100000 -0.261799
vt -2.833333 -0.261799
vt -3.100000 -0.244346
vt -2.833333 -0.244346
vt -3.100000 -0.226893
vt -2.833333 -0.226893
vt -3.100000 -0.209440
vt -2.833333 -0.209440
vt -3.100000 -0.191986
vt -2.833333 -0.191986
vt -3.100000 -0.174533
vt -2.833333 -0.174533
vt -3.100000 -0.157080
vt -2.833333 -0.157080
vt -3.100000 -0.139626
vt -2.833333 -0.139626
vt -3.100000 -0.122173
vt -2.833333 -0.122173
vt -3.100000 -0.104720
vt -2.833333 -0.104720
vt -3.100000 -0.087266
vt -2.833333 -0.087266
vt -3.100000 -0.069813
vt -2.833333 -0.069813
vt -3.100000 -0.052360
vt -2.833333 -0.052360
vt -3.100000 -0.034907
vt -2.833333 -0.034907
vt -2.300000 0.017453
vt -2.566667 0.017453
vt -2.300000 0.000000
vt -2.566667 0.000000
vt -2.300000 -0.017453
vt -2.566667 -0.017453
vt -2.300000 -0.034907
vt -2.566667 -0.034907
vt -2.300000 -0.052360
vt -2.566667 -0.052360
vt -2.300000 -0.069813
vt -2.566667 -0.069813
vt -2.300000 -0.087266
vt -2.566667 -0.087266
vt -2.300000 -0.104720
vt -2.566667 -0.104720
vt -2.300000 -0.122173
vt -2.566667 -0.122173
vt -2.300000 -0.139626
vt -2.566667 -0.139626
vt -2.300000 -0.157080
vt -2.566667 -0.157080
vt -2.300000 -0.174533
vt -2.566667 -0.174533
vt -2.300000 -0.191986
vt -2.566667 -0.191986
vt -2.300000 -0.209440
vt -2.566667 -0.209440
vt -2.300000 -0.226893
vt -2.566667 -0.226893
vt -2.300000 -0.244346
vt -2.566667 -0.244346
vt -2.300000 -0.261799
vt -2.566667 -0.261799
vt -2.300000 -0.279253
vt -2.566667 -0.279253
vt -2.300000 -0.296706
vt -2.566667 -0.296706
vt -2.300000 -0.314159
vt -2.566667 -0.314159
vt -2.300000 0.314159
vt -2.566667 0.314159
vt -2.300000 0.296706
vt -2.566667 0.296706
vt -2.300000 0.279253
vt -2.566667 0.279253
vt -2.300000 0.261799
vt -2.566667 0.261799
vt -2.300000 0.244346
vt -2.566667 0.244346
vt -2.300000 0.226893
vt -2.566667 0.226893
vt -2.300000 0.209440
vt -2.566667 0.209440
vt -2.300000 0.191986
vt -2.566667 0.191986
vt -2.300000 0.174533
vt -2.566667 0.174533
vt -2.300000 0.157080
vt -2.566667 0.157080
vt -2.300000 0.139626
vt -2.566667 0.139626
vt -2.300000 0.122173
vt -2.566667 0.122173
vt -2.300000 0.104720
vt -2.566667 0.104720
vt -2.300000 0.087266
vt -2.566667 0.087266
vt -2.300000 0.069813
vt -2.566667 0.069813
vt -2.300000 0.052360
vt -2.566667 0.052360
vt -2.300000 0.034907
vt -2.566667 0.034907
vt -4.350000 -0.017453
vt -4.083333 -0.017453
vt -4.350000 0.000000
vt -4.083333 0.000000
vt -4.350000 0.017453
vt -4.083333 0.017453
vt -4.350000 0.034907
vt -4.083333 0.034907
vt -4.350000 0.052360
vt -4.083333 0.052360
vt -4.350000 0.069813
vt -4.083333 0.069813
vt -4.350000 0.087266
vt -4.083333 0.087266
vt -4.350000 0.104720
vt -4.083333 0.104720
vt -4.350000 0.122173
vt -4.083333 0.122173
vt -4.350000 0.139626
vt -4.083333 0.139626
vt -4.350000 0.157080
vt -4.083333 0.157080
vt -4.350000 0.174533
vt -4.083333 0.174533
vt -4.350000 0.191986
vt -4.083333 0.191986
vt -4.350000 0.209440
vt -4.083333 0.209440
vt -4.350000 0.226893
vt -4.083333 0.226893
vt -4.350000 0.244346
vt -4.083333 0.244346
vt -4.350000 0.261799
vt -4.083333 0.261799
vt -4.350000 0.279253
vt -4.083333 0.279253
vt -4.350000 0.296706
vt -4.083333 0.296706
vt -4.350000 0.314159
vt -4.083333 0.314159
vt -4.350000 -0.314159
vt -4.083333 -0.314159
vt -4.350000 -0.296706
vt -4.083333 -0.296706
vt -4.350000 -0.279253
vt -4.083333 -0.279253
vt -4.350000 -0.261799
vt -4.083333 -0.261799
vt -4.350000 -0.244346
vt -4.083333 -0.244346
vt -4.350000 -0.226893
vt -4.083333 -0.226893
vt -4.350000 -0.209440
vt -4.083333 -0.209440
vt -4.350000 -0.191986
vt -4.083333 -0.191986
vt -4.350000 -0.174533
vt -4.083333 -0.174533
vt -4.350000 -0.157080
vt -4.083333 -0.157080
vt -4.350000 -0.139626
vt -4.083333 -0.139626
vt -4.350000 -0.122173
vt -4.083333 -0.122173
vt -4.350000 -0.104720
vt -4.083333 -0.104720
vt -4.350000 -0.087266
vt -4.083333 -0.087266
vt -4.350000 -0.069813
vt -4.083333 -0.069813
vt -4.350000 -0.052360
vt -4.083333 -0.052360
vt -4.350000 -0.034907
vt -4.083333 -0.034907
vt -3.550000 0.017453
vt -3.816667 0.017453
vt -3.550000 0.000000
vt -3.816667 0.000000
vt -3.550000 -0.017453
vt -3.816667 -0.017453
vt -3.550000 -0.034907
vt -3.816667 -0.034907
vt -3.550000 -0.052360
vt -3.816667 -0.052360
vt -3.550000 -0.069813
vt -3.816667 -0.069813
vt -3.550000 -0.087266
vt -3.816667 -0.087266
vt -3.550000 -0.104720
vt -3.816667 -0.104720
vt -3.550000 -0.122173
vt -3.816667 -0.122173
vt -3.550000 -0.139626
vt -3.816667 -0.139626
vt -3.550000 -0.157080
vt -3.816667 -0.157080
vt -3.550000 -0.174533
vt -3.816667 -0.174533
vt -3.550000 -0.191986
vt -3.816667 -0.191986
vt -3.550000 -0.209440
vt -3.816667 -0.209440
vt -3.550000 -0.226893
vt -3.816667 -0.226893
vt -3.550000 -0.244346
vt -3.816667 -0.244346
vt -3.550000 -0.261799
vt -3.816667 -0.261799
vt -3.550000 -0.279253
vt -3.816667 -0.279253
vt -3.550000 -0.296706
vt -3.816667 -0.296706
vt -3.550000 -0.314159
vt -3.816667 -0.314159
vt -3.550000 0.314159
vt -3.816667 0.314159
vt -3.550000 0.296706
vt -3.816667 0.296706
vt -3.550000 0.279253
vt -3.816667 0.279253
vt -3.550000 0.261799
vt -3.816667 0.261799
vt -3.550000 0.244346
vt -3.816667 0.244346
vt -3.550000 0.226893
vt -3.816667 0.226893
vt -3.550000 0.209440
vt -3.816667 0.209440
vt -3.550000 0.191986
vt -3.816667 0.191986
vt -3.550000 0.174533
vt -3.816667 0.174533
vt -3.550000 0.157080
vt -3.816667 0.157080
vt -3.550000 0.139626
vt -3.816667 0.139626
vt -3.550000 0.122173
vt -3.816667 0.122173
vt -3.550000 0.104720
vt -3.816667 0.104720
vt -3.550000 0.087266
vt -3.816667 0.087266
vt -3.550000 0.069813
vt -3.816667 0.069813
vt -3.550000 0.052360
vt -3.816667 0.052360
vt -3.550000 0.034907
vt -3.816667 0.034907
vt -5.600000 -0.017453
vt -5.333333 -0.017453
vt -5.600000 0.000000
vt -5.333333 0.000000
vt -5.600000 0.017453
vt -5.333333 0.017453
vt -5.600000 0.034907
vt -5.333333 0.034907
vt -5.600000 0.052360
vt -5.333333 0.052360
vt -5.600000 0.069813
vt -5.333333 0.069813
vt -5.600000 0.087266
vt -5.333333 0.087266
vt -5.600000 0.104720
vt -5.333333 0.104720
vt -5.600000 0.122173
vt -5.333333 0.122173
vt -5.600000 0.139626
vt -5.333333 0.139626
vt -5.600000 0.157080
vt -5.333333 0.157080
vt -5.600000 0.174533
vt -5.333333 0.174533
vt -5.600000 0.191986
vt -5.333333 0.191986
vt -5.600000 0.209440
vt -5.333333 0.209440
vt -5.600000 0.226893
vt -5.333333 0.226893
vt -5.600000 0.244346
vt -5.333333 0.244346
vt -5.600000 0.261799
vt -5.333333 0.261799
vt -5.600000 0.279253
vt -5.333333 0.279253
vt -5.600000 0.296706
vt -5.333333 0.296706
vt -5.600000 0.314159
vt -5.333333 0.314159
vt -5.600000 -0.314159
vt -5.333333 -0.314159
vt -5.600000 -0.296706
vt -5.333333 -0.296706
vt -5.600000 -0.279253
vt -5.333333 -0.279253
vt -5.600000 -0.261799
vt -5.333333 -0.261799
vt -5.600000 -0.244346
vt -5.333333 -0.244346
vt -5.600000 -0.226893
vt -5.333333 -0.226893
vt -5.600000 -0.209440
vt -5.333333 -0.209440
vt -5.600000 -0.191986
vt -5.333333 -0.191986
vt -5.600000 -0.174533
vt -5.333333 -0.174533
vt -5.600000 -0.157080
vt -5.333333 -0.157080
vt -5.600000 -0.139626
vt -5.333333 -0.139626
vt -5.600000 -0.122173
vt -5.333333 -0.122173
vt -5.600000 -0.104720
vt -5.333333 -0.104720
vt -5.600000 -0.087266
vt -5.333333 -0.087266
vt -5.600000 -0.069813
vt -5.333333 -0.069813
vt -5.600000 -0.052360
vt -5.333333 -0.052360
vt -5.600000 -0.034907
vt -5.333333 -0.034907
vt -4.800000 0.017453
vt -5.066667 0.017453
vt -4.800000 0.000000
vt -5.066667 0.000000
vt -4.800000 -0.017453
vt -5.066667 -0.017453
vt -4.800000 -0.034907
vt -5.066667 -0.034907
vt -4.800000 -0.052360
vt -5.066667 -0.052360
vt -4.800000 -0.069813
vt -5.066667 -0.069813
vt -4.800000 -0.087266
vt -5.066667 -0.087266
vt -4.800000 -0.104720
vt -5.066667 -0.104720
vt -4.800000 -0.122173
vt -5.066667 -0.122173
vt -4.800000 -0.139626
vt -5.066667 -0.139626
vt -4.800000 -0.157080
vt -5.066667 -0.157080
vt -4.800000 -0.174533
vt -5.066667 -0.174533
vt -4.800000 -0.191986
vt -5.066667 -0.191986
vt -4.800000 -0.209440
vt -5.066667 -0.209440
vt -4.800000 -0.226893
vt -5.066667 -0.226893
vt -4.800000 -0.244346
vt -5.066667 -0.244346
vt -4.800000 -0.261799
vt -5.066667 -0.261799
vt -4.800000 -0.279253
vt -5.066667 -0.279253
vt -4.800000 -0.296706
vt -5.066667 -0.296706
vt -4.800000 -0.314159
vt -5.066667 -0.314159
vt -4.800000 0.314159
vt -5.066667 0.314159
vt -4.800000 0.296706
vt -5.066667 0.296706
vt -4.800000 0.279253
vt -5.066667 0.279253
vt -4.800000 0.261799
vt -5.066667 0.261799
vt -4.800000 0.244346
vt -5.066667 0.244346
vt -4.800000 0.226893
vt -5.066667 0.226893
vt -4.800000 0.209440
vt -5.066667 0.209440
vt -4.800000 0.191986
vt -5.066667 0.191986
vt -4.800000 0.174533
vt -5.066667 0.174533
vt -4.800000 0.157080
vt -5.066667 0.157080
vt -4.800000 0.139626
vt -5.066667 0.139626
vt -4.800000 0.122173
vt -5.066667 0.122173
vt -4.800000 0.104720
vt -5.066667 0.104720
vt -4.800000 0.087266
vt -5.066667 0.087266
vt -4.800000 0.069813
vt -5.066667 0.069813
vt -4.800000 0.052360
vt -5.066667 0.052360
vt -4.800000 0.034907
vt -5.066667 0.034907
vt -6.850000 -0.017453
vt -6.583333 -0.017453
vt -6.850000 0.000000
vt -6.583333 0.000000
vt -6.850000 0.017453
vt -6.583333 0.017453
vt -6.850000 0.034907
vt -6.583333 0.034907
vt -6.850000 0.052360
vt -6.583333 0.052360
vt -6.850000 0.069813
vt -6.583333 0.069813
vt -6.850000 0.087266
vt -6.583333 0.087266
vt -6.850000 0.104720
vt -6.583333 0.104720
vt -6.850000 0.122173
vt -6.583333 0.122173
vt -6.850000 0.139626
vt -6.583333 0.139626
vt -6.850000 0.157080
vt -6.583333 0.157080
vt -6.850000 0.174533
vt -6.583333 0.174533
vt -6.850000 0.191986
vt -6.583333 0.191986
vt -6.850000 0.209440
vt -6.583333 0.209440
vt -6.850000 0.226893
vt -6.583333 0.226893
vt -6.850000 0.244346
vt -6.583333 0.244346
vt -6.850000 0.261799
vt -6.583333 0.261799
vt -6.850000 0.279253
vt -6.583333 0.279253
vt -6.850000 0.296706
vt -6.583333 0.296706
vt -6.850000 0.314159
vt -6.583333 0.314159
vt -6.850000 -0.314159
vt -6.583333 -0.314159
vt -6.850000 -0.296706
vt -6.583333 -0.296706
vt -6.850000 -0.279253
vt -6.583333 -0.279253
vt -6.850000 -0.261799
vt -6.583333 -0.261799
vt -6.850000 -0.244346
vt -6.583333 -0.244346
vt -6.850000 -0.226893
vt -6.583333 -0.226893
vt -6.850000 -0.209440
vt -6.583333 -0.209440
vt -6.850000 -0.191986
vt -6.583333 -0.191986
vt -6.850000 -0.174533
vt -6.583333 -0.174533
vt -6.850000 -0.157080
vt -6.583333 -0.157080
vt -6.850000 -0.139626
vt -6.583333 -0.139626
vt -6.850000 -0.122173
vt -6.583333 -0.122173
vt -6.850000 -0.104720
vt -6.583333 -0.104720
vt -6.850000 -0.087266
vt -6.583333 -0.087266
vt -6.850000 -0.069813
vt -6.583333 -0.069813
vt -6.850000 -0.052360
vt -6.583333 -0.052360
vt -6.850000 -0.034907
vt -6.583333 -0.034907
vt -6.050000 0.017453
vt -6.316667 0.017453
vt -6.050000 0.000000
vt -6.316667 0.000000
vt -6.050000 -0.017453
vt -6.316667 -0.017453
vt -6.050000 -0.034907
vt -6.316667 -0.034907
vt -6.050000 -0.052360
vt -6.316667 -0.052360
vt -6.050000 -0.069813
vt -6.316667 -0.069813
vt -6.050000 -0.087266
vt -6.316667 -0.087266
vt -6.050000 -0.104720
vt -6.316667 -0.104720
vt -6.050000 -0.122173
vt -6.316667 -0.122173
vt -6.050000 -0.139626
vt -6.316667 -0.139626
vt -6.050000 -0.157080
vt -6.316667 -0.157080
vt -6.050000 -0.174533
vt -6.316667 -0.174533
vt -6.050000 -0.191986
vt -6.316667 -0.191986
vt -6.050000 -0.209440
vt -6.316667 -0.209440
vt -6.050000 -0.226893
vt -6.316667 -0.226893
vt -6.050000 -0.244346
vt -6.316667 -0.244346
vt -6.050000 -0.261799
vt -6.316667 -0.261799
vt -6.050000 -0.279253
vt -6.316667 -0.279253
vt -6.050000 -0.296706
vt -6.316667 -0.296706
vt -6.050000 -0.314159
vt -6.316667 -0.314159
vt -6.050000 0.314159
vt -6.316667 0.314159
vt -6.050000 0.296706
vt -6.316667 0.296706
vt -6.050000 0.279253
vt -6.316667 0.279253
vt -6.050000 0.261799
vt -6.316667 0.261799
vt -6.050000 0.244346
vt -6.316667 0.244346
vt -6.050000 0.226893
vt -6.316667 0.226893
vt -6.050000 0.209440
vt -6.316667 0.209440
vt -6.050000 0.191986
vt -6.316667 0.191986
vt -6.050000 0.174533
vt -6.316667 0.174533
vt -6.050000 0.157080
vt -6.316667 0.157080
vt -6.050000 0.139626
vt -6.316667 0.139626
vt -6.050000 0.122173
vt -6.316667 0.122173
vt -6.050000 0.104720
vt -6.316667 0.104720
vt -6.050000 0.087266
vt -6.316667 0.087266
vt -6.050000 0.069813
vt -6.316667 0.069813
vt -6.050000 0.052360
vt -6.316667 0.052360
vt -6.050000 0.034907
vt -6.316667 0.034907
vt -8.100000 -0.017453
vt -7.833333 -0.017453
vt -8.100000 0.000000
vt -7.833333 0.000000
vt -8.100000 0.017453
vt -7.833333 0.017453
vt -8.100000 0.034907
vt -7.833333 0.034907
vt -8.100000 0.052360
vt -7.833333 0.052360
vt -8.100000 0.069813
vt -7.833333 0.069813
vt -8.100000 0.087266
vt -7.833333 0.087266
vt -8.100000 0.104720
vt -7.833333 0.104720
vt -8.100000 0.122173
vt -7.833333 0.122173
vt -8.100000 0.139626
vt -7.833333 0.139626
vt -8.100000 0.157080
vt -7.833333 0.157080
vt -8.100000 0.174533
vt -7.833333 0.174533
vt -8.100000 0.191986
vt -7.833333 0.191986
vt -8.100000 0.209440
vt -7.833333 0.209440
vt -8.100000 0.226893
vt -7.833333 0.226893
vt -8.100000 0.244346
vt -7.833333 0.244346
vt -8.100000 0.261799
vt -7.833333 0.261799
vt -8.100000 0.279253
vt -7.833333 0.279253
vt -8.100000 0.296706
vt -7.833333 0.296706
vt -8.100000 0.314159
vt -7.833333 0.314159
vt -8.100000 -0.314159
vt -7.833333 -0.314159
vt -8.100000 -0.296706
vt -7.833333 -0.296706
vt -8.100000 -0.279253
vt -7.833333 -0.279253
vt -8.100000 -0.261799
vt -7.833333 -0.261799
vt -8.100000 -0.244346
vt -7.833333 -0.244346
vt -8.100000 -0.226893
vt -7.833333 -0.226893
vt -8.100000 -0.209440
vt -7.833333 -0.209440
vt -8.100000 -0.191986
vt -7.833333 -0.191986
vt -8.100000 -0.174533
vt -7.833333 -0.174533
vt -8.100000 -0.157080
vt -7.833333 -0.157080
vt -8.100000 -0.139626
vt -7.833333 -0.139626
vt -8.100000 -0.122173
vt -7.833333 -0.122173
vt -8.100000 -0.104720
vt -7.833333 -0.104720
vt -8.100000 -0.087266
vt -7.833333 -0.087266
vt -8.100000 -0.069813
vt -7.833333 -0.069813
vt -8.100000 -0.052360
vt -7.833333 -0.052360
vt -8.100000 -0.034907
vt -7.833333 -0.034907
vt -7.300000 0.017453
vt -7.566667 0.017453
vt -7.300000 0.000000
vt -7.566667 0.000000
vt -7.300000 -0.017453
vt -7.566667 -0.017453
vt -7.300000 -0.034907
vt -7.566667 -0.034907
vt -7.300000 -0.052360
vt -7.566667 -0.052360
vt -7.300000 -0.069813
vt -7.566667 -0.069813
vt -7.300000 -0.087266
vt -7.566667 -0.087266
vt -7.300000 -0.104720
vt -7.566667 -0.104720
vt -7.300000 -0.122173
vt -7.566667 -0.122173
vt -7.300000 -0.139626
vt -7.566667 -0.139626
vt -7.300000 -0.157080
vt -7.566667 -0.157080
vt -7.300000 -0.174533
vt -7.566667 -0.174533
vt -7.300000 -0.191986
vt -7.566667 -0.191986
vt -7.300000 -0.209440
vt -7.566667 -0.209440
vt -7.300000 -0.226893
vt -7.566667 -0.226893
vt -7.300000 -0.244346
vt -7.566667 -0.244346
vt -7.300000 -0.261799
vt -7.566667 -0.261799
vt -7.300000 -0.279253
vt -7.566667 -0.279253
vt -7.300000 -0.296706
vt -7.566667 -0.296706
vt -7.300000 -0.314159
vt -7.566667 -0.314159
vt -7.300000 0.314159
vt -7.566667 0.314159
vt -7.300000 0.296706
vt -7.566667 0.296706
vt -7.300000 0.279253
vt -7.566667 0.279253
vt -7.300000 0.261799
vt -7.566667 0.261799
vt -7.300000 0.244346
vt -7.566667 0.244346
vt -7.300000 0.226893
vt -7.566667 0.226893
vt -7.300000 0.209440
vt -7.566667 0.209440
vt -7.300000 0.191986
vt -7.566667 0.191986
vt -7.300000 0.174533
vt -7.566667 0.174533
vt -7.300000 0.157080
vt -7.566667 0.157080
vt -7.300000 0.139626
vt -7.566667 0.139626
vt -7.300000 0.122173
vt -7.566667 0.122173
vt -7.300000 0.104720
vt -7.566667 0.104720
vt -7.300000 0.087266
vt -7.566667 0.087266
vt -7.300000 0.069813
vt -7.566667 0.069813
vt -7.300000 0.052360
vt -7.566667 0.052360
vt -7.300000 0.034907
vt -7.566667 0.034907
vt -9.350000 -0.017453
vt -9.083333 -0.017453
vt -9.350000 0.000000
vt -9.083333 0.000000
vt -9.350000 0.017453
vt -9.083333 0.017453
vt -9.350000 0.034907
vt -9.083333 0.034907
vt -9.350000 0.052360
vt -9.083333 0.052360
vt -9.350000 0.069813
vt -9.083333 0.069813
vt -9.350000 0.087266
vt -9.083333 0.087266
vt -9.350000 0.104720
vt -9.083333 0.104720
vt -9.350000 0.122173
vt -9.083333 0.122173
vt -9.350000 0.139626
vt -9.083333 0.139626
vt -9.350000 0.157080
vt -9.083333 0.157080
vt -9.350000 0.174533
vt -9.083333 0.174533
vt -9.350000 0.191986
vt -9.083333 0.191986
vt -9.350000 0.209440
vt -9.083333 0.209440
vt -9.350000 0.226893
vt -9.083333 0.226893
vt -9.350000 0.244346
vt -9.083333 0.244346
vt -9.350000 0.261799
vt -9.083333 0.261799
vt -9.350000 0.279253
vt -9.083333 0.279253
vt -9.350000 0.296706
vt -9.083333 0.296706
vt -9.350000 0.314159
vt -9.083333 0.314159
vt -9.350000 -0.314159
vt -9.083333 -0.314159
vt -9.350000 -0.296706
vt -9.083333 -0.296706
vt -9.350000 -0.279253
vt -9.083333 -0.279253
vt -9.350000 -0.261799
vt -9.083333 -0.261799
vt -9.350000 -0.244346
vt -9.083333 -0.244346
vt -9.350000 -0.226893
vt -9.083333 -0.226893
vt -9.350000 -0.209440
vt -9.083333 -0.209440
vt -9.350000 -0.191986
vt -9.083333 -0.191986
vt -9.350000 -0.174533
vt -9.083333 -0.174533
vt -9.350000 -0.157080
vt -9.083333 -0.157080
vt -9.350000 -0.139626
vt -9.083333 -0.139626
vt -9.350000 -0.122173
vt -9.083333 -0.122173
vt -9.350000 -0.104720
vt -9.083333 -0.104720
vt -9.350000 -0.087266
vt -9.083333 -0.087266
vt -9.350000 -0.069813
vt -9.083333 -0.069813
vt -9.350000 -0.052360
vt -9.083333 -0.052360
vt -9.350000 -0.034907
vt -9.083333 -0.034907
vt -8.550000 0.017453
vt -8.816667 0.017453
vt -8.550000 0.000000
vt -8.816667 0.000000
vt -8.550000 -0.017453
vt -8.816667 -0.017453
vt -8.550000 -0.034907
vt -8.816667 -0.034907
vt -8.550000 -0.052360
vt -8.816667 -0.052360
vt -8.550000 -0.069813
vt -8.816667 -0.069813
vt -8.550000 -0.087266
vt -8.816667 -0.087266
vt -8.550000 -0.104720
vt -8.816667 -0.104720
vt -8.550000 -0.122173
vt -8.816667 -0.122173
vt -8.550000 -0.139626
vt -8.816667 -0.139626
vt -8.550000 -0.157080
vt -8.816667 -0.157080
vt -8.550000 -0.174533
vt -8.816667 -0.174533
vt -8.550000 -0.191986
vt -8.816667 -0.191986
vt -8.550000 -0.209440
vt -8.816667 -0.209440
vt -8.550000 -0.226893
vt -8.816667 -0.226893
vt -8.550000 -0.244346
vt -8.816667 -0.244346
vt -8.550000 -0.261799
vt -8.816667 -0.261799
vt -8.550000 -0.279253
vt -8.816667 -0.279253
vt -8.550000 -0.296706
vt -8.816667 -0.296706
vt -8.550000 -0.314159
vt -8.816667 -0.314159
vt -8.550000 0.314159
vt -8.816667 0.314159
vt -8.550000 0.296706
vt -8.816667 0.296706
vt -8.550000 0.279253
vt -8.816667 0.279253
vt -8.550000 0.261799
vt -8.816667 0.261799
vt -8.550000 0.244346
vt -8.816667 0.244346
vt -8.550000 0.226893
vt -8.816667 0.226893
vt -8.550000 0.209440
vt -8.816667 0.209440
vt -8.550000 0.191986
vt -8.816667 0.191986
vt -8.550000 0.174533
vt -8.816667 0.174533
vt -8.550000 0.157080
vt -8.816667 0.157080
vt -8.550000 0.139626
vt -8.816667 0.139626
vt -8.550000 0.122173
vt -8.816667 0.122173
vt -8.550000 0.104720
vt -8.816667 0.104720
vt -8.550000 0.087266
vt -8.816667 0.087266
vt -8.550000 0.069813
vt -8.816667 0.069813
vt -8.550000 0.052360
vt -8.816667 0.052360
vt -8.550000 0.034907
vt -8.816667 0.034907
vt -10.600000 -0.017453
vt -10.333333 -0.017453
vt -10.600000 0.000000
vt -10.333333 0.000000
vt -10.600000 0.017453
vt -10.333333 0.017453
vt -10.600000 0.034907
vt -10.333333 0.034907
vt -10.600000 0.052360
vt -10.333333 0.052360
vt -10.600000 0.069813
vt -10.333333 0.069813
vt -10.600000 0.087266
vt -10.333333 0.087266
vt -10.600000 0.104720
vt -10.333333 0.104720
vt -10.600000 0.122173
vt -10.333333 0.122173
vt -10.600000 0.139626
vt -10.333333 0.139626
vt -10.600000 0.157080
vt -10.333333 0.157080
vt -10.600000 0.174533
vt -10.333333 0.174533
vt -10.600000 0.191986
vt -10.333333 0.191986
vt -10.600000 0.209440
vt -10.333333 0.209440
vt -10.600000 0.226893
vt -10.333333 0.226893
vt -10.600000 0.244346
vt -10.333333 0.244346
vt -10.600000 0.261799
vt -10.333333 0.261799
vt -10.600000 0.279253
vt -10.333333 0.279253
vt -10.600000 0.296706
vt -10.333333 0.296706
vt -10.600000 0.314159
vt -10.333333 0.314159
vt -10.600000 -0.314159
vt -10.333333 -0.314159
vt -10.600000 -0.296706
vt -10.333333 -0.296706
vt -10.600000 -0.279253
vt -10.333333 -0.279253
vt -10.600000 -0.261799
vt -10.333333 -0.261799
vt -10.600000 -0.244346
vt -10.333333 -0.244346
vt -10.600000 -0.226893
vt -10.333333 -0.226893
vt -10.600000 -0.209440
vt -10.333333 -0.209440
vt -10.600000 -0.191986
vt -10.333333 -0.191986
vt -10.600000 -0.174533
vt -10.333333 -0.174533
vt -10.600000 -0.157080
vt -10.333333 -0.157080
vt -10.600000 -0.139626
vt -10.333333 -0.139626
vt -10.600000 -0.122173
vt -10.333333 -0.122173
vt -10.600000 -0.104720
vt -10.333333 -0.104720
vt -10.600000 -0.087266
vt -10.333333 -0.087266
vt -10.600000 -0.069813
vt -10.333333 -0.069813
vt -10.600000 -0.052360
vt -10.333333 -0.052360
vt -10.600000 -0.034907
vt -10.333333 -0.034907
vt -9.800000 0.017453
vt -10.066667 0.017453
vt -9.800000 0.000000
vt -10.066667 0.000000
vt -9.800000 -0.017453
vt -10.066667 -0.017453
vt -9.800000 -0.034907
vt -10.066667 -0.034907
vt -9.800000 -0.052360
vt -10.066667 -0.052360
vt -9.800000 -0.069813
vt -10.066667 -0.069813
vt -9.800000 -0.087266
vt -10.066667 -0.087266
vt -9.800000 -0.104720
vt -10.066667 -0.104720
vt -9.800000 -0.122173
vt -10.066667 -0.122173
vt -9.800000 -0.139626
vt -10.066667 -0.139626
vt -9.800000 -0.157080
vt -10.066667 -0.157080
vt -9.800000 -0.174533
vt -10.066667 -0.174533
vt -9.800000 -0.191986
vt -10.066667 -0.191986
vt -9.800000 -0.209440
vt -10.066667 -0.209440
vt -9.800000 -0.226893
vt -10.066667 -0.226893
vt -9.800000 -0.244346
vt -10.066667 -0.244346
vt -9.800000 -0.261799
vt -10.066667 -0.261799
vt -9.800000 -0.279253
vt -10.066667 -0.279253
vt -9.800000 -0.296706
vt -10.066667 -0.296706
vt -9.800000 -0.314159
vt -10.066667 -0.314159
vt -9.800000 0.314159
vt -10.066667 0.314159
vt -9.800000 0.296706
vt -10.066667 0.296706
vt -9.800000 0.279253
vt -10.066667 0.279253
vt -9.800000 0.261799
vt -10.066667 0.261799
vt -9.800000 0.244346
vt -10.066667 0.244346
vt -9.800000 0.226893
vt -10.066667 0.226893
vt -9.800000 0.209440
vt -10.066667 0.209440
vt -9.800000 0.191986
vt -10.066667 0.191986
vt -9.800000 0.174533
vt -10.066667 0.174533
vt -9.800000 0.157080
vt -10.066667 0.157080
vt -9.800000 0.139626
vt -10.066667 0.139626
vt -9.800000 0.122173
vt -10.066667 0.122173
vt -9.800000 0.104720
vt -10.066667 0.104720
vt -9.800000 0.087266
vt -10.066667 0.087266
vt -9.800000 0.069813
vt -10.066667 0.069813
vt -9.800000 0.052360
vt -10.066667 0.052360
vt -9.800000 0.034907
vt -10.066667 0.034907
vt -0.450000 -2.627020
vt -0.000000 -2.627020
vt -0.450000 -2.540355
vt -0.000000 -2.540355
vt -0.000000 -2.453691
vt -0.450000 -2.453691
vt -0.000000 -2.367026
vt -0.450000 -2.367026
vt -0.000000 -2.280362
vt -0.450000 -2.280362
vt -0.000000 -2.193697
vt -0.450000 -2.193697
vt -0.000000 -2.107033
vt -0.450000 -2.107033
vt -0.000000 -2.020368
vt -0.450000 -2.020368
vt -0.000000 -1.933704
vt -0.450000 -1.933704
vt -0.000000 -1.847039
vt -0.450000 -1.847039
vt -0.000000 -1.760375
vt -0.450000 -1.760375
vt -0.000000 -1.673710
vt -0.450000 -1.673710
vt -0.000000 -1.587046
vt -0.450000 -1.587046
vt -0.000000 -1.500381
vt -0.450000 -1.500381
vt -0.000000 -1.413717
vt -0.450000 -1.413717
vt -0.000000 -1.327052
vt -0.450000 -1.327052
vt -0.000000 -1.240388
vt -0.450000 -1.240388
vt -0.000000 -1.153723
vt -0.450000 -1.153723
vt -0.000000 -1.067059
vt -0.450000 -1.067059
vt -0.000000 -0.980394
vt -0.450000 -0.980394
vt -0.000000 -0.893730
vt -0.450000 -0.893730
vt -0.000000 -0.807065
vt -0.450000 -0.807065
vt -0.000000 -0.720401
vt -0.450000 -0.720401
vt -0.000000 -0.633736
vt -0.450000 -0.633736
vt -0.000000 -0.547072
vt -0.450000 -0.547072
vt -0.000000 -0.460407
vt -0.450000 -0.460407
vt -0.000000 -0.373743
vt -0.450000 -0.373743
vt -0.000000 -0.287078
vt -0.450000 -0.287078
vt -0.450000 -0.200414
vt -0.000000 -0.200414
vt 0.450000 -1.563957
vt 0.000000 -1.563957
vt 0.000000 -1.608009
vt 0.450000 -1.608009
vt 0.000000 -1.652060
vt 0.450000 -1.652060
vt 0.000000 -1.696111
vt 0.450000 -1.696111
vt 0.000000 -1.740162
vt 0.450000 -1.740162
vt 0.000000 -1.784213
vt 0.450000 -1.784213
vt 0.000000 -1.828264
vt 0.450000 -1.828264
vt 0.000000 -1.872315
vt 0.450000 -1.872315
vt 0.000000 -1.916366
vt 0.450000 -1.916366
vt 0.000000 -1.960417
vt 0.450000 -1.960417
vt 0.000000 -2.004468
vt 0.450000 -2.004468
vt 0.000000 -2.048519
vt 0.450000 -2.048519
vt 0.000000 -2.092570
vt 0.450000 -2.092570
vt 0.000000 -2.136621
vt 0.450000 -2.136621
vt 0.000000 -2.180672
vt 0.450000 -2.180672
vt 0.000000 -2.224723
vt 0.450000 -2.224723
vt 0.000000 -2.268774
vt 0.450000 -2.268774
vt 0.450000 -2.312825
vt -0.000000 -2.312825
s 1
usemtl 224,0,201
f 1/1/1 2/2/1 48/3/1
f 48/3/1 2/2/1 3/4/1
f 48/3/1 3/4/1 47/5/1
f 47/5/1 3/4/1 46/6/1
f 46/6/1 3/4/1 4/7/1
f 46/6/1 4/7/1 82/8/1
f 82/8/1 4/7/1 81/9/2
f 81/9/2 4/7/1 5/10/1
f 81/9/2 5/10/1 80/11/1
f 80/11/1 5/10/1 6/12/1
f 80/11/1 6/12/1 79/13/3
f 79/13/3 6/12/1 7/14/1
f 79/13/3 7/14/1 78/15/2
f 78/15/2 7/14/1 77/16/1
f 77/16/1 7/14/1 8/17/1
f 77/16/1 8/17/1 76/18/1
f 76/18/1 8/17/1 9/19/1
f 76/18/1 9/19/1 75/20/1
f 75/20/1 9/19/1 74/21/1
f 74/21/1 9/19/1 10/22/1
f 74/21/1 10/22/1 73/23/4
f 73/23/4 10/22/1 72/24/4
f 72/24/4 10/22/1 11/25/1
f 72/24/4 11/25/1 71/26/1
f 71/26/1 11/25/1 12/27/1
f 71/26/1 12/27/1 70/28/1
f 70/28/1 12/27/1 69/29/1
f 69/29/1 12/27/1 13/30/1
f 69/29/1 13/30/1 68/31/1
f 68/31/1 13/30/1 67/32/1
f 67/32/1 13/30/1 14/33/1
f 67/32/1 14/33/1 66/34/1
f 66/34/1 14/33/1 15/35/1
f 66/34/1 15/35/1 65/36/1
f 65/36/1 15/35/1 64/37/1
f 64/37/1 15/35/1 16/38/1
f 64/37/1 16/38/1 63/39/1
f 63/39/1 16/38/1 17/40/1
f 63/39/1 17/40/1 62/41/1
f 62/41/1 17/40/1 18/42/1
f 62/41/1 18/42/1 61/43/1
f 61/43/1 18/42/1 24/44/1
f 61/43/1 24/44/1 25/45/1
f 18/42/1 19/46/1 24/44/1
f 24/44/1 19/46/1 23/47/1
f 23/47/1 19/46/1 22/48/1
f 22/48/1 19/46/1 20/49/1
f 22/48/1 20/49/1 21/50/1
f 25/45/1 26/51/1 61/43/1
f 61/43/1 26/51/1 60/52/3
f 60/52/3 26/51/1 27/53/1
f 60/52/3 27/53/1 28/54/1
f 60/52/3 28/54/1 59/55/3
f 59/55/3 28/54/1 29/56/1
f 59/55/3 29/56/1 58/57/1
f 58/57/1 29/56/1 30/58/1
f 58/57/1 30/58/1 57/59/1
f 57/59/1 30/58/1 31/60/1
f 57/59/1 31/60/1 56/61/1
f 56/61/1 31/60/1 32/62/1
f 56/61/1 32/62/1 33/63/1
f 56/61/1 33/63/1 55/64/1
f 55/64/1 33/63/1 34/65/1
f 55/64/1 34/65/1 54/66/1
f 54/66/1 34/65/1 35/67/1
f 54/66/1 35/67/1 53/68/1
f 53/68/1 35/67/1 36/69/1
f 53/68/1 36/69/1 52/70/3
f 52/70/3 36/69/1 37/71/1
f 52/70/3 37/71/1 51/72/1
f 51/72/1 37/71/1 38/73/1
f 51/72/1 38/73/1 39/74/1
f 51/72/1 39/74/1 50/75/1
f 50/75/1 39/74/1 40/76/1
f 50/75/1 40/76/1 49/77/1
f 49/77/1 40/76/1 41/78/1
f 49/77/1 41/78/1 84/79/1
f 84/79/1 41/78/1 42/80/1
f 84/79/1 42/80/1 83/81/1
f 83/81/1 42/80/1 43/82/1
f 83/81/1 43/82/1 44/83/1
f 83/81/1 44/83/1 82/8/1
f 82/8/1 44/83/1 45/84/1
f 82/8/1 45/84/1 46/6/1
f 2/85/5 1/86/5 86/87/5
f 86/87/5 1/86/5 85/88/5
f 104/89/6 20/90/6 103/91/7
f 103/91/7 20/90/6 19/92/7
f 103/91/7 19/92/7 18/93/8
f 103/91/7 18/93/8 102/94/8
f 102/94/8 18/93/8 17/95/9
f 102/94/8 17/95/9 101/96/9
f 101/96/9 17/95/9 16/97/10
f 101/96/9 16/97/10 100/98/10
f 100/98/10 16/97/10 15/99/11
f 100/98/10 15/99/11 99/100/11
f 99/100/11 15/99/11 14/101/12
f 99/100/11 14/101/12 98/102/12
f 98/102/12 14/101/12 13/103/13
f 98/102/12 13/103/13 97/104/13
f 97/104/13 13/103/13 12/105/14
f 97/104/13 12/105/14 96/106/14
f 96/106/14 12/105/14 11/107/15
f 96/106/14 11/107/15 95/108/15
f 95/108/15 11/107/15 10/109/16
f 95/108/15 10/109/16 94/110/16
f 94/110/16 10/109/16 9/111/17
f 94/110/16 9/111/17 93/112/17
f 93/112/17 9/111/17 8/113/18
f 93/112/17 8/113/18 92/114/18
f 92/114/18 8/113/18 7/115/19
f 92/114/18 7/115/19 91/116/19
f 91/116/19 7/115/19 6/117/20
f 91/116/19 6/117/20 90/118/20
f 90/118/20 6/117/20 5/119/21
f 90/118/20 5/119/21 89/120/21
f 89/120/21 5/119/21 4/121/22
f 89/120/21 4/121/22 88/122/22
f 88/122/22 4/121/22 3/123/23
f 88/122/22 3/123/23 87/124/23
f 87/124/23 3/123/23 86/125/24
f 86/125/24 3/123/23 2/126/24
f 21/85/25 20/86/25 105/87/25
f 105/87/25 20/86/25 104/88/25
f 85/127/26 1/128/26 132/129/27
f 132/129/27 1/128/26 48/130/27
f 132/129/27 48/130/27 47/131/28
f 132/129/27 47/131/28 131/132/28
f 131/132/28 47/131/28 46/133/29
f 131/132/28 46/133/29 130/134/29
f 130/134/29 46/133/29 45/135/30
f 130/134/29 45/135/30 129/136/30
f 129/136/30 45/135/30 44/137/31
f 129/136/30 44/137/31 128/138/31
f 128/138/31 44/137/31 43/139/32
f 128/138/31 43/139/32 127/140/32
f 127/140/32 43/139/32 42/141/33
f 127/140/32 42/141/33 126/142/33
f 126/142/33 42/141/33 41/143/34
f 126/142/33 41/143/34 125/144/34
f 125/144/34 41/143/34 40/145/35
f 125/144/34 40/145/35 124/146/35
f 124/146/35 40/145/35 39/147/36
f 124/146/35 39/147/36 123/148/36
f 123/148/36 39/147/36 38/149/37
f 123/148/36 38/149/37 122/150/37
f 122/150/37 38/149/37 37/151/38
f 122/150/37 37/151/38 121/152/38
f 121/152/38 37/151/38 36/153/39
f 121/152/38 36/153/39 120/154/39
f 120/154/39 36/153/39 35/155/40
f 120/154/39 35/155/40 119/156/40
f 119/156/40 35/155/40 34/157/41
f 119/156/40 34/157/41 118/158/41
f 118/158/41 34/157/41 33/159/42
f 118/158/41 33/159/42 117/160/42
f 117/160/42 33/159/42 32/161/43
f 117/160/42 32/161/43 116/162/43
f 116/162/43 32/161/43 31/163/44
f 116/162/43 31/163/44 115/164/44
f 115/164/44 31/163/44 30/165/45
f 115/164/44 30/165/45 114/166/45
f 114/166/45 30/165/45 29/167/46
f 114/166/45 29/167/46 113/168/46
f 113/168/46 29/167/46 28/169/47
f 113/168/46 28/169/47 112/170/47
f 112/170/47 28/169/47 27/171/48
f 112/170/47 27/171/48 111/172/48
f 111/172/48 27/171/48 26/173/49
f 111/172/48 26/173/49 110/174/49
f 110/174/49 26/173/49 25/175/50
f 110/174/49 25/175/50 109/176/50
f 109/176/50 25/175/50 24/177/51
f 109/176/50 24/177/51 108/178/51
f 108/178/51 24/177/51 23/179/52
f 108/178/51 23/179/52 107/180/52
f 107/180/52 23/179/52 22/181/53
f 107/180/52 22/181/53 106/182/53
f 106/182/53 22/181/53 105/183/54
f 105/183/54 22/181/53 21/184/54
f 84/185/55 171/186/55 49/187/56
f 49/187/56 171/186/55 174/188/56
f 49/187/56 174/188/56 50/189/57
f 50/189/57 174/188/56 239/190/57
f 50/189/57 239/190/57 51/191/58
f 51/191/58 239/190/57 237/192/58
f 51/191/58 237/192/58 52/193/59
f 52/193/59 237/192/58 235/194/59
f 52/193/59 235/194/59 53/195/60
f 53/195/60 235/194/59 233/196/60
f 53/195/60 233/196/60 54/197/61
f 54/197/61 233/196/60 231/198/61
f 54/197/61 231/198/61 55/199/62
f 55/199/62 231/198/61 229/200/62
f 55/199/62 229/200/62 56/201/63
f 56/201/63 229/200/62 227/202/63
f 56/201/63 227/202/63 57/203/64
f 57/203/64 227/202/63 225/204/64
f 57/203/64 225/204/64 58/205/65
f 58/205/65 225/204/64 223/206/65
f 58/205/65 223/206/65 59/207/66
f 59/207/66 223/206/65 221/208/66
f 59/207/66 221/208/66 60/209/67
f 60/209/67 221/208/66 219/210/67
f 60/209/67 219/210/67 61/211/68
f 61/211/68 219/210/67 217/212/68
f 61/211/68 217/212/68 62/213/69
f 62/213/69 217/212/68 215/214/69
f 62/213/69 215/214/69 63/215/70
f 63/215/70 215/214/69 213/216/70
f 63/215/70 213/216/70 64/217/71
f 64/217/71 213/216/70 211/218/71
f 64/217/71 211/218/71 65/219/72
f 65/219/72 211/218/71 209/220/72
f 65/219/72 209/220/72 66/221/73
f 66/221/73 209/220/72 207/222/73
f 66/221/73 207/222/73 67/223/25
f 67/223/25 207/222/73 169/224/25
f 67/225/25 169/226/25 68/227/74
f 68/227/74 169/226/25 205/228/74
f 68/227/74 205/228/74 69/229/75
f 69/229/75 205/228/74 203/230/75
f 69/229/75 203/230/75 70/231/76
f 70/231/76 203/230/75 201/232/76
f 70/231/76 201/232/76 71/233/77
f 71/233/77 201/232/76 199/234/77
f 71/233/77 199/234/77 72/235/78
f 72/235/78 199/234/77 197/236/78
f 72/235/78 197/236/78 73/237/79
f 73/237/79 197/236/78 195/238/79
f 73/237/79 195/238/79 74/239/80
f 74/239/80 195/238/79 193/240/80
f 74/239/80 193/240/80 75/241/81
f 75/241/81 193/240/80 191/242/81
f 75/241/81 191/242/81 76/243/5
f 76/243/5 191/242/81 189/244/5
f 76/243/5 189/244/5 77/245/82
f 77/245/82 189/244/5 187/246/82
f 77/245/82 187/246/82 78/247/83
f 78/247/83 187/246/82 185/248/83
f 78/247/83 185/248/83 79/249/84
f 79/249/84 185/248/83 183/250/84
f 79/249/84 183/250/84 80/251/85
f 80/251/85 183/250/84 181/252/85
f 80/251/85 181/252/85 81/253/86
f 81/253/86 181/252/85 179/254/86
f 81/253/86 179/254/86 82/255/87
f 82/255/87 179/254/86 177/256/87
f 82/255/87 177/256/87 83/257/88
f 83/257/88 177/256/87 175/258/88
f 83/257/88 175/258/88 84/185/55
f 84/185/55 175/258/88 171/186/55
f 134/259/57 240/260/57 133/261/56
f 133/261/56 240/260/57 173/262/56
f 133/261/56 173/262/56 168/263/55
f 168/263/55 173/262/56 172/264/55
f 168/263/55 172/264/55 167/265/88
f 167/265/88 172/264/55 176/266/88
f 167/265/88 176/266/88 166/267/87
f 166/267/87 176/266/88 178/268/87
f 166/267/87 178/268/87 165/269/86
f 165/269/86 178/268/87 180/270/86
f 165/269/86 180/270/86 164/271/85
f 164/271/85 180/270/86 182/272/85
f 164/271/85 182/272/85 163/273/84
f 163/273/84 182/272/85 184/274/84
f 163/273/84 184/274/84 162/275/83
f 162/275/83 184/274/84 186/276/83
f 162/275/83 186/276/83 161/277/82
f 161/277/82 186/276/83 188/278/82
f 161/277/82 188/278/82 160/279/5
f 160/279/5 188/278/82 190/280/5
f 160/279/5 190/280/5 159/281/81
f 159/281/81 190/280/5 192/282/81
f 159/281/81 192/282/81 158/283/80
f 158/283/80 192/282/81 194/284/80
f 158/283/80 194/284/80 157/285/79
f 157/285/79 194/284/80 196/286/79
f 157/285/79 196/286/79 156/287/78
f 156/287/78 196/286/79 198/288/78
f 156/287/78 198/288/78 155/289/77
f 155/289/77 198/288/78 200/290/77
f 155/289/77 200/290/77 154/291/76
f 154/291/76 200/290/77 202/292/76
f 154/291/76 202/292/76 153/293/75
f 153/293/75 202/292/76 204/294/75
f 153/293/75 204/294/75 152/295/74
f 152/295/74 204/294/75 206/296/74
f 152/295/74 206/296/74 151/297/25
f 151/297/25 206/296/74 170/298/25
f 151/299/25 170/300/25 150/301/73
f 150/301/73 170/300/25 208/302/73
f 150/301/73 208/302/73 149/303/72
f 149/303/72 208/302/73 210/304/72
f 149/303/72 210/304/72 148/305/71
f 148/305/71 210/304/72 212/306/71
f 148/305/71 212/306/71 147/307/70
f 147/307/70 212/306/71 214/308/70
f 147/307/70 214/308/70 146/309/69
f 146/309/69 214/308/70 216/310/69
f 146/309/69 216/310/69 145/311/68
f 145/311/68 216/310/69 218/312/68
f 145/311/68 218/312/68 144/313/67
f 144/313/67 218/312/68 220/314/67
f 144/313/67 220/314/67 143/315/66
f 143/315/66 220/314/67 222/316/66
f 143/315/66 222/316/66 142/317/65
f 142/317/65 222/316/66 224/318/65
f 142/317/65 224/318/65 141/319/64
f 141/319/64 224/318/65 226/320/64
f 141/319/64 226/320/64 140/321/63
f 140/321/63 226/320/64 228/322/63
f 140/321/63 228/322/63 139/323/62
f 139/323/62 228/322/63 230/324/62
f 139/323/62 230/324/62 138/325/61
f 138/325/61 230/324/62 232/326/61
f 138/325/61 232/326/61 137/327/60
f 137/327/60 232/326/61 234/328/60
f 137/327/60 234/328/60 136/329/59
f 136/329/59 234/328/60 236/330/59
f 136/329/59 236/330/59 135/331/58
f 135/331/58 236/330/59 238/332/58
f 135/331/58 238/332/58 134/259/57
f 134/259/57 238/332/58 240/260/57
f 169/226/25 170/298/25 205/228/74
f 205/228/74 170/298/25 206/296/74
f 205/228/74 206/296/74 203/230/75
f 203/230/75 206/296/74 204/294/75
f 203/230/75 204/294/75 201/232/76
f 201/232/76 204/294/75 202/292/76
f 201/232/76 202/292/76 199/234/77
f 199/234/77 202/292/76 200/290/77
f 199/234/77 200/290/77 197/236/78
f 197/236/78 200/290/77 198/288/78
f 197/236/78 198/288/78 195/238/79
f 195/238/79 198/288/78 196/286/79
f 195/238/79 196/286/79 193/240/80
f 193/240/80 196/286/79 194/284/80
f 193/240/80 194/284/80 191/242/81
f 191/242/81 194/284/80 192/282/81
f 191/242/81 192/282/81 189/244/5
f 189/244/5 192/282/81 190/280/5
f 189/244/5 190/280/5 187/246/82
f 187/246/82 190/280/5 188/278/82
f 187/246/82 188/278/82 185/248/83
f 185/248/83 188/278/82 186/276/83
f 185/248/83 186/276/83 183/250/84
f 183/250/84 186/276/83 184/274/84
f 183/250/84 184/274/84 181/252/85
f 181/252/85 184/274/84 182/272/85
f 181/252/85 182/272/85 179/254/86
f 179/254/86 182/272/85 180/270/86
f 179/254/86 180/270/86 177/256/87
f 177/256/87 180/270/86 178/268/87
f 177/256/87 178/268/87 175/258/88
f 175/258/88 178/268/87 176/266/88
f 175/258/88 176/266/88 171/186/55
f 171/186/55 176/266/88 172/264/55
f 171/186/55 172/264/55 174/188/56
f 174/188/56 172/264/55 173/262/56
f 174/188/56 173/262/56 239/190/57
f 239/190/57 173/262/56 240/260/57
f 239/190/57 240/260/57 237/192/58
f 237/192/58 240/260/57 238/332/58
f 237/192/58 238/332/58 235/194/59
f 235/194/59 238/332/58 236/330/59
f 235/194/59 236/330/59 233/196/60
f 233/196/60 236/330/59 234/328/60
f 233/196/60 234/328/60 231/198/61
f 231/198/61 234/328/60 232/326/61
f 231/198/61 232/326/61 229/200/62
f 229/200/62 232/326/61 230/324/62
f 229/200/62 230/324/62 227/202/63
f 227/202/63 230/324/62 228/322/63
f 227/202/63 228/322/63 225/204/64
f 225/204/64 228/322/63 226/320/64
f 225/204/64 226/320/64 223/206/65
f 223/206/65 226/320/64 224/318/65
f 223/206/65 224/318/65 221/208/66
f 221/208/66 224/318/65 222/316/66
f 221/208/66 222/316/66 219/210/67
f 219/210/67 222/316/66 220/314/67
f 219/210/67 220/314/67 217/212/68
f 217/212/68 220/314/67 218/312/68
f 217/212/68 218/312/68 215/214/69
f 215/214/69 218/312/68 216/310/69
f 215/214/69 216/310/69 213/216/70
f 213/216/70 216/310/69 214/308/70
f 213/216/70 214/308/70 211/218/71
f 211/218/71 214/308/70 212/306/71
f 211/218/71 212/306/71 209/220/72
f 209/220/72 212/306/71 210/304/72
f 209/220/72 210/304/72 207/222/73
f 207/222/73 210/304/72 208/302/73
f 207/222/73 208/302/73 169/224/25
f 169/224/25 208/302/73 170/300/25
f 86/333/89 85/334/89 87/335/89
f 87/335/89 85/334/89 132/336/89
f 87/335/89 132/336/89 88/337/89
f 88/337/89 132/336/89 89/338/89
f 89/338/89 132/336/89 131/339/89
f 89/338/89 131/339/89 90/340/89
f 90/340/89 131/339/89 91/341/89
f 91/341/89 131/339/89 92/342/89
f 92/342/89 131/339/89 130/343/89
f 92/342/89 130/343/89 93/344/89
f 93/344/89 130/343/89 129/345/89
f 93/344/89 129/345/89 128/346/89
f 128/346/89 127/347/89 93/344/89
f 93/344/89 127/347/89 126/348/89
f 93/344/89 126/348/89 125/349/89
f 125/349/89 124/350/89 93/344/89
f 93/344/89 124/350/89 123/351/89
f 93/344/89 123/351/89 122/352/89
f 122/352/89 121/353/89 93/344/89
f 93/344/89 121/353/89 94/354/89
f 94/354/89 121/353/89 120/355/89
f 94/354/89 120/355/89 95/356/89
f 95/356/89 120/355/89 119/357/89
f 95/356/89 119/357/89 118/358/89
f 95/356/89 118/358/89 96/359/89
f 96/359/89 118/358/89 117/360/89
f 96/359/89 117/360/89 97/361/89
f 97/361/89 117/360/89 116/362/89
f 97/361/89 116/362/89 115/363/89
f 97/361/89 115/363/89 98/364/90
f 98/364/90 115/363/89 114/365/89
f 98/364/90 114/365/89 99/366/89
f 99/366/89 114/365/89 113/367/89
f 99/366/89 113/367/89 112/368/89
f 99/366/89 112/368/89 100/369/89
f 100/369/89 112/368/89 111/370/89
f 100/369/89 111/370/89 101/371/89
f 101/371/89 111/370/89 110/372/89
f 101/371/89 110/372/89 109/373/89
f 101/371/89 109/373/89 102/374/89
f 102/374/89 109/373/89 108/375/89
f 102/374/89 108/375/89 103/376/89
f 103/376/89 108/375/89 107/377/89
f 103/376/89 107/377/89 106/378/89
f 105/379/89 104/380/89 106/378/89
f 106/378/89 104/380/89 103/376/89
f 242/334/89 243/336/89 241/333/89
f 241/333/89 243/336/89 288/335/89
f 288/335/89 243/336/89 244/339/89
f 288/335/89 244/339/89 245/343/89
f 246/345/89 166/381/89 245/343/89
f 245/343/89 166/381/89 287/337/89
f 245/343/89 287/337/89 288/335/89
f 246/345/89 247/346/89 166/381/89
f 166/381/89 247/346/89 167/382/89
f 167/382/89 247/346/89 248/347/89
f 167/382/89 248/347/89 249/348/89
f 167/382/89 249/348/89 168/383/89
f 168/383/89 249/348/89 250/349/89
f 168/383/89 250/349/89 133/384/89
f 133/384/89 250/349/89 251/350/89
f 133/384/89 251/350/89 134/385/89
f 134/385/89 251/350/89 252/351/89
f 134/385/89 252/351/89 135/386/89
f 135/386/89 252/351/89 253/352/89
f 135/386/89 253/352/89 254/353/89
f 135/386/89 254/353/89 136/387/89
f 136/387/89 254/353/89 255/355/89
f 136/387/89 255/355/89 137/388/89
f 137/388/89 255/355/89 256/357/89
f 137/388/89 256/357/89 138/389/89
f 138/389/89 256/357/89 257/358/89
f 138/389/89 257/358/89 139/390/89
f 139/390/89 257/358/89 258/360/89
f 139/390/89 258/360/89 140/391/89
f 140/391/89 258/360/89 259/362/89
f 140/391/89 259/362/89 260/363/89
f 140/391/89 260/363/89 141/392/89
f 141/392/89 260/363/89 261/365/89
f 141/392/89 261/365/89 142/393/89
f 142/393/89 261/365/89 262/367/89
f 142/393/89 262/367/89 143/394/91
f 143/394/91 262/367/89 263/368/89
f 143/394/91 263/368/89 144/395/92
f 144/395/92 263/368/89 264/370/89
f 144/395/92 264/370/89 265/372/89
f 144/395/92 265/372/89 145/396/89
f 145/396/89 265/372/89 266/373/89
f 145/396/89 266/373/89 267/375/89
f 268/377/89 272/376/89 267/375/89
f 267/375/89 272/376/89 273/374/89
f 267/375/89 273/374/89 145/396/89
f 145/396/89 273/374/89 146/397/89
f 146/397/89 273/374/89 274/371/89
f 146/397/89 274/371/89 147/398/89
f 147/398/89 274/371/89 275/369/89
f 147/398/89 275/369/89 148/399/89
f 148/399/89 275/369/89 276/366/89
f 148/399/89 276/366/89 149/400/91
f 149/400/91 276/366/89 150/401/89
f 150/401/89 276/366/89 277/364/89
f 150/401/89 277/364/89 151/402/89
f 151/402/89 277/364/89 278/361/89
f 151/402/89 278/361/89 152/403/89
f 152/403/89 278/361/89 153/404/89
f 153/404/89 278/361/89 279/359/89
f 153/404/89 279/359/89 154/405/89
f 154/405/89 279/359/89 155/406/89
f 155/406/89 279/359/89 280/356/89
f 155/406/89 280/356/89 156/407/89
f 156/407/89 280/356/89 281/354/89
f 156/407/89 281/354/89 157/408/89
f 157/408/89 281/354/89 158/409/89
f 158/409/89 281/354/89 282/344/89
f 158/409/89 282/344/89 159/410/89
f 159/410/89 282/344/89 160/411/89
f 160/411/89 282/344/89 283/342/89
f 160/411/89 283/342/89 161/412/89
f 161/412/89 283/342/89 284/341/89
f 161/412/89 284/341/89 162/413/89
f 162/413/89 284/341/89 163/414/89
f 163/414/89 284/341/89 285/340/89
f 163/414/89 285/340/89 164/415/93
f 164/415/93 285/340/89 286/338/89
f 164/415/93 286/338/89 165/416/89
f 165/416/89 286/338/89 287/337/89
f 165/416/89 287/337/89 166/381/89
f 268/377/89 269/378/89 272/376/89
f 272/376/89 269/378/89 271/380/89
f 271/380/89 269/378/89 270/379/89
f 289/85/5 290/86/5 241/87/5
f 241/87/5 290/86/5 242/88/5
f 242/127/26 290/128/26 243/129/27
f 243/129/27 290/128/26 291/130/27
f 243/129/27 291/130/27 292/131/28
f 243/129/27 292/131/28 244/132/28
f 244/132/28 292/131/28 293/133/29
f 244/132/28 293/133/29 245/134/29
f 245/134/29 293/133/29 294/135/30
f 245/134/29 294/135/30 246/136/30
f 246/136/30 294/135/30 295/137/31
f 246/136/30 295/137/31 247/138/31
f 247/138/31 295/137/31 296/139/32
f 247/138/31 296/139/32 248/140/32
f 248/140/32 296/139/32 297/141/33
f 248/140/32 297/141/33 249/142/33
f 249/142/33 297/141/33 298/143/34
f 249/142/33 298/143/34 250/144/34
f 250/144/34 298/143/34 299/145/35
f 250/144/34 299/145/35 251/146/35
f 251/146/35 299/145/35 300/147/36
f 251/146/35 300/147/36 252/148/36
f 252/148/36 300/147/36 301/149/37
f 252/148/36 301/149/37 253/150/37
f 253/150/37 301/149/37 302/151/38
f 253/150/37 302/151/38 254/152/38
f 254/152/38 302/151/38 303/153/39
f 254/152/38 303/153/39 255/154/39
f 255/154/39 303/153/39 304/155/40
f 255/154/39 304/155/40 256/156/40
f 256/156/40 304/155/40 305/157/41
f 256/156/40 305/157/41 257/158/41
f 257/158/41 305/157/41 306/159/42
f 257/158/41 306/159/42 258/160/42
f 258/160/42 306/159/42 307/161/43
f 258/160/42 307/161/43 259/162/43
f 259/162/43 307/161/43 308/163/44
f 259/162/43 308/163/44 260/164/44
f 260/164/44 308/163/44 309/165/45
f 260/164/44 309/165/45 261/166/45
f 261/166/45 309/165/45 310/167/46
f 261/166/45 310/167/46 262/168/46
f 262/168/46 310/167/46 311/169/47
f 262/168/46 311/169/47 263/170/47
f 263/170/47 311/169/47 312/171/48
f 263/170/47 312/171/48 264/172/48
f 264/172/48 312/171/48 313/173/49
f 264/172/48 313/173/49 265/174/49
f 265/174/49 313/173/49 314/175/50
f 265/174/49 314/175/50 266/176/50
f 266/176/50 314/175/50 315/177/51
f 266/176/50 315/177/51 267/178/51
f 267/178/51 315/177/51 316/179/52
f 267/178/51 316/179/52 268/180/52
f 268/180/52 316/179/52 317/181/53
f 268/180/52 317/181/53 269/182/53
f 269/182/53 317/181/53 270/183/54
f 270/183/54 317/181/53 318/184/54
f 318/85/25 319/86/25 270/87/25
f 270/87/25 319/86/25 271/88/25
f 271/89/6 319/90/6 272/91/7
f 272/91/7 319/90/6 320/92/7
f 272/91/7 320/92/7 321/93/8
f 272/91/7 321/93/8 273/94/8
f 273/94/8 321/93/8 322/95/9
f 273/94/8 322/95/9 274/96/9
f 274/96/9 322/95/9 323/97/10
f 274/96/9 323/97/10 275/98/10
f 275/98/10 323/97/10 324/99/11
f 275/98/10 324/99/11 276/100/11
f 276/100/11 324/99/11 325/101/12
f 276/100/11 325/101/12 277/102/12
f 277/102/12 325/101/12 326/103/13
f 277/102/12 326/103/13 278/104/13
f 278/104/13 326/103/13 327/105/14
f 278/104/13 327/105/14 279/106/14
f 279/106/14 327/105/14 328/107/15
f 279/106/14 328/107/15 280/108/15
f 280/108/15 328/107/15 329/109/16
f 280/108/15 329/109/16 281/110/16
f 281/110/16 329/109/16 330/111/17
f 281/110/16 330/111/17 282/112/17
f 282/112/17 330/111/17 331/113/18
f 282/112/17 331/113/18 283/114/18
f 283/114/18 331/113/18 332/115/19
f 283/114/18 332/115/19 284/116/19
f 284/116/19 332/115/19 333/117/20
f 284/116/19 333/117/20 285/118/20
f 285/118/20 333/117/20 334/119/21
f 285/118/20 334/119/21 286/120/21
f 286/120/21 334/119/21 335/121/22
f 286/120/21 335/121/22 287/122/22
f 287/122/22 335/121/22 336/123/23
f 287/122/22 336/123/23 288/124/23
f 288/124/23 336/123/23 241/125/24
f 241/125/24 336/123/23 289/126/24
f 290/1/1 289/2/1 291/3/1
f 291/3/1 289/2/1 336/4/1
f 291/3/1 336/4/1 292/5/1
f 292/5/1 336/4/1 293/6/1
f 293/6/1 336/4/1 335/7/1
f 293/6/1 335/7/1 370/8/3
f 370/8/3 335/7/1 369/9/94
f 369/9/94 335/7/1 334/10/4
f 369/9/94 334/10/4 368/11/1
f 368/11/1 334/10/4 333/12/1
f 368/11/1 333/12/1 367/13/1
f 367/13/1 333/12/1 332/14/4
f 367/13/1 332/14/4 366/15/3
f 366/15/3 332/14/4 365/16/2
f 365/16/2 332/14/4 331/17/1
f 365/16/2 331/17/1 364/18/3
f 364/18/3 331/17/1 330/19/1
f 364/18/3 330/19/1 363/20/3
f 363/20/3 330/19/1 362/21/3
f 362/21/3 330/19/1 329/22/1
f 362/21/3 329/22/1 361/23/1
f 361/23/1 329/22/1 360/24/1
f 360/24/1 329/22/1 328/25/1
f 360/24/1 328/25/1 359/26/1
f 359/26/1 328/25/1 327/27/1
f 359/26/1 327/27/1 358/28/1
f 358/28/1 327/27/1 357/29/1
f 357/29/1 327/27/1 326/30/1
f 357/29/1 326/30/1 356/31/1
f 356/31/1 326/30/1 355/32/1
f 355/32/1 326/30/1 325/33/1
f 355/32/1 325/33/1 354/34/4
f 354/34/4 325/33/1 324/35/1
f 354/34/4 324/35/1 353/36/1
f 353/36/1 324/35/1 352/37/1
f 352/37/1 324/35/1 323/38/1
f 352/37/1 323/38/1 351/39/1
f 351/39/1 323/38/1 322/40/1
f 351/39/1 322/40/1 350/41/1
f 350/41/1 322/40/1 321/42/1
f 350/41/1 321/42/1 349/43/1
f 349/43/1 321/42/1 315/44/1
f 349/43/1 315/44/1 314/45/1
f 321/42/1 320/46/1 315/44/1
f 315/44/1 320/46/1 316/47/1
f 316/47/1 320/46/1 317/48/1
f 317/48/1 320/46/1 319/49/3
f 317/48/1 319/49/3 318/50/1
f 314/45/1 313/51/1 349/43/1
f 349/43/1 313/51/1 348/52/3
f 348/52/3 313/51/1 312/53/1
f 348/52/3 312/53/1 311/54/1
f 348/52/3 311/54/1 347/55/3
f 347/55/3 311/54/1 310/56/1
f 347/55/3 310/56/1 346/57/1
f 346/57/1 310/56/1 309/58/1
f 346/57/1 309/58/1 345/59/1
f 345/59/1 309/58/1 308/60/1
f 345/59/1 308/60/1 344/61/1
f 344/61/1 308/60/1 307/62/1
f 344/61/1 307/62/1 306/63/1
f 344/61/1 306/63/1 343/64/3
f 343/64/3 306/63/1 305/65/1
f 343/64/3 305/65/1 342/66/1
f 342/66/1 305/65/1 304/67/1
f 342/66/1 304/67/1 341/68/1
f 341/68/1 304/67/1 303/69/1
f 341/68/1 303/69/1 340/70/1
f 340/70/1 303/69/1 302/71/1
f 340/70/1 302/71/1 339/72/1
f 339/72/1 302/71/1 301/73/1
f 339/72/1 301/73/1 300/74/1
f 339/72/1 300/74/1 338/75/1
f 338/75/1 300/74/1 299/76/1
f 338/75/1 299/76/1 337/77/1
f 337/77/1 299/76/1 298/78/1
f 337/77/1 298/78/1 372/79/1
f 372/79/1 298/78/1 297/80/1
f 372/79/1 297/80/1 371/81/1
f 371/81/1 297/80/1 296/82/1
f 371/81/1 296/82/1 295/83/1
f 371/81/1 295/83/1 370/8/3
f 370/8/3 295/83/1 294/84/1
f 370/8/3 294/84/1 293/6/1
f 374/417/57 411/418/57 373/419/56
f 373/419/56 411/418/57 414/420/56
f 373/419/56 414/420/56 408/421/55
f 408/421/55 414/420/56 479/422/55
f 408/421/55 479/422/55 407/423/88
f 407/423/88 479/422/55 477/424/88
f 407/423/88 477/424/88 406/425/87
f 406/425/87 477/424/88 475/426/87
f 406/425/87 475/426/87 405/427/86
f 405/427/86 475/426/87 473/428/86
f 405/427/86 473/428/86 404/429/85
f 404/429/85 473/428/86 471/430/85
f 404/429/85 471/430/85 403/431/84
f 403/431/84 471/430/85 469/432/84
f 403/431/84 469/432/84 402/433/83
f 402/433/83 469/432/84 467/434/83
f 402/433/83 467/434/83 401/435/82
f 401/435/82 467/434/83 465/436/82
f 401/435/82 465/436/82 400/437/5
f 400/437/5 465/436/82 463/438/5
f 400/437/5 463/438/5 399/439/81
f 399/439/81 463/438/5 461/440/81
f 399/439/81 461/440/81 398/441/80
f 398/441/80 461/440/81 459/442/80
f 398/441/80 459/442/80 397/443/79
f 397/443/79 459/442/80 457/444/79
f 397/443/79 457/444/79 396/445/78
f 396/445/78 457/444/79 455/446/78
f 396/445/78 455/446/78 395/447/77
f 395/447/77 455/446/78 453/448/77
f 395/447/77 453/448/77 394/449/76
f 394/449/76 453/448/77 451/450/76
f 394/449/76 451/450/76 393/451/75
f 393/451/75 451/450/76 449/452/75
f 393/451/75 449/452/75 392/453/74
f 392/453/74 449/452/75 447/454/74
f 392/453/74 447/454/74 391/455/25
f 391/455/25 447/454/74 409/456/25
f 391/457/25 409/458/25 390/459/73
f 390/459/73 409/458/25 445/460/73
f 390/459/73 445/460/73 389/461/72
f 389/461/72 445/460/73 443/462/72
f 389/461/72 443/462/72 388/463/71
f 388/463/71 443/462/72 441/464/71
f 388/463/71 441/464/71 387/465/70
f 387/465/70 441/464/71 439/466/70
f 387/465/70 439/466/70 386/467/69
f 386/467/69 439/466/70 437/468/69
f 386/467/69 437/468/69 385/469/68
f 385/469/68 437/468/69 435/470/68
f 385/469/68 435/470/68 384/471/67
f 384/471/67 435/470/68 433/472/67
f 384/471/67 433/472/67 383/473/66
f 383/473/66 433/472/67 431/474/66
f 383/473/66 431/474/66 382/475/65
f 382/475/65 431/474/66 429/476/65
f 382/475/65 429/476/65 381/477/64
f 381/477/64 429/476/65 427/478/64
f 381/477/64 427/478/64 380/479/63
f 380/479/63 427/478/64 425/480/63
f 380/479/63 425/480/63 379/481/62
f 379/481/62 425/480/63 423/482/62
f 379/481/62 423/482/62 378/483/61
f 378/483/61 423/482/62 421/484/61
f 378/483/61 421/484/61 377/485/60
f 377/485/60 421/484/61 419/486/60
f 377/485/60 419/486/60 376/487/59
f 376/487/59 419/486/60 417/488/59
f 376/487/59 417/488/59 375/489/58
f 375/489/58 417/488/59 415/490/58
f 375/489/58 415/490/58 374/417/57
f 374/417/57 415/490/58 411/418/57
f 372/491/55 480/492/55 337/493/56
f 337/493/56 480/492/55 413/494/56
f 337/493/56 413/494/56 338/495/57
f 338/495/57 413/494/56 412/496/57
f 338/495/57 412/496/57 339/497/58
f 339/497/58 412/496/57 416/498/58
f 339/497/58 416/498/58 340/499/59
f 340/499/59 416/498/58 418/500/59
f 340/499/59 418/500/59 341/501/60
f 341/501/60 418/500/59 420/502/60
f 341/501/60 420/502/60 342/503/61
f 342/503/61 420/502/60 422/504/61
f 342/503/61 422/504/61 343/505/62
f 343/505/62 422/504/61 424/506/62
f 343/505/62 424/506/62 344/507/63
f 344/507/63 424/506/62 426/508/63
f 344/507/63 426/508/63 345/509/95
f 345/509/95 426/508/63 428/510/64
f 345/509/95 428/510/64 346/511/65
f 346/511/65 428/510/64 430/512/65
f 346/511/65 430/512/65 347/513/66
f 347/513/66 430/512/65 432/514/66
f 347/513/66 432/514/66 348/515/67
f 348/515/67 432/514/66 434/516/67
f 348/515/67 434/516/67 349/517/68
f 349/517/68 434/516/67 436/518/68
f 349/517/68 436/518/68 350/519/69
f 350/519/69 436/518/68 438/520/69
f 350/519/69 438/520/69 351/521/70
f 351/521/70 438/520/69 440/522/70
f 351/521/70 440/522/70 352/523/71
f 352/523/71 440/522/70 442/524/71
f 352/523/71 442/524/71 353/525/72
f 353/525/72 442/524/71 444/526/72
f 353/525/72 444/526/72 354/527/73
f 354/527/73 444/526/72 446/528/73
f 354/527/73 446/528/73 355/529/25
f 355/529/25 446/528/73 410/530/25
f 355/531/25 410/532/25 356/533/74
f 356/533/74 410/532/25 448/534/74
f 356/533/74 448/534/74 357/535/75
f 357/535/75 448/534/74 450/536/75
f 357/535/75 450/536/75 358/537/76
f 358/537/76 450/536/75 452/538/76
f 358/537/76 452/538/76 359/539/77
f 359/539/77 452/538/76 454/540/77
f 359/539/77 454/540/77 360/541/78
f 360/541/78 454/540/77 456/542/78
f 360/541/78 456/542/78 361/543/79
f 361/543/79 456/542/78 458/544/79
f 361/543/79 458/544/79 362/545/80
f 362/545/80 458/544/79 460/546/80
f 362/545/80 460/546/80 363/547/81
f 363/547/81 460/546/80 462/548/81
f 363/547/81 462/548/81 364/549/5
f 364/549/5 462/548/81 464/550/5
f 364/549/5 464/550/5 365/551/82
f 365/551/82 464/550/5 466/552/82
f 365/551/82 466/552/82 366/553/83
f 366/553/83 466/552/82 468/554/83
f 366/553/83 468/554/83 367/555/84
f 367/555/84 468/554/83 470/556/84
f 367/555/84 470/556/84 368/557/85
f 368/557/85 470/556/84 472/558/85
f 368/557/85 472/558/85 369/559/86
f 369/559/86 472/558/85 474/560/86
f 369/559/86 474/560/86 370/561/87
f 370/561/87 474/560/86 476/562/87
f 370/561/87 476/562/87 371/563/88
f 371/563/88 476/562/87 478/564/88
f 371/563/88 478/564/88 372/491/55
f 372/491/55 478/564/88 480/492/55
f 409/458/25 410/530/25 445/460/73
f 445/460/73 410/530/25 446/528/73
f 445/460/73 446/528/73 443/462/72
f 443/462/72 446/528/73 444/526/72
f 443/462/72 444/526/72 441/464/71
f 441/464/71 444/526/72 442/524/71
f 441/464/71 442/524/71 439/466/70
f 439/466/70 442/524/71 440/522/70
f 439/466/70 440/522/70 437/468/69
f 437/468/69 440/522/70 438/520/69
f 437/468/69 438/520/69 435/470/68
f 435/470/68 438/520/69 436/518/68
f 435/470/68 436/518/68 433/472/67
f 433/472/67 436/518/68 434/516/67
f 433/472/67 434/516/67 431/474/66
f 431/474/66 434/516/67 432/514/66
f 431/474/66 432/514/66 429/476/65
f 429/476/65 432/514/66 430/512/65
f 429/476/65 430/512/65 427/478/64
f 427/478/64 430/512/65 428/510/64
f 427/478/64 428/510/64 425/480/63
f 425/480/63 428/510/64 426/508/63
f 425/480/63 426/508/63 423/482/62
f 423/482/62 426/508/63 424/506/62
f 423/482/62 424/506/62 421/484/61
f 421/484/61 424/506/62 422/504/61
f 421/484/61 422/504/61 419/486/60
f 419/486/60 422/504/61 420/502/60
f 419/486/60 420/502/60 417/488/59
f 417/488/59 420/502/60 418/500/59
f 417/488/59 418/500/59 415/490/58
f 415/490/58 418/500/59 416/498/58
f 415/490/58 416/498/58 411/418/57
f 411/418/57 416/498/58 412/496/57
f 411/418/57 412/496/57 414/420/56
f 414/420/56 412/496/57 413/494/56
f 414/420/56 413/494/56 479/422/55
f 479/422/55 413/494/56 480/492/55
f 479/422/55 480/492/55 477/424/88
f 477/424/88 480/492/55 478/564/88
f 477/424/88 478/564/88 475/426/87
f 475/426/87 478/564/88 476/562/87
f 475/426/87 476/562/87 473/428/86
f 473/428/86 476/562/87 474/560/86
f 473/428/86 474/560/86 471/430/85
f 471/430/85 474/560/86 472/558/85
f 471/430/85 472/558/85 469/432/84
f 469/432/84 472/558/85 470/556/84
f 469/432/84 470/556/84 467/434/83
f 467/434/83 470/556/84 468/554/83
f 467/434/83 468/554/83 465/436/82
f 465/436/82 468/554/83 466/552/82
f 465/436/82 466/552/82 463/438/5
f 463/438/5 466/552/82 464/550/5
f 463/438/5 464/550/5 461/440/81
f 461/440/81 464/550/5 462/548/81
f 461/440/81 462/548/81 459/442/80
f 459/442/80 462/548/81 460/546/80
f 459/442/80 460/546/80 457/444/79
f 457/444/79 460/546/80 458/544/79
f 457/444/79 458/544/79 455/446/78
f 455/446/78 458/544/79 456/542/78
f 455/446/78 456/542/78 453/448/77
f 453/448/77 456/542/78 454/540/77
f 453/448/77 454/540/77 451/450/76
f 451/450/76 454/540/77 452/538/76
f 451/450/76 452/538/76 449/452/75
f 449/452/75 452/538/76 450/536/75
f 449/452/75 450/536/75 447/454/74
f 447/454/74 450/536/75 448/534/74
f 447/454/74 448/534/74 409/456/25
f 409/456/25 448/534/74 410/532/25
f 482/334/89 483/336/89 481/333/89
f 481/333/89 483/336/89 528/335/89
f 528/335/89 483/336/89 484/339/89
f 528/335/89 484/339/89 485/343/89
f 486/345/89 406/381/89 485/343/89
f 485/343/89 406/381/89 527/337/89
f 485/343/89 527/337/89 528/335/89
f 486/345/89 487/346/89 406/381/89
f 406/381/89 487/346/89 407/382/89
f 407/382/89 487/346/89 488/347/89
f 407/382/89 488/347/89 489/348/89
f 407/382/89 489/348/89 408/383/89
f 408/383/89 489/348/89 490/349/89
f 408/383/89 490/349/89 373/384/89
f 373/384/89 490/349/89 491/350/89
f 373/384/89 491/350/89 374/385/89
f 374/385/89 491/350/89 492/351/89
f 374/385/89 492/351/89 375/386/89
f 375/386/89 492/351/89 493/352/89
f 375/386/89 493/352/89 494/353/89
f 375/386/89 494/353/89 376/387/91
f 376/387/91 494/353/89 495/355/89
f 376/387/91 495/355/89 377/388/89
f 377/388/89 495/355/89 496/357/89
f 377/388/89 496/357/89 378/389/89
f 378/389/89 496/357/89 497/358/89
f 378/389/89 497/358/89 379/390/90
f 379/390/90 497/358/89 498/360/89
f 379/390/90 498/360/89 380/391/89
f 380/391/89 498/360/89 499/362/89
f 380/391/89 499/362/89 500/363/89
f 380/391/89 500/363/89 381/392/91
f 381/392/91 500/363/89 501/365/89
f 381/392/91 501/365/89 382/393/91
f 382/393/91 501/365/89 502/367/89
f 382/393/91 502/367/89 383/394/89
f 383/394/89 502/367/89 503/368/89
f 383/394/89 503/368/89 384/395/91
f 384/395/91 503/368/89 504/370/89
f 384/395/91 504/370/89 505/372/89
f 384/395/91 505/372/89 385/396/91
f 385/396/91 505/372/89 506/373/89
f 385/396/91 506/373/89 507/375/89
f 508/377/89 512/376/89 507/375/89
f 507/375/89 512/376/89 513/374/89
f 507/375/89 513/374/89 385/396/91
f 385/396/91 513/374/89 386/397/91
f 386/397/91 513/374/89 514/371/89
f 386/397/91 514/371/89 387/398/89
f 387/398/89 514/371/89 515/369/89
f 387/398/89 515/369/89 388/399/89
f 388/399/89 515/369/89 516/366/89
f 388/399/89 516/366/89 389/400/89
f 389/400/89 516/366/89 390/401/89
f 390/401/89 516/366/89 517/364/89
f 390/401/89 517/364/89 391/402/89
f 391/402/89 517/364/89 518/361/89
f 391/402/89 518/361/89 392/403/89
f 392/403/89 518/361/89 393/404/89
f 393/404/89 518/361/89 519/359/89
f 393/404/89 519/359/89 394/405/89
f 394/405/89 519/359/89 395/406/89
f 395/406/89 519/359/89 520/356/89
f 395/406/89 520/356/89 396/407/89
f 396/407/89 520/356/89 521/354/89
f 396/407/89 521/354/89 397/408/89
f 397/408/89 521/354/89 398/409/89
f 398/409/89 521/354/89 522/344/89
f 398/409/89 522/344/89 399/410/90
f 399/410/90 522/344/89 400/411/89
f 400/411/89 522/344/89 523/342/89
f 400/411/89 523/342/89 401/412/89
f 401/412/89 523/342/89 524/341/89
f 401/412/89 524/341/89 402/413/89
f 402/413/89 524/341/89 403/414/89
f 403/414/89 524/341/89 525/340/89
f 403/414/89 525/340/89 404/415/89
f 404/415/89 525/340/89 526/338/90
f 404/415/89 526/338/90 405/416/89
f 405/416/89 526/338/90 527/337/89
f 405/416/89 527/337/89 406/381/89
f 508/377/89 509/378/89 512/376/89
f 512/376/89 509/378/89 511/380/89
f 511/380/89 509/378/89 510/379/89
f 529/85/5 530/86/5 481/87/5
f 481/87/5 530/86/5 482/88/5
f 482/127/26 530/128/26 483/129/27
f 483/129/27 530/128/26 531/130/27
f 483/129/27 531/130/27 532/131/28
f 483/129/27 532/131/28 484/132/28
f 484/132/28 532/131/28 533/133/29
f 484/132/28 533/133/29 485/134/29
f 485/134/29 533/133/29 534/135/30
f 485/134/29 534/135/30 486/136/30
f 486/136/30 534/135/30 535/137/31
f 486/136/30 535/137/31 487/138/31
f 487/138/31 535/137/31 536/139/32
f 487/138/31 536/139/32 488/140/32
f 488/140/32 536/139/32 537/141/33
f 488/140/32 537/141/33 489/142/33
f 489/142/33 537/141/33 538/143/34
f 489/142/33 538/143/34 490/144/34
f 490/144/34 538/143/34 539/145/35
f 490/144/34 539/145/35 491/146/35
f 491/146/35 539/145/35 540/147/36
f 491/146/35 540/147/36 492/148/36
f 492/148/36 540/147/36 541/149/37
f 492/148/36 541/149/37 493/150/37
f 493/150/37 541/149/37 542/151/38
f 493/150/37 542/151/38 494/152/38
f 494/152/38 542/151/38 543/153/39
f 494/152/38 543/153/39 495/154/39
f 495/154/39 543/153/39 544/155/40
f 495/154/39 544/155/40 496/156/40
f 496/156/40 544/155/40 545/157/41
f 496/156/40 545/157/41 497/158/41
f 497/158/41 545/157/41 546/159/42
f 497/158/41 546/159/42 498/160/42
f 498/160/42 546/159/42 547/161/43
f 498/160/42 547/161/43 499/162/43
f 499/162/43 547/161/43 548/163/44
f 499/162/43 548/163/44 500/164/44
f 500/164/44 548/163/44 549/165/45
f 500/164/44 549/165/45 501/166/45
f 501/166/45 549/165/45 550/167/46
f 501/166/45 550/167/46 502/168/46
f 502/168/46 550/167/46 551/169/47
f 502/168/46 551/169/47 503/170/47
f 503/170/47 551/169/47 552/171/48
f 503/170/47 552/171/48 504/172/48
f 504/172/48 552/171/48 553/173/49
f 504/172/48 553/173/49 505/174/49
f 505/174/49 553/173/49 554/175/50
f 505/174/49 554/175/50 506/176/50
f 506/176/50 554/175/50 555/177/51
f 506/176/50 555/177/51 507/178/51
f 507/178/51 555/177/51 556/179/52
f 507/178/51 556/179/52 508/180/52
f 508/180/52 556/179/52 557/181/53
f 508/180/52 557/181/53 509/182/53
f 509/182/53 557/181/53 510/183/54
f 510/183/54 557/181/53 558/184/54
f 558/85/25 559/86/25 510/87/25
f 510/87/25 559/86/25 511/88/25
f 511/89/6 559/90/6 512/91/7
f 512/91/7 559/90/6 560/92/7
f 512/91/7 560/92/7 561/93/8
f 512/91/7 561/93/8 513/94/8
f 513/94/8 561/93/8 562/95/9
f 513/94/8 562/95/9 514/96/9
f 514/96/9 562/95/9 563/97/10
f 514/96/9 563/97/10 515/98/10
f 515/98/10 563/97/10 564/99/11
f 515/98/10 564/99/11 516/100/11
f 516/100/11 564/99/11 565/101/12
f 516/100/11 565/101/12 517/102/12
f 517/102/12 565/101/12 566/103/13
f 517/102/12 566/103/13 518/104/13
f 518/104/13 566/103/13 567/105/14
f 518/104/13 567/105/14 519/106/14
f 519/106/14 567/105/14 568/107/15
f 519/106/14 568/107/15 520/108/15
f 520/108/15 568/107/15 569/109/16
f 520/108/15 569/109/16 521/110/16
f 521/110/16 569/109/16 570/111/17
f 521/110/16 570/111/17 522/112/17
f 522/112/17 570/111/17 571/113/18
f 522/112/17 571/113/18 523/114/18
f 523/114/18 571/113/18 572/115/19
f 523/114/18 572/115/19 524/116/19
f 524/116/19 572/115/19 573/117/20
f 524/116/19 573/117/20 525/118/20
f 525/118/20 573/117/20 574/119/21
f 525/118/20 574/119/21 526/120/21
f 526/120/21 574/119/21 575/121/22
f 526/120/21 575/121/22 527/122/22
f 527/122/22 575/121/22 576/123/23
f 527/122/22 576/123/23 528/124/23
f 528/124/23 576/123/23 481/125/24
f 481/125/24 576/123/23 529/126/24
f 530/1/1 529/2/1 531/3/1
f 531/3/1 529/2/1 576/4/1
f 531/3/1 576/4/1 532/5/1
f 532/5/1 576/4/1 533/6/1
f 533/6/1 576/4/1 575/7/1
f 533/6/1 575/7/1 610/8/1
f 610/8/1 575/7/1 609/9/1
f 609/9/1 575/7/1 574/10/3
f 609/9/1 574/10/3 608/11/1
f 608/11/1 574/10/3 573/12/1
f 608/11/1 573/12/1 607/13/1
f 607/13/1 573/12/1 572/14/1
f 607/13/1 572/14/1 606/15/1
f 606/15/1 572/14/1 605/16/1
f 605/16/1 572/14/1 571/17/1
f 605/16/1 571/17/1 604/18/1
f 604/18/1 571/17/1 570/19/1
f 604/18/1 570/19/1 603/20/1
f 603/20/1 570/19/1 602/21/3
f 602/21/3 570/19/1 569/22/1
f 602/21/3 569/22/1 601/23/1
f 601/23/1 569/22/1 600/24/1
f 600/24/1 569/22/1 568/25/1
f 600/24/1 568/25/1 599/26/1
f 599/26/1 568/25/1 567/27/1
f 599/26/1 567/27/1 598/28/1
f 598/28/1 567/27/1 597/29/3
f 597/29/3 567/27/1 566/30/1
f 597/29/3 566/30/1 596/31/1
f 596/31/1 566/30/1 595/32/1
f 595/32/1 566/30/1 565/33/1
f 595/32/1 565/33/1 594/34/1
f 594/34/1 565/33/1 564/35/1
f 594/34/1 564/35/1 593/36/1
f 593/36/1 564/35/1 592/37/1
f 592/37/1 564/35/1 563/38/1
f 592/37/1 563/38/1 591/39/1
f 591/39/1 563/38/1 562/40/1
f 591/39/1 562/40/1 590/41/1
f 590/41/1 562/40/1 561/42/1
f 590/41/1 561/42/1 589/43/3
f 589/43/3 561/42/1 555/44/1
f 589/43/3 555/44/1 554/45/1
f 561/42/1 560/46/1 555/44/1
f 555/44/1 560/46/1 556/47/1
f 556/47/1 560/46/1 557/48/1
f 557/48/1 560/46/1 559/49/1
f 557/48/1 559/49/1 558/50/1
f 554/45/1 553/51/1 589/43/3
f 589/43/3 553/51/1 588/52/2
f 588/52/2 553/51/1 552/53/1
f 588/52/2 552/53/1 551/54/1
f 588/52/2 551/54/1 587/55/1
f 587/55/1 551/54/1 550/56/1
f 587/55/1 550/56/1 586/57/4
f 586/57/4 550/56/1 549/58/1
f 586/57/4 549/58/1 585/59/1
f 585/59/1 549/58/1 548/60/1
f 585/59/1 548/60/1 584/61/1
f 584/61/1 548/60/1 547/62/1
f 584/61/1 547/62/1 546/63/1
f 584/61/1 546/63/1 583/64/1
f 583/64/1 546/63/1 545/65/1
f 583/64/1 545/65/1 582/66/1
f 582/66/1 545/65/1 544/67/1
f 582/66/1 544/67/1 581/68/1
f 581/68/1 544/67/1 543/69/1
f 581/68/1 543/69/1 580/70/1
f 580/70/1 543/69/1 542/71/1
f 580/70/1 542/71/1 579/72/1
f 579/72/1 542/71/1 541/73/1
f 579/72/1 541/73/1 540/74/1
f 579/72/1 540/74/1 578/75/1
f 578/75/1 540/74/1 539/76/1
f 578/75/1 539/76/1 577/77/1
f 577/77/1 539/76/1 538/78/1
f 577/77/1 538/78/1 612/79/1
f 612/79/1 538/78/1 537/80/1
f 612/79/1 537/80/1 611/81/1
f 611/81/1 537/80/1 536/82/1
f 611/81/1 536/82/1 535/83/1
f 611/81/1 535/83/1 610/8/1
f 610/8/1 535/83/1 534/84/1
f 610/8/1 534/84/1 533/6/1
f 614/565/57 651/566/57 613/567/56
f 613/567/56 651/566/57 654/568/56
f 613/567/56 654/568/56 648/569/55
f 648/569/55 654/568/56 719/570/55
f 648/569/55 719/570/55 647/571/88
f 647/571/88 719/570/55 717/572/88
f 647/571/88 717/572/88 646/573/87
f 646/573/87 717/572/88 715/574/87
f 646/573/87 715/574/87 645/575/86
f 645/575/86 715/574/87 713/576/86
f 645/575/86 713/576/86 644/577/85
f 644/577/85 713/576/86 711/578/85
f 644/577/85 711/578/85 643/579/84
f 643/579/84 711/578/85 709/580/84
f 643/579/84 709/580/84 642/581/83
f 642/581/83 709/580/84 707/582/83
f 642/581/83 707/582/83 641/583/82
f 641/583/82 707/582/83 705/584/82
f 641/583/82 705/584/82 640/585/5
f 640/585/5 705/584/82 703/586/5
f 640/585/5 703/586/5 639/587/81
f 639/587/81 703/586/5 701/588/81
f 639/587/81 701/588/81 638/589/80
f 638/589/80 701/588/81 699/590/80
f 638/589/80 699/590/80 637/591/79
f 637/591/79 699/590/80 697/592/79
f 637/591/79 697/592/79 636/593/78
f 636/593/78 697/592/79 695/594/78
f 636/593/78 695/594/78 635/595/77
f 635/595/77 695/594/78 693/596/77
f 635/595/77 693/596/77 634/597/76
f 634/597/76 693/596/77 691/598/76
f 634/597/76 691/598/76 633/599/75
f 633/599/75 691/598/76 689/600/75
f 633/599/75 689/600/75 632/601/74
f 632/601/74 689/600/75 687/602/74
f 632/601/74 687/602/74 631/603/25
f 631/603/25 687/602/74 649/604/25
f 631/605/25 649/606/25 630/607/73
f 630/607/73 649/606/25 685/608/73
f 630/607/73 685/608/73 629/609/72
f 629/609/72 685/608/73 683/610/72
f 629/609/72 683/610/72 628/611/71
f 628/611/71 683/610/72 681/612/71
f 628/611/71 681/612/71 627/613/70
f 627/613/70 681/612/71 679/614/70
f 627/613/70 679/614/70 626/615/69
f 626/615/69 679/614/70 677/616/69
f 626/615/69 677/616/69 625/617/68
f 625/617/68 677/616/69 675/618/68
f 625/617/68 675/618/68 624/619/67
f 624/619/67 675/618/68 673/620/67
f 624/619/67 673/620/67 623/621/66
f 623/621/66 673/620/67 671/622/66
f 623/621/66 671/622/66 622/623/65
f 622/623/65 671/622/66 669/624/65
f 622/623/65 669/624/65 621/625/64
f 621/625/64 669/624/65 667/626/64
f 621/625/64 667/626/64 620/627/63
f 620/627/63 667/626/64 665/628/63
f 620/627/63 665/628/63 619/629/62
f 619/629/62 665/628/63 663/630/62
f 619/629/62 663/630/62 618/631/61
f 618/631/61 663/630/62 661/632/61
f 618/631/61 661/632/61 617/633/60
f 617/633/60 661/632/61 659/634/60
f 617/633/60 659/634/60 616/635/59
f 616/635/59 659/634/60 657/636/59
f 616/635/59 657/636/59 615/637/58
f 615/637/58 657/636/59 655/638/58
f 615/637/58 655/638/58 614/565/57
f 614/565/57 655/638/58 651/566/57
f 612/639/55 720/640/55 577/641/56
f 577/641/56 720/640/55 653/642/56
f 577/641/56 653/642/56 578/643/57
f 578/643/57 653/642/56 652/644/57
f 578/643/57 652/644/57 579/645/58
f 579/645/58 652/644/57 656/646/58
f 579/645/58 656/646/58 580/647/59
f 580/647/59 656/646/58 658/648/59
f 580/647/59 658/648/59 581/649/60
f 581/649/60 658/648/59 660/650/60
f 581/649/60 660/650/60 582/651/61
f 582/651/61 660/650/60 662/652/61
f 582/651/61 662/652/61 583/653/62
f 583/653/62 662/652/61 664/654/62
f 583/653/62 664/654/62 584/655/63
f 584/655/63 664/654/62 666/656/63
f 584/655/63 666/656/63 585/657/95
f 585/657/95 666/656/63 668/658/64
f 585/657/95 668/658/64 586/659/65
f 586/659/65 668/658/64 670/660/65
f 586/659/65 670/660/65 587/661/66
f 587/661/66 670/660/65 672/662/66
f 587/661/66 672/662/66 588/663/67
f 588/663/67 672/662/66 674/664/67
f 588/663/67 674/664/67 589/665/68
f 589/665/68 674/664/67 676/666/68
f 589/665/68 676/666/68 590/667/69
f 590/667/69 676/666/68 678/668/69
f 590/667/69 678/668/69 591/669/70
f 591/669/70 678/668/69 680/670/70
f 591/669/70 680/670/70 592/671/71
f 592/671/71 680/670/70 682/672/71
f 592/671/71 682/672/71 593/673/72
f 593/673/72 682/672/71 684/674/72
f 593/673/72 684/674/72 594/675/73
f 594/675/73 684/674/72 686/676/73
f 594/675/73 686/676/73 595/677/25
f 595/677/25 686/676/73 650/678/25
f 595/679/25 650/680/25 596/681/74
f 596/681/74 650/680/25 688/682/74
f 596/681/74 688/682/74 597/683/75
f 597/683/75 688/682/74 690/684/75
f 597/683/75 690/684/75 598/685/76
f 598/685/76 690/684/75 692/686/76
f 598/685/76 692/686/76 599/687/77
f 599/687/77 692/686/76 694/688/77
f 599/687/77 694/688/77 600/689/78
f 600/689/78 694/688/77 696/690/78
f 600/689/78 696/690/78 601/691/79
f 601/691/79 696/690/78 698/692/79
f 601/691/79 698/692/79 602/693/80
f 602/693/80 698/692/79 700/694/80
f 602/693/80 700/694/80 603/695/81
f 603/695/81 700/694/80 702/696/81
f 603/695/81 702/696/81 604/697/5
f 604/697/5 702/696/81 704/698/5
f 604/697/5 704/698/5 605/699/82
f 605/699/82 704/698/5 706/700/82
f 605/699/82 706/700/82 606/701/83
f 606/701/83 706/700/82 708/702/83
f 606/701/83 708/702/83 607/703/84
f 607/703/84 708/702/83 710/704/84
f 607/703/84 710/704/84 608/705/85
f 608/705/85 710/704/84 712/706/85
f 608/705/85 712/706/85 609/707/86
f 609/707/86 712/706/85 714/708/86
f 609/707/86 714/708/86 610/709/87
f 610/709/87 714/708/86 716/710/87
f 610/709/87 716/710/87 611/711/88
f 611/711/88 716/710/87 718/712/88
f 611/711/88 718/712/88 612/639/55
f 612/639/55 718/712/88 720/640/55
f 649/606/25 650/678/25 685/608/73
f 685/608/73 650/678/25 686/676/73
f 685/608/73 686/676/73 683/610/72
f 683/610/72 686/676/73 684/674/72
f 683/610/72 684/674/72 681/612/71
f 681/612/71 684/674/72 682/672/71
f 681/612/71 682/672/71 679/614/70
f 679/614/70 682/672/71 680/670/70
f 679/614/70 680/670/70 677/616/69
f 677/616/69 680/670/70 678/668/69
f 677/616/69 678/668/69 675/618/68
f 675/618/68 678/668/69 676/666/68
f 675/618/68 676/666/68 673/620/67
f 673/620/67 676/666/68 674/664/67
f 673/620/67 674/664/67 671/622/66
f 671/622/66 674/664/67 672/662/66
f 671/622/66 672/662/66 669/624/65
f 669/624/65 672/662/66 670/660/65
f 669/624/65 670/660/65 667/626/64
f 667/626/64 670/660/65 668/658/64
f 667/626/64 668/658/64 665/628/63
f 665/628/63 668/658/64 666/656/63
f 665/628/63 666/656/63 663/630/62
f 663/630/62 666/656/63 664/654/62
f 663/630/62 664/654/62 661/632/61
f 661/632/61 664/654/62 662/652/61
f 661/632/61 662/652/61 659/634/60
f 659/634/60 662/652/61 660/650/60
f 659/634/60 660/650/60 657/636/59
f 657/636/59 660/650/60 658/648/59
f 657/636/59 658/648/59 655/638/58
f 655/638/58 658/648/59 656/646/58
f 655/638/58 656/646/58 651/566/57
f 651/566/57 656/646/58 652/644/57
f 651/566/57 652/644/57 654/568/56
f 654/568/56 652/644/57 653/642/56
f 654/568/56 653/642/56 719/570/55
f 719/570/55 653/642/56 720/640/55
f 719/570/55 720/640/55 717/572/88
f 717/572/88 720/640/55 718/712/88
f 717/572/88 718/712/88 715/574/87
f 715/574/87 718/712/88 716/710/87
f 715/574/87 716/710/87 713/576/86
f 713/576/86 716/710/87 714/708/86
f 713/576/86 714/708/86 711/578/85
f 711/578/85 714/708/86 712/706/85
f 711/578/85 712/706/85 709/580/84
f 709/580/84 712/706/85 710/704/84
f 709/580/84 710/704/84 707/582/83
f 707/582/83 710/704/84 708/702/83
f 707/582/83 708/702/83 705/584/82
f 705/584/82 708/702/83 706/700/82
f 705/584/82 706/700/82 703/586/5
f 703/586/5 706/700/82 704/698/5
f 703/586/5 704/698/5 701/588/81
f 701/588/81 704/698/5 702/696/81
f 701/588/81 702/696/81 699/590/80
f 699/590/80 702/696/81 700/694/80
f 699/590/80 700/694/80 697/592/79
f 697/592/79 700/694/80 698/692/79
f 697/592/79 698/692/79 695/594/78
f 695/594/78 698/692/79 696/690/78
f 695/594/78 696/690/78 693/596/77
f 693/596/77 696/690/78 694/688/77
f 693/596/77 694/688/77 691/598/76
f 691/598/76 694/688/77 692/686/76
f 691/598/76 692/686/76 689/600/75
f 689/600/75 692/686/76 690/684/75
f 689/600/75 690/684/75 687/602/74
f 687/602/74 690/684/75 688/682/74
f 687/602/74 688/682/74 649/604/25
f 649/604/25 688/682/74 650/680/25
f 722/334/89 723/336/89 721/333/89
f 721/333/89 723/336/89 768/335/89
f 768/335/89 723/336/89 724/339/89
f 768/335/89 724/339/89 725/343/89
f 726/345/89 646/381/90 725/343/89
f 725/343/89 646/381/90 767/337/89
f 725/343/89 767/337/89 768/335/89
f 726/345/89 727/346/89 646/381/90
f 646/381/90 727/346/89 647/382/89
f 647/382/89 727/346/89 728/347/89
f 647/382/89 728/347/89 729/348/89
f 647/382/89 729/348/89 648/383/89
f 648/383/89 729/348/89 730/349/89
f 648/383/89 730/349/89 613/384/89
f 613/384/89 730/349/89 731/350/89
f 613/384/89 731/350/89 614/385/89
f 614/385/89 731/350/89 732/351/89
f 614/385/89 732/351/89 615/386/89
f 615/386/89 732/351/89 733/352/89
f 615/386/89 733/352/89 734/353/89
f 615/386/89 734/353/89 616/387/89
f 616/387/89 734/353/89 735/355/89
f 616/387/89 735/355/89 617/388/89
f 617/388/89 735/355/89 736/357/89
f 617/388/89 736/357/89 618/389/89
f 618/389/89 736/357/89 737/358/89
f 618/389/89 737/358/89 619/390/89
f 619/390/89 737/358/89 738/360/89
f 619/390/89 738/360/89 620/391/89
f 620/391/89 738/360/89 739/362/89
f 620/391/89 739/362/89 740/363/89
f 620/391/89 740/363/89 621/392/89
f 621/392/89 740/363/89 741/365/89
f 621/392/89 741/365/89 622/393/89
f 622/393/89 741/365/89 742/367/89
f 622/393/89 742/367/89 623/394/91
f 623/394/91 742/367/89 743/368/89
f 623/394/91 743/368/89 624/395/91
f 624/395/91 743/368/89 744/370/89
f 624/395/91 744/370/89 745/372/89
f 624/395/91 745/372/89 625/396/89
f 625/396/89 745/372/89 746/373/89
f 625/396/89 746/373/89 747/375/89
f 748/377/89 752/376/89 747/375/89
f 747/375/89 752/376/89 753/374/89
f 747/375/89 753/374/89 625/396/89
f 625/396/89 753/374/89 626/397/89
f 626/397/89 753/374/89 754/371/89
f 626/397/89 754/371/89 627/398/89
f 627/398/89 754/371/89 755/369/89
f 627/398/89 755/369/89 628/399/89
f 628/399/89 755/369/89 756/366/89
f 628/399/89 756/366/89 629/400/90
f 629/400/90 756/366/89 630/401/89
f 630/401/89 756/366/89 757/364/89
f 630/401/89 757/364/89 631/402/89
f 631/402/89 757/364/89 758/361/89
f 631/402/89 758/361/89 632/403/89
f 632/403/89 758/361/89 633/404/89
f 633/404/89 758/361/89 759/359/89
f 633/404/89 759/359/89 634/405/89
f 634/405/89 759/359/89 635/406/89
f 635/406/89 759/359/89 760/356/89
f 635/406/89 760/356/89 636/407/89
f 636/407/89 760/356/89 761/354/89
f 636/407/89 761/354/89 637/408/89
f 637/408/89 761/354/89 638/409/89
f 638/409/89 761/354/89 762/344/89
f 638/409/89 762/344/89 639/410/89
f 639/410/89 762/344/89 640/411/89
f 640/411/89 762/344/89 763/342/89
f 640/411/89 763/342/89 641/412/89
f 641/412/89 763/342/89 764/341/89
f 641/412/89 764/341/89 642/413/89
f 642/413/89 764/341/89 643/414/89
f 643/414/89 764/341/89 765/340/89
f 643/414/89 765/340/89 644/415/96
f 644/415/96 765/340/89 766/338/91
f 644/415/96 766/338/91 645/416/97
f 645/416/97 766/338/91 767/337/89
f 645/416/97 767/337/89 646/381/90
f 748/377/89 749/378/89 752/376/89
f 752/376/89 749/378/89 751/380/89
f 751/380/89 749/378/89 750/379/89
f 769/85/5 770/86/5 721/87/5
f 721/87/5 770/86/5 722/88/5
f 722/127/26 770/128/26 723/129/27
f 723/129/27 770/128/26 771/130/27
f 723/129/27 771/130/27 772/131/28
f 723/129/27 772/131/28 724/132/28
f 724/132/28 772/131/28 773/133/29
f 724/132/28 773/133/29 725/134/29
f 725/134/29 773/133/29 774/135/30
f 725/134/29 774/135/30 726/136/30
f 726/136/30 774/135/30 775/137/31
f 726/136/30 775/137/31 727/138/31
f 727/138/31 775/137/31 776/139/32
f 727/138/31 776/139/32 728/140/32
f 728/140/32 776/139/32 777/141/33
f 728/140/32 777/141/33 729/142/33
f 729/142/33 777/141/33 778/143/34
f 729/142/33 778/143/34 730/144/34
f 730/144/34 778/143/34 779/145/35
f 730/144/34 779/145/35 731/146/35
f 731/146/35 779/145/35 780/147/36
f 731/146/35 780/147/36 732/148/36
f 732/148/36 780/147/36 781/149/37
f 732/148/36 781/149/37 733/150/37
f 733/150/37 781/149/37 782/151/38
f 733/150/37 782/151/38 734/152/38
f 734/152/38 782/151/38 783/153/39
f 734/152/38 783/153/39 735/154/39
f 735/154/39 783/153/39 784/155/40
f 735/154/39 784/155/40 736/156/40
f 736/156/40 784/155/40 785/157/41
f 736/156/40 785/157/41 737/158/41
f 737/158/41 785/157/41 786/159/42
f 737/158/41 786/159/42 738/160/42
f 738/160/42 786/159/42 787/161/43
f 738/160/42 787/161/43 739/162/43
f 739/162/43 787/161/43 788/163/44
f 739/162/43 788/163/44 740/164/44
f 740/164/44 788/163/44 789/165/45
f 740/164/44 789/165/45 741/166/45
f 741/166/45 789/165/45 790/167/46
f 741/166/45 790/167/46 742/168/46
f 742/168/46 790/167/46 791/169/47
f 742/168/46 791/169/47 743/170/47
f 743/170/47 791/169/47 792/171/48
f 743/170/47 792/171/48 744/172/48
f 744/172/48 792/171/48 793/173/49
f 744/172/48 793/173/49 745/174/49
f 745/174/49 793/173/49 794/175/50
f 745/174/49 794/175/50 746/176/50
f 746/176/50 794/175/50 795/177/51
f 746/176/50 795/177/51 747/178/51
f 747/178/51 795/177/51 796/179/52
f 747/178/51 796/179/52 748/180/52
f 748/180/52 796/179/52 797/181/53
f 748/180/52 797/181/53 749/182/53
f 749/182/53 797/181/53 750/183/54
f 750/183/54 797/181/53 798/184/54
f 798/85/25 799/86/25 750/87/25
f 750/87/25 799/86/25 751/88/25
f 751/89/6 799/90/6 752/91/7
f 752/91/7 799/90/6 800/92/7
f 752/91/7 800/92/7 801/93/8
f 752/91/7 801/93/8 753/94/8
f 753/94/8 801/93/8 802/95/9
f 753/94/8 802/95/9 754/96/9
f 754/96/9 802/95/9 803/97/10
f 754/96/9 803/97/10 755/98/10
f 755/98/10 803/97/10 804/99/11
f 755/98/10 804/99/11 756/100/11
f 756/100/11 804/99/11 805/101/12
f 756/100/11 805/101/12 757/102/12
f 757/102/12 805/101/12 806/103/13
f 757/102/12 806/103/13 758/104/13
f 758/104/13 806/103/13 807/105/14
f 758/104/13 807/105/14 759/106/14
f 759/106/14 807/105/14 808/107/15
f 759/106/14 808/107/15 760/108/15
f 760/108/15 808/107/15 809/109/16
f 760/108/15 809/109/16 761/110/16
f 761/110/16 809/109/16 810/111/17
f 761/110/16 810/111/17 762/112/17
f 762/112/17 810/111/17 811/113/18
f 762/112/17 811/113/18 763/114/18
f 763/114/18 811/113/18 812/115/19
f 763/114/18 812/115/19 764/116/19
f 764/116/19 812/115/19 813/117/20
f 764/116/19 813/117/20 765/118/20
f 765/118/20 813/117/20 814/119/21
f 765/118/20 814/119/21 766/120/21
f 766/120/21 814/119/21 815/121/22
f 766/120/21 815/121/22 767/122/22
f 767/122/22 815/121/22 816/123/23
f 767/122/22 816/123/23 768/124/23
f 768/124/23 816/123/23 721/125/24
f 721/125/24 816/123/23 769/126/24
f 770/1/1 769/2/1 771/3/1
f 771/3/1 769/2/1 816/4/1
f 771/3/1 816/4/1 772/5/1
f 772/5/1 816/4/1 773/6/1
f 773/6/1 816/4/1 815/7/1
f 773/6/1 815/7/1 850/8/1
f 850/8/1 815/7/1 849/9/1
f 849/9/1 815/7/1 814/10/1
f 849/9/1 814/10/1 848/11/1
f 848/11/1 814/10/1 813/12/1
f 848/11/1 813/12/1 847/13/1
f 847/13/1 813/12/1 812/14/1
f 847/13/1 812/14/1 846/15/3
f 846/15/3 812/14/1 845/16/3
f 845/16/3 812/14/1 811/17/1
f 845/16/3 811/17/1 844/18/1
f 844/18/1 811/17/1 810/19/1
f 844/18/1 810/19/1 843/20/1
f 843/20/1 810/19/1 842/21/1
f 842/21/1 810/19/1 809/22/1
f 842/21/1 809/22/1 841/23/3
f 841/23/3 809/22/1 840/24/3
f 840/24/3 809/22/1 808/25/1
f 840/24/3 808/25/1 839/26/1
f 839/26/1 808/25/1 807/27/1
f 839/26/1 807/27/1 838/28/1
f 838/28/1 807/27/1 837/29/1
f 837/29/1 807/27/1 806/30/1
f 837/29/1 806/30/1 836/31/1
f 836/31/1 806/30/1 835/32/1
f 835/32/1 806/30/1 805/33/1
f 835/32/1 805/33/1 834/34/1
f 834/34/1 805/33/1 804/35/1
f 834/34/1 804/35/1 833/36/4
f 833/36/4 804/35/1 832/37/1
f 832/37/1 804/35/1 803/38/1
f 832/37/1 803/38/1 831/39/3
f 831/39/3 803/38/1 802/40/1
f 831/39/3 802/40/1 830/41/4
f 830/41/4 802/40/1 801/42/1
f 830/41/4 801/42/1 829/43/1
f 829/43/1 801/42/1 795/44/1
f 829/43/1 795/44/1 794/45/1
f 801/42/1 800/46/1 795/44/1
f 795/44/1 800/46/1 796/47/1
f 796/47/1 800/46/1 797/48/1
f 797/48/1 800/46/1 799/49/3
f 797/48/1 799/49/3 798/50/1
f 794/45/1 793/51/1 829/43/1
f 829/43/1 793/51/1 828/52/3
f 828/52/3 793/51/1 792/53/1
f 828/52/3 792/53/1 791/54/1
f 828/52/3 791/54/1 827/55/3
f 827/55/3 791/54/1 790/56/1
f 827/55/3 790/56/1 826/57/3
f 826/57/3 790/56/1 789/58/1
f 826/57/3 789/58/1 825/59/1
f 825/59/1 789/58/1 788/60/1
f 825/59/1 788/60/1 824/61/4
f 824/61/4 788/60/1 787/62/1
f 824/61/4 787/62/1 786/63/1
f 824/61/4 786/63/1 823/64/4
f 823/64/4 786/63/1 785/65/1
f 823/64/4 785/65/1 822/66/1
f 822/66/1 785/65/1 784/67/1
f 822/66/1 784/67/1 821/68/1
f 821/68/1 784/67/1 783/69/1
f 821/68/1 783/69/1 820/70/1
f 820/70/1 783/69/1 782/71/1
f 820/70/1 782/71/1 819/72/1
f 819/72/1 782/71/1 781/73/1
f 819/72/1 781/73/1 780/74/1
f 819/72/1 780/74/1 818/75/1
f 818/75/1 780/74/1 779/76/1
f 818/75/1 779/76/1 817/77/1
f 817/77/1 779/76/1 778/78/1
f 817/77/1 778/78/1 852/79/1
f 852/79/1 778/78/1 777/80/1
f 852/79/1 777/80/1 851/81/1
f 851/81/1 777/80/1 776/82/1
f 851/81/1 776/82/1 775/83/1
f 851/81/1 775/83/1 850/8/1
f 850/8/1 775/83/1 774/84/1
f 850/8/1 774/84/1 773/6/1
f 854/713/57 891/714/57 853/715/56
f 853/715/56 891/714/57 894/716/56
f 853/715/56 894/716/56 888/717/55
f 888/717/55 894/716/56 959/718/55
f 888/717/55 959/718/55 887/719/88
f 887/719/88 959/718/55 957/720/88
f 887/719/88 957/720/88 886/721/87
f 886/721/87 957/720/88 955/722/87
f 886/721/87 955/722/87 885/723/86
f 885/723/86 955/722/87 953/724/86
f 885/723/86 953/724/86 884/725/85
f 884/725/85 953/724/86 951/726/85
f 884/725/85 951/726/85 883/727/84
f 883/727/84 951/726/85 949/728/84
f 883/727/84 949/728/84 882/729/83
f 882/729/83 949/728/84 947/730/83
f 882/729/83 947/730/83 881/731/82
f 881/731/82 947/730/83 945/732/82
f 881/731/82 945/732/82 880/733/5
f 880/733/5 945/732/82 943/734/5
f 880/733/5 943/734/5 879/735/81
f 879/735/81 943/734/5 941/736/81
f 879/735/81 941/736/81 878/737/80
f 878/737/80 941/736/81 939/738/80
f 878/737/80 939/738/80 877/739/79
f 877/739/79 939/738/80 937/740/79
f 877/739/79 937/740/79 876/741/78
f 876/741/78 937/740/79 935/742/78
f 876/741/78 935/742/78 875/743/77
f 875/743/77 935/742/78 933/744/77
f 875/743/77 933/744/77 874/745/76
f 874/745/76 933/744/77 931/746/76
f 874/745/76 931/746/76 873/747/75
f 873/747/75 931/746/76 929/748/75
f 873/747/75 929/748/75 872/749/74
f 872/749/74 929/748/75 927/750/74
f 872/749/74 927/750/74 871/751/25
f 871/751/25 927/750/74 889/752/25
f 871/753/25 889/754/25 870/755/73
f 870/755/73 889/754/25 925/756/73
f 870/755/73 925/756/73 869/757/72
f 869/757/72 925/756/73 923/758/72
f 869/757/72 923/758/72 868/759/71
f 868/759/71 923/758/72 921/760/71
f 868/759/71 921/760/71 867/761/70
f 867/761/70 921/760/71 919/762/70
f 867/761/70 919/762/70 866/763/69
f 866/763/69 919/762/70 917/764/69
f 866/763/69 917/764/69 865/765/68
f 865/765/68 917/764/69 915/766/68
f 865/765/68 915/766/68 864/767/67
f 864/767/67 915/766/68 913/768/67
f 864/767/67 913/768/67 863/769/66
f 863/769/66 913/768/67 911/770/66
f 863/769/66 911/770/66 862/771/65
f 862/771/65 911/770/66 909/772/65
f 862/771/65 909/772/65 861/773/64
f 861/773/64 909/772/65 907/774/64
f 861/773/64 907/774/64 860/775/63
f 860/775/63 907/774/64 905/776/63
f 860/775/63 905/776/63 859/777/62
f 859/777/62 905/776/63 903/778/62
f 859/777/62 903/778/62 858/779/61
f 858/779/61 903/778/62 901/780/61
f 858/779/61 901/780/61 857/781/60
f 857/781/60 901/780/61 899/782/60
f 857/781/60 899/782/60 856/783/59
f 856/783/59 899/782/60 897/784/59
f 856/783/59 897/784/59 855/785/58
f 855/785/58 897/784/59 895/786/58
f 855/785/58 895/786/58 854/713/57
f 854/713/57 895/786/58 891/714/57
f 852/787/55 960/788/55 817/789/56
f 817/789/56 960/788/55 893/790/56
f 817/789/56 893/790/56 818/791/57
f 818/791/57 893/790/56 892/792/57
f 818/791/57 892/792/57 819/793/58
f 819/793/58 892/792/57 896/794/58
f 819/793/58 896/794/58 820/795/59
f 820/795/59 896/794/58 898/796/59
f 820/795/59 898/796/59 821/797/60
f 821/797/60 898/796/59 900/798/60
f 821/797/60 900/798/60 822/799/61
f 822/799/61 900/798/60 902/800/61
f 822/799/61 902/800/61 823/801/62
f 823/801/62 902/800/61 904/802/62
f 823/801/62 904/802/62 824/803/63
f 824/803/63 904/802/62 906/804/63
f 824/803/63 906/804/63 825/805/95
f 825/805/95 906/804/63 908/806/64
f 825/805/95 908/806/64 826/807/65
f 826/807/65 908/806/64 910/808/65
f 826/807/65 910/808/65 827/809/66
f 827/809/66 910/808/65 912/810/66
f 827/809/66 912/810/66 828/811/67
f 828/811/67 912/810/66 914/812/67
f 828/811/67 914/812/67 829/813/68
f 829/813/68 914/812/67 916/814/68
f 829/813/68 916/814/68 830/815/69
f 830/815/69 916/814/68 918/816/69
f 830/815/69 918/816/69 831/817/70
f 831/817/70 918/816/69 920/818/70
f 831/817/70 920/818/70 832/819/71
f 832/819/71 920/818/70 922/820/71
f 832/819/71 922/820/71 833/821/72
f 833/821/72 922/820/71 924/822/72
f 833/821/72 924/822/72 834/823/73
f 834/823/73 924/822/72 926/824/73
f 834/823/73 926/824/73 835/825/25
f 835/825/25 926/824/73 890/826/25
f 835/827/25 890/828/25 836/829/74
f 836/829/74 890/828/25 928/830/74
f 836/829/74 928/830/74 837/831/75
f 837/831/75 928/830/74 930/832/75
f 837/831/75 930/832/75 838/833/76
f 838/833/76 930/832/75 932/834/76
f 838/833/76 932/834/76 839/835/77
f 839/835/77 932/834/76 934/836/77
f 839/835/77 934/836/77 840/837/78
f 840/837/78 934/836/77 936/838/78
f 840/837/78 936/838/78 841/839/79
f 841/839/79 936/838/78 938/840/79
f 841/839/79 938/840/79 842/841/80
f 842/841/80 938/840/79 940/842/80
f 842/841/80 940/842/80 843/843/81
f 843/843/81 940/842/80 942/844/81
f 843/843/81 942/844/81 844/845/5
f 844/845/5 942/844/81 944/846/5
f 844/845/5 944/846/5 845/847/82
f 845/847/82 944/846/5 946/848/82
f 845/847/82 946/848/82 846/849/83
f 846/849/83 946/848/82 948/850/83
f 846/849/83 948/850/83 847/851/84
f 847/851/84 948/850/83 950/852/84
f 847/851/84 950/852/84 848/853/85
f 848/853/85 950/852/84 952/854/85
f 848/853/85 952/854/85 849/855/86
f 849/855/86 952/854/85 954/856/86
f 849/855/86 954/856/86 850/857/87
f 850/857/87 954/856/86 956/858/87
f 850/857/87 956/858/87 851/859/88
f 851/859/88 956/858/87 958/860/88
f 851/859/88 958/860/88 852/787/55
f 852/787/55 958/860/88 960/788/55
f 889/754/25 890/826/25 925/756/73
f 925/756/73 890/826/25 926/824/73
f 925/756/73 926/824/73 923/758/72
f 923/758/72 926/824/73 924/822/72
f 923/758/72 924/822/72 921/760/71
f 921/760/71 924/822/72 922/820/71
f 921/760/71 922/820/71 919/762/70
f 919/762/70 922/820/71 920/818/70
f 919/762/70 920/818/70 917/764/69
f 917/764/69 920/818/70 918/816/69
f 917/764/69 918/816/69 915/766/68
f 915/766/68 918/816/69 916/814/68
f 915/766/68 916/814/68 913/768/67
f 913/768/67 916/814/68 914/812/67
f 913/768/67 914/812/67 911/770/66
f 911/770/66 914/812/67 912/810/66
f 911/770/66 912/810/66 909/772/65
f 909/772/65 912/810/66 910/808/65
f 909/772/65 910/808/65 907/774/64
f 907/774/64 910/808/65 908/806/64
f 907/774/64 908/806/64 905/776/63
f 905/776/63 908/806/64 906/804/63
f 905/776/63 906/804/63 903/778/62
f 903/778/62 906/804/63 904/802/62
f 903/778/62 904/802/62 901/780/61
f 901/780/61 904/802/62 902/800/61
f 901/780/61 902/800/61 899/782/60
f 899/782/60 902/800/61 900/798/60
f 899/782/60 900/798/60 897/784/59
f 897/784/59 900/798/60 898/796/59
f 897/784/59 898/796/59 895/786/58
f 895/786/58 898/796/59 896/794/58
f 895/786/58 896/794/58 891/714/57
f 891/714/57 896/794/58 892/792/57
f 891/714/57 892/792/57 894/716/56
f 894/716/56 892/792/57 893/790/56
f 894/716/56 893/790/56 959/718/55
f 959/718/55 893/790/56 960/788/55
f 959/718/55 960/788/55 957/720/88
f 957/720/88 960/788/55 958/860/88
f 957/720/88 958/860/88 955/722/87
f 955/722/87 958/860/88 956/858/87
f 955/722/87 956/858/87 953/724/86
f 953/724/86 956/858/87 954/856/86
f 953/724/86 954/856/86 951/726/85
f 951/726/85 954/856/86 952/854/85
f 951/726/85 952/854/85 949/728/84
f 949/728/84 952/854/85 950/852/84
f 949/728/84 950/852/84 947/730/83
f 947/730/83 950/852/84 948/850/83
f 947/730/83 948/850/83 945/732/82
f 945/732/82 948/850/83 946/848/82
f 945/732/82 946/848/82 943/734/5
f 943/734/5 946/848/82 944/846/5
f 943/734/5 944/846/5 941/736/81
f 941/736/81 944/846/5 942/844/81
f 941/736/81 942/844/81 939/738/80
f 939/738/80 942/844/81 940/842/80
f 939/738/80 940/842/80 937/740/79
f 937/740/79 940/842/80 938/840/79
f 937/740/79 938/840/79 935/742/78
f 935/742/78 938/840/79 936/838/78
f 935/742/78 936/838/78 933/744/77
f 933/744/77 936/838/78 934/836/77
f 933/744/77 934/836/77 931/746/76
f 931/746/76 934/836/77 932/834/76
f 931/746/76 932/834/76 929/748/75
f 929/748/75 932/834/76 930/832/75
f 929/748/75 930/832/75 927/750/74
f 927/750/74 930/832/75 928/830/74
f 927/750/74 928/830/74 889/752/25
f 889/752/25 928/830/74 890/828/25
f 962/334/89 963/336/89 961/333/89
f 961/333/89 963/336/89 1008/335/89
f 1008/335/89 963/336/89 964/339/89
f 1008/335/89 964/339/89 965/343/89
f 966/345/89 886/381/89 965/343/89
f 965/343/89 886/381/89 1007/337/89
f 965/343/89 1007/337/89 1008/335/89
f 966/345/89 967/346/89 886/381/89
f 886/381/89 967/346/89 887/382/89
f 887/382/89 967/346/89 968/347/89
f 887/382/89 968/347/89 969/348/89
f 887/382/89 969/348/89 888/383/89
f 888/383/89 969/348/89 970/349/89
f 888/383/89 970/349/89 853/384/89
f 853/384/89 970/349/89 971/350/89
f 853/384/89 971/350/89 854/385/89
f 854/385/89 971/350/89 972/351/89
f 854/385/89 972/351/89 855/386/89
f 855/386/89 972/351/89 973/352/89
f 855/386/89 973/352/89 974/353/89
f 855/386/89 974/353/89 856/387/89
f 856/387/89 974/353/89 975/355/89
f 856/387/89 975/355/89 857/388/89
f 857/388/89 975/355/89 976/357/89
f 857/388/89 976/357/89 858/389/91
f 858/389/91 976/357/89 977/358/89
f 858/389/91 977/358/89 859/390/90
f 859/390/90 977/358/89 978/360/89
f 859/390/90 978/360/89 860/391/90
f 860/391/90 978/360/89 979/362/89
f 860/391/90 979/362/89 980/363/89
f 860/391/90 980/363/89 861/392/89
f 861/392/89 980/363/89 981/365/89
f 861/392/89 981/365/89 862/393/89
f 862/393/89 981/365/89 982/367/89
f 862/393/89 982/367/89 863/394/91
f 863/394/91 982/367/89 983/368/89
f 863/394/91 983/368/89 864/395/92
f 864/395/92 983/368/89 984/370/89
f 864/395/92 984/370/89 985/372/89
f 864/395/92 985/372/89 865/396/91
f 865/396/91 985/372/89 986/373/89
f 865/396/91 986/373/89 987/375/89
f 988/377/89 992/376/90 987/375/89
f 987/375/89 992/376/90 993/374/90
f 987/375/89 993/374/90 865/396/91
f 865/396/91 993/374/90 866/397/89
f 866/397/89 993/374/90 994/371/89
f 866/397/89 994/371/89 867/398/89
f 867/398/89 994/371/89 995/369/89
f 867/398/89 995/369/89 868/399/90
f 868/399/90 995/369/89 996/366/89
f 868/399/90 996/366/89 869/400/90
f 869/400/90 996/366/89 870/401/91
f 870/401/91 996/366/89 997/364/89
f 870/401/91 997/364/89 871/402/89
f 871/402/89 997/364/89 998/361/89
f 871/402/89 998/361/89 872/403/89
f 872/403/89 998/361/89 873/404/89
f 873/404/89 998/361/89 999/359/89
f 873/404/89 999/359/89 874/405/89
f 874/405/89 999/359/89 875/406/89
f 875/406/89 999/359/89 1000/356/89
f 875/406/89 1000/356/89 876/407/89
f 876/407/89 1000/356/89 1001/354/89
f 876/407/89 1001/354/89 877/408/89
f 877/408/89 1001/354/89 878/409/89
f 878/409/89 1001/354/89 1002/344/89
f 878/409/89 1002/344/89 879/410/89
f 879/410/89 1002/344/89 880/411/89
f 880/411/89 1002/344/89 1003/342/89
f 880/411/89 1003/342/89 881/412/90
f 881/412/90 1003/342/89 1004/341/89
f 881/412/90 1004/341/89 882/413/90
f 882/413/90 1004/341/89 883/414/89
f 883/414/89 1004/341/89 1005/340/89
f 883/414/89 1005/340/89 884/415/89
f 884/415/89 1005/340/89 1006/338/89
f 884/415/89 1006/338/89 885/416/89
f 885/416/89 1006/338/89 1007/337/89
f 885/416/89 1007/337/89 886/381/89
f 988/377/89 989/378/89 992/376/90
f 992/376/90 989/378/89 991/380/89
f 991/380/89 989/378/89 990/379/89
f 1009/85/5 1010/86/5 961/87/5
f 961/87/5 1010/86/5 962/88/5
f 962/127/26 1010/128/26 963/129/27
f 963/129/27 1010/128/26 1011/130/27
f 963/129/27 1011/130/27 1012/131/28
f 963/129/27 1012/131/28 964/132/28
f 964/132/28 1012/131/28 1013/133/29
f 964/132/28 1013/133/29 965/134/29
f 965/134/29 1013/133/29 1014/135/30
f 965/134/29 1014/135/30 966/136/30
f 966/136/30 1014/135/30 1015/137/31
f 966/136/30 1015/137/31 967/138/31
f 967/138/31 1015/137/31 1016/139/32
f 967/138/31 1016/139/32 968/140/32
f 968/140/32 1016/139/32 1017/141/33
f 968/140/32 1017/141/33 969/142/33
f 969/142/33 1017/141/33 1018/143/34
f 969/142/33 1018/143/34 970/144/34
f 970/144/34 1018/143/34 1019/145/35
f 970/144/34 1019/145/35 971/146/35
f 971/146/35 1019/145/35 1020/147/36
f 971/146/35 1020/147/36 972/148/36
f 972/148/36 1020/147/36 1021/149/37
f 972/148/36 1021/149/37 973/150/37
f 973/150/37 1021/149/37 1022/151/38
f 973/150/37 1022/151/38 974/152/38
f 974/152/38 1022/151/38 1023/153/39
f 974/152/38 1023/153/39 975/154/39
f 975/154/39 1023/153/39 1024/155/40
f 975/154/39 1024/155/40 976/156/40
f 976/156/40 1024/155/40 1025/157/41
f 976/156/40 1025/157/41 977/158/41
f 977/158/41 1025/157/41 1026/159/42
f 977/158/41 1026/159/42 978/160/42
f 978/160/42 1026/159/42 1027/161/43
f 978/160/42 1027/161/43 979/162/43
f 979/162/43 1027/161/43 1028/163/44
f 979/162/43 1028/163/44 980/164/44
f 980/164/44 1028/163/44 1029/165/45
f 980/164/44 1029/165/45 981/166/45
f 981/166/45 1029/165/45 1030/167/46
f 981/166/45 1030/167/46 982/168/46
f 982/168/46 1030/167/46 1031/169/47
f 982/168/46 1031/169/47 983/170/47
f 983/170/47 1031/169/47 1032/171/48
f 983/170/47 1032/171/48 984/172/48
f 984/172/48 1032/171/48 1033/173/49
f 984/172/48 1033/173/49 985/174/49
f 985/174/49 1033/173/49 1034/175/50
f 985/174/49 1034/175/50 986/176/50
f 986/176/50 1034/175/50 1035/177/51
f 986/176/50 1035/177/51 987/178/51
f 987/178/51 1035/177/51 1036/179/52
f 987/178/51 1036/179/52 988/180/52
f 988/180/52 1036/179/52 1037/181/53
f 988/180/52 1037/181/53 989/182/53
f 989/182/53 1037/181/53 990/183/54
f 990/183/54 1037/181/53 1038/184/54
f 1038/85/25 1039/86/25 990/87/25
f 990/87/25 1039/86/25 991/88/25
f 991/89/6 1039/90/6 992/91/7
f 992/91/7 1039/90/6 1040/92/7
f 992/91/7 1040/92/7 1041/93/8
f 992/91/7 1041/93/8 993/94/8
f 993/94/8 1041/93/8 1042/95/9
f 993/94/8 1042/95/9 994/96/9
f 994/96/9 1042/95/9 1043/97/10
f 994/96/9 1043/97/10 995/98/10
f 995/98/10 1043/97/10 1044/99/11
f 995/98/10 1044/99/11 996/100/11
f 996/100/11 1044/99/11 1045/101/12
f 996/100/11 1045/101/12 997/102/12
f 997/102/12 1045/101/12 1046/103/13
f 997/102/12 1046/103/13 998/104/13
f 998/104/13 1046/103/13 1047/105/14
f 998/104/13 1047/105/14 999/106/14
f 999/106/14 1047/105/14 1048/107/15
f 999/106/14 1048/107/15 1000/108/15
f 1000/108/15 1048/107/15 1049/109/16
f 1000/108/15 1049/109/16 1001/110/16
f 1001/110/16 1049/109/16 1050/111/17
f 1001/110/16 1050/111/17 1002/112/17
f 1002/112/17 1050/111/17 1051/113/18
f 1002/112/17 1051/113/18 1003/114/18
f 1003/114/18 1051/113/18 1052/115/19
f 1003/114/18 1052/115/19 1004/116/19
f 1004/116/19 1052/115/19 1053/117/20
f 1004/116/19 1053/117/20 1005/118/20
f 1005/118/20 1053/117/20 1054/119/21
f 1005/118/20 1054/119/21 1006/120/21
f 1006/120/21 1054/119/21 1055/121/22
f 1006/120/21 1055/121/22 1007/122/22
f 1007/122/22 1055/121/22 1056/123/23
f 1007/122/22 1056/123/23 1008/124/23
f 1008/124/23 1056/123/23 961/125/24
f 961/125/24 1056/123/23 1009/126/24
f 1010/1/1 1009/2/1 1011/3/1
f 1011/3/1 1009/2/1 1056/4/1
f 1011/3/1 1056/4/1 1012/5/1
f 1012/5/1 1056/4/1 1013/6/1
f 1013/6/1 1056/4/1 1055/7/1
f 1013/6/1 1055/7/1 1090/8/3
f 1090/8/3 1055/7/1 1089/9/94
f 1089/9/94 1055/7/1 1054/10/4
f 1089/9/94 1054/10/4 1088/11/1
f 1088/11/1 1054/10/4 1053/12/1
f 1088/11/1 1053/12/1 1087/13/1
f 1087/13/1 1053/12/1 1052/14/1
f 1087/13/1 1052/14/1 1086/15/1
f 1086/15/1 1052/14/1 1085/16/1
f 1085/16/1 1052/14/1 1051/17/1
f 1085/16/1 1051/17/1 1084/18/1
f 1084/18/1 1051/17/1 1050/19/1
f 1084/18/1 1050/19/1 1083/20/1
f 1083/20/1 1050/19/1 1082/21/4
f 1082/21/4 1050/19/1 1049/22/1
f 1082/21/4 1049/22/1 1081/23/4
f 1081/23/4 1049/22/1 1080/24/1
f 1080/24/1 1049/22/1 1048/25/1
f 1080/24/1 1048/25/1 1079/26/1
f 1079/26/1 1048/25/1 1047/27/1
f 1079/26/1 1047/27/1 1078/28/1
f 1078/28/1 1047/27/1 1077/29/1
f 1077/29/1 1047/27/1 1046/30/1
f 1077/29/1 1046/30/1 1076/31/1
f 1076/31/1 1046/30/1 1075/32/1
f 1075/32/1 1046/30/1 1045/33/1
f 1075/32/1 1045/33/1 1074/34/1
f 1074/34/1 1045/33/1 1044/35/1
f 1074/34/1 1044/35/1 1073/36/1
f 1073/36/1 1044/35/1 1072/37/1
f 1072/37/1 1044/35/1 1043/38/1
f 1072/37/1 1043/38/1 1071/39/1
f 1071/39/1 1043/38/1 1042/40/1
f 1071/39/1 1042/40/1 1070/41/4
f 1070/41/4 1042/40/1 1041/42/4
f 1070/41/4 1041/42/4 1069/43/1
f 1069/43/1 1041/42/4 1035/44/1
f 1069/43/1 1035/44/1 1034/45/1
f 1041/42/4 1040/46/1 1035/44/1
f 1035/44/1 1040/46/1 1036/47/1
f 1036/47/1 1040/46/1 1037/48/1
f 1037/48/1 1040/46/1 1039/49/1
f 1037/48/1 1039/49/1 1038/50/1
f 1034/45/1 1033/51/1 1069/43/1
f 1069/43/1 1033/51/1 1068/52/2
f 1068/52/2 1033/51/1 1032/53/1
f 1068/52/2 1032/53/1 1031/54/1
f 1068/52/2 1031/54/1 1067/55/2
f 1067/55/2 1031/54/1 1030/56/1
f 1067/55/2 1030/56/1 1066/57/1
f 1066/57/1 1030/56/1 1029/58/1
f 1066/57/1 1029/58/1 1065/59/4
f 1065/59/4 1029/58/1 1028/60/1
f 1065/59/4 1028/60/1 1064/61/4
f 1064/61/4 1028/60/1 1027/62/1
f 1064/61/4 1027/62/1 1026/63/1
f 1064/61/4 1026/63/1 1063/64/4
f 1063/64/4 1026/63/1 1025/65/1
f 1063/64/4 1025/65/1 1062/66/4
f 1062/66/4 1025/65/1 1024/67/1
f 1062/66/4 1024/67/1 1061/68/1
f 1061/68/1 1024/67/1 1023/69/1
f 1061/68/1 1023/69/1 1060/70/1
f 1060/70/1 1023/69/1 1022/71/1
f 1060/70/1 1022/71/1 1059/72/1
f 1059/72/1 1022/71/1 1021/73/1
f 1059/72/1 1021/73/1 1020/74/1
f 1059/72/1 1020/74/1 1058/75/1
f 1058/75/1 1020/74/1 1019/76/1
f 1058/75/1 1019/76/1 1057/77/1
f 1057/77/1 1019/76/1 1018/78/1
f 1057/77/1 1018/78/1 1092/79/1
f 1092/79/1 1018/78/1 1017/80/1
f 1092/79/1 1017/80/1 1091/81/1
f 1091/81/1 1017/80/1 1016/82/1
f 1091/81/1 1016/82/1 1015/83/1
f 1091/81/1 1015/83/1 1090/8/3
f 1090/8/3 1015/83/1 1014/84/1
f 1090/8/3 1014/84/1 1013/6/1
f 1094/861/57 1131/862/57 1093/863/56
f 1093/863/56 1131/862/57 1134/864/56
f 1093/863/56 1134/864/56 1128/865/55
f 1128/865/55 1134/864/56 1199/866/55
f 1128/865/55 1199/866/55 1127/867/88
f 1127/867/88 1199/866/55 1197/868/88
f 1127/867/88 1197/868/88 1126/869/87
f 1126/869/87 1197/868/88 1195/870/87
f 1126/869/87 1195/870/87 1125/871/86
f 1125/871/86 1195/870/87 1193/872/86
f 1125/871/86 1193/872/86 1124/873/85
f 1124/873/85 1193/872/86 1191/874/85
f 1124/873/85 1191/874/85 1123/875/84
f 1123/875/84 1191/874/85 1189/876/84
f 1123/875/84 1189/876/84 1122/877/83
f 1122/877/83 1189/876/84 1187/878/83
f 1122/877/83 1187/878/83 1121/879/82
f 1121/879/82 1187/878/83 1185/880/82
f 1121/879/82 1185/880/82 1120/881/5
f 1120/881/5 1185/880/82 1183/882/5
f 1120/881/5 1183/882/5 1119/883/81
f 1119/883/81 1183/882/5 1181/884/81
f 1119/883/81 1181/884/81 1118/885/80
f 1118/885/80 1181/884/81 1179/886/80
f 1118/885/80 1179/886/80 1117/887/79
f 1117/887/79 1179/886/80 1177/888/79
f 1117/887/79 1177/888/79 1116/889/78
f 1116/889/78 1177/888/79 1175/890/78
f 1116/889/78 1175/890/78 1115/891/77
f 1115/891/77 1175/890/78 1173/892/77
f 1115/891/77 1173/892/77 1114/893/76
f 1114/893/76 1173/892/77 1171/894/76
f 1114/893/76 1171/894/76 1113/895/75
f 1113/895/75 1171/894/76 1169/896/75
f 1113/895/75 1169/896/75 1112/897/74
f 1112/897/74 1169/896/75 1167/898/74
f 1112/897/74 1167/898/74 1111/899/25
f 1111/899/25 1167/898/74 1129/900/25
f 1111/901/25 1129/902/25 1110/903/73
f 1110/903/73 1129/902/25 1165/904/73
f 1110/903/73 1165/904/73 1109/905/72
f 1109/905/72 1165/904/73 1163/906/72
f 1109/905/72 1163/906/72 1108/907/71
f 1108/907/71 1163/906/72 1161/908/71
f 1108/907/71 1161/908/71 1107/909/70
f 1107/909/70 1161/908/71 1159/910/70
f 1107/909/70 1159/910/70 1106/911/69
f 1106/911/69 1159/910/70 1157/912/69
f 1106/911/69 1157/912/69 1105/913/68
f 1105/913/68 1157/912/69 1155/914/68
f 1105/913/68 1155/914/68 1104/915/67
f 1104/915/67 1155/914/68 1153/916/67
f 1104/915/67 1153/916/67 1103/917/66
f 1103/917/66 1153/916/67 1151/918/66
f 1103/917/66 1151/918/66 1102/919/65
f 1102/919/65 1151/918/66 1149/920/65
f 1102/919/65 1149/920/65 1101/921/64
f 1101/921/64 1149/920/65 1147/922/64
f 1101/921/64 1147/922/64 1100/923/63
f 1100/923/63 1147/922/64 1145/924/63
f 1100/923/63 1145/924/63 1099/925/62
f 1099/925/62 1145/924/63 1143/926/62
f 1099/925/62 1143/926/62 1098/927/61
f 1098/927/61 1143/926/62 1141/928/61
f 1098/927/61 1141/928/61 1097/929/60
f 1097/929/60 1141/928/61 1139/930/60
f 1097/929/60 1139/930/60 1096/931/59
f 1096/931/59 1139/930/60 1137/932/59
f 1096/931/59 1137/932/59 1095/933/58
f 1095/933/58 1137/932/59 1135/934/58
f 1095/933/58 1135/934/58 1094/861/57
f 1094/861/57 1135/934/58 1131/862/57
f 1092/935/55 1200/936/55 1057/937/56
f 1057/937/56 1200/936/55 1133/938/56
f 1057/937/56 1133/938/56 1058/939/57
f 1058/939/57 1133/938/56 1132/940/57
f 1058/939/57 1132/940/57 1059/941/58
f 1059/941/58 1132/940/57 1136/942/58
f 1059/941/58 1136/942/58 1060/943/59
f 1060/943/59 1136/942/58 1138/944/59
f 1060/943/59 1138/944/59 1061/945/60
f 1061/945/60 1138/944/59 1140/946/60
f 1061/945/60 1140/946/60 1062/947/61
f 1062/947/61 1140/946/60 1142/948/61
f 1062/947/61 1142/948/61 1063/949/62
f 1063/949/62 1142/948/61 1144/950/62
f 1063/949/62 1144/950/62 1064/951/63
f 1064/951/63 1144/950/62 1146/952/63
f 1064/951/63 1146/952/63 1065/953/64
f 1065/953/64 1146/952/63 1148/954/64
f 1065/953/64 1148/954/64 1066/955/65
f 1066/955/65 1148/954/64 1150/956/65
f 1066/955/65 1150/956/65 1067/957/66
f 1067/957/66 1150/956/65 1152/958/66
f 1067/957/66 1152/958/66 1068/959/67
f 1068/959/67 1152/958/66 1154/960/67
f 1068/959/67 1154/960/67 1069/961/68
f 1069/961/68 1154/960/67 1156/962/68
f 1069/961/68 1156/962/68 1070/963/69
f 1070/963/69 1156/962/68 1158/964/69
f 1070/963/69 1158/964/69 1071/965/70
f 1071/965/70 1158/964/69 1160/966/70
f 1071/965/70 1160/966/70 1072/967/71
f 1072/967/71 1160/966/70 1162/968/71
f 1072/967/71 1162/968/71 1073/969/72
f 1073/969/72 1162/968/71 1164/970/72
f 1073/969/72 1164/970/72 1074/971/73
f 1074/971/73 1164/970/72 1166/972/73
f 1074/971/73 1166/972/73 1075/973/25
f 1075/973/25 1166/972/73 1130/974/25
f 1075/975/25 1130/976/25 1076/977/74
f 1076/977/74 1130/976/25 1168/978/74
f 1076/977/74 1168/978/74 1077/979/75
f 1077/979/75 1168/978/74 1170/980/75
f 1077/979/75 1170/980/75 1078/981/76
f 1078/981/76 1170/980/75 1172/982/76
f 1078/981/76 1172/982/76 1079/983/77
f 1079/983/77 1172/982/76 1174/984/77
f 1079/983/77 1174/984/77 1080/985/78
f 1080/985/78 1174/984/77 1176/986/78
f 1080/985/78 1176/986/78 1081/987/79
f 1081/987/79 1176/986/78 1178/988/79
f 1081/987/79 1178/988/79 1082/989/80
f 1082/989/80 1178/988/79 1180/990/80
f 1082/989/80 1180/990/80 1083/991/81
f 1083/991/81 1180/990/80 1182/992/81
f 1083/991/81 1182/992/81 1084/993/5
f 1084/993/5 1182/992/81 1184/994/5
f 1084/993/5 1184/994/5 1085/995/82
f 1085/995/82 1184/994/5 1186/996/82
f 1085/995/82 1186/996/82 1086/997/83
f 1086/997/83 1186/996/82 1188/998/83
f 1086/997/83 1188/998/83 1087/999/84
f 1087/999/84 1188/998/83 1190/1000/84
f 1087/999/84 1190/1000/84 1088/1001/85
f 1088/1001/85 1190/1000/84 1192/1002/85
f 1088/1001/85 1192/1002/85 1089/1003/86
f 1089/1003/86 1192/1002/85 1194/1004/86
f 1089/1003/86 1194/1004/86 1090/1005/87
f 1090/1005/87 1194/1004/86 1196/1006/87
f 1090/1005/87 1196/1006/87 1091/1007/88
f 1091/1007/88 1196/1006/87 1198/1008/88
f 1091/1007/88 1198/1008/88 1092/935/55
f 1092/935/55 1198/1008/88 1200/936/55
f 1129/902/25 1130/974/25 1165/904/73
f 1165/904/73 1130/974/25 1166/972/73
f 1165/904/73 1166/972/73 1163/906/72
f 1163/906/72 1166/972/73 1164/970/72
f 1163/906/72 1164/970/72 1161/908/71
f 1161/908/71 1164/970/72 1162/968/71
f 1161/908/71 1162/968/71 1159/910/70
f 1159/910/70 1162/968/71 1160/966/70
f 1159/910/70 1160/966/70 1157/912/69
f 1157/912/69 1160/966/70 1158/964/69
f 1157/912/69 1158/964/69 1155/914/68
f 1155/914/68 1158/964/69 1156/962/68
f 1155/914/68 1156/962/68 1153/916/67
f 1153/916/67 1156/962/68 1154/960/67
f 1153/916/67 1154/960/67 1151/918/66
f 1151/918/66 1154/960/67 1152/958/66
f 1151/918/66 1152/958/66 1149/920/65
f 1149/920/65 1152/958/66 1150/956/65
f 1149/920/65 1150/956/65 1147/922/64
f 1147/922/64 1150/956/65 1148/954/64
f 1147/922/64 1148/954/64 1145/924/63
f 1145/924/63 1148/954/64 1146/952/63
f 1145/924/63 1146/952/63 1143/926/62
f 1143/926/62 1146/952/63 1144/950/62
f 1143/926/62 1144/950/62 1141/928/61
f 1141/928/61 1144/950/62 1142/948/61
f 1141/928/61 1142/948/61 1139/930/60
f 1139/930/60 1142/948/61 1140/946/60
f 1139/930/60 1140/946/60 1137/932/59
f 1137/932/59 1140/946/60 1138/944/59
f 1137/932/59 1138/944/59 1135/934/58
f 1135/934/58 1138/944/59 1136/942/58
f 1135/934/58 1136/942/58 1131/862/57
f 1131/862/57 1136/942/58 1132/940/57
f 1131/862/57 1132/940/57 1134/864/56
f 1134/864/56 1132/940/57 1133/938/56
f 1134/864/56 1133/938/56 1199/866/55
f 1199/866/55 1133/938/56 1200/936/55
f 1199/866/55 1200/936/55 1197/868/88
f 1197/868/88 1200/936/55 1198/1008/88
f 1197/868/88 1198/1008/88 1195/870/87
f 1195/870/87 1198/1008/88 1196/1006/87
f 1195/870/87 1196/1006/87 1193/872/86
f 1193/872/86 1196/1006/87 1194/1004/86
f 1193/872/86 1194/1004/86 1191/874/85
f 1191/874/85 1194/1004/86 1192/1002/85
f 1191/874/85 1192/1002/85 1189/876/84
f 1189/876/84 1192/1002/85 1190/1000/84
f 1189/876/84 1190/1000/84 1187/878/83
f 1187/878/83 1190/1000/84 1188/998/83
f 1187/878/83 1188/998/83 1185/880/82
f 1185/880/82 1188/998/83 1186/996/82
f 1185/880/82 1186/996/82 1183/882/5
f 1183/882/5 1186/996/82 1184/994/5
f 1183/882/5 1184/994/5 1181/884/81
f 1181/884/81 1184/994/5 1182/992/81
f 1181/884/81 1182/992/81 1179/886/80
f 1179/886/80 1182/992/81 1180/990/80
f 1179/886/80 1180/990/80 1177/888/79
f 1177/888/79 1180/990/80 1178/988/79
f 1177/888/79 1178/988/79 1175/890/78
f 1175/890/78 1178/988/79 1176/986/78
f 1175/890/78 1176/986/78 1173/892/77
f 1173/892/77 1176/986/78 1174/984/77
f 1173/892/77 1174/984/77 1171/894/76
f 1171/894/76 1174/984/77 1172/982/76
f 1171/894/76 1172/982/76 1169/896/75
f 1169/896/75 1172/982/76 1170/980/75
f 1169/896/75 1170/980/75 1167/898/74
f 1167/898/74 1170/980/75 1168/978/74
f 1167/898/74 1168/978/74 1129/900/25
f 1129/900/25 1168/978/74 1130/976/25
f 1202/334/89 1203/336/89 1201/333/89
f 1201/333/89 1203/336/89 1248/335/89
f 1248/335/89 1203/336/89 1204/339/89
f 1248/335/89 1204/339/89 1205/343/89
f 1206/345/89 1126/381/89 1205/343/89
f 1205/343/89 1126/381/89 1247/337/89
f 1205/343/89 1247/337/89 1248/335/89
f 1206/345/89 1207/346/89 1126/381/89
f 1126/381/89 1207/346/89 1127/382/89
f 1127/382/89 1207/346/89 1208/347/89
f 1127/382/89 1208/347/89 1209/348/89
f 1127/382/89 1209/348/89 1128/383/89
f 1128/383/89 1209/348/89 1210/349/89
f 1128/383/89 1210/349/89 1093/384/89
f 1093/384/89 1210/349/89 1211/350/89
f 1093/384/89 1211/350/89 1094/385/89
f 1094/385/89 1211/350/89 1212/351/89
f 1094/385/89 1212/351/89 1095/386/89
f 1095/386/89 1212/351/89 1213/352/89
f 1095/386/89 1213/352/89 1214/353/89
f 1095/386/89 1214/353/89 1096/387/90
f 1096/387/90 1214/353/89 1215/355/89
f 1096/387/90 1215/355/89 1097/388/89
f 1097/388/89 1215/355/89 1216/357/89
f 1097/388/89 1216/357/89 1098/389/89
f 1098/389/89 1216/357/89 1217/358/89
f 1098/389/89 1217/358/89 1099/390/89
f 1099/390/89 1217/358/89 1218/360/89
f 1099/390/89 1218/360/89 1100/391/89
f 1100/391/89 1218/360/89 1219/362/89
f 1100/391/89 1219/362/89 1220/363/89
f 1100/391/89 1220/363/89 1101/392/91
f 1101/392/91 1220/363/89 1221/365/89
f 1101/392/91 1221/365/89 1102/393/91
f 1102/393/91 1221/365/89 1222/367/89
f 1102/393/91 1222/367/89 1103/394/91
f 1103/394/91 1222/367/89 1223/368/89
f 1103/394/91 1223/368/89 1104/395/92
f 1104/395/92 1223/368/89 1224/370/89
f 1104/395/92 1224/370/89 1225/372/89
f 1104/395/92 1225/372/89 1105/396/89
f 1105/396/89 1225/372/89 1226/373/89
f 1105/396/89 1226/373/89 1227/375/89
f 1228/377/89 1232/376/89 1227/375/89
f 1227/375/89 1232/376/89 1233/374/89
f 1227/375/89 1233/374/89 1105/396/89
f 1105/396/89 1233/374/89 1106/397/90
f 1106/397/90 1233/374/89 1234/371/89
f 1106/397/90 1234/371/89 1107/398/89
f 1107/398/89 1234/371/89 1235/369/89
f 1107/398/89 1235/369/89 1108/399/89
f 1108/399/89 1235/369/89 1236/366/89
f 1108/399/89 1236/366/89 1109/400/89
f 1109/400/89 1236/366/89 1110/401/89
f 1110/401/89 1236/366/89 1237/364/89
f 1110/401/89 1237/364/89 1111/402/89
f 1111/402/89 1237/364/89 1238/361/89
f 1111/402/89 1238/361/89 1112/403/89
f 1112/403/89 1238/361/89 1113/404/89
f 1113/404/89 1238/361/89 1239/359/89
f 1113/404/89 1239/359/89 1114/405/89
f 1114/405/89 1239/359/89 1115/406/89
f 1115/406/89 1239/359/89 1240/356/89
f 1115/406/89 1240/356/89 1116/407/89
f 1116/407/89 1240/356/89 1241/354/89
f 1116/407/89 1241/354/89 1117/408/90
f 1117/408/90 1241/354/89 1118/409/90
f 1118/409/90 1241/354/89 1242/344/89
f 1118/409/90 1242/344/89 1119/410/89
f 1119/410/89 1242/344/89 1120/411/89
f 1120/411/89 1242/344/89 1243/342/89
f 1120/411/89 1243/342/89 1121/412/89
f 1121/412/89 1243/342/89 1244/341/89
f 1121/412/89 1244/341/89 1122/413/89
f 1122/413/89 1244/341/89 1123/414/89
f 1123/414/89 1244/341/89 1245/340/90
f 1123/414/89 1245/340/90 1124/415/98
f 1124/415/98 1245/340/90 1246/338/90
f 1124/415/98 1246/338/90 1125/416/91
f 1125/416/91 1246/338/90 1247/337/89
f 1125/416/91 1247/337/89 1126/381/89
f 1228/377/89 1229/378/89 1232/376/89
f 1232/376/89 1229/378/89 1231/380/89
f 1231/380/89 1229/378/89 1230/379/89
f 1249/85/5 1250/86/5 1201/87/5
f 1201/87/5 1250/86/5 1202/88/5
f 1202/127/26 1250/128/26 1203/129/27
f 1203/129/27 1250/128/26 1251/130/27
f 1203/129/27 1251/130/27 1252/131/28
f 1203/129/27 1252/131/28 1204/132/28
f 1204/132/28 1252/131/28 1253/133/29
f 1204/132/28 1253/133/29 1205/134/29
f 1205/134/29 1253/133/29 1254/135/30
f 1205/134/29 1254/135/30 1206/136/30
f 1206/136/30 1254/135/30 1255/137/31
f 1206/136/30 1255/137/31 1207/138/31
f 1207/138/31 1255/137/31 1256/139/32
f 1207/138/31 1256/139/32 1208/140/32
f 1208/140/32 1256/139/32 1257/141/33
f 1208/140/32 1257/141/33 1209/142/33
f 1209/142/33 1257/141/33 1258/143/34
f 1209/142/33 1258/143/34 1210/144/34
f 1210/144/34 1258/143/34 1259/145/35
f 1210/144/34 1259/145/35 1211/146/35
f 1211/146/35 1259/145/35 1260/147/36
f 1211/146/35 1260/147/36 1212/148/36
f 1212/148/36 1260/147/36 1261/149/37
f 1212/148/36 1261/149/37 1213/150/37
f 1213/150/37 1261/149/37 1262/151/38
f 1213/150/37 1262/151/38 1214/152/38
f 1214/152/38 1262/151/38 1263/153/39
f 1214/152/38 1263/153/39 1215/154/39
f 1215/154/39 1263/153/39 1264/155/40
f 1215/154/39 1264/155/40 1216/156/40
f 1216/156/40 1264/155/40 1265/157/41
f 1216/156/40 1265/157/41 1217/158/41
f 1217/158/41 1265/157/41 1266/159/42
f 1217/158/41 1266/159/42 1218/160/42
f 1218/160/42 1266/159/42 1267/161/43
f 1218/160/42 1267/161/43 1219/162/43
f 1219/162/43 1267/161/43 1268/163/44
f 1219/162/43 1268/163/44 1220/164/44
f 1220/164/44 1268/163/44 1269/165/45
f 1220/164/44 1269/165/45 1221/166/45
f 1221/166/45 1269/165/45 1270/167/46
f 1221/166/45 1270/167/46 1222/168/46
f 1222/168/46 1270/167/46 1271/169/47
f 1222/168/46 1271/169/47 1223/170/47
f 1223/170/47 1271/169/47 1272/171/48
f 1223/170/47 1272/171/48 1224/172/48
f 1224/172/48 1272/171/48 1273/173/49
f 1224/172/48 1273/173/49 1225/174/49
f 1225/174/49 1273/173/49 1274/175/50
f 1225/174/49 1274/175/50 1226/176/50
f 1226/176/50 1274/175/50 1275/177/51
f 1226/176/50 1275/177/51 1227/178/51
f 1227/178/51 1275/177/51 1276/179/52
f 1227/178/51 1276/179/52 1228/180/52
f 1228/180/52 1276/179/52 1277/181/53
f 1228/180/52 1277/181/53 1229/182/53
f 1229/182/53 1277/181/53 1230/183/54
f 1230/183/54 1277/181/53 1278/184/54
f 1278/85/25 1279/86/25 1230/87/25
f 1230/87/25 1279/86/25 1231/88/25
f 1231/89/6 1279/90/6 1232/91/7
f 1232/91/7 1279/90/6 1280/92/7
f 1232/91/7 1280/92/7 1281/93/8
f 1232/91/7 1281/93/8 1233/94/8
f 1233/94/8 1281/93/8 1282/95/9
f 1233/94/8 1282/95/9 1234/96/9
f 1234/96/9 1282/95/9 1283/97/10
f 1234/96/9 1283/97/10 1235/98/10
f 1235/98/10 1283/97/10 1284/99/11
f 1235/98/10 1284/99/11 1236/100/11
f 1236/100/11 1284/99/11 1285/101/12
f 1236/100/11 1285/101/12 1237/102/12
f 1237/102/12 1285/101/12 1286/103/13
f 1237/102/12 1286/103/13 1238/104/13
f 1238/104/13 1286/103/13 1287/105/14
f 1238/104/13 1287/105/14 1239/106/14
f 1239/106/14 1287/105/14 1288/107/15
f 1239/106/14 1288/107/15 1240/108/15
f 1240/108/15 1288/107/15 1289/109/16
f 1240/108/15 1289/109/16 1241/110/16
f 1241/110/16 1289/109/16 1290/111/17
f 1241/110/16 1290/111/17 1242/112/17
f 1242/112/17 1290/111/17 1291/113/18
f 1242/112/17 1291/113/18 1243/114/18
f 1243/114/18 1291/113/18 1292/115/19
f 1243/114/18 1292/115/19 1244/116/19
f 1244/116/19 1292/115/19 1293/117/20
f 1244/116/19 1293/117/20 1245/118/20
f 1245/118/20 1293/117/20 1294/119/21
f 1245/118/20 1294/119/21 1246/120/21
f 1246/120/21 1294/119/21 1295/121/22
f 1246/120/21 1295/121/22 1247/122/22
f 1247/122/22 1295/121/22 1296/123/23
f 1247/122/22 1296/123/23 1248/124/23
f 1248/124/23 1296/123/23 1201/125/24
f 1201/125/24 1296/123/23 1249/126/24
f 1250/1/1 1249/2/1 1251/3/1
f 1251/3/1 1249/2/1 1296/4/1
f 1251/3/1 1296/4/1 1252/5/1
f 1252/5/1 1296/4/1 1253/6/1
f 1253/6/1 1296/4/1 1295/7/1
f 1253/6/1 1295/7/1 1330/8/1
f 1330/8/1 1295/7/1 1329/9/1
f 1329/9/1 1295/7/1 1294/10/1
f 1329/9/1 1294/10/1 1328/11/1
f 1328/11/1 1294/10/1 1293/12/1
f 1328/11/1 1293/12/1 1327/13/3
f 1327/13/3 1293/12/1 1292/14/1
f 1327/13/3 1292/14/1 1326/15/2
f 1326/15/2 1292/14/1 1325/16/1
f 1325/16/1 1292/14/1 1291/17/1
f 1325/16/1 1291/17/1 1324/18/1
f 1324/18/1 1291/17/1 1290/19/1
f 1324/18/1 1290/19/1 1323/20/4
f 1323/20/4 1290/19/1 1322/21/3
f 1322/21/3 1290/19/1 1289/22/1
f 1322/21/3 1289/22/1 1321/23/3
f 1321/23/3 1289/22/1 1320/24/1
f 1320/24/1 1289/22/1 1288/25/1
f 1320/24/1 1288/25/1 1319/26/1
f 1319/26/1 1288/25/1 1287/27/1
f 1319/26/1 1287/27/1 1318/28/1
f 1318/28/1 1287/27/1 1317/29/3
f 1317/29/3 1287/27/1 1286/30/1
f 1317/29/3 1286/30/1 1316/31/3
f 1316/31/3 1286/30/1 1315/32/3
f 1315/32/3 1286/30/1 1285/33/1
f 1315/32/3 1285/33/1 1314/34/3
f 1314/34/3 1285/33/1 1284/35/1
f 1314/34/3 1284/35/1 1313/36/1
f 1313/36/1 1284/35/1 1312/37/1
f 1312/37/1 1284/35/1 1283/38/1
f 1312/37/1 1283/38/1 1311/39/3
f 1311/39/3 1283/38/1 1282/40/1
f 1311/39/3 1282/40/1 1310/41/99
f 1310/41/99 1282/40/1 1281/42/1
f 1310/41/99 1281/42/1 1309/43/3
f 1309/43/3 1281/42/1 1275/44/1
f 1309/43/3 1275/44/1 1274/45/1
f 1281/42/1 1280/46/1 1275/44/1
f 1275/44/1 1280/46/1 1276/47/1
f 1276/47/1 1280/46/1 1277/48/1
f 1277/48/1 1280/46/1 1279/49/3
f 1277/48/1 1279/49/3 1278/50/4
f 1274/45/1 1273/51/1 1309/43/3
f 1309/43/3 1273/51/1 1308/52/2
f 1308/52/2 1273/51/1 1272/53/1
f 1308/52/2 1272/53/1 1271/54/1
f 1308/52/2 1271/54/1 1307/55/3
f 1307/55/3 1271/54/1 1270/56/1
f 1307/55/3 1270/56/1 1306/57/1
f 1306/57/1 1270/56/1 1269/58/1
f 1306/57/1 1269/58/1 1305/59/1
f 1305/59/1 1269/58/1 1268/60/1
f 1305/59/1 1268/60/1 1304/61/1
f 1304/61/1 1268/60/1 1267/62/1
f 1304/61/1 1267/62/1 1266/63/1
f 1304/61/1 1266/63/1 1303/64/1
f 1303/64/1 1266/63/1 1265/65/1
f 1303/64/1 1265/65/1 1302/66/1
f 1302/66/1 1265/65/1 1264/67/1
f 1302/66/1 1264/67/1 1301/68/1
f 1301/68/1 1264/67/1 1263/69/1
f 1301/68/1 1263/69/1 1300/70/1
f 1300/70/1 1263/69/1 1262/71/1
f 1300/70/1 1262/71/1 1299/72/1
f 1299/72/1 1262/71/1 1261/73/1
f 1299/72/1 1261/73/1 1260/74/1
f 1299/72/1 1260/74/1 1298/75/1
f 1298/75/1 1260/74/1 1259/76/1
f 1298/75/1 1259/76/1 1297/77/1
f 1297/77/1 1259/76/1 1258/78/1
f 1297/77/1 1258/78/1 1332/79/1
f 1332/79/1 1258/78/1 1257/80/1
f 1332/79/1 1257/80/1 1331/81/1
f 1331/81/1 1257/80/1 1256/82/1
f 1331/81/1 1256/82/1 1255/83/1
f 1331/81/1 1255/83/1 1330/8/1
f 1330/8/1 1255/83/1 1254/84/1
f 1330/8/1 1254/84/1 1253/6/1
f 1334/1009/57 1371/1010/57 1333/1011/56
f 1333/1011/56 1371/1010/57 1374/1012/56
f 1333/1011/56 1374/1012/56 1368/1013/55
f 1368/1013/55 1374/1012/56 1439/1014/55
f 1368/1013/55 1439/1014/55 1367/1015/88
f 1367/1015/88 1439/1014/55 1437/1016/88
f 1367/1015/88 1437/1016/88 1366/1017/87
f 1366/1017/87 1437/1016/88 1435/1018/87
f 1366/1017/87 1435/1018/87 1365/1019/86
f 1365/1019/86 1435/1018/87 1433/1020/86
f 1365/1019/86 1433/1020/86 1364/1021/85
f 1364/1021/85 1433/1020/86 1431/1022/85
f 1364/1021/85 1431/1022/85 1363/1023/84
f 1363/1023/84 1431/1022/85 1429/1024/84
f 1363/1023/84 1429/1024/84 1362/1025/83
f 1362/1025/83 1429/1024/84 1427/1026/83
f 1362/1025/83 1427/1026/83 1361/1027/82
f 1361/1027/82 1427/1026/83 1425/1028/82
f 1361/1027/82 1425/1028/82 1360/1029/5
f 1360/1029/5 1425/1028/82 1423/1030/5
f 1360/1029/5 1423/1030/5 1359/1031/81
f 1359/1031/81 1423/1030/5 1421/1032/81
f 1359/1031/81 1421/1032/81 1358/1033/80
f 1358/1033/80 1421/1032/81 1419/1034/80
f 1358/1033/80 1419/1034/80 1357/1035/79
f 1357/1035/79 1419/1034/80 1417/1036/79
f 1357/1035/79 1417/1036/79 1356/1037/78
f 1356/1037/78 1417/1036/79 1415/1038/78
f 1356/1037/78 1415/1038/78 1355/1039/77
f 1355/1039/77 1415/1038/78 1413/1040/77
f 1355/1039/77 1413/1040/77 1354/1041/76
f 1354/1041/76 1413/1040/77 1411/1042/76
f 1354/1041/76 1411/1042/76 1353/1043/75
f 1353/1043/75 1411/1042/76 1409/1044/75
f 1353/1043/75 1409/1044/75 1352/1045/74
f 1352/1045/74 1409/1044/75 1407/1046/74
f 1352/1045/74 1407/1046/74 1351/1047/25
f 1351/1047/25 1407/1046/74 1369/1048/25
f 1351/1049/25 1369/1050/25 1350/1051/73
f 1350/1051/73 1369/1050/25 1405/1052/73
f 1350/1051/73 1405/1052/73 1349/1053/72
f 1349/1053/72 1405/1052/73 1403/1054/72
f 1349/1053/72 1403/1054/72 1348/1055/71
f 1348/1055/71 1403/1054/72 1401/1056/71
f 1348/1055/71 1401/1056/71 1347/1057/70
f 1347/1057/70 1401/1056/71 1399/1058/70
f 1347/1057/70 1399/1058/70 1346/1059/69
f 1346/1059/69 1399/1058/70 1397/1060/69
f 1346/1059/69 1397/1060/69 1345/1061/68
f 1345/1061/68 1397/1060/69 1395/1062/68
f 1345/1061/68 1395/1062/68 1344/1063/67
f 1344/1063/67 1395/1062/68 1393/1064/67
f 1344/1063/67 1393/1064/67 1343/1065/66
f 1343/1065/66 1393/1064/67 1391/1066/66
f 1343/1065/66 1391/1066/66 1342/1067/65
f 1342/1067/65 1391/1066/66 1389/1068/65
f 1342/1067/65 1389/1068/65 1341/1069/64
f 1341/1069/64 1389/1068/65 1387/1070/64
f 1341/1069/64 1387/1070/64 1340/1071/63
f 1340/1071/63 1387/1070/64 1385/1072/63
f 1340/1071/63 1385/1072/63 1339/1073/62
f 1339/1073/62 1385/1072/63 1383/1074/62
f 1339/1073/62 1383/1074/62 1338/1075/61
f 1338/1075/61 1383/1074/62 1381/1076/61
f 1338/1075/61 1381/1076/61 1337/1077/60
f 1337/1077/60 1381/1076/61 1379/1078/60
f 1337/1077/60 1379/1078/60 1336/1079/59
f 1336/1079/59 1379/1078/60 1377/1080/59
f 1336/1079/59 1377/1080/59 1335/1081/58
f 1335/1081/58 1377/1080/59 1375/1082/58
f 1335/1081/58 1375/1082/58 1334/1009/57
f 1334/1009/57 1375/1082/58 1371/1010/57
f 1332/1083/55 1440/1084/55 1297/1085/56
f 1297/1085/56 1440/1084/55 1373/1086/56
f 1297/1085/56 1373/1086/56 1298/1087/57
f 1298/1087/57 1373/1086/56 1372/1088/57
f 1298/1087/57 1372/1088/57 1299/1089/58
f 1299/1089/58 1372/1088/57 1376/1090/58
f 1299/1089/58 1376/1090/58 1300/1091/59
f 1300/1091/59 1376/1090/58 1378/1092/59
f 1300/1091/59 1378/1092/59 1301/1093/60
f 1301/1093/60 1378/1092/59 1380/1094/60
f 1301/1093/60 1380/1094/60 1302/1095/61
f 1302/1095/61 1380/1094/60 1382/1096/61
f 1302/1095/61 1382/1096/61 1303/1097/62
f 1303/1097/62 1382/1096/61 1384/1098/62
f 1303/1097/62 1384/1098/62 1304/1099/63
f 1304/1099/63 1384/1098/62 1386/1100/63
f 1304/1099/63 1386/1100/63 1305/1101/64
f 1305/1101/64 1386/1100/63 1388/1102/64
f 1305/1101/64 1388/1102/64 1306/1103/65
f 1306/1103/65 1388/1102/64 1390/1104/65
f 1306/1103/65 1390/1104/65 1307/1105/66
f 1307/1105/66 1390/1104/65 1392/1106/66
f 1307/1105/66 1392/1106/66 1308/1107/67
f 1308/1107/67 1392/1106/66 1394/1108/67
f 1308/1107/67 1394/1108/67 1309/1109/68
f 1309/1109/68 1394/1108/67 1396/1110/68
f 1309/1109/68 1396/1110/68 1310/1111/69
f 1310/1111/69 1396/1110/68 1398/1112/69
f 1310/1111/69 1398/1112/69 1311/1113/70
f 1311/1113/70 1398/1112/69 1400/1114/70
f 1311/1113/70 1400/1114/70 1312/1115/71
f 1312/1115/71 1400/1114/70 1402/1116/71
f 1312/1115/71 1402/1116/71 1313/1117/72
f 1313/1117/72 1402/1116/71 1404/1118/72
f 1313/1117/72 1404/1118/72 1314/1119/73
f 1314/1119/73 1404/1118/72 1406/1120/73
f 1314/1119/73 1406/1120/73 1315/1121/25
f 1315/1121/25 1406/1120/73 1370/1122/25
f 1315/1123/25 1370/1124/25 1316/1125/74
f 1316/1125/74 1370/1124/25 1408/1126/74
f 1316/1125/74 1408/1126/74 1317/1127/75
f 1317/1127/75 1408/1126/74 1410/1128/75
f 1317/1127/75 1410/1128/75 1318/1129/76
f 1318/1129/76 1410/1128/75 1412/1130/76
f 1318/1129/76 1412/1130/76 1319/1131/77
f 1319/1131/77 1412/1130/76 1414/1132/77
f 1319/1131/77 1414/1132/77 1320/1133/78
f 1320/1133/78 1414/1132/77 1416/1134/78
f 1320/1133/78 1416/1134/78 1321/1135/79
f 1321/1135/79 1416/1134/78 1418/1136/79
f 1321/1135/79 1418/1136/79 1322/1137/80
f 1322/1137/80 1418/1136/79 1420/1138/80
f 1322/1137/80 1420/1138/80 1323/1139/81
f 1323/1139/81 1420/1138/80 1422/1140/81
f 1323/1139/81 1422/1140/81 1324/1141/5
f 1324/1141/5 1422/1140/81 1424/1142/5
f 1324/1141/5 1424/1142/5 1325/1143/82
f 1325/1143/82 1424/1142/5 1426/1144/82
f 1325/1143/82 1426/1144/82 1326/1145/83
f 1326/1145/83 1426/1144/82 1428/1146/83
f 1326/1145/83 1428/1146/83 1327/1147/84
f 1327/1147/84 1428/1146/83 1430/1148/84
f 1327/1147/84 1430/1148/84 1328/1149/85
f 1328/1149/85 1430/1148/84 1432/1150/85
f 1328/1149/85 1432/1150/85 1329/1151/86
f 1329/1151/86 1432/1150/85 1434/1152/86
f 1329/1151/86 1434/1152/86 1330/1153/87
f 1330/1153/87 1434/1152/86 1436/1154/87
f 1330/1153/87 1436/1154/87 1331/1155/88
f 1331/1155/88 1436/1154/87 1438/1156/88
f 1331/1155/88 1438/1156/88 1332/1083/55
f 1332/1083/55 1438/1156/88 1440/1084/55
f 1369/1050/25 1370/1122/25 1405/1052/73
f 1405/1052/73 1370/1122/25 1406/1120/73
f 1405/1052/73 1406/1120/73 1403/1054/72
f 1403/1054/72 1406/1120/73 1404/1118/72
f 1403/1054/72 1404/1118/72 1401/1056/71
f 1401/1056/71 1404/1118/72 1402/1116/71
f 1401/1056/71 1402/1116/71 1399/1058/70
f 1399/1058/70 1402/1116/71 1400/1114/70
f 1399/1058/70 1400/1114/70 1397/1060/69
f 1397/1060/69 1400/1114/70 1398/1112/69
f 1397/1060/69 1398/1112/69 1395/1062/68
f 1395/1062/68 1398/1112/69 1396/1110/68
f 1395/1062/68 1396/1110/68 1393/1064/67
f 1393/1064/67 1396/1110/68 1394/1108/67
f 1393/1064/67 1394/1108/67 1391/1066/66
f 1391/1066/66 1394/1108/67 1392/1106/66
f 1391/1066/66 1392/1106/66 1389/1068/65
f 1389/1068/65 1392/1106/66 1390/1104/65
f 1389/1068/65 1390/1104/65 1387/1070/64
f 1387/1070/64 1390/1104/65 1388/1102/64
f 1387/1070/64 1388/1102/64 1385/1072/63
f 1385/1072/63 1388/1102/64 1386/1100/63
f 1385/1072/63 1386/1100/63 1383/1074/62
f 1383/1074/62 1386/1100/63 1384/1098/62
f 1383/1074/62 1384/1098/62 1381/1076/61
f 1381/1076/61 1384/1098/62 1382/1096/61
f 1381/1076/61 1382/1096/61 1379/1078/60
f 1379/1078/60 1382/1096/61 1380/1094/60
f 1379/1078/60 1380/1094/60 1377/1080/59
f 1377/1080/59 1380/1094/60 1378/1092/59
f 1377/1080/59 1378/1092/59 1375/1082/58
f 1375/1082/58 1378/1092/59 1376/1090/58
f 1375/1082/58 1376/1090/58 1371/1010/57
f 1371/1010/57 1376/1090/58 1372/1088/57
f 1371/1010/57 1372/1088/57 1374/1012/56
f 1374/1012/56 1372/1088/57 1373/1086/56
f 1374/1012/56 1373/1086/56 1439/1014/55
f 1439/1014/55 1373/1086/56 1440/1084/55
f 1439/1014/55 1440/1084/55 1437/1016/88
f 1437/1016/88 1440/1084/55 1438/1156/88
f 1437/1016/88 1438/1156/88 1435/1018/87
f 1435/1018/87 1438/1156/88 1436/1154/87
f 1435/1018/87 1436/1154/87 1433/1020/86
f 1433/1020/86 1436/1154/87 1434/1152/86
f 1433/1020/86 1434/1152/86 1431/1022/85
f 1431/1022/85 1434/1152/86 1432/1150/85
f 1431/1022/85 1432/1150/85 1429/1024/84
f 1429/1024/84 1432/1150/85 1430/1148/84
f 1429/1024/84 1430/1148/84 1427/1026/83
f 1427/1026/83 1430/1148/84 1428/1146/83
f 1427/1026/83 1428/1146/83 1425/1028/82
f 1425/1028/82 1428/1146/83 1426/1144/82
f 1425/1028/82 1426/1144/82 1423/1030/5
f 1423/1030/5 1426/1144/82 1424/1142/5
f 1423/1030/5 1424/1142/5 1421/1032/81
f 1421/1032/81 1424/1142/5 1422/1140/81
f 1421/1032/81 1422/1140/81 1419/1034/80
f 1419/1034/80 1422/1140/81 1420/1138/80
f 1419/1034/80 1420/1138/80 1417/1036/79
f 1417/1036/79 1420/1138/80 1418/1136/79
f 1417/1036/79 1418/1136/79 1415/1038/78
f 1415/1038/78 1418/1136/79 1416/1134/78
f 1415/1038/78 1416/1134/78 1413/1040/77
f 1413/1040/77 1416/1134/78 1414/1132/77
f 1413/1040/77 1414/1132/77 1411/1042/76
f 1411/1042/76 1414/1132/77 1412/1130/76
f 1411/1042/76 1412/1130/76 1409/1044/75
f 1409/1044/75 1412/1130/76 1410/1128/75
f 1409/1044/75 1410/1128/75 1407/1046/74
f 1407/1046/74 1410/1128/75 1408/1126/74
f 1407/1046/74 1408/1126/74 1369/1048/25
f 1369/1048/25 1408/1126/74 1370/1124/25
f 1442/334/89 1443/336/89 1441/333/89
f 1441/333/89 1443/336/89 1488/335/89
f 1488/335/89 1443/336/89 1444/339/89
f 1488/335/89 1444/339/89 1445/343/89
f 1446/345/89 1366/381/89 1445/343/89
f 1445/343/89 1366/381/89 1487/337/89
f 1445/343/89 1487/337/89 1488/335/89
f 1446/345/89 1447/346/89 1366/381/89
f 1366/381/89 1447/346/89 1367/382/89
f 1367/382/89 1447/346/89 1448/347/89
f 1367/382/89 1448/347/89 1449/348/89
f 1367/382/89 1449/348/89 1368/383/89
f 1368/383/89 1449/348/89 1450/349/89
f 1368/383/89 1450/349/89 1333/384/89
f 1333/384/89 1450/349/89 1451/350/89
f 1333/384/89 1451/350/89 1334/385/89
f 1334/385/89 1451/350/89 1452/351/89
f 1334/385/89 1452/351/89 1335/386/89
f 1335/386/89 1452/351/89 1453/352/89
f 1335/386/89 1453/352/89 1454/353/89
f 1335/386/89 1454/353/89 1336/387/89
f 1336/387/89 1454/353/89 1455/355/89
f 1336/387/89 1455/355/89 1337/388/89
f 1337/388/89 1455/355/89 1456/357/89
f 1337/388/89 1456/357/89 1338/389/91
f 1338/389/91 1456/357/89 1457/358/89
f 1338/389/91 1457/358/89 1339/390/91
f 1339/390/91 1457/358/89 1458/360/89
f 1339/390/91 1458/360/89 1340/391/91
f 1340/391/91 1458/360/89 1459/362/89
f 1340/391/91 1459/362/89 1460/363/89
f 1340/391/91 1460/363/89 1341/392/91
f 1341/392/91 1460/363/89 1461/365/89
f 1341/392/91 1461/365/89 1342/393/89
f 1342/393/89 1461/365/89 1462/367/89
f 1342/393/89 1462/367/89 1343/394/91
f 1343/394/91 1462/367/89 1463/368/89
f 1343/394/91 1463/368/89 1344/395/91
f 1344/395/91 1463/368/89 1464/370/89
f 1344/395/91 1464/370/89 1465/372/89
f 1344/395/91 1465/372/89 1345/396/89
f 1345/396/89 1465/372/89 1466/373/89
f 1345/396/89 1466/373/89 1467/375/89
f 1468/377/89 1472/376/89 1467/375/89
f 1467/375/89 1472/376/89 1473/374/89
f 1467/375/89 1473/374/89 1345/396/89
f 1345/396/89 1473/374/89 1346/397/89
f 1346/397/89 1473/374/89 1474/371/89
f 1346/397/89 1474/371/89 1347/398/89
f 1347/398/89 1474/371/89 1475/369/89
f 1347/398/89 1475/369/89 1348/399/89
f 1348/399/89 1475/369/89 1476/366/89
f 1348/399/89 1476/366/89 1349/400/89
f 1349/400/89 1476/366/89 1350/401/91
f 1350/401/91 1476/366/89 1477/364/89
f 1350/401/91 1477/364/89 1351/402/91
f 1351/402/91 1477/364/89 1478/361/89
f 1351/402/91 1478/361/89 1352/403/91
f 1352/403/91 1478/361/89 1353/404/89
f 1353/404/89 1478/361/89 1479/359/89
f 1353/404/89 1479/359/89 1354/405/89
f 1354/405/89 1479/359/89 1355/406/89
f 1355/406/89 1479/359/89 1480/356/89
f 1355/406/89 1480/356/89 1356/407/90
f 1356/407/90 1480/356/89 1481/354/89
f 1356/407/90 1481/354/89 1357/408/90
f 1357/408/90 1481/354/89 1358/409/89
f 1358/409/89 1481/354/89 1482/344/89
f 1358/409/89 1482/344/89 1359/410/89
f 1359/410/89 1482/344/89 1360/411/89
f 1360/411/89 1482/344/89 1483/342/89
f 1360/411/89 1483/342/89 1361/412/89
f 1361/412/89 1483/342/89 1484/341/89
f 1361/412/89 1484/341/89 1362/413/89
f 1362/413/89 1484/341/89 1363/414/89
f 1363/414/89 1484/341/89 1485/340/89
f 1363/414/89 1485/340/89 1364/415/96
f 1364/415/96 1485/340/89 1486/338/91
f 1364/415/96 1486/338/91 1365/416/90
f 1365/416/90 1486/338/91 1487/337/89
f 1365/416/90 1487/337/89 1366/381/89
f 1468/377/89 1469/378/89 1472/376/89
f 1472/376/89 1469/378/89 1471/380/89
f 1471/380/89 1469/378/89 1470/379/89
f 1489/85/5 1490/86/5 1441/87/5
f 1441/87/5 1490/86/5 1442/88/5
f 1442/127/26 1490/128/26 1443/129/27
f 1443/129/27 1490/128/26 1491/130/27
f 1443/129/27 1491/130/27 1492/131/28
f 1443/129/27 1492/131/28 1444/132/28
f 1444/132/28 1492/131/28 1493/133/29
f 1444/132/28 1493/133/29 1445/134/29
f 1445/134/29 1493/133/29 1494/135/30
f 1445/134/29 1494/135/30 1446/136/30
f 1446/136/30 1494/135/30 1495/137/31
f 1446/136/30 1495/137/31 1447/138/31
f 1447/138/31 1495/137/31 1496/139/32
f 1447/138/31 1496/139/32 1448/140/32
f 1448/140/32 1496/139/32 1497/141/33
f 1448/140/32 1497/141/33 1449/142/33
f 1449/142/33 1497/141/33 1498/143/34
f 1449/142/33 1498/143/34 1450/144/34
f 1450/144/34 1498/143/34 1499/145/35
f 1450/144/34 1499/145/35 1451/146/35
f 1451/146/35 1499/145/35 1500/147/36
f 1451/146/35 1500/147/36 1452/148/36
f 1452/148/36 1500/147/36 1501/149/37
f 1452/148/36 1501/149/37 1453/150/37
f 1453/150/37 1501/149/37 1502/151/38
f 1453/150/37 1502/151/38 1454/152/38
f 1454/152/38 1502/151/38 1503/153/39
f 1454/152/38 1503/153/39 1455/154/39
f 1455/154/39 1503/153/39 1504/155/40
f 1455/154/39 1504/155/40 1456/156/40
f 1456/156/40 1504/155/40 1505/157/41
f 1456/156/40 1505/157/41 1457/158/41
f 1457/158/41 1505/157/41 1506/159/42
f 1457/158/41 1506/159/42 1458/160/42
f 1458/160/42 1506/159/42 1507/161/43
f 1458/160/42 1507/161/43 1459/162/43
f 1459/162/43 1507/161/43 1508/163/44
f 1459/162/43 1508/163/44 1460/164/44
f 1460/164/44 1508/163/44 1509/165/45
f 1460/164/44 1509/165/45 1461/166/45
f 1461/166/45 1509/165/45 1510/167/46
f 1461/166/45 1510/167/46 1462/168/46
f 1462/168/46 1510/167/46 1511/169/47
f 1462/168/46 1511/169/47 1463/170/47
f 1463/170/47 1511/169/47 1512/171/48
f 1463/170/47 1512/171/48 1464/172/48
f 1464/172/48 1512/171/48 1513/173/49
f 1464/172/48 1513/173/49 1465/174/49
f 1465/174/49 1513/173/49 1514/175/50
f 1465/174/49 1514/175/50 1466/176/50
f 1466/176/50 1514/175/50 1515/177/51
f 1466/176/50 1515/177/51 1467/178/51
f 1467/178/51 1515/177/51 1516/179/52
f 1467/178/51 1516/179/52 1468/180/52
f 1468/180/52 1516/179/52 1517/181/53
f 1468/180/52 1517/181/53 1469/182/53
f 1469/182/53 1517/181/53 1470/183/54
f 1470/183/54 1517/181/53 1518/184/54
f 1518/85/25 1519/86/25 1470/87/25
f 1470/87/25 1519/86/25 1471/88/25
f 1471/89/6 1519/90/6 1472/91/7
f 1472/91/7 1519/90/6 1520/92/7
f 1472/91/7 1520/92/7 1521/93/8
f 1472/91/7 1521/93/8 1473/94/8
f 1473/94/8 1521/93/8 1522/95/9
f 1473/94/8 1522/95/9 1474/96/9
f 1474/96/9 1522/95/9 1523/97/10
f 1474/96/9 1523/97/10 1475/98/10
f 1475/98/10 1523/97/10 1524/99/11
f 1475/98/10 1524/99/11 1476/100/11
f 1476/100/11 1524/99/11 1525/101/12
f 1476/100/11 1525/101/12 1477/102/12
f 1477/102/12 1525/101/12 1526/103/13
f 1477/102/12 1526/103/13 1478/104/13
f 1478/104/13 1526/103/13 1527/105/14
f 1478/104/13 1527/105/14 1479/106/14
f 1479/106/14 1527/105/14 1528/107/15
f 1479/106/14 1528/107/15 1480/108/15
f 1480/108/15 1528/107/15 1529/109/16
f 1480/108/15 1529/109/16 1481/110/16
f 1481/110/16 1529/109/16 1530/111/17
f 1481/110/16 1530/111/17 1482/112/17
f 1482/112/17 1530/111/17 1531/113/18
f 1482/112/17 1531/113/18 1483/114/18
f 1483/114/18 1531/113/18 1532/115/19
f 1483/114/18 1532/115/19 1484/116/19
f 1484/116/19 1532/115/19 1533/117/20
f 1484/116/19 1533/117/20 1485/118/20
f 1485/118/20 1533/117/20 1534/119/21
f 1485/118/20 1534/119/21 1486/120/21
f 1486/120/21 1534/119/21 1535/121/22
f 1486/120/21 1535/121/22 1487/122/22
f 1487/122/22 1535/121/22 1536/123/23
f 1487/122/22 1536/123/23 1488/124/23
f 1488/124/23 1536/123/23 1441/125/24
f 1441/125/24 1536/123/23 1489/126/24
f 1490/1/1 1489/2/1 1491/3/1
f 1491/3/1 1489/2/1 1536/4/1
f 1491/3/1 1536/4/1 1492/5/1
f 1492/5/1 1536/4/1 1493/6/1
f 1493/6/1 1536/4/1 1535/7/1
f 1493/6/1 1535/7/1 1570/8/1
f 1570/8/1 1535/7/1 1569/9/1
f 1569/9/1 1535/7/1 1534/10/1
f 1569/9/1 1534/10/1 1568/11/1
f 1568/11/1 1534/10/1 1533/12/1
f 1568/11/1 1533/12/1 1567/13/100
f 1567/13/100 1533/12/1 1532/14/1
f 1567/13/100 1532/14/1 1566/15/1
f 1566/15/1 1532/14/1 1565/16/1
f 1565/16/1 1532/14/1 1531/17/1
f 1565/16/1 1531/17/1 1564/18/1
f 1564/18/1 1531/17/1 1530/19/1
f 1564/18/1 1530/19/1 1563/20/1
f 1563/20/1 1530/19/1 1562/21/3
f 1562/21/3 1530/19/1 1529/22/1
f 1562/21/3 1529/22/1 1561/23/3
f 1561/23/3 1529/22/1 1560/24/4
f 1560/24/4 1529/22/1 1528/25/1
f 1560/24/4 1528/25/1 1559/26/4
f 1559/26/4 1528/25/1 1527/27/1
f 1559/26/4 1527/27/1 1558/28/3
f 1558/28/3 1527/27/1 1557/29/3
f 1557/29/3 1527/27/1 1526/30/1
f 1557/29/3 1526/30/1 1556/31/1
f 1556/31/1 1526/30/1 1555/32/1
f 1555/32/1 1526/30/1 1525/33/1
f 1555/32/1 1525/33/1 1554/34/3
f 1554/34/3 1525/33/1 1524/35/1
f 1554/34/3 1524/35/1 1553/36/1
f 1553/36/1 1524/35/1 1552/37/1
f 1552/37/1 1524/35/1 1523/38/1
f 1552/37/1 1523/38/1 1551/39/1
f 1551/39/1 1523/38/1 1522/40/1
f 1551/39/1 1522/40/1 1550/41/99
f 1550/41/99 1522/40/1 1521/42/1
f 1550/41/99 1521/42/1 1549/43/3
f 1549/43/3 1521/42/1 1515/44/1
f 1549/43/3 1515/44/1 1514/45/1
f 1521/42/1 1520/46/1 1515/44/1
f 1515/44/1 1520/46/1 1516/47/1
f 1516/47/1 1520/46/1 1517/48/1
f 1517/48/1 1520/46/1 1519/49/1
f 1517/48/1 1519/49/1 1518/50/3
f 1514/45/1 1513/51/1 1549/43/3
f 1549/43/3 1513/51/1 1548/52/2
f 1548/52/2 1513/51/1 1512/53/1
f 1548/52/2 1512/53/1 1511/54/1
f 1548/52/2 1511/54/1 1547/55/3
f 1547/55/3 1511/54/1 1510/56/1
f 1547/55/3 1510/56/1 1546/57/1
f 1546/57/1 1510/56/1 1509/58/1
f 1546/57/1 1509/58/1 1545/59/1
f 1545/59/1 1509/58/1 1508/60/1
f 1545/59/1 1508/60/1 1544/61/4
f 1544/61/4 1508/60/1 1507/62/1
f 1544/61/4 1507/62/1 1506/63/1
f 1544/61/4 1506/63/1 1543/64/1
f 1543/64/1 1506/63/1 1505/65/1
f 1543/64/1 1505/65/1 1542/66/2
f 1542/66/2 1505/65/1 1504/67/1
f 1542/66/2 1504/67/1 1541/68/3
f 1541/68/3 1504/67/1 1503/69/1
f 1541/68/3 1503/69/1 1540/70/1
f 1540/70/1 1503/69/1 1502/71/1
f 1540/70/1 1502/71/1 1539/72/1
f 1539/72/1 1502/71/1 1501/73/1
f 1539/72/1 1501/73/1 1500/74/1
f 1539/72/1 1500/74/1 1538/75/1
f 1538/75/1 1500/74/1 1499/76/1
f 1538/75/1 1499/76/1 1537/77/1
f 1537/77/1 1499/76/1 1498/78/1
f 1537/77/1 1498/78/1 1572/79/1
f 1572/79/1 1498/78/1 1497/80/1
f 1572/79/1 1497/80/1 1571/81/1
f 1571/81/1 1497/80/1 1496/82/1
f 1571/81/1 1496/82/1 1495/83/1
f 1571/81/1 1495/83/1 1570/8/1
f 1570/8/1 1495/83/1 1494/84/1
f 1570/8/1 1494/84/1 1493/6/1
f 1574/1157/57 1611/1158/57 1573/1159/56
f 1573/1159/56 1611/1158/57 1614/1160/56
f 1573/1159/56 1614/1160/56 1608/1161/55
f 1608/1161/55 1614/1160/56 1679/1162/55
f 1608/1161/55 1679/1162/55 1607/1163/88
f 1607/1163/88 1679/1162/55 1677/1164/88
f 1607/1163/88 1677/1164/88 1606/1165/87
f 1606/1165/87 1677/1164/88 1675/1166/87
f 1606/1165/87 1675/1166/87 1605/1167/86
f 1605/1167/86 1675/1166/87 1673/1168/86
f 1605/1167/86 1673/1168/86 1604/1169/85
f 1604/1169/85 1673/1168/86 1671/1170/85
f 1604/1169/85 1671/1170/85 1603/1171/84
f 1603/1171/84 1671/1170/85 1669/1172/84
f 1603/1171/84 1669/1172/84 1602/1173/83
f 1602/1173/83 1669/1172/84 1667/1174/83
f 1602/1173/83 1667/1174/83 1601/1175/82
f 1601/1175/82 1667/1174/83 1665/1176/82
f 1601/1175/82 1665/1176/82 1600/1177/5
f 1600/1177/5 1665/1176/82 1663/1178/5
f 1600/1177/5 1663/1178/5 1599/1179/81
f 1599/1179/81 1663/1178/5 1661/1180/81
f 1599/1179/81 1661/1180/81 1598/1181/80
f 1598/1181/80 1661/1180/81 1659/1182/80
f 1598/1181/80 1659/1182/80 1597/1183/79
f 1597/1183/79 1659/1182/80 1657/1184/79
f 1597/1183/79 1657/1184/79 1596/1185/78
f 1596/1185/78 1657/1184/79 1655/1186/78
f 1596/1185/78 1655/1186/78 1595/1187/77
f 1595/1187/77 1655/1186/78 1653/1188/77
f 1595/1187/77 1653/1188/77 1594/1189/76
f 1594/1189/76 1653/1188/77 1651/1190/76
f 1594/1189/76 1651/1190/76 1593/1191/75
f 1593/1191/75 1651/1190/76 1649/1192/75
f 1593/1191/75 1649/1192/75 1592/1193/74
f 1592/1193/74 1649/1192/75 1647/1194/74
f 1592/1193/74 1647/1194/74 1591/1195/25
f 1591/1195/25 1647/1194/74 1609/1196/25
f 1591/1197/25 1609/1198/25 1590/1199/73
f 1590/1199/73 1609/1198/25 1645/1200/73
f 1590/1199/73 1645/1200/73 1589/1201/72
f 1589/1201/72 1645/1200/73 1643/1202/72
f 1589/1201/72 1643/1202/72 1588/1203/71
f 1588/1203/71 1643/1202/72 1641/1204/71
f 1588/1203/71 1641/1204/71 1587/1205/70
f 1587/1205/70 1641/1204/71 1639/1206/70
f 1587/1205/70 1639/1206/70 1586/1207/69
f 1586/1207/69 1639/1206/70 1637/1208/69
f 1586/1207/69 1637/1208/69 1585/1209/68
f 1585/1209/68 1637/1208/69 1635/1210/68
f 1585/1209/68 1635/1210/68 1584/1211/67
f 1584/1211/67 1635/1210/68 1633/1212/67
f 1584/1211/67 1633/1212/67 1583/1213/66
f 1583/1213/66 1633/1212/67 1631/1214/66
f 1583/1213/66 1631/1214/66 1582/1215/65
f 1582/1215/65 1631/1214/66 1629/1216/65
f 1582/1215/65 1629/1216/65 1581/1217/64
f 1581/1217/64 1629/1216/65 1627/1218/64
f 1581/1217/64 1627/1218/64 1580/1219/63
f 1580/1219/63 1627/1218/64 1625/1220/63
f 1580/1219/63 1625/1220/63 1579/1221/62
f 1579/1221/62 1625/1220/63 1623/1222/62
f 1579/1221/62 1623/1222/62 1578/1223/61
f 1578/1223/61 1623/1222/62 1621/1224/61
f 1578/1223/61 1621/1224/61 1577/1225/60
f 1577/1225/60 1621/1224/61 1619/1226/60
f 1577/1225/60 1619/1226/60 1576/1227/59
f 1576/1227/59 1619/1226/60 1617/1228/59
f 1576/1227/59 1617/1228/59 1575/1229/58
f 1575/1229/58 1617/1228/59 1615/1230/58
f 1575/1229/58 1615/1230/58 1574/1157/57
f 1574/1157/57 1615/1230/58 1611/1158/57
f 1572/1231/55 1680/1232/55 1537/1233/56
f 1537/1233/56 1680/1232/55 1613/1234/56
f 1537/1233/56 1613/1234/56 1538/1235/57
f 1538/1235/57 1613/1234/56 1612/1236/57
f 1538/1235/57 1612/1236/57 1539/1237/58
f 1539/1237/58 1612/1236/57 1616/1238/58
f 1539/1237/58 1616/1238/58 1540/1239/59
f 1540/1239/59 1616/1238/58 1618/1240/59
f 1540/1239/59 1618/1240/59 1541/1241/60
f 1541/1241/60 1618/1240/59 1620/1242/60
f 1541/1241/60 1620/1242/60 1542/1243/61
f 1542/1243/61 1620/1242/60 1622/1244/61
f 1542/1243/61 1622/1244/61 1543/1245/62
f 1543/1245/62 1622/1244/61 1624/1246/62
f 1543/1245/62 1624/1246/62 1544/1247/63
f 1544/1247/63 1624/1246/62 1626/1248/63
f 1544/1247/63 1626/1248/63 1545/1249/64
f 1545/1249/64 1626/1248/63 1628/1250/64
f 1545/1249/64 1628/1250/64 1546/1251/65
f 1546/1251/65 1628/1250/64 1630/1252/65
f 1546/1251/65 1630/1252/65 1547/1253/66
f 1547/1253/66 1630/1252/65 1632/1254/66
f 1547/1253/66 1632/1254/66 1548/1255/67
f 1548/1255/67 1632/1254/66 1634/1256/67
f 1548/1255/67 1634/1256/67 1549/1257/68
f 1549/1257/68 1634/1256/67 1636/1258/68
f 1549/1257/68 1636/1258/68 1550/1259/69
f 1550/1259/69 1636/1258/68 1638/1260/69
f 1550/1259/69 1638/1260/69 1551/1261/70
f 1551/1261/70 1638/1260/69 1640/1262/70
f 1551/1261/70 1640/1262/70 1552/1263/71
f 1552/1263/71 1640/1262/70 1642/1264/71
f 1552/1263/71 1642/1264/71 1553/1265/72
f 1553/1265/72 1642/1264/71 1644/1266/72
f 1553/1265/72 1644/1266/72 1554/1267/73
f 1554/1267/73 1644/1266/72 1646/1268/73
f 1554/1267/73 1646/1268/73 1555/1269/25
f 1555/1269/25 1646/1268/73 1610/1270/25
f 1555/1271/25 1610/1272/25 1556/1273/74
f 1556/1273/74 1610/1272/25 1648/1274/74
f 1556/1273/74 1648/1274/74 1557/1275/75
f 1557/1275/75 1648/1274/74 1650/1276/75
f 1557/1275/75 1650/1276/75 1558/1277/76
f 1558/1277/76 1650/1276/75 1652/1278/76
f 1558/1277/76 1652/1278/76 1559/1279/77
f 1559/1279/77 1652/1278/76 1654/1280/77
f 1559/1279/77 1654/1280/77 1560/1281/78
f 1560/1281/78 1654/1280/77 1656/1282/78
f 1560/1281/78 1656/1282/78 1561/1283/79
f 1561/1283/79 1656/1282/78 1658/1284/79
f 1561/1283/79 1658/1284/79 1562/1285/80
f 1562/1285/80 1658/1284/79 1660/1286/80
f 1562/1285/80 1660/1286/80 1563/1287/81
f 1563/1287/81 1660/1286/80 1662/1288/81
f 1563/1287/81 1662/1288/81 1564/1289/5
f 1564/1289/5 1662/1288/81 1664/1290/5
f 1564/1289/5 1664/1290/5 1565/1291/82
f 1565/1291/82 1664/1290/5 1666/1292/82
f 1565/1291/82 1666/1292/82 1566/1293/83
f 1566/1293/83 1666/1292/82 1668/1294/83
f 1566/1293/83 1668/1294/83 1567/1295/84
f 1567/1295/84 1668/1294/83 1670/1296/84
f 1567/1295/84 1670/1296/84 1568/1297/85
f 1568/1297/85 1670/1296/84 1672/1298/85
f 1568/1297/85 1672/1298/85 1569/1299/86
f 1569/1299/86 1672/1298/85 1674/1300/86
f 1569/1299/86 1674/1300/86 1570/1301/87
f 1570/1301/87 1674/1300/86 1676/1302/87
f 1570/1301/87 1676/1302/87 1571/1303/88
f 1571/1303/88 1676/1302/87 1678/1304/88
f 1571/1303/88 1678/1304/88 1572/1231/55
f 1572/1231/55 1678/1304/88 1680/1232/55
f 1609/1198/25 1610/1270/25 1645/1200/73
f 1645/1200/73 1610/1270/25 1646/1268/73
f 1645/1200/73 1646/1268/73 1643/1202/72
f 1643/1202/72 1646/1268/73 1644/1266/72
f 1643/1202/72 1644/1266/72 1641/1204/71
f 1641/1204/71 1644/1266/72 1642/1264/71
f 1641/1204/71 1642/1264/71 1639/1206/70
f 1639/1206/70 1642/1264/71 1640/1262/70
f 1639/1206/70 1640/1262/70 1637/1208/69
f 1637/1208/69 1640/1262/70 1638/1260/69
f 1637/1208/69 1638/1260/69 1635/1210/68
f 1635/1210/68 1638/1260/69 1636/1258/68
f 1635/1210/68 1636/1258/68 1633/1212/67
f 1633/1212/67 1636/1258/68 1634/1256/67
f 1633/1212/67 1634/1256/67 1631/1214/66
f 1631/1214/66 1634/1256/67 1632/1254/66
f 1631/1214/66 1632/1254/66 1629/1216/65
f 1629/1216/65 1632/1254/66 1630/1252/65
f 1629/1216/65 1630/1252/65 1627/1218/64
f 1627/1218/64 1630/1252/65 1628/1250/64
f 1627/1218/64 1628/1250/64 1625/1220/63
f 1625/1220/63 1628/1250/64 1626/1248/63
f 1625/1220/63 1626/1248/63 1623/1222/62
f 1623/1222/62 1626/1248/63 1624/1246/62
f 1623/1222/62 1624/1246/62 1621/1224/61
f 1621/1224/61 1624/1246/62 1622/1244/61
f 1621/1224/61 1622/1244/61 1619/1226/60
f 1619/1226/60 1622/1244/61 1620/1242/60
f 1619/1226/60 1620/1242/60 1617/1228/59
f 1617/1228/59 1620/1242/60 1618/1240/59
f 1617/1228/59 1618/1240/59 1615/1230/58
f 1615/1230/58 1618/1240/59 1616/1238/58
f 1615/1230/58 1616/1238/58 1611/1158/57
f 1611/1158/57 1616/1238/58 1612/1236/57
f 1611/1158/57 1612/1236/57 1614/1160/56
f 1614/1160/56 1612/1236/57 1613/1234/56
f 1614/1160/56 1613/1234/56 1679/1162/55
f 1679/1162/55 1613/1234/56 1680/1232/55
f 1679/1162/55 1680/1232/55 1677/1164/88
f 1677/1164/88 1680/1232/55 1678/1304/88
f 1677/1164/88 1678/1304/88 1675/1166/87
f 1675/1166/87 1678/1304/88 1676/1302/87
f 1675/1166/87 1676/1302/87 1673/1168/86
f 1673/1168/86 1676/1302/87 1674/1300/86
f 1673/1168/86 1674/1300/86 1671/1170/85
f 1671/1170/85 1674/1300/86 1672/1298/85
f 1671/1170/85 1672/1298/85 1669/1172/84
f 1669/1172/84 1672/1298/85 1670/1296/84
f 1669/1172/84 1670/1296/84 1667/1174/83
f 1667/1174/83 1670/1296/84 1668/1294/83
f 1667/1174/83 1668/1294/83 1665/1176/82
f 1665/1176/82 1668/1294/83 1666/1292/82
f 1665/1176/82 1666/1292/82 1663/1178/5
f 1663/1178/5 1666/1292/82 1664/1290/5
f 1663/1178/5 1664/1290/5 1661/1180/81
f 1661/1180/81 1664/1290/5 1662/1288/81
f 1661/1180/81 1662/1288/81 1659/1182/80
f 1659/1182/80 1662/1288/81 1660/1286/80
f 1659/1182/80 1660/1286/80 1657/1184/79
f 1657/1184/79 1660/1286/80 1658/1284/79
f 1657/1184/79 1658/1284/79 1655/1186/78
f 1655/1186/78 1658/1284/79 1656/1282/78
f 1655/1186/78 1656/1282/78 1653/1188/77
f 1653/1188/77 1656/1282/78 1654/1280/77
f 1653/1188/77 1654/1280/77 1651/1190/76
f 1651/1190/76 1654/1280/77 1652/1278/76
f 1651/1190/76 1652/1278/76 1649/1192/75
f 1649/1192/75 1652/1278/76 1650/1276/75
f 1649/1192/75 1650/1276/75 1647/1194/74
f 1647/1194/74 1650/1276/75 1648/1274/74
f 1647/1194/74 1648/1274/74 1609/1196/25
f 1609/1196/25 1648/1274/74 1610/1272/25
f 1682/334/89 1683/336/89 1681/333/89
f 1681/333/89 1683/336/89 1728/335/89
f 1728/335/89 1683/336/89 1684/339/89
f 1728/335/89 1684/339/89 1685/343/89
f 1686/345/89 1606/381/89 1685/343/89
f 1685/343/89 1606/381/89 1727/337/89
f 1685/343/89 1727/337/89 1728/335/89
f 1686/345/89 1687/346/89 1606/381/89
f 1606/381/89 1687/346/89 1607/382/89
f 1607/382/89 1687/346/89 1688/347/89
f 1607/382/89 1688/347/89 1689/348/89
f 1607/382/89 1689/348/89 1608/383/89
f 1608/383/89 1689/348/89 1690/349/89
f 1608/383/89 1690/349/89 1573/384/89
f 1573/384/89 1690/349/89 1691/350/89
f 1573/384/89 1691/350/89 1574/385/89
f 1574/385/89 1691/350/89 1692/351/89
f 1574/385/89 1692/351/89 1575/386/89
f 1575/386/89 1692/351/89 1693/352/89
f 1575/386/89 1693/352/89 1694/353/89
f 1575/386/89 1694/353/89 1576/387/89
f 1576/387/89 1694/353/89 1695/355/89
f 1576/387/89 1695/355/89 1577/388/89
f 1577/388/89 1695/355/89 1696/357/89
f 1577/388/89 1696/357/89 1578/389/89
f 1578/389/89 1696/357/89 1697/358/89
f 1578/389/89 1697/358/89 1579/390/89
f 1579/390/89 1697/358/89 1698/360/89
f 1579/390/89 1698/360/89 1580/391/89
f 1580/391/89 1698/360/89 1699/362/89
f 1580/391/89 1699/362/89 1700/363/89
f 1580/391/89 1700/363/89 1581/392/89
f 1581/392/89 1700/363/89 1701/365/89
f 1581/392/89 1701/365/89 1582/393/89
f 1582/393/89 1701/365/89 1702/367/89
f 1582/393/89 1702/367/89 1583/394/91
f 1583/394/91 1702/367/89 1703/368/89
f 1583/394/91 1703/368/89 1584/395/92
f 1584/395/92 1703/368/89 1704/370/89
f 1584/395/92 1704/370/89 1705/372/89
f 1584/395/92 1705/372/89 1585/396/91
f 1585/396/91 1705/372/89 1706/373/89
f 1585/396/91 1706/373/89 1707/375/89
f 1708/377/89 1712/376/89 1707/375/89
f 1707/375/89 1712/376/89 1713/374/89
f 1707/375/89 1713/374/89 1585/396/91
f 1585/396/91 1713/374/89 1586/397/89
f 1586/397/89 1713/374/89 1714/371/89
f 1586/397/89 1714/371/89 1587/398/91
f 1587/398/91 1714/371/89 1715/369/89
f 1587/398/91 1715/369/89 1588/399/91
f 1588/399/91 1715/369/89 1716/366/89
f 1588/399/91 1716/366/89 1589/400/89
f 1589/400/89 1716/366/89 1590/401/91
f 1590/401/91 1716/366/89 1717/364/89
f 1590/401/91 1717/364/89 1591/402/89
f 1591/402/89 1717/364/89 1718/361/89
f 1591/402/89 1718/361/89 1592/403/89
f 1592/403/89 1718/361/89 1593/404/89
f 1593/404/89 1718/361/89 1719/359/89
f 1593/404/89 1719/359/89 1594/405/90
f 1594/405/90 1719/359/89 1595/406/91
f 1595/406/91 1719/359/89 1720/356/89
f 1595/406/91 1720/356/89 1596/407/91
f 1596/407/91 1720/356/89 1721/354/89
f 1596/407/91 1721/354/89 1597/408/91
f 1597/408/91 1721/354/89 1598/409/91
f 1598/409/91 1721/354/89 1722/344/89
f 1598/409/91 1722/344/89 1599/410/89
f 1599/410/89 1722/344/89 1600/411/89
f 1600/411/89 1722/344/89 1723/342/89
f 1600/411/89 1723/342/89 1601/412/91
f 1601/412/91 1723/342/89 1724/341/89
f 1601/412/91 1724/341/89 1602/413/91
f 1602/413/91 1724/341/89 1603/414/89
f 1603/414/89 1724/341/89 1725/340/89
f 1603/414/89 1725/340/89 1604/415/89
f 1604/415/89 1725/340/89 1726/338/89
f 1604/415/89 1726/338/89 1605/416/89
f 1605/416/89 1726/338/89 1727/337/89
f 1605/416/89 1727/337/89 1606/381/89
f 1708/377/89 1709/378/89 1712/376/89
f 1712/376/89 1709/378/89 1711/380/91
f 1711/380/91 1709/378/89 1710/379/89
f 1729/85/5 1730/86/5 1681/87/5
f 1681/87/5 1730/86/5 1682/88/5
f 1682/127/26 1730/128/26 1683/129/27
f 1683/129/27 1730/128/26 1731/130/27
f 1683/129/27 1731/130/27 1732/131/28
f 1683/129/27 1732/131/28 1684/132/28
f 1684/132/28 1732/131/28 1733/133/29
f 1684/132/28 1733/133/29 1685/134/29
f 1685/134/29 1733/133/29 1734/135/30
f 1685/134/29 1734/135/30 1686/136/30
f 1686/136/30 1734/135/30 1735/137/31
f 1686/136/30 1735/137/31 1687/138/31
f 1687/138/31 1735/137/31 1736/139/32
f 1687/138/31 1736/139/32 1688/140/32
f 1688/140/32 1736/139/32 1737/141/33
f 1688/140/32 1737/141/33 1689/142/33
f 1689/142/33 1737/141/33 1738/143/34
f 1689/142/33 1738/143/34 1690/144/34
f 1690/144/34 1738/143/34 1739/145/35
f 1690/144/34 1739/145/35 1691/146/35
f 1691/146/35 1739/145/35 1740/147/36
f 1691/146/35 1740/147/36 1692/148/36
f 1692/148/36 1740/147/36 1741/149/37
f 1692/148/36 1741/149/37 1693/150/37
f 1693/150/37 1741/149/37 1742/151/38
f 1693/150/37 1742/151/38 1694/152/38
f 1694/152/38 1742/151/38 1743/153/39
f 1694/152/38 1743/153/39 1695/154/39
f 1695/154/39 1743/153/39 1744/155/40
f 1695/154/39 1744/155/40 1696/156/40
f 1696/156/40 1744/155/40 1745/157/41
f 1696/156/40 1745/157/41 1697/158/41
f 1697/158/41 1745/157/41 1746/159/42
f 1697/158/41 1746/159/42 1698/160/42
f 1698/160/42 1746/159/42 1747/161/43
f 1698/160/42 1747/161/43 1699/162/43
f 1699/162/43 1747/161/43 1748/163/44
f 1699/162/43 1748/163/44 1700/164/44
f 1700/164/44 1748/163/44 1749/165/45
f 1700/164/44 1749/165/45 1701/166/45
f 1701/166/45 1749/165/45 1750/167/46
f 1701/166/45 1750/167/46 1702/168/46
f 1702/168/46 1750/167/46 1751/169/47
f 1702/168/46 1751/169/47 1703/170/47
f 1703/170/47 1751/169/47 1752/171/48
f 1703/170/47 1752/171/48 1704/172/48
f 1704/172/48 1752/171/48 1753/173/49
f 1704/172/48 1753/173/49 1705/174/49
f 1705/174/49 1753/173/49 1754/175/50
f 1705/174/49 1754/175/50 1706/176/50
f 1706/176/50 1754/175/50 1755/177/51
f 1706/176/50 1755/177/51 1707/178/51
f 1707/178/51 1755/177/51 1756/179/52
f 1707/178/51 1756/179/52 1708/180/52
f 1708/180/52 1756/179/52 1757/181/53
f 1708/180/52 1757/181/53 1709/182/53
f 1709/182/53 1757/181/53 1710/183/54
f 1710/183/54 1757/181/53 1758/184/54
f 1758/85/25 1759/86/25 1710/87/25
f 1710/87/25 1759/86/25 1711/88/25
f 1711/89/6 1759/90/6 1712/91/7
f 1712/91/7 1759/90/6 1760/92/7
f 1712/91/7 1760/92/7 1761/93/8
f 1712/91/7 1761/93/8 1713/94/8
f 1713/94/8 1761/93/8 1762/95/9
f 1713/94/8 1762/95/9 1714/96/9
f 1714/96/9 1762/95/9 1763/97/10
f 1714/96/9 1763/97/10 1715/98/10
f 1715/98/10 1763/97/10 1764/99/11
f 1715/98/10 1764/99/11 1716/100/11
f 1716/100/11 1764/99/11 1765/101/12
f 1716/100/11 1765/101/12 1717/102/12
f 1717/102/12 1765/101/12 1766/103/13
f 1717/102/12 1766/103/13 1718/104/13
f 1718/104/13 1766/103/13 1767/105/14
f 1718/104/13 1767/105/14 1719/106/14
f 1719/106/14 1767/105/14 1768/107/15
f 1719/106/14 1768/107/15 1720/108/15
f 1720/108/15 1768/107/15 1769/109/16
f 1720/108/15 1769/109/16 1721/110/16
f 1721/110/16 1769/109/16 1770/111/17
f 1721/110/16 1770/111/17 1722/112/17
f 1722/112/17 1770/111/17 1771/113/18
f 1722/112/17 1771/113/18 1723/114/18
f 1723/114/18 1771/113/18 1772/115/19
f 1723/114/18 1772/115/19 1724/116/19
f 1724/116/19 1772/115/19 1773/117/20
f 1724/116/19 1773/117/20 1725/118/20
f 1725/118/20 1773/117/20 1774/119/21
f 1725/118/20 1774/119/21 1726/120/21
f 1726/120/21 1774/119/21 1775/121/22
f 1726/120/21 1775/121/22 1727/122/22
f 1727/122/22 1775/121/22 1776/123/23
f 1727/122/22 1776/123/23 1728/124/23
f 1728/124/23 1776/123/23 1681/125/24
f 1681/125/24 1776/123/23 1729/126/24
f 1730/1/1 1729/2/1 1731/3/1
f 1731/3/1 1729/2/1 1776/4/1
f 1731/3/1 1776/4/1 1732/5/1
f 1732/5/1 1776/4/1 1733/6/1
f 1733/6/1 1776/4/1 1775/7/1
f 1733/6/1 1775/7/1 1810/8/3
f 1810/8/3 1775/7/1 1809/9/94
f 1809/9/94 1775/7/1 1774/10/4
f 1809/9/94 1774/10/4 1808/11/1
f 1808/11/1 1774/10/4 1773/12/1
f 1808/11/1 1773/12/1 1807/13/1
f 1807/13/1 1773/12/1 1772/14/4
f 1807/13/1 1772/14/4 1806/15/2
f 1806/15/2 1772/14/4 1805/16/1
f 1805/16/1 1772/14/4 1771/17/1
f 1805/16/1 1771/17/1 1804/18/1
f 1804/18/1 1771/17/1 1770/19/1
f 1804/18/1 1770/19/1 1803/20/1
f 1803/20/1 1770/19/1 1802/21/1
f 1802/21/1 1770/19/1 1769/22/3
f 1802/21/1 1769/22/3 1801/23/4
f 1801/23/4 1769/22/3 1800/24/4
f 1800/24/4 1769/22/3 1768/25/1
f 1800/24/4 1768/25/1 1799/26/1
f 1799/26/1 1768/25/1 1767/27/1
f 1799/26/1 1767/27/1 1798/28/1
f 1798/28/1 1767/27/1 1797/29/1
f 1797/29/1 1767/27/1 1766/30/1
f 1797/29/1 1766/30/1 1796/31/1
f 1796/31/1 1766/30/1 1795/32/1
f 1795/32/1 1766/30/1 1765/33/1
f 1795/32/1 1765/33/1 1794/34/3
f 1794/34/3 1765/33/1 1764/35/1
f 1794/34/3 1764/35/1 1793/36/1
f 1793/36/1 1764/35/1 1792/37/1
f 1792/37/1 1764/35/1 1763/38/1
f 1792/37/1 1763/38/1 1791/39/3
f 1791/39/3 1763/38/1 1762/40/1
f 1791/39/3 1762/40/1 1790/41/4
f 1790/41/4 1762/40/1 1761/42/1
f 1790/41/4 1761/42/1 1789/43/1
f 1789/43/1 1761/42/1 1755/44/1
f 1789/43/1 1755/44/1 1754/45/1
f 1761/42/1 1760/46/1 1755/44/1
f 1755/44/1 1760/46/1 1756/47/1
f 1756/47/1 1760/46/1 1757/48/1
f 1757/48/1 1760/46/1 1759/49/3
f 1757/48/1 1759/49/3 1758/50/1
f 1754/45/1 1753/51/1 1789/43/1
f 1789/43/1 1753/51/1 1788/52/2
f 1788/52/2 1753/51/1 1752/53/1
f 1788/52/2 1752/53/1 1751/54/1
f 1788/52/2 1751/54/1 1787/55/3
f 1787/55/3 1751/54/1 1750/56/1
f 1787/55/3 1750/56/1 1786/57/1
f 1786/57/1 1750/56/1 1749/58/1
f 1786/57/1 1749/58/1 1785/59/3
f 1785/59/3 1749/58/1 1748/60/1
f 1785/59/3 1748/60/1 1784/61/3
f 1784/61/3 1748/60/1 1747/62/1
f 1784/61/3 1747/62/1 1746/63/1
f 1784/61/3 1746/63/1 1783/64/1
f 1783/64/1 1746/63/1 1745/65/1
f 1783/64/1 1745/65/1 1782/66/1
f 1782/66/1 1745/65/1 1744/67/1
f 1782/66/1 1744/67/1 1781/68/4
f 1781/68/4 1744/67/1 1743/69/1
f 1781/68/4 1743/69/1 1780/70/4
f 1780/70/4 1743/69/1 1742/71/1
f 1780/70/4 1742/71/1 1779/72/1
f 1779/72/1 1742/71/1 1741/73/1
f 1779/72/1 1741/73/1 1740/74/1
f 1779/72/1 1740/74/1 1778/75/1
f 1778/75/1 1740/74/1 1739/76/1
f 1778/75/1 1739/76/1 1777/77/1
f 1777/77/1 1739/76/1 1738/78/1
f 1777/77/1 1738/78/1 1812/79/1
f 1812/79/1 1738/78/1 1737/80/1
f 1812/79/1 1737/80/1 1811/81/1
f 1811/81/1 1737/80/1 1736/82/1
f 1811/81/1 1736/82/1 1735/83/1
f 1811/81/1 1735/83/1 1810/8/3
f 1810/8/3 1735/83/1 1734/84/1
f 1810/8/3 1734/84/1 1733/6/1
f 1814/1305/57 1851/1306/57 1813/1307/56
f 1813/1307/56 1851/1306/57 1854/1308/56
f 1813/1307/56 1854/1308/56 1848/1309/55
f 1848/1309/55 1854/1308/56 1919/1310/55
f 1848/1309/55 1919/1310/55 1847/1311/88
f 1847/1311/88 1919/1310/55 1917/1312/88
f 1847/1311/88 1917/1312/88 1846/1313/87
f 1846/1313/87 1917/1312/88 1915/1314/87
f 1846/1313/87 1915/1314/87 1845/1315/86
f 1845/1315/86 1915/1314/87 1913/1316/86
f 1845/1315/86 1913/1316/86 1844/1317/85
f 1844/1317/85 1913/1316/86 1911/1318/85
f 1844/1317/85 1911/1318/85 1843/1319/84
f 1843/1319/84 1911/1318/85 1909/1320/84
f 1843/1319/84 1909/1320/84 1842/1321/83
f 1842/1321/83 1909/1320/84 1907/1322/83
f 1842/1321/83 1907/1322/83 1841/1323/82
f 1841/1323/82 1907/1322/83 1905/1324/82
f 1841/1323/82 1905/1324/82 1840/1325/5
f 1840/1325/5 1905/1324/82 1903/1326/5
f 1840/1325/5 1903/1326/5 1839/1327/81
f 1839/1327/81 1903/1326/5 1901/1328/81
f 1839/1327/81 1901/1328/81 1838/1329/80
f 1838/1329/80 1901/1328/81 1899/1330/80
f 1838/1329/80 1899/1330/80 1837/1331/79
f 1837/1331/79 1899/1330/80 1897/1332/79
f 1837/1331/79 1897/1332/79 1836/1333/78
f 1836/1333/78 1897/1332/79 1895/1334/78
f 1836/1333/78 1895/1334/78 1835/1335/77
f 1835/1335/77 1895/1334/78 1893/1336/77
f 1835/1335/77 1893/1336/77 1834/1337/76
f 1834/1337/76 1893/1336/77 1891/1338/76
f 1834/1337/76 1891/1338/76 1833/1339/75
f 1833/1339/75 1891/1338/76 1889/1340/75
f 1833/1339/75 1889/1340/75 1832/1341/74
f 1832/1341/74 1889/1340/75 1887/1342/74
f 1832/1341/74 1887/1342/74 1831/1343/25
f 1831/1343/25 1887/1342/74 1849/1344/25
f 1831/1345/25 1849/1346/25 1830/1347/73
f 1830/1347/73 1849/1346/25 1885/1348/73
f 1830/1347/73 1885/1348/73 1829/1349/72
f 1829/1349/72 1885/1348/73 1883/1350/72
f 1829/1349/72 1883/1350/72 1828/1351/71
f 1828/1351/71 1883/1350/72 1881/1352/71
f 1828/1351/71 1881/1352/71 1827/1353/70
f 1827/1353/70 1881/1352/71 1879/1354/70
f 1827/1353/70 1879/1354/70 1826/1355/69
f 1826/1355/69 1879/1354/70 1877/1356/69
f 1826/1355/69 1877/1356/69 1825/1357/68
f 1825/1357/68 1877/1356/69 1875/1358/68
f 1825/1357/68 1875/1358/68 1824/1359/67
f 1824/1359/67 1875/1358/68 1873/1360/67
f 1824/1359/67 1873/1360/67 1823/1361/101
f 1823/1361/101 1873/1360/67 1871/1362/66
f 1823/1361/101 1871/1362/66 1822/1363/65
f 1822/1363/65 1871/1362/66 1869/1364/65
f 1822/1363/65 1869/1364/65 1821/1365/64
f 1821/1365/64 1869/1364/65 1867/1366/64
f 1821/1365/64 1867/1366/64 1820/1367/63
f 1820/1367/63 1867/1366/64 1865/1368/63
f 1820/1367/63 1865/1368/63 1819/1369/62
f 1819/1369/62 1865/1368/63 1863/1370/62
f 1819/1369/62 1863/1370/62 1818/1371/61
f 1818/1371/61 1863/1370/62 1861/1372/61
f 1818/1371/61 1861/1372/61 1817/1373/60
f 1817/1373/60 1861/1372/61 1859/1374/60
f 1817/1373/60 1859/1374/60 1816/1375/59
f 1816/1375/59 1859/1374/60 1857/1376/59
f 1816/1375/59 1857/1376/59 1815/1377/58
f 1815/1377/58 1857/1376/59 1855/1378/58
f 1815/1377/58 1855/1378/58 1814/1305/57
f 1814/1305/57 1855/1378/58 1851/1306/57
f 1812/1379/55 1920/1380/55 1777/1381/56
f 1777/1381/56 1920/1380/55 1853/1382/56
f 1777/1381/56 1853/1382/56 1778/1383/57
f 1778/1383/57 1853/1382/56 1852/1384/57
f 1778/1383/57 1852/1384/57 1779/1385/58
f 1779/1385/58 1852/1384/57 1856/1386/58
f 1779/1385/58 1856/1386/58 1780/1387/59
f 1780/1387/59 1856/1386/58 1858/1388/59
f 1780/1387/59 1858/1388/59 1781/1389/60
f 1781/1389/60 1858/1388/59 1860/1390/60
f 1781/1389/60 1860/1390/60 1782/1391/61
f 1782/1391/61 1860/1390/60 1862/1392/61
f 1782/1391/61 1862/1392/61 1783/1393/62
f 1783/1393/62 1862/1392/61 1864/1394/62
f 1783/1393/62 1864/1394/62 1784/1395/63
f 1784/1395/63 1864/1394/62 1866/1396/63
f 1784/1395/63 1866/1396/63 1785/1397/64
f 1785/1397/64 1866/1396/63 1868/1398/64
f 1785/1397/64 1868/1398/64 1786/1399/65
f 1786/1399/65 1868/1398/64 1870/1400/65
f 1786/1399/65 1870/1400/65 1787/1401/66
f 1787/1401/66 1870/1400/65 1872/1402/66
f 1787/1401/66 1872/1402/66 1788/1403/67
f 1788/1403/67 1872/1402/66 1874/1404/67
f 1788/1403/67 1874/1404/67 1789/1405/68
f 1789/1405/68 1874/1404/67 1876/1406/68
f 1789/1405/68 1876/1406/68 1790/1407/69
f 1790/1407/69 1876/1406/68 1878/1408/69
f 1790/1407/69 1878/1408/69 1791/1409/70
f 1791/1409/70 1878/1408/69 1880/1410/70
f 1791/1409/70 1880/1410/70 1792/1411/71
f 1792/1411/71 1880/1410/70 1882/1412/71
f 1792/1411/71 1882/1412/71 1793/1413/72
f 1793/1413/72 1882/1412/71 1884/1414/72
f 1793/1413/72 1884/1414/72 1794/1415/73
f 1794/1415/73 1884/1414/72 1886/1416/73
f 1794/1415/73 1886/1416/73 1795/1417/25
f 1795/1417/25 1886/1416/73 1850/1418/25
f 1795/1419/25 1850/1420/25 1796/1421/74
f 1796/1421/74 1850/1420/25 1888/1422/74
f 1796/1421/74 1888/1422/74 1797/1423/75
f 1797/1423/75 1888/1422/74 1890/1424/75
f 1797/1423/75 1890/1424/75 1798/1425/76
f 1798/1425/76 1890/1424/75 1892/1426/76
f 1798/1425/76 1892/1426/76 1799/1427/77
f 1799/1427/77 1892/1426/76 1894/1428/77
f 1799/1427/77 1894/1428/77 1800/1429/78
f 1800/1429/78 1894/1428/77 1896/1430/78
f 1800/1429/78 1896/1430/78 1801/1431/79
f 1801/1431/79 1896/1430/78 1898/1432/79
f 1801/1431/79 1898/1432/79 1802/1433/80
f 1802/1433/80 1898/1432/79 1900/1434/80
f 1802/1433/80 1900/1434/80 1803/1435/81
f 1803/1435/81 1900/1434/80 1902/1436/81
f 1803/1435/81 1902/1436/81 1804/1437/5
f 1804/1437/5 1902/1436/81 1904/1438/5
f 1804/1437/5 1904/1438/5 1805/1439/82
f 1805/1439/82 1904/1438/5 1906/1440/82
f 1805/1439/82 1906/1440/82 1806/1441/83
f 1806/1441/83 1906/1440/82 1908/1442/83
f 1806/1441/83 1908/1442/83 1807/1443/84
f 1807/1443/84 1908/1442/83 1910/1444/84
f 1807/1443/84 1910/1444/84 1808/1445/85
f 1808/1445/85 1910/1444/84 1912/1446/85
f 1808/1445/85 1912/1446/85 1809/1447/86
f 1809/1447/86 1912/1446/85 1914/1448/86
f 1809/1447/86 1914/1448/86 1810/1449/87
f 1810/1449/87 1914/1448/86 1916/1450/87
f 1810/1449/87 1916/1450/87 1811/1451/88
f 1811/1451/88 1916/1450/87 1918/1452/88
f 1811/1451/88 1918/1452/88 1812/1379/55
f 1812/1379/55 1918/1452/88 1920/1380/55
f 1849/1346/25 1850/1418/25 1885/1348/73
f 1885/1348/73 1850/1418/25 1886/1416/73
f 1885/1348/73 1886/1416/73 1883/1350/72
f 1883/1350/72 1886/1416/73 1884/1414/72
f 1883/1350/72 1884/1414/72 1881/1352/71
f 1881/1352/71 1884/1414/72 1882/1412/71
f 1881/1352/71 1882/1412/71 1879/1354/70
f 1879/1354/70 1882/1412/71 1880/1410/70
f 1879/1354/70 1880/1410/70 1877/1356/69
f 1877/1356/69 1880/1410/70 1878/1408/69
f 1877/1356/69 1878/1408/69 1875/1358/68
f 1875/1358/68 1878/1408/69 1876/1406/68
f 1875/1358/68 1876/1406/68 1873/1360/67
f 1873/1360/67 1876/1406/68 1874/1404/67
f 1873/1360/67 1874/1404/67 1871/1362/66
f 1871/1362/66 1874/1404/67 1872/1402/66
f 1871/1362/66 1872/1402/66 1869/1364/65
f 1869/1364/65 1872/1402/66 1870/1400/65
f 1869/1364/65 1870/1400/65 1867/1366/64
f 1867/1366/64 1870/1400/65 1868/1398/64
f 1867/1366/64 1868/1398/64 1865/1368/63
f 1865/1368/63 1868/1398/64 1866/1396/63
f 1865/1368/63 1866/1396/63 1863/1370/62
f 1863/1370/62 1866/1396/63 1864/1394/62
f 1863/1370/62 1864/1394/62 1861/1372/61
f 1861/1372/61 1864/1394/62 1862/1392/61
f 1861/1372/61 1862/1392/61 1859/1374/60
f 1859/1374/60 1862/1392/61 1860/1390/60
f 1859/1374/60 1860/1390/60 1857/1376/59
f 1857/1376/59 1860/1390/60 1858/1388/59
f 1857/1376/59 1858/1388/59 1855/1378/58
f 1855/1378/58 1858/1388/59 1856/1386/58
f 1855/1378/58 1856/1386/58 1851/1306/57
f 1851/1306/57 1856/1386/58 1852/1384/57
f 1851/1306/57 1852/1384/57 1854/1308/56
f 1854/1308/56 1852/1384/57 1853/1382/56
f 1854/1308/56 1853/1382/56 1919/1310/55
f 1919/1310/55 1853/1382/56 1920/1380/55
f 1919/1310/55 1920/1380/55 1917/1312/88
f 1917/1312/88 1920/1380/55 1918/1452/88
f 1917/1312/88 1918/1452/88 1915/1314/87
f 1915/1314/87 1918/1452/88 1916/1450/87
f 1915/1314/87 1916/1450/87 1913/1316/86
f 1913/1316/86 1916/1450/87 1914/1448/86
f 1913/1316/86 1914/1448/86 1911/1318/85
f 1911/1318/85 1914/1448/86 1912/1446/85
f 1911/1318/85 1912/1446/85 1909/1320/84
f 1909/1320/84 1912/1446/85 1910/1444/84
f 1909/1320/84 1910/1444/84 1907/1322/83
f 1907/1322/83 1910/1444/84 1908/1442/83
f 1907/1322/83 1908/1442/83 1905/1324/82
f 1905/1324/82 1908/1442/83 1906/1440/82
f 1905/1324/82 1906/1440/82 1903/1326/5
f 1903/1326/5 1906/1440/82 1904/1438/5
f 1903/1326/5 1904/1438/5 1901/1328/81
f 1901/1328/81 1904/1438/5 1902/1436/81
f 1901/1328/81 1902/1436/81 1899/1330/80
f 1899/1330/80 1902/1436/81 1900/1434/80
f 1899/1330/80 1900/1434/80 1897/1332/79
f 1897/1332/79 1900/1434/80 1898/1432/79
f 1897/1332/79 1898/1432/79 1895/1334/78
f 1895/1334/78 1898/1432/79 1896/1430/78
f 1895/1334/78 1896/1430/78 1893/1336/77
f 1893/1336/77 1896/1430/78 1894/1428/77
f 1893/1336/77 1894/1428/77 1891/1338/76
f 1891/1338/76 1894/1428/77 1892/1426/76
f 1891/1338/76 1892/1426/76 1889/1340/75
f 1889/1340/75 1892/1426/76 1890/1424/75
f 1889/1340/75 1890/1424/75 1887/1342/74
f 1887/1342/74 1890/1424/75 1888/1422/74
f 1887/1342/74 1888/1422/74 1849/1344/25
f 1849/1344/25 1888/1422/74 1850/1420/25
f 1922/334/89 1923/336/89 1921/333/89
f 1921/333/89 1923/336/89 1968/335/89
f 1968/335/89 1923/336/89 1924/339/89
f 1968/335/89 1924/339/89 1925/343/89
f 1926/345/89 1846/381/89 1925/343/89
f 1925/343/89 1846/381/89 1967/337/89
f 1925/343/89 1967/337/89 1968/335/89
f 1926/345/89 1927/346/89 1846/381/89
f 1846/381/89 1927/346/89 1847/382/89
f 1847/382/89 1927/346/89 1928/347/89
f 1847/382/89 1928/347/89 1929/348/89
f 1847/382/89 1929/348/89 1848/383/89
f 1848/383/89 1929/348/89 1930/349/89
f 1848/383/89 1930/349/89 1813/384/89
f 1813/384/89 1930/349/89 1931/350/89
f 1813/384/89 1931/350/89 1814/385/89
f 1814/385/89 1931/350/89 1932/351/89
f 1814/385/89 1932/351/89 1815/386/89
f 1815/386/89 1932/351/89 1933/352/89
f 1815/386/89 1933/352/89 1934/353/89
f 1815/386/89 1934/353/89 1816/387/90
f 1816/387/90 1934/353/89 1935/355/89
f 1816/387/90 1935/355/89 1817/388/90
f 1817/388/90 1935/355/89 1936/357/89
f 1817/388/90 1936/357/89 1818/389/90
f 1818/389/90 1936/357/89 1937/358/89
f 1818/389/90 1937/358/89 1819/390/89
f 1819/390/89 1937/358/89 1938/360/89
f 1819/390/89 1938/360/89 1820/391/90
f 1820/391/90 1938/360/89 1939/362/89
f 1820/391/90 1939/362/89 1940/363/89
f 1820/391/90 1940/363/89 1821/392/90
f 1821/392/90 1940/363/89 1941/365/89
f 1821/392/90 1941/365/89 1822/393/89
f 1822/393/89 1941/365/89 1942/367/89
f 1822/393/89 1942/367/89 1823/394/91
f 1823/394/91 1942/367/89 1943/368/89
f 1823/394/91 1943/368/89 1824/395/102
f 1824/395/102 1943/368/89 1944/370/89
f 1824/395/102 1944/370/89 1945/372/89
f 1824/395/102 1945/372/89 1825/396/91
f 1825/396/91 1945/372/89 1946/373/89
f 1825/396/91 1946/373/89 1947/375/89
f 1948/377/89 1952/376/89 1947/375/89
f 1947/375/89 1952/376/89 1953/374/90
f 1947/375/89 1953/374/90 1825/396/91
f 1825/396/91 1953/374/90 1826/397/89
f 1826/397/89 1953/374/90 1954/371/89
f 1826/397/89 1954/371/89 1827/398/89
f 1827/398/89 1954/371/89 1955/369/89
f 1827/398/89 1955/369/89 1828/399/89
f 1828/399/89 1955/369/89 1956/366/89
f 1828/399/89 1956/366/89 1829/400/89
f 1829/400/89 1956/366/89 1830/401/89
f 1830/401/89 1956/366/89 1957/364/89
f 1830/401/89 1957/364/89 1831/402/89
f 1831/402/89 1957/364/89 1958/361/89
f 1831/402/89 1958/361/89 1832/403/89
f 1832/403/89 1958/361/89 1833/404/91
f 1833/404/91 1958/361/89 1959/359/89
f 1833/404/91 1959/359/89 1834/405/91
f 1834/405/91 1959/359/89 1835/406/89
f 1835/406/89 1959/359/89 1960/356/89
f 1835/406/89 1960/356/89 1836/407/89
f 1836/407/89 1960/356/89 1961/354/89
f 1836/407/89 1961/354/89 1837/408/91
f 1837/408/91 1961/354/89 1838/409/91
f 1838/409/91 1961/354/89 1962/344/89
f 1838/409/91 1962/344/89 1839/410/89
f 1839/410/89 1962/344/89 1840/411/92
f 1840/411/92 1962/344/89 1963/342/89
f 1840/411/92 1963/342/89 1841/412/91
f 1841/412/91 1963/342/89 1964/341/89
f 1841/412/91 1964/341/89 1842/413/89
f 1842/413/89 1964/341/89 1843/414/89
f 1843/414/89 1964/341/89 1965/340/89
f 1843/414/89 1965/340/89 1844/415/89
f 1844/415/89 1965/340/89 1966/338/90
f 1844/415/89 1966/338/90 1845/416/89
f 1845/416/89 1966/338/90 1967/337/89
f 1845/416/89 1967/337/89 1846/381/89
f 1948/377/89 1949/378/89 1952/376/89
f 1952/376/89 1949/378/89 1951/380/91
f 1951/380/91 1949/378/89 1950/379/89
f 1922/85/5 1921/86/5 1970/87/5
f 1970/87/5 1921/86/5 1969/88/5
f 1998/1453/54 1950/1454/54 1997/1455/53
f 1997/1455/53 1950/1454/54 1949/1456/53
f 1997/1455/53 1949/1456/53 1948/1457/52
f 1997/1455/53 1948/1457/52 1996/1458/52
f 1996/1458/52 1948/1457/52 1947/1459/51
f 1996/1458/52 1947/1459/51 1995/1460/51
f 1995/1460/51 1947/1459/51 1946/1461/50
f 1995/1460/51 1946/1461/50 1994/1462/50
f 1994/1462/50 1946/1461/50 1945/1463/49
f 1994/1462/50 1945/1463/49 1993/1464/49
f 1993/1464/49 1945/1463/49 1944/1465/48
f 1993/1464/49 1944/1465/48 1992/1466/48
f 1992/1466/48 1944/1465/48 1943/1467/47
f 1992/1466/48 1943/1467/47 1991/1468/47
f 1991/1468/47 1943/1467/47 1942/1469/46
f 1991/1468/47 1942/1469/46 1990/1470/46
f 1990/1470/46 1942/1469/46 1941/1471/45
f 1990/1470/46 1941/1471/45 1989/1472/45
f 1989/1472/45 1941/1471/45 1940/1473/44
f 1989/1472/45 1940/1473/44 1988/1474/44
f 1988/1474/44 1940/1473/44 1939/1475/43
f 1988/1474/44 1939/1475/43 1987/1476/43
f 1987/1476/43 1939/1475/43 1938/1477/42
f 1987/1476/43 1938/1477/42 1986/1478/42
f 1986/1478/42 1938/1477/42 1937/1479/41
f 1986/1478/42 1937/1479/41 1985/1480/41
f 1985/1480/41 1937/1479/41 1936/1481/40
f 1985/1480/41 1936/1481/40 1984/1482/40
f 1984/1482/40 1936/1481/40 1935/1483/39
f 1984/1482/40 1935/1483/39 1983/1484/39
f 1983/1484/39 1935/1483/39 1934/1485/38
f 1983/1484/39 1934/1485/38 1982/1486/38
f 1982/1486/38 1934/1485/38 1933/1487/37
f 1982/1486/38 1933/1487/37 1981/1488/37
f 1981/1488/37 1933/1487/37 1932/1489/36
f 1981/1488/37 1932/1489/36 1980/1490/36
f 1980/1490/36 1932/1489/36 1931/1491/35
f 1980/1490/36 1931/1491/35 1979/1492/35
f 1979/1492/35 1931/1491/35 1930/1493/34
f 1979/1492/35 1930/1493/34 1978/1494/34
f 1978/1494/34 1930/1493/34 1929/1495/33
f 1978/1494/34 1929/1495/33 1977/1496/33
f 1977/1496/33 1929/1495/33 1928/1497/32
f 1977/1496/33 1928/1497/32 1976/1498/32
f 1976/1498/32 1928/1497/32 1927/1499/31
f 1976/1498/32 1927/1499/31 1975/1500/31
f 1975/1500/31 1927/1499/31 1926/1501/30
f 1975/1500/31 1926/1501/30 1974/1502/30
f 1974/1502/30 1926/1501/30 1925/1503/29
f 1974/1502/30 1925/1503/29 1973/1504/29
f 1973/1504/29 1925/1503/29 1924/1505/28
f 1973/1504/29 1924/1505/28 1972/1506/28
f 1972/1506/28 1924/1505/28 1923/1507/27
f 1972/1506/28 1923/1507/27 1971/1508/27
f 1971/1508/27 1923/1507/27 1970/1509/26
f 1970/1509/26 1923/1507/27 1922/1510/26
f 1951/85/25 1950/86/25 1999/87/25
f 1999/87/25 1950/86/25 1998/88/25
f 1969/125/24 1921/126/24 2016/1511/23
f 2016/1511/23 1921/126/24 1968/1512/23
f 2016/1511/23 1968/1512/23 1967/1513/22
f 2016/1511/23 1967/1513/22 2015/1514/22
f 2015/1514/22 1967/1513/22 1966/1515/21
f 2015/1514/22 1966/1515/21 2014/1516/21
f 2014/1516/21 1966/1515/21 1965/1517/20
f 2014/1516/21 1965/1517/20 2013/1518/20
f 2013/1518/20 1965/1517/20 1964/1519/19
f 2013/1518/20 1964/1519/19 2012/1520/19
f 2012/1520/19 1964/1519/19 1963/1521/18
f 2012/1520/19 1963/1521/18 2011/1522/18
f 2011/1522/18 1963/1521/18 1962/1523/17
f 2011/1522/18 1962/1523/17 2010/1524/17
f 2010/1524/17 1962/1523/17 1961/1525/16
f 2010/1524/17 1961/1525/16 2009/1526/16
f 2009/1526/16 1961/1525/16 1960/1527/15
f 2009/1526/16 1960/1527/15 2008/1528/15
f 2008/1528/15 1960/1527/15 1959/1529/14
f 2008/1528/15 1959/1529/14 2007/1530/14
f 2007/1530/14 1959/1529/14 1958/1531/13
f 2007/1530/14 1958/1531/13 2006/1532/13
f 2006/1532/13 1958/1531/13 1957/1533/12
f 2006/1532/13 1957/1533/12 2005/1534/12
f 2005/1534/12 1957/1533/12 1956/1535/11
f 2005/1534/12 1956/1535/11 2004/1536/11
f 2004/1536/11 1956/1535/11 1955/1537/10
f 2004/1536/11 1955/1537/10 2003/1538/10
f 2003/1538/10 1955/1537/10 1954/1539/9
f 2003/1538/10 1954/1539/9 2002/1540/9
f 2002/1540/9 1954/1539/9 1953/1541/8
f 2002/1540/9 1953/1541/8 2001/1542/8
f 2001/1542/8 1953/1541/8 1952/1543/7
f 2001/1542/8 1952/1543/7 2000/1544/7
f 2000/1544/7 1952/1543/7 1999/1545/6
f 1999/1545/6 1952/1543/7 1951/1546/6
f 1969/2/1 2016/4/1 1970/1/1
f 1970/1/1 2016/4/1 1971/3/1
f 1971/3/1 2016/4/1 2015/7/1
f 1971/3/1 2015/7/1 2014/10/1
f 1971/3/1 2014/10/1 1972/5/1
f 1972/5/1 2014/10/1 2013/12/1
f 1972/5/1 2013/12/1 2012/14/1
f 2012/14/1 2011/17/1 1972/5/1
f 1972/5/1 2011/17/1 1973/6/1
f 1973/6/1 2011/17/1 2010/19/1
f 1973/6/1 2010/19/1 1974/84/1
f 1974/84/1 2010/19/1 1975/83/1
f 1975/83/1 2010/19/1 1976/82/1
f 1976/82/1 2010/19/1 1977/80/1
f 1977/80/1 2010/19/1 1978/78/1
f 1978/78/1 2010/19/1 1979/76/1
f 1979/76/1 2010/19/1 1980/74/1
f 1980/74/1 2010/19/1 1981/73/1
f 1981/73/1 2010/19/1 1982/71/1
f 1982/71/1 2010/19/1 2009/22/1
f 1982/71/1 2009/22/1 1983/69/1
f 1983/69/1 2009/22/1 2008/25/1
f 1983/69/1 2008/25/1 1984/67/1
f 1984/67/1 2008/25/1 1985/65/1
f 1985/65/1 2008/25/1 2007/27/1
f 1985/65/1 2007/27/1 1986/63/1
f 1986/63/1 2007/27/1 2006/30/1
f 1986/63/1 2006/30/1 1987/62/1
f 1987/62/1 2006/30/1 1988/60/3
f 1988/60/3 2006/30/1 2005/33/4
f 1988/60/3 2005/33/4 1989/58/3
f 1989/58/3 2005/33/4 2004/35/1
f 1989/58/3 2004/35/1 1990/56/1
f 1990/56/1 2004/35/1 1991/54/1
f 1991/54/1 2004/35/1 2003/38/1
f 1991/54/1 2003/38/1 1992/53/1
f 1992/53/1 2003/38/1 2002/40/1
f 1992/53/1 2002/40/1 1993/51/1
f 1993/51/1 2002/40/1 1994/45/1
f 1994/45/1 2002/40/1 2001/42/1
f 1994/45/1 2001/42/1 1995/44/1
f 1995/44/1 2001/42/1 2000/46/1
f 1995/44/1 2000/46/1 1996/47/1
f 1996/47/1 2000/46/1 1997/48/1
f 1997/48/1 2000/46/1 1999/49/3
f 1997/48/1 1999/49/3 1998/50/1
