# Blender 5.0.0
# www.blender.org
mtllib cavity_lower_left.mtl
o SPA05-Cavity-left
v -231.000000 -17.888544 1.000001
v -231.000000 -17.771557 1.858629
v -231.000000 -17.613382 2.710632
v -231.000000 -17.414385 3.554035
v -231.000000 -17.175026 4.386883
v -231.000000 -16.895861 5.207246
v -231.000000 -16.577538 6.013222
v -231.000000 -16.220791 6.802945
v -231.000000 -15.826450 7.574583
v -231.000000 -15.395430 8.326346
v -231.000000 -14.928727 9.056495
v -231.000000 -14.427425 9.763336
v -231.000000 -13.892685 10.445230
v -231.000000 -13.325745 11.100600
v -231.000000 -12.727921 11.727923
v -231.000000 -12.100598 12.325747
v -231.000000 -11.445229 12.892687
v -231.000000 -10.763334 13.427427
v -231.000000 -10.056493 13.928729
v -231.000000 -9.326344 14.395432
v -231.000000 -8.574580 14.826452
v -231.000000 -7.802942 15.220792
v -231.000000 -7.013220 15.577538
v -231.000000 -6.207243 15.895861
v -231.000000 -5.386880 16.175026
v -231.000000 -4.554033 16.414385
v -231.000000 -3.710630 16.613382
v -231.000000 -2.858627 16.771557
v -231.000000 -1.999999 16.888544
v -235.500000 -1.999999 16.888544
v -235.500000 -2.858627 16.771557
v -235.500000 -3.710630 16.613382
v -235.500000 -4.554033 16.414385
v -235.500000 -5.386880 16.175026
v -235.500000 -6.207243 15.895861
v -235.500000 -7.013220 15.577538
v -235.500000 -7.802942 15.220792
v -235.500000 -8.574580 14.826452
v -235.500000 -9.326344 14.395432
v -235.500000 -10.056493 13.928729
v -235.500000 -10.763334 13.427427
v -235.500000 -11.445229 12.892687
v -235.500000 -12.100598 12.325747
v -235.500000 -12.727921 11.727923
v -235.500000 -13.325745 11.100600
v -235.500000 -13.892685 10.445230
v -235.500000 -14.427425 9.763336
v -235.500000 -14.928727 9.056495
v -235.500000 -15.395430 8.326346
v -235.500000 -15.826450 7.574583
v -235.500000 -16.220791 6.802945
v -235.500000 -16.577538 6.013222
v -235.500000 -16.895861 5.207246
v -235.500000 -17.175026 4.386883
v -235.500000 -17.414385 3.554035
v -235.500000 -17.613382 2.710632
v -235.500000 -17.771557 1.858629
v -235.500000 -17.888544 1.000001
v -231.000000 -2.000000 6.000000
v -231.000000 -7.000000 1.000000
v -231.000000 -6.994955 1.440329
v -231.000000 -6.949893 1.878376
v -231.000000 -6.865189 2.310512
v -231.000000 -6.741542 2.733154
v -231.000000 -6.579979 3.142803
v -231.000000 -6.381836 3.536066
v -231.000000 -6.148757 3.909683
v -231.000000 -5.882672 4.260559
v -231.000000 -5.585785 4.585786
v -231.000000 -5.260558 4.882673
v -231.000000 -4.909681 5.148758
v -231.000000 -4.536065 5.381837
v -231.000000 -4.142803 5.579979
v -231.000000 -3.733153 5.741542
v -231.000000 -3.310511 5.865190
v -231.000000 -2.878376 5.949893
v -231.000000 -2.440329 5.994955
v -231.000000 -7.000000 5.000000
v -231.000000 -7.173647 5.015193
v -231.000000 -7.342020 5.060308
v -231.000000 -7.500000 5.133976
v -231.000000 -7.642787 5.233956
v -231.000000 -7.766044 5.357213
v -231.000000 -7.866024 5.500000
v -231.000000 -7.939692 5.657980
v -231.000000 -7.984807 5.826353
v -231.000000 -8.000000 6.000000
v -231.000000 -7.984807 6.173648
v -231.000000 -7.939692 6.342021
v -231.000000 -7.866024 6.500000
v -231.000000 -7.766044 6.642788
v -231.000000 -7.642787 6.766045
v -231.000000 -7.500000 6.866025
v -231.000000 -7.342020 6.939693
v -231.000000 -7.173647 6.984808
v -231.000000 -7.000000 7.000000
v -231.000000 -6.826352 6.984808
v -231.000000 -6.657979 6.939693
v -231.000000 -6.500000 6.866025
v -231.000000 -6.357212 6.766045
v -231.000000 -6.233955 6.642788
v -231.000000 -6.133975 6.500000
v -231.000000 -6.060307 6.342021
v -231.000000 -6.015192 6.173648
v -231.000000 -6.000000 6.000000
v -231.000000 -6.015192 5.826353
v -231.000000 -6.060307 5.657980
v -231.000000 -6.133975 5.500000
v -231.000000 -6.233955 5.357213
v -231.000000 -6.357212 5.233956
v -231.000000 -6.500000 5.133976
v -231.000000 -6.657979 5.060308
v -231.000000 -6.826352 5.015193
v -235.500000 -2.000000 6.000000
v -235.500000 -2.440329 5.994955
v -235.500000 -2.878376 5.949893
v -235.500000 -3.310511 5.865190
v -235.500000 -3.733153 5.741542
v -235.500000 -4.142803 5.579979
v -235.500000 -4.536065 5.381837
v -235.500000 -4.909681 5.148758
v -235.500000 -5.260558 4.882673
v -235.500000 -5.585785 4.585786
v -235.500000 -5.882672 4.260559
v -235.500000 -6.148757 3.909683
v -235.500000 -6.381836 3.536066
v -235.500000 -6.579979 3.142803
v -235.500000 -6.741542 2.733154
v -235.500000 -6.865189 2.310512
v -235.500000 -6.949893 1.878376
v -235.500000 -6.994955 1.440329
v -235.500000 -7.000000 1.000000
v -223.000000 -7.000000 5.000000
v -223.000000 -7.173647 5.015193
v -223.000000 -7.342020 5.060308
v -223.000000 -7.500000 5.133976
v -223.000000 -7.642787 5.233956
v -223.000000 -7.766044 5.357213
v -223.000000 -7.866024 5.500000
v -223.000000 -7.939692 5.657980
v -223.000000 -7.984807 5.826353
v -223.000000 -8.000000 6.000000
v -223.000000 -7.984807 6.173648
v -223.000000 -7.939692 6.342021
v -223.000000 -7.866024 6.500000
v -223.000000 -7.766044 6.642788
v -223.000000 -7.642787 6.766045
v -223.000000 -7.500000 6.866025
v -223.000000 -7.342020 6.939693
v -223.000000 -7.173647 6.984808
v -223.000000 -7.000000 7.000000
v -223.000000 -6.826352 6.984808
v -223.000000 -6.657979 6.939693
v -223.000000 -6.500000 6.866025
v -223.000000 -6.357212 6.766045
v -223.000000 -6.233955 6.642788
v -223.000000 -6.133975 6.500000
v -223.000000 -6.060307 6.342021
v -223.000000 -6.015192 6.173648
v -223.000000 -6.000000 6.000000
v -223.000000 -6.015192 5.826353
v -223.000000 -6.060307 5.657980
v -223.000000 -6.133975 5.500000
v -223.000000 -6.233955 5.357213
v -223.000000 -6.357212 5.233956
v -223.000000 -6.500000 5.133976
v -223.000000 -6.657979 5.060308
v -223.000000 -6.826352 5.015193
v -228.333344 -7.000000 7.000000
v -225.666656 -7.000000 7.000000
v -228.333344 -6.826352 5.015193
v -225.666656 -6.826352 5.015193
v -225.666656 -7.000000 5.000000
v -228.333344 -7.000000 5.000000
v -228.333344 -6.657979 5.060308
v -225.666656 -6.657979 5.060308
v -228.333344 -6.500000 5.133976
v -225.666656 -6.500000 5.133976
v -228.333344 -6.357212 5.233956
v -225.666656 -6.357212 5.233956
v -228.333344 -6.233955 5.357213
v -225.666656 -6.233955 5.357213
v -228.333344 -6.133975 5.500000
v -225.666656 -6.133975 5.500000
v -228.333344 -6.060307 5.657980
v -225.666656 -6.060307 5.657980
v -228.333344 -6.015192 5.826353
v -225.666656 -6.015192 5.826353
v -228.333344 -6.000000 6.000000
v -225.666656 -6.000000 6.000000
v -228.333344 -6.015192 6.173648
v -225.666656 -6.015192 6.173648
v -228.333344 -6.060307 6.342021
v -225.666656 -6.060307 6.342021
v -228.333344 -6.133975 6.500000
v -225.666656 -6.133975 6.500000
v -228.333344 -6.233955 6.642788
v -225.666656 -6.233955 6.642788
v -228.333344 -6.357212 6.766045
v -225.666656 -6.357212 6.766045
v -228.333344 -6.500000 6.866025
v -225.666656 -6.500000 6.866025
v -228.333344 -6.657979 6.939693
v -225.666656 -6.657979 6.939693
v -228.333344 -6.826352 6.984808
v -225.666656 -6.826352 6.984808
v -228.333344 -7.173647 6.984808
v -225.666656 -7.173647 6.984808
v -228.333344 -7.342020 6.939693
v -225.666656 -7.342020 6.939693
v -228.333344 -7.500000 6.866025
v -225.666656 -7.500000 6.866025
v -228.333344 -7.642787 6.766045
v -225.666656 -7.642787 6.766045
v -228.333344 -7.766044 6.642788
v -225.666656 -7.766044 6.642788
v -228.333344 -7.866024 6.500000
v -225.666656 -7.866024 6.500000
v -228.333344 -7.939692 6.342021
v -225.666656 -7.939692 6.342021
v -228.333344 -7.984807 6.173648
v -225.666656 -7.984807 6.173648
v -228.333344 -8.000000 6.000000
v -225.666656 -8.000000 6.000000
v -228.333344 -7.984807 5.826353
v -225.666656 -7.984807 5.826353
v -228.333344 -7.939692 5.657980
v -225.666656 -7.939692 5.657980
v -228.333344 -7.866024 5.500000
v -225.666656 -7.866024 5.500000
v -228.333344 -7.766044 5.357213
v -225.666656 -7.766044 5.357213
v -228.333344 -7.642787 5.233956
v -225.666656 -7.642787 5.233956
v -228.333344 -7.500000 5.133976
v -225.666656 -7.500000 5.133976
v -228.333344 -7.342020 5.060308
v -225.666656 -7.342020 5.060308
v -228.333344 -7.173647 5.015193
v -225.666656 -7.173647 5.015193
v -223.000000 -1.999999 16.888544
v -223.000000 -2.000000 6.000000
v -223.000000 -2.440329 5.994955
v -223.000000 -2.878376 5.949893
v -223.000000 -3.310511 5.865190
v -223.000000 -3.733153 5.741542
v -223.000000 -4.142803 5.579979
v -223.000000 -4.536065 5.381837
v -223.000000 -4.909681 5.148758
v -223.000000 -5.260558 4.882673
v -223.000000 -5.585785 4.585786
v -223.000000 -5.882672 4.260559
v -223.000000 -6.148757 3.909683
v -223.000000 -6.381836 3.536066
v -223.000000 -6.579979 3.142803
v -223.000000 -6.741542 2.733154
v -223.000000 -6.865189 2.310512
v -223.000000 -6.949893 1.878376
v -223.000000 -6.994955 1.440329
v -223.000000 -7.000000 1.000000
v -223.000000 -17.888544 1.000001
v -223.000000 -17.771557 1.858629
v -223.000000 -17.613382 2.710632
v -223.000000 -17.414385 3.554035
v -223.000000 -17.175026 4.386883
v -223.000000 -16.895861 5.207246
v -223.000000 -16.577538 6.013222
v -223.000000 -16.220791 6.802945
v -223.000000 -15.826450 7.574583
v -223.000000 -15.395430 8.326346
v -223.000000 -14.928727 9.056495
v -223.000000 -14.427425 9.763336
v -223.000000 -13.892685 10.445230
v -223.000000 -13.325745 11.100600
v -223.000000 -12.727921 11.727923
v -223.000000 -12.100598 12.325747
v -223.000000 -11.445229 12.892687
v -223.000000 -10.763334 13.427427
v -223.000000 -10.056493 13.928729
v -223.000000 -9.326344 14.395432
v -223.000000 -8.574580 14.826452
v -223.000000 -7.802942 15.220792
v -223.000000 -7.013220 15.577538
v -223.000000 -6.207243 15.895861
v -223.000000 -5.386880 16.175026
v -223.000000 -4.554033 16.414385
v -223.000000 -3.710630 16.613382
v -223.000000 -2.858627 16.771557
v -218.500000 -1.999999 16.888544
v -218.500000 -2.000000 6.000000
v -218.500000 -2.440329 5.994955
v -218.500000 -2.878376 5.949893
v -218.500000 -3.310511 5.865190
v -218.500000 -3.733153 5.741542
v -218.500000 -4.142803 5.579979
v -218.500000 -4.536065 5.381837
v -218.500000 -4.909681 5.148758
v -218.500000 -5.260558 4.882673
v -218.500000 -5.585785 4.585786
v -218.500000 -5.882672 4.260559
v -218.500000 -6.148757 3.909683
v -218.500000 -6.381836 3.536066
v -218.500000 -6.579979 3.142803
v -218.500000 -6.741542 2.733154
v -218.500000 -6.865189 2.310512
v -218.500000 -6.949893 1.878376
v -218.500000 -6.994955 1.440329
v -218.500000 -7.000000 1.000000
v -218.500000 -17.888544 1.000001
v -218.500000 -17.771557 1.858629
v -218.500000 -17.613382 2.710632
v -218.500000 -17.414385 3.554035
v -218.500000 -17.175026 4.386883
v -218.500000 -16.895861 5.207246
v -218.500000 -16.577538 6.013222
v -218.500000 -16.220791 6.802945
v -218.500000 -15.826450 7.574583
v -218.500000 -15.395430 8.326346
v -218.500000 -14.928727 9.056495
v -218.500000 -14.427425 9.763336
v -218.500000 -13.892685 10.445230
v -218.500000 -13.325745 11.100600
v -218.500000 -12.727921 11.727923
v -218.500000 -12.100598 12.325747
v -218.500000 -11.445229 12.892687
v -218.500000 -10.763334 13.427427
v -218.500000 -10.056493 13.928729
v -218.500000 -9.326344 14.395432
v -218.500000 -8.574580 14.826452
v -218.500000 -7.802942 15.220792
v -218.500000 -7.013220 15.577538
v -218.500000 -6.207243 15.895861
v -218.500000 -5.386880 16.175026
v -218.500000 -4.554033 16.414385
v -218.500000 -3.710630 16.613382
v -218.500000 -2.858627 16.771557
v -218.500000 -7.000000 5.000000
v -218.500000 -7.173647 5.015193
v -218.500000 -7.342020 5.060308
v -218.500000 -7.500000 5.133976
v -218.500000 -7.642787 5.233956
v -218.500000 -7.766044 5.357213
v -218.500000 -7.866024 5.500000
v -218.500000 -7.939692 5.657980
v -218.500000 -7.984807 5.826353
v -218.500000 -8.000000 6.000000
v -218.500000 -7.984807 6.173648
v -218.500000 -7.939692 6.342021
v -218.500000 -7.866024 6.500000
v -218.500000 -7.766044 6.642788
v -218.500000 -7.642787 6.766045
v -218.500000 -7.500000 6.866025
v -218.500000 -7.342020 6.939693
v -218.500000 -7.173647 6.984808
v -218.500000 -7.000000 7.000000
v -218.500000 -6.826352 6.984808
v -218.500000 -6.657979 6.939693
v -218.500000 -6.500000 6.866025
v -218.500000 -6.357212 6.766045
v -218.500000 -6.233955 6.642788
v -218.500000 -6.133975 6.500000
v -218.500000 -6.060307 6.342021
v -218.500000 -6.015192 6.173648
v -218.500000 -6.000000 6.000000
v -218.500000 -6.015192 5.826353
v -218.500000 -6.060307 5.657980
v -218.500000 -6.133975 5.500000
v -218.500000 -6.233955 5.357213
v -218.500000 -6.357212 5.233956
v -218.500000 -6.500000 5.133976
v -218.500000 -6.657979 5.060308
v -218.500000 -6.826352 5.015193
v -210.500000 -7.000000 5.000000
v -210.500000 -7.173647 5.015193
v -210.500000 -7.342020 5.060308
v -210.500000 -7.500000 5.133976
v -210.500000 -7.642787 5.233956
v -210.500000 -7.766044 5.357213
v -210.500000 -7.866024 5.500000
v -210.500000 -7.939692 5.657980
v -210.500000 -7.984807 5.826353
v -210.500000 -8.000000 6.000000
v -210.500000 -7.984807 6.173648
v -210.500000 -7.939692 6.342021
v -210.500000 -7.866024 6.500000
v -210.500000 -7.766044 6.642788
v -210.500000 -7.642787 6.766045
v -210.500000 -7.500000 6.866025
v -210.500000 -7.342020 6.939693
v -210.500000 -7.173647 6.984808
v -210.500000 -7.000000 7.000000
v -210.500000 -6.826352 6.984808
v -210.500000 -6.657979 6.939693
v -210.500000 -6.500000 6.866025
v -210.500000 -6.357212 6.766045
v -210.500000 -6.233955 6.642788
v -210.500000 -6.133975 6.500000
v -210.500000 -6.060307 6.342021
v -210.500000 -6.015192 6.173648
v -210.500000 -6.000000 6.000000
v -210.500000 -6.015192 5.826353
v -210.500000 -6.060307 5.657980
v -210.500000 -6.133975 5.500000
v -210.500000 -6.233955 5.357213
v -210.500000 -6.357212 5.233956
v -210.500000 -6.500000 5.133976
v -210.500000 -6.657979 5.060308
v -210.500000 -6.826352 5.015193
v -215.833344 -7.000000 7.000000
v -213.166656 -7.000000 7.000000
v -215.833344 -6.826352 5.015193
v -213.166656 -6.826352 5.015193
v -213.166656 -7.000000 5.000000
v -215.833344 -7.000000 5.000000
v -215.833344 -6.657979 5.060308
v -213.166656 -6.657979 5.060308
v -215.833344 -6.500000 5.133976
v -213.166656 -6.500000 5.133976
v -215.833344 -6.357212 5.233956
v -213.166656 -6.357212 5.233956
v -215.833344 -6.233955 5.357213
v -213.166656 -6.233955 5.357213
v -215.833344 -6.133975 5.500000
v -213.166656 -6.133975 5.500000
v -215.833344 -6.060307 5.657980
v -213.166656 -6.060307 5.657980
v -215.833344 -6.015192 5.826353
v -213.166656 -6.015192 5.826353
v -215.833344 -6.000000 6.000000
v -213.166656 -6.000000 6.000000
v -215.833344 -6.015192 6.173648
v -213.166656 -6.015192 6.173648
v -215.833344 -6.060307 6.342021
v -213.166656 -6.060307 6.342021
v -215.833344 -6.133975 6.500000
v -213.166656 -6.133975 6.500000
v -215.833344 -6.233955 6.642788
v -213.166656 -6.233955 6.642788
v -215.833344 -6.357212 6.766045
v -213.166656 -6.357212 6.766045
v -215.833344 -6.500000 6.866025
v -213.166656 -6.500000 6.866025
v -215.833344 -6.657979 6.939693
v -213.166656 -6.657979 6.939693
v -215.833344 -6.826352 6.984808
v -213.166656 -6.826352 6.984808
v -215.833344 -7.173647 6.984808
v -213.166656 -7.173647 6.984808
v -215.833344 -7.342020 6.939693
v -213.166656 -7.342020 6.939693
v -215.833344 -7.500000 6.866025
v -213.166656 -7.500000 6.866025
v -215.833344 -7.642787 6.766045
v -213.166656 -7.642787 6.766045
v -215.833344 -7.766044 6.642788
v -213.166656 -7.766044 6.642788
v -215.833344 -7.866024 6.500000
v -213.166656 -7.866024 6.500000
v -215.833344 -7.939692 6.342021
v -213.166656 -7.939692 6.342021
v -215.833344 -7.984807 6.173648
v -213.166656 -7.984807 6.173648
v -215.833344 -8.000000 6.000000
v -213.166656 -8.000000 6.000000
v -215.833344 -7.984807 5.826353
v -213.166656 -7.984807 5.826353
v -215.833344 -7.939692 5.657980
v -213.166656 -7.939692 5.657980
v -215.833344 -7.866024 5.500000
v -213.166656 -7.866024 5.500000
v -215.833344 -7.766044 5.357213
v -213.166656 -7.766044 5.357213
v -215.833344 -7.642787 5.233956
v -213.166656 -7.642787 5.233956
v -215.833344 -7.500000 5.133976
v -213.166656 -7.500000 5.133976
v -215.833344 -7.342020 5.060308
v -213.166656 -7.342020 5.060308
v -215.833344 -7.173647 5.015193
v -213.166656 -7.173647 5.015193
v -210.500000 -1.999999 16.888544
v -210.500000 -2.000000 6.000000
v -210.500000 -2.440329 5.994955
v -210.500000 -2.878376 5.949893
v -210.500000 -3.310511 5.865190
v -210.500000 -3.733153 5.741542
v -210.500000 -4.142803 5.579979
v -210.500000 -4.536065 5.381837
v -210.500000 -4.909681 5.148758
v -210.500000 -5.260558 4.882673
v -210.500000 -5.585785 4.585786
v -210.500000 -5.882672 4.260559
v -210.500000 -6.148757 3.909683
v -210.500000 -6.381836 3.536066
v -210.500000 -6.579979 3.142803
v -210.500000 -6.741542 2.733154
v -210.500000 -6.865189 2.310512
v -210.500000 -6.949893 1.878376
v -210.500000 -6.994955 1.440329
v -210.500000 -7.000000 1.000000
v -210.500000 -17.888544 1.000001
v -210.500000 -17.771557 1.858629
v -210.500000 -17.613382 2.710632
v -210.500000 -17.414385 3.554035
v -210.500000 -17.175026 4.386883
v -210.500000 -16.895861 5.207246
v -210.500000 -16.577538 6.013222
v -210.500000 -16.220791 6.802945
v -210.500000 -15.826450 7.574583
v -210.500000 -15.395430 8.326346
v -210.500000 -14.928727 9.056495
v -210.500000 -14.427425 9.763336
v -210.500000 -13.892685 10.445230
v -210.500000 -13.325745 11.100600
v -210.500000 -12.727921 11.727923
v -210.500000 -12.100598 12.325747
v -210.500000 -11.445229 12.892687
v -210.500000 -10.763334 13.427427
v -210.500000 -10.056493 13.928729
v -210.500000 -9.326344 14.395432
v -210.500000 -8.574580 14.826452
v -210.500000 -7.802942 15.220792
v -210.500000 -7.013220 15.577538
v -210.500000 -6.207243 15.895861
v -210.500000 -5.386880 16.175026
v -210.500000 -4.554033 16.414385
v -210.500000 -3.710630 16.613382
v -210.500000 -2.858627 16.771557
v -206.000000 -1.999999 16.888544
v -206.000000 -2.000000 6.000000
v -206.000000 -2.440329 5.994955
v -206.000000 -2.878376 5.949893
v -206.000000 -3.310511 5.865190
v -206.000000 -3.733153 5.741542
v -206.000000 -4.142803 5.579979
v -206.000000 -4.536065 5.381837
v -206.000000 -4.909681 5.148758
v -206.000000 -5.260558 4.882673
v -206.000000 -5.585785 4.585786
v -206.000000 -5.882672 4.260559
v -206.000000 -6.148757 3.909683
v -206.000000 -6.381836 3.536066
v -206.000000 -6.579979 3.142803
v -206.000000 -6.741542 2.733154
v -206.000000 -6.865189 2.310512
v -206.000000 -6.949893 1.878376
v -206.000000 -6.994955 1.440329
v -206.000000 -7.000000 1.000000
v -206.000000 -17.888544 1.000001
v -206.000000 -17.771557 1.858629
v -206.000000 -17.613382 2.710632
v -206.000000 -17.414385 3.554035
v -206.000000 -17.175026 4.386883
v -206.000000 -16.895861 5.207246
v -206.000000 -16.577538 6.013222
v -206.000000 -16.220791 6.802945
v -206.000000 -15.826450 7.574583
v -206.000000 -15.395430 8.326346
v -206.000000 -14.928727 9.056495
v -206.000000 -14.427425 9.763336
v -206.000000 -13.892685 10.445230
v -206.000000 -13.325745 11.100600
v -206.000000 -12.727921 11.727923
v -206.000000 -12.100598 12.325747
v -206.000000 -11.445229 12.892687
v -206.000000 -10.763334 13.427427
v -206.000000 -10.056493 13.928729
v -206.000000 -9.326344 14.395432
v -206.000000 -8.574580 14.826452
v -206.000000 -7.802942 15.220792
v -206.000000 -7.013220 15.577538
v -206.000000 -6.207243 15.895861
v -206.000000 -5.386880 16.175026
v -206.000000 -4.554033 16.414385
v -206.000000 -3.710630 16.613382
v -206.000000 -2.858627 16.771557
v -206.000000 -7.000000 5.000000
v -206.000000 -7.173647 5.015193
v -206.000000 -7.342020 5.060308
v -206.000000 -7.500000 5.133976
v -206.000000 -7.642787 5.233956
v -206.000000 -7.766044 5.357213
v -206.000000 -7.866024 5.500000
v -206.000000 -7.939692 5.657980
v -206.000000 -7.984807 5.826353
v -206.000000 -8.000000 6.000000
v -206.000000 -7.984807 6.173648
v -206.000000 -7.939692 6.342021
v -206.000000 -7.866024 6.500000
v -206.000000 -7.766044 6.642788
v -206.000000 -7.642787 6.766045
v -206.000000 -7.500000 6.866025
v -206.000000 -7.342020 6.939693
v -206.000000 -7.173647 6.984808
v -206.000000 -7.000000 7.000000
v -206.000000 -6.826352 6.984808
v -206.000000 -6.657979 6.939693
v -206.000000 -6.500000 6.866025
v -206.000000 -6.357212 6.766045
v -206.000000 -6.233955 6.642788
v -206.000000 -6.133975 6.500000
v -206.000000 -6.060307 6.342021
v -206.000000 -6.015192 6.173648
v -206.000000 -6.000000 6.000000
v -206.000000 -6.015192 5.826353
v -206.000000 -6.060307 5.657980
v -206.000000 -6.133975 5.500000
v -206.000000 -6.233955 5.357213
v -206.000000 -6.357212 5.233956
v -206.000000 -6.500000 5.133976
v -206.000000 -6.657979 5.060308
v -206.000000 -6.826352 5.015193
v -198.000000 -7.000000 5.000000
v -198.000000 -7.173647 5.015193
v -198.000000 -7.342020 5.060308
v -198.000000 -7.500000 5.133976
v -198.000000 -7.642787 5.233956
v -198.000000 -7.766044 5.357213
v -198.000000 -7.866024 5.500000
v -198.000000 -7.939692 5.657980
v -198.000000 -7.984807 5.826353
v -198.000000 -8.000000 6.000000
v -198.000000 -7.984807 6.173648
v -198.000000 -7.939692 6.342021
v -198.000000 -7.866024 6.500000
v -198.000000 -7.766044 6.642788
v -198.000000 -7.642787 6.766045
v -198.000000 -7.500000 6.866025
v -198.000000 -7.342020 6.939693
v -198.000000 -7.173647 6.984808
v -198.000000 -7.000000 7.000000
v -198.000000 -6.826352 6.984808
v -198.000000 -6.657979 6.939693
v -198.000000 -6.500000 6.866025
v -198.000000 -6.357212 6.766045
v -198.000000 -6.233955 6.642788
v -198.000000 -6.133975 6.500000
v -198.000000 -6.060307 6.342021
v -198.000000 -6.015192 6.173648
v -198.000000 -6.000000 6.000000
v -198.000000 -6.015192 5.826353
v -198.000000 -6.060307 5.657980
v -198.000000 -6.133975 5.500000
v -198.000000 -6.233955 5.357213
v -198.000000 -6.357212 5.233956
v -198.000000 -6.500000 5.133976
v -198.000000 -6.657979 5.060308
v -198.000000 -6.826352 5.015193
v -203.333344 -7.000000 7.000000
v -200.666656 -7.000000 7.000000
v -203.333344 -6.826352 5.015193
v -200.666656 -6.826352 5.015193
v -200.666656 -7.000000 5.000000
v -203.333344 -7.000000 5.000000
v -203.333344 -6.657979 5.060308
v -200.666656 -6.657979 5.060308
v -203.333344 -6.500000 5.133976
v -200.666656 -6.500000 5.133976
v -203.333344 -6.357212 5.233956
v -200.666656 -6.357212 5.233956
v -203.333344 -6.233955 5.357213
v -200.666656 -6.233955 5.357213
v -203.333344 -6.133975 5.500000
v -200.666656 -6.133975 5.500000
v -203.333344 -6.060307 5.657980
v -200.666656 -6.060307 5.657980
v -203.333344 -6.015192 5.826353
v -200.666656 -6.015192 5.826353
v -203.333344 -6.000000 6.000000
v -200.666656 -6.000000 6.000000
v -203.333344 -6.015192 6.173648
v -200.666656 -6.015192 6.173648
v -203.333344 -6.060307 6.342021
v -200.666656 -6.060307 6.342021
v -203.333344 -6.133975 6.500000
v -200.666656 -6.133975 6.500000
v -203.333344 -6.233955 6.642788
v -200.666656 -6.233955 6.642788
v -203.333344 -6.357212 6.766045
v -200.666656 -6.357212 6.766045
v -203.333344 -6.500000 6.866025
v -200.666656 -6.500000 6.866025
v -203.333344 -6.657979 6.939693
v -200.666656 -6.657979 6.939693
v -203.333344 -6.826352 6.984808
v -200.666656 -6.826352 6.984808
v -203.333344 -7.173647 6.984808
v -200.666656 -7.173647 6.984808
v -203.333344 -7.342020 6.939693
v -200.666656 -7.342020 6.939693
v -203.333344 -7.500000 6.866025
v -200.666656 -7.500000 6.866025
v -203.333344 -7.642787 6.766045
v -200.666656 -7.642787 6.766045
v -203.333344 -7.766044 6.642788
v -200.666656 -7.766044 6.642788
v -203.333344 -7.866024 6.500000
v -200.666656 -7.866024 6.500000
v -203.333344 -7.939692 6.342021
v -200.666656 -7.939692 6.342021
v -203.333344 -7.984807 6.173648
v -200.666656 -7.984807 6.173648
v -203.333344 -8.000000 6.000000
v -200.666656 -8.000000 6.000000
v -203.333344 -7.984807 5.826353
v -200.666656 -7.984807 5.826353
v -203.333344 -7.939692 5.657980
v -200.666656 -7.939692 5.657980
v -203.333344 -7.866024 5.500000
v -200.666656 -7.866024 5.500000
v -203.333344 -7.766044 5.357213
v -200.666656 -7.766044 5.357213
v -203.333344 -7.642787 5.233956
v -200.666656 -7.642787 5.233956
v -203.333344 -7.500000 5.133976
v -200.666656 -7.500000 5.133976
v -203.333344 -7.342020 5.060308
v -200.666656 -7.342020 5.060308
v -203.333344 -7.173647 5.015193
v -200.666656 -7.173647 5.015193
v -198.000000 -1.999999 16.888544
v -198.000000 -2.000000 6.000000
v -198.000000 -2.440329 5.994955
v -198.000000 -2.878376 5.949893
v -198.000000 -3.310511 5.865190
v -198.000000 -3.733153 5.741542
v -198.000000 -4.142803 5.579979
v -198.000000 -4.536065 5.381837
v -198.000000 -4.909681 5.148758
v -198.000000 -5.260558 4.882673
v -198.000000 -5.585785 4.585786
v -198.000000 -5.882672 4.260559
v -198.000000 -6.148757 3.909683
v -198.000000 -6.381836 3.536066
v -198.000000 -6.579979 3.142803
v -198.000000 -6.741542 2.733154
v -198.000000 -6.865189 2.310512
v -198.000000 -6.949893 1.878376
v -198.000000 -6.994955 1.440329
v -198.000000 -7.000000 1.000000
v -198.000000 -17.888544 1.000001
v -198.000000 -17.771557 1.858629
v -198.000000 -17.613382 2.710632
v -198.000000 -17.414385 3.554035
v -198.000000 -17.175026 4.386883
v -198.000000 -16.895861 5.207246
v -198.000000 -16.577538 6.013222
v -198.000000 -16.220791 6.802945
v -198.000000 -15.826450 7.574583
v -198.000000 -15.395430 8.326346
v -198.000000 -14.928727 9.056495
v -198.000000 -14.427425 9.763336
v -198.000000 -13.892685 10.445230
v -198.000000 -13.325745 11.100600
v -198.000000 -12.727921 11.727923
v -198.000000 -12.100598 12.325747
v -198.000000 -11.445229 12.892687
v -198.000000 -10.763334 13.427427
v -198.000000 -10.056493 13.928729
v -198.000000 -9.326344 14.395432
v -198.000000 -8.574580 14.826452
v -198.000000 -7.802942 15.220792
v -198.000000 -7.013220 15.577538
v -198.000000 -6.207243 15.895861
v -198.000000 -5.386880 16.175026
v -198.000000 -4.554033 16.414385
v -198.000000 -3.710630 16.613382
v -198.000000 -2.858627 16.771557
v -193.500000 -1.999999 16.888544
v -193.500000 -2.000000 6.000000
v -193.500000 -2.440329 5.994955
v -193.500000 -2.878376 5.949893
v -193.500000 -3.310511 5.865190
v -193.500000 -3.733153 5.741542
v -193.500000 -4.142803 5.579979
v -193.500000 -4.536065 5.381837
v -193.500000 -4.909681 5.148758
v -193.500000 -5.260558 4.882673
v -193.500000 -5.585785 4.585786
v -193.500000 -5.882672 4.260559
v -193.500000 -6.148757 3.909683
v -193.500000 -6.381836 3.536066
v -193.500000 -6.579979 3.142803
v -193.500000 -6.741542 2.733154
v -193.500000 -6.865189 2.310512
v -193.500000 -6.949893 1.878376
v -193.500000 -6.994955 1.440329
v -193.500000 -7.000000 1.000000
v -193.500000 -17.888544 1.000001
v -193.500000 -17.771557 1.858629
v -193.500000 -17.613382 2.710632
v -193.500000 -17.414385 3.554035
v -193.500000 -17.175026 4.386883
v -193.500000 -16.895861 5.207246
v -193.500000 -16.577538 6.013222
v -193.500000 -16.220791 6.802945
v -193.500000 -15.826450 7.574583
v -193.500000 -15.395430 8.326346
v -193.500000 -14.928727 9.056495
v -193.500000 -14.427425 9.763336
v -193.500000 -13.892685 10.445230
v -193.500000 -13.325745 11.100600
v -193.500000 -12.727921 11.727923
v -193.500000 -12.100598 12.325747
v -193.500000 -11.445229 12.892687
v -193.500000 -10.763334 13.427427
v -193.500000 -10.056493 13.928729
v -193.500000 -9.326344 14.395432
v -193.500000 -8.574580 14.826452
v -193.500000 -7.802942 15.220792
v -193.500000 -7.013220 15.577538
v -193.500000 -6.207243 15.895861
v -193.500000 -5.386880 16.175026
v -193.500000 -4.554033 16.414385
v -193.500000 -3.710630 16.613382
v -193.500000 -2.858627 16.771557
v -193.500000 -7.000000 5.000000
v -193.500000 -7.173647 5.015193
v -193.500000 -7.342020 5.060308
v -193.500000 -7.500000 5.133976
v -193.500000 -7.642787 5.233956
v -193.500000 -7.766044 5.357213
v -193.500000 -7.866024 5.500000
v -193.500000 -7.939692 5.657980
v -193.500000 -7.984807 5.826353
v -193.500000 -8.000000 6.000000
v -193.500000 -7.984807 6.173648
v -193.500000 -7.939692 6.342021
v -193.500000 -7.866024 6.500000
v -193.500000 -7.766044 6.642788
v -193.500000 -7.642787 6.766045
v -193.500000 -7.500000 6.866025
v -193.500000 -7.342020 6.939693
v -193.500000 -7.173647 6.984808
v -193.500000 -7.000000 7.000000
v -193.500000 -6.826352 6.984808
v -193.500000 -6.657979 6.939693
v -193.500000 -6.500000 6.866025
v -193.500000 -6.357212 6.766045
v -193.500000 -6.233955 6.642788
v -193.500000 -6.133975 6.500000
v -193.500000 -6.060307 6.342021
v -193.500000 -6.015192 6.173648
v -193.500000 -6.000000 6.000000
v -193.500000 -6.015192 5.826353
v -193.500000 -6.060307 5.657980
v -193.500000 -6.133975 5.500000
v -193.500000 -6.233955 5.357213
v -193.500000 -6.357212 5.233956
v -193.500000 -6.500000 5.133976
v -193.500000 -6.657979 5.060308
v -193.500000 -6.826352 5.015193
v -185.500000 -7.000000 5.000000
v -185.500000 -7.173647 5.015193
v -185.500000 -7.342020 5.060308
v -185.500000 -7.500000 5.133976
v -185.500000 -7.642787 5.233956
v -185.500000 -7.766044 5.357213
v -185.500000 -7.866024 5.500000
v -185.500000 -7.939692 5.657980
v -185.500000 -7.984807 5.826353
v -185.500000 -8.000000 6.000000
v -185.500000 -7.984807 6.173648
v -185.500000 -7.939692 6.342021
v -185.500000 -7.866024 6.500000
v -185.500000 -7.766044 6.642788
v -185.500000 -7.642787 6.766045
v -185.500000 -7.500000 6.866025
v -185.500000 -7.342020 6.939693
v -185.500000 -7.173647 6.984808
v -185.500000 -7.000000 7.000000
v -185.500000 -6.826352 6.984808
v -185.500000 -6.657979 6.939693
v -185.500000 -6.500000 6.866025
v -185.500000 -6.357212 6.766045
v -185.500000 -6.233955 6.642788
v -185.500000 -6.133975 6.500000
v -185.500000 -6.060307 6.342021
v -185.500000 -6.015192 6.173648
v -185.500000 -6.000000 6.000000
v -185.500000 -6.015192 5.826353
v -185.500000 -6.060307 5.657980
v -185.500000 -6.133975 5.500000
v -185.500000 -6.233955 5.357213
v -185.500000 -6.357212 5.233956
v -185.500000 -6.500000 5.133976
v -185.500000 -6.657979 5.060308
v -185.500000 -6.826352 5.015193
v -190.833344 -7.000000 7.000000
v -188.166656 -7.000000 7.000000
v -190.833344 -6.826352 5.015193
v -188.166656 -6.826352 5.015193
v -188.166656 -7.000000 5.000000
v -190.833344 -7.000000 5.000000
v -190.833344 -6.657979 5.060308
v -188.166656 -6.657979 5.060308
v -190.833344 -6.500000 5.133976
v -188.166656 -6.500000 5.133976
v -190.833344 -6.357212 5.233956
v -188.166656 -6.357212 5.233956
v -190.833344 -6.233955 5.357213
v -188.166656 -6.233955 5.357213
v -190.833344 -6.133975 5.500000
v -188.166656 -6.133975 5.500000
v -190.833344 -6.060307 5.657980
v -188.166656 -6.060307 5.657980
v -190.833344 -6.015192 5.826353
v -188.166656 -6.015192 5.826353
v -190.833344 -6.000000 6.000000
v -188.166656 -6.000000 6.000000
v -190.833344 -6.015192 6.173648
v -188.166656 -6.015192 6.173648
v -190.833344 -6.060307 6.342021
v -188.166656 -6.060307 6.342021
v -190.833344 -6.133975 6.500000
v -188.166656 -6.133975 6.500000
v -190.833344 -6.233955 6.642788
v -188.166656 -6.233955 6.642788
v -190.833344 -6.357212 6.766045
v -188.166656 -6.357212 6.766045
v -190.833344 -6.500000 6.866025
v -188.166656 -6.500000 6.866025
v -190.833344 -6.657979 6.939693
v -188.166656 -6.657979 6.939693
v -190.833344 -6.826352 6.984808
v -188.166656 -6.826352 6.984808
v -190.833344 -7.173647 6.984808
v -188.166656 -7.173647 6.984808
v -190.833344 -7.342020 6.939693
v -188.166656 -7.342020 6.939693
v -190.833344 -7.500000 6.866025
v -188.166656 -7.500000 6.866025
v -190.833344 -7.642787 6.766045
v -188.166656 -7.642787 6.766045
v -190.833344 -7.766044 6.642788
v -188.166656 -7.766044 6.642788
v -190.833344 -7.866024 6.500000
v -188.166656 -7.866024 6.500000
v -190.833344 -7.939692 6.342021
v -188.166656 -7.939692 6.342021
v -190.833344 -7.984807 6.173648
v -188.166656 -7.984807 6.173648
v -190.833344 -8.000000 6.000000
v -188.166656 -8.000000 6.000000
v -190.833344 -7.984807 5.826353
v -188.166656 -7.984807 5.826353
v -190.833344 -7.939692 5.657980
v -188.166656 -7.939692 5.657980
v -190.833344 -7.866024 5.500000
v -188.166656 -7.866024 5.500000
v -190.833344 -7.766044 5.357213
v -188.166656 -7.766044 5.357213
v -190.833344 -7.642787 5.233956
v -188.166656 -7.642787 5.233956
v -190.833344 -7.500000 5.133976
v -188.166656 -7.500000 5.133976
v -190.833344 -7.342020 5.060308
v -188.166656 -7.342020 5.060308
v -190.833344 -7.173647 5.015193
v -188.166656 -7.173647 5.015193
v -185.500000 -1.999999 16.888544
v -185.500000 -2.000000 6.000000
v -185.500000 -2.440329 5.994955
v -185.500000 -2.878376 5.949893
v -185.500000 -3.310511 5.865190
v -185.500000 -3.733153 5.741542
v -185.500000 -4.142803 5.579979
v -185.500000 -4.536065 5.381837
v -185.500000 -4.909681 5.148758
v -185.500000 -5.260558 4.882673
v -185.500000 -5.585785 4.585786
v -185.500000 -5.882672 4.260559
v -185.500000 -6.148757 3.909683
v -185.500000 -6.381836 3.536066
v -185.500000 -6.579979 3.142803
v -185.500000 -6.741542 2.733154
v -185.500000 -6.865189 2.310512
v -185.500000 -6.949893 1.878376
v -185.500000 -6.994955 1.440329
v -185.500000 -7.000000 1.000000
v -185.500000 -17.888544 1.000001
v -185.500000 -17.771557 1.858629
v -185.500000 -17.613382 2.710632
v -185.500000 -17.414385 3.554035
v -185.500000 -17.175026 4.386883
v -185.500000 -16.895861 5.207246
v -185.500000 -16.577538 6.013222
v -185.500000 -16.220791 6.802945
v -185.500000 -15.826450 7.574583
v -185.500000 -15.395430 8.326346
v -185.500000 -14.928727 9.056495
v -185.500000 -14.427425 9.763336
v -185.500000 -13.892685 10.445230
v -185.500000 -13.325745 11.100600
v -185.500000 -12.727921 11.727923
v -185.500000 -12.100598 12.325747
v -185.500000 -11.445229 12.892687
v -185.500000 -10.763334 13.427427
v -185.500000 -10.056493 13.928729
v -185.500000 -9.326344 14.395432
v -185.500000 -8.574580 14.826452
v -185.500000 -7.802942 15.220792
v -185.500000 -7.013220 15.577538
v -185.500000 -6.207243 15.895861
v -185.500000 -5.386880 16.175026
v -185.500000 -4.554033 16.414385
v -185.500000 -3.710630 16.613382
v -185.500000 -2.858627 16.771557
v -181.000000 -1.999999 16.888544
v -181.000000 -2.000000 6.000000
v -181.000000 -2.440329 5.994955
v -181.000000 -2.878376 5.949893
v -181.000000 -3.310511 5.865190
v -181.000000 -3.733153 5.741542
v -181.000000 -4.142803 5.579979
v -181.000000 -4.536065 5.381837
v -181.000000 -4.909681 5.148758
v -181.000000 -5.260558 4.882673
v -181.000000 -5.585785 4.585786
v -181.000000 -5.882672 4.260559
v -181.000000 -6.148757 3.909683
v -181.000000 -6.381836 3.536066
v -181.000000 -6.579979 3.142803
v -181.000000 -6.741542 2.733154
v -181.000000 -6.865189 2.310512
v -181.000000 -6.949893 1.878376
v -181.000000 -6.994955 1.440329
v -181.000000 -7.000000 1.000000
v -181.000000 -17.888544 1.000001
v -181.000000 -17.771557 1.858629
v -181.000000 -17.613382 2.710632
v -181.000000 -17.414385 3.554035
v -181.000000 -17.175026 4.386883
v -181.000000 -16.895861 5.207246
v -181.000000 -16.577538 6.013222
v -181.000000 -16.220791 6.802945
v -181.000000 -15.826450 7.574583
v -181.000000 -15.395430 8.326346
v -181.000000 -14.928727 9.056495
v -181.000000 -14.427425 9.763336
v -181.000000 -13.892685 10.445230
v -181.000000 -13.325745 11.100600
v -181.000000 -12.727921 11.727923
v -181.000000 -12.100598 12.325747
v -181.000000 -11.445229 12.892687
v -181.000000 -10.763334 13.427427
v -181.000000 -10.056493 13.928729
v -181.000000 -9.326344 14.395432
v -181.000000 -8.574580 14.826452
v -181.000000 -7.802942 15.220792
v -181.000000 -7.013220 15.577538
v -181.000000 -6.207243 15.895861
v -181.000000 -5.386880 16.175026
v -181.000000 -4.554033 16.414385
v -181.000000 -3.710630 16.613382
v -181.000000 -2.858627 16.771557
v -181.000000 -7.000000 5.000000
v -181.000000 -7.173647 5.015193
v -181.000000 -7.342020 5.060308
v -181.000000 -7.500000 5.133976
v -181.000000 -7.642787 5.233956
v -181.000000 -7.766044 5.357213
v -181.000000 -7.866024 5.500000
v -181.000000 -7.939692 5.657980
v -181.000000 -7.984807 5.826353
v -181.000000 -8.000000 6.000000
v -181.000000 -7.984807 6.173648
v -181.000000 -7.939692 6.342021
v -181.000000 -7.866024 6.500000
v -181.000000 -7.766044 6.642788
v -181.000000 -7.642787 6.766045
v -181.000000 -7.500000 6.866025
v -181.000000 -7.342020 6.939693
v -181.000000 -7.173647 6.984808
v -181.000000 -7.000000 7.000000
v -181.000000 -6.826352 6.984808
v -181.000000 -6.657979 6.939693
v -181.000000 -6.500000 6.866025
v -181.000000 -6.357212 6.766045
v -181.000000 -6.233955 6.642788
v -181.000000 -6.133975 6.500000
v -181.000000 -6.060307 6.342021
v -181.000000 -6.015192 6.173648
v -181.000000 -6.000000 6.000000
v -181.000000 -6.015192 5.826353
v -181.000000 -6.060307 5.657980
v -181.000000 -6.133975 5.500000
v -181.000000 -6.233955 5.357213
v -181.000000 -6.357212 5.233956
v -181.000000 -6.500000 5.133976
v -181.000000 -6.657979 5.060308
v -181.000000 -6.826352 5.015193
v -173.000000 -7.000000 5.000000
v -173.000000 -7.173647 5.015193
v -173.000000 -7.342020 5.060308
v -173.000000 -7.500000 5.133976
v -173.000000 -7.642787 5.233956
v -173.000000 -7.766044 5.357213
v -173.000000 -7.866024 5.500000
v -173.000000 -7.939692 5.657980
v -173.000000 -7.984807 5.826353
v -173.000000 -8.000000 6.000000
v -173.000000 -7.984807 6.173648
v -173.000000 -7.939692 6.342021
v -173.000000 -7.866024 6.500000
v -173.000000 -7.766044 6.642788
v -173.000000 -7.642787 6.766045
v -173.000000 -7.500000 6.866025
v -173.000000 -7.342020 6.939693
v -173.000000 -7.173647 6.984808
v -173.000000 -7.000000 7.000000
v -173.000000 -6.826352 6.984808
v -173.000000 -6.657979 6.939693
v -173.000000 -6.500000 6.866025
v -173.000000 -6.357212 6.766045
v -173.000000 -6.233955 6.642788
v -173.000000 -6.133975 6.500000
v -173.000000 -6.060307 6.342021
v -173.000000 -6.015192 6.173648
v -173.000000 -6.000000 6.000000
v -173.000000 -6.015192 5.826353
v -173.000000 -6.060307 5.657980
v -173.000000 -6.133975 5.500000
v -173.000000 -6.233955 5.357213
v -173.000000 -6.357212 5.233956
v -173.000000 -6.500000 5.133976
v -173.000000 -6.657979 5.060308
v -173.000000 -6.826352 5.015193
v -178.333328 -7.000000 7.000000
v -175.666672 -7.000000 7.000000
v -178.333328 -6.826352 5.015193
v -175.666672 -6.826352 5.015193
v -175.666672 -7.000000 5.000000
v -178.333328 -7.000000 5.000000
v -178.333328 -6.657979 5.060308
v -175.666672 -6.657979 5.060308
v -178.333328 -6.500000 5.133976
v -175.666672 -6.500000 5.133976
v -178.333328 -6.357212 5.233956
v -175.666672 -6.357212 5.233956
v -178.333328 -6.233955 5.357213
v -175.666672 -6.233955 5.357213
v -178.333328 -6.133975 5.500000
v -175.666672 -6.133975 5.500000
v -178.333328 -6.060307 5.657980
v -175.666672 -6.060307 5.657980
v -178.333328 -6.015192 5.826353
v -175.666672 -6.015192 5.826353
v -178.333328 -6.000000 6.000000
v -175.666672 -6.000000 6.000000
v -178.333328 -6.015192 6.173648
v -175.666672 -6.015192 6.173648
v -178.333328 -6.060307 6.342021
v -175.666672 -6.060307 6.342021
v -178.333328 -6.133975 6.500000
v -175.666672 -6.133975 6.500000
v -178.333328 -6.233955 6.642788
v -175.666672 -6.233955 6.642788
v -178.333328 -6.357212 6.766045
v -175.666672 -6.357212 6.766045
v -178.333328 -6.500000 6.866025
v -175.666672 -6.500000 6.866025
v -178.333328 -6.657979 6.939693
v -175.666672 -6.657979 6.939693
v -178.333328 -6.826352 6.984808
v -175.666672 -6.826352 6.984808
v -178.333328 -7.173647 6.984808
v -175.666672 -7.173647 6.984808
v -178.333328 -7.342020 6.939693
v -175.666672 -7.342020 6.939693
v -178.333328 -7.500000 6.866025
v -175.666672 -7.500000 6.866025
v -178.333328 -7.642787 6.766045
v -175.666672 -7.642787 6.766045
v -178.333328 -7.766044 6.642788
v -175.666672 -7.766044 6.642788
v -178.333328 -7.866024 6.500000
v -175.666672 -7.866024 6.500000
v -178.333328 -7.939692 6.342021
v -175.666672 -7.939692 6.342021
v -178.333328 -7.984807 6.173648
v -175.666672 -7.984807 6.173648
v -178.333328 -8.000000 6.000000
v -175.666672 -8.000000 6.000000
v -178.333328 -7.984807 5.826353
v -175.666672 -7.984807 5.826353
v -178.333328 -7.939692 5.657980
v -175.666672 -7.939692 5.657980
v -178.333328 -7.866024 5.500000
v -175.666672 -7.866024 5.500000
v -178.333328 -7.766044 5.357213
v -175.666672 -7.766044 5.357213
v -178.333328 -7.642787 5.233956
v -175.666672 -7.642787 5.233956
v -178.333328 -7.500000 5.133976
v -175.666672 -7.500000 5.133976
v -178.333328 -7.342020 5.060308
v -175.666672 -7.342020 5.060308
v -178.333328 -7.173647 5.015193
v -175.666672 -7.173647 5.015193
v -173.000000 -1.999999 16.888544
v -173.000000 -2.000000 6.000000
v -173.000000 -2.440329 5.994955
v -173.000000 -2.878376 5.949893
v -173.000000 -3.310511 5.865190
v -173.000000 -3.733153 5.741542
v -173.000000 -4.142803 5.579979
v -173.000000 -4.536065 5.381837
v -173.000000 -4.909681 5.148758
v -173.000000 -5.260558 4.882673
v -173.000000 -5.585785 4.585786
v -173.000000 -5.882672 4.260559
v -173.000000 -6.148757 3.909683
v -173.000000 -6.381836 3.536066
v -173.000000 -6.579979 3.142803
v -173.000000 -6.741542 2.733154
v -173.000000 -6.865189 2.310512
v -173.000000 -6.949893 1.878376
v -173.000000 -6.994955 1.440329
v -173.000000 -7.000000 1.000000
v -173.000000 -17.888544 1.000001
v -173.000000 -17.771557 1.858629
v -173.000000 -17.613382 2.710632
v -173.000000 -17.414385 3.554035
v -173.000000 -17.175026 4.386883
v -173.000000 -16.895861 5.207246
v -173.000000 -16.577538 6.013222
v -173.000000 -16.220791 6.802945
v -173.000000 -15.826450 7.574583
v -173.000000 -15.395430 8.326346
v -173.000000 -14.928727 9.056495
v -173.000000 -14.427425 9.763336
v -173.000000 -13.892685 10.445230
v -173.000000 -13.325745 11.100600
v -173.000000 -12.727921 11.727923
v -173.000000 -12.100598 12.325747
v -173.000000 -11.445229 12.892687
v -173.000000 -10.763334 13.427427
v -173.000000 -10.056493 13.928729
v -173.000000 -9.326344 14.395432
v -173.000000 -8.574580 14.826452
v -173.000000 -7.802942 15.220792
v -173.000000 -7.013220 15.577538
v -173.000000 -6.207243 15.895861
v -173.000000 -5.386880 16.175026
v -173.000000 -4.554033 16.414385
v -173.000000 -3.710630 16.613382
v -173.000000 -2.858627 16.771557
v -168.500000 -1.999999 16.888544
v -168.500000 -2.000000 6.000000
v -168.500000 -2.440329 5.994955
v -168.500000 -2.878376 5.949893
v -168.500000 -3.310511 5.865190
v -168.500000 -3.733153 5.741542
v -168.500000 -4.142803 5.579979
v -168.500000 -4.536065 5.381837
v -168.500000 -4.909681 5.148758
v -168.500000 -5.260558 4.882673
v -168.500000 -5.585785 4.585786
v -168.500000 -5.882672 4.260559
v -168.500000 -6.148757 3.909683
v -168.500000 -6.381836 3.536066
v -168.500000 -6.579979 3.142803
v -168.500000 -6.741542 2.733154
v -168.500000 -6.865189 2.310512
v -168.500000 -6.949893 1.878376
v -168.500000 -6.994955 1.440329
v -168.500000 -7.000000 1.000000
v -168.500000 -17.888544 1.000001
v -168.500000 -17.771557 1.858629
v -168.500000 -17.613382 2.710632
v -168.500000 -17.414385 3.554035
v -168.500000 -17.175026 4.386883
v -168.500000 -16.895861 5.207246
v -168.500000 -16.577538 6.013222
v -168.500000 -16.220791 6.802945
v -168.500000 -15.826450 7.574583
v -168.500000 -15.395430 8.326346
v -168.500000 -14.928727 9.056495
v -168.500000 -14.427425 9.763336
v -168.500000 -13.892685 10.445230
v -168.500000 -13.325745 11.100600
v -168.500000 -12.727921 11.727923
v -168.500000 -12.100598 12.325747
v -168.500000 -11.445229 12.892687
v -168.500000 -10.763334 13.427427
v -168.500000 -10.056493 13.928729
v -168.500000 -9.326344 14.395432
v -168.500000 -8.574580 14.826452
v -168.500000 -7.802942 15.220792
v -168.500000 -7.013220 15.577538
v -168.500000 -6.207243 15.895861
v -168.500000 -5.386880 16.175026
v -168.500000 -4.554033 16.414385
v -168.500000 -3.710630 16.613382
v -168.500000 -2.858627 16.771557
v -168.500000 -7.000000 5.000000
v -168.500000 -7.173647 5.015193
v -168.500000 -7.342020 5.060308
v -168.500000 -7.500000 5.133976
v -168.500000 -7.642787 5.233956
v -168.500000 -7.766044 5.357213
v -168.500000 -7.866024 5.500000
v -168.500000 -7.939692 5.657980
v -168.500000 -7.984807 5.826353
v -168.500000 -8.000000 6.000000
v -168.500000 -7.984807 6.173648
v -168.500000 -7.939692 6.342021
v -168.500000 -7.866024 6.500000
v -168.500000 -7.766044 6.642788
v -168.500000 -7.642787 6.766045
v -168.500000 -7.500000 6.866025
v -168.500000 -7.342020 6.939693
v -168.500000 -7.173647 6.984808
v -168.500000 -7.000000 7.000000
v -168.500000 -6.826352 6.984808
v -168.500000 -6.657979 6.939693
v -168.500000 -6.500000 6.866025
v -168.500000 -6.357212 6.766045
v -168.500000 -6.233955 6.642788
v -168.500000 -6.133975 6.500000
v -168.500000 -6.060307 6.342021
v -168.500000 -6.015192 6.173648
v -168.500000 -6.000000 6.000000
v -168.500000 -6.015192 5.826353
v -168.500000 -6.060307 5.657980
v -168.500000 -6.133975 5.500000
v -168.500000 -6.233955 5.357213
v -168.500000 -6.357212 5.233956
v -168.500000 -6.500000 5.133976
v -168.500000 -6.657979 5.060308
v -168.500000 -6.826352 5.015193
v -160.500000 -7.000000 5.000000
v -160.500000 -7.173647 5.015193
v -160.500000 -7.342020 5.060308
v -160.500000 -7.500000 5.133976
v -160.500000 -7.642787 5.233956
v -160.500000 -7.766044 5.357213
v -160.500000 -7.866024 5.500000
v -160.500000 -7.939692 5.657980
v -160.500000 -7.984807 5.826353
v -160.500000 -8.000000 6.000000
v -160.500000 -7.984807 6.173648
v -160.500000 -7.939692 6.342021
v -160.500000 -7.866024 6.500000
v -160.500000 -7.766044 6.642788
v -160.500000 -7.642787 6.766045
v -160.500000 -7.500000 6.866025
v -160.500000 -7.342020 6.939693
v -160.500000 -7.173647 6.984808
v -160.500000 -7.000000 7.000000
v -160.500000 -6.826352 6.984808
v -160.500000 -6.657979 6.939693
v -160.500000 -6.500000 6.866025
v -160.500000 -6.357212 6.766045
v -160.500000 -6.233955 6.642788
v -160.500000 -6.133975 6.500000
v -160.500000 -6.060307 6.342021
v -160.500000 -6.015192 6.173648
v -160.500000 -6.000000 6.000000
v -160.500000 -6.015192 5.826353
v -160.500000 -6.060307 5.657980
v -160.500000 -6.133975 5.500000
v -160.500000 -6.233955 5.357213
v -160.500000 -6.357212 5.233956
v -160.500000 -6.500000 5.133976
v -160.500000 -6.657979 5.060308
v -160.500000 -6.826352 5.015193
v -165.833328 -7.000000 7.000000
v -163.166672 -7.000000 7.000000
v -165.833328 -6.826352 5.015193
v -163.166672 -6.826352 5.015193
v -163.166672 -7.000000 5.000000
v -165.833328 -7.000000 5.000000
v -165.833328 -6.657979 5.060308
v -163.166672 -6.657979 5.060308
v -165.833328 -6.500000 5.133976
v -163.166672 -6.500000 5.133976
v -165.833328 -6.357212 5.233956
v -163.166672 -6.357212 5.233956
v -165.833328 -6.233955 5.357213
v -163.166672 -6.233955 5.357213
v -165.833328 -6.133975 5.500000
v -163.166672 -6.133975 5.500000
v -165.833328 -6.060307 5.657980
v -163.166672 -6.060307 5.657980
v -165.833328 -6.015192 5.826353
v -163.166672 -6.015192 5.826353
v -165.833328 -6.000000 6.000000
v -163.166672 -6.000000 6.000000
v -165.833328 -6.015192 6.173648
v -163.166672 -6.015192 6.173648
v -165.833328 -6.060307 6.342021
v -163.166672 -6.060307 6.342021
v -165.833328 -6.133975 6.500000
v -163.166672 -6.133975 6.500000
v -165.833328 -6.233955 6.642788
v -163.166672 -6.233955 6.642788
v -165.833328 -6.357212 6.766045
v -163.166672 -6.357212 6.766045
v -165.833328 -6.500000 6.866025
v -163.166672 -6.500000 6.866025
v -165.833328 -6.657979 6.939693
v -163.166672 -6.657979 6.939693
v -165.833328 -6.826352 6.984808
v -163.166672 -6.826352 6.984808
v -165.833328 -7.173647 6.984808
v -163.166672 -7.173647 6.984808
v -165.833328 -7.342020 6.939693
v -163.166672 -7.342020 6.939693
v -165.833328 -7.500000 6.866025
v -163.166672 -7.500000 6.866025
v -165.833328 -7.642787 6.766045
v -163.166672 -7.642787 6.766045
v -165.833328 -7.766044 6.642788
v -163.166672 -7.766044 6.642788
v -165.833328 -7.866024 6.500000
v -163.166672 -7.866024 6.500000
v -165.833328 -7.939692 6.342021
v -163.166672 -7.939692 6.342021
v -165.833328 -7.984807 6.173648
v -163.166672 -7.984807 6.173648
v -165.833328 -8.000000 6.000000
v -163.166672 -8.000000 6.000000
v -165.833328 -7.984807 5.826353
v -163.166672 -7.984807 5.826353
v -165.833328 -7.939692 5.657980
v -163.166672 -7.939692 5.657980
v -165.833328 -7.866024 5.500000
v -163.166672 -7.866024 5.500000
v -165.833328 -7.766044 5.357213
v -163.166672 -7.766044 5.357213
v -165.833328 -7.642787 5.233956
v -163.166672 -7.642787 5.233956
v -165.833328 -7.500000 5.133976
v -163.166672 -7.500000 5.133976
v -165.833328 -7.342020 5.060308
v -163.166672 -7.342020 5.060308
v -165.833328 -7.173647 5.015193
v -163.166672 -7.173647 5.015193
v -160.500000 -1.999999 16.888544
v -160.500000 -2.000000 6.000000
v -160.500000 -2.440329 5.994955
v -160.500000 -2.878376 5.949893
v -160.500000 -3.310511 5.865190
v -160.500000 -3.733153 5.741542
v -160.500000 -4.142803 5.579979
v -160.500000 -4.536065 5.381837
v -160.500000 -4.909681 5.148758
v -160.500000 -5.260558 4.882673
v -160.500000 -5.585785 4.585786
v -160.500000 -5.882672 4.260559
v -160.500000 -6.148757 3.909683
v -160.500000 -6.381836 3.536066
v -160.500000 -6.579979 3.142803
v -160.500000 -6.741542 2.733154
v -160.500000 -6.865189 2.310512
v -160.500000 -6.949893 1.878376
v -160.500000 -6.994955 1.440329
v -160.500000 -7.000000 1.000000
v -160.500000 -17.888544 1.000001
v -160.500000 -17.771557 1.858629
v -160.500000 -17.613382 2.710632
v -160.500000 -17.414385 3.554035
v -160.500000 -17.175026 4.386883
v -160.500000 -16.895861 5.207246
v -160.500000 -16.577538 6.013222
v -160.500000 -16.220791 6.802945
v -160.500000 -15.826450 7.574583
v -160.500000 -15.395430 8.326346
v -160.500000 -14.928727 9.056495
v -160.500000 -14.427425 9.763336
v -160.500000 -13.892685 10.445230
v -160.500000 -13.325745 11.100600
v -160.500000 -12.727921 11.727923
v -160.500000 -12.100598 12.325747
v -160.500000 -11.445229 12.892687
v -160.500000 -10.763334 13.427427
v -160.500000 -10.056493 13.928729
v -160.500000 -9.326344 14.395432
v -160.500000 -8.574580 14.826452
v -160.500000 -7.802942 15.220792
v -160.500000 -7.013220 15.577538
v -160.500000 -6.207243 15.895861
v -160.500000 -5.386880 16.175026
v -160.500000 -4.554033 16.414385
v -160.500000 -3.710630 16.613382
v -160.500000 -2.858627 16.771557
v -156.000000 -1.999999 16.888544
v -156.000000 -2.000000 6.000000
v -156.000000 -2.440329 5.994955
v -156.000000 -2.878376 5.949893
v -156.000000 -3.310511 5.865190
v -156.000000 -3.733153 5.741542
v -156.000000 -4.142803 5.579979
v -156.000000 -4.536065 5.381837
v -156.000000 -4.909681 5.148758
v -156.000000 -5.260558 4.882673
v -156.000000 -5.585785 4.585786
v -156.000000 -5.882672 4.260559
v -156.000000 -6.148757 3.909683
v -156.000000 -6.381836 3.536066
v -156.000000 -6.579979 3.142803
v -156.000000 -6.741542 2.733154
v -156.000000 -6.865189 2.310512
v -156.000000 -6.949893 1.878376
v -156.000000 -6.994955 1.440329
v -156.000000 -7.000000 1.000000
v -156.000000 -17.888544 1.000001
v -156.000000 -17.771557 1.858629
v -156.000000 -17.613382 2.710632
v -156.000000 -17.414385 3.554035
v -156.000000 -17.175026 4.386883
v -156.000000 -16.895861 5.207246
v -156.000000 -16.577538 6.013222
v -156.000000 -16.220791 6.802945
v -156.000000 -15.826450 7.574583
v -156.000000 -15.395430 8.326346
v -156.000000 -14.928727 9.056495
v -156.000000 -14.427425 9.763336
v -156.000000 -13.892685 10.445230
v -156.000000 -13.325745 11.100600
v -156.000000 -12.727921 11.727923
v -156.000000 -12.100598 12.325747
v -156.000000 -11.445229 12.892687
v -156.000000 -10.763334 13.427427
v -156.000000 -10.056493 13.928729
v -156.000000 -9.326344 14.395432
v -156.000000 -8.574580 14.826452
v -156.000000 -7.802942 15.220792
v -156.000000 -7.013220 15.577538
v -156.000000 -6.207243 15.895861
v -156.000000 -5.386880 16.175026
v -156.000000 -4.554033 16.414385
v -156.000000 -3.710630 16.613382
v -156.000000 -2.858627 16.771557
v -156.000000 -7.000000 5.000000
v -156.000000 -7.173647 5.015193
v -156.000000 -7.342020 5.060308
v -156.000000 -7.500000 5.133976
v -156.000000 -7.642787 5.233956
v -156.000000 -7.766044 5.357213
v -156.000000 -7.866024 5.500000
v -156.000000 -7.939692 5.657980
v -156.000000 -7.984807 5.826353
v -156.000000 -8.000000 6.000000
v -156.000000 -7.984807 6.173648
v -156.000000 -7.939692 6.342021
v -156.000000 -7.866024 6.500000
v -156.000000 -7.766044 6.642788
v -156.000000 -7.642787 6.766045
v -156.000000 -7.500000 6.866025
v -156.000000 -7.342020 6.939693
v -156.000000 -7.173647 6.984808
v -156.000000 -7.000000 7.000000
v -156.000000 -6.826352 6.984808
v -156.000000 -6.657979 6.939693
v -156.000000 -6.500000 6.866025
v -156.000000 -6.357212 6.766045
v -156.000000 -6.233955 6.642788
v -156.000000 -6.133975 6.500000
v -156.000000 -6.060307 6.342021
v -156.000000 -6.015192 6.173648
v -156.000000 -6.000000 6.000000
v -156.000000 -6.015192 5.826353
v -156.000000 -6.060307 5.657980
v -156.000000 -6.133975 5.500000
v -156.000000 -6.233955 5.357213
v -156.000000 -6.357212 5.233956
v -156.000000 -6.500000 5.133976
v -156.000000 -6.657979 5.060308
v -156.000000 -6.826352 5.015193
v -148.000000 -7.000000 5.000000
v -148.000000 -7.173647 5.015193
v -148.000000 -7.342020 5.060308
v -148.000000 -7.500000 5.133976
v -148.000000 -7.642787 5.233956
v -148.000000 -7.766044 5.357213
v -148.000000 -7.866024 5.500000
v -148.000000 -7.939692 5.657980
v -148.000000 -7.984807 5.826353
v -148.000000 -8.000000 6.000000
v -148.000000 -7.984807 6.173648
v -148.000000 -7.939692 6.342021
v -148.000000 -7.866024 6.500000
v -148.000000 -7.766044 6.642788
v -148.000000 -7.642787 6.766045
v -148.000000 -7.500000 6.866025
v -148.000000 -7.342020 6.939693
v -148.000000 -7.173647 6.984808
v -148.000000 -7.000000 7.000000
v -148.000000 -6.826352 6.984808
v -148.000000 -6.657979 6.939693
v -148.000000 -6.500000 6.866025
v -148.000000 -6.357212 6.766045
v -148.000000 -6.233955 6.642788
v -148.000000 -6.133975 6.500000
v -148.000000 -6.060307 6.342021
v -148.000000 -6.015192 6.173648
v -148.000000 -6.000000 6.000000
v -148.000000 -6.015192 5.826353
v -148.000000 -6.060307 5.657980
v -148.000000 -6.133975 5.500000
v -148.000000 -6.233955 5.357213
v -148.000000 -6.357212 5.233956
v -148.000000 -6.500000 5.133976
v -148.000000 -6.657979 5.060308
v -148.000000 -6.826352 5.015193
v -153.333328 -7.000000 7.000000
v -150.666672 -7.000000 7.000000
v -153.333328 -6.826352 5.015193
v -150.666672 -6.826352 5.015193
v -150.666672 -7.000000 5.000000
v -153.333328 -7.000000 5.000000
v -153.333328 -6.657979 5.060308
v -150.666672 -6.657979 5.060308
v -153.333328 -6.500000 5.133976
v -150.666672 -6.500000 5.133976
v -153.333328 -6.357212 5.233956
v -150.666672 -6.357212 5.233956
v -153.333328 -6.233955 5.357213
v -150.666672 -6.233955 5.357213
v -153.333328 -6.133975 5.500000
v -150.666672 -6.133975 5.500000
v -153.333328 -6.060307 5.657980
v -150.666672 -6.060307 5.657980
v -153.333328 -6.015192 5.826353
v -150.666672 -6.015192 5.826353
v -153.333328 -6.000000 6.000000
v -150.666672 -6.000000 6.000000
v -153.333328 -6.015192 6.173648
v -150.666672 -6.015192 6.173648
v -153.333328 -6.060307 6.342021
v -150.666672 -6.060307 6.342021
v -153.333328 -6.133975 6.500000
v -150.666672 -6.133975 6.500000
v -153.333328 -6.233955 6.642788
v -150.666672 -6.233955 6.642788
v -153.333328 -6.357212 6.766045
v -150.666672 -6.357212 6.766045
v -153.333328 -6.500000 6.866025
v -150.666672 -6.500000 6.866025
v -153.333328 -6.657979 6.939693
v -150.666672 -6.657979 6.939693
v -153.333328 -6.826352 6.984808
v -150.666672 -6.826352 6.984808
v -153.333328 -7.173647 6.984808
v -150.666672 -7.173647 6.984808
v -153.333328 -7.342020 6.939693
v -150.666672 -7.342020 6.939693
v -153.333328 -7.500000 6.866025
v -150.666672 -7.500000 6.866025
v -153.333328 -7.642787 6.766045
v -150.666672 -7.642787 6.766045
v -153.333328 -7.766044 6.642788
v -150.666672 -7.766044 6.642788
v -153.333328 -7.866024 6.500000
v -150.666672 -7.866024 6.500000
v -153.333328 -7.939692 6.342021
v -150.666672 -7.939692 6.342021
v -153.333328 -7.984807 6.173648
v -150.666672 -7.984807 6.173648
v -153.333328 -8.000000 6.000000
v -150.666672 -8.000000 6.000000
v -153.333328 -7.984807 5.826353
v -150.666672 -7.984807 5.826353
v -153.333328 -7.939692 5.657980
v -150.666672 -7.939692 5.657980
v -153.333328 -7.866024 5.500000
v -150.666672 -7.866024 5.500000
v -153.333328 -7.766044 5.357213
v -150.666672 -7.766044 5.357213
v -153.333328 -7.642787 5.233956
v -150.666672 -7.642787 5.233956
v -153.333328 -7.500000 5.133976
v -150.666672 -7.500000 5.133976
v -153.333328 -7.342020 5.060308
v -150.666672 -7.342020 5.060308
v -153.333328 -7.173647 5.015193
v -150.666672 -7.173647 5.015193
v -148.000000 -1.999999 16.888544
v -148.000000 -2.000000 6.000000
v -148.000000 -2.440329 5.994955
v -148.000000 -2.878376 5.949893
v -148.000000 -3.310511 5.865190
v -148.000000 -3.733153 5.741542
v -148.000000 -4.142803 5.579979
v -148.000000 -4.536065 5.381837
v -148.000000 -4.909681 5.148758
v -148.000000 -5.260558 4.882673
v -148.000000 -5.585785 4.585786
v -148.000000 -5.882672 4.260559
v -148.000000 -6.148757 3.909683
v -148.000000 -6.381836 3.536066
v -148.000000 -6.579979 3.142803
v -148.000000 -6.741542 2.733154
v -148.000000 -6.865189 2.310512
v -148.000000 -6.949893 1.878376
v -148.000000 -6.994955 1.440329
v -148.000000 -7.000000 1.000000
v -148.000000 -17.888544 1.000001
v -148.000000 -17.771557 1.858629
v -148.000000 -17.613382 2.710632
v -148.000000 -17.414385 3.554035
v -148.000000 -17.175026 4.386883
v -148.000000 -16.895861 5.207246
v -148.000000 -16.577538 6.013222
v -148.000000 -16.220791 6.802945
v -148.000000 -15.826450 7.574583
v -148.000000 -15.395430 8.326346
v -148.000000 -14.928727 9.056495
v -148.000000 -14.427425 9.763336
v -148.000000 -13.892685 10.445230
v -148.000000 -13.325745 11.100600
v -148.000000 -12.727921 11.727923
v -148.000000 -12.100598 12.325747
v -148.000000 -11.445229 12.892687
v -148.000000 -10.763334 13.427427
v -148.000000 -10.056493 13.928729
v -148.000000 -9.326344 14.395432
v -148.000000 -8.574580 14.826452
v -148.000000 -7.802942 15.220792
v -148.000000 -7.013220 15.577538
v -148.000000 -6.207243 15.895861
v -148.000000 -5.386880 16.175026
v -148.000000 -4.554033 16.414385
v -148.000000 -3.710630 16.613382
v -148.000000 -2.858627 16.771557
v -143.500000 -1.999999 16.888544
v -143.500000 -2.000000 6.000000
v -143.500000 -2.440329 5.994955
v -143.500000 -2.878376 5.949893
v -143.500000 -3.310511 5.865190
v -143.500000 -3.733153 5.741542
v -143.500000 -4.142803 5.579979
v -143.500000 -4.536065 5.381837
v -143.500000 -4.909681 5.148758
v -143.500000 -5.260558 4.882673
v -143.500000 -5.585785 4.585786
v -143.500000 -5.882672 4.260559
v -143.500000 -6.148757 3.909683
v -143.500000 -6.381836 3.536066
v -143.500000 -6.579979 3.142803
v -143.500000 -6.741542 2.733154
v -143.500000 -6.865189 2.310512
v -143.500000 -6.949893 1.878376
v -143.500000 -6.994955 1.440329
v -143.500000 -7.000000 1.000000
v -143.500000 -17.888544 1.000001
v -143.500000 -17.771557 1.858629
v -143.500000 -17.613382 2.710632
v -143.500000 -17.414385 3.554035
v -143.500000 -17.175026 4.386883
v -143.500000 -16.895861 5.207246
v -143.500000 -16.577538 6.013222
v -143.500000 -16.220791 6.802945
v -143.500000 -15.826450 7.574583
v -143.500000 -15.395430 8.326346
v -143.500000 -14.928727 9.056495
v -143.500000 -14.427425 9.763336
v -143.500000 -13.892685 10.445230
v -143.500000 -13.325745 11.100600
v -143.500000 -12.727921 11.727923
v -143.500000 -12.100598 12.325747
v -143.500000 -11.445229 12.892687
v -143.500000 -10.763334 13.427427
v -143.500000 -10.056493 13.928729
v -143.500000 -9.326344 14.395432
v -143.500000 -8.574580 14.826452
v -143.500000 -7.802942 15.220792
v -143.500000 -7.013220 15.577538
v -143.500000 -6.207243 15.895861
v -143.500000 -5.386880 16.175026
v -143.500000 -4.554033 16.414385
v -143.500000 -3.710630 16.613382
v -143.500000 -2.858627 16.771557
v -143.500000 -7.000000 5.000000
v -143.500000 -7.173647 5.015193
v -143.500000 -7.342020 5.060308
v -143.500000 -7.500000 5.133976
v -143.500000 -7.642787 5.233956
v -143.500000 -7.766044 5.357213
v -143.500000 -7.866024 5.500000
v -143.500000 -7.939692 5.657980
v -143.500000 -7.984807 5.826353
v -143.500000 -8.000000 6.000000
v -143.500000 -7.984807 6.173648
v -143.500000 -7.939692 6.342021
v -143.500000 -7.866024 6.500000
v -143.500000 -7.766044 6.642788
v -143.500000 -7.642787 6.766045
v -143.500000 -7.500000 6.866025
v -143.500000 -7.342020 6.939693
v -143.500000 -7.173647 6.984808
v -143.500000 -7.000000 7.000000
v -143.500000 -6.826352 6.984808
v -143.500000 -6.657979 6.939693
v -143.500000 -6.500000 6.866025
v -143.500000 -6.357212 6.766045
v -143.500000 -6.233955 6.642788
v -143.500000 -6.133975 6.500000
v -143.500000 -6.060307 6.342021
v -143.500000 -6.015192 6.173648
v -143.500000 -6.000000 6.000000
v -143.500000 -6.015192 5.826353
v -143.500000 -6.060307 5.657980
v -143.500000 -6.133975 5.500000
v -143.500000 -6.233955 5.357213
v -143.500000 -6.357212 5.233956
v -143.500000 -6.500000 5.133976
v -143.500000 -6.657979 5.060308
v -143.500000 -6.826352 5.015193
v -135.500000 -7.000000 5.000000
v -135.500000 -7.173647 5.015193
v -135.500000 -7.342020 5.060308
v -135.500000 -7.500000 5.133976
v -135.500000 -7.642787 5.233956
v -135.500000 -7.766044 5.357213
v -135.500000 -7.866024 5.500000
v -135.500000 -7.939692 5.657980
v -135.500000 -7.984807 5.826353
v -135.500000 -8.000000 6.000000
v -135.500000 -7.984807 6.173648
v -135.500000 -7.939692 6.342021
v -135.500000 -7.866024 6.500000
v -135.500000 -7.766044 6.642788
v -135.500000 -7.642787 6.766045
v -135.500000 -7.500000 6.866025
v -135.500000 -7.342020 6.939693
v -135.500000 -7.173647 6.984808
v -135.500000 -7.000000 7.000000
v -135.500000 -6.826352 6.984808
v -135.500000 -6.657979 6.939693
v -135.500000 -6.500000 6.866025
v -135.500000 -6.357212 6.766045
v -135.500000 -6.233955 6.642788
v -135.500000 -6.133975 6.500000
v -135.500000 -6.060307 6.342021
v -135.500000 -6.015192 6.173648
v -135.500000 -6.000000 6.000000
v -135.500000 -6.015192 5.826353
v -135.500000 -6.060307 5.657980
v -135.500000 -6.133975 5.500000
v -135.500000 -6.233955 5.357213
v -135.500000 -6.357212 5.233956
v -135.500000 -6.500000 5.133976
v -135.500000 -6.657979 5.060308
v -135.500000 -6.826352 5.015193
v -138.166672 -7.000000 7.000000
v -140.833328 -7.000000 7.000000
v -138.166672 -7.173647 5.015193
v -140.833328 -7.173647 5.015193
v -140.833328 -7.000000 5.000000
v -138.166672 -7.000000 5.000000
v -138.166672 -7.342020 5.060308
v -140.833328 -7.342020 5.060308
v -138.166672 -7.500000 5.133976
v -140.833328 -7.500000 5.133976
v -138.166672 -7.642787 5.233956
v -140.833328 -7.642787 5.233956
v -138.166672 -7.766044 5.357213
v -140.833328 -7.766044 5.357213
v -138.166672 -7.866024 5.500000
v -140.833328 -7.866024 5.500000
v -138.166672 -7.939692 5.657980
v -140.833328 -7.939692 5.657980
v -138.166672 -7.984807 5.826353
v -140.833328 -7.984807 5.826353
v -138.166672 -8.000000 6.000000
v -140.833328 -8.000000 6.000000
v -138.166672 -7.984807 6.173648
v -140.833328 -7.984807 6.173648
v -138.166672 -7.939692 6.342021
v -140.833328 -7.939692 6.342021
v -138.166672 -7.866024 6.500000
v -140.833328 -7.866024 6.500000
v -138.166672 -7.766044 6.642788
v -140.833328 -7.766044 6.642788
v -138.166672 -7.642787 6.766045
v -140.833328 -7.642787 6.766045
v -138.166672 -7.500000 6.866025
v -140.833328 -7.500000 6.866025
v -138.166672 -7.342020 6.939693
v -140.833328 -7.342020 6.939693
v -138.166672 -7.173647 6.984808
v -140.833328 -7.173647 6.984808
v -138.166672 -6.826352 6.984808
v -140.833328 -6.826352 6.984808
v -138.166672 -6.657979 6.939693
v -140.833328 -6.657979 6.939693
v -138.166672 -6.500000 6.866025
v -140.833328 -6.500000 6.866025
v -138.166672 -6.357212 6.766045
v -140.833328 -6.357212 6.766045
v -138.166672 -6.233955 6.642788
v -140.833328 -6.233955 6.642788
v -138.166672 -6.133975 6.500000
v -140.833328 -6.133975 6.500000
v -138.166672 -6.060307 6.342021
v -140.833328 -6.060307 6.342021
v -138.166672 -6.015192 6.173648
v -140.833328 -6.015192 6.173648
v -138.166672 -6.000000 6.000000
v -140.833328 -6.000000 6.000000
v -138.166672 -6.015192 5.826353
v -140.833328 -6.015192 5.826353
v -138.166672 -6.060307 5.657980
v -140.833328 -6.060307 5.657980
v -138.166672 -6.133975 5.500000
v -140.833328 -6.133975 5.500000
v -138.166672 -6.233955 5.357213
v -140.833328 -6.233955 5.357213
v -138.166672 -6.357212 5.233956
v -140.833328 -6.357212 5.233956
v -138.166672 -6.500000 5.133976
v -140.833328 -6.500000 5.133976
v -138.166672 -6.657979 5.060308
v -140.833328 -6.657979 5.060308
v -138.166672 -6.826352 5.015193
v -140.833328 -6.826352 5.015193
v -135.500000 -1.999999 16.888544
v -135.500000 -2.000000 6.000000
v -135.500000 -2.440329 5.994955
v -135.500000 -2.878376 5.949893
v -135.500000 -3.310511 5.865190
v -135.500000 -3.733153 5.741542
v -135.500000 -4.142803 5.579979
v -135.500000 -4.536065 5.381837
v -135.500000 -4.909681 5.148758
v -135.500000 -5.260558 4.882673
v -135.500000 -5.585785 4.585786
v -135.500000 -5.882672 4.260559
v -135.500000 -6.148757 3.909683
v -135.500000 -6.381836 3.536066
v -135.500000 -6.579979 3.142803
v -135.500000 -6.741542 2.733154
v -135.500000 -6.865189 2.310512
v -135.500000 -6.949893 1.878376
v -135.500000 -6.994955 1.440329
v -135.500000 -7.000000 1.000000
v -135.500000 -17.888544 1.000001
v -135.500000 -17.771557 1.858629
v -135.500000 -17.613382 2.710632
v -135.500000 -17.414385 3.554035
v -135.500000 -17.175026 4.386883
v -135.500000 -16.895861 5.207246
v -135.500000 -16.577538 6.013222
v -135.500000 -16.220791 6.802945
v -135.500000 -15.826450 7.574583
v -135.500000 -15.395430 8.326346
v -135.500000 -14.928727 9.056495
v -135.500000 -14.427425 9.763336
v -135.500000 -13.892685 10.445230
v -135.500000 -13.325745 11.100600
v -135.500000 -12.727921 11.727923
v -135.500000 -12.100598 12.325747
v -135.500000 -11.445229 12.892687
v -135.500000 -10.763334 13.427427
v -135.500000 -10.056493 13.928729
v -135.500000 -9.326344 14.395432
v -135.500000 -8.574580 14.826452
v -135.500000 -7.802942 15.220792
v -135.500000 -7.013220 15.577538
v -135.500000 -6.207243 15.895861
v -135.500000 -5.386880 16.175026
v -135.500000 -4.554033 16.414385
v -135.500000 -3.710630 16.613382
v -135.500000 -2.858627 16.771557
v -131.000000 -1.999999 16.888544
v -131.000000 -2.000000 6.000000
v -131.000000 -2.440329 5.994955
v -131.000000 -2.878376 5.949893
v -131.000000 -3.310511 5.865190
v -131.000000 -3.733153 5.741542
v -131.000000 -4.142803 5.579979
v -131.000000 -4.536065 5.381837
v -131.000000 -4.909681 5.148758
v -131.000000 -5.260558 4.882673
v -131.000000 -5.585785 4.585786
v -131.000000 -5.882672 4.260559
v -131.000000 -6.148757 3.909683
v -131.000000 -6.381836 3.536066
v -131.000000 -6.579979 3.142803
v -131.000000 -6.741542 2.733154
v -131.000000 -6.865189 2.310512
v -131.000000 -6.949893 1.878376
v -131.000000 -6.994955 1.440329
v -131.000000 -7.000000 1.000000
v -131.000000 -17.888544 1.000001
v -131.000000 -17.771557 1.858629
v -131.000000 -17.613382 2.710632
v -131.000000 -17.414385 3.554035
v -131.000000 -17.175026 4.386883
v -131.000000 -16.895861 5.207246
v -131.000000 -16.577538 6.013222
v -131.000000 -16.220791 6.802945
v -131.000000 -15.826450 7.574583
v -131.000000 -15.395430 8.326346
v -131.000000 -14.928727 9.056495
v -131.000000 -14.427425 9.763336
v -131.000000 -13.892685 10.445230
v -131.000000 -13.325745 11.100600
v -131.000000 -12.727921 11.727923
v -131.000000 -12.100598 12.325747
v -131.000000 -11.445229 12.892687
v -131.000000 -10.763334 13.427427
v -131.000000 -10.056493 13.928729
v -131.000000 -9.326344 14.395432
v -131.000000 -8.574580 14.826452
v -131.000000 -7.802942 15.220792
v -131.000000 -7.013220 15.577538
v -131.000000 -6.207243 15.895861
v -131.000000 -5.386880 16.175026
v -131.000000 -4.554033 16.414385
v -131.000000 -3.710630 16.613382
v -131.000000 -2.858627 16.771557
vn -0.0000 -0.9938 0.1111
vn -0.0000 -0.9873 0.1588
vn -0.0000 -0.9785 0.2061
vn -0.0000 -0.9675 0.2530
vn -0.0000 -0.9542 0.2993
vn -0.0000 -0.9387 0.3448
vn -0.0000 -0.9210 0.3896
vn -0.0000 -0.9012 0.4335
vn -0.0000 -0.8792 0.4764
vn -0.0000 -0.8553 0.5181
vn -0.0000 -0.8294 0.5587
vn -0.0000 -0.8015 0.5980
vn -0.0000 -0.7718 0.6358
vn -0.0000 -0.7403 0.6723
vn -0.0000 -0.7071 0.7071
vn -0.0000 -0.6723 0.7403
vn -0.0000 -0.6358 0.7718
vn -0.0000 -0.5980 0.8015
vn -0.0000 -0.5587 0.8294
vn -0.0000 -0.5181 0.8553
vn -0.0000 -0.4764 0.8792
vn -0.0000 -0.4335 0.9012
vn -0.0000 -0.3896 0.9210
vn -0.0000 -0.3448 0.9387
vn -0.0000 -0.2993 0.9542
vn -0.0000 -0.2530 0.9675
vn -0.0000 -0.2061 0.9785
vn -0.0000 -0.1588 0.9873
vn -0.0000 -0.1111 0.9938
vn 1.0000 -0.0000 -0.0000
vn 1.0000 -0.0000 0.0001
vn 1.0000 -0.0000 -0.0001
vn 1.0000 -0.0000 -0.0003
vn 1.0000 -0.0000 -0.0002
vn -0.0000 1.0000 -0.0000
vn -1.0000 -0.0000 -0.0000
vn -1.0000 -0.0000 0.0001
vn -1.0000 -0.0000 -0.0001
vn -0.0000 -0.0000 -1.0000
vn -0.0000 -0.0340 -0.9994
vn -0.0000 0.0570 -0.9984
vn -0.0000 0.1475 -0.9891
vn -0.0000 0.2368 -0.9716
vn -0.0000 0.3242 -0.9460
vn -0.0000 0.4088 -0.9126
vn -0.0000 0.4901 -0.8716
vn -0.0000 0.5674 -0.8235
vn -0.0000 0.6399 -0.7685
vn -0.0000 0.7071 -0.7071
vn -0.0000 0.7685 -0.6399
vn -0.0000 0.8235 -0.5674
vn -0.0000 0.8716 -0.4901
vn -0.0000 0.9126 -0.4088
vn -0.0000 0.9460 -0.3242
vn -0.0000 0.9716 -0.2368
vn -0.0000 0.9891 -0.1475
vn -0.0000 0.9984 -0.0570
vn -0.0000 0.9994 0.0340
vn -0.0000 0.1736 -0.9848
vn -0.0000 -0.1736 -0.9848
vn -0.0000 -0.3420 -0.9397
vn -0.0000 -0.5000 -0.8660
vn -0.0000 -0.6428 -0.7660
vn -0.0000 -0.7660 -0.6428
vn -0.0000 -0.8660 -0.5000
vn -0.0000 -0.9397 -0.3420
vn -0.0000 -0.9848 -0.1737
vn -0.0000 -0.9848 -0.1736
vn -0.0000 -1.0000 -0.0000
vn -0.0000 -0.9848 0.1736
vn -0.0000 -0.9397 0.3420
vn -0.0000 -0.8660 0.5000
vn -0.0000 -0.7660 0.6428
vn -0.0000 -0.6428 0.7660
vn -0.0000 -0.5000 0.8660
vn -0.0000 -0.3420 0.9397
vn -0.0000 -0.1736 0.9848
vn -0.0000 -0.0000 1.0000
vn -0.0000 0.1736 0.9848
vn -0.0000 0.3420 0.9397
vn -0.0000 0.5000 0.8660
vn -0.0000 0.6428 0.7660
vn -0.0000 0.7660 0.6428
vn -0.0000 0.8660 0.5000
vn -0.0000 0.9397 0.3420
vn -0.0000 0.9848 0.1736
vn -0.0000 0.9848 -0.1736
vn -0.0000 0.9397 -0.3420
vn -0.0000 0.8660 -0.5000
vn -0.0000 0.7660 -0.6428
vn -0.0000 0.6428 -0.7660
vn -0.0000 0.5000 -0.8660
vn -0.0000 0.3420 -0.9397
vn -1.0000 -0.0000 0.0004
vn -1.0000 -0.0000 0.0002
vn -1.0000 -0.0000 -0.0002
vn -1.0000 0.0003 -0.0000
vn 1.0000 -0.0000 0.0004
vn 1.0000 -0.0000 -0.0004
vn 1.0000 -0.0000 0.0002
vt -0.450000 3.027847
vt 0.000000 3.027847
vt -0.450000 3.114512
vt 0.000000 3.114512
vt 0.000000 3.201176
vt -0.450000 3.201176
vt 0.000000 3.287841
vt -0.450000 3.287841
vt 0.000000 3.374505
vt -0.450000 3.374505
vt 0.000000 3.461170
vt -0.450000 3.461170
vt 0.000000 3.547834
vt -0.450000 3.547834
vt 0.000000 3.634499
vt -0.450000 3.634499
vt 0.000000 3.721163
vt -0.450000 3.721163
vt 0.000000 3.807828
vt -0.450000 3.807828
vt 0.000000 3.894492
vt -0.450000 3.894492
vt 0.000000 3.981157
vt -0.450000 3.981157
vt 0.000000 4.067821
vt -0.450000 4.067821
vt 0.000000 4.154486
vt -0.450000 4.154486
vt 0.000000 4.241150
vt -0.450000 4.241150
vt 0.000000 4.327815
vt -0.450000 4.327815
vt 0.000000 4.414479
vt -0.450000 4.414479
vt 0.000000 4.501144
vt -0.450000 4.501144
vt 0.000000 4.587808
vt -0.450000 4.587808
vt 0.000000 4.674473
vt -0.450000 4.674473
vt 0.000000 4.761137
vt -0.450000 4.761137
vt 0.000000 4.847802
vt -0.450000 4.847802
vt 0.000000 4.934466
vt -0.450000 4.934466
vt 0.000000 5.021130
vt -0.450000 5.021130
vt 0.000000 5.107795
vt -0.450000 5.107795
vt 0.000000 5.194459
vt -0.450000 5.194459
vt 0.000000 5.281124
vt -0.450000 5.281124
vt 0.000000 5.367788
vt -0.450000 5.367788
vt -0.450000 5.454453
vt 0.000000 5.454453
vt -0.794427 0.794427
vt -0.782729 0.708564
vt 0.294427 0.794427
vt 0.294932 0.750394
vt -0.766911 0.623364
vt -0.747011 0.539024
vt -0.723075 0.455739
vt 0.207825 0.344427
vt 0.299438 0.706590
vt -0.695159 0.373703
vt 0.200458 0.328629
vt -0.663326 0.293105
vt -0.627652 0.214133
vt 0.195946 0.311792
vt -0.588218 0.136969
vt 0.194427 0.294427
vt -0.545116 0.061793
vt 0.195946 0.277062
vt -0.498446 -0.011222
vt 0.200458 0.260225
vt -0.448315 -0.081906
vt -0.394841 -0.150096
vt 0.207825 0.244427
vt -0.338147 -0.215633
vt 0.217823 0.230148
vt -0.278365 -0.278365
vt 0.230148 0.217823
vt -0.215633 -0.338147
vt 0.244427 0.207825
vt -0.150096 -0.394841
vt 0.260225 0.200458
vt -0.081906 -0.448315
vt -0.011222 -0.498446
vt 0.277062 0.195946
vt 0.061793 -0.545116
vt 0.294427 0.194427
vt 0.136969 -0.588218
vt 0.311792 0.195946
vt 0.214133 -0.627652
vt 0.328629 0.200458
vt 0.293105 -0.663326
vt 0.373703 -0.695159
vt 0.344427 0.207825
vt 0.455739 -0.723075
vt 0.539024 -0.747011
vt 0.623364 -0.766911
vt 0.750394 0.294932
vt 0.706590 0.299438
vt 0.358706 0.217823
vt 0.663376 0.307908
vt 0.371032 0.230148
vt 0.621112 0.320273
vt 0.381030 0.244427
vt 0.580147 0.336429
vt 0.388396 0.260225
vt 0.392908 0.277062
vt 0.540821 0.356243
vt 0.394427 0.294427
vt 0.503459 0.379551
vt 0.392908 0.311792
vt 0.388396 0.328629
vt 0.468371 0.406160
vt 0.381030 0.344427
vt 0.371032 0.358706
vt 0.435849 0.435849
vt 0.358706 0.371032
vt 0.406160 0.468371
vt 0.344427 0.381030
vt 0.328629 0.388396
vt 0.379551 0.503459
vt 0.311792 0.392908
vt 0.294427 0.394427
vt 0.356243 0.540821
vt 0.277062 0.392908
vt 0.336429 0.580147
vt 0.260225 0.388396
vt 0.244427 0.381030
vt 0.320273 0.621112
vt 0.230148 0.371032
vt 0.307908 0.663376
vt 0.217823 0.358706
vt 0.708564 -0.782729
vt 0.794427 0.294427
vt 0.794427 -0.794427
vt 0.000000 0.000000
vt 1.088854 0.000000
vt 0.000000 0.450000
vt 1.088854 0.450000
vt 0.794427 0.794427
vt -0.294427 0.794427
vt 0.782729 0.708564
vt -0.294932 0.750394
vt 0.766911 0.623364
vt 0.747011 0.539024
vt -0.299438 0.706590
vt 0.723075 0.455739
vt -0.307908 0.663376
vt 0.695159 0.373703
vt 0.663326 0.293105
vt -0.320273 0.621112
vt 0.627652 0.214133
vt -0.336429 0.580147
vt 0.588218 0.136969
vt 0.545116 0.061793
vt -0.356243 0.540821
vt 0.498446 -0.011222
vt -0.379551 0.503459
vt 0.448315 -0.081906
vt 0.394841 -0.150096
vt -0.406160 0.468371
vt 0.338147 -0.215633
vt -0.435849 0.435849
vt 0.278365 -0.278365
vt 0.215633 -0.338147
vt -0.468371 0.406160
vt 0.150096 -0.394841
vt -0.503459 0.379551
vt 0.081906 -0.448315
vt 0.011222 -0.498446
vt -0.540821 0.356243
vt -0.061793 -0.545116
vt -0.580147 0.336429
vt -0.136969 -0.588218
vt -0.214133 -0.627652
vt -0.621112 0.320273
vt -0.293105 -0.663326
vt -0.663376 0.307908
vt -0.373703 -0.695159
vt -0.455739 -0.723075
vt -0.706590 0.299438
vt -0.539024 -0.747011
vt -0.750394 0.294932
vt -0.623364 -0.766911
vt -0.708564 -0.782729
vt -0.794427 0.294427
vt -0.794427 -0.794427
vt 0.450000 -1.519906
vt -0.000000 -1.519906
vt 0.450000 -1.563957
vt -0.000000 -1.563957
vt -0.000000 -1.608009
vt 0.450000 -1.608009
vt -0.000000 -1.652060
vt 0.450000 -1.652060
vt -0.000000 -1.696111
vt 0.450000 -1.696111
vt -0.000000 -1.740162
vt 0.450000 -1.740162
vt -0.000000 -1.784213
vt 0.450000 -1.784213
vt -0.000000 -1.828264
vt 0.450000 -1.828264
vt -0.000000 -1.872315
vt 0.450000 -1.872315
vt -0.000000 -1.916366
vt 0.450000 -1.916366
vt -0.000000 -1.960417
vt 0.450000 -1.960417
vt -0.000000 -2.004468
vt 0.450000 -2.004468
vt -0.000000 -2.048519
vt 0.450000 -2.048519
vt -0.000000 -2.092570
vt 0.450000 -2.092570
vt -0.000000 -2.136621
vt 0.450000 -2.136621
vt -0.000000 -2.180672
vt 0.450000 -2.180672
vt -0.000000 -2.224723
vt 0.450000 -2.224723
vt -0.000000 -2.268774
vt 0.450000 -2.268774
vt 0.450000 -2.312825
vt 0.000000 -2.312825
vt -10.600000 -0.017453
vt -10.333333 -0.017453
vt -10.600000 0.000000
vt -10.333333 0.000000
vt -10.600000 0.017453
vt -10.333333 0.017453
vt -10.600000 0.034907
vt -10.333333 0.034907
vt -10.600000 0.052360
vt -10.333333 0.052360
vt -10.600000 0.069813
vt -10.333333 0.069813
vt -10.600000 0.087266
vt -10.333333 0.087266
vt -10.600000 0.104720
vt -10.333333 0.104720
vt -10.600000 0.122173
vt -10.333333 0.122173
vt -10.600000 0.139626
vt -10.333333 0.139626
vt -10.600000 0.157080
vt -10.333333 0.157080
vt -10.600000 0.174533
vt -10.333333 0.174533
vt -10.600000 0.191986
vt -10.333333 0.191986
vt -10.600000 0.209440
vt -10.333333 0.209440
vt -10.600000 0.226893
vt -10.333333 0.226893
vt -10.600000 0.244346
vt -10.333333 0.244346
vt -10.600000 0.261799
vt -10.333333 0.261799
vt -10.600000 0.279253
vt -10.333333 0.279253
vt -10.600000 0.296706
vt -10.333333 0.296706
vt -10.600000 0.314159
vt -10.333333 0.314159
vt -10.600000 -0.314159
vt -10.333333 -0.314159
vt -10.600000 -0.296706
vt -10.333333 -0.296706
vt -10.600000 -0.279253
vt -10.333333 -0.279253
vt -10.600000 -0.261799
vt -10.333333 -0.261799
vt -10.600000 -0.244346
vt -10.333333 -0.244346
vt -10.600000 -0.226893
vt -10.333333 -0.226893
vt -10.600000 -0.209440
vt -10.333333 -0.209440
vt -10.600000 -0.191986
vt -10.333333 -0.191986
vt -10.600000 -0.174533
vt -10.333333 -0.174533
vt -10.600000 -0.157080
vt -10.333333 -0.157080
vt -10.600000 -0.139626
vt -10.333333 -0.139626
vt -10.600000 -0.122173
vt -10.333333 -0.122173
vt -10.600000 -0.104720
vt -10.333333 -0.104720
vt -10.600000 -0.087266
vt -10.333333 -0.087266
vt -10.600000 -0.069813
vt -10.333333 -0.069813
vt -10.600000 -0.052360
vt -10.333333 -0.052360
vt -10.600000 -0.034907
vt -10.333333 -0.034907
vt -9.800000 0.017453
vt -10.066667 0.017453
vt -9.800000 0.000000
vt -10.066667 0.000000
vt -9.800000 -0.017453
vt -10.066667 -0.017453
vt -9.800000 -0.034907
vt -10.066667 -0.034907
vt -9.800000 -0.052360
vt -10.066667 -0.052360
vt -9.800000 -0.069813
vt -10.066667 -0.069813
vt -9.800000 -0.087266
vt -10.066667 -0.087266
vt -9.800000 -0.104720
vt -10.066667 -0.104720
vt -9.800000 -0.122173
vt -10.066667 -0.122173
vt -9.800000 -0.139626
vt -10.066667 -0.139626
vt -9.800000 -0.157080
vt -10.066667 -0.157080
vt -9.800000 -0.174533
vt -10.066667 -0.174533
vt -9.800000 -0.191986
vt -10.066667 -0.191986
vt -9.800000 -0.209440
vt -10.066667 -0.209440
vt -9.800000 -0.226893
vt -10.066667 -0.226893
vt -9.800000 -0.244346
vt -10.066667 -0.244346
vt -9.800000 -0.261799
vt -10.066667 -0.261799
vt -9.800000 -0.279253
vt -10.066667 -0.279253
vt -9.800000 -0.296706
vt -10.066667 -0.296706
vt -9.800000 -0.314159
vt -10.066667 -0.314159
vt -9.800000 0.314159
vt -10.066667 0.314159
vt -9.800000 0.296706
vt -10.066667 0.296706
vt -9.800000 0.279253
vt -10.066667 0.279253
vt -9.800000 0.261799
vt -10.066667 0.261799
vt -9.800000 0.244346
vt -10.066667 0.244346
vt -9.800000 0.226893
vt -10.066667 0.226893
vt -9.800000 0.209440
vt -10.066667 0.209440
vt -9.800000 0.191986
vt -10.066667 0.191986
vt -9.800000 0.174533
vt -10.066667 0.174533
vt -9.800000 0.157080
vt -10.066667 0.157080
vt -9.800000 0.139626
vt -10.066667 0.139626
vt -9.800000 0.122173
vt -10.066667 0.122173
vt -9.800000 0.104720
vt -10.066667 0.104720
vt -9.800000 0.087266
vt -10.066667 0.087266
vt -9.800000 0.069813
vt -10.066667 0.069813
vt -9.800000 0.052360
vt -10.066667 0.052360
vt -9.800000 0.034907
vt -10.066667 0.034907
vt -0.207825 0.344427
vt -0.217823 0.358706
vt -0.230148 0.371032
vt -0.244427 0.381030
vt -0.260225 0.388396
vt -0.277062 0.392908
vt -0.294427 0.394427
vt -0.311792 0.392908
vt -0.328629 0.388396
vt -0.344427 0.381030
vt -0.358706 0.371032
vt -0.371032 0.358706
vt -0.381030 0.344427
vt -0.388396 0.328629
vt -0.392908 0.311792
vt -0.394427 0.294427
vt -0.392908 0.277062
vt -0.388396 0.260225
vt -0.381030 0.244427
vt -0.371032 0.230148
vt -0.358706 0.217823
vt -0.344427 0.207825
vt -0.328629 0.200458
vt -0.311792 0.195946
vt -0.294427 0.194427
vt -0.277062 0.195946
vt -0.260225 0.200458
vt -0.244427 0.207825
vt -0.230148 0.217823
vt -0.217823 0.230148
vt -0.207825 0.244427
vt -0.200458 0.260225
vt -0.195946 0.277062
vt -0.194427 0.294427
vt -0.195946 0.311792
vt -0.200458 0.328629
vt 0.450000 -0.726988
vt -0.000000 -0.726988
vt 0.450000 -0.771039
vt 0.000000 -0.771039
vt 0.000000 -0.815090
vt 0.450000 -0.815090
vt 0.000000 -0.859141
vt 0.450000 -0.859141
vt 0.000000 -0.903192
vt 0.450000 -0.903192
vt 0.000000 -0.947243
vt 0.450000 -0.947243
vt 0.000000 -0.991294
vt 0.450000 -0.991294
vt 0.000000 -1.035345
vt 0.450000 -1.035345
vt 0.000000 -1.079396
vt 0.450000 -1.079396
vt 0.000000 -1.123447
vt 0.450000 -1.123447
vt 0.000000 -1.167498
vt 0.450000 -1.167498
vt 0.000000 -1.211549
vt 0.450000 -1.211549
vt 0.000000 -1.255600
vt 0.450000 -1.255600
vt 0.000000 -1.299651
vt 0.450000 -1.299651
vt 0.000000 -1.343702
vt 0.450000 -1.343702
vt 0.000000 -1.387753
vt 0.450000 -1.387753
vt 0.000000 -1.431804
vt 0.450000 -1.431804
vt 0.000000 -1.475855
vt 0.450000 -1.475855
vt -0.450000 -5.454453
vt -0.000000 -5.454453
vt -0.450000 -5.367788
vt -0.000000 -5.367788
vt -0.000000 -5.281124
vt -0.450000 -5.281124
vt -0.000000 -5.194459
vt -0.450000 -5.194459
vt -0.000000 -5.107795
vt -0.450000 -5.107795
vt -0.000000 -5.021130
vt -0.450000 -5.021130
vt -0.000000 -4.934466
vt -0.450000 -4.934466
vt -0.000000 -4.847802
vt -0.450000 -4.847802
vt -0.000000 -4.761137
vt -0.450000 -4.761137
vt -0.000000 -4.674473
vt -0.450000 -4.674473
vt -0.000000 -4.587808
vt -0.450000 -4.587808
vt -0.000000 -4.501144
vt -0.450000 -4.501144
vt -0.000000 -4.414479
vt -0.450000 -4.414479
vt -0.000000 -4.327815
vt -0.450000 -4.327815
vt -0.000000 -4.241150
vt -0.450000 -4.241150
vt -0.000000 -4.154486
vt -0.450000 -4.154486
vt -0.000000 -4.067821
vt -0.450000 -4.067821
vt -0.000000 -3.981157
vt -0.450000 -3.981157
vt -0.000000 -3.894492
vt -0.450000 -3.894492
vt -0.000000 -3.807828
vt -0.450000 -3.807828
vt -0.000000 -3.721163
vt -0.450000 -3.721163
vt -0.000000 -3.634499
vt -0.450000 -3.634499
vt -0.000000 -3.547834
vt -0.450000 -3.547834
vt -0.000000 -3.461170
vt -0.450000 -3.461170
vt -0.000000 -3.374505
vt -0.450000 -3.374505
vt -0.000000 -3.287841
vt -0.450000 -3.287841
vt -0.000000 -3.201176
vt -0.450000 -3.201176
vt -0.000000 -3.114512
vt -0.450000 -3.114512
vt -0.450000 -3.027847
vt -0.000000 -3.027847
vt -9.350000 -0.017453
vt -9.083333 -0.017453
vt -9.350000 0.000000
vt -9.083333 0.000000
vt -9.350000 0.017453
vt -9.083333 0.017453
vt -9.350000 0.034907
vt -9.083333 0.034907
vt -9.350000 0.052360
vt -9.083333 0.052360
vt -9.350000 0.069813
vt -9.083333 0.069813
vt -9.350000 0.087266
vt -9.083333 0.087266
vt -9.350000 0.104720
vt -9.083333 0.104720
vt -9.350000 0.122173
vt -9.083333 0.122173
vt -9.350000 0.139626
vt -9.083333 0.139626
vt -9.350000 0.157080
vt -9.083333 0.157080
vt -9.350000 0.174533
vt -9.083333 0.174533
vt -9.350000 0.191986
vt -9.083333 0.191986
vt -9.350000 0.209440
vt -9.083333 0.209440
vt -9.350000 0.226893
vt -9.083333 0.226893
vt -9.350000 0.244346
vt -9.083333 0.244346
vt -9.350000 0.261799
vt -9.083333 0.261799
vt -9.350000 0.279253
vt -9.083333 0.279253
vt -9.350000 0.296706
vt -9.083333 0.296706
vt -9.350000 0.314159
vt -9.083333 0.314159
vt -9.350000 -0.314159
vt -9.083333 -0.314159
vt -9.350000 -0.296706
vt -9.083333 -0.296706
vt -9.350000 -0.279253
vt -9.083333 -0.279253
vt -9.350000 -0.261799
vt -9.083333 -0.261799
vt -9.350000 -0.244346
vt -9.083333 -0.244346
vt -9.350000 -0.226893
vt -9.083333 -0.226893
vt -9.350000 -0.209440
vt -9.083333 -0.209440
vt -9.350000 -0.191986
vt -9.083333 -0.191986
vt -9.350000 -0.174533
vt -9.083333 -0.174533
vt -9.350000 -0.157080
vt -9.083333 -0.157080
vt -9.350000 -0.139626
vt -9.083333 -0.139626
vt -9.350000 -0.122173
vt -9.083333 -0.122173
vt -9.350000 -0.104720
vt -9.083333 -0.104720
vt -9.350000 -0.087266
vt -9.083333 -0.087266
vt -9.350000 -0.069813
vt -9.083333 -0.069813
vt -9.350000 -0.052360
vt -9.083333 -0.052360
vt -9.350000 -0.034907
vt -9.083333 -0.034907
vt -8.550000 0.017453
vt -8.816667 0.017453
vt -8.550000 0.000000
vt -8.816667 0.000000
vt -8.550000 -0.017453
vt -8.816667 -0.017453
vt -8.550000 -0.034907
vt -8.816667 -0.034907
vt -8.550000 -0.052360
vt -8.816667 -0.052360
vt -8.550000 -0.069813
vt -8.816667 -0.069813
vt -8.550000 -0.087266
vt -8.816667 -0.087266
vt -8.550000 -0.104720
vt -8.816667 -0.104720
vt -8.550000 -0.122173
vt -8.816667 -0.122173
vt -8.550000 -0.139626
vt -8.816667 -0.139626
vt -8.550000 -0.157080
vt -8.816667 -0.157080
vt -8.550000 -0.174533
vt -8.816667 -0.174533
vt -8.550000 -0.191986
vt -8.816667 -0.191986
vt -8.550000 -0.209440
vt -8.816667 -0.209440
vt -8.550000 -0.226893
vt -8.816667 -0.226893
vt -8.550000 -0.244346
vt -8.816667 -0.244346
vt -8.550000 -0.261799
vt -8.816667 -0.261799
vt -8.550000 -0.279253
vt -8.816667 -0.279253
vt -8.550000 -0.296706
vt -8.816667 -0.296706
vt -8.550000 -0.314159
vt -8.816667 -0.314159
vt -8.550000 0.314159
vt -8.816667 0.314159
vt -8.550000 0.296706
vt -8.816667 0.296706
vt -8.550000 0.279253
vt -8.816667 0.279253
vt -8.550000 0.261799
vt -8.816667 0.261799
vt -8.550000 0.244346
vt -8.816667 0.244346
vt -8.550000 0.226893
vt -8.816667 0.226893
vt -8.550000 0.209440
vt -8.816667 0.209440
vt -8.550000 0.191986
vt -8.816667 0.191986
vt -8.550000 0.174533
vt -8.816667 0.174533
vt -8.550000 0.157080
vt -8.816667 0.157080
vt -8.550000 0.139626
vt -8.816667 0.139626
vt -8.550000 0.122173
vt -8.816667 0.122173
vt -8.550000 0.104720
vt -8.816667 0.104720
vt -8.550000 0.087266
vt -8.816667 0.087266
vt -8.550000 0.069813
vt -8.816667 0.069813
vt -8.550000 0.052360
vt -8.816667 0.052360
vt -8.550000 0.034907
vt -8.816667 0.034907
vt -8.100000 -0.017453
vt -7.833333 -0.017453
vt -8.100000 0.000000
vt -7.833333 0.000000
vt -8.100000 0.017453
vt -7.833333 0.017453
vt -8.100000 0.034907
vt -7.833333 0.034907
vt -8.100000 0.052360
vt -7.833333 0.052360
vt -8.100000 0.069813
vt -7.833333 0.069813
vt -8.100000 0.087266
vt -7.833333 0.087266
vt -8.100000 0.104720
vt -7.833333 0.104720
vt -8.100000 0.122173
vt -7.833333 0.122173
vt -8.100000 0.139626
vt -7.833333 0.139626
vt -8.100000 0.157080
vt -7.833333 0.157080
vt -8.100000 0.174533
vt -7.833333 0.174533
vt -8.100000 0.191986
vt -7.833333 0.191986
vt -8.100000 0.209440
vt -7.833333 0.209440
vt -8.100000 0.226893
vt -7.833333 0.226893
vt -8.100000 0.244346
vt -7.833333 0.244346
vt -8.100000 0.261799
vt -7.833333 0.261799
vt -8.100000 0.279253
vt -7.833333 0.279253
vt -8.100000 0.296706
vt -7.833333 0.296706
vt -8.100000 0.314159
vt -7.833333 0.314159
vt -8.100000 -0.314159
vt -7.833333 -0.314159
vt -8.100000 -0.296706
vt -7.833333 -0.296706
vt -8.100000 -0.279253
vt -7.833333 -0.279253
vt -8.100000 -0.261799
vt -7.833333 -0.261799
vt -8.100000 -0.244346
vt -7.833333 -0.244346
vt -8.100000 -0.226893
vt -7.833333 -0.226893
vt -8.100000 -0.209440
vt -7.833333 -0.209440
vt -8.100000 -0.191986
vt -7.833333 -0.191986
vt -8.100000 -0.174533
vt -7.833333 -0.174533
vt -8.100000 -0.157080
vt -7.833333 -0.157080
vt -8.100000 -0.139626
vt -7.833333 -0.139626
vt -8.100000 -0.122173
vt -7.833333 -0.122173
vt -8.100000 -0.104720
vt -7.833333 -0.104720
vt -8.100000 -0.087266
vt -7.833333 -0.087266
vt -8.100000 -0.069813
vt -7.833333 -0.069813
vt -8.100000 -0.052360
vt -7.833333 -0.052360
vt -8.100000 -0.034907
vt -7.833333 -0.034907
vt -7.300000 0.017453
vt -7.566667 0.017453
vt -7.300000 0.000000
vt -7.566667 0.000000
vt -7.300000 -0.017453
vt -7.566667 -0.017453
vt -7.300000 -0.034907
vt -7.566667 -0.034907
vt -7.300000 -0.052360
vt -7.566667 -0.052360
vt -7.300000 -0.069813
vt -7.566667 -0.069813
vt -7.300000 -0.087266
vt -7.566667 -0.087266
vt -7.300000 -0.104720
vt -7.566667 -0.104720
vt -7.300000 -0.122173
vt -7.566667 -0.122173
vt -7.300000 -0.139626
vt -7.566667 -0.139626
vt -7.300000 -0.157080
vt -7.566667 -0.157080
vt -7.300000 -0.174533
vt -7.566667 -0.174533
vt -7.300000 -0.191986
vt -7.566667 -0.191986
vt -7.300000 -0.209440
vt -7.566667 -0.209440
vt -7.300000 -0.226893
vt -7.566667 -0.226893
vt -7.300000 -0.244346
vt -7.566667 -0.244346
vt -7.300000 -0.261799
vt -7.566667 -0.261799
vt -7.300000 -0.279253
vt -7.566667 -0.279253
vt -7.300000 -0.296706
vt -7.566667 -0.296706
vt -7.300000 -0.314159
vt -7.566667 -0.314159
vt -7.300000 0.314159
vt -7.566667 0.314159
vt -7.300000 0.296706
vt -7.566667 0.296706
vt -7.300000 0.279253
vt -7.566667 0.279253
vt -7.300000 0.261799
vt -7.566667 0.261799
vt -7.300000 0.244346
vt -7.566667 0.244346
vt -7.300000 0.226893
vt -7.566667 0.226893
vt -7.300000 0.209440
vt -7.566667 0.209440
vt -7.300000 0.191986
vt -7.566667 0.191986
vt -7.300000 0.174533
vt -7.566667 0.174533
vt -7.300000 0.157080
vt -7.566667 0.157080
vt -7.300000 0.139626
vt -7.566667 0.139626
vt -7.300000 0.122173
vt -7.566667 0.122173
vt -7.300000 0.104720
vt -7.566667 0.104720
vt -7.300000 0.087266
vt -7.566667 0.087266
vt -7.300000 0.069813
vt -7.566667 0.069813
vt -7.300000 0.052360
vt -7.566667 0.052360
vt -7.300000 0.034907
vt -7.566667 0.034907
vt -6.850000 -0.017453
vt -6.583333 -0.017453
vt -6.850000 0.000000
vt -6.583333 0.000000
vt -6.850000 0.017453
vt -6.583333 0.017453
vt -6.850000 0.034907
vt -6.583333 0.034907
vt -6.850000 0.052360
vt -6.583333 0.052360
vt -6.850000 0.069813
vt -6.583333 0.069813
vt -6.850000 0.087266
vt -6.583333 0.087266
vt -6.850000 0.104720
vt -6.583333 0.104720
vt -6.850000 0.122173
vt -6.583333 0.122173
vt -6.850000 0.139626
vt -6.583333 0.139626
vt -6.850000 0.157080
vt -6.583333 0.157080
vt -6.850000 0.174533
vt -6.583333 0.174533
vt -6.850000 0.191986
vt -6.583333 0.191986
vt -6.850000 0.209440
vt -6.583333 0.209440
vt -6.850000 0.226893
vt -6.583333 0.226893
vt -6.850000 0.244346
vt -6.583333 0.244346
vt -6.850000 0.261799
vt -6.583333 0.261799
vt -6.850000 0.279253
vt -6.583333 0.279253
vt -6.850000 0.296706
vt -6.583333 0.296706
vt -6.850000 0.314159
vt -6.583333 0.314159
vt -6.850000 -0.314159
vt -6.583333 -0.314159
vt -6.850000 -0.296706
vt -6.583333 -0.296706
vt -6.850000 -0.279253
vt -6.583333 -0.279253
vt -6.850000 -0.261799
vt -6.583333 -0.261799
vt -6.850000 -0.244346
vt -6.583333 -0.244346
vt -6.850000 -0.226893
vt -6.583333 -0.226893
vt -6.850000 -0.209440
vt -6.583333 -0.209440
vt -6.850000 -0.191986
vt -6.583333 -0.191986
vt -6.850000 -0.174533
vt -6.583333 -0.174533
vt -6.850000 -0.157080
vt -6.583333 -0.157080
vt -6.850000 -0.139626
vt -6.583333 -0.139626
vt -6.850000 -0.122173
vt -6.583333 -0.122173
vt -6.850000 -0.104720
vt -6.583333 -0.104720
vt -6.850000 -0.087266
vt -6.583333 -0.087266
vt -6.850000 -0.069813
vt -6.583333 -0.069813
vt -6.850000 -0.052360
vt -6.583333 -0.052360
vt -6.850000 -0.034907
vt -6.583333 -0.034907
vt -6.050000 0.017453
vt -6.316667 0.017453
vt -6.050000 0.000000
vt -6.316667 0.000000
vt -6.050000 -0.017453
vt -6.316667 -0.017453
vt -6.050000 -0.034907
vt -6.316667 -0.034907
vt -6.050000 -0.052360
vt -6.316667 -0.052360
vt -6.050000 -0.069813
vt -6.316667 -0.069813
vt -6.050000 -0.087266
vt -6.316667 -0.087266
vt -6.050000 -0.104720
vt -6.316667 -0.104720
vt -6.050000 -0.122173
vt -6.316667 -0.122173
vt -6.050000 -0.139626
vt -6.316667 -0.139626
vt -6.050000 -0.157080
vt -6.316667 -0.157080
vt -6.050000 -0.174533
vt -6.316667 -0.174533
vt -6.050000 -0.191986
vt -6.316667 -0.191986
vt -6.050000 -0.209440
vt -6.316667 -0.209440
vt -6.050000 -0.226893
vt -6.316667 -0.226893
vt -6.050000 -0.244346
vt -6.316667 -0.244346
vt -6.050000 -0.261799
vt -6.316667 -0.261799
vt -6.050000 -0.279253
vt -6.316667 -0.279253
vt -6.050000 -0.296706
vt -6.316667 -0.296706
vt -6.050000 -0.314159
vt -6.316667 -0.314159
vt -6.050000 0.314159
vt -6.316667 0.314159
vt -6.050000 0.296706
vt -6.316667 0.296706
vt -6.050000 0.279253
vt -6.316667 0.279253
vt -6.050000 0.261799
vt -6.316667 0.261799
vt -6.050000 0.244346
vt -6.316667 0.244346
vt -6.050000 0.226893
vt -6.316667 0.226893
vt -6.050000 0.209440
vt -6.316667 0.209440
vt -6.050000 0.191986
vt -6.316667 0.191986
vt -6.050000 0.174533
vt -6.316667 0.174533
vt -6.050000 0.157080
vt -6.316667 0.157080
vt -6.050000 0.139626
vt -6.316667 0.139626
vt -6.050000 0.122173
vt -6.316667 0.122173
vt -6.050000 0.104720
vt -6.316667 0.104720
vt -6.050000 0.087266
vt -6.316667 0.087266
vt -6.050000 0.069813
vt -6.316667 0.069813
vt -6.050000 0.052360
vt -6.316667 0.052360
vt -6.050000 0.034907
vt -6.316667 0.034907
vt -5.600000 -0.017453
vt -5.333333 -0.017453
vt -5.600000 0.000000
vt -5.333333 0.000000
vt -5.600000 0.017453
vt -5.333333 0.017453
vt -5.600000 0.034907
vt -5.333333 0.034907
vt -5.600000 0.052360
vt -5.333333 0.052360
vt -5.600000 0.069813
vt -5.333333 0.069813
vt -5.600000 0.087266
vt -5.333333 0.087266
vt -5.600000 0.104720
vt -5.333333 0.104720
vt -5.600000 0.122173
vt -5.333333 0.122173
vt -5.600000 0.139626
vt -5.333333 0.139626
vt -5.600000 0.157080
vt -5.333333 0.157080
vt -5.600000 0.174533
vt -5.333333 0.174533
vt -5.600000 0.191986
vt -5.333333 0.191986
vt -5.600000 0.209440
vt -5.333333 0.209440
vt -5.600000 0.226893
vt -5.333333 0.226893
vt -5.600000 0.244346
vt -5.333333 0.244346
vt -5.600000 0.261799
vt -5.333333 0.261799
vt -5.600000 0.279253
vt -5.333333 0.279253
vt -5.600000 0.296706
vt -5.333333 0.296706
vt -5.600000 0.314159
vt -5.333333 0.314159
vt -5.600000 -0.314159
vt -5.333333 -0.314159
vt -5.600000 -0.296706
vt -5.333333 -0.296706
vt -5.600000 -0.279253
vt -5.333333 -0.279253
vt -5.600000 -0.261799
vt -5.333333 -0.261799
vt -5.600000 -0.244346
vt -5.333333 -0.244346
vt -5.600000 -0.226893
vt -5.333333 -0.226893
vt -5.600000 -0.209440
vt -5.333333 -0.209440
vt -5.600000 -0.191986
vt -5.333333 -0.191986
vt -5.600000 -0.174533
vt -5.333333 -0.174533
vt -5.600000 -0.157080
vt -5.333333 -0.157080
vt -5.600000 -0.139626
vt -5.333333 -0.139626
vt -5.600000 -0.122173
vt -5.333333 -0.122173
vt -5.600000 -0.104720
vt -5.333333 -0.104720
vt -5.600000 -0.087266
vt -5.333333 -0.087266
vt -5.600000 -0.069813
vt -5.333333 -0.069813
vt -5.600000 -0.052360
vt -5.333333 -0.052360
vt -5.600000 -0.034907
vt -5.333333 -0.034907
vt -4.800000 0.017453
vt -5.066667 0.017453
vt -4.800000 0.000000
vt -5.066667 0.000000
vt -4.800000 -0.017453
vt -5.066667 -0.017453
vt -4.800000 -0.034907
vt -5.066667 -0.034907
vt -4.800000 -0.052360
vt -5.066667 -0.052360
vt -4.800000 -0.069813
vt -5.066667 -0.069813
vt -4.800000 -0.087266
vt -5.066667 -0.087266
vt -4.800000 -0.104720
vt -5.066667 -0.104720
vt -4.800000 -0.122173
vt -5.066667 -0.122173
vt -4.800000 -0.139626
vt -5.066667 -0.139626
vt -4.800000 -0.157080
vt -5.066667 -0.157080
vt -4.800000 -0.174533
vt -5.066667 -0.174533
vt -4.800000 -0.191986
vt -5.066667 -0.191986
vt -4.800000 -0.209440
vt -5.066667 -0.209440
vt -4.800000 -0.226893
vt -5.066667 -0.226893
vt -4.800000 -0.244346
vt -5.066667 -0.244346
vt -4.800000 -0.261799
vt -5.066667 -0.261799
vt -4.800000 -0.279253
vt -5.066667 -0.279253
vt -4.800000 -0.296706
vt -5.066667 -0.296706
vt -4.800000 -0.314159
vt -5.066667 -0.314159
vt -4.800000 0.314159
vt -5.066667 0.314159
vt -4.800000 0.296706
vt -5.066667 0.296706
vt -4.800000 0.279253
vt -5.066667 0.279253
vt -4.800000 0.261799
vt -5.066667 0.261799
vt -4.800000 0.244346
vt -5.066667 0.244346
vt -4.800000 0.226893
vt -5.066667 0.226893
vt -4.800000 0.209440
vt -5.066667 0.209440
vt -4.800000 0.191986
vt -5.066667 0.191986
vt -4.800000 0.174533
vt -5.066667 0.174533
vt -4.800000 0.157080
vt -5.066667 0.157080
vt -4.800000 0.139626
vt -5.066667 0.139626
vt -4.800000 0.122173
vt -5.066667 0.122173
vt -4.800000 0.104720
vt -5.066667 0.104720
vt -4.800000 0.087266
vt -5.066667 0.087266
vt -4.800000 0.069813
vt -5.066667 0.069813
vt -4.800000 0.052360
vt -5.066667 0.052360
vt -4.800000 0.034907
vt -5.066667 0.034907
vt -4.350000 -0.017453
vt -4.083333 -0.017453
vt -4.350000 0.000000
vt -4.083333 0.000000
vt -4.350000 0.017453
vt -4.083333 0.017453
vt -4.350000 0.034907
vt -4.083333 0.034907
vt -4.350000 0.052360
vt -4.083333 0.052360
vt -4.350000 0.069813
vt -4.083333 0.069813
vt -4.350000 0.087266
vt -4.083333 0.087266
vt -4.350000 0.104720
vt -4.083333 0.104720
vt -4.350000 0.122173
vt -4.083333 0.122173
vt -4.350000 0.139626
vt -4.083333 0.139626
vt -4.350000 0.157080
vt -4.083333 0.157080
vt -4.350000 0.174533
vt -4.083333 0.174533
vt -4.350000 0.191986
vt -4.083333 0.191986
vt -4.350000 0.209440
vt -4.083333 0.209440
vt -4.350000 0.226893
vt -4.083333 0.226893
vt -4.350000 0.244346
vt -4.083333 0.244346
vt -4.350000 0.261799
vt -4.083333 0.261799
vt -4.350000 0.279253
vt -4.083333 0.279253
vt -4.350000 0.296706
vt -4.083333 0.296706
vt -4.350000 0.314159
vt -4.083333 0.314159
vt -4.350000 -0.314159
vt -4.083333 -0.314159
vt -4.350000 -0.296706
vt -4.083333 -0.296706
vt -4.350000 -0.279253
vt -4.083333 -0.279253
vt -4.350000 -0.261799
vt -4.083333 -0.261799
vt -4.350000 -0.244346
vt -4.083333 -0.244346
vt -4.350000 -0.226893
vt -4.083333 -0.226893
vt -4.350000 -0.209440
vt -4.083333 -0.209440
vt -4.350000 -0.191986
vt -4.083333 -0.191986
vt -4.350000 -0.174533
vt -4.083333 -0.174533
vt -4.350000 -0.157080
vt -4.083333 -0.157080
vt -4.350000 -0.139626
vt -4.083333 -0.139626
vt -4.350000 -0.122173
vt -4.083333 -0.122173
vt -4.350000 -0.104720
vt -4.083333 -0.104720
vt -4.350000 -0.087266
vt -4.083333 -0.087266
vt -4.350000 -0.069813
vt -4.083333 -0.069813
vt -4.350000 -0.052360
vt -4.083333 -0.052360
vt -4.350000 -0.034907
vt -4.083333 -0.034907
vt -3.550000 0.017453
vt -3.816667 0.017453
vt -3.550000 0.000000
vt -3.816667 0.000000
vt -3.550000 -0.017453
vt -3.816667 -0.017453
vt -3.550000 -0.034907
vt -3.816667 -0.034907
vt -3.550000 -0.052360
vt -3.816667 -0.052360
vt -3.550000 -0.069813
vt -3.816667 -0.069813
vt -3.550000 -0.087266
vt -3.816667 -0.087266
vt -3.550000 -0.104720
vt -3.816667 -0.104720
vt -3.550000 -0.122173
vt -3.816667 -0.122173
vt -3.550000 -0.139626
vt -3.816667 -0.139626
vt -3.550000 -0.157080
vt -3.816667 -0.157080
vt -3.550000 -0.174533
vt -3.816667 -0.174533
vt -3.550000 -0.191986
vt -3.816667 -0.191986
vt -3.550000 -0.209440
vt -3.816667 -0.209440
vt -3.550000 -0.226893
vt -3.816667 -0.226893
vt -3.550000 -0.244346
vt -3.816667 -0.244346
vt -3.550000 -0.261799
vt -3.816667 -0.261799
vt -3.550000 -0.279253
vt -3.816667 -0.279253
vt -3.550000 -0.296706
vt -3.816667 -0.296706
vt -3.550000 -0.314159
vt -3.816667 -0.314159
vt -3.550000 0.314159
vt -3.816667 0.314159
vt -3.550000 0.296706
vt -3.816667 0.296706
vt -3.550000 0.279253
vt -3.816667 0.279253
vt -3.550000 0.261799
vt -3.816667 0.261799
vt -3.550000 0.244346
vt -3.816667 0.244346
vt -3.550000 0.226893
vt -3.816667 0.226893
vt -3.550000 0.209440
vt -3.816667 0.209440
vt -3.550000 0.191986
vt -3.816667 0.191986
vt -3.550000 0.174533
vt -3.816667 0.174533
vt -3.550000 0.157080
vt -3.816667 0.157080
vt -3.550000 0.139626
vt -3.816667 0.139626
vt -3.550000 0.122173
vt -3.816667 0.122173
vt -3.550000 0.104720
vt -3.816667 0.104720
vt -3.550000 0.087266
vt -3.816667 0.087266
vt -3.550000 0.069813
vt -3.816667 0.069813
vt -3.550000 0.052360
vt -3.816667 0.052360
vt -3.550000 0.034907
vt -3.816667 0.034907
vt -3.100000 -0.017453
vt -2.833333 -0.017453
vt -3.100000 0.000000
vt -2.833333 0.000000
vt -3.100000 0.017453
vt -2.833333 0.017453
vt -3.100000 0.034907
vt -2.833333 0.034907
vt -3.100000 0.052360
vt -2.833333 0.052360
vt -3.100000 0.069813
vt -2.833333 0.069813
vt -3.100000 0.087266
vt -2.833333 0.087266
vt -3.100000 0.104720
vt -2.833333 0.104720
vt -3.100000 0.122173
vt -2.833333 0.122173
vt -3.100000 0.139626
vt -2.833333 0.139626
vt -3.100000 0.157080
vt -2.833333 0.157080
vt -3.100000 0.174533
vt -2.833333 0.174533
vt -3.100000 0.191986
vt -2.833333 0.191986
vt -3.100000 0.209440
vt -2.833333 0.209440
vt -3.100000 0.226893
vt -2.833333 0.226893
vt -3.100000 0.244346
vt -2.833333 0.244346
vt -3.100000 0.261799
vt -2.833333 0.261799
vt -3.100000 0.279253
vt -2.833333 0.279253
vt -3.100000 0.296706
vt -2.833333 0.296706
vt -3.100000 0.314159
vt -2.833333 0.314159
vt -3.100000 -0.314159
vt -2.833333 -0.314159
vt -3.100000 -0.296706
vt -2.833333 -0.296706
vt -3.100000 -0.279253
vt -2.833333 -0.279253
vt -3.100000 -0.261799
vt -2.833333 -0.261799
vt -3.100000 -0.244346
vt -2.833333 -0.244346
vt -3.100000 -0.226893
vt -2.833333 -0.226893
vt -3.100000 -0.209440
vt -2.833333 -0.209440
vt -3.100000 -0.191986
vt -2.833333 -0.191986
vt -3.100000 -0.174533
vt -2.833333 -0.174533
vt -3.100000 -0.157080
vt -2.833333 -0.157080
vt -3.100000 -0.139626
vt -2.833333 -0.139626
vt -3.100000 -0.122173
vt -2.833333 -0.122173
vt -3.100000 -0.104720
vt -2.833333 -0.104720
vt -3.100000 -0.087266
vt -2.833333 -0.087266
vt -3.100000 -0.069813
vt -2.833333 -0.069813
vt -3.100000 -0.052360
vt -2.833333 -0.052360
vt -3.100000 -0.034907
vt -2.833333 -0.034907
vt -2.300000 0.017453
vt -2.566667 0.017453
vt -2.300000 0.000000
vt -2.566667 0.000000
vt -2.300000 -0.017453
vt -2.566667 -0.017453
vt -2.300000 -0.034907
vt -2.566667 -0.034907
vt -2.300000 -0.052360
vt -2.566667 -0.052360
vt -2.300000 -0.069813
vt -2.566667 -0.069813
vt -2.300000 -0.087266
vt -2.566667 -0.087266
vt -2.300000 -0.104720
vt -2.566667 -0.104720
vt -2.300000 -0.122173
vt -2.566667 -0.122173
vt -2.300000 -0.139626
vt -2.566667 -0.139626
vt -2.300000 -0.157080
vt -2.566667 -0.157080
vt -2.300000 -0.174533
vt -2.566667 -0.174533
vt -2.300000 -0.191986
vt -2.566667 -0.191986
vt -2.300000 -0.209440
vt -2.566667 -0.209440
vt -2.300000 -0.226893
vt -2.566667 -0.226893
vt -2.300000 -0.244346
vt -2.566667 -0.244346
vt -2.300000 -0.261799
vt -2.566667 -0.261799
vt -2.300000 -0.279253
vt -2.566667 -0.279253
vt -2.300000 -0.296706
vt -2.566667 -0.296706
vt -2.300000 -0.314159
vt -2.566667 -0.314159
vt -2.300000 0.314159
vt -2.566667 0.314159
vt -2.300000 0.296706
vt -2.566667 0.296706
vt -2.300000 0.279253
vt -2.566667 0.279253
vt -2.300000 0.261799
vt -2.566667 0.261799
vt -2.300000 0.244346
vt -2.566667 0.244346
vt -2.300000 0.226893
vt -2.566667 0.226893
vt -2.300000 0.209440
vt -2.566667 0.209440
vt -2.300000 0.191986
vt -2.566667 0.191986
vt -2.300000 0.174533
vt -2.566667 0.174533
vt -2.300000 0.157080
vt -2.566667 0.157080
vt -2.300000 0.139626
vt -2.566667 0.139626
vt -2.300000 0.122173
vt -2.566667 0.122173
vt -2.300000 0.104720
vt -2.566667 0.104720
vt -2.300000 0.087266
vt -2.566667 0.087266
vt -2.300000 0.069813
vt -2.566667 0.069813
vt -2.300000 0.052360
vt -2.566667 0.052360
vt -2.300000 0.034907
vt -2.566667 0.034907
vt -1.050000 0.017453
vt -1.316667 0.017453
vt -1.050000 0.000000
vt -1.316667 0.000000
vt -1.050000 -0.017453
vt -1.316667 -0.017453
vt -1.050000 -0.034907
vt -1.316667 -0.034907
vt -1.050000 -0.052360
vt -1.316667 -0.052360
vt -1.050000 -0.069813
vt -1.316667 -0.069813
vt -1.050000 -0.087266
vt -1.316667 -0.087266
vt -1.050000 -0.104720
vt -1.316667 -0.104720
vt -1.050000 -0.122173
vt -1.316667 -0.122173
vt -1.050000 -0.139626
vt -1.316667 -0.139626
vt -1.050000 -0.157080
vt -1.316667 -0.157080
vt -1.050000 -0.174533
vt -1.316667 -0.174533
vt -1.050000 -0.191986
vt -1.316667 -0.191986
vt -1.050000 -0.209440
vt -1.316667 -0.209440
vt -1.050000 -0.226893
vt -1.316667 -0.226893
vt -1.050000 -0.244346
vt -1.316667 -0.244346
vt -1.050000 -0.261799
vt -1.316667 -0.261799
vt -1.050000 -0.279253
vt -1.316667 -0.279253
vt -1.050000 -0.296706
vt -1.316667 -0.296706
vt -1.050000 -0.314159
vt -1.316667 -0.314159
vt -1.050000 0.314159
vt -1.316667 0.314159
vt -1.050000 0.296706
vt -1.316667 0.296706
vt -1.050000 0.279253
vt -1.316667 0.279253
vt -1.050000 0.261799
vt -1.316667 0.261799
vt -1.050000 0.244346
vt -1.316667 0.244346
vt -1.050000 0.226893
vt -1.316667 0.226893
vt -1.050000 0.209440
vt -1.316667 0.209440
vt -1.050000 0.191986
vt -1.316667 0.191986
vt -1.050000 0.174533
vt -1.316667 0.174533
vt -1.050000 0.157080
vt -1.316667 0.157080
vt -1.050000 0.139626
vt -1.316667 0.139626
vt -1.050000 0.122173
vt -1.316667 0.122173
vt -1.050000 0.104720
vt -1.316667 0.104720
vt -1.050000 0.087266
vt -1.316667 0.087266
vt -1.050000 0.069813
vt -1.316667 0.069813
vt -1.050000 0.052360
vt -1.316667 0.052360
vt -1.050000 0.034907
vt -1.316667 0.034907
vt -1.850000 -0.017453
vt -1.583333 -0.017453
vt -1.850000 0.000000
vt -1.583333 0.000000
vt -1.850000 0.017453
vt -1.583333 0.017453
vt -1.850000 0.034907
vt -1.583333 0.034907
vt -1.850000 0.052360
vt -1.583333 0.052360
vt -1.850000 0.069813
vt -1.583333 0.069813
vt -1.850000 0.087266
vt -1.583333 0.087266
vt -1.850000 0.104720
vt -1.583333 0.104720
vt -1.850000 0.122173
vt -1.583333 0.122173
vt -1.850000 0.139626
vt -1.583333 0.139626
vt -1.850000 0.157080
vt -1.583333 0.157080
vt -1.850000 0.174533
vt -1.583333 0.174533
vt -1.850000 0.191986
vt -1.583333 0.191986
vt -1.850000 0.209440
vt -1.583333 0.209440
vt -1.850000 0.226893
vt -1.583333 0.226893
vt -1.850000 0.244346
vt -1.583333 0.244346
vt -1.850000 0.261799
vt -1.583333 0.261799
vt -1.850000 0.279253
vt -1.583333 0.279253
vt -1.850000 0.296706
vt -1.583333 0.296706
vt -1.850000 0.314159
vt -1.583333 0.314159
vt -1.850000 -0.314159
vt -1.583333 -0.314159
vt -1.850000 -0.296706
vt -1.583333 -0.296706
vt -1.850000 -0.279253
vt -1.583333 -0.279253
vt -1.850000 -0.261799
vt -1.583333 -0.261799
vt -1.850000 -0.244346
vt -1.583333 -0.244346
vt -1.850000 -0.226893
vt -1.583333 -0.226893
vt -1.850000 -0.209440
vt -1.583333 -0.209440
vt -1.850000 -0.191986
vt -1.583333 -0.191986
vt -1.850000 -0.174533
vt -1.583333 -0.174533
vt -1.850000 -0.157080
vt -1.583333 -0.157080
vt -1.850000 -0.139626
vt -1.583333 -0.139626
vt -1.850000 -0.122173
vt -1.583333 -0.122173
vt -1.850000 -0.104720
vt -1.583333 -0.104720
vt -1.850000 -0.087266
vt -1.583333 -0.087266
vt -1.850000 -0.069813
vt -1.583333 -0.069813
vt -1.850000 -0.052360
vt -1.583333 -0.052360
vt -1.850000 -0.034907
vt -1.583333 -0.034907
s 1
usemtl 178,0,0
f 58/1/1 1/2/1 57/3/2
f 57/3/2 1/2/1 2/4/2
f 57/3/2 2/4/2 3/5/3
f 57/3/2 3/5/3 56/6/3
f 56/6/3 3/5/3 4/7/4
f 56/6/3 4/7/4 55/8/4
f 55/8/4 4/7/4 5/9/5
f 55/8/4 5/9/5 54/10/5
f 54/10/5 5/9/5 6/11/6
f 54/10/5 6/11/6 53/12/6
f 53/12/6 6/11/6 7/13/7
f 53/12/6 7/13/7 52/14/7
f 52/14/7 7/13/7 8/15/8
f 52/14/7 8/15/8 51/16/8
f 51/16/8 8/15/8 9/17/9
f 51/16/8 9/17/9 50/18/9
f 50/18/9 9/17/9 10/19/10
f 50/18/9 10/19/10 49/20/10
f 49/20/10 10/19/10 11/21/11
f 49/20/10 11/21/11 48/22/11
f 48/22/11 11/21/11 12/23/12
f 48/22/11 12/23/12 47/24/12
f 47/24/12 12/23/12 13/25/13
f 47/24/12 13/25/13 46/26/13
f 46/26/13 13/25/13 14/27/14
f 46/26/13 14/27/14 45/28/14
f 45/28/14 14/27/14 15/29/15
f 45/28/14 15/29/15 44/30/15
f 44/30/15 15/29/15 16/31/16
f 44/30/15 16/31/16 43/32/16
f 43/32/16 16/31/16 17/33/17
f 43/32/16 17/33/17 42/34/17
f 42/34/17 17/33/17 18/35/18
f 42/34/17 18/35/18 41/36/18
f 41/36/18 18/35/18 19/37/19
f 41/36/18 19/37/19 40/38/19
f 40/38/19 19/37/19 20/39/20
f 40/38/19 20/39/20 39/40/20
f 39/40/20 20/39/20 21/41/21
f 39/40/20 21/41/21 38/42/21
f 38/42/21 21/41/21 22/43/22
f 38/42/21 22/43/22 37/44/22
f 37/44/22 22/43/22 23/45/23
f 37/44/22 23/45/23 36/46/23
f 36/46/23 23/45/23 24/47/24
f 36/46/23 24/47/24 35/48/24
f 35/48/24 24/47/24 25/49/25
f 35/48/24 25/49/25 34/50/25
f 34/50/25 25/49/25 26/51/26
f 34/50/25 26/51/26 33/52/26
f 33/52/26 26/51/26 27/53/27
f 33/52/26 27/53/27 32/54/27
f 32/54/27 27/53/27 28/55/28
f 32/54/27 28/55/28 31/56/28
f 31/56/28 28/55/28 30/57/29
f 30/57/29 28/55/28 29/58/29
f 29/59/30 28/60/30 59/61/30
f 59/61/30 28/60/30 77/62/30
f 77/62/30 28/60/30 27/63/30
f 77/62/30 27/63/30 26/64/30
f 25/65/30 99/66/30 26/64/30
f 26/64/30 99/66/30 76/67/30
f 26/64/30 76/67/30 77/62/30
f 25/65/30 24/68/30 99/66/30
f 99/66/30 24/68/30 98/69/30
f 98/69/30 24/68/30 23/70/30
f 98/69/30 23/70/30 22/71/30
f 98/69/30 22/71/30 97/72/30
f 97/72/30 22/71/30 21/73/30
f 97/72/30 21/73/30 96/74/30
f 96/74/30 21/73/30 20/75/30
f 96/74/30 20/75/30 95/76/30
f 95/76/30 20/75/30 19/77/30
f 95/76/30 19/77/30 94/78/30
f 94/78/30 19/77/30 18/79/30
f 94/78/30 18/79/30 17/80/30
f 94/78/30 17/80/30 93/81/31
f 93/81/31 17/80/30 16/82/30
f 93/81/31 16/82/30 92/83/31
f 92/83/31 16/82/30 15/84/30
f 92/83/31 15/84/30 91/85/31
f 91/85/31 15/84/30 14/86/30
f 91/85/31 14/86/30 90/87/30
f 90/87/30 14/86/30 13/88/30
f 90/87/30 13/88/30 89/89/31
f 89/89/31 13/88/30 12/90/30
f 89/89/31 12/90/30 11/91/30
f 89/89/31 11/91/30 88/92/31
f 88/92/31 11/91/30 10/93/30
f 88/92/31 10/93/30 87/94/30
f 87/94/30 10/93/30 9/95/30
f 87/94/30 9/95/30 86/96/32
f 86/96/32 9/95/30 8/97/30
f 86/96/32 8/97/30 85/98/33
f 85/98/33 8/97/30 7/99/30
f 85/98/33 7/99/30 6/100/30
f 85/98/33 6/100/30 84/101/32
f 84/101/32 6/100/30 5/102/30
f 84/101/32 5/102/30 4/103/30
f 3/104/30 61/105/30 4/103/30
f 4/103/30 61/105/30 62/106/30
f 4/103/30 62/106/30 84/101/32
f 84/101/32 62/106/30 83/107/30
f 83/107/30 62/106/30 63/108/30
f 83/107/30 63/108/30 82/109/30
f 82/109/30 63/108/30 64/110/30
f 82/109/30 64/110/30 81/111/30
f 81/111/30 64/110/30 65/112/30
f 81/111/30 65/112/30 80/113/31
f 80/113/31 65/112/30 79/114/30
f 79/114/30 65/112/30 66/115/30
f 79/114/30 66/115/30 78/116/30
f 78/116/30 66/115/30 67/117/30
f 78/116/30 67/117/30 113/118/30
f 113/118/30 67/117/30 112/119/32
f 112/119/32 67/117/30 68/120/30
f 112/119/32 68/120/30 111/121/32
f 111/121/32 68/120/30 110/122/30
f 110/122/30 68/120/30 69/123/30
f 110/122/30 69/123/30 109/124/30
f 109/124/30 69/123/30 70/125/30
f 109/124/30 70/125/30 108/126/32
f 108/126/32 70/125/30 107/127/32
f 107/127/32 70/125/30 71/128/30
f 107/127/32 71/128/30 106/129/30
f 106/129/30 71/128/30 105/130/34
f 105/130/34 71/128/30 72/131/30
f 105/130/34 72/131/30 104/132/32
f 104/132/32 72/131/30 73/133/30
f 104/132/32 73/133/30 103/134/30
f 103/134/30 73/133/30 102/135/30
f 102/135/30 73/133/30 74/136/30
f 102/135/30 74/136/30 101/137/30
f 101/137/30 74/136/30 75/138/31
f 101/137/30 75/138/31 100/139/30
f 100/139/30 75/138/31 76/67/30
f 100/139/30 76/67/30 99/66/30
f 3/104/30 2/140/30 61/105/30
f 61/105/30 2/140/30 60/141/30
f 60/141/30 2/140/30 1/142/30
f 29/143/35 59/144/35 30/145/35
f 30/145/35 59/144/35 114/146/35
f 30/147/36 114/148/36 31/149/36
f 31/149/36 114/148/36 115/150/36
f 31/149/36 115/150/36 32/151/36
f 32/151/36 115/150/36 33/152/36
f 33/152/36 115/150/36 116/153/36
f 33/152/36 116/153/36 34/154/36
f 34/154/36 116/153/36 117/155/36
f 34/154/36 117/155/36 35/156/36
f 35/156/36 117/155/36 36/157/36
f 36/157/36 117/155/36 118/158/36
f 36/157/36 118/158/36 37/159/36
f 37/159/36 118/158/36 119/160/36
f 37/159/36 119/160/36 38/161/36
f 38/161/36 119/160/36 39/162/36
f 39/162/36 119/160/36 120/163/36
f 39/162/36 120/163/36 40/164/36
f 40/164/36 120/163/36 121/165/36
f 40/164/36 121/165/36 41/166/36
f 41/166/36 121/165/36 42/167/36
f 42/167/36 121/165/36 122/168/36
f 42/167/36 122/168/36 43/169/36
f 43/169/36 122/168/36 123/170/36
f 43/169/36 123/170/36 44/171/36
f 44/171/36 123/170/36 45/172/36
f 45/172/36 123/170/36 124/173/36
f 45/172/36 124/173/36 46/174/36
f 46/174/36 124/173/36 125/175/36
f 46/174/36 125/175/36 47/176/36
f 47/176/36 125/175/36 48/177/37
f 48/177/37 125/175/36 126/178/38
f 48/177/37 126/178/38 49/179/37
f 49/179/37 126/178/38 127/180/38
f 49/179/37 127/180/38 50/181/36
f 50/181/36 127/180/38 51/182/36
f 51/182/36 127/180/38 128/183/36
f 51/182/36 128/183/36 52/184/36
f 52/184/36 128/183/36 129/185/36
f 52/184/36 129/185/36 53/186/36
f 53/186/36 129/185/36 54/187/36
f 54/187/36 129/185/36 130/188/38
f 54/187/36 130/188/38 55/189/36
f 55/189/36 130/188/38 131/190/36
f 55/189/36 131/190/36 56/191/36
f 56/191/36 131/190/36 57/192/36
f 57/192/36 131/190/36 132/193/36
f 57/192/36 132/193/36 58/194/36
f 60/143/39 1/144/39 132/145/39
f 132/145/39 1/144/39 58/146/39
f 114/195/40 59/196/40 115/197/41
f 115/197/41 59/196/40 77/198/41
f 115/197/41 77/198/41 76/199/42
f 115/197/41 76/199/42 116/200/42
f 116/200/42 76/199/42 75/201/43
f 116/200/42 75/201/43 117/202/43
f 117/202/43 75/201/43 74/203/44
f 117/202/43 74/203/44 118/204/44
f 118/204/44 74/203/44 73/205/45
f 118/204/44 73/205/45 119/206/45
f 119/206/45 73/205/45 72/207/46
f 119/206/45 72/207/46 120/208/46
f 120/208/46 72/207/46 71/209/47
f 120/208/46 71/209/47 121/210/47
f 121/210/47 71/209/47 70/211/48
f 121/210/47 70/211/48 122/212/48
f 122/212/48 70/211/48 69/213/49
f 122/212/48 69/213/49 123/214/49
f 123/214/49 69/213/49 68/215/50
f 123/214/49 68/215/50 124/216/50
f 124/216/50 68/215/50 67/217/51
f 124/216/50 67/217/51 125/218/51
f 125/218/51 67/217/51 66/219/52
f 125/218/51 66/219/52 126/220/52
f 126/220/52 66/219/52 65/221/53
f 126/220/52 65/221/53 127/222/53
f 127/222/53 65/221/53 64/223/54
f 127/222/53 64/223/54 128/224/54
f 128/224/54 64/223/54 63/225/55
f 128/224/54 63/225/55 129/226/55
f 129/226/55 63/225/55 62/227/56
f 129/226/55 62/227/56 130/228/56
f 130/228/56 62/227/56 61/229/57
f 130/228/56 61/229/57 131/230/57
f 131/230/57 61/229/57 132/231/58
f 132/231/58 61/229/57 60/232/58
f 113/233/59 171/234/59 78/235/39
f 78/235/39 171/234/59 174/236/39
f 78/235/39 174/236/39 79/237/60
f 79/237/60 174/236/39 239/238/60
f 79/237/60 239/238/60 80/239/61
f 80/239/61 239/238/60 237/240/61
f 80/239/61 237/240/61 81/241/62
f 81/241/62 237/240/61 235/242/62
f 81/241/62 235/242/62 82/243/63
f 82/243/63 235/242/62 233/244/63
f 82/243/63 233/244/63 83/245/64
f 83/245/64 233/244/63 231/246/64
f 83/245/64 231/246/64 84/247/65
f 84/247/65 231/246/64 229/248/65
f 84/247/65 229/248/65 85/249/66
f 85/249/66 229/248/65 227/250/66
f 85/249/66 227/250/66 86/251/67
f 86/251/67 227/250/66 225/252/68
f 86/251/67 225/252/68 87/253/69
f 87/253/69 225/252/68 223/254/69
f 87/253/69 223/254/69 88/255/70
f 88/255/70 223/254/69 221/256/70
f 88/255/70 221/256/70 89/257/71
f 89/257/71 221/256/70 219/258/71
f 89/257/71 219/258/71 90/259/72
f 90/259/72 219/258/71 217/260/72
f 90/259/72 217/260/72 91/261/73
f 91/261/73 217/260/72 215/262/73
f 91/261/73 215/262/73 92/263/74
f 92/263/74 215/262/73 213/264/74
f 92/263/74 213/264/74 93/265/75
f 93/265/75 213/264/74 211/266/75
f 93/265/75 211/266/75 94/267/76
f 94/267/76 211/266/75 209/268/76
f 94/267/76 209/268/76 95/269/77
f 95/269/77 209/268/76 207/270/77
f 95/269/77 207/270/77 96/271/78
f 96/271/78 207/270/77 169/272/78
f 96/273/78 169/274/78 97/275/79
f 97/275/79 169/274/78 205/276/79
f 97/275/79 205/276/79 98/277/80
f 98/277/80 205/276/79 203/278/80
f 98/277/80 203/278/80 99/279/81
f 99/279/81 203/278/80 201/280/81
f 99/279/81 201/280/81 100/281/82
f 100/281/82 201/280/81 199/282/82
f 100/281/82 199/282/82 101/283/83
f 101/283/83 199/282/82 197/284/83
f 101/283/83 197/284/83 102/285/84
f 102/285/84 197/284/83 195/286/84
f 102/285/84 195/286/84 103/287/85
f 103/287/85 195/286/84 193/288/85
f 103/287/85 193/288/85 104/289/86
f 104/289/86 193/288/85 191/290/86
f 104/289/86 191/290/86 105/291/35
f 105/291/35 191/290/86 189/292/35
f 105/291/35 189/292/35 106/293/87
f 106/293/87 189/292/35 187/294/87
f 106/293/87 187/294/87 107/295/88
f 107/295/88 187/294/87 185/296/88
f 107/295/88 185/296/88 108/297/89
f 108/297/89 185/296/88 183/298/89
f 108/297/89 183/298/89 109/299/90
f 109/299/90 183/298/89 181/300/90
f 109/299/90 181/300/90 110/301/91
f 110/301/91 181/300/90 179/302/91
f 110/301/91 179/302/91 111/303/92
f 111/303/92 179/302/91 177/304/92
f 111/303/92 177/304/92 112/305/93
f 112/305/93 177/304/92 175/306/93
f 112/305/93 175/306/93 113/233/59
f 113/233/59 175/306/93 171/234/59
f 134/307/60 240/308/60 133/309/39
f 133/309/39 240/308/60 173/310/39
f 133/309/39 173/310/39 168/311/59
f 168/311/59 173/310/39 172/312/59
f 168/311/59 172/312/59 167/313/93
f 167/313/93 172/312/59 176/314/93
f 167/313/93 176/314/93 166/315/92
f 166/315/92 176/314/93 178/316/92
f 166/315/92 178/316/92 165/317/91
f 165/317/91 178/316/92 180/318/91
f 165/317/91 180/318/91 164/319/90
f 164/319/90 180/318/91 182/320/90
f 164/319/90 182/320/90 163/321/89
f 163/321/89 182/320/90 184/322/89
f 163/321/89 184/322/89 162/323/88
f 162/323/88 184/322/89 186/324/88
f 162/323/88 186/324/88 161/325/87
f 161/325/87 186/324/88 188/326/87
f 161/325/87 188/326/87 160/327/35
f 160/327/35 188/326/87 190/328/35
f 160/327/35 190/328/35 159/329/86
f 159/329/86 190/328/35 192/330/86
f 159/329/86 192/330/86 158/331/85
f 158/331/85 192/330/86 194/332/85
f 158/331/85 194/332/85 157/333/84
f 157/333/84 194/332/85 196/334/84
f 157/333/84 196/334/84 156/335/83
f 156/335/83 196/334/84 198/336/83
f 156/335/83 198/336/83 155/337/82
f 155/337/82 198/336/83 200/338/82
f 155/337/82 200/338/82 154/339/81
f 154/339/81 200/338/82 202/340/81
f 154/339/81 202/340/81 153/341/80
f 153/341/80 202/340/81 204/342/80
f 153/341/80 204/342/80 152/343/79
f 152/343/79 204/342/80 206/344/79
f 152/343/79 206/344/79 151/345/78
f 151/345/78 206/344/79 170/346/78
f 151/347/78 170/348/78 150/349/77
f 150/349/77 170/348/78 208/350/77
f 150/349/77 208/350/77 149/351/76
f 149/351/76 208/350/77 210/352/76
f 149/351/76 210/352/76 148/353/75
f 148/353/75 210/352/76 212/354/75
f 148/353/75 212/354/75 147/355/74
f 147/355/74 212/354/75 214/356/74
f 147/355/74 214/356/74 146/357/73
f 146/357/73 214/356/74 216/358/73
f 146/357/73 216/358/73 145/359/72
f 145/359/72 216/358/73 218/360/72
f 145/359/72 218/360/72 144/361/71
f 144/361/71 218/360/72 220/362/71
f 144/361/71 220/362/71 143/363/70
f 143/363/70 220/362/71 222/364/70
f 143/363/70 222/364/70 142/365/69
f 142/365/69 222/364/70 224/366/69
f 142/365/69 224/366/69 141/367/68
f 141/367/68 224/366/69 226/368/68
f 141/367/68 226/368/68 140/369/66
f 140/369/66 226/368/68 228/370/66
f 140/369/66 228/370/66 139/371/65
f 139/371/65 228/370/66 230/372/65
f 139/371/65 230/372/65 138/373/64
f 138/373/64 230/372/65 232/374/64
f 138/373/64 232/374/64 137/375/63
f 137/375/63 232/374/64 234/376/63
f 137/375/63 234/376/63 136/377/62
f 136/377/62 234/376/63 236/378/62
f 136/377/62 236/378/62 135/379/61
f 135/379/61 236/378/62 238/380/61
f 135/379/61 238/380/61 134/307/60
f 134/307/60 238/380/61 240/308/60
f 169/274/78 170/346/78 205/276/79
f 205/276/79 170/346/78 206/344/79
f 205/276/79 206/344/79 203/278/80
f 203/278/80 206/344/79 204/342/80
f 203/278/80 204/342/80 201/280/81
f 201/280/81 204/342/80 202/340/81
f 201/280/81 202/340/81 199/282/82
f 199/282/82 202/340/81 200/338/82
f 199/282/82 200/338/82 197/284/83
f 197/284/83 200/338/82 198/336/83
f 197/284/83 198/336/83 195/286/84
f 195/286/84 198/336/83 196/334/84
f 195/286/84 196/334/84 193/288/85
f 193/288/85 196/334/84 194/332/85
f 193/288/85 194/332/85 191/290/86
f 191/290/86 194/332/85 192/330/86
f 191/290/86 192/330/86 189/292/35
f 189/292/35 192/330/86 190/328/35
f 189/292/35 190/328/35 187/294/87
f 187/294/87 190/328/35 188/326/87
f 187/294/87 188/326/87 185/296/88
f 185/296/88 188/326/87 186/324/88
f 185/296/88 186/324/88 183/298/89
f 183/298/89 186/324/88 184/322/89
f 183/298/89 184/322/89 181/300/90
f 181/300/90 184/322/89 182/320/90
f 181/300/90 182/320/90 179/302/91
f 179/302/91 182/320/90 180/318/91
f 179/302/91 180/318/91 177/304/92
f 177/304/92 180/318/91 178/316/92
f 177/304/92 178/316/92 175/306/93
f 175/306/93 178/316/92 176/314/93
f 175/306/93 176/314/93 171/234/59
f 171/234/59 176/314/93 172/312/59
f 171/234/59 172/312/59 174/236/39
f 174/236/39 172/312/59 173/310/39
f 174/236/39 173/310/39 239/238/60
f 239/238/60 173/310/39 240/308/60
f 239/238/60 240/308/60 237/240/61
f 237/240/61 240/308/60 238/380/61
f 237/240/61 238/380/61 235/242/62
f 235/242/62 238/380/61 236/378/62
f 235/242/62 236/378/62 233/244/63
f 233/244/63 236/378/62 234/376/63
f 233/244/63 234/376/63 231/246/64
f 231/246/64 234/376/63 232/374/64
f 231/246/64 232/374/64 229/248/65
f 229/248/65 232/374/64 230/372/65
f 229/248/65 230/372/65 227/250/66
f 227/250/66 230/372/65 228/370/66
f 227/250/66 228/370/66 225/252/68
f 225/252/68 228/370/66 226/368/68
f 225/252/68 226/368/68 223/254/69
f 223/254/69 226/368/68 224/366/69
f 223/254/69 224/366/69 221/256/70
f 221/256/70 224/366/69 222/364/70
f 221/256/70 222/364/70 219/258/71
f 219/258/71 222/364/70 220/362/71
f 219/258/71 220/362/71 217/260/72
f 217/260/72 220/362/71 218/360/72
f 217/260/72 218/360/72 215/262/73
f 215/262/73 218/360/72 216/358/73
f 215/262/73 216/358/73 213/264/74
f 213/264/74 216/358/73 214/356/74
f 213/264/74 214/356/74 211/266/75
f 211/266/75 214/356/74 212/354/75
f 211/266/75 212/354/75 209/268/76
f 209/268/76 212/354/75 210/352/76
f 209/268/76 210/352/76 207/270/77
f 207/270/77 210/352/76 208/350/77
f 207/270/77 208/350/77 169/272/78
f 169/272/78 208/350/77 170/348/78
f 241/147/36 242/148/36 288/149/36
f 288/149/36 242/148/36 243/150/36
f 288/149/36 243/150/36 287/151/36
f 287/151/36 243/150/36 286/152/36
f 286/152/36 243/150/36 244/153/36
f 286/152/36 244/153/36 154/381/37
f 154/381/37 244/153/36 155/382/94
f 155/382/94 244/153/36 245/155/38
f 155/382/94 245/155/38 156/383/36
f 156/383/36 245/155/38 246/158/36
f 156/383/36 246/158/36 157/384/36
f 157/384/36 246/158/36 247/160/38
f 157/384/36 247/160/38 158/385/95
f 158/385/95 247/160/38 159/386/36
f 159/386/36 247/160/38 248/163/36
f 159/386/36 248/163/36 160/387/36
f 160/387/36 248/163/36 249/165/36
f 160/387/36 249/165/36 161/388/36
f 161/388/36 249/165/36 162/389/36
f 162/389/36 249/165/36 250/168/37
f 162/389/36 250/168/37 163/390/38
f 163/390/38 250/168/37 164/391/38
f 164/391/38 250/168/37 251/170/36
f 164/391/38 251/170/36 165/392/36
f 165/392/36 251/170/36 252/173/36
f 165/392/36 252/173/36 166/393/36
f 166/393/36 252/173/36 167/394/36
f 167/394/36 252/173/36 253/175/36
f 167/394/36 253/175/36 168/395/36
f 168/395/36 253/175/36 133/396/36
f 133/396/36 253/175/36 254/178/36
f 133/396/36 254/178/36 134/397/36
f 134/397/36 254/178/36 255/180/36
f 134/397/36 255/180/36 135/398/37
f 135/398/37 255/180/36 136/399/36
f 136/399/36 255/180/36 256/183/36
f 136/399/36 256/183/36 137/400/37
f 137/400/37 256/183/36 257/185/36
f 137/400/37 257/185/36 138/401/38
f 138/401/38 257/185/36 258/188/36
f 138/401/38 258/188/36 139/402/36
f 139/402/36 258/188/36 264/189/36
f 139/402/36 264/189/36 265/187/36
f 258/188/36 259/190/36 264/189/36
f 264/189/36 259/190/36 263/191/36
f 263/191/36 259/190/36 262/192/36
f 262/192/36 259/190/36 260/193/36
f 262/192/36 260/193/36 261/194/36
f 265/187/36 266/186/36 139/402/36
f 139/402/36 266/186/36 140/403/95
f 140/403/95 266/186/36 267/184/36
f 140/403/95 267/184/36 268/182/36
f 140/403/95 268/182/36 141/404/37
f 141/404/37 268/182/36 269/181/36
f 141/404/37 269/181/36 142/405/36
f 142/405/36 269/181/36 270/179/36
f 142/405/36 270/179/36 143/406/37
f 143/406/37 270/179/36 271/177/36
f 143/406/37 271/177/36 144/407/37
f 144/407/37 271/177/36 272/176/36
f 144/407/37 272/176/36 273/174/36
f 144/407/37 273/174/36 145/408/36
f 145/408/36 273/174/36 274/172/36
f 145/408/36 274/172/36 146/409/36
f 146/409/36 274/172/36 275/171/36
f 146/409/36 275/171/36 147/410/38
f 147/410/38 275/171/36 276/169/36
f 147/410/38 276/169/36 148/411/38
f 148/411/38 276/169/36 277/167/36
f 148/411/38 277/167/36 149/412/36
f 149/412/36 277/167/36 278/166/36
f 149/412/36 278/166/36 279/164/36
f 149/412/36 279/164/36 150/413/36
f 150/413/36 279/164/36 280/162/36
f 150/413/36 280/162/36 151/414/36
f 151/414/36 280/162/36 281/161/36
f 151/414/36 281/161/36 152/415/36
f 152/415/36 281/161/36 282/159/36
f 152/415/36 282/159/36 153/416/36
f 153/416/36 282/159/36 283/157/36
f 153/416/36 283/157/36 284/156/36
f 153/416/36 284/156/36 154/381/37
f 154/381/37 284/156/36 285/154/36
f 154/381/37 285/154/36 286/152/36
f 242/143/35 241/144/35 290/145/35
f 290/145/35 241/144/35 289/146/35
f 308/417/58 260/418/58 307/419/57
f 307/419/57 260/418/58 259/420/57
f 307/419/57 259/420/57 258/421/56
f 307/419/57 258/421/56 306/422/56
f 306/422/56 258/421/56 257/423/55
f 306/422/56 257/423/55 305/424/55
f 305/424/55 257/423/55 256/425/54
f 305/424/55 256/425/54 304/426/54
f 304/426/54 256/425/54 255/427/53
f 304/426/54 255/427/53 303/428/53
f 303/428/53 255/427/53 254/429/52
f 303/428/53 254/429/52 302/430/52
f 302/430/52 254/429/52 253/431/51
f 302/430/52 253/431/51 301/432/51
f 301/432/51 253/431/51 252/433/50
f 301/432/51 252/433/50 300/434/50
f 300/434/50 252/433/50 251/435/49
f 300/434/50 251/435/49 299/436/49
f 299/436/49 251/435/49 250/437/48
f 299/436/49 250/437/48 298/438/48
f 298/438/48 250/437/48 249/439/47
f 298/438/48 249/439/47 297/440/47
f 297/440/47 249/439/47 248/441/46
f 297/440/47 248/441/46 296/442/46
f 296/442/46 248/441/46 247/443/45
f 296/442/46 247/443/45 295/444/45
f 295/444/45 247/443/45 246/445/44
f 295/444/45 246/445/44 294/446/44
f 294/446/44 246/445/44 245/447/43
f 294/446/44 245/447/43 293/448/43
f 293/448/43 245/447/43 244/449/42
f 293/448/43 244/449/42 292/450/42
f 292/450/42 244/449/42 243/451/41
f 292/450/42 243/451/41 291/452/41
f 291/452/41 243/451/41 290/195/40
f 290/195/40 243/451/41 242/196/40
f 261/143/39 260/144/39 309/145/39
f 309/145/39 260/144/39 308/146/39
f 289/453/29 241/454/29 336/455/28
f 336/455/28 241/454/29 288/456/28
f 336/455/28 288/456/28 287/457/27
f 336/455/28 287/457/27 335/458/27
f 335/458/27 287/457/27 286/459/26
f 335/458/27 286/459/26 334/460/26
f 334/460/26 286/459/26 285/461/25
f 334/460/26 285/461/25 333/462/25
f 333/462/25 285/461/25 284/463/24
f 333/462/25 284/463/24 332/464/24
f 332/464/24 284/463/24 283/465/23
f 332/464/24 283/465/23 331/466/23
f 331/466/23 283/465/23 282/467/22
f 331/466/23 282/467/22 330/468/22
f 330/468/22 282/467/22 281/469/21
f 330/468/22 281/469/21 329/470/21
f 329/470/21 281/469/21 280/471/20
f 329/470/21 280/471/20 328/472/20
f 328/472/20 280/471/20 279/473/19
f 328/472/20 279/473/19 327/474/19
f 327/474/19 279/473/19 278/475/18
f 327/474/19 278/475/18 326/476/18
f 326/476/18 278/475/18 277/477/17
f 326/476/18 277/477/17 325/478/17
f 325/478/17 277/477/17 276/479/16
f 325/478/17 276/479/16 324/480/16
f 324/480/16 276/479/16 275/481/15
f 324/480/16 275/481/15 323/482/15
f 323/482/15 275/481/15 274/483/14
f 323/482/15 274/483/14 322/484/14
f 322/484/14 274/483/14 273/485/13
f 322/484/14 273/485/13 321/486/13
f 321/486/13 273/485/13 272/487/12
f 321/486/13 272/487/12 320/488/12
f 320/488/12 272/487/12 271/489/11
f 320/488/12 271/489/11 319/490/11
f 319/490/11 271/489/11 270/491/10
f 319/490/11 270/491/10 318/492/10
f 318/492/10 270/491/10 269/493/9
f 318/492/10 269/493/9 317/494/9
f 317/494/9 269/493/9 268/495/8
f 317/494/9 268/495/8 316/496/8
f 316/496/8 268/495/8 267/497/7
f 316/496/8 267/497/7 315/498/7
f 315/498/7 267/497/7 266/499/6
f 315/498/7 266/499/6 314/500/6
f 314/500/6 266/499/6 265/501/5
f 314/500/6 265/501/5 313/502/5
f 313/502/5 265/501/5 264/503/4
f 313/502/5 264/503/4 312/504/4
f 312/504/4 264/503/4 263/505/3
f 312/504/4 263/505/3 311/506/3
f 311/506/3 263/505/3 262/507/2
f 311/506/3 262/507/2 310/508/2
f 310/508/2 262/507/2 309/509/1
f 309/509/1 262/507/2 261/510/1
f 289/59/30 336/60/30 290/61/30
f 290/61/30 336/60/30 291/62/30
f 291/62/30 336/60/30 335/63/30
f 291/62/30 335/63/30 334/64/30
f 333/65/30 358/66/30 334/64/30
f 334/64/30 358/66/30 292/67/30
f 334/64/30 292/67/30 291/62/30
f 333/65/30 332/68/30 358/66/30
f 358/66/30 332/68/30 357/69/30
f 357/69/30 332/68/30 331/70/30
f 357/69/30 331/70/30 330/71/30
f 357/69/30 330/71/30 356/72/30
f 356/72/30 330/71/30 329/73/30
f 356/72/30 329/73/30 355/74/30
f 355/74/30 329/73/30 328/75/30
f 355/74/30 328/75/30 354/76/30
f 354/76/30 328/75/30 327/77/30
f 354/76/30 327/77/30 353/78/30
f 353/78/30 327/77/30 326/79/30
f 353/78/30 326/79/30 325/80/30
f 353/78/30 325/80/30 352/81/30
f 352/81/30 325/80/30 324/82/30
f 352/81/30 324/82/30 351/83/30
f 351/83/30 324/82/30 323/84/30
f 351/83/30 323/84/30 350/85/30
f 350/85/30 323/84/30 322/86/30
f 350/85/30 322/86/30 349/87/30
f 349/87/30 322/86/30 321/88/30
f 349/87/30 321/88/30 348/89/30
f 348/89/30 321/88/30 320/90/30
f 348/89/30 320/90/30 319/91/30
f 348/89/30 319/91/30 347/92/30
f 347/92/30 319/91/30 318/93/30
f 347/92/30 318/93/30 346/94/30
f 346/94/30 318/93/30 317/95/30
f 346/94/30 317/95/30 345/96/32
f 345/96/32 317/95/30 316/97/30
f 345/96/32 316/97/30 344/98/34
f 344/98/34 316/97/30 315/99/30
f 344/98/34 315/99/30 314/100/30
f 344/98/34 314/100/30 343/101/32
f 343/101/32 314/100/30 313/102/30
f 343/101/32 313/102/30 312/103/30
f 311/104/30 307/105/30 312/103/30
f 312/103/30 307/105/30 306/106/30
f 312/103/30 306/106/30 343/101/32
f 343/101/32 306/106/30 342/107/30
f 342/107/30 306/106/30 305/108/30
f 342/107/30 305/108/30 341/109/30
f 341/109/30 305/108/30 304/110/30
f 341/109/30 304/110/30 340/111/32
f 340/111/32 304/110/30 303/112/30
f 340/111/32 303/112/30 339/113/31
f 339/113/31 303/112/30 338/114/30
f 338/114/30 303/112/30 302/115/30
f 338/114/30 302/115/30 337/116/30
f 337/116/30 302/115/30 301/117/30
f 337/116/30 301/117/30 372/118/30
f 372/118/30 301/117/30 371/119/30
f 371/119/30 301/117/30 300/120/30
f 371/119/30 300/120/30 370/121/31
f 370/121/31 300/120/30 369/122/32
f 369/122/32 300/120/30 299/123/30
f 369/122/32 299/123/30 368/124/32
f 368/124/32 299/123/30 298/125/30
f 368/124/32 298/125/30 367/126/32
f 367/126/32 298/125/30 366/127/32
f 366/127/32 298/125/30 297/128/30
f 366/127/32 297/128/30 365/129/30
f 365/129/30 297/128/30 364/130/30
f 364/130/30 297/128/30 296/131/30
f 364/130/30 296/131/30 363/132/32
f 363/132/32 296/131/30 295/133/30
f 363/132/32 295/133/30 362/134/32
f 362/134/32 295/133/30 361/135/30
f 361/135/30 295/133/30 294/136/30
f 361/135/30 294/136/30 360/137/30
f 360/137/30 294/136/30 293/138/30
f 360/137/30 293/138/30 359/139/30
f 359/139/30 293/138/30 292/67/30
f 359/139/30 292/67/30 358/66/30
f 311/104/30 310/140/30 307/105/30
f 307/105/30 310/140/30 308/141/30
f 308/141/30 310/140/30 309/142/30
f 372/511/59 411/512/59 337/513/39
f 337/513/39 411/512/59 414/514/39
f 337/513/39 414/514/39 338/515/60
f 338/515/60 414/514/39 479/516/60
f 338/515/60 479/516/60 339/517/61
f 339/517/61 479/516/60 477/518/61
f 339/517/61 477/518/61 340/519/62
f 340/519/62 477/518/61 475/520/62
f 340/519/62 475/520/62 341/521/63
f 341/521/63 475/520/62 473/522/63
f 341/521/63 473/522/63 342/523/64
f 342/523/64 473/522/63 471/524/64
f 342/523/64 471/524/64 343/525/65
f 343/525/65 471/524/64 469/526/65
f 343/525/65 469/526/65 344/527/66
f 344/527/66 469/526/65 467/528/66
f 344/527/66 467/528/66 345/529/68
f 345/529/68 467/528/66 465/530/68
f 345/529/68 465/530/68 346/531/69
f 346/531/69 465/530/68 463/532/69
f 346/531/69 463/532/69 347/533/70
f 347/533/70 463/532/69 461/534/70
f 347/533/70 461/534/70 348/535/71
f 348/535/71 461/534/70 459/536/71
f 348/535/71 459/536/71 349/537/72
f 349/537/72 459/536/71 457/538/72
f 349/537/72 457/538/72 350/539/73
f 350/539/73 457/538/72 455/540/73
f 350/539/73 455/540/73 351/541/74
f 351/541/74 455/540/73 453/542/74
f 351/541/74 453/542/74 352/543/75
f 352/543/75 453/542/74 451/544/75
f 352/543/75 451/544/75 353/545/76
f 353/545/76 451/544/75 449/546/76
f 353/545/76 449/546/76 354/547/77
f 354/547/77 449/546/76 447/548/77
f 354/547/77 447/548/77 355/549/78
f 355/549/78 447/548/77 409/550/78
f 355/551/78 409/552/78 356/553/79
f 356/553/79 409/552/78 445/554/79
f 356/553/79 445/554/79 357/555/80
f 357/555/80 445/554/79 443/556/80
f 357/555/80 443/556/80 358/557/81
f 358/557/81 443/556/80 441/558/81
f 358/557/81 441/558/81 359/559/82
f 359/559/82 441/558/81 439/560/82
f 359/559/82 439/560/82 360/561/83
f 360/561/83 439/560/82 437/562/83
f 360/561/83 437/562/83 361/563/84
f 361/563/84 437/562/83 435/564/84
f 361/563/84 435/564/84 362/565/85
f 362/565/85 435/564/84 433/566/85
f 362/565/85 433/566/85 363/567/86
f 363/567/86 433/566/85 431/568/86
f 363/567/86 431/568/86 364/569/35
f 364/569/35 431/568/86 429/570/35
f 364/569/35 429/570/35 365/571/87
f 365/571/87 429/570/35 427/572/87
f 365/571/87 427/572/87 366/573/88
f 366/573/88 427/572/87 425/574/88
f 366/573/88 425/574/88 367/575/89
f 367/575/89 425/574/88 423/576/89
f 367/575/89 423/576/89 368/577/90
f 368/577/90 423/576/89 421/578/90
f 368/577/90 421/578/90 369/579/91
f 369/579/91 421/578/90 419/580/91
f 369/579/91 419/580/91 370/581/92
f 370/581/92 419/580/91 417/582/92
f 370/581/92 417/582/92 371/583/93
f 371/583/93 417/582/92 415/584/93
f 371/583/93 415/584/93 372/511/59
f 372/511/59 415/584/93 411/512/59
f 374/585/60 480/586/60 373/587/39
f 373/587/39 480/586/60 413/588/39
f 373/587/39 413/588/39 408/589/59
f 408/589/59 413/588/39 412/590/59
f 408/589/59 412/590/59 407/591/93
f 407/591/93 412/590/59 416/592/93
f 407/591/93 416/592/93 406/593/92
f 406/593/92 416/592/93 418/594/92
f 406/593/92 418/594/92 405/595/91
f 405/595/91 418/594/92 420/596/91
f 405/595/91 420/596/91 404/597/90
f 404/597/90 420/596/91 422/598/90
f 404/597/90 422/598/90 403/599/89
f 403/599/89 422/598/90 424/600/89
f 403/599/89 424/600/89 402/601/88
f 402/601/88 424/600/89 426/602/88
f 402/601/88 426/602/88 401/603/87
f 401/603/87 426/602/88 428/604/87
f 401/603/87 428/604/87 400/605/35
f 400/605/35 428/604/87 430/606/35
f 400/605/35 430/606/35 399/607/86
f 399/607/86 430/606/35 432/608/86
f 399/607/86 432/608/86 398/609/85
f 398/609/85 432/608/86 434/610/85
f 398/609/85 434/610/85 397/611/84
f 397/611/84 434/610/85 436/612/84
f 397/611/84 436/612/84 396/613/83
f 396/613/83 436/612/84 438/614/83
f 396/613/83 438/614/83 395/615/82
f 395/615/82 438/614/83 440/616/82
f 395/615/82 440/616/82 394/617/81
f 394/617/81 440/616/82 442/618/81
f 394/617/81 442/618/81 393/619/80
f 393/619/80 442/618/81 444/620/80
f 393/619/80 444/620/80 392/621/79
f 392/621/79 444/620/80 446/622/79
f 392/621/79 446/622/79 391/623/78
f 391/623/78 446/622/79 410/624/78
f 391/625/78 410/626/78 390/627/77
f 390/627/77 410/626/78 448/628/77
f 390/627/77 448/628/77 389/629/76
f 389/629/76 448/628/77 450/630/76
f 389/629/76 450/630/76 388/631/75
f 388/631/75 450/630/76 452/632/75
f 388/631/75 452/632/75 387/633/74
f 387/633/74 452/632/75 454/634/74
f 387/633/74 454/634/74 386/635/73
f 386/635/73 454/634/74 456/636/73
f 386/635/73 456/636/73 385/637/72
f 385/637/72 456/636/73 458/638/72
f 385/637/72 458/638/72 384/639/71
f 384/639/71 458/638/72 460/640/71
f 384/639/71 460/640/71 383/641/70
f 383/641/70 460/640/71 462/642/70
f 383/641/70 462/642/70 382/643/69
f 382/643/69 462/642/70 464/644/69
f 382/643/69 464/644/69 381/645/68
f 381/645/68 464/644/69 466/646/68
f 381/645/68 466/646/68 380/647/66
f 380/647/66 466/646/68 468/648/66
f 380/647/66 468/648/66 379/649/65
f 379/649/65 468/648/66 470/650/65
f 379/649/65 470/650/65 378/651/64
f 378/651/64 470/650/65 472/652/64
f 378/651/64 472/652/64 377/653/63
f 377/653/63 472/652/64 474/654/63
f 377/653/63 474/654/63 376/655/62
f 376/655/62 474/654/63 476/656/62
f 376/655/62 476/656/62 375/657/61
f 375/657/61 476/656/62 478/658/61
f 375/657/61 478/658/61 374/585/60
f 374/585/60 478/658/61 480/586/60
f 409/552/78 410/624/78 445/554/79
f 445/554/79 410/624/78 446/622/79
f 445/554/79 446/622/79 443/556/80
f 443/556/80 446/622/79 444/620/80
f 443/556/80 444/620/80 441/558/81
f 441/558/81 444/620/80 442/618/81
f 441/558/81 442/618/81 439/560/82
f 439/560/82 442/618/81 440/616/82
f 439/560/82 440/616/82 437/562/83
f 437/562/83 440/616/82 438/614/83
f 437/562/83 438/614/83 435/564/84
f 435/564/84 438/614/83 436/612/84
f 435/564/84 436/612/84 433/566/85
f 433/566/85 436/612/84 434/610/85
f 433/566/85 434/610/85 431/568/86
f 431/568/86 434/610/85 432/608/86
f 431/568/86 432/608/86 429/570/35
f 429/570/35 432/608/86 430/606/35
f 429/570/35 430/606/35 427/572/87
f 427/572/87 430/606/35 428/604/87
f 427/572/87 428/604/87 425/574/88
f 425/574/88 428/604/87 426/602/88
f 425/574/88 426/602/88 423/576/89
f 423/576/89 426/602/88 424/600/89
f 423/576/89 424/600/89 421/578/90
f 421/578/90 424/600/89 422/598/90
f 421/578/90 422/598/90 419/580/91
f 419/580/91 422/598/90 420/596/91
f 419/580/91 420/596/91 417/582/92
f 417/582/92 420/596/91 418/594/92
f 417/582/92 418/594/92 415/584/93
f 415/584/93 418/594/92 416/592/93
f 415/584/93 416/592/93 411/512/59
f 411/512/59 416/592/93 412/590/59
f 411/512/59 412/590/59 414/514/39
f 414/514/39 412/590/59 413/588/39
f 414/514/39 413/588/39 479/516/60
f 479/516/60 413/588/39 480/586/60
f 479/516/60 480/586/60 477/518/61
f 477/518/61 480/586/60 478/658/61
f 477/518/61 478/658/61 475/520/62
f 475/520/62 478/658/61 476/656/62
f 475/520/62 476/656/62 473/522/63
f 473/522/63 476/656/62 474/654/63
f 473/522/63 474/654/63 471/524/64
f 471/524/64 474/654/63 472/652/64
f 471/524/64 472/652/64 469/526/65
f 469/526/65 472/652/64 470/650/65
f 469/526/65 470/650/65 467/528/66
f 467/528/66 470/650/65 468/648/66
f 467/528/66 468/648/66 465/530/68
f 465/530/68 468/648/66 466/646/68
f 465/530/68 466/646/68 463/532/69
f 463/532/69 466/646/68 464/644/69
f 463/532/69 464/644/69 461/534/70
f 461/534/70 464/644/69 462/642/70
f 461/534/70 462/642/70 459/536/71
f 459/536/71 462/642/70 460/640/71
f 459/536/71 460/640/71 457/538/72
f 457/538/72 460/640/71 458/638/72
f 457/538/72 458/638/72 455/540/73
f 455/540/73 458/638/72 456/636/73
f 455/540/73 456/636/73 453/542/74
f 453/542/74 456/636/73 454/634/74
f 453/542/74 454/634/74 451/544/75
f 451/544/75 454/634/74 452/632/75
f 451/544/75 452/632/75 449/546/76
f 449/546/76 452/632/75 450/630/76
f 449/546/76 450/630/76 447/548/77
f 447/548/77 450/630/76 448/628/77
f 447/548/77 448/628/77 409/550/78
f 409/550/78 448/628/77 410/626/78
f 481/147/36 482/148/36 528/149/36
f 528/149/36 482/148/36 483/150/36
f 528/149/36 483/150/36 527/151/36
f 527/151/36 483/150/36 526/152/36
f 526/152/36 483/150/36 484/153/36
f 526/152/36 484/153/36 394/381/36
f 394/381/36 484/153/36 395/382/36
f 395/382/36 484/153/36 485/155/37
f 395/382/36 485/155/37 396/383/36
f 396/383/36 485/155/37 486/158/36
f 396/383/36 486/158/36 397/384/96
f 397/384/96 486/158/36 487/160/36
f 397/384/96 487/160/36 398/385/36
f 398/385/36 487/160/36 399/386/36
f 399/386/36 487/160/36 488/163/36
f 399/386/36 488/163/36 400/387/36
f 400/387/36 488/163/36 489/165/36
f 400/387/36 489/165/36 401/388/36
f 401/388/36 489/165/36 402/389/37
f 402/389/37 489/165/36 490/168/36
f 402/389/37 490/168/36 403/390/37
f 403/390/37 490/168/36 404/391/38
f 404/391/38 490/168/36 491/170/36
f 404/391/38 491/170/36 405/392/38
f 405/392/38 491/170/36 492/173/36
f 405/392/38 492/173/36 406/393/37
f 406/393/37 492/173/36 407/394/37
f 407/394/37 492/173/36 493/175/36
f 407/394/37 493/175/36 408/395/36
f 408/395/36 493/175/36 373/396/36
f 373/396/36 493/175/36 494/178/36
f 373/396/36 494/178/36 374/397/36
f 374/397/36 494/178/36 495/180/36
f 374/397/36 495/180/36 375/398/36
f 375/398/36 495/180/36 376/399/37
f 376/399/37 495/180/36 496/183/36
f 376/399/37 496/183/36 377/400/36
f 377/400/36 496/183/36 497/185/36
f 377/400/36 497/185/36 378/401/97
f 378/401/97 497/185/36 498/188/36
f 378/401/97 498/188/36 379/402/37
f 379/402/37 498/188/36 504/189/36
f 379/402/37 504/189/36 505/187/36
f 498/188/36 499/190/36 504/189/36
f 504/189/36 499/190/36 503/191/36
f 503/191/36 499/190/36 502/192/36
f 502/192/36 499/190/36 500/193/36
f 502/192/36 500/193/36 501/194/37
f 505/187/36 506/186/36 379/402/37
f 379/402/37 506/186/36 380/403/95
f 380/403/95 506/186/36 507/184/36
f 380/403/95 507/184/36 508/182/36
f 380/403/95 508/182/36 381/404/37
f 381/404/37 508/182/36 509/181/36
f 381/404/37 509/181/36 382/405/36
f 382/405/36 509/181/36 510/179/36
f 382/405/36 510/179/36 383/406/36
f 383/406/36 510/179/36 511/177/36
f 383/406/36 511/177/36 384/407/38
f 384/407/38 511/177/36 512/176/36
f 384/407/38 512/176/36 513/174/36
f 384/407/38 513/174/36 385/408/36
f 385/408/36 513/174/36 514/172/36
f 385/408/36 514/172/36 386/409/95
f 386/409/95 514/172/36 515/171/36
f 386/409/95 515/171/36 387/410/37
f 387/410/37 515/171/36 516/169/36
f 387/410/37 516/169/36 388/411/36
f 388/411/36 516/169/36 517/167/36
f 388/411/36 517/167/36 389/412/36
f 389/412/36 517/167/36 518/166/36
f 389/412/36 518/166/36 519/164/36
f 389/412/36 519/164/36 390/413/36
f 390/413/36 519/164/36 520/162/36
f 390/413/36 520/162/36 391/414/36
f 391/414/36 520/162/36 521/161/36
f 391/414/36 521/161/36 392/415/36
f 392/415/36 521/161/36 522/159/36
f 392/415/36 522/159/36 393/416/36
f 393/416/36 522/159/36 523/157/36
f 393/416/36 523/157/36 524/156/36
f 393/416/36 524/156/36 394/381/36
f 394/381/36 524/156/36 525/154/36
f 394/381/36 525/154/36 526/152/36
f 482/143/35 481/144/35 530/145/35
f 530/145/35 481/144/35 529/146/35
f 548/417/58 500/418/58 547/419/57
f 547/419/57 500/418/58 499/420/57
f 547/419/57 499/420/57 498/421/56
f 547/419/57 498/421/56 546/422/56
f 546/422/56 498/421/56 497/423/55
f 546/422/56 497/423/55 545/424/55
f 545/424/55 497/423/55 496/425/54
f 545/424/55 496/425/54 544/426/54
f 544/426/54 496/425/54 495/427/53
f 544/426/54 495/427/53 543/428/53
f 543/428/53 495/427/53 494/429/52
f 543/428/53 494/429/52 542/430/52
f 542/430/52 494/429/52 493/431/51
f 542/430/52 493/431/51 541/432/51
f 541/432/51 493/431/51 492/433/50
f 541/432/51 492/433/50 540/434/50
f 540/434/50 492/433/50 491/435/49
f 540/434/50 491/435/49 539/436/49
f 539/436/49 491/435/49 490/437/48
f 539/436/49 490/437/48 538/438/48
f 538/438/48 490/437/48 489/439/47
f 538/438/48 489/439/47 537/440/47
f 537/440/47 489/439/47 488/441/46
f 537/440/47 488/441/46 536/442/46
f 536/442/46 488/441/46 487/443/45
f 536/442/46 487/443/45 535/444/45
f 535/444/45 487/443/45 486/445/44
f 535/444/45 486/445/44 534/446/44
f 534/446/44 486/445/44 485/447/43
f 534/446/44 485/447/43 533/448/43
f 533/448/43 485/447/43 484/449/42
f 533/448/43 484/449/42 532/450/42
f 532/450/42 484/449/42 483/451/41
f 532/450/42 483/451/41 531/452/41
f 531/452/41 483/451/41 530/195/40
f 530/195/40 483/451/41 482/196/40
f 501/143/39 500/144/39 549/145/39
f 549/145/39 500/144/39 548/146/39
f 529/453/29 481/454/29 576/455/28
f 576/455/28 481/454/29 528/456/28
f 576/455/28 528/456/28 527/457/27
f 576/455/28 527/457/27 575/458/27
f 575/458/27 527/457/27 526/459/26
f 575/458/27 526/459/26 574/460/26
f 574/460/26 526/459/26 525/461/25
f 574/460/26 525/461/25 573/462/25
f 573/462/25 525/461/25 524/463/24
f 573/462/25 524/463/24 572/464/24
f 572/464/24 524/463/24 523/465/23
f 572/464/24 523/465/23 571/466/23
f 571/466/23 523/465/23 522/467/22
f 571/466/23 522/467/22 570/468/22
f 570/468/22 522/467/22 521/469/21
f 570/468/22 521/469/21 569/470/21
f 569/470/21 521/469/21 520/471/20
f 569/470/21 520/471/20 568/472/20
f 568/472/20 520/471/20 519/473/19
f 568/472/20 519/473/19 567/474/19
f 567/474/19 519/473/19 518/475/18
f 567/474/19 518/475/18 566/476/18
f 566/476/18 518/475/18 517/477/17
f 566/476/18 517/477/17 565/478/17
f 565/478/17 517/477/17 516/479/16
f 565/478/17 516/479/16 564/480/16
f 564/480/16 516/479/16 515/481/15
f 564/480/16 515/481/15 563/482/15
f 563/482/15 515/481/15 514/483/14
f 563/482/15 514/483/14 562/484/14
f 562/484/14 514/483/14 513/485/13
f 562/484/14 513/485/13 561/486/13
f 561/486/13 513/485/13 512/487/12
f 561/486/13 512/487/12 560/488/12
f 560/488/12 512/487/12 511/489/11
f 560/488/12 511/489/11 559/490/11
f 559/490/11 511/489/11 510/491/10
f 559/490/11 510/491/10 558/492/10
f 558/492/10 510/491/10 509/493/9
f 558/492/10 509/493/9 557/494/9
f 557/494/9 509/493/9 508/495/8
f 557/494/9 508/495/8 556/496/8
f 556/496/8 508/495/8 507/497/7
f 556/496/8 507/497/7 555/498/7
f 555/498/7 507/497/7 506/499/6
f 555/498/7 506/499/6 554/500/6
f 554/500/6 506/499/6 505/501/5
f 554/500/6 505/501/5 553/502/5
f 553/502/5 505/501/5 504/503/4
f 553/502/5 504/503/4 552/504/4
f 552/504/4 504/503/4 503/505/3
f 552/504/4 503/505/3 551/506/3
f 551/506/3 503/505/3 502/507/2
f 551/506/3 502/507/2 550/508/2
f 550/508/2 502/507/2 549/509/1
f 549/509/1 502/507/2 501/510/1
f 529/59/30 576/60/30 530/61/30
f 530/61/30 576/60/30 531/62/30
f 531/62/30 576/60/30 575/63/30
f 531/62/30 575/63/30 574/64/30
f 573/65/30 598/66/30 574/64/30
f 574/64/30 598/66/30 532/67/30
f 574/64/30 532/67/30 531/62/30
f 573/65/30 572/68/30 598/66/30
f 598/66/30 572/68/30 597/69/30
f 597/69/30 572/68/30 571/70/30
f 597/69/30 571/70/30 570/71/30
f 597/69/30 570/71/30 596/72/30
f 596/72/30 570/71/30 569/73/30
f 596/72/30 569/73/30 595/74/30
f 595/74/30 569/73/30 568/75/30
f 595/74/30 568/75/30 594/76/30
f 594/76/30 568/75/30 567/77/30
f 594/76/30 567/77/30 593/78/30
f 593/78/30 567/77/30 566/79/30
f 593/78/30 566/79/30 565/80/30
f 593/78/30 565/80/30 592/81/30
f 592/81/30 565/80/30 564/82/30
f 592/81/30 564/82/30 591/83/30
f 591/83/30 564/82/30 563/84/30
f 591/83/30 563/84/30 590/85/32
f 590/85/32 563/84/30 562/86/30
f 590/85/32 562/86/30 589/87/32
f 589/87/32 562/86/30 561/88/30
f 589/87/32 561/88/30 588/89/32
f 588/89/32 561/88/30 560/90/30
f 588/89/32 560/90/30 559/91/30
f 588/89/32 559/91/30 587/92/32
f 587/92/32 559/91/30 558/93/30
f 587/92/32 558/93/30 586/94/30
f 586/94/30 558/93/30 557/95/30
f 586/94/30 557/95/30 585/96/32
f 585/96/32 557/95/30 556/97/30
f 585/96/32 556/97/30 584/98/32
f 584/98/32 556/97/30 555/99/30
f 584/98/32 555/99/30 554/100/30
f 584/98/32 554/100/30 583/101/30
f 583/101/30 554/100/30 553/102/30
f 583/101/30 553/102/30 552/103/30
f 551/104/30 547/105/30 552/103/30
f 552/103/30 547/105/30 546/106/30
f 552/103/30 546/106/30 583/101/30
f 583/101/30 546/106/30 582/107/31
f 582/107/31 546/106/30 545/108/30
f 582/107/31 545/108/30 581/109/30
f 581/109/30 545/108/30 544/110/30
f 581/109/30 544/110/30 580/111/30
f 580/111/30 544/110/30 543/112/30
f 580/111/30 543/112/30 579/113/32
f 579/113/32 543/112/30 578/114/30
f 578/114/30 543/112/30 542/115/30
f 578/114/30 542/115/30 577/116/32
f 577/116/32 542/115/30 541/117/30
f 577/116/32 541/117/30 612/118/32
f 612/118/32 541/117/30 611/119/30
f 611/119/30 541/117/30 540/120/30
f 611/119/30 540/120/30 610/121/30
f 610/121/30 540/120/30 609/122/30
f 609/122/30 540/120/30 539/123/30
f 609/122/30 539/123/30 608/124/31
f 608/124/31 539/123/30 538/125/30
f 608/124/31 538/125/30 607/126/31
f 607/126/31 538/125/30 606/127/30
f 606/127/30 538/125/30 537/128/30
f 606/127/30 537/128/30 605/129/30
f 605/129/30 537/128/30 604/130/30
f 604/130/30 537/128/30 536/131/30
f 604/130/30 536/131/30 603/132/30
f 603/132/30 536/131/30 535/133/30
f 603/132/30 535/133/30 602/134/30
f 602/134/30 535/133/30 601/135/30
f 601/135/30 535/133/30 534/136/30
f 601/135/30 534/136/30 600/137/98
f 600/137/98 534/136/30 533/138/30
f 600/137/98 533/138/30 599/139/31
f 599/139/31 533/138/30 532/67/30
f 599/139/31 532/67/30 598/66/30
f 551/104/30 550/140/30 547/105/30
f 547/105/30 550/140/30 548/141/30
f 548/141/30 550/140/30 549/142/30
f 612/659/59 651/660/59 577/661/39
f 577/661/39 651/660/59 654/662/39
f 577/661/39 654/662/39 578/663/60
f 578/663/60 654/662/39 719/664/60
f 578/663/60 719/664/60 579/665/61
f 579/665/61 719/664/60 717/666/61
f 579/665/61 717/666/61 580/667/62
f 580/667/62 717/666/61 715/668/62
f 580/667/62 715/668/62 581/669/63
f 581/669/63 715/668/62 713/670/63
f 581/669/63 713/670/63 582/671/64
f 582/671/64 713/670/63 711/672/64
f 582/671/64 711/672/64 583/673/65
f 583/673/65 711/672/64 709/674/65
f 583/673/65 709/674/65 584/675/66
f 584/675/66 709/674/65 707/676/66
f 584/675/66 707/676/66 585/677/68
f 585/677/68 707/676/66 705/678/68
f 585/677/68 705/678/68 586/679/69
f 586/679/69 705/678/68 703/680/69
f 586/679/69 703/680/69 587/681/70
f 587/681/70 703/680/69 701/682/70
f 587/681/70 701/682/70 588/683/71
f 588/683/71 701/682/70 699/684/71
f 588/683/71 699/684/71 589/685/72
f 589/685/72 699/684/71 697/686/72
f 589/685/72 697/686/72 590/687/73
f 590/687/73 697/686/72 695/688/73
f 590/687/73 695/688/73 591/689/74
f 591/689/74 695/688/73 693/690/74
f 591/689/74 693/690/74 592/691/75
f 592/691/75 693/690/74 691/692/75
f 592/691/75 691/692/75 593/693/76
f 593/693/76 691/692/75 689/694/76
f 593/693/76 689/694/76 594/695/77
f 594/695/77 689/694/76 687/696/77
f 594/695/77 687/696/77 595/697/78
f 595/697/78 687/696/77 649/698/78
f 595/699/78 649/700/78 596/701/79
f 596/701/79 649/700/78 685/702/79
f 596/701/79 685/702/79 597/703/80
f 597/703/80 685/702/79 683/704/80
f 597/703/80 683/704/80 598/705/81
f 598/705/81 683/704/80 681/706/81
f 598/705/81 681/706/81 599/707/82
f 599/707/82 681/706/81 679/708/82
f 599/707/82 679/708/82 600/709/83
f 600/709/83 679/708/82 677/710/83
f 600/709/83 677/710/83 601/711/84
f 601/711/84 677/710/83 675/712/84
f 601/711/84 675/712/84 602/713/85
f 602/713/85 675/712/84 673/714/85
f 602/713/85 673/714/85 603/715/86
f 603/715/86 673/714/85 671/716/86
f 603/715/86 671/716/86 604/717/35
f 604/717/35 671/716/86 669/718/35
f 604/717/35 669/718/35 605/719/87
f 605/719/87 669/718/35 667/720/87
f 605/719/87 667/720/87 606/721/88
f 606/721/88 667/720/87 665/722/88
f 606/721/88 665/722/88 607/723/89
f 607/723/89 665/722/88 663/724/89
f 607/723/89 663/724/89 608/725/90
f 608/725/90 663/724/89 661/726/90
f 608/725/90 661/726/90 609/727/91
f 609/727/91 661/726/90 659/728/91
f 609/727/91 659/728/91 610/729/92
f 610/729/92 659/728/91 657/730/92
f 610/729/92 657/730/92 611/731/93
f 611/731/93 657/730/92 655/732/93
f 611/731/93 655/732/93 612/659/59
f 612/659/59 655/732/93 651/660/59
f 614/733/60 720/734/60 613/735/39
f 613/735/39 720/734/60 653/736/39
f 613/735/39 653/736/39 648/737/59
f 648/737/59 653/736/39 652/738/59
f 648/737/59 652/738/59 647/739/93
f 647/739/93 652/738/59 656/740/93
f 647/739/93 656/740/93 646/741/92
f 646/741/92 656/740/93 658/742/92
f 646/741/92 658/742/92 645/743/91
f 645/743/91 658/742/92 660/744/91
f 645/743/91 660/744/91 644/745/90
f 644/745/90 660/744/91 662/746/90
f 644/745/90 662/746/90 643/747/89
f 643/747/89 662/746/90 664/748/89
f 643/747/89 664/748/89 642/749/88
f 642/749/88 664/748/89 666/750/88
f 642/749/88 666/750/88 641/751/87
f 641/751/87 666/750/88 668/752/87
f 641/751/87 668/752/87 640/753/35
f 640/753/35 668/752/87 670/754/35
f 640/753/35 670/754/35 639/755/86
f 639/755/86 670/754/35 672/756/86
f 639/755/86 672/756/86 638/757/85
f 638/757/85 672/756/86 674/758/85
f 638/757/85 674/758/85 637/759/84
f 637/759/84 674/758/85 676/760/84
f 637/759/84 676/760/84 636/761/83
f 636/761/83 676/760/84 678/762/83
f 636/761/83 678/762/83 635/763/82
f 635/763/82 678/762/83 680/764/82
f 635/763/82 680/764/82 634/765/81
f 634/765/81 680/764/82 682/766/81
f 634/765/81 682/766/81 633/767/80
f 633/767/80 682/766/81 684/768/80
f 633/767/80 684/768/80 632/769/79
f 632/769/79 684/768/80 686/770/79
f 632/769/79 686/770/79 631/771/78
f 631/771/78 686/770/79 650/772/78
f 631/773/78 650/774/78 630/775/77
f 630/775/77 650/774/78 688/776/77
f 630/775/77 688/776/77 629/777/76
f 629/777/76 688/776/77 690/778/76
f 629/777/76 690/778/76 628/779/75
f 628/779/75 690/778/76 692/780/75
f 628/779/75 692/780/75 627/781/74
f 627/781/74 692/780/75 694/782/74
f 627/781/74 694/782/74 626/783/73
f 626/783/73 694/782/74 696/784/73
f 626/783/73 696/784/73 625/785/72
f 625/785/72 696/784/73 698/786/72
f 625/785/72 698/786/72 624/787/71
f 624/787/71 698/786/72 700/788/71
f 624/787/71 700/788/71 623/789/70
f 623/789/70 700/788/71 702/790/70
f 623/789/70 702/790/70 622/791/69
f 622/791/69 702/790/70 704/792/69
f 622/791/69 704/792/69 621/793/68
f 621/793/68 704/792/69 706/794/68
f 621/793/68 706/794/68 620/795/66
f 620/795/66 706/794/68 708/796/66
f 620/795/66 708/796/66 619/797/65
f 619/797/65 708/796/66 710/798/65
f 619/797/65 710/798/65 618/799/64
f 618/799/64 710/798/65 712/800/64
f 618/799/64 712/800/64 617/801/63
f 617/801/63 712/800/64 714/802/63
f 617/801/63 714/802/63 616/803/62
f 616/803/62 714/802/63 716/804/62
f 616/803/62 716/804/62 615/805/61
f 615/805/61 716/804/62 718/806/61
f 615/805/61 718/806/61 614/733/60
f 614/733/60 718/806/61 720/734/60
f 649/700/78 650/772/78 685/702/79
f 685/702/79 650/772/78 686/770/79
f 685/702/79 686/770/79 683/704/80
f 683/704/80 686/770/79 684/768/80
f 683/704/80 684/768/80 681/706/81
f 681/706/81 684/768/80 682/766/81
f 681/706/81 682/766/81 679/708/82
f 679/708/82 682/766/81 680/764/82
f 679/708/82 680/764/82 677/710/83
f 677/710/83 680/764/82 678/762/83
f 677/710/83 678/762/83 675/712/84
f 675/712/84 678/762/83 676/760/84
f 675/712/84 676/760/84 673/714/85
f 673/714/85 676/760/84 674/758/85
f 673/714/85 674/758/85 671/716/86
f 671/716/86 674/758/85 672/756/86
f 671/716/86 672/756/86 669/718/35
f 669/718/35 672/756/86 670/754/35
f 669/718/35 670/754/35 667/720/87
f 667/720/87 670/754/35 668/752/87
f 667/720/87 668/752/87 665/722/88
f 665/722/88 668/752/87 666/750/88
f 665/722/88 666/750/88 663/724/89
f 663/724/89 666/750/88 664/748/89
f 663/724/89 664/748/89 661/726/90
f 661/726/90 664/748/89 662/746/90
f 661/726/90 662/746/90 659/728/91
f 659/728/91 662/746/90 660/744/91
f 659/728/91 660/744/91 657/730/92
f 657/730/92 660/744/91 658/742/92
f 657/730/92 658/742/92 655/732/93
f 655/732/93 658/742/92 656/740/93
f 655/732/93 656/740/93 651/660/59
f 651/660/59 656/740/93 652/738/59
f 651/660/59 652/738/59 654/662/39
f 654/662/39 652/738/59 653/736/39
f 654/662/39 653/736/39 719/664/60
f 719/664/60 653/736/39 720/734/60
f 719/664/60 720/734/60 717/666/61
f 717/666/61 720/734/60 718/806/61
f 717/666/61 718/806/61 715/668/62
f 715/668/62 718/806/61 716/804/62
f 715/668/62 716/804/62 713/670/63
f 713/670/63 716/804/62 714/802/63
f 713/670/63 714/802/63 711/672/64
f 711/672/64 714/802/63 712/800/64
f 711/672/64 712/800/64 709/674/65
f 709/674/65 712/800/64 710/798/65
f 709/674/65 710/798/65 707/676/66
f 707/676/66 710/798/65 708/796/66
f 707/676/66 708/796/66 705/678/68
f 705/678/68 708/796/66 706/794/68
f 705/678/68 706/794/68 703/680/69
f 703/680/69 706/794/68 704/792/69
f 703/680/69 704/792/69 701/682/70
f 701/682/70 704/792/69 702/790/70
f 701/682/70 702/790/70 699/684/71
f 699/684/71 702/790/70 700/788/71
f 699/684/71 700/788/71 697/686/72
f 697/686/72 700/788/71 698/786/72
f 697/686/72 698/786/72 695/688/73
f 695/688/73 698/786/72 696/784/73
f 695/688/73 696/784/73 693/690/74
f 693/690/74 696/784/73 694/782/74
f 693/690/74 694/782/74 691/692/75
f 691/692/75 694/782/74 692/780/75
f 691/692/75 692/780/75 689/694/76
f 689/694/76 692/780/75 690/778/76
f 689/694/76 690/778/76 687/696/77
f 687/696/77 690/778/76 688/776/77
f 687/696/77 688/776/77 649/698/78
f 649/698/78 688/776/77 650/774/78
f 721/147/36 722/148/36 768/149/36
f 768/149/36 722/148/36 723/150/36
f 768/149/36 723/150/36 767/151/36
f 767/151/36 723/150/36 766/152/36
f 766/152/36 723/150/36 724/153/36
f 766/152/36 724/153/36 634/381/37
f 634/381/37 724/153/36 635/382/94
f 635/382/94 724/153/36 725/155/38
f 635/382/94 725/155/38 636/383/36
f 636/383/36 725/155/38 726/158/36
f 636/383/36 726/158/36 637/384/37
f 637/384/37 726/158/36 727/160/36
f 637/384/37 727/160/36 638/385/95
f 638/385/95 727/160/36 639/386/36
f 639/386/36 727/160/36 728/163/36
f 639/386/36 728/163/36 640/387/36
f 640/387/36 728/163/36 729/165/36
f 640/387/36 729/165/36 641/388/38
f 641/388/38 729/165/36 642/389/37
f 642/389/37 729/165/36 730/168/36
f 642/389/37 730/168/36 643/390/37
f 643/390/37 730/168/36 644/391/36
f 644/391/36 730/168/36 731/170/36
f 644/391/36 731/170/36 645/392/36
f 645/392/36 731/170/36 732/173/36
f 645/392/36 732/173/36 646/393/36
f 646/393/36 732/173/36 647/394/37
f 647/394/37 732/173/36 733/175/36
f 647/394/37 733/175/36 648/395/37
f 648/395/37 733/175/36 613/396/37
f 613/396/37 733/175/36 734/178/36
f 613/396/37 734/178/36 614/397/37
f 614/397/37 734/178/36 735/180/36
f 614/397/37 735/180/36 615/398/36
f 615/398/36 735/180/36 616/399/36
f 616/399/36 735/180/36 736/183/36
f 616/399/36 736/183/36 617/400/36
f 617/400/36 736/183/36 737/185/36
f 617/400/36 737/185/36 618/401/97
f 618/401/97 737/185/36 738/188/36
f 618/401/97 738/188/36 619/402/37
f 619/402/37 738/188/36 744/189/36
f 619/402/37 744/189/36 745/187/36
f 738/188/36 739/190/36 744/189/36
f 744/189/36 739/190/36 743/191/36
f 743/191/36 739/190/36 742/192/36
f 742/192/36 739/190/36 740/193/36
f 742/192/36 740/193/36 741/194/38
f 745/187/36 746/186/36 619/402/37
f 619/402/37 746/186/36 620/403/95
f 620/403/95 746/186/36 747/184/36
f 620/403/95 747/184/36 748/182/36
f 620/403/95 748/182/36 621/404/37
f 621/404/37 748/182/36 749/181/36
f 621/404/37 749/181/36 622/405/36
f 622/405/36 749/181/36 750/179/36
f 622/405/36 750/179/36 623/406/36
f 623/406/36 750/179/36 751/177/36
f 623/406/36 751/177/36 624/407/36
f 624/407/36 751/177/36 752/176/36
f 624/407/36 752/176/36 753/174/36
f 624/407/36 753/174/36 625/408/36
f 625/408/36 753/174/36 754/172/36
f 625/408/36 754/172/36 626/409/36
f 626/409/36 754/172/36 755/171/36
f 626/409/36 755/171/36 627/410/36
f 627/410/36 755/171/36 756/169/36
f 627/410/36 756/169/36 628/411/36
f 628/411/36 756/169/36 757/167/36
f 628/411/36 757/167/36 629/412/36
f 629/412/36 757/167/36 758/166/36
f 629/412/36 758/166/36 759/164/36
f 629/412/36 759/164/36 630/413/36
f 630/413/36 759/164/36 760/162/36
f 630/413/36 760/162/36 631/414/36
f 631/414/36 760/162/36 761/161/36
f 631/414/36 761/161/36 632/415/36
f 632/415/36 761/161/36 762/159/36
f 632/415/36 762/159/36 633/416/36
f 633/416/36 762/159/36 763/157/36
f 633/416/36 763/157/36 764/156/36
f 633/416/36 764/156/36 634/381/37
f 634/381/37 764/156/36 765/154/36
f 634/381/37 765/154/36 766/152/36
f 722/143/35 721/144/35 770/145/35
f 770/145/35 721/144/35 769/146/35
f 788/417/58 740/418/58 787/419/57
f 787/419/57 740/418/58 739/420/57
f 787/419/57 739/420/57 738/421/56
f 787/419/57 738/421/56 786/422/56
f 786/422/56 738/421/56 737/423/55
f 786/422/56 737/423/55 785/424/55
f 785/424/55 737/423/55 736/425/54
f 785/424/55 736/425/54 784/426/54
f 784/426/54 736/425/54 735/427/53
f 784/426/54 735/427/53 783/428/53
f 783/428/53 735/427/53 734/429/52
f 783/428/53 734/429/52 782/430/52
f 782/430/52 734/429/52 733/431/51
f 782/430/52 733/431/51 781/432/51
f 781/432/51 733/431/51 732/433/50
f 781/432/51 732/433/50 780/434/50
f 780/434/50 732/433/50 731/435/49
f 780/434/50 731/435/49 779/436/49
f 779/436/49 731/435/49 730/437/48
f 779/436/49 730/437/48 778/438/48
f 778/438/48 730/437/48 729/439/47
f 778/438/48 729/439/47 777/440/47
f 777/440/47 729/439/47 728/441/46
f 777/440/47 728/441/46 776/442/46
f 776/442/46 728/441/46 727/443/45
f 776/442/46 727/443/45 775/444/45
f 775/444/45 727/443/45 726/445/44
f 775/444/45 726/445/44 774/446/44
f 774/446/44 726/445/44 725/447/43
f 774/446/44 725/447/43 773/448/43
f 773/448/43 725/447/43 724/449/42
f 773/448/43 724/449/42 772/450/42
f 772/450/42 724/449/42 723/451/41
f 772/450/42 723/451/41 771/452/41
f 771/452/41 723/451/41 770/195/40
f 770/195/40 723/451/41 722/196/40
f 741/143/39 740/144/39 789/145/39
f 789/145/39 740/144/39 788/146/39
f 769/453/29 721/454/29 816/455/28
f 816/455/28 721/454/29 768/456/28
f 816/455/28 768/456/28 767/457/27
f 816/455/28 767/457/27 815/458/27
f 815/458/27 767/457/27 766/459/26
f 815/458/27 766/459/26 814/460/26
f 814/460/26 766/459/26 765/461/25
f 814/460/26 765/461/25 813/462/25
f 813/462/25 765/461/25 764/463/24
f 813/462/25 764/463/24 812/464/24
f 812/464/24 764/463/24 763/465/23
f 812/464/24 763/465/23 811/466/23
f 811/466/23 763/465/23 762/467/22
f 811/466/23 762/467/22 810/468/22
f 810/468/22 762/467/22 761/469/21
f 810/468/22 761/469/21 809/470/21
f 809/470/21 761/469/21 760/471/20
f 809/470/21 760/471/20 808/472/20
f 808/472/20 760/471/20 759/473/19
f 808/472/20 759/473/19 807/474/19
f 807/474/19 759/473/19 758/475/18
f 807/474/19 758/475/18 806/476/18
f 806/476/18 758/475/18 757/477/17
f 806/476/18 757/477/17 805/478/17
f 805/478/17 757/477/17 756/479/16
f 805/478/17 756/479/16 804/480/16
f 804/480/16 756/479/16 755/481/15
f 804/480/16 755/481/15 803/482/15
f 803/482/15 755/481/15 754/483/14
f 803/482/15 754/483/14 802/484/14
f 802/484/14 754/483/14 753/485/13
f 802/484/14 753/485/13 801/486/13
f 801/486/13 753/485/13 752/487/12
f 801/486/13 752/487/12 800/488/12
f 800/488/12 752/487/12 751/489/11
f 800/488/12 751/489/11 799/490/11
f 799/490/11 751/489/11 750/491/10
f 799/490/11 750/491/10 798/492/10
f 798/492/10 750/491/10 749/493/9
f 798/492/10 749/493/9 797/494/9
f 797/494/9 749/493/9 748/495/8
f 797/494/9 748/495/8 796/496/8
f 796/496/8 748/495/8 747/497/7
f 796/496/8 747/497/7 795/498/7
f 795/498/7 747/497/7 746/499/6
f 795/498/7 746/499/6 794/500/6
f 794/500/6 746/499/6 745/501/5
f 794/500/6 745/501/5 793/502/5
f 793/502/5 745/501/5 744/503/4
f 793/502/5 744/503/4 792/504/4
f 792/504/4 744/503/4 743/505/3
f 792/504/4 743/505/3 791/506/3
f 791/506/3 743/505/3 742/507/2
f 791/506/3 742/507/2 790/508/2
f 790/508/2 742/507/2 789/509/1
f 789/509/1 742/507/2 741/510/1
f 769/59/30 816/60/30 770/61/30
f 770/61/30 816/60/30 771/62/30
f 771/62/30 816/60/30 815/63/30
f 771/62/30 815/63/30 814/64/30
f 813/65/30 838/66/30 814/64/30
f 814/64/30 838/66/30 772/67/30
f 814/64/30 772/67/30 771/62/30
f 813/65/30 812/68/30 838/66/30
f 838/66/30 812/68/30 837/69/30
f 837/69/30 812/68/30 811/70/30
f 837/69/30 811/70/30 810/71/30
f 837/69/30 810/71/30 836/72/30
f 836/72/30 810/71/30 809/73/30
f 836/72/30 809/73/30 835/74/30
f 835/74/30 809/73/30 808/75/30
f 835/74/30 808/75/30 834/76/30
f 834/76/30 808/75/30 807/77/30
f 834/76/30 807/77/30 833/78/30
f 833/78/30 807/77/30 806/79/30
f 833/78/30 806/79/30 805/80/30
f 833/78/30 805/80/30 832/81/31
f 832/81/31 805/80/30 804/82/30
f 832/81/31 804/82/30 831/83/30
f 831/83/30 804/82/30 803/84/30
f 831/83/30 803/84/30 830/85/30
f 830/85/30 803/84/30 802/86/30
f 830/85/30 802/86/30 829/87/30
f 829/87/30 802/86/30 801/88/30
f 829/87/30 801/88/30 828/89/30
f 828/89/30 801/88/30 800/90/30
f 828/89/30 800/90/30 799/91/30
f 828/89/30 799/91/30 827/92/32
f 827/92/32 799/91/30 798/93/30
f 827/92/32 798/93/30 826/94/32
f 826/94/32 798/93/30 797/95/30
f 826/94/32 797/95/30 825/96/32
f 825/96/32 797/95/30 796/97/30
f 825/96/32 796/97/30 824/98/34
f 824/98/34 796/97/30 795/99/30
f 824/98/34 795/99/30 794/100/30
f 824/98/34 794/100/30 823/101/30
f 823/101/30 794/100/30 793/102/30
f 823/101/30 793/102/30 792/103/30
f 791/104/30 787/105/30 792/103/30
f 792/103/30 787/105/30 786/106/30
f 792/103/30 786/106/30 823/101/30
f 823/101/30 786/106/30 822/107/31
f 822/107/31 786/106/30 785/108/30
f 822/107/31 785/108/30 821/109/30
f 821/109/30 785/108/30 784/110/30
f 821/109/30 784/110/30 820/111/30
f 820/111/30 784/110/30 783/112/30
f 820/111/30 783/112/30 819/113/30
f 819/113/30 783/112/30 818/114/30
f 818/114/30 783/112/30 782/115/30
f 818/114/30 782/115/30 817/116/30
f 817/116/30 782/115/30 781/117/30
f 817/116/30 781/117/30 852/118/30
f 852/118/30 781/117/30 851/119/30
f 851/119/30 781/117/30 780/120/30
f 851/119/30 780/120/30 850/121/30
f 850/121/30 780/120/30 849/122/30
f 849/122/30 780/120/30 779/123/30
f 849/122/30 779/123/30 848/124/30
f 848/124/30 779/123/30 778/125/30
f 848/124/30 778/125/30 847/126/31
f 847/126/31 778/125/30 846/127/31
f 846/127/31 778/125/30 777/128/30
f 846/127/31 777/128/30 845/129/30
f 845/129/30 777/128/30 844/130/30
f 844/130/30 777/128/30 776/131/30
f 844/130/30 776/131/30 843/132/30
f 843/132/30 776/131/30 775/133/30
f 843/132/30 775/133/30 842/134/30
f 842/134/30 775/133/30 841/135/30
f 841/135/30 775/133/30 774/136/31
f 841/135/30 774/136/31 840/137/99
f 840/137/99 774/136/31 773/138/31
f 840/137/99 773/138/31 839/139/32
f 839/139/32 773/138/31 772/67/30
f 839/139/32 772/67/30 838/66/30
f 791/104/30 790/140/30 787/105/30
f 787/105/30 790/140/30 788/141/31
f 788/141/31 790/140/30 789/142/30
f 852/807/59 891/808/59 817/809/39
f 817/809/39 891/808/59 894/810/39
f 817/809/39 894/810/39 818/811/60
f 818/811/60 894/810/39 959/812/60
f 818/811/60 959/812/60 819/813/61
f 819/813/61 959/812/60 957/814/61
f 819/813/61 957/814/61 820/815/62
f 820/815/62 957/814/61 955/816/62
f 820/815/62 955/816/62 821/817/63
f 821/817/63 955/816/62 953/818/63
f 821/817/63 953/818/63 822/819/64
f 822/819/64 953/818/63 951/820/64
f 822/819/64 951/820/64 823/821/65
f 823/821/65 951/820/64 949/822/65
f 823/821/65 949/822/65 824/823/66
f 824/823/66 949/822/65 947/824/66
f 824/823/66 947/824/66 825/825/68
f 825/825/68 947/824/66 945/826/68
f 825/825/68 945/826/68 826/827/69
f 826/827/69 945/826/68 943/828/69
f 826/827/69 943/828/69 827/829/70
f 827/829/70 943/828/69 941/830/70
f 827/829/70 941/830/70 828/831/71
f 828/831/71 941/830/70 939/832/71
f 828/831/71 939/832/71 829/833/72
f 829/833/72 939/832/71 937/834/72
f 829/833/72 937/834/72 830/835/73
f 830/835/73 937/834/72 935/836/73
f 830/835/73 935/836/73 831/837/74
f 831/837/74 935/836/73 933/838/74
f 831/837/74 933/838/74 832/839/75
f 832/839/75 933/838/74 931/840/75
f 832/839/75 931/840/75 833/841/76
f 833/841/76 931/840/75 929/842/76
f 833/841/76 929/842/76 834/843/77
f 834/843/77 929/842/76 927/844/77
f 834/843/77 927/844/77 835/845/78
f 835/845/78 927/844/77 889/846/78
f 835/847/78 889/848/78 836/849/79
f 836/849/79 889/848/78 925/850/79
f 836/849/79 925/850/79 837/851/80
f 837/851/80 925/850/79 923/852/80
f 837/851/80 923/852/80 838/853/81
f 838/853/81 923/852/80 921/854/81
f 838/853/81 921/854/81 839/855/82
f 839/855/82 921/854/81 919/856/82
f 839/855/82 919/856/82 840/857/83
f 840/857/83 919/856/82 917/858/83
f 840/857/83 917/858/83 841/859/84
f 841/859/84 917/858/83 915/860/84
f 841/859/84 915/860/84 842/861/85
f 842/861/85 915/860/84 913/862/85
f 842/861/85 913/862/85 843/863/86
f 843/863/86 913/862/85 911/864/86
f 843/863/86 911/864/86 844/865/35
f 844/865/35 911/864/86 909/866/35
f 844/865/35 909/866/35 845/867/87
f 845/867/87 909/866/35 907/868/87
f 845/867/87 907/868/87 846/869/88
f 846/869/88 907/868/87 905/870/88
f 846/869/88 905/870/88 847/871/89
f 847/871/89 905/870/88 903/872/89
f 847/871/89 903/872/89 848/873/90
f 848/873/90 903/872/89 901/874/90
f 848/873/90 901/874/90 849/875/91
f 849/875/91 901/874/90 899/876/91
f 849/875/91 899/876/91 850/877/92
f 850/877/92 899/876/91 897/878/92
f 850/877/92 897/878/92 851/879/93
f 851/879/93 897/878/92 895/880/93
f 851/879/93 895/880/93 852/807/59
f 852/807/59 895/880/93 891/808/59
f 854/881/60 960/882/60 853/883/39
f 853/883/39 960/882/60 893/884/39
f 853/883/39 893/884/39 888/885/59
f 888/885/59 893/884/39 892/886/59
f 888/885/59 892/886/59 887/887/93
f 887/887/93 892/886/59 896/888/93
f 887/887/93 896/888/93 886/889/92
f 886/889/92 896/888/93 898/890/92
f 886/889/92 898/890/92 885/891/91
f 885/891/91 898/890/92 900/892/91
f 885/891/91 900/892/91 884/893/90
f 884/893/90 900/892/91 902/894/90
f 884/893/90 902/894/90 883/895/89
f 883/895/89 902/894/90 904/896/89
f 883/895/89 904/896/89 882/897/88
f 882/897/88 904/896/89 906/898/88
f 882/897/88 906/898/88 881/899/87
f 881/899/87 906/898/88 908/900/87
f 881/899/87 908/900/87 880/901/35
f 880/901/35 908/900/87 910/902/35
f 880/901/35 910/902/35 879/903/86
f 879/903/86 910/902/35 912/904/86
f 879/903/86 912/904/86 878/905/85
f 878/905/85 912/904/86 914/906/85
f 878/905/85 914/906/85 877/907/84
f 877/907/84 914/906/85 916/908/84
f 877/907/84 916/908/84 876/909/83
f 876/909/83 916/908/84 918/910/83
f 876/909/83 918/910/83 875/911/82
f 875/911/82 918/910/83 920/912/82
f 875/911/82 920/912/82 874/913/81
f 874/913/81 920/912/82 922/914/81
f 874/913/81 922/914/81 873/915/80
f 873/915/80 922/914/81 924/916/80
f 873/915/80 924/916/80 872/917/79
f 872/917/79 924/916/80 926/918/79
f 872/917/79 926/918/79 871/919/78
f 871/919/78 926/918/79 890/920/78
f 871/921/78 890/922/78 870/923/77
f 870/923/77 890/922/78 928/924/77
f 870/923/77 928/924/77 869/925/76
f 869/925/76 928/924/77 930/926/76
f 869/925/76 930/926/76 868/927/75
f 868/927/75 930/926/76 932/928/75
f 868/927/75 932/928/75 867/929/74
f 867/929/74 932/928/75 934/930/74
f 867/929/74 934/930/74 866/931/73
f 866/931/73 934/930/74 936/932/73
f 866/931/73 936/932/73 865/933/72
f 865/933/72 936/932/73 938/934/72
f 865/933/72 938/934/72 864/935/71
f 864/935/71 938/934/72 940/936/71
f 864/935/71 940/936/71 863/937/70
f 863/937/70 940/936/71 942/938/70
f 863/937/70 942/938/70 862/939/69
f 862/939/69 942/938/70 944/940/69
f 862/939/69 944/940/69 861/941/68
f 861/941/68 944/940/69 946/942/68
f 861/941/68 946/942/68 860/943/66
f 860/943/66 946/942/68 948/944/66
f 860/943/66 948/944/66 859/945/65
f 859/945/65 948/944/66 950/946/65
f 859/945/65 950/946/65 858/947/64
f 858/947/64 950/946/65 952/948/64
f 858/947/64 952/948/64 857/949/63
f 857/949/63 952/948/64 954/950/63
f 857/949/63 954/950/63 856/951/62
f 856/951/62 954/950/63 956/952/62
f 856/951/62 956/952/62 855/953/61
f 855/953/61 956/952/62 958/954/61
f 855/953/61 958/954/61 854/881/60
f 854/881/60 958/954/61 960/882/60
f 889/848/78 890/920/78 925/850/79
f 925/850/79 890/920/78 926/918/79
f 925/850/79 926/918/79 923/852/80
f 923/852/80 926/918/79 924/916/80
f 923/852/80 924/916/80 921/854/81
f 921/854/81 924/916/80 922/914/81
f 921/854/81 922/914/81 919/856/82
f 919/856/82 922/914/81 920/912/82
f 919/856/82 920/912/82 917/858/83
f 917/858/83 920/912/82 918/910/83
f 917/858/83 918/910/83 915/860/84
f 915/860/84 918/910/83 916/908/84
f 915/860/84 916/908/84 913/862/85
f 913/862/85 916/908/84 914/906/85
f 913/862/85 914/906/85 911/864/86
f 911/864/86 914/906/85 912/904/86
f 911/864/86 912/904/86 909/866/35
f 909/866/35 912/904/86 910/902/35
f 909/866/35 910/902/35 907/868/87
f 907/868/87 910/902/35 908/900/87
f 907/868/87 908/900/87 905/870/88
f 905/870/88 908/900/87 906/898/88
f 905/870/88 906/898/88 903/872/89
f 903/872/89 906/898/88 904/896/89
f 903/872/89 904/896/89 901/874/90
f 901/874/90 904/896/89 902/894/90
f 901/874/90 902/894/90 899/876/91
f 899/876/91 902/894/90 900/892/91
f 899/876/91 900/892/91 897/878/92
f 897/878/92 900/892/91 898/890/92
f 897/878/92 898/890/92 895/880/93
f 895/880/93 898/890/92 896/888/93
f 895/880/93 896/888/93 891/808/59
f 891/808/59 896/888/93 892/886/59
f 891/808/59 892/886/59 894/810/39
f 894/810/39 892/886/59 893/884/39
f 894/810/39 893/884/39 959/812/60
f 959/812/60 893/884/39 960/882/60
f 959/812/60 960/882/60 957/814/61
f 957/814/61 960/882/60 958/954/61
f 957/814/61 958/954/61 955/816/62
f 955/816/62 958/954/61 956/952/62
f 955/816/62 956/952/62 953/818/63
f 953/818/63 956/952/62 954/950/63
f 953/818/63 954/950/63 951/820/64
f 951/820/64 954/950/63 952/948/64
f 951/820/64 952/948/64 949/822/65
f 949/822/65 952/948/64 950/946/65
f 949/822/65 950/946/65 947/824/66
f 947/824/66 950/946/65 948/944/66
f 947/824/66 948/944/66 945/826/68
f 945/826/68 948/944/66 946/942/68
f 945/826/68 946/942/68 943/828/69
f 943/828/69 946/942/68 944/940/69
f 943/828/69 944/940/69 941/830/70
f 941/830/70 944/940/69 942/938/70
f 941/830/70 942/938/70 939/832/71
f 939/832/71 942/938/70 940/936/71
f 939/832/71 940/936/71 937/834/72
f 937/834/72 940/936/71 938/934/72
f 937/834/72 938/934/72 935/836/73
f 935/836/73 938/934/72 936/932/73
f 935/836/73 936/932/73 933/838/74
f 933/838/74 936/932/73 934/930/74
f 933/838/74 934/930/74 931/840/75
f 931/840/75 934/930/74 932/928/75
f 931/840/75 932/928/75 929/842/76
f 929/842/76 932/928/75 930/926/76
f 929/842/76 930/926/76 927/844/77
f 927/844/77 930/926/76 928/924/77
f 927/844/77 928/924/77 889/846/78
f 889/846/78 928/924/77 890/922/78
f 961/147/36 962/148/36 1008/149/36
f 1008/149/36 962/148/36 963/150/36
f 1008/149/36 963/150/36 1007/151/36
f 1007/151/36 963/150/36 1006/152/36
f 1006/152/36 963/150/36 964/153/36
f 1006/152/36 964/153/36 874/381/36
f 874/381/36 964/153/36 875/382/36
f 875/382/36 964/153/36 965/155/36
f 875/382/36 965/155/36 876/383/36
f 876/383/36 965/155/36 966/158/36
f 876/383/36 966/158/36 877/384/36
f 877/384/36 966/158/36 967/160/36
f 877/384/36 967/160/36 878/385/36
f 878/385/36 967/160/36 879/386/36
f 879/386/36 967/160/36 968/163/36
f 879/386/36 968/163/36 880/387/36
f 880/387/36 968/163/36 969/165/36
f 880/387/36 969/165/36 881/388/36
f 881/388/36 969/165/36 882/389/38
f 882/389/38 969/165/36 970/168/36
f 882/389/38 970/168/36 883/390/38
f 883/390/38 970/168/36 884/391/36
f 884/391/36 970/168/36 971/170/36
f 884/391/36 971/170/36 885/392/36
f 885/392/36 971/170/36 972/173/36
f 885/392/36 972/173/36 886/393/36
f 886/393/36 972/173/36 887/394/36
f 887/394/36 972/173/36 973/175/36
f 887/394/36 973/175/36 888/395/36
f 888/395/36 973/175/36 853/396/36
f 853/396/36 973/175/36 974/178/36
f 853/396/36 974/178/36 854/397/36
f 854/397/36 974/178/36 975/180/36
f 854/397/36 975/180/36 855/398/36
f 855/398/36 975/180/36 856/399/36
f 856/399/36 975/180/36 976/183/36
f 856/399/36 976/183/36 857/400/38
f 857/400/38 976/183/36 977/185/36
f 857/400/38 977/185/36 858/401/36
f 858/401/36 977/185/36 978/188/36
f 858/401/36 978/188/36 859/402/37
f 859/402/37 978/188/36 984/189/36
f 859/402/37 984/189/36 985/187/36
f 978/188/36 979/190/36 984/189/36
f 984/189/36 979/190/36 983/191/36
f 983/191/36 979/190/36 982/192/36
f 982/192/36 979/190/36 980/193/36
f 982/192/36 980/193/36 981/194/36
f 985/187/36 986/186/36 859/402/37
f 859/402/37 986/186/36 860/403/95
f 860/403/95 986/186/36 987/184/36
f 860/403/95 987/184/36 988/182/36
f 860/403/95 988/182/36 861/404/95
f 861/404/95 988/182/36 989/181/36
f 861/404/95 989/181/36 862/405/36
f 862/405/36 989/181/36 990/179/36
f 862/405/36 990/179/36 863/406/38
f 863/406/38 990/179/36 991/177/36
f 863/406/38 991/177/36 864/407/38
f 864/407/38 991/177/36 992/176/36
f 864/407/38 992/176/36 993/174/36
f 864/407/38 993/174/36 865/408/38
f 865/408/38 993/174/36 994/172/36
f 865/408/38 994/172/36 866/409/38
f 866/409/38 994/172/36 995/171/36
f 866/409/38 995/171/36 867/410/36
f 867/410/36 995/171/36 996/169/36
f 867/410/36 996/169/36 868/411/36
f 868/411/36 996/169/36 997/167/36
f 868/411/36 997/167/36 869/412/36
f 869/412/36 997/167/36 998/166/36
f 869/412/36 998/166/36 999/164/36
f 869/412/36 999/164/36 870/413/36
f 870/413/36 999/164/36 1000/162/36
f 870/413/36 1000/162/36 871/414/36
f 871/414/36 1000/162/36 1001/161/36
f 871/414/36 1001/161/36 872/415/36
f 872/415/36 1001/161/36 1002/159/36
f 872/415/36 1002/159/36 873/416/36
f 873/416/36 1002/159/36 1003/157/36
f 873/416/36 1003/157/36 1004/156/36
f 873/416/36 1004/156/36 874/381/36
f 874/381/36 1004/156/36 1005/154/36
f 874/381/36 1005/154/36 1006/152/36
f 962/143/35 961/144/35 1010/145/35
f 1010/145/35 961/144/35 1009/146/35
f 1028/417/58 980/418/58 1027/419/57
f 1027/419/57 980/418/58 979/420/57
f 1027/419/57 979/420/57 978/421/56
f 1027/419/57 978/421/56 1026/422/56
f 1026/422/56 978/421/56 977/423/55
f 1026/422/56 977/423/55 1025/424/55
f 1025/424/55 977/423/55 976/425/54
f 1025/424/55 976/425/54 1024/426/54
f 1024/426/54 976/425/54 975/427/53
f 1024/426/54 975/427/53 1023/428/53
f 1023/428/53 975/427/53 974/429/52
f 1023/428/53 974/429/52 1022/430/52
f 1022/430/52 974/429/52 973/431/51
f 1022/430/52 973/431/51 1021/432/51
f 1021/432/51 973/431/51 972/433/50
f 1021/432/51 972/433/50 1020/434/50
f 1020/434/50 972/433/50 971/435/49
f 1020/434/50 971/435/49 1019/436/49
f 1019/436/49 971/435/49 970/437/48
f 1019/436/49 970/437/48 1018/438/48
f 1018/438/48 970/437/48 969/439/47
f 1018/438/48 969/439/47 1017/440/47
f 1017/440/47 969/439/47 968/441/46
f 1017/440/47 968/441/46 1016/442/46
f 1016/442/46 968/441/46 967/443/45
f 1016/442/46 967/443/45 1015/444/45
f 1015/444/45 967/443/45 966/445/44
f 1015/444/45 966/445/44 1014/446/44
f 1014/446/44 966/445/44 965/447/43
f 1014/446/44 965/447/43 1013/448/43
f 1013/448/43 965/447/43 964/449/42
f 1013/448/43 964/449/42 1012/450/42
f 1012/450/42 964/449/42 963/451/41
f 1012/450/42 963/451/41 1011/452/41
f 1011/452/41 963/451/41 1010/195/40
f 1010/195/40 963/451/41 962/196/40
f 981/143/39 980/144/39 1029/145/39
f 1029/145/39 980/144/39 1028/146/39
f 1009/453/29 961/454/29 1056/455/28
f 1056/455/28 961/454/29 1008/456/28
f 1056/455/28 1008/456/28 1007/457/27
f 1056/455/28 1007/457/27 1055/458/27
f 1055/458/27 1007/457/27 1006/459/26
f 1055/458/27 1006/459/26 1054/460/26
f 1054/460/26 1006/459/26 1005/461/25
f 1054/460/26 1005/461/25 1053/462/25
f 1053/462/25 1005/461/25 1004/463/24
f 1053/462/25 1004/463/24 1052/464/24
f 1052/464/24 1004/463/24 1003/465/23
f 1052/464/24 1003/465/23 1051/466/23
f 1051/466/23 1003/465/23 1002/467/22
f 1051/466/23 1002/467/22 1050/468/22
f 1050/468/22 1002/467/22 1001/469/21
f 1050/468/22 1001/469/21 1049/470/21
f 1049/470/21 1001/469/21 1000/471/20
f 1049/470/21 1000/471/20 1048/472/20
f 1048/472/20 1000/471/20 999/473/19
f 1048/472/20 999/473/19 1047/474/19
f 1047/474/19 999/473/19 998/475/18
f 1047/474/19 998/475/18 1046/476/18
f 1046/476/18 998/475/18 997/477/17
f 1046/476/18 997/477/17 1045/478/17
f 1045/478/17 997/477/17 996/479/16
f 1045/478/17 996/479/16 1044/480/16
f 1044/480/16 996/479/16 995/481/15
f 1044/480/16 995/481/15 1043/482/15
f 1043/482/15 995/481/15 994/483/14
f 1043/482/15 994/483/14 1042/484/14
f 1042/484/14 994/483/14 993/485/13
f 1042/484/14 993/485/13 1041/486/13
f 1041/486/13 993/485/13 992/487/12
f 1041/486/13 992/487/12 1040/488/12
f 1040/488/12 992/487/12 991/489/11
f 1040/488/12 991/489/11 1039/490/11
f 1039/490/11 991/489/11 990/491/10
f 1039/490/11 990/491/10 1038/492/10
f 1038/492/10 990/491/10 989/493/9
f 1038/492/10 989/493/9 1037/494/9
f 1037/494/9 989/493/9 988/495/8
f 1037/494/9 988/495/8 1036/496/8
f 1036/496/8 988/495/8 987/497/7
f 1036/496/8 987/497/7 1035/498/7
f 1035/498/7 987/497/7 986/499/6
f 1035/498/7 986/499/6 1034/500/6
f 1034/500/6 986/499/6 985/501/5
f 1034/500/6 985/501/5 1033/502/5
f 1033/502/5 985/501/5 984/503/4
f 1033/502/5 984/503/4 1032/504/4
f 1032/504/4 984/503/4 983/505/3
f 1032/504/4 983/505/3 1031/506/3
f 1031/506/3 983/505/3 982/507/2
f 1031/506/3 982/507/2 1030/508/2
f 1030/508/2 982/507/2 1029/509/1
f 1029/509/1 982/507/2 981/510/1
f 1009/59/30 1056/60/30 1010/61/30
f 1010/61/30 1056/60/30 1011/62/30
f 1011/62/30 1056/60/30 1055/63/30
f 1011/62/30 1055/63/30 1054/64/30
f 1053/65/30 1078/66/30 1054/64/30
f 1054/64/30 1078/66/30 1012/67/30
f 1054/64/30 1012/67/30 1011/62/30
f 1053/65/30 1052/68/30 1078/66/30
f 1078/66/30 1052/68/30 1077/69/30
f 1077/69/30 1052/68/30 1051/70/30
f 1077/69/30 1051/70/30 1050/71/30
f 1077/69/30 1050/71/30 1076/72/30
f 1076/72/30 1050/71/30 1049/73/30
f 1076/72/30 1049/73/30 1075/74/30
f 1075/74/30 1049/73/30 1048/75/30
f 1075/74/30 1048/75/30 1074/76/30
f 1074/76/30 1048/75/30 1047/77/30
f 1074/76/30 1047/77/30 1073/78/30
f 1073/78/30 1047/77/30 1046/79/30
f 1073/78/30 1046/79/30 1045/80/30
f 1073/78/30 1045/80/30 1072/81/30
f 1072/81/30 1045/80/30 1044/82/30
f 1072/81/30 1044/82/30 1071/83/30
f 1071/83/30 1044/82/30 1043/84/30
f 1071/83/30 1043/84/30 1070/85/32
f 1070/85/32 1043/84/30 1042/86/30
f 1070/85/32 1042/86/30 1069/87/31
f 1069/87/31 1042/86/30 1041/88/30
f 1069/87/31 1041/88/30 1068/89/31
f 1068/89/31 1041/88/30 1040/90/30
f 1068/89/31 1040/90/30 1039/91/30
f 1068/89/31 1039/91/30 1067/92/30
f 1067/92/30 1039/91/30 1038/93/30
f 1067/92/30 1038/93/30 1066/94/30
f 1066/94/30 1038/93/30 1037/95/30
f 1066/94/30 1037/95/30 1065/96/32
f 1065/96/32 1037/95/30 1036/97/30
f 1065/96/32 1036/97/30 1064/98/34
f 1064/98/34 1036/97/30 1035/99/30
f 1064/98/34 1035/99/30 1034/100/30
f 1064/98/34 1034/100/30 1063/101/32
f 1063/101/32 1034/100/30 1033/102/30
f 1063/101/32 1033/102/30 1032/103/30
f 1031/104/30 1027/105/30 1032/103/30
f 1032/103/30 1027/105/30 1026/106/30
f 1032/103/30 1026/106/30 1063/101/32
f 1063/101/32 1026/106/30 1062/107/30
f 1062/107/30 1026/106/30 1025/108/30
f 1062/107/30 1025/108/30 1061/109/32
f 1061/109/32 1025/108/30 1024/110/30
f 1061/109/32 1024/110/30 1060/111/30
f 1060/111/30 1024/110/30 1023/112/30
f 1060/111/30 1023/112/30 1059/113/30
f 1059/113/30 1023/112/30 1058/114/30
f 1058/114/30 1023/112/30 1022/115/30
f 1058/114/30 1022/115/30 1057/116/30
f 1057/116/30 1022/115/30 1021/117/30
f 1057/116/30 1021/117/30 1092/118/30
f 1092/118/30 1021/117/30 1091/119/30
f 1091/119/30 1021/117/30 1020/120/30
f 1091/119/30 1020/120/30 1090/121/30
f 1090/121/30 1020/120/30 1089/122/30
f 1089/122/30 1020/120/30 1019/123/30
f 1089/122/30 1019/123/30 1088/124/30
f 1088/124/30 1019/123/30 1018/125/30
f 1088/124/30 1018/125/30 1087/126/30
f 1087/126/30 1018/125/30 1086/127/30
f 1086/127/30 1018/125/30 1017/128/30
f 1086/127/30 1017/128/30 1085/129/30
f 1085/129/30 1017/128/30 1084/130/30
f 1084/130/30 1017/128/30 1016/131/30
f 1084/130/30 1016/131/30 1083/132/31
f 1083/132/31 1016/131/30 1015/133/30
f 1083/132/31 1015/133/30 1082/134/31
f 1082/134/31 1015/133/30 1081/135/30
f 1081/135/30 1015/133/30 1014/136/30
f 1081/135/30 1014/136/30 1080/137/30
f 1080/137/30 1014/136/30 1013/138/32
f 1080/137/30 1013/138/32 1079/139/30
f 1079/139/30 1013/138/32 1012/67/30
f 1079/139/30 1012/67/30 1078/66/30
f 1031/104/30 1030/140/30 1027/105/30
f 1027/105/30 1030/140/30 1028/141/30
f 1028/141/30 1030/140/30 1029/142/30
f 1092/955/59 1131/956/59 1057/957/39
f 1057/957/39 1131/956/59 1134/958/39
f 1057/957/39 1134/958/39 1058/959/60
f 1058/959/60 1134/958/39 1199/960/60
f 1058/959/60 1199/960/60 1059/961/61
f 1059/961/61 1199/960/60 1197/962/61
f 1059/961/61 1197/962/61 1060/963/62
f 1060/963/62 1197/962/61 1195/964/62
f 1060/963/62 1195/964/62 1061/965/63
f 1061/965/63 1195/964/62 1193/966/63
f 1061/965/63 1193/966/63 1062/967/64
f 1062/967/64 1193/966/63 1191/968/64
f 1062/967/64 1191/968/64 1063/969/65
f 1063/969/65 1191/968/64 1189/970/65
f 1063/969/65 1189/970/65 1064/971/66
f 1064/971/66 1189/970/65 1187/972/66
f 1064/971/66 1187/972/66 1065/973/68
f 1065/973/68 1187/972/66 1185/974/68
f 1065/973/68 1185/974/68 1066/975/69
f 1066/975/69 1185/974/68 1183/976/69
f 1066/975/69 1183/976/69 1067/977/70
f 1067/977/70 1183/976/69 1181/978/70
f 1067/977/70 1181/978/70 1068/979/71
f 1068/979/71 1181/978/70 1179/980/71
f 1068/979/71 1179/980/71 1069/981/72
f 1069/981/72 1179/980/71 1177/982/72
f 1069/981/72 1177/982/72 1070/983/73
f 1070/983/73 1177/982/72 1175/984/73
f 1070/983/73 1175/984/73 1071/985/74
f 1071/985/74 1175/984/73 1173/986/74
f 1071/985/74 1173/986/74 1072/987/75
f 1072/987/75 1173/986/74 1171/988/75
f 1072/987/75 1171/988/75 1073/989/76
f 1073/989/76 1171/988/75 1169/990/76
f 1073/989/76 1169/990/76 1074/991/77
f 1074/991/77 1169/990/76 1167/992/77
f 1074/991/77 1167/992/77 1075/993/78
f 1075/993/78 1167/992/77 1129/994/78
f 1075/995/78 1129/996/78 1076/997/79
f 1076/997/79 1129/996/78 1165/998/79
f 1076/997/79 1165/998/79 1077/999/80
f 1077/999/80 1165/998/79 1163/1000/80
f 1077/999/80 1163/1000/80 1078/1001/81
f 1078/1001/81 1163/1000/80 1161/1002/81
f 1078/1001/81 1161/1002/81 1079/1003/82
f 1079/1003/82 1161/1002/81 1159/1004/82
f 1079/1003/82 1159/1004/82 1080/1005/83
f 1080/1005/83 1159/1004/82 1157/1006/83
f 1080/1005/83 1157/1006/83 1081/1007/84
f 1081/1007/84 1157/1006/83 1155/1008/84
f 1081/1007/84 1155/1008/84 1082/1009/85
f 1082/1009/85 1155/1008/84 1153/1010/85
f 1082/1009/85 1153/1010/85 1083/1011/86
f 1083/1011/86 1153/1010/85 1151/1012/86
f 1083/1011/86 1151/1012/86 1084/1013/35
f 1084/1013/35 1151/1012/86 1149/1014/35
f 1084/1013/35 1149/1014/35 1085/1015/87
f 1085/1015/87 1149/1014/35 1147/1016/87
f 1085/1015/87 1147/1016/87 1086/1017/88
f 1086/1017/88 1147/1016/87 1145/1018/88
f 1086/1017/88 1145/1018/88 1087/1019/89
f 1087/1019/89 1145/1018/88 1143/1020/89
f 1087/1019/89 1143/1020/89 1088/1021/90
f 1088/1021/90 1143/1020/89 1141/1022/90
f 1088/1021/90 1141/1022/90 1089/1023/91
f 1089/1023/91 1141/1022/90 1139/1024/91
f 1089/1023/91 1139/1024/91 1090/1025/92
f 1090/1025/92 1139/1024/91 1137/1026/92
f 1090/1025/92 1137/1026/92 1091/1027/93
f 1091/1027/93 1137/1026/92 1135/1028/93
f 1091/1027/93 1135/1028/93 1092/955/59
f 1092/955/59 1135/1028/93 1131/956/59
f 1094/1029/60 1200/1030/60 1093/1031/39
f 1093/1031/39 1200/1030/60 1133/1032/39
f 1093/1031/39 1133/1032/39 1128/1033/59
f 1128/1033/59 1133/1032/39 1132/1034/59
f 1128/1033/59 1132/1034/59 1127/1035/93
f 1127/1035/93 1132/1034/59 1136/1036/93
f 1127/1035/93 1136/1036/93 1126/1037/92
f 1126/1037/92 1136/1036/93 1138/1038/92
f 1126/1037/92 1138/1038/92 1125/1039/91
f 1125/1039/91 1138/1038/92 1140/1040/91
f 1125/1039/91 1140/1040/91 1124/1041/90
f 1124/1041/90 1140/1040/91 1142/1042/90
f 1124/1041/90 1142/1042/90 1123/1043/89
f 1123/1043/89 1142/1042/90 1144/1044/89
f 1123/1043/89 1144/1044/89 1122/1045/88
f 1122/1045/88 1144/1044/89 1146/1046/88
f 1122/1045/88 1146/1046/88 1121/1047/87
f 1121/1047/87 1146/1046/88 1148/1048/87
f 1121/1047/87 1148/1048/87 1120/1049/35
f 1120/1049/35 1148/1048/87 1150/1050/35
f 1120/1049/35 1150/1050/35 1119/1051/86
f 1119/1051/86 1150/1050/35 1152/1052/86
f 1119/1051/86 1152/1052/86 1118/1053/85
f 1118/1053/85 1152/1052/86 1154/1054/85
f 1118/1053/85 1154/1054/85 1117/1055/84
f 1117/1055/84 1154/1054/85 1156/1056/84
f 1117/1055/84 1156/1056/84 1116/1057/83
f 1116/1057/83 1156/1056/84 1158/1058/83
f 1116/1057/83 1158/1058/83 1115/1059/82
f 1115/1059/82 1158/1058/83 1160/1060/82
f 1115/1059/82 1160/1060/82 1114/1061/81
f 1114/1061/81 1160/1060/82 1162/1062/81
f 1114/1061/81 1162/1062/81 1113/1063/80
f 1113/1063/80 1162/1062/81 1164/1064/80
f 1113/1063/80 1164/1064/80 1112/1065/79
f 1112/1065/79 1164/1064/80 1166/1066/79
f 1112/1065/79 1166/1066/79 1111/1067/78
f 1111/1067/78 1166/1066/79 1130/1068/78
f 1111/1069/78 1130/1070/78 1110/1071/77
f 1110/1071/77 1130/1070/78 1168/1072/77
f 1110/1071/77 1168/1072/77 1109/1073/76
f 1109/1073/76 1168/1072/77 1170/1074/76
f 1109/1073/76 1170/1074/76 1108/1075/75
f 1108/1075/75 1170/1074/76 1172/1076/75
f 1108/1075/75 1172/1076/75 1107/1077/74
f 1107/1077/74 1172/1076/75 1174/1078/74
f 1107/1077/74 1174/1078/74 1106/1079/73
f 1106/1079/73 1174/1078/74 1176/1080/73
f 1106/1079/73 1176/1080/73 1105/1081/72
f 1105/1081/72 1176/1080/73 1178/1082/72
f 1105/1081/72 1178/1082/72 1104/1083/71
f 1104/1083/71 1178/1082/72 1180/1084/71
f 1104/1083/71 1180/1084/71 1103/1085/70
f 1103/1085/70 1180/1084/71 1182/1086/70
f 1103/1085/70 1182/1086/70 1102/1087/69
f 1102/1087/69 1182/1086/70 1184/1088/69
f 1102/1087/69 1184/1088/69 1101/1089/68
f 1101/1089/68 1184/1088/69 1186/1090/68
f 1101/1089/68 1186/1090/68 1100/1091/66
f 1100/1091/66 1186/1090/68 1188/1092/66
f 1100/1091/66 1188/1092/66 1099/1093/65
f 1099/1093/65 1188/1092/66 1190/1094/65
f 1099/1093/65 1190/1094/65 1098/1095/64
f 1098/1095/64 1190/1094/65 1192/1096/64
f 1098/1095/64 1192/1096/64 1097/1097/63
f 1097/1097/63 1192/1096/64 1194/1098/63
f 1097/1097/63 1194/1098/63 1096/1099/62
f 1096/1099/62 1194/1098/63 1196/1100/62
f 1096/1099/62 1196/1100/62 1095/1101/61
f 1095/1101/61 1196/1100/62 1198/1102/61
f 1095/1101/61 1198/1102/61 1094/1029/60
f 1094/1029/60 1198/1102/61 1200/1030/60
f 1129/996/78 1130/1068/78 1165/998/79
f 1165/998/79 1130/1068/78 1166/1066/79
f 1165/998/79 1166/1066/79 1163/1000/80
f 1163/1000/80 1166/1066/79 1164/1064/80
f 1163/1000/80 1164/1064/80 1161/1002/81
f 1161/1002/81 1164/1064/80 1162/1062/81
f 1161/1002/81 1162/1062/81 1159/1004/82
f 1159/1004/82 1162/1062/81 1160/1060/82
f 1159/1004/82 1160/1060/82 1157/1006/83
f 1157/1006/83 1160/1060/82 1158/1058/83
f 1157/1006/83 1158/1058/83 1155/1008/84
f 1155/1008/84 1158/1058/83 1156/1056/84
f 1155/1008/84 1156/1056/84 1153/1010/85
f 1153/1010/85 1156/1056/84 1154/1054/85
f 1153/1010/85 1154/1054/85 1151/1012/86
f 1151/1012/86 1154/1054/85 1152/1052/86
f 1151/1012/86 1152/1052/86 1149/1014/35
f 1149/1014/35 1152/1052/86 1150/1050/35
f 1149/1014/35 1150/1050/35 1147/1016/87
f 1147/1016/87 1150/1050/35 1148/1048/87
f 1147/1016/87 1148/1048/87 1145/1018/88
f 1145/1018/88 1148/1048/87 1146/1046/88
f 1145/1018/88 1146/1046/88 1143/1020/89
f 1143/1020/89 1146/1046/88 1144/1044/89
f 1143/1020/89 1144/1044/89 1141/1022/90
f 1141/1022/90 1144/1044/89 1142/1042/90
f 1141/1022/90 1142/1042/90 1139/1024/91
f 1139/1024/91 1142/1042/90 1140/1040/91
f 1139/1024/91 1140/1040/91 1137/1026/92
f 1137/1026/92 1140/1040/91 1138/1038/92
f 1137/1026/92 1138/1038/92 1135/1028/93
f 1135/1028/93 1138/1038/92 1136/1036/93
f 1135/1028/93 1136/1036/93 1131/956/59
f 1131/956/59 1136/1036/93 1132/1034/59
f 1131/956/59 1132/1034/59 1134/958/39
f 1134/958/39 1132/1034/59 1133/1032/39
f 1134/958/39 1133/1032/39 1199/960/60
f 1199/960/60 1133/1032/39 1200/1030/60
f 1199/960/60 1200/1030/60 1197/962/61
f 1197/962/61 1200/1030/60 1198/1102/61
f 1197/962/61 1198/1102/61 1195/964/62
f 1195/964/62 1198/1102/61 1196/1100/62
f 1195/964/62 1196/1100/62 1193/966/63
f 1193/966/63 1196/1100/62 1194/1098/63
f 1193/966/63 1194/1098/63 1191/968/64
f 1191/968/64 1194/1098/63 1192/1096/64
f 1191/968/64 1192/1096/64 1189/970/65
f 1189/970/65 1192/1096/64 1190/1094/65
f 1189/970/65 1190/1094/65 1187/972/66
f 1187/972/66 1190/1094/65 1188/1092/66
f 1187/972/66 1188/1092/66 1185/974/68
f 1185/974/68 1188/1092/66 1186/1090/68
f 1185/974/68 1186/1090/68 1183/976/69
f 1183/976/69 1186/1090/68 1184/1088/69
f 1183/976/69 1184/1088/69 1181/978/70
f 1181/978/70 1184/1088/69 1182/1086/70
f 1181/978/70 1182/1086/70 1179/980/71
f 1179/980/71 1182/1086/70 1180/1084/71
f 1179/980/71 1180/1084/71 1177/982/72
f 1177/982/72 1180/1084/71 1178/1082/72
f 1177/982/72 1178/1082/72 1175/984/73
f 1175/984/73 1178/1082/72 1176/1080/73
f 1175/984/73 1176/1080/73 1173/986/74
f 1173/986/74 1176/1080/73 1174/1078/74
f 1173/986/74 1174/1078/74 1171/988/75
f 1171/988/75 1174/1078/74 1172/1076/75
f 1171/988/75 1172/1076/75 1169/990/76
f 1169/990/76 1172/1076/75 1170/1074/76
f 1169/990/76 1170/1074/76 1167/992/77
f 1167/992/77 1170/1074/76 1168/1072/77
f 1167/992/77 1168/1072/77 1129/994/78
f 1129/994/78 1168/1072/77 1130/1070/78
f 1201/147/36 1202/148/36 1248/149/36
f 1248/149/36 1202/148/36 1203/150/36
f 1248/149/36 1203/150/36 1247/151/36
f 1247/151/36 1203/150/36 1246/152/36
f 1246/152/36 1203/150/36 1204/153/36
f 1246/152/36 1204/153/36 1114/381/36
f 1114/381/36 1204/153/36 1115/382/36
f 1115/382/36 1204/153/36 1205/155/37
f 1115/382/36 1205/155/37 1116/383/36
f 1116/383/36 1205/155/37 1206/158/36
f 1116/383/36 1206/158/36 1117/384/36
f 1117/384/36 1206/158/36 1207/160/36
f 1117/384/36 1207/160/36 1118/385/37
f 1118/385/37 1207/160/36 1119/386/37
f 1119/386/37 1207/160/36 1208/163/36
f 1119/386/37 1208/163/36 1120/387/36
f 1120/387/36 1208/163/36 1209/165/36
f 1120/387/36 1209/165/36 1121/388/36
f 1121/388/36 1209/165/36 1122/389/36
f 1122/389/36 1209/165/36 1210/168/36
f 1122/389/36 1210/168/36 1123/390/37
f 1123/390/37 1210/168/36 1124/391/37
f 1124/391/37 1210/168/36 1211/170/36
f 1124/391/37 1211/170/36 1125/392/36
f 1125/392/36 1211/170/36 1212/173/36
f 1125/392/36 1212/173/36 1126/393/36
f 1126/393/36 1212/173/36 1127/394/36
f 1127/394/36 1212/173/36 1213/175/36
f 1127/394/36 1213/175/36 1128/395/36
f 1128/395/36 1213/175/36 1093/396/36
f 1093/396/36 1213/175/36 1214/178/36
f 1093/396/36 1214/178/36 1094/397/36
f 1094/397/36 1214/178/36 1215/180/36
f 1094/397/36 1215/180/36 1095/398/36
f 1095/398/36 1215/180/36 1096/399/38
f 1096/399/38 1215/180/36 1216/183/36
f 1096/399/38 1216/183/36 1097/400/36
f 1097/400/36 1216/183/36 1217/185/36
f 1097/400/36 1217/185/36 1098/401/36
f 1098/401/36 1217/185/36 1218/188/36
f 1098/401/36 1218/188/36 1099/402/37
f 1099/402/37 1218/188/36 1224/189/36
f 1099/402/37 1224/189/36 1225/187/36
f 1218/188/36 1219/190/36 1224/189/36
f 1224/189/36 1219/190/36 1223/191/36
f 1223/191/36 1219/190/36 1222/192/36
f 1222/192/36 1219/190/36 1220/193/36
f 1222/192/36 1220/193/36 1221/194/36
f 1225/187/36 1226/186/36 1099/402/37
f 1099/402/37 1226/186/36 1100/403/37
f 1100/403/37 1226/186/36 1227/184/36
f 1100/403/37 1227/184/36 1228/182/36
f 1100/403/37 1228/182/36 1101/404/37
f 1101/404/37 1228/182/36 1229/181/36
f 1101/404/37 1229/181/36 1102/405/37
f 1102/405/37 1229/181/36 1230/179/36
f 1102/405/37 1230/179/36 1103/406/36
f 1103/406/36 1230/179/36 1231/177/36
f 1103/406/36 1231/177/36 1104/407/38
f 1104/407/38 1231/177/36 1232/176/36
f 1104/407/38 1232/176/36 1233/174/36
f 1104/407/38 1233/174/36 1105/408/38
f 1105/408/38 1233/174/36 1234/172/36
f 1105/408/38 1234/172/36 1106/409/36
f 1106/409/36 1234/172/36 1235/171/36
f 1106/409/36 1235/171/36 1107/410/36
f 1107/410/36 1235/171/36 1236/169/36
f 1107/410/36 1236/169/36 1108/411/36
f 1108/411/36 1236/169/36 1237/167/36
f 1108/411/36 1237/167/36 1109/412/36
f 1109/412/36 1237/167/36 1238/166/36
f 1109/412/36 1238/166/36 1239/164/36
f 1109/412/36 1239/164/36 1110/413/36
f 1110/413/36 1239/164/36 1240/162/36
f 1110/413/36 1240/162/36 1111/414/36
f 1111/414/36 1240/162/36 1241/161/36
f 1111/414/36 1241/161/36 1112/415/36
f 1112/415/36 1241/161/36 1242/159/36
f 1112/415/36 1242/159/36 1113/416/36
f 1113/416/36 1242/159/36 1243/157/36
f 1113/416/36 1243/157/36 1244/156/36
f 1113/416/36 1244/156/36 1114/381/36
f 1114/381/36 1244/156/36 1245/154/36
f 1114/381/36 1245/154/36 1246/152/36
f 1202/143/35 1201/144/35 1250/145/35
f 1250/145/35 1201/144/35 1249/146/35
f 1268/417/58 1220/418/58 1267/419/57
f 1267/419/57 1220/418/58 1219/420/57
f 1267/419/57 1219/420/57 1218/421/56
f 1267/419/57 1218/421/56 1266/422/56
f 1266/422/56 1218/421/56 1217/423/55
f 1266/422/56 1217/423/55 1265/424/55
f 1265/424/55 1217/423/55 1216/425/54
f 1265/424/55 1216/425/54 1264/426/54
f 1264/426/54 1216/425/54 1215/427/53
f 1264/426/54 1215/427/53 1263/428/53
f 1263/428/53 1215/427/53 1214/429/52
f 1263/428/53 1214/429/52 1262/430/52
f 1262/430/52 1214/429/52 1213/431/51
f 1262/430/52 1213/431/51 1261/432/51
f 1261/432/51 1213/431/51 1212/433/50
f 1261/432/51 1212/433/50 1260/434/50
f 1260/434/50 1212/433/50 1211/435/49
f 1260/434/50 1211/435/49 1259/436/49
f 1259/436/49 1211/435/49 1210/437/48
f 1259/436/49 1210/437/48 1258/438/48
f 1258/438/48 1210/437/48 1209/439/47
f 1258/438/48 1209/439/47 1257/440/47
f 1257/440/47 1209/439/47 1208/441/46
f 1257/440/47 1208/441/46 1256/442/46
f 1256/442/46 1208/441/46 1207/443/45
f 1256/442/46 1207/443/45 1255/444/45
f 1255/444/45 1207/443/45 1206/445/44
f 1255/444/45 1206/445/44 1254/446/44
f 1254/446/44 1206/445/44 1205/447/43
f 1254/446/44 1205/447/43 1253/448/43
f 1253/448/43 1205/447/43 1204/449/42
f 1253/448/43 1204/449/42 1252/450/42
f 1252/450/42 1204/449/42 1203/451/41
f 1252/450/42 1203/451/41 1251/452/41
f 1251/452/41 1203/451/41 1250/195/40
f 1250/195/40 1203/451/41 1202/196/40
f 1221/143/39 1220/144/39 1269/145/39
f 1269/145/39 1220/144/39 1268/146/39
f 1249/453/29 1201/454/29 1296/455/28
f 1296/455/28 1201/454/29 1248/456/28
f 1296/455/28 1248/456/28 1247/457/27
f 1296/455/28 1247/457/27 1295/458/27
f 1295/458/27 1247/457/27 1246/459/26
f 1295/458/27 1246/459/26 1294/460/26
f 1294/460/26 1246/459/26 1245/461/25
f 1294/460/26 1245/461/25 1293/462/25
f 1293/462/25 1245/461/25 1244/463/24
f 1293/462/25 1244/463/24 1292/464/24
f 1292/464/24 1244/463/24 1243/465/23
f 1292/464/24 1243/465/23 1291/466/23
f 1291/466/23 1243/465/23 1242/467/22
f 1291/466/23 1242/467/22 1290/468/22
f 1290/468/22 1242/467/22 1241/469/21
f 1290/468/22 1241/469/21 1289/470/21
f 1289/470/21 1241/469/21 1240/471/20
f 1289/470/21 1240/471/20 1288/472/20
f 1288/472/20 1240/471/20 1239/473/19
f 1288/472/20 1239/473/19 1287/474/19
f 1287/474/19 1239/473/19 1238/475/18
f 1287/474/19 1238/475/18 1286/476/18
f 1286/476/18 1238/475/18 1237/477/17
f 1286/476/18 1237/477/17 1285/478/17
f 1285/478/17 1237/477/17 1236/479/16
f 1285/478/17 1236/479/16 1284/480/16
f 1284/480/16 1236/479/16 1235/481/15
f 1284/480/16 1235/481/15 1283/482/15
f 1283/482/15 1235/481/15 1234/483/14
f 1283/482/15 1234/483/14 1282/484/14
f 1282/484/14 1234/483/14 1233/485/13
f 1282/484/14 1233/485/13 1281/486/13
f 1281/486/13 1233/485/13 1232/487/12
f 1281/486/13 1232/487/12 1280/488/12
f 1280/488/12 1232/487/12 1231/489/11
f 1280/488/12 1231/489/11 1279/490/11
f 1279/490/11 1231/489/11 1230/491/10
f 1279/490/11 1230/491/10 1278/492/10
f 1278/492/10 1230/491/10 1229/493/9
f 1278/492/10 1229/493/9 1277/494/9
f 1277/494/9 1229/493/9 1228/495/8
f 1277/494/9 1228/495/8 1276/496/8
f 1276/496/8 1228/495/8 1227/497/7
f 1276/496/8 1227/497/7 1275/498/7
f 1275/498/7 1227/497/7 1226/499/6
f 1275/498/7 1226/499/6 1274/500/6
f 1274/500/6 1226/499/6 1225/501/5
f 1274/500/6 1225/501/5 1273/502/5
f 1273/502/5 1225/501/5 1224/503/4
f 1273/502/5 1224/503/4 1272/504/4
f 1272/504/4 1224/503/4 1223/505/3
f 1272/504/4 1223/505/3 1271/506/3
f 1271/506/3 1223/505/3 1222/507/2
f 1271/506/3 1222/507/2 1270/508/2
f 1270/508/2 1222/507/2 1269/509/1
f 1269/509/1 1222/507/2 1221/510/1
f 1249/59/30 1296/60/30 1250/61/30
f 1250/61/30 1296/60/30 1251/62/30
f 1251/62/30 1296/60/30 1295/63/30
f 1251/62/30 1295/63/30 1294/64/30
f 1293/65/30 1318/66/30 1294/64/30
f 1294/64/30 1318/66/30 1252/67/30
f 1294/64/30 1252/67/30 1251/62/30
f 1293/65/30 1292/68/30 1318/66/30
f 1318/66/30 1292/68/30 1317/69/30
f 1317/69/30 1292/68/30 1291/70/30
f 1317/69/30 1291/70/30 1290/71/30
f 1317/69/30 1290/71/30 1316/72/30
f 1316/72/30 1290/71/30 1289/73/30
f 1316/72/30 1289/73/30 1315/74/30
f 1315/74/30 1289/73/30 1288/75/30
f 1315/74/30 1288/75/30 1314/76/30
f 1314/76/30 1288/75/30 1287/77/30
f 1314/76/30 1287/77/30 1313/78/30
f 1313/78/30 1287/77/30 1286/79/30
f 1313/78/30 1286/79/30 1285/80/30
f 1313/78/30 1285/80/30 1312/81/30
f 1312/81/30 1285/80/30 1284/82/30
f 1312/81/30 1284/82/30 1311/83/30
f 1311/83/30 1284/82/30 1283/84/30
f 1311/83/30 1283/84/30 1310/85/30
f 1310/85/30 1283/84/30 1282/86/30
f 1310/85/30 1282/86/30 1309/87/30
f 1309/87/30 1282/86/30 1281/88/30
f 1309/87/30 1281/88/30 1308/89/30
f 1308/89/30 1281/88/30 1280/90/30
f 1308/89/30 1280/90/30 1279/91/30
f 1308/89/30 1279/91/30 1307/92/30
f 1307/92/30 1279/91/30 1278/93/30
f 1307/92/30 1278/93/30 1306/94/30
f 1306/94/30 1278/93/30 1277/95/30
f 1306/94/30 1277/95/30 1305/96/32
f 1305/96/32 1277/95/30 1276/97/30
f 1305/96/32 1276/97/30 1304/98/32
f 1304/98/32 1276/97/30 1275/99/30
f 1304/98/32 1275/99/30 1274/100/30
f 1304/98/32 1274/100/30 1303/101/30
f 1303/101/30 1274/100/30 1273/102/30
f 1303/101/30 1273/102/30 1272/103/30
f 1271/104/30 1267/105/30 1272/103/30
f 1272/103/30 1267/105/30 1266/106/30
f 1272/103/30 1266/106/30 1303/101/30
f 1303/101/30 1266/106/30 1302/107/30
f 1302/107/30 1266/106/30 1265/108/30
f 1302/107/30 1265/108/30 1301/109/31
f 1301/109/31 1265/108/30 1264/110/30
f 1301/109/31 1264/110/30 1300/111/30
f 1300/111/30 1264/110/30 1263/112/30
f 1300/111/30 1263/112/30 1299/113/30
f 1299/113/30 1263/112/30 1298/114/30
f 1298/114/30 1263/112/30 1262/115/30
f 1298/114/30 1262/115/30 1297/116/30
f 1297/116/30 1262/115/30 1261/117/30
f 1297/116/30 1261/117/30 1332/118/30
f 1332/118/30 1261/117/30 1331/119/30
f 1331/119/30 1261/117/30 1260/120/30
f 1331/119/30 1260/120/30 1330/121/30
f 1330/121/30 1260/120/30 1329/122/30
f 1329/122/30 1260/120/30 1259/123/30
f 1329/122/30 1259/123/30 1328/124/30
f 1328/124/30 1259/123/30 1258/125/30
f 1328/124/30 1258/125/30 1327/126/30
f 1327/126/30 1258/125/30 1326/127/30
f 1326/127/30 1258/125/30 1257/128/30
f 1326/127/30 1257/128/30 1325/129/30
f 1325/129/30 1257/128/30 1324/130/30
f 1324/130/30 1257/128/30 1256/131/30
f 1324/130/30 1256/131/30 1323/132/30
f 1323/132/30 1256/131/30 1255/133/30
f 1323/132/30 1255/133/30 1322/134/30
f 1322/134/30 1255/133/30 1321/135/30
f 1321/135/30 1255/133/30 1254/136/30
f 1321/135/30 1254/136/30 1320/137/98
f 1320/137/98 1254/136/30 1253/138/30
f 1320/137/98 1253/138/30 1319/139/31
f 1319/139/31 1253/138/30 1252/67/30
f 1319/139/31 1252/67/30 1318/66/30
f 1271/104/30 1270/140/30 1267/105/30
f 1267/105/30 1270/140/30 1268/141/30
f 1268/141/30 1270/140/30 1269/142/30
f 1332/1103/59 1371/1104/59 1297/1105/39
f 1297/1105/39 1371/1104/59 1374/1106/39
f 1297/1105/39 1374/1106/39 1298/1107/60
f 1298/1107/60 1374/1106/39 1439/1108/60
f 1298/1107/60 1439/1108/60 1299/1109/61
f 1299/1109/61 1439/1108/60 1437/1110/61
f 1299/1109/61 1437/1110/61 1300/1111/62
f 1300/1111/62 1437/1110/61 1435/1112/62
f 1300/1111/62 1435/1112/62 1301/1113/63
f 1301/1113/63 1435/1112/62 1433/1114/63
f 1301/1113/63 1433/1114/63 1302/1115/64
f 1302/1115/64 1433/1114/63 1431/1116/64
f 1302/1115/64 1431/1116/64 1303/1117/65
f 1303/1117/65 1431/1116/64 1429/1118/65
f 1303/1117/65 1429/1118/65 1304/1119/66
f 1304/1119/66 1429/1118/65 1427/1120/66
f 1304/1119/66 1427/1120/66 1305/1121/68
f 1305/1121/68 1427/1120/66 1425/1122/68
f 1305/1121/68 1425/1122/68 1306/1123/69
f 1306/1123/69 1425/1122/68 1423/1124/69
f 1306/1123/69 1423/1124/69 1307/1125/70
f 1307/1125/70 1423/1124/69 1421/1126/70
f 1307/1125/70 1421/1126/70 1308/1127/71
f 1308/1127/71 1421/1126/70 1419/1128/71
f 1308/1127/71 1419/1128/71 1309/1129/72
f 1309/1129/72 1419/1128/71 1417/1130/72
f 1309/1129/72 1417/1130/72 1310/1131/73
f 1310/1131/73 1417/1130/72 1415/1132/73
f 1310/1131/73 1415/1132/73 1311/1133/74
f 1311/1133/74 1415/1132/73 1413/1134/74
f 1311/1133/74 1413/1134/74 1312/1135/75
f 1312/1135/75 1413/1134/74 1411/1136/75
f 1312/1135/75 1411/1136/75 1313/1137/76
f 1313/1137/76 1411/1136/75 1409/1138/76
f 1313/1137/76 1409/1138/76 1314/1139/77
f 1314/1139/77 1409/1138/76 1407/1140/77
f 1314/1139/77 1407/1140/77 1315/1141/78
f 1315/1141/78 1407/1140/77 1369/1142/78
f 1315/1143/78 1369/1144/78 1316/1145/79
f 1316/1145/79 1369/1144/78 1405/1146/79
f 1316/1145/79 1405/1146/79 1317/1147/80
f 1317/1147/80 1405/1146/79 1403/1148/80
f 1317/1147/80 1403/1148/80 1318/1149/81
f 1318/1149/81 1403/1148/80 1401/1150/81
f 1318/1149/81 1401/1150/81 1319/1151/82
f 1319/1151/82 1401/1150/81 1399/1152/82
f 1319/1151/82 1399/1152/82 1320/1153/83
f 1320/1153/83 1399/1152/82 1397/1154/83
f 1320/1153/83 1397/1154/83 1321/1155/84
f 1321/1155/84 1397/1154/83 1395/1156/84
f 1321/1155/84 1395/1156/84 1322/1157/85
f 1322/1157/85 1395/1156/84 1393/1158/85
f 1322/1157/85 1393/1158/85 1323/1159/86
f 1323/1159/86 1393/1158/85 1391/1160/86
f 1323/1159/86 1391/1160/86 1324/1161/35
f 1324/1161/35 1391/1160/86 1389/1162/35
f 1324/1161/35 1389/1162/35 1325/1163/87
f 1325/1163/87 1389/1162/35 1387/1164/87
f 1325/1163/87 1387/1164/87 1326/1165/88
f 1326/1165/88 1387/1164/87 1385/1166/88
f 1326/1165/88 1385/1166/88 1327/1167/89
f 1327/1167/89 1385/1166/88 1383/1168/89
f 1327/1167/89 1383/1168/89 1328/1169/90
f 1328/1169/90 1383/1168/89 1381/1170/90
f 1328/1169/90 1381/1170/90 1329/1171/91
f 1329/1171/91 1381/1170/90 1379/1172/91
f 1329/1171/91 1379/1172/91 1330/1173/92
f 1330/1173/92 1379/1172/91 1377/1174/92
f 1330/1173/92 1377/1174/92 1331/1175/93
f 1331/1175/93 1377/1174/92 1375/1176/93
f 1331/1175/93 1375/1176/93 1332/1103/59
f 1332/1103/59 1375/1176/93 1371/1104/59
f 1334/1177/60 1440/1178/60 1333/1179/39
f 1333/1179/39 1440/1178/60 1373/1180/39
f 1333/1179/39 1373/1180/39 1368/1181/59
f 1368/1181/59 1373/1180/39 1372/1182/59
f 1368/1181/59 1372/1182/59 1367/1183/93
f 1367/1183/93 1372/1182/59 1376/1184/93
f 1367/1183/93 1376/1184/93 1366/1185/92
f 1366/1185/92 1376/1184/93 1378/1186/92
f 1366/1185/92 1378/1186/92 1365/1187/91
f 1365/1187/91 1378/1186/92 1380/1188/91
f 1365/1187/91 1380/1188/91 1364/1189/90
f 1364/1189/90 1380/1188/91 1382/1190/90
f 1364/1189/90 1382/1190/90 1363/1191/89
f 1363/1191/89 1382/1190/90 1384/1192/89
f 1363/1191/89 1384/1192/89 1362/1193/88
f 1362/1193/88 1384/1192/89 1386/1194/88
f 1362/1193/88 1386/1194/88 1361/1195/87
f 1361/1195/87 1386/1194/88 1388/1196/87
f 1361/1195/87 1388/1196/87 1360/1197/35
f 1360/1197/35 1388/1196/87 1390/1198/35
f 1360/1197/35 1390/1198/35 1359/1199/86
f 1359/1199/86 1390/1198/35 1392/1200/86
f 1359/1199/86 1392/1200/86 1358/1201/85
f 1358/1201/85 1392/1200/86 1394/1202/85
f 1358/1201/85 1394/1202/85 1357/1203/84
f 1357/1203/84 1394/1202/85 1396/1204/84
f 1357/1203/84 1396/1204/84 1356/1205/83
f 1356/1205/83 1396/1204/84 1398/1206/83
f 1356/1205/83 1398/1206/83 1355/1207/82
f 1355/1207/82 1398/1206/83 1400/1208/82
f 1355/1207/82 1400/1208/82 1354/1209/81
f 1354/1209/81 1400/1208/82 1402/1210/81
f 1354/1209/81 1402/1210/81 1353/1211/80
f 1353/1211/80 1402/1210/81 1404/1212/80
f 1353/1211/80 1404/1212/80 1352/1213/79
f 1352/1213/79 1404/1212/80 1406/1214/79
f 1352/1213/79 1406/1214/79 1351/1215/78
f 1351/1215/78 1406/1214/79 1370/1216/78
f 1351/1217/78 1370/1218/78 1350/1219/77
f 1350/1219/77 1370/1218/78 1408/1220/77
f 1350/1219/77 1408/1220/77 1349/1221/76
f 1349/1221/76 1408/1220/77 1410/1222/76
f 1349/1221/76 1410/1222/76 1348/1223/75
f 1348/1223/75 1410/1222/76 1412/1224/75
f 1348/1223/75 1412/1224/75 1347/1225/74
f 1347/1225/74 1412/1224/75 1414/1226/74
f 1347/1225/74 1414/1226/74 1346/1227/73
f 1346/1227/73 1414/1226/74 1416/1228/73
f 1346/1227/73 1416/1228/73 1345/1229/72
f 1345/1229/72 1416/1228/73 1418/1230/72
f 1345/1229/72 1418/1230/72 1344/1231/71
f 1344/1231/71 1418/1230/72 1420/1232/71
f 1344/1231/71 1420/1232/71 1343/1233/70
f 1343/1233/70 1420/1232/71 1422/1234/70
f 1343/1233/70 1422/1234/70 1342/1235/69
f 1342/1235/69 1422/1234/70 1424/1236/69
f 1342/1235/69 1424/1236/69 1341/1237/68
f 1341/1237/68 1424/1236/69 1426/1238/68
f 1341/1237/68 1426/1238/68 1340/1239/66
f 1340/1239/66 1426/1238/68 1428/1240/66
f 1340/1239/66 1428/1240/66 1339/1241/65
f 1339/1241/65 1428/1240/66 1430/1242/65
f 1339/1241/65 1430/1242/65 1338/1243/64
f 1338/1243/64 1430/1242/65 1432/1244/64
f 1338/1243/64 1432/1244/64 1337/1245/63
f 1337/1245/63 1432/1244/64 1434/1246/63
f 1337/1245/63 1434/1246/63 1336/1247/62
f 1336/1247/62 1434/1246/63 1436/1248/62
f 1336/1247/62 1436/1248/62 1335/1249/61
f 1335/1249/61 1436/1248/62 1438/1250/61
f 1335/1249/61 1438/1250/61 1334/1177/60
f 1334/1177/60 1438/1250/61 1440/1178/60
f 1369/1144/78 1370/1216/78 1405/1146/79
f 1405/1146/79 1370/1216/78 1406/1214/79
f 1405/1146/79 1406/1214/79 1403/1148/80
f 1403/1148/80 1406/1214/79 1404/1212/80
f 1403/1148/80 1404/1212/80 1401/1150/81
f 1401/1150/81 1404/1212/80 1402/1210/81
f 1401/1150/81 1402/1210/81 1399/1152/82
f 1399/1152/82 1402/1210/81 1400/1208/82
f 1399/1152/82 1400/1208/82 1397/1154/83
f 1397/1154/83 1400/1208/82 1398/1206/83
f 1397/1154/83 1398/1206/83 1395/1156/84
f 1395/1156/84 1398/1206/83 1396/1204/84
f 1395/1156/84 1396/1204/84 1393/1158/85
f 1393/1158/85 1396/1204/84 1394/1202/85
f 1393/1158/85 1394/1202/85 1391/1160/86
f 1391/1160/86 1394/1202/85 1392/1200/86
f 1391/1160/86 1392/1200/86 1389/1162/35
f 1389/1162/35 1392/1200/86 1390/1198/35
f 1389/1162/35 1390/1198/35 1387/1164/87
f 1387/1164/87 1390/1198/35 1388/1196/87
f 1387/1164/87 1388/1196/87 1385/1166/88
f 1385/1166/88 1388/1196/87 1386/1194/88
f 1385/1166/88 1386/1194/88 1383/1168/89
f 1383/1168/89 1386/1194/88 1384/1192/89
f 1383/1168/89 1384/1192/89 1381/1170/90
f 1381/1170/90 1384/1192/89 1382/1190/90
f 1381/1170/90 1382/1190/90 1379/1172/91
f 1379/1172/91 1382/1190/90 1380/1188/91
f 1379/1172/91 1380/1188/91 1377/1174/92
f 1377/1174/92 1380/1188/91 1378/1186/92
f 1377/1174/92 1378/1186/92 1375/1176/93
f 1375/1176/93 1378/1186/92 1376/1184/93
f 1375/1176/93 1376/1184/93 1371/1104/59
f 1371/1104/59 1376/1184/93 1372/1182/59
f 1371/1104/59 1372/1182/59 1374/1106/39
f 1374/1106/39 1372/1182/59 1373/1180/39
f 1374/1106/39 1373/1180/39 1439/1108/60
f 1439/1108/60 1373/1180/39 1440/1178/60
f 1439/1108/60 1440/1178/60 1437/1110/61
f 1437/1110/61 1440/1178/60 1438/1250/61
f 1437/1110/61 1438/1250/61 1435/1112/62
f 1435/1112/62 1438/1250/61 1436/1248/62
f 1435/1112/62 1436/1248/62 1433/1114/63
f 1433/1114/63 1436/1248/62 1434/1246/63
f 1433/1114/63 1434/1246/63 1431/1116/64
f 1431/1116/64 1434/1246/63 1432/1244/64
f 1431/1116/64 1432/1244/64 1429/1118/65
f 1429/1118/65 1432/1244/64 1430/1242/65
f 1429/1118/65 1430/1242/65 1427/1120/66
f 1427/1120/66 1430/1242/65 1428/1240/66
f 1427/1120/66 1428/1240/66 1425/1122/68
f 1425/1122/68 1428/1240/66 1426/1238/68
f 1425/1122/68 1426/1238/68 1423/1124/69
f 1423/1124/69 1426/1238/68 1424/1236/69
f 1423/1124/69 1424/1236/69 1421/1126/70
f 1421/1126/70 1424/1236/69 1422/1234/70
f 1421/1126/70 1422/1234/70 1419/1128/71
f 1419/1128/71 1422/1234/70 1420/1232/71
f 1419/1128/71 1420/1232/71 1417/1130/72
f 1417/1130/72 1420/1232/71 1418/1230/72
f 1417/1130/72 1418/1230/72 1415/1132/73
f 1415/1132/73 1418/1230/72 1416/1228/73
f 1415/1132/73 1416/1228/73 1413/1134/74
f 1413/1134/74 1416/1228/73 1414/1226/74
f 1413/1134/74 1414/1226/74 1411/1136/75
f 1411/1136/75 1414/1226/74 1412/1224/75
f 1411/1136/75 1412/1224/75 1409/1138/76
f 1409/1138/76 1412/1224/75 1410/1222/76
f 1409/1138/76 1410/1222/76 1407/1140/77
f 1407/1140/77 1410/1222/76 1408/1220/77
f 1407/1140/77 1408/1220/77 1369/1142/78
f 1369/1142/78 1408/1220/77 1370/1218/78
f 1441/147/36 1442/148/36 1488/149/36
f 1488/149/36 1442/148/36 1443/150/36
f 1488/149/36 1443/150/36 1487/151/36
f 1487/151/36 1443/150/36 1486/152/36
f 1486/152/36 1443/150/36 1444/153/36
f 1486/152/36 1444/153/36 1354/381/37
f 1354/381/37 1444/153/36 1355/382/94
f 1355/382/94 1444/153/36 1445/155/36
f 1355/382/94 1445/155/36 1356/383/36
f 1356/383/36 1445/155/36 1446/158/36
f 1356/383/36 1446/158/36 1357/384/36
f 1357/384/36 1446/158/36 1447/160/36
f 1357/384/36 1447/160/36 1358/385/36
f 1358/385/36 1447/160/36 1359/386/36
f 1359/386/36 1447/160/36 1448/163/36
f 1359/386/36 1448/163/36 1360/387/36
f 1360/387/36 1448/163/36 1449/165/36
f 1360/387/36 1449/165/36 1361/388/36
f 1361/388/36 1449/165/36 1362/389/37
f 1362/389/37 1449/165/36 1450/168/36
f 1362/389/37 1450/168/36 1363/390/36
f 1363/390/36 1450/168/36 1364/391/36
f 1364/391/36 1450/168/36 1451/170/36
f 1364/391/36 1451/170/36 1365/392/36
f 1365/392/36 1451/170/36 1452/173/36
f 1365/392/36 1452/173/36 1366/393/36
f 1366/393/36 1452/173/36 1367/394/37
f 1367/394/37 1452/173/36 1453/175/36
f 1367/394/37 1453/175/36 1368/395/36
f 1368/395/36 1453/175/36 1333/396/36
f 1333/396/36 1453/175/36 1454/178/36
f 1333/396/36 1454/178/36 1334/397/36
f 1334/397/36 1454/178/36 1455/180/36
f 1334/397/36 1455/180/36 1335/398/36
f 1335/398/36 1455/180/36 1336/399/36
f 1336/399/36 1455/180/36 1456/183/36
f 1336/399/36 1456/183/36 1337/400/36
f 1337/400/36 1456/183/36 1457/185/36
f 1337/400/36 1457/185/36 1338/401/36
f 1338/401/36 1457/185/36 1458/188/36
f 1338/401/36 1458/188/36 1339/402/37
f 1339/402/37 1458/188/36 1464/189/36
f 1339/402/37 1464/189/36 1465/187/36
f 1458/188/36 1459/190/36 1464/189/36
f 1464/189/36 1459/190/36 1463/191/36
f 1463/191/36 1459/190/36 1462/192/36
f 1462/192/36 1459/190/36 1460/193/36
f 1462/192/36 1460/193/36 1461/194/36
f 1465/187/36 1466/186/36 1339/402/37
f 1339/402/37 1466/186/36 1340/403/95
f 1340/403/95 1466/186/36 1467/184/36
f 1340/403/95 1467/184/36 1468/182/36
f 1340/403/95 1468/182/36 1341/404/36
f 1341/404/36 1468/182/36 1469/181/36
f 1341/404/36 1469/181/36 1342/405/38
f 1342/405/38 1469/181/36 1470/179/36
f 1342/405/38 1470/179/36 1343/406/36
f 1343/406/36 1470/179/36 1471/177/36
f 1343/406/36 1471/177/36 1344/407/36
f 1344/407/36 1471/177/36 1472/176/36
f 1344/407/36 1472/176/36 1473/174/36
f 1344/407/36 1473/174/36 1345/408/36
f 1345/408/36 1473/174/36 1474/172/36
f 1345/408/36 1474/172/36 1346/409/36
f 1346/409/36 1474/172/36 1475/171/36
f 1346/409/36 1475/171/36 1347/410/36
f 1347/410/36 1475/171/36 1476/169/36
f 1347/410/36 1476/169/36 1348/411/36
f 1348/411/36 1476/169/36 1477/167/36
f 1348/411/36 1477/167/36 1349/412/36
f 1349/412/36 1477/167/36 1478/166/36
f 1349/412/36 1478/166/36 1479/164/36
f 1349/412/36 1479/164/36 1350/413/36
f 1350/413/36 1479/164/36 1480/162/36
f 1350/413/36 1480/162/36 1351/414/36
f 1351/414/36 1480/162/36 1481/161/36
f 1351/414/36 1481/161/36 1352/415/36
f 1352/415/36 1481/161/36 1482/159/36
f 1352/415/36 1482/159/36 1353/416/36
f 1353/416/36 1482/159/36 1483/157/36
f 1353/416/36 1483/157/36 1484/156/36
f 1353/416/36 1484/156/36 1354/381/37
f 1354/381/37 1484/156/36 1485/154/36
f 1354/381/37 1485/154/36 1486/152/36
f 1442/143/35 1441/144/35 1490/145/35
f 1490/145/35 1441/144/35 1489/146/35
f 1508/417/58 1460/418/58 1507/419/57
f 1507/419/57 1460/418/58 1459/420/57
f 1507/419/57 1459/420/57 1458/421/56
f 1507/419/57 1458/421/56 1506/422/56
f 1506/422/56 1458/421/56 1457/423/55
f 1506/422/56 1457/423/55 1505/424/55
f 1505/424/55 1457/423/55 1456/425/54
f 1505/424/55 1456/425/54 1504/426/54
f 1504/426/54 1456/425/54 1455/427/53
f 1504/426/54 1455/427/53 1503/428/53
f 1503/428/53 1455/427/53 1454/429/52
f 1503/428/53 1454/429/52 1502/430/52
f 1502/430/52 1454/429/52 1453/431/51
f 1502/430/52 1453/431/51 1501/432/51
f 1501/432/51 1453/431/51 1452/433/50
f 1501/432/51 1452/433/50 1500/434/50
f 1500/434/50 1452/433/50 1451/435/49
f 1500/434/50 1451/435/49 1499/436/49
f 1499/436/49 1451/435/49 1450/437/48
f 1499/436/49 1450/437/48 1498/438/48
f 1498/438/48 1450/437/48 1449/439/47
f 1498/438/48 1449/439/47 1497/440/47
f 1497/440/47 1449/439/47 1448/441/46
f 1497/440/47 1448/441/46 1496/442/46
f 1496/442/46 1448/441/46 1447/443/45
f 1496/442/46 1447/443/45 1495/444/45
f 1495/444/45 1447/443/45 1446/445/44
f 1495/444/45 1446/445/44 1494/446/44
f 1494/446/44 1446/445/44 1445/447/43
f 1494/446/44 1445/447/43 1493/448/43
f 1493/448/43 1445/447/43 1444/449/42
f 1493/448/43 1444/449/42 1492/450/42
f 1492/450/42 1444/449/42 1443/451/41
f 1492/450/42 1443/451/41 1491/452/41
f 1491/452/41 1443/451/41 1490/195/40
f 1490/195/40 1443/451/41 1442/196/40
f 1461/143/39 1460/144/39 1509/145/39
f 1509/145/39 1460/144/39 1508/146/39
f 1489/453/29 1441/454/29 1536/455/28
f 1536/455/28 1441/454/29 1488/456/28
f 1536/455/28 1488/456/28 1487/457/27
f 1536/455/28 1487/457/27 1535/458/27
f 1535/458/27 1487/457/27 1486/459/26
f 1535/458/27 1486/459/26 1534/460/26
f 1534/460/26 1486/459/26 1485/461/25
f 1534/460/26 1485/461/25 1533/462/25
f 1533/462/25 1485/461/25 1484/463/24
f 1533/462/25 1484/463/24 1532/464/24
f 1532/464/24 1484/463/24 1483/465/23
f 1532/464/24 1483/465/23 1531/466/23
f 1531/466/23 1483/465/23 1482/467/22
f 1531/466/23 1482/467/22 1530/468/22
f 1530/468/22 1482/467/22 1481/469/21
f 1530/468/22 1481/469/21 1529/470/21
f 1529/470/21 1481/469/21 1480/471/20
f 1529/470/21 1480/471/20 1528/472/20
f 1528/472/20 1480/471/20 1479/473/19
f 1528/472/20 1479/473/19 1527/474/19
f 1527/474/19 1479/473/19 1478/475/18
f 1527/474/19 1478/475/18 1526/476/18
f 1526/476/18 1478/475/18 1477/477/17
f 1526/476/18 1477/477/17 1525/478/17
f 1525/478/17 1477/477/17 1476/479/16
f 1525/478/17 1476/479/16 1524/480/16
f 1524/480/16 1476/479/16 1475/481/15
f 1524/480/16 1475/481/15 1523/482/15
f 1523/482/15 1475/481/15 1474/483/14
f 1523/482/15 1474/483/14 1522/484/14
f 1522/484/14 1474/483/14 1473/485/13
f 1522/484/14 1473/485/13 1521/486/13
f 1521/486/13 1473/485/13 1472/487/12
f 1521/486/13 1472/487/12 1520/488/12
f 1520/488/12 1472/487/12 1471/489/11
f 1520/488/12 1471/489/11 1519/490/11
f 1519/490/11 1471/489/11 1470/491/10
f 1519/490/11 1470/491/10 1518/492/10
f 1518/492/10 1470/491/10 1469/493/9
f 1518/492/10 1469/493/9 1517/494/9
f 1517/494/9 1469/493/9 1468/495/8
f 1517/494/9 1468/495/8 1516/496/8
f 1516/496/8 1468/495/8 1467/497/7
f 1516/496/8 1467/497/7 1515/498/7
f 1515/498/7 1467/497/7 1466/499/6
f 1515/498/7 1466/499/6 1514/500/6
f 1514/500/6 1466/499/6 1465/501/5
f 1514/500/6 1465/501/5 1513/502/5
f 1513/502/5 1465/501/5 1464/503/4
f 1513/502/5 1464/503/4 1512/504/4
f 1512/504/4 1464/503/4 1463/505/3
f 1512/504/4 1463/505/3 1511/506/3
f 1511/506/3 1463/505/3 1462/507/2
f 1511/506/3 1462/507/2 1510/508/2
f 1510/508/2 1462/507/2 1509/509/1
f 1509/509/1 1462/507/2 1461/510/1
f 1489/59/30 1536/60/30 1490/61/30
f 1490/61/30 1536/60/30 1491/62/30
f 1491/62/30 1536/60/30 1535/63/30
f 1491/62/30 1535/63/30 1534/64/30
f 1533/65/30 1558/66/30 1534/64/30
f 1534/64/30 1558/66/30 1492/67/30
f 1534/64/30 1492/67/30 1491/62/30
f 1533/65/30 1532/68/30 1558/66/30
f 1558/66/30 1532/68/30 1557/69/30
f 1557/69/30 1532/68/30 1531/70/30
f 1557/69/30 1531/70/30 1530/71/30
f 1557/69/30 1530/71/30 1556/72/30
f 1556/72/30 1530/71/30 1529/73/30
f 1556/72/30 1529/73/30 1555/74/30
f 1555/74/30 1529/73/30 1528/75/30
f 1555/74/30 1528/75/30 1554/76/30
f 1554/76/30 1528/75/30 1527/77/30
f 1554/76/30 1527/77/30 1553/78/30
f 1553/78/30 1527/77/30 1526/79/30
f 1553/78/30 1526/79/30 1525/80/30
f 1553/78/30 1525/80/30 1552/81/32
f 1552/81/32 1525/80/30 1524/82/30
f 1552/81/32 1524/82/30 1551/83/30
f 1551/83/30 1524/82/30 1523/84/30
f 1551/83/30 1523/84/30 1550/85/30
f 1550/85/30 1523/84/30 1522/86/30
f 1550/85/30 1522/86/30 1549/87/31
f 1549/87/31 1522/86/30 1521/88/30
f 1549/87/31 1521/88/30 1548/89/30
f 1548/89/30 1521/88/30 1520/90/30
f 1548/89/30 1520/90/30 1519/91/30
f 1548/89/30 1519/91/30 1547/92/32
f 1547/92/32 1519/91/30 1518/93/30
f 1547/92/32 1518/93/30 1546/94/32
f 1546/94/32 1518/93/30 1517/95/30
f 1546/94/32 1517/95/30 1545/96/30
f 1545/96/30 1517/95/30 1516/97/30
f 1545/96/30 1516/97/30 1544/98/32
f 1544/98/32 1516/97/30 1515/99/30
f 1544/98/32 1515/99/30 1514/100/30
f 1544/98/32 1514/100/30 1543/101/32
f 1543/101/32 1514/100/30 1513/102/30
f 1543/101/32 1513/102/30 1512/103/30
f 1511/104/30 1507/105/30 1512/103/30
f 1512/103/30 1507/105/30 1506/106/30
f 1512/103/30 1506/106/30 1543/101/32
f 1543/101/32 1506/106/30 1542/107/32
f 1542/107/32 1506/106/30 1505/108/30
f 1542/107/32 1505/108/30 1541/109/30
f 1541/109/30 1505/108/30 1504/110/30
f 1541/109/30 1504/110/30 1540/111/30
f 1540/111/30 1504/110/30 1503/112/30
f 1540/111/30 1503/112/30 1539/113/30
f 1539/113/30 1503/112/30 1538/114/30
f 1538/114/30 1503/112/30 1502/115/30
f 1538/114/30 1502/115/30 1537/116/30
f 1537/116/30 1502/115/30 1501/117/30
f 1537/116/30 1501/117/30 1572/118/30
f 1572/118/30 1501/117/30 1571/119/30
f 1571/119/30 1501/117/30 1500/120/30
f 1571/119/30 1500/120/30 1570/121/30
f 1570/121/30 1500/120/30 1569/122/30
f 1569/122/30 1500/120/30 1499/123/30
f 1569/122/30 1499/123/30 1568/124/30
f 1568/124/30 1499/123/30 1498/125/30
f 1568/124/30 1498/125/30 1567/126/30
f 1567/126/30 1498/125/30 1566/127/30
f 1566/127/30 1498/125/30 1497/128/30
f 1566/127/30 1497/128/30 1565/129/31
f 1565/129/31 1497/128/30 1564/130/30
f 1564/130/30 1497/128/30 1496/131/30
f 1564/130/30 1496/131/30 1563/132/30
f 1563/132/30 1496/131/30 1495/133/30
f 1563/132/30 1495/133/30 1562/134/30
f 1562/134/30 1495/133/30 1561/135/30
f 1561/135/30 1495/133/30 1494/136/30
f 1561/135/30 1494/136/30 1560/137/30
f 1560/137/30 1494/136/30 1493/138/30
f 1560/137/30 1493/138/30 1559/139/30
f 1559/139/30 1493/138/30 1492/67/30
f 1559/139/30 1492/67/30 1558/66/30
f 1511/104/30 1510/140/30 1507/105/30
f 1507/105/30 1510/140/30 1508/141/30
f 1508/141/30 1510/140/30 1509/142/30
f 1572/1251/59 1611/1252/59 1537/1253/39
f 1537/1253/39 1611/1252/59 1614/1254/39
f 1537/1253/39 1614/1254/39 1538/1255/60
f 1538/1255/60 1614/1254/39 1679/1256/60
f 1538/1255/60 1679/1256/60 1539/1257/61
f 1539/1257/61 1679/1256/60 1677/1258/61
f 1539/1257/61 1677/1258/61 1540/1259/62
f 1540/1259/62 1677/1258/61 1675/1260/62
f 1540/1259/62 1675/1260/62 1541/1261/63
f 1541/1261/63 1675/1260/62 1673/1262/63
f 1541/1261/63 1673/1262/63 1542/1263/64
f 1542/1263/64 1673/1262/63 1671/1264/64
f 1542/1263/64 1671/1264/64 1543/1265/65
f 1543/1265/65 1671/1264/64 1669/1266/65
f 1543/1265/65 1669/1266/65 1544/1267/66
f 1544/1267/66 1669/1266/65 1667/1268/66
f 1544/1267/66 1667/1268/66 1545/1269/68
f 1545/1269/68 1667/1268/66 1665/1270/68
f 1545/1269/68 1665/1270/68 1546/1271/69
f 1546/1271/69 1665/1270/68 1663/1272/69
f 1546/1271/69 1663/1272/69 1547/1273/70
f 1547/1273/70 1663/1272/69 1661/1274/70
f 1547/1273/70 1661/1274/70 1548/1275/71
f 1548/1275/71 1661/1274/70 1659/1276/71
f 1548/1275/71 1659/1276/71 1549/1277/72
f 1549/1277/72 1659/1276/71 1657/1278/72
f 1549/1277/72 1657/1278/72 1550/1279/73
f 1550/1279/73 1657/1278/72 1655/1280/73
f 1550/1279/73 1655/1280/73 1551/1281/74
f 1551/1281/74 1655/1280/73 1653/1282/74
f 1551/1281/74 1653/1282/74 1552/1283/75
f 1552/1283/75 1653/1282/74 1651/1284/75
f 1552/1283/75 1651/1284/75 1553/1285/76
f 1553/1285/76 1651/1284/75 1649/1286/76
f 1553/1285/76 1649/1286/76 1554/1287/77
f 1554/1287/77 1649/1286/76 1647/1288/77
f 1554/1287/77 1647/1288/77 1555/1289/78
f 1555/1289/78 1647/1288/77 1609/1290/78
f 1555/1291/78 1609/1292/78 1556/1293/79
f 1556/1293/79 1609/1292/78 1645/1294/79
f 1556/1293/79 1645/1294/79 1557/1295/80
f 1557/1295/80 1645/1294/79 1643/1296/80
f 1557/1295/80 1643/1296/80 1558/1297/81
f 1558/1297/81 1643/1296/80 1641/1298/81
f 1558/1297/81 1641/1298/81 1559/1299/82
f 1559/1299/82 1641/1298/81 1639/1300/82
f 1559/1299/82 1639/1300/82 1560/1301/83
f 1560/1301/83 1639/1300/82 1637/1302/83
f 1560/1301/83 1637/1302/83 1561/1303/84
f 1561/1303/84 1637/1302/83 1635/1304/84
f 1561/1303/84 1635/1304/84 1562/1305/85
f 1562/1305/85 1635/1304/84 1633/1306/85
f 1562/1305/85 1633/1306/85 1563/1307/86
f 1563/1307/86 1633/1306/85 1631/1308/86
f 1563/1307/86 1631/1308/86 1564/1309/35
f 1564/1309/35 1631/1308/86 1629/1310/35
f 1564/1309/35 1629/1310/35 1565/1311/87
f 1565/1311/87 1629/1310/35 1627/1312/87
f 1565/1311/87 1627/1312/87 1566/1313/88
f 1566/1313/88 1627/1312/87 1625/1314/88
f 1566/1313/88 1625/1314/88 1567/1315/89
f 1567/1315/89 1625/1314/88 1623/1316/89
f 1567/1315/89 1623/1316/89 1568/1317/90
f 1568/1317/90 1623/1316/89 1621/1318/90
f 1568/1317/90 1621/1318/90 1569/1319/91
f 1569/1319/91 1621/1318/90 1619/1320/91
f 1569/1319/91 1619/1320/91 1570/1321/92
f 1570/1321/92 1619/1320/91 1617/1322/92
f 1570/1321/92 1617/1322/92 1571/1323/93
f 1571/1323/93 1617/1322/92 1615/1324/93
f 1571/1323/93 1615/1324/93 1572/1251/59
f 1572/1251/59 1615/1324/93 1611/1252/59
f 1574/1325/60 1680/1326/60 1573/1327/39
f 1573/1327/39 1680/1326/60 1613/1328/39
f 1573/1327/39 1613/1328/39 1608/1329/59
f 1608/1329/59 1613/1328/39 1612/1330/59
f 1608/1329/59 1612/1330/59 1607/1331/93
f 1607/1331/93 1612/1330/59 1616/1332/93
f 1607/1331/93 1616/1332/93 1606/1333/92
f 1606/1333/92 1616/1332/93 1618/1334/92
f 1606/1333/92 1618/1334/92 1605/1335/91
f 1605/1335/91 1618/1334/92 1620/1336/91
f 1605/1335/91 1620/1336/91 1604/1337/90
f 1604/1337/90 1620/1336/91 1622/1338/90
f 1604/1337/90 1622/1338/90 1603/1339/89
f 1603/1339/89 1622/1338/90 1624/1340/89
f 1603/1339/89 1624/1340/89 1602/1341/88
f 1602/1341/88 1624/1340/89 1626/1342/88
f 1602/1341/88 1626/1342/88 1601/1343/87
f 1601/1343/87 1626/1342/88 1628/1344/87
f 1601/1343/87 1628/1344/87 1600/1345/35
f 1600/1345/35 1628/1344/87 1630/1346/35
f 1600/1345/35 1630/1346/35 1599/1347/86
f 1599/1347/86 1630/1346/35 1632/1348/86
f 1599/1347/86 1632/1348/86 1598/1349/85
f 1598/1349/85 1632/1348/86 1634/1350/85
f 1598/1349/85 1634/1350/85 1597/1351/84
f 1597/1351/84 1634/1350/85 1636/1352/84
f 1597/1351/84 1636/1352/84 1596/1353/83
f 1596/1353/83 1636/1352/84 1638/1354/83
f 1596/1353/83 1638/1354/83 1595/1355/82
f 1595/1355/82 1638/1354/83 1640/1356/82
f 1595/1355/82 1640/1356/82 1594/1357/81
f 1594/1357/81 1640/1356/82 1642/1358/81
f 1594/1357/81 1642/1358/81 1593/1359/80
f 1593/1359/80 1642/1358/81 1644/1360/80
f 1593/1359/80 1644/1360/80 1592/1361/79
f 1592/1361/79 1644/1360/80 1646/1362/79
f 1592/1361/79 1646/1362/79 1591/1363/78
f 1591/1363/78 1646/1362/79 1610/1364/78
f 1591/1365/78 1610/1366/78 1590/1367/77
f 1590/1367/77 1610/1366/78 1648/1368/77
f 1590/1367/77 1648/1368/77 1589/1369/76
f 1589/1369/76 1648/1368/77 1650/1370/76
f 1589/1369/76 1650/1370/76 1588/1371/75
f 1588/1371/75 1650/1370/76 1652/1372/75
f 1588/1371/75 1652/1372/75 1587/1373/74
f 1587/1373/74 1652/1372/75 1654/1374/74
f 1587/1373/74 1654/1374/74 1586/1375/73
f 1586/1375/73 1654/1374/74 1656/1376/73
f 1586/1375/73 1656/1376/73 1585/1377/72
f 1585/1377/72 1656/1376/73 1658/1378/72
f 1585/1377/72 1658/1378/72 1584/1379/71
f 1584/1379/71 1658/1378/72 1660/1380/71
f 1584/1379/71 1660/1380/71 1583/1381/70
f 1583/1381/70 1660/1380/71 1662/1382/70
f 1583/1381/70 1662/1382/70 1582/1383/69
f 1582/1383/69 1662/1382/70 1664/1384/69
f 1582/1383/69 1664/1384/69 1581/1385/68
f 1581/1385/68 1664/1384/69 1666/1386/68
f 1581/1385/68 1666/1386/68 1580/1387/66
f 1580/1387/66 1666/1386/68 1668/1388/66
f 1580/1387/66 1668/1388/66 1579/1389/65
f 1579/1389/65 1668/1388/66 1670/1390/65
f 1579/1389/65 1670/1390/65 1578/1391/64
f 1578/1391/64 1670/1390/65 1672/1392/64
f 1578/1391/64 1672/1392/64 1577/1393/63
f 1577/1393/63 1672/1392/64 1674/1394/63
f 1577/1393/63 1674/1394/63 1576/1395/62
f 1576/1395/62 1674/1394/63 1676/1396/62
f 1576/1395/62 1676/1396/62 1575/1397/61
f 1575/1397/61 1676/1396/62 1678/1398/61
f 1575/1397/61 1678/1398/61 1574/1325/60
f 1574/1325/60 1678/1398/61 1680/1326/60
f 1609/1292/78 1610/1364/78 1645/1294/79
f 1645/1294/79 1610/1364/78 1646/1362/79
f 1645/1294/79 1646/1362/79 1643/1296/80
f 1643/1296/80 1646/1362/79 1644/1360/80
f 1643/1296/80 1644/1360/80 1641/1298/81
f 1641/1298/81 1644/1360/80 1642/1358/81
f 1641/1298/81 1642/1358/81 1639/1300/82
f 1639/1300/82 1642/1358/81 1640/1356/82
f 1639/1300/82 1640/1356/82 1637/1302/83
f 1637/1302/83 1640/1356/82 1638/1354/83
f 1637/1302/83 1638/1354/83 1635/1304/84
f 1635/1304/84 1638/1354/83 1636/1352/84
f 1635/1304/84 1636/1352/84 1633/1306/85
f 1633/1306/85 1636/1352/84 1634/1350/85
f 1633/1306/85 1634/1350/85 1631/1308/86
f 1631/1308/86 1634/1350/85 1632/1348/86
f 1631/1308/86 1632/1348/86 1629/1310/35
f 1629/1310/35 1632/1348/86 1630/1346/35
f 1629/1310/35 1630/1346/35 1627/1312/87
f 1627/1312/87 1630/1346/35 1628/1344/87
f 1627/1312/87 1628/1344/87 1625/1314/88
f 1625/1314/88 1628/1344/87 1626/1342/88
f 1625/1314/88 1626/1342/88 1623/1316/89
f 1623/1316/89 1626/1342/88 1624/1340/89
f 1623/1316/89 1624/1340/89 1621/1318/90
f 1621/1318/90 1624/1340/89 1622/1338/90
f 1621/1318/90 1622/1338/90 1619/1320/91
f 1619/1320/91 1622/1338/90 1620/1336/91
f 1619/1320/91 1620/1336/91 1617/1322/92
f 1617/1322/92 1620/1336/91 1618/1334/92
f 1617/1322/92 1618/1334/92 1615/1324/93
f 1615/1324/93 1618/1334/92 1616/1332/93
f 1615/1324/93 1616/1332/93 1611/1252/59
f 1611/1252/59 1616/1332/93 1612/1330/59
f 1611/1252/59 1612/1330/59 1614/1254/39
f 1614/1254/39 1612/1330/59 1613/1328/39
f 1614/1254/39 1613/1328/39 1679/1256/60
f 1679/1256/60 1613/1328/39 1680/1326/60
f 1679/1256/60 1680/1326/60 1677/1258/61
f 1677/1258/61 1680/1326/60 1678/1398/61
f 1677/1258/61 1678/1398/61 1675/1260/62
f 1675/1260/62 1678/1398/61 1676/1396/62
f 1675/1260/62 1676/1396/62 1673/1262/63
f 1673/1262/63 1676/1396/62 1674/1394/63
f 1673/1262/63 1674/1394/63 1671/1264/64
f 1671/1264/64 1674/1394/63 1672/1392/64
f 1671/1264/64 1672/1392/64 1669/1266/65
f 1669/1266/65 1672/1392/64 1670/1390/65
f 1669/1266/65 1670/1390/65 1667/1268/66
f 1667/1268/66 1670/1390/65 1668/1388/66
f 1667/1268/66 1668/1388/66 1665/1270/68
f 1665/1270/68 1668/1388/66 1666/1386/68
f 1665/1270/68 1666/1386/68 1663/1272/69
f 1663/1272/69 1666/1386/68 1664/1384/69
f 1663/1272/69 1664/1384/69 1661/1274/70
f 1661/1274/70 1664/1384/69 1662/1382/70
f 1661/1274/70 1662/1382/70 1659/1276/71
f 1659/1276/71 1662/1382/70 1660/1380/71
f 1659/1276/71 1660/1380/71 1657/1278/72
f 1657/1278/72 1660/1380/71 1658/1378/72
f 1657/1278/72 1658/1378/72 1655/1280/73
f 1655/1280/73 1658/1378/72 1656/1376/73
f 1655/1280/73 1656/1376/73 1653/1282/74
f 1653/1282/74 1656/1376/73 1654/1374/74
f 1653/1282/74 1654/1374/74 1651/1284/75
f 1651/1284/75 1654/1374/74 1652/1372/75
f 1651/1284/75 1652/1372/75 1649/1286/76
f 1649/1286/76 1652/1372/75 1650/1370/76
f 1649/1286/76 1650/1370/76 1647/1288/77
f 1647/1288/77 1650/1370/76 1648/1368/77
f 1647/1288/77 1648/1368/77 1609/1290/78
f 1609/1290/78 1648/1368/77 1610/1366/78
f 1681/147/36 1682/148/36 1728/149/36
f 1728/149/36 1682/148/36 1683/150/36
f 1728/149/36 1683/150/36 1727/151/36
f 1727/151/36 1683/150/36 1726/152/36
f 1726/152/36 1683/150/36 1684/153/36
f 1726/152/36 1684/153/36 1594/381/36
f 1594/381/36 1684/153/36 1595/382/36
f 1595/382/36 1684/153/36 1685/155/36
f 1595/382/36 1685/155/36 1596/383/36
f 1596/383/36 1685/155/36 1686/158/36
f 1596/383/36 1686/158/36 1597/384/36
f 1597/384/36 1686/158/36 1687/160/38
f 1597/384/36 1687/160/38 1598/385/37
f 1598/385/37 1687/160/38 1599/386/95
f 1599/386/95 1687/160/38 1688/163/36
f 1599/386/95 1688/163/36 1600/387/37
f 1600/387/37 1688/163/36 1689/165/36
f 1600/387/37 1689/165/36 1601/388/37
f 1601/388/37 1689/165/36 1602/389/37
f 1602/389/37 1689/165/36 1690/168/36
f 1602/389/37 1690/168/36 1603/390/36
f 1603/390/36 1690/168/36 1604/391/36
f 1604/391/36 1690/168/36 1691/170/36
f 1604/391/36 1691/170/36 1605/392/36
f 1605/392/36 1691/170/36 1692/173/36
f 1605/392/36 1692/173/36 1606/393/36
f 1606/393/36 1692/173/36 1607/394/36
f 1607/394/36 1692/173/36 1693/175/36
f 1607/394/36 1693/175/36 1608/395/36
f 1608/395/36 1693/175/36 1573/396/36
f 1573/396/36 1693/175/36 1694/178/36
f 1573/396/36 1694/178/36 1574/397/36
f 1574/397/36 1694/178/36 1695/180/36
f 1574/397/36 1695/180/36 1575/398/38
f 1575/398/38 1695/180/36 1576/399/37
f 1576/399/37 1695/180/36 1696/183/36
f 1576/399/37 1696/183/36 1577/400/36
f 1577/400/36 1696/183/36 1697/185/36
f 1577/400/36 1697/185/36 1578/401/36
f 1578/401/36 1697/185/36 1698/188/36
f 1578/401/36 1698/188/36 1579/402/36
f 1579/402/36 1698/188/36 1704/189/36
f 1579/402/36 1704/189/36 1705/187/36
f 1698/188/36 1699/190/36 1704/189/36
f 1704/189/36 1699/190/36 1703/191/36
f 1703/191/36 1699/190/36 1702/192/36
f 1702/192/36 1699/190/36 1700/193/36
f 1702/192/36 1700/193/36 1701/194/36
f 1705/187/36 1706/186/36 1579/402/36
f 1579/402/36 1706/186/36 1580/403/37
f 1580/403/37 1706/186/36 1707/184/36
f 1580/403/37 1707/184/36 1708/182/36
f 1580/403/37 1708/182/36 1581/404/37
f 1581/404/37 1708/182/36 1709/181/36
f 1581/404/37 1709/181/36 1582/405/36
f 1582/405/36 1709/181/36 1710/179/36
f 1582/405/36 1710/179/36 1583/406/36
f 1583/406/36 1710/179/36 1711/177/36
f 1583/406/36 1711/177/36 1584/407/36
f 1584/407/36 1711/177/36 1712/176/36
f 1584/407/36 1712/176/36 1713/174/36
f 1584/407/36 1713/174/36 1585/408/37
f 1585/408/37 1713/174/36 1714/172/36
f 1585/408/37 1714/172/36 1586/409/36
f 1586/409/36 1714/172/36 1715/171/36
f 1586/409/36 1715/171/36 1587/410/36
f 1587/410/36 1715/171/36 1716/169/36
f 1587/410/36 1716/169/36 1588/411/36
f 1588/411/36 1716/169/36 1717/167/36
f 1588/411/36 1717/167/36 1589/412/36
f 1589/412/36 1717/167/36 1718/166/36
f 1589/412/36 1718/166/36 1719/164/36
f 1589/412/36 1719/164/36 1590/413/36
f 1590/413/36 1719/164/36 1720/162/36
f 1590/413/36 1720/162/36 1591/414/36
f 1591/414/36 1720/162/36 1721/161/36
f 1591/414/36 1721/161/36 1592/415/36
f 1592/415/36 1721/161/36 1722/159/36
f 1592/415/36 1722/159/36 1593/416/36
f 1593/416/36 1722/159/36 1723/157/36
f 1593/416/36 1723/157/36 1724/156/36
f 1593/416/36 1724/156/36 1594/381/36
f 1594/381/36 1724/156/36 1725/154/36
f 1594/381/36 1725/154/36 1726/152/36
f 1682/143/35 1681/144/35 1730/145/35
f 1730/145/35 1681/144/35 1729/146/35
f 1748/417/58 1700/418/58 1747/419/57
f 1747/419/57 1700/418/58 1699/420/57
f 1747/419/57 1699/420/57 1698/421/56
f 1747/419/57 1698/421/56 1746/422/56
f 1746/422/56 1698/421/56 1697/423/55
f 1746/422/56 1697/423/55 1745/424/55
f 1745/424/55 1697/423/55 1696/425/54
f 1745/424/55 1696/425/54 1744/426/54
f 1744/426/54 1696/425/54 1695/427/53
f 1744/426/54 1695/427/53 1743/428/53
f 1743/428/53 1695/427/53 1694/429/52
f 1743/428/53 1694/429/52 1742/430/52
f 1742/430/52 1694/429/52 1693/431/51
f 1742/430/52 1693/431/51 1741/432/51
f 1741/432/51 1693/431/51 1692/433/50
f 1741/432/51 1692/433/50 1740/434/50
f 1740/434/50 1692/433/50 1691/435/49
f 1740/434/50 1691/435/49 1739/436/49
f 1739/436/49 1691/435/49 1690/437/48
f 1739/436/49 1690/437/48 1738/438/48
f 1738/438/48 1690/437/48 1689/439/47
f 1738/438/48 1689/439/47 1737/440/47
f 1737/440/47 1689/439/47 1688/441/46
f 1737/440/47 1688/441/46 1736/442/46
f 1736/442/46 1688/441/46 1687/443/45
f 1736/442/46 1687/443/45 1735/444/45
f 1735/444/45 1687/443/45 1686/445/44
f 1735/444/45 1686/445/44 1734/446/44
f 1734/446/44 1686/445/44 1685/447/43
f 1734/446/44 1685/447/43 1733/448/43
f 1733/448/43 1685/447/43 1684/449/42
f 1733/448/43 1684/449/42 1732/450/42
f 1732/450/42 1684/449/42 1683/451/41
f 1732/450/42 1683/451/41 1731/452/41
f 1731/452/41 1683/451/41 1730/195/40
f 1730/195/40 1683/451/41 1682/196/40
f 1701/143/39 1700/144/39 1749/145/39
f 1749/145/39 1700/144/39 1748/146/39
f 1729/453/29 1681/454/29 1776/455/28
f 1776/455/28 1681/454/29 1728/456/28
f 1776/455/28 1728/456/28 1727/457/27
f 1776/455/28 1727/457/27 1775/458/27
f 1775/458/27 1727/457/27 1726/459/26
f 1775/458/27 1726/459/26 1774/460/26
f 1774/460/26 1726/459/26 1725/461/25
f 1774/460/26 1725/461/25 1773/462/25
f 1773/462/25 1725/461/25 1724/463/24
f 1773/462/25 1724/463/24 1772/464/24
f 1772/464/24 1724/463/24 1723/465/23
f 1772/464/24 1723/465/23 1771/466/23
f 1771/466/23 1723/465/23 1722/467/22
f 1771/466/23 1722/467/22 1770/468/22
f 1770/468/22 1722/467/22 1721/469/21
f 1770/468/22 1721/469/21 1769/470/21
f 1769/470/21 1721/469/21 1720/471/20
f 1769/470/21 1720/471/20 1768/472/20
f 1768/472/20 1720/471/20 1719/473/19
f 1768/472/20 1719/473/19 1767/474/19
f 1767/474/19 1719/473/19 1718/475/18
f 1767/474/19 1718/475/18 1766/476/18
f 1766/476/18 1718/475/18 1717/477/17
f 1766/476/18 1717/477/17 1765/478/17
f 1765/478/17 1717/477/17 1716/479/16
f 1765/478/17 1716/479/16 1764/480/16
f 1764/480/16 1716/479/16 1715/481/15
f 1764/480/16 1715/481/15 1763/482/15
f 1763/482/15 1715/481/15 1714/483/14
f 1763/482/15 1714/483/14 1762/484/14
f 1762/484/14 1714/483/14 1713/485/13
f 1762/484/14 1713/485/13 1761/486/13
f 1761/486/13 1713/485/13 1712/487/12
f 1761/486/13 1712/487/12 1760/488/12
f 1760/488/12 1712/487/12 1711/489/11
f 1760/488/12 1711/489/11 1759/490/11
f 1759/490/11 1711/489/11 1710/491/10
f 1759/490/11 1710/491/10 1758/492/10
f 1758/492/10 1710/491/10 1709/493/9
f 1758/492/10 1709/493/9 1757/494/9
f 1757/494/9 1709/493/9 1708/495/8
f 1757/494/9 1708/495/8 1756/496/8
f 1756/496/8 1708/495/8 1707/497/7
f 1756/496/8 1707/497/7 1755/498/7
f 1755/498/7 1707/497/7 1706/499/6
f 1755/498/7 1706/499/6 1754/500/6
f 1754/500/6 1706/499/6 1705/501/5
f 1754/500/6 1705/501/5 1753/502/5
f 1753/502/5 1705/501/5 1704/503/4
f 1753/502/5 1704/503/4 1752/504/4
f 1752/504/4 1704/503/4 1703/505/3
f 1752/504/4 1703/505/3 1751/506/3
f 1751/506/3 1703/505/3 1702/507/2
f 1751/506/3 1702/507/2 1750/508/2
f 1750/508/2 1702/507/2 1749/509/1
f 1749/509/1 1702/507/2 1701/510/1
f 1729/59/30 1776/60/30 1730/61/30
f 1730/61/30 1776/60/30 1731/62/30
f 1731/62/30 1776/60/30 1775/63/30
f 1731/62/30 1775/63/30 1774/64/30
f 1773/65/30 1798/66/30 1774/64/30
f 1774/64/30 1798/66/30 1732/67/30
f 1774/64/30 1732/67/30 1731/62/30
f 1773/65/30 1772/68/30 1798/66/30
f 1798/66/30 1772/68/30 1797/69/30
f 1797/69/30 1772/68/30 1771/70/30
f 1797/69/30 1771/70/30 1770/71/30
f 1797/69/30 1770/71/30 1796/72/30
f 1796/72/30 1770/71/30 1769/73/30
f 1796/72/30 1769/73/30 1795/74/30
f 1795/74/30 1769/73/30 1768/75/30
f 1795/74/30 1768/75/30 1794/76/30
f 1794/76/30 1768/75/30 1767/77/30
f 1794/76/30 1767/77/30 1793/78/30
f 1793/78/30 1767/77/30 1766/79/30
f 1793/78/30 1766/79/30 1765/80/30
f 1793/78/30 1765/80/30 1792/81/30
f 1792/81/30 1765/80/30 1764/82/30
f 1792/81/30 1764/82/30 1791/83/30
f 1791/83/30 1764/82/30 1763/84/30
f 1791/83/30 1763/84/30 1790/85/30
f 1790/85/30 1763/84/30 1762/86/30
f 1790/85/30 1762/86/30 1789/87/30
f 1789/87/30 1762/86/30 1761/88/30
f 1789/87/30 1761/88/30 1788/89/30
f 1788/89/30 1761/88/30 1760/90/30
f 1788/89/30 1760/90/30 1759/91/30
f 1788/89/30 1759/91/30 1787/92/30
f 1787/92/30 1759/91/30 1758/93/30
f 1787/92/30 1758/93/30 1786/94/30
f 1786/94/30 1758/93/30 1757/95/30
f 1786/94/30 1757/95/30 1785/96/32
f 1785/96/32 1757/95/30 1756/97/30
f 1785/96/32 1756/97/30 1784/98/34
f 1784/98/34 1756/97/30 1755/99/30
f 1784/98/34 1755/99/30 1754/100/30
f 1784/98/34 1754/100/30 1783/101/32
f 1783/101/32 1754/100/30 1753/102/30
f 1783/101/32 1753/102/30 1752/103/30
f 1751/104/30 1747/105/30 1752/103/30
f 1752/103/30 1747/105/30 1746/106/30
f 1752/103/30 1746/106/30 1783/101/32
f 1783/101/32 1746/106/30 1782/107/30
f 1782/107/30 1746/106/30 1745/108/30
f 1782/107/30 1745/108/30 1781/109/30
f 1781/109/30 1745/108/30 1744/110/30
f 1781/109/30 1744/110/30 1780/111/30
f 1780/111/30 1744/110/30 1743/112/30
f 1780/111/30 1743/112/30 1779/113/30
f 1779/113/30 1743/112/30 1778/114/30
f 1778/114/30 1743/112/30 1742/115/30
f 1778/114/30 1742/115/30 1777/116/30
f 1777/116/30 1742/115/30 1741/117/30
f 1777/116/30 1741/117/30 1812/118/30
f 1812/118/30 1741/117/30 1811/119/30
f 1811/119/30 1741/117/30 1740/120/30
f 1811/119/30 1740/120/30 1810/121/30
f 1810/121/30 1740/120/30 1809/122/30
f 1809/122/30 1740/120/30 1739/123/30
f 1809/122/30 1739/123/30 1808/124/30
f 1808/124/30 1739/123/30 1738/125/30
f 1808/124/30 1738/125/30 1807/126/30
f 1807/126/30 1738/125/30 1806/127/30
f 1806/127/30 1738/125/30 1737/128/30
f 1806/127/30 1737/128/30 1805/129/30
f 1805/129/30 1737/128/30 1804/130/30
f 1804/130/30 1737/128/30 1736/131/30
f 1804/130/30 1736/131/30 1803/132/30
f 1803/132/30 1736/131/30 1735/133/30
f 1803/132/30 1735/133/30 1802/134/30
f 1802/134/30 1735/133/30 1801/135/30
f 1801/135/30 1735/133/30 1734/136/30
f 1801/135/30 1734/136/30 1800/137/100
f 1800/137/100 1734/136/30 1733/138/30
f 1800/137/100 1733/138/30 1799/139/30
f 1799/139/30 1733/138/30 1732/67/30
f 1799/139/30 1732/67/30 1798/66/30
f 1751/104/30 1750/140/30 1747/105/30
f 1747/105/30 1750/140/30 1748/141/30
f 1748/141/30 1750/140/30 1749/142/30
f 1814/1399/60 1851/1400/60 1813/1401/39
f 1813/1401/39 1851/1400/60 1854/1402/39
f 1813/1401/39 1854/1402/39 1848/1403/59
f 1848/1403/59 1854/1402/39 1919/1404/59
f 1848/1403/59 1919/1404/59 1847/1405/93
f 1847/1405/93 1919/1404/59 1917/1406/93
f 1847/1405/93 1917/1406/93 1846/1407/92
f 1846/1407/92 1917/1406/93 1915/1408/92
f 1846/1407/92 1915/1408/92 1845/1409/91
f 1845/1409/91 1915/1408/92 1913/1410/91
f 1845/1409/91 1913/1410/91 1844/1411/90
f 1844/1411/90 1913/1410/91 1911/1412/90
f 1844/1411/90 1911/1412/90 1843/1413/89
f 1843/1413/89 1911/1412/90 1909/1414/89
f 1843/1413/89 1909/1414/89 1842/1415/88
f 1842/1415/88 1909/1414/89 1907/1416/88
f 1842/1415/88 1907/1416/88 1841/1417/87
f 1841/1417/87 1907/1416/88 1905/1418/87
f 1841/1417/87 1905/1418/87 1840/1419/35
f 1840/1419/35 1905/1418/87 1903/1420/35
f 1840/1419/35 1903/1420/35 1839/1421/86
f 1839/1421/86 1903/1420/35 1901/1422/86
f 1839/1421/86 1901/1422/86 1838/1423/85
f 1838/1423/85 1901/1422/86 1899/1424/85
f 1838/1423/85 1899/1424/85 1837/1425/84
f 1837/1425/84 1899/1424/85 1897/1426/84
f 1837/1425/84 1897/1426/84 1836/1427/83
f 1836/1427/83 1897/1426/84 1895/1428/83
f 1836/1427/83 1895/1428/83 1835/1429/82
f 1835/1429/82 1895/1428/83 1893/1430/82
f 1835/1429/82 1893/1430/82 1834/1431/81
f 1834/1431/81 1893/1430/82 1891/1432/81
f 1834/1431/81 1891/1432/81 1833/1433/80
f 1833/1433/80 1891/1432/81 1889/1434/80
f 1833/1433/80 1889/1434/80 1832/1435/79
f 1832/1435/79 1889/1434/80 1887/1436/79
f 1832/1435/79 1887/1436/79 1831/1437/78
f 1831/1437/78 1887/1436/79 1849/1438/78
f 1831/1439/78 1849/1440/78 1830/1441/77
f 1830/1441/77 1849/1440/78 1885/1442/77
f 1830/1441/77 1885/1442/77 1829/1443/76
f 1829/1443/76 1885/1442/77 1883/1444/76
f 1829/1443/76 1883/1444/76 1828/1445/75
f 1828/1445/75 1883/1444/76 1881/1446/75
f 1828/1445/75 1881/1446/75 1827/1447/74
f 1827/1447/74 1881/1446/75 1879/1448/74
f 1827/1447/74 1879/1448/74 1826/1449/73
f 1826/1449/73 1879/1448/74 1877/1450/73
f 1826/1449/73 1877/1450/73 1825/1451/72
f 1825/1451/72 1877/1450/73 1875/1452/72
f 1825/1451/72 1875/1452/72 1824/1453/71
f 1824/1453/71 1875/1452/72 1873/1454/71
f 1824/1453/71 1873/1454/71 1823/1455/70
f 1823/1455/70 1873/1454/71 1871/1456/70
f 1823/1455/70 1871/1456/70 1822/1457/69
f 1822/1457/69 1871/1456/70 1869/1458/69
f 1822/1457/69 1869/1458/69 1821/1459/68
f 1821/1459/68 1869/1458/69 1867/1460/68
f 1821/1459/68 1867/1460/68 1820/1461/66
f 1820/1461/66 1867/1460/68 1865/1462/66
f 1820/1461/66 1865/1462/66 1819/1463/65
f 1819/1463/65 1865/1462/66 1863/1464/65
f 1819/1463/65 1863/1464/65 1818/1465/64
f 1818/1465/64 1863/1464/65 1861/1466/64
f 1818/1465/64 1861/1466/64 1817/1467/63
f 1817/1467/63 1861/1466/64 1859/1468/63
f 1817/1467/63 1859/1468/63 1816/1469/62
f 1816/1469/62 1859/1468/63 1857/1470/62
f 1816/1469/62 1857/1470/62 1815/1471/61
f 1815/1471/61 1857/1470/62 1855/1472/61
f 1815/1471/61 1855/1472/61 1814/1399/60
f 1814/1399/60 1855/1472/61 1851/1400/60
f 1812/1473/59 1920/1474/59 1777/1475/39
f 1777/1475/39 1920/1474/59 1853/1476/39
f 1777/1475/39 1853/1476/39 1778/1477/60
f 1778/1477/60 1853/1476/39 1852/1478/60
f 1778/1477/60 1852/1478/60 1779/1479/61
f 1779/1479/61 1852/1478/60 1856/1480/61
f 1779/1479/61 1856/1480/61 1780/1481/62
f 1780/1481/62 1856/1480/61 1858/1482/62
f 1780/1481/62 1858/1482/62 1781/1483/63
f 1781/1483/63 1858/1482/62 1860/1484/63
f 1781/1483/63 1860/1484/63 1782/1485/64
f 1782/1485/64 1860/1484/63 1862/1486/64
f 1782/1485/64 1862/1486/64 1783/1487/65
f 1783/1487/65 1862/1486/64 1864/1488/65
f 1783/1487/65 1864/1488/65 1784/1489/66
f 1784/1489/66 1864/1488/65 1866/1490/66
f 1784/1489/66 1866/1490/66 1785/1491/68
f 1785/1491/68 1866/1490/66 1868/1492/68
f 1785/1491/68 1868/1492/68 1786/1493/69
f 1786/1493/69 1868/1492/68 1870/1494/69
f 1786/1493/69 1870/1494/69 1787/1495/70
f 1787/1495/70 1870/1494/69 1872/1496/70
f 1787/1495/70 1872/1496/70 1788/1497/71
f 1788/1497/71 1872/1496/70 1874/1498/71
f 1788/1497/71 1874/1498/71 1789/1499/72
f 1789/1499/72 1874/1498/71 1876/1500/72
f 1789/1499/72 1876/1500/72 1790/1501/73
f 1790/1501/73 1876/1500/72 1878/1502/73
f 1790/1501/73 1878/1502/73 1791/1503/74
f 1791/1503/74 1878/1502/73 1880/1504/74
f 1791/1503/74 1880/1504/74 1792/1505/75
f 1792/1505/75 1880/1504/74 1882/1506/75
f 1792/1505/75 1882/1506/75 1793/1507/76
f 1793/1507/76 1882/1506/75 1884/1508/76
f 1793/1507/76 1884/1508/76 1794/1509/77
f 1794/1509/77 1884/1508/76 1886/1510/77
f 1794/1509/77 1886/1510/77 1795/1511/78
f 1795/1511/78 1886/1510/77 1850/1512/78
f 1795/1513/78 1850/1514/78 1796/1515/79
f 1796/1515/79 1850/1514/78 1888/1516/79
f 1796/1515/79 1888/1516/79 1797/1517/80
f 1797/1517/80 1888/1516/79 1890/1518/80
f 1797/1517/80 1890/1518/80 1798/1519/81
f 1798/1519/81 1890/1518/80 1892/1520/81
f 1798/1519/81 1892/1520/81 1799/1521/82
f 1799/1521/82 1892/1520/81 1894/1522/82
f 1799/1521/82 1894/1522/82 1800/1523/83
f 1800/1523/83 1894/1522/82 1896/1524/83
f 1800/1523/83 1896/1524/83 1801/1525/84
f 1801/1525/84 1896/1524/83 1898/1526/84
f 1801/1525/84 1898/1526/84 1802/1527/85
f 1802/1527/85 1898/1526/84 1900/1528/85
f 1802/1527/85 1900/1528/85 1803/1529/86
f 1803/1529/86 1900/1528/85 1902/1530/86
f 1803/1529/86 1902/1530/86 1804/1531/35
f 1804/1531/35 1902/1530/86 1904/1532/35
f 1804/1531/35 1904/1532/35 1805/1533/87
f 1805/1533/87 1904/1532/35 1906/1534/87
f 1805/1533/87 1906/1534/87 1806/1535/88
f 1806/1535/88 1906/1534/87 1908/1536/88
f 1806/1535/88 1908/1536/88 1807/1537/89
f 1807/1537/89 1908/1536/88 1910/1538/89
f 1807/1537/89 1910/1538/89 1808/1539/90
f 1808/1539/90 1910/1538/89 1912/1540/90
f 1808/1539/90 1912/1540/90 1809/1541/91
f 1809/1541/91 1912/1540/90 1914/1542/91
f 1809/1541/91 1914/1542/91 1810/1543/92
f 1810/1543/92 1914/1542/91 1916/1544/92
f 1810/1543/92 1916/1544/92 1811/1545/93
f 1811/1545/93 1916/1544/92 1918/1546/93
f 1811/1545/93 1918/1546/93 1812/1473/59
f 1812/1473/59 1918/1546/93 1920/1474/59
f 1849/1440/78 1850/1512/78 1885/1442/77
f 1885/1442/77 1850/1512/78 1886/1510/77
f 1885/1442/77 1886/1510/77 1883/1444/76
f 1883/1444/76 1886/1510/77 1884/1508/76
f 1883/1444/76 1884/1508/76 1881/1446/75
f 1881/1446/75 1884/1508/76 1882/1506/75
f 1881/1446/75 1882/1506/75 1879/1448/74
f 1879/1448/74 1882/1506/75 1880/1504/74
f 1879/1448/74 1880/1504/74 1877/1450/73
f 1877/1450/73 1880/1504/74 1878/1502/73
f 1877/1450/73 1878/1502/73 1875/1452/72
f 1875/1452/72 1878/1502/73 1876/1500/72
f 1875/1452/72 1876/1500/72 1873/1454/71
f 1873/1454/71 1876/1500/72 1874/1498/71
f 1873/1454/71 1874/1498/71 1871/1456/70
f 1871/1456/70 1874/1498/71 1872/1496/70
f 1871/1456/70 1872/1496/70 1869/1458/69
f 1869/1458/69 1872/1496/70 1870/1494/69
f 1869/1458/69 1870/1494/69 1867/1460/68
f 1867/1460/68 1870/1494/69 1868/1492/68
f 1867/1460/68 1868/1492/68 1865/1462/66
f 1865/1462/66 1868/1492/68 1866/1490/66
f 1865/1462/66 1866/1490/66 1863/1464/65
f 1863/1464/65 1866/1490/66 1864/1488/65
f 1863/1464/65 1864/1488/65 1861/1466/64
f 1861/1466/64 1864/1488/65 1862/1486/64
f 1861/1466/64 1862/1486/64 1859/1468/63
f 1859/1468/63 1862/1486/64 1860/1484/63
f 1859/1468/63 1860/1484/63 1857/1470/62
f 1857/1470/62 1860/1484/63 1858/1482/62
f 1857/1470/62 1858/1482/62 1855/1472/61
f 1855/1472/61 1858/1482/62 1856/1480/61
f 1855/1472/61 1856/1480/61 1851/1400/60
f 1851/1400/60 1856/1480/61 1852/1478/60
f 1851/1400/60 1852/1478/60 1854/1402/39
f 1854/1402/39 1852/1478/60 1853/1476/39
f 1854/1402/39 1853/1476/39 1919/1404/59
f 1919/1404/59 1853/1476/39 1920/1474/59
f 1919/1404/59 1920/1474/59 1917/1406/93
f 1917/1406/93 1920/1474/59 1918/1546/93
f 1917/1406/93 1918/1546/93 1915/1408/92
f 1915/1408/92 1918/1546/93 1916/1544/92
f 1915/1408/92 1916/1544/92 1913/1410/91
f 1913/1410/91 1916/1544/92 1914/1542/91
f 1913/1410/91 1914/1542/91 1911/1412/90
f 1911/1412/90 1914/1542/91 1912/1540/90
f 1911/1412/90 1912/1540/90 1909/1414/89
f 1909/1414/89 1912/1540/90 1910/1538/89
f 1909/1414/89 1910/1538/89 1907/1416/88
f 1907/1416/88 1910/1538/89 1908/1536/88
f 1907/1416/88 1908/1536/88 1905/1418/87
f 1905/1418/87 1908/1536/88 1906/1534/87
f 1905/1418/87 1906/1534/87 1903/1420/35
f 1903/1420/35 1906/1534/87 1904/1532/35
f 1903/1420/35 1904/1532/35 1901/1422/86
f 1901/1422/86 1904/1532/35 1902/1530/86
f 1901/1422/86 1902/1530/86 1899/1424/85
f 1899/1424/85 1902/1530/86 1900/1528/85
f 1899/1424/85 1900/1528/85 1897/1426/84
f 1897/1426/84 1900/1528/85 1898/1526/84
f 1897/1426/84 1898/1526/84 1895/1428/83
f 1895/1428/83 1898/1526/84 1896/1524/83
f 1895/1428/83 1896/1524/83 1893/1430/82
f 1893/1430/82 1896/1524/83 1894/1522/82
f 1893/1430/82 1894/1522/82 1891/1432/81
f 1891/1432/81 1894/1522/82 1892/1520/81
f 1891/1432/81 1892/1520/81 1889/1434/80
f 1889/1434/80 1892/1520/81 1890/1518/80
f 1889/1434/80 1890/1518/80 1887/1436/79
f 1887/1436/79 1890/1518/80 1888/1516/79
f 1887/1436/79 1888/1516/79 1849/1438/78
f 1849/1438/78 1888/1516/79 1850/1514/78
f 1921/147/36 1922/148/36 1968/149/36
f 1968/149/36 1922/148/36 1923/150/36
f 1968/149/36 1923/150/36 1967/151/36
f 1967/151/36 1923/150/36 1966/152/36
f 1966/152/36 1923/150/36 1924/153/36
f 1966/152/36 1924/153/36 1834/381/36
f 1834/381/36 1924/153/36 1835/382/95
f 1835/382/95 1924/153/36 1925/155/36
f 1835/382/95 1925/155/36 1836/383/36
f 1836/383/36 1925/155/36 1926/158/36
f 1836/383/36 1926/158/36 1837/384/37
f 1837/384/37 1926/158/36 1927/160/36
f 1837/384/37 1927/160/36 1838/385/95
f 1838/385/95 1927/160/36 1839/386/36
f 1839/386/36 1927/160/36 1928/163/36
f 1839/386/36 1928/163/36 1840/387/36
f 1840/387/36 1928/163/36 1929/165/36
f 1840/387/36 1929/165/36 1841/388/36
f 1841/388/36 1929/165/36 1842/389/36
f 1842/389/36 1929/165/36 1930/168/36
f 1842/389/36 1930/168/36 1843/390/38
f 1843/390/38 1930/168/36 1844/391/38
f 1844/391/38 1930/168/36 1931/170/36
f 1844/391/38 1931/170/36 1845/392/36
f 1845/392/36 1931/170/36 1932/173/36
f 1845/392/36 1932/173/36 1846/393/36
f 1846/393/36 1932/173/36 1847/394/36
f 1847/394/36 1932/173/36 1933/175/36
f 1847/394/36 1933/175/36 1848/395/36
f 1848/395/36 1933/175/36 1813/396/36
f 1813/396/36 1933/175/36 1934/178/36
f 1813/396/36 1934/178/36 1814/397/36
f 1814/397/36 1934/178/36 1935/180/36
f 1814/397/36 1935/180/36 1815/398/36
f 1815/398/36 1935/180/36 1816/399/36
f 1816/399/36 1935/180/36 1936/183/36
f 1816/399/36 1936/183/36 1817/400/36
f 1817/400/36 1936/183/36 1937/185/36
f 1817/400/36 1937/185/36 1818/401/36
f 1818/401/36 1937/185/36 1938/188/36
f 1818/401/36 1938/188/36 1819/402/36
f 1819/402/36 1938/188/36 1944/189/36
f 1819/402/36 1944/189/36 1945/187/36
f 1938/188/36 1939/190/36 1944/189/36
f 1944/189/36 1939/190/36 1943/191/36
f 1943/191/36 1939/190/36 1942/192/36
f 1942/192/36 1939/190/36 1940/193/36
f 1942/192/36 1940/193/36 1941/194/36
f 1945/187/36 1946/186/36 1819/402/36
f 1819/402/36 1946/186/36 1820/403/37
f 1820/403/37 1946/186/36 1947/184/36
f 1820/403/37 1947/184/36 1948/182/36
f 1820/403/37 1948/182/36 1821/404/37
f 1821/404/37 1948/182/36 1949/181/36
f 1821/404/37 1949/181/36 1822/405/36
f 1822/405/36 1949/181/36 1950/179/36
f 1822/405/36 1950/179/36 1823/406/36
f 1823/406/36 1950/179/36 1951/177/36
f 1823/406/36 1951/177/36 1824/407/36
f 1824/407/36 1951/177/36 1952/176/36
f 1824/407/36 1952/176/36 1953/174/36
f 1824/407/36 1953/174/36 1825/408/36
f 1825/408/36 1953/174/36 1954/172/36
f 1825/408/36 1954/172/36 1826/409/36
f 1826/409/36 1954/172/36 1955/171/36
f 1826/409/36 1955/171/36 1827/410/36
f 1827/410/36 1955/171/36 1956/169/36
f 1827/410/36 1956/169/36 1828/411/37
f 1828/411/37 1956/169/36 1957/167/36
f 1828/411/37 1957/167/36 1829/412/36
f 1829/412/36 1957/167/36 1958/166/36
f 1829/412/36 1958/166/36 1959/164/36
f 1829/412/36 1959/164/36 1830/413/36
f 1830/413/36 1959/164/36 1960/162/36
f 1830/413/36 1960/162/36 1831/414/36
f 1831/414/36 1960/162/36 1961/161/36
f 1831/414/36 1961/161/36 1832/415/36
f 1832/415/36 1961/161/36 1962/159/36
f 1832/415/36 1962/159/36 1833/416/36
f 1833/416/36 1962/159/36 1963/157/36
f 1833/416/36 1963/157/36 1964/156/36
f 1833/416/36 1964/156/36 1834/381/36
f 1834/381/36 1964/156/36 1965/154/36
f 1834/381/36 1965/154/36 1966/152/36
f 1922/143/35 1921/144/35 1970/145/35
f 1970/145/35 1921/144/35 1969/146/35
f 1988/417/58 1940/418/58 1987/419/57
f 1987/419/57 1940/418/58 1939/420/57
f 1987/419/57 1939/420/57 1938/421/56
f 1987/419/57 1938/421/56 1986/422/56
f 1986/422/56 1938/421/56 1937/423/55
f 1986/422/56 1937/423/55 1985/424/55
f 1985/424/55 1937/423/55 1936/425/54
f 1985/424/55 1936/425/54 1984/426/54
f 1984/426/54 1936/425/54 1935/427/53
f 1984/426/54 1935/427/53 1983/428/53
f 1983/428/53 1935/427/53 1934/429/52
f 1983/428/53 1934/429/52 1982/430/52
f 1982/430/52 1934/429/52 1933/431/51
f 1982/430/52 1933/431/51 1981/432/51
f 1981/432/51 1933/431/51 1932/433/50
f 1981/432/51 1932/433/50 1980/434/50
f 1980/434/50 1932/433/50 1931/435/49
f 1980/434/50 1931/435/49 1979/436/49
f 1979/436/49 1931/435/49 1930/437/48
f 1979/436/49 1930/437/48 1978/438/48
f 1978/438/48 1930/437/48 1929/439/47
f 1978/438/48 1929/439/47 1977/440/47
f 1977/440/47 1929/439/47 1928/441/46
f 1977/440/47 1928/441/46 1976/442/46
f 1976/442/46 1928/441/46 1927/443/45
f 1976/442/46 1927/443/45 1975/444/45
f 1975/444/45 1927/443/45 1926/445/44
f 1975/444/45 1926/445/44 1974/446/44
f 1974/446/44 1926/445/44 1925/447/43
f 1974/446/44 1925/447/43 1973/448/43
f 1973/448/43 1925/447/43 1924/449/42
f 1973/448/43 1924/449/42 1972/450/42
f 1972/450/42 1924/449/42 1923/451/41
f 1972/450/42 1923/451/41 1971/452/41
f 1971/452/41 1923/451/41 1970/195/40
f 1970/195/40 1923/451/41 1922/196/40
f 1941/143/39 1940/144/39 1989/145/39
f 1989/145/39 1940/144/39 1988/146/39
f 1969/453/29 1921/454/29 2016/455/28
f 2016/455/28 1921/454/29 1968/456/28
f 2016/455/28 1968/456/28 1967/457/27
f 2016/455/28 1967/457/27 2015/458/27
f 2015/458/27 1967/457/27 1966/459/26
f 2015/458/27 1966/459/26 2014/460/26
f 2014/460/26 1966/459/26 1965/461/25
f 2014/460/26 1965/461/25 2013/462/25
f 2013/462/25 1965/461/25 1964/463/24
f 2013/462/25 1964/463/24 2012/464/24
f 2012/464/24 1964/463/24 1963/465/23
f 2012/464/24 1963/465/23 2011/466/23
f 2011/466/23 1963/465/23 1962/467/22
f 2011/466/23 1962/467/22 2010/468/22
f 2010/468/22 1962/467/22 1961/469/21
f 2010/468/22 1961/469/21 2009/470/21
f 2009/470/21 1961/469/21 1960/471/20
f 2009/470/21 1960/471/20 2008/472/20
f 2008/472/20 1960/471/20 1959/473/19
f 2008/472/20 1959/473/19 2007/474/19
f 2007/474/19 1959/473/19 1958/475/18
f 2007/474/19 1958/475/18 2006/476/18
f 2006/476/18 1958/475/18 1957/477/17
f 2006/476/18 1957/477/17 2005/478/17
f 2005/478/17 1957/477/17 1956/479/16
f 2005/478/17 1956/479/16 2004/480/16
f 2004/480/16 1956/479/16 1955/481/15
f 2004/480/16 1955/481/15 2003/482/15
f 2003/482/15 1955/481/15 1954/483/14
f 2003/482/15 1954/483/14 2002/484/14
f 2002/484/14 1954/483/14 1953/485/13
f 2002/484/14 1953/485/13 2001/486/13
f 2001/486/13 1953/485/13 1952/487/12
f 2001/486/13 1952/487/12 2000/488/12
f 2000/488/12 1952/487/12 1951/489/11
f 2000/488/12 1951/489/11 1999/490/11
f 1999/490/11 1951/489/11 1950/491/10
f 1999/490/11 1950/491/10 1998/492/10
f 1998/492/10 1950/491/10 1949/493/9
f 1998/492/10 1949/493/9 1997/494/9
f 1997/494/9 1949/493/9 1948/495/8
f 1997/494/9 1948/495/8 1996/496/8
f 1996/496/8 1948/495/8 1947/497/7
f 1996/496/8 1947/497/7 1995/498/7
f 1995/498/7 1947/497/7 1946/499/6
f 1995/498/7 1946/499/6 1994/500/6
f 1994/500/6 1946/499/6 1945/501/5
f 1994/500/6 1945/501/5 1993/502/5
f 1993/502/5 1945/501/5 1944/503/4
f 1993/502/5 1944/503/4 1992/504/4
f 1992/504/4 1944/503/4 1943/505/3
f 1992/504/4 1943/505/3 1991/506/3
f 1991/506/3 1943/505/3 1942/507/2
f 1991/506/3 1942/507/2 1990/508/2
f 1990/508/2 1942/507/2 1989/509/1
f 1989/509/1 1942/507/2 1941/510/1
f 1969/59/30 2016/60/30 1970/61/30
f 1970/61/30 2016/60/30 1971/62/30
f 1971/62/30 2016/60/30 2015/63/30
f 1971/62/30 2015/63/30 2014/64/30
f 1971/62/30 2014/64/30 1972/67/30
f 1972/67/30 2014/64/30 2013/65/30
f 1972/67/30 2013/65/30 1973/138/30
f 1973/138/30 2013/65/30 2012/68/30
f 1973/138/30 2012/68/30 2011/70/30
f 1973/138/30 2011/70/30 1974/136/30
f 1974/136/30 2011/70/30 2010/71/30
f 1974/136/30 2010/71/30 1975/133/30
f 1975/133/30 2010/71/30 2009/73/30
f 1975/133/30 2009/73/30 2008/75/30
f 1975/133/30 2008/75/30 1976/131/30
f 1976/131/30 2008/75/30 2007/77/30
f 1976/131/30 2007/77/30 1977/128/30
f 1977/128/30 2007/77/30 2006/79/30
f 1977/128/30 2006/79/30 2005/80/30
f 1977/128/30 2005/80/30 1978/125/30
f 1978/125/30 2005/80/30 2004/82/30
f 1978/125/30 2004/82/30 1979/123/30
f 1979/123/30 2004/82/30 2003/84/30
f 1979/123/30 2003/84/30 2002/86/30
f 1979/123/30 2002/86/30 1980/120/30
f 1980/120/30 2002/86/30 2001/88/30
f 1980/120/30 2001/88/30 1981/117/30
f 1981/117/30 2001/88/30 2000/90/30
f 1981/117/30 2000/90/30 1999/91/30
f 1981/117/30 1999/91/30 1982/115/31
f 1982/115/31 1999/91/30 1998/93/30
f 1982/115/31 1998/93/30 1983/112/30
f 1983/112/30 1998/93/30 1997/95/30
f 1983/112/30 1997/95/30 1996/97/30
f 1983/112/30 1996/97/30 1984/110/30
f 1984/110/30 1996/97/30 1995/99/30
f 1984/110/30 1995/99/30 1985/108/30
f 1985/108/30 1995/99/30 1994/100/30
f 1985/108/30 1994/100/30 1993/102/30
f 1985/108/30 1993/102/30 1986/106/30
f 1986/106/30 1993/102/30 1992/103/30
f 1986/106/30 1992/103/30 1987/105/30
f 1987/105/30 1992/103/30 1991/104/30
f 1987/105/30 1991/104/30 1990/140/30
f 1989/142/30 1988/141/30 1990/140/30
f 1990/140/30 1988/141/30 1987/105/30
