# WaveFront *.obj file (generated by Autodesk ATF)

mtllib SPA05-cavity-right.mtl

g Solid4

v -20.500000 -17.888544 -3.000000
v -20.500000 -7.000000 -3.000000
v -20.500000 -6.994955 -3.440329
v -20.500000 -6.949893 -3.878376
v -20.500000 -6.865189 -4.310511
v -20.500000 -6.741542 -4.733153
v -20.500000 -6.579979 -5.142803
v -20.500000 -6.381837 -5.536065
v -20.500000 -6.148758 -5.909682
v -20.500000 -5.882673 -6.260558
v -20.500000 -5.585786 -6.585786
v -20.500000 -5.260558 -6.882673
v -20.500000 -4.909682 -7.148758
v -20.500000 -4.536065 -7.381837
v -20.500000 -4.142803 -7.579979
v -20.500000 -3.733153 -7.741542
v -20.500000 -3.310511 -7.865189
v -20.500000 -2.878376 -7.949893
v -20.500000 -2.440329 -7.994955
v -20.500000 -2.000000 -8.000000
v -20.500000 -2.000000 -18.888544
v -20.500000 -2.858628 -18.771557
v -20.500000 -3.710631 -18.613382
v -20.500000 -4.554034 -18.414384
v -20.500000 -5.386882 -18.175026
v -20.500000 -6.207245 -17.895861
v -20.500000 -7.013221 -17.577537
v -20.500000 -7.802943 -17.220791
v -20.500000 -8.574581 -16.826451
v -20.500000 -9.326345 -16.395431
v -20.500000 -10.056494 -15.928728
v -20.500000 -10.763335 -15.427426
v -20.500000 -11.445230 -14.892686
v -20.500000 -12.100599 -14.325746
v -20.500000 -12.727922 -13.727922
v -20.500000 -13.325746 -13.100599
v -20.500000 -13.892686 -12.445230
v -20.500000 -14.427426 -11.763335
v -20.500000 -14.928728 -11.056494
v -20.500000 -15.395431 -10.326345
v -20.500000 -15.826451 -9.574581
v -20.500000 -16.220791 -8.802943
v -20.500000 -16.577537 -8.013221
v -20.500000 -16.895861 -7.207245
v -20.500000 -17.175026 -6.386882
v -20.500000 -17.414384 -5.554034
v -20.500000 -17.613382 -4.710631
v -20.500000 -17.771557 -3.858628
v -20.500000 -7.000000 -9.000000
v -20.500000 -6.826352 -8.984808
v -20.500000 -6.657980 -8.939693
v -20.500000 -6.500000 -8.866025
v -20.500000 -6.357212 -8.766044
v -20.500000 -6.233956 -8.642788
v -20.500000 -6.133975 -8.500000
v -20.500000 -6.060307 -8.342020
v -20.500000 -6.015192 -8.173648
v -20.500000 -6.000000 -8.000000
v -20.500000 -6.015192 -7.826352
v -20.500000 -6.060307 -7.657980
v -20.500000 -6.133975 -7.500000
v -20.500000 -6.233956 -7.357212
v -20.500000 -6.357212 -7.233956
v -20.500000 -6.500000 -7.133975
v -20.500000 -6.657980 -7.060307
v -20.500000 -6.826352 -7.015192
v -20.500000 -7.000000 -7.000000
v -20.500000 -7.173648 -7.015192
v -20.500000 -7.342020 -7.060307
v -20.500000 -7.500000 -7.133975
v -20.500000 -7.642788 -7.233956
v -20.500000 -7.766044 -7.357212
v -20.500000 -7.866025 -7.500000
v -20.500000 -7.939693 -7.657980
v -20.500000 -7.984808 -7.826352
v -20.500000 -8.000000 -8.000000
v -20.500000 -7.984808 -8.173648
v -20.500000 -7.939693 -8.342020
v -20.500000 -7.866025 -8.500000
v -20.500000 -7.766044 -8.642788
v -20.500000 -7.642788 -8.766044
v -20.500000 -7.500000 -8.866025
v -20.500000 -7.342020 -8.939693
v -20.500000 -7.173648 -8.984808
v -16.000000 -17.888544 -3.000000
v -16.000000 -7.000000 -3.000000
v -16.000000 -6.994955 -3.440329
v -16.000000 -6.949893 -3.878376
v -16.000000 -6.865189 -4.310511
v -16.000000 -6.741542 -4.733153
v -16.000000 -6.579979 -5.142803
v -16.000000 -6.381837 -5.536065
v -16.000000 -6.148758 -5.909682
v -16.000000 -5.882673 -6.260558
v -16.000000 -5.585786 -6.585786
v -16.000000 -5.260558 -6.882673
v -16.000000 -4.909682 -7.148758
v -16.000000 -4.536065 -7.381837
v -16.000000 -4.142803 -7.579979
v -16.000000 -3.733153 -7.741542
v -16.000000 -3.310511 -7.865189
v -16.000000 -2.878376 -7.949893
v -16.000000 -2.440329 -7.994955
v -16.000000 -2.000000 -8.000000
v -16.000000 -2.000000 -18.888544
v -16.000000 -2.858628 -18.771557
v -16.000000 -3.710631 -18.613382
v -16.000000 -4.554034 -18.414384
v -16.000000 -5.386882 -18.175026
v -16.000000 -6.207245 -17.895861
v -16.000000 -7.013221 -17.577537
v -16.000000 -7.802943 -17.220791
v -16.000000 -8.574581 -16.826451
v -16.000000 -9.326345 -16.395431
v -16.000000 -10.056494 -15.928728
v -16.000000 -10.763335 -15.427426
v -16.000000 -11.445230 -14.892686
v -16.000000 -12.100599 -14.325746
v -16.000000 -12.727922 -13.727922
v -16.000000 -13.325746 -13.100599
v -16.000000 -13.892686 -12.445230
v -16.000000 -14.427426 -11.763335
v -16.000000 -14.928728 -11.056494
v -16.000000 -15.395431 -10.326345
v -16.000000 -15.826451 -9.574581
v -16.000000 -16.220791 -8.802943
v -16.000000 -16.577537 -8.013221
v -16.000000 -16.895861 -7.207245
v -16.000000 -17.175026 -6.386882
v -16.000000 -17.414384 -5.554034
v -16.000000 -17.613382 -4.710631
v -16.000000 -17.771557 -3.858628
v -28.500000 -7.000000 -9.000000
v -28.500000 -6.826352 -8.984808
v -28.500000 -6.657980 -8.939693
v -28.500000 -6.500000 -8.866025
v -28.500000 -6.357212 -8.766044
v -28.500000 -6.233956 -8.642788
v -28.500000 -6.133975 -8.500000
v -28.500000 -6.060307 -8.342020
v -28.500000 -6.015192 -8.173648
v -28.500000 -6.000000 -8.000000
v -28.500000 -6.015192 -7.826352
v -28.500000 -6.060307 -7.657980
v -28.500000 -6.133975 -7.500000
v -28.500000 -6.233956 -7.357212
v -28.500000 -6.357212 -7.233956
v -28.500000 -6.500000 -7.133975
v -28.500000 -6.657980 -7.060307
v -28.500000 -6.826352 -7.015192
v -28.500000 -7.000000 -7.000000
v -28.500000 -7.173648 -7.015192
v -28.500000 -7.342020 -7.060307
v -28.500000 -7.500000 -7.133975
v -28.500000 -7.642788 -7.233956
v -28.500000 -7.766044 -7.357212
v -28.500000 -7.866025 -7.500000
v -28.500000 -7.939693 -7.657980
v -28.500000 -7.984808 -7.826352
v -28.500000 -8.000000 -8.000000
v -28.500000 -7.984808 -8.173648
v -28.500000 -7.939693 -8.342020
v -28.500000 -7.866025 -8.500000
v -28.500000 -7.766044 -8.642788
v -28.500000 -7.642788 -8.766044
v -28.500000 -7.500000 -8.866025
v -28.500000 -7.342020 -8.939693
v -28.500000 -7.173648 -8.984808
v -23.166667 -7.000000 -7.000000
v -25.833333 -7.000000 -7.000000
v -23.166667 -7.173648 -8.984808
v -25.833333 -7.173648 -8.984808
v -25.833333 -7.000000 -9.000000
v -23.166667 -7.000000 -9.000000
v -23.166667 -7.342020 -8.939693
v -25.833333 -7.342020 -8.939693
v -23.166667 -7.500000 -8.866025
v -25.833333 -7.500000 -8.866025
v -23.166667 -7.642788 -8.766044
v -25.833333 -7.642788 -8.766044
v -23.166667 -7.766044 -8.642788
v -25.833333 -7.766044 -8.642788
v -23.166667 -7.866025 -8.500000
v -25.833333 -7.866025 -8.500000
v -23.166667 -7.939693 -8.342020
v -25.833333 -7.939693 -8.342020
v -23.166667 -7.984808 -8.173648
v -25.833333 -7.984808 -8.173648
v -23.166667 -8.000000 -8.000000
v -25.833333 -8.000000 -8.000000
v -23.166667 -7.984808 -7.826352
v -25.833333 -7.984808 -7.826352
v -23.166667 -7.939693 -7.657980
v -25.833333 -7.939693 -7.657980
v -23.166667 -7.866025 -7.500000
v -25.833333 -7.866025 -7.500000
v -23.166667 -7.766044 -7.357212
v -25.833333 -7.766044 -7.357212
v -23.166667 -7.642788 -7.233956
v -25.833333 -7.642788 -7.233956
v -23.166667 -7.500000 -7.133975
v -25.833333 -7.500000 -7.133975
v -23.166667 -7.342020 -7.060307
v -25.833333 -7.342020 -7.060307
v -23.166667 -7.173648 -7.015192
v -25.833333 -7.173648 -7.015192
v -23.166667 -6.826352 -7.015192
v -25.833333 -6.826352 -7.015192
v -23.166667 -6.657980 -7.060307
v -25.833333 -6.657980 -7.060307
v -23.166667 -6.500000 -7.133975
v -25.833333 -6.500000 -7.133975
v -23.166667 -6.357212 -7.233956
v -25.833333 -6.357212 -7.233956
v -23.166667 -6.233956 -7.357212
v -25.833333 -6.233956 -7.357212
v -23.166667 -6.133975 -7.500000
v -25.833333 -6.133975 -7.500000
v -23.166667 -6.060307 -7.657980
v -25.833333 -6.060307 -7.657980
v -23.166667 -6.015192 -7.826352
v -25.833333 -6.015192 -7.826352
v -23.166667 -6.000000 -8.000000
v -25.833333 -6.000000 -8.000000
v -23.166667 -6.015192 -8.173648
v -25.833333 -6.015192 -8.173648
v -23.166667 -6.060307 -8.342020
v -25.833333 -6.060307 -8.342020
v -23.166667 -6.133975 -8.500000
v -25.833333 -6.133975 -8.500000
v -23.166667 -6.233956 -8.642788
v -25.833333 -6.233956 -8.642788
v -23.166667 -6.357212 -8.766044
v -25.833333 -6.357212 -8.766044
v -23.166667 -6.500000 -8.866025
v -25.833333 -6.500000 -8.866025
v -23.166667 -6.657980 -8.939693
v -25.833333 -6.657980 -8.939693
v -23.166667 -6.826352 -8.984808
v -25.833333 -6.826352 -8.984808
v -28.500000 -7.000000 -3.000000
v -28.500000 -17.888544 -3.000000
v -28.500000 -17.771557 -3.858628
v -28.500000 -17.613382 -4.710631
v -28.500000 -17.414384 -5.554034
v -28.500000 -17.175026 -6.386882
v -28.500000 -16.895861 -7.207245
v -28.500000 -16.577537 -8.013221
v -28.500000 -16.220791 -8.802943
v -28.500000 -15.826451 -9.574581
v -28.500000 -15.395431 -10.326345
v -28.500000 -14.928728 -11.056494
v -28.500000 -14.427426 -11.763335
v -28.500000 -13.892686 -12.445230
v -28.500000 -13.325746 -13.100599
v -28.500000 -12.727922 -13.727922
v -28.500000 -12.100599 -14.325746
v -28.500000 -11.445230 -14.892686
v -28.500000 -10.763335 -15.427426
v -28.500000 -10.056494 -15.928728
v -28.500000 -9.326345 -16.395431
v -28.500000 -8.574581 -16.826451
v -28.500000 -7.802943 -17.220791
v -28.500000 -7.013221 -17.577537
v -28.500000 -6.207245 -17.895861
v -28.500000 -5.386882 -18.175026
v -28.500000 -4.554034 -18.414384
v -28.500000 -3.710631 -18.613382
v -28.500000 -2.858628 -18.771557
v -28.500000 -2.000000 -18.888544
v -28.500000 -2.000000 -8.000000
v -28.500000 -2.440329 -7.994955
v -28.500000 -2.878376 -7.949893
v -28.500000 -3.310511 -7.865189
v -28.500000 -3.733153 -7.741542
v -28.500000 -4.142803 -7.579979
v -28.500000 -4.536065 -7.381837
v -28.500000 -4.909682 -7.148758
v -28.500000 -5.260558 -6.882673
v -28.500000 -5.585786 -6.585786
v -28.500000 -5.882673 -6.260558
v -28.500000 -6.148758 -5.909682
v -28.500000 -6.381837 -5.536065
v -28.500000 -6.579979 -5.142803
v -28.500000 -6.741542 -4.733153
v -28.500000 -6.865189 -4.310511
v -28.500000 -6.949893 -3.878376
v -28.500000 -6.994955 -3.440329
v -33.000000 -7.000000 -3.000000
v -33.000000 -17.888544 -3.000000
v -33.000000 -17.771557 -3.858628
v -33.000000 -17.613382 -4.710631
v -33.000000 -17.414384 -5.554034
v -33.000000 -17.175026 -6.386882
v -33.000000 -16.895861 -7.207245
v -33.000000 -16.577537 -8.013221
v -33.000000 -16.220791 -8.802943
v -33.000000 -15.826451 -9.574581
v -33.000000 -15.395431 -10.326345
v -33.000000 -14.928728 -11.056494
v -33.000000 -14.427426 -11.763335
v -33.000000 -13.892686 -12.445230
v -33.000000 -13.325746 -13.100599
v -33.000000 -12.727922 -13.727922
v -33.000000 -12.100599 -14.325746
v -33.000000 -11.445230 -14.892686
v -33.000000 -10.763335 -15.427426
v -33.000000 -10.056494 -15.928728
v -33.000000 -9.326345 -16.395431
v -33.000000 -8.574581 -16.826451
v -33.000000 -7.802943 -17.220791
v -33.000000 -7.013221 -17.577537
v -33.000000 -6.207245 -17.895861
v -33.000000 -5.386882 -18.175026
v -33.000000 -4.554034 -18.414384
v -33.000000 -3.710631 -18.613382
v -33.000000 -2.858628 -18.771557
v -33.000000 -2.000000 -18.888544
v -33.000000 -2.000000 -8.000000
v -33.000000 -2.440329 -7.994955
v -33.000000 -2.878376 -7.949893
v -33.000000 -3.310511 -7.865189
v -33.000000 -3.733153 -7.741542
v -33.000000 -4.142803 -7.579979
v -33.000000 -4.536065 -7.381837
v -33.000000 -4.909682 -7.148758
v -33.000000 -5.260558 -6.882673
v -33.000000 -5.585786 -6.585786
v -33.000000 -5.882673 -6.260558
v -33.000000 -6.148758 -5.909682
v -33.000000 -6.381837 -5.536065
v -33.000000 -6.579979 -5.142803
v -33.000000 -6.741542 -4.733153
v -33.000000 -6.865189 -4.310511
v -33.000000 -6.949893 -3.878376
v -33.000000 -6.994955 -3.440329
v -33.000000 -7.000000 -9.000000
v -33.000000 -6.826352 -8.984808
v -33.000000 -6.657980 -8.939693
v -33.000000 -6.500000 -8.866025
v -33.000000 -6.357212 -8.766044
v -33.000000 -6.233956 -8.642788
v -33.000000 -6.133975 -8.500000
v -33.000000 -6.060307 -8.342020
v -33.000000 -6.015192 -8.173648
v -33.000000 -6.000000 -8.000000
v -33.000000 -6.015192 -7.826352
v -33.000000 -6.060307 -7.657980
v -33.000000 -6.133975 -7.500000
v -33.000000 -6.233956 -7.357212
v -33.000000 -6.357212 -7.233956
v -33.000000 -6.500000 -7.133975
v -33.000000 -6.657980 -7.060307
v -33.000000 -6.826352 -7.015192
v -33.000000 -7.000000 -7.000000
v -33.000000 -7.173648 -7.015192
v -33.000000 -7.342020 -7.060307
v -33.000000 -7.500000 -7.133975
v -33.000000 -7.642788 -7.233956
v -33.000000 -7.766044 -7.357212
v -33.000000 -7.866025 -7.500000
v -33.000000 -7.939693 -7.657980
v -33.000000 -7.984808 -7.826352
v -33.000000 -8.000000 -8.000000
v -33.000000 -7.984808 -8.173648
v -33.000000 -7.939693 -8.342020
v -33.000000 -7.866025 -8.500000
v -33.000000 -7.766044 -8.642788
v -33.000000 -7.642788 -8.766044
v -33.000000 -7.500000 -8.866025
v -33.000000 -7.342020 -8.939693
v -33.000000 -7.173648 -8.984808
v -41.000000 -7.000000 -9.000000
v -41.000000 -6.826352 -8.984808
v -41.000000 -6.657980 -8.939693
v -41.000000 -6.500000 -8.866025
v -41.000000 -6.357212 -8.766044
v -41.000000 -6.233956 -8.642788
v -41.000000 -6.133975 -8.500000
v -41.000000 -6.060307 -8.342020
v -41.000000 -6.015192 -8.173648
v -41.000000 -6.000000 -8.000000
v -41.000000 -6.015192 -7.826352
v -41.000000 -6.060307 -7.657980
v -41.000000 -6.133975 -7.500000
v -41.000000 -6.233956 -7.357212
v -41.000000 -6.357212 -7.233956
v -41.000000 -6.500000 -7.133975
v -41.000000 -6.657980 -7.060307
v -41.000000 -6.826352 -7.015192
v -41.000000 -7.000000 -7.000000
v -41.000000 -7.173648 -7.015192
v -41.000000 -7.342020 -7.060307
v -41.000000 -7.500000 -7.133975
v -41.000000 -7.642788 -7.233956
v -41.000000 -7.766044 -7.357212
v -41.000000 -7.866025 -7.500000
v -41.000000 -7.939693 -7.657980
v -41.000000 -7.984808 -7.826352
v -41.000000 -8.000000 -8.000000
v -41.000000 -7.984808 -8.173648
v -41.000000 -7.939693 -8.342020
v -41.000000 -7.866025 -8.500000
v -41.000000 -7.766044 -8.642788
v -41.000000 -7.642788 -8.766044
v -41.000000 -7.500000 -8.866025
v -41.000000 -7.342020 -8.939693
v -41.000000 -7.173648 -8.984808
v -38.333333 -7.000000 -7.000000
v -35.666667 -7.000000 -7.000000
v -38.333333 -6.826352 -8.984808
v -35.666667 -6.826352 -8.984808
v -35.666667 -7.000000 -9.000000
v -38.333333 -7.000000 -9.000000
v -38.333333 -6.657980 -8.939693
v -35.666667 -6.657980 -8.939693
v -38.333333 -6.500000 -8.866025
v -35.666667 -6.500000 -8.866025
v -38.333333 -6.357212 -8.766044
v -35.666667 -6.357212 -8.766044
v -38.333333 -6.233956 -8.642788
v -35.666667 -6.233956 -8.642788
v -38.333333 -6.133975 -8.500000
v -35.666667 -6.133975 -8.500000
v -38.333333 -6.060307 -8.342020
v -35.666667 -6.060307 -8.342020
v -38.333333 -6.015192 -8.173648
v -35.666667 -6.015192 -8.173648
v -38.333333 -6.000000 -8.000000
v -35.666667 -6.000000 -8.000000
v -38.333333 -6.015192 -7.826352
v -35.666667 -6.015192 -7.826352
v -38.333333 -6.060307 -7.657980
v -35.666667 -6.060307 -7.657980
v -38.333333 -6.133975 -7.500000
v -35.666667 -6.133975 -7.500000
v -38.333333 -6.233956 -7.357212
v -35.666667 -6.233956 -7.357212
v -38.333333 -6.357212 -7.233956
v -35.666667 -6.357212 -7.233956
v -38.333333 -6.500000 -7.133975
v -35.666667 -6.500000 -7.133975
v -38.333333 -6.657980 -7.060307
v -35.666667 -6.657980 -7.060307
v -38.333333 -6.826352 -7.015192
v -35.666667 -6.826352 -7.015192
v -38.333333 -7.173648 -7.015192
v -35.666667 -7.173648 -7.015192
v -38.333333 -7.342020 -7.060307
v -35.666667 -7.342020 -7.060307
v -38.333333 -7.500000 -7.133975
v -35.666667 -7.500000 -7.133975
v -38.333333 -7.642788 -7.233956
v -35.666667 -7.642788 -7.233956
v -38.333333 -7.766044 -7.357212
v -35.666667 -7.766044 -7.357212
v -38.333333 -7.866025 -7.500000
v -35.666667 -7.866025 -7.500000
v -38.333333 -7.939693 -7.657980
v -35.666667 -7.939693 -7.657980
v -38.333333 -7.984808 -7.826352
v -35.666667 -7.984808 -7.826352
v -38.333333 -8.000000 -8.000000
v -35.666667 -8.000000 -8.000000
v -38.333333 -7.984808 -8.173648
v -35.666667 -7.984808 -8.173648
v -38.333333 -7.939693 -8.342020
v -35.666667 -7.939693 -8.342020
v -38.333333 -7.866025 -8.500000
v -35.666667 -7.866025 -8.500000
v -38.333333 -7.766044 -8.642788
v -35.666667 -7.766044 -8.642788
v -38.333333 -7.642788 -8.766044
v -35.666667 -7.642788 -8.766044
v -38.333333 -7.500000 -8.866025
v -35.666667 -7.500000 -8.866025
v -38.333333 -7.342020 -8.939693
v -35.666667 -7.342020 -8.939693
v -38.333333 -7.173648 -8.984808
v -35.666667 -7.173648 -8.984808
v -41.000000 -7.000000 -3.000000
v -41.000000 -17.888544 -3.000000
v -41.000000 -17.771557 -3.858628
v -41.000000 -17.613382 -4.710631
v -41.000000 -17.414384 -5.554034
v -41.000000 -17.175026 -6.386882
v -41.000000 -16.895861 -7.207245
v -41.000000 -16.577537 -8.013221
v -41.000000 -16.220791 -8.802943
v -41.000000 -15.826451 -9.574581
v -41.000000 -15.395431 -10.326345
v -41.000000 -14.928728 -11.056494
v -41.000000 -14.427426 -11.763335
v -41.000000 -13.892686 -12.445230
v -41.000000 -13.325746 -13.100599
v -41.000000 -12.727922 -13.727922
v -41.000000 -12.100599 -14.325746
v -41.000000 -11.445230 -14.892686
v -41.000000 -10.763335 -15.427426
v -41.000000 -10.056494 -15.928728
v -41.000000 -9.326345 -16.395431
v -41.000000 -8.574581 -16.826451
v -41.000000 -7.802943 -17.220791
v -41.000000 -7.013221 -17.577537
v -41.000000 -6.207245 -17.895861
v -41.000000 -5.386882 -18.175026
v -41.000000 -4.554034 -18.414384
v -41.000000 -3.710631 -18.613382
v -41.000000 -2.858628 -18.771557
v -41.000000 -2.000000 -18.888544
v -41.000000 -2.000000 -8.000000
v -41.000000 -2.440329 -7.994955
v -41.000000 -2.878376 -7.949893
v -41.000000 -3.310511 -7.865189
v -41.000000 -3.733153 -7.741542
v -41.000000 -4.142803 -7.579979
v -41.000000 -4.536065 -7.381837
v -41.000000 -4.909682 -7.148758
v -41.000000 -5.260558 -6.882673
v -41.000000 -5.585786 -6.585786
v -41.000000 -5.882673 -6.260558
v -41.000000 -6.148758 -5.909682
v -41.000000 -6.381837 -5.536065
v -41.000000 -6.579979 -5.142803
v -41.000000 -6.741542 -4.733153
v -41.000000 -6.865189 -4.310511
v -41.000000 -6.949893 -3.878376
v -41.000000 -6.994955 -3.440329
v -45.500000 -7.000000 -3.000000
v -45.500000 -17.888544 -3.000000
v -45.500000 -17.771557 -3.858628
v -45.500000 -17.613382 -4.710631
v -45.500000 -17.414384 -5.554034
v -45.500000 -17.175026 -6.386882
v -45.500000 -16.895861 -7.207245
v -45.500000 -16.577537 -8.013221
v -45.500000 -16.220791 -8.802943
v -45.500000 -15.826451 -9.574581
v -45.500000 -15.395431 -10.326345
v -45.500000 -14.928728 -11.056494
v -45.500000 -14.427426 -11.763335
v -45.500000 -13.892686 -12.445230
v -45.500000 -13.325746 -13.100599
v -45.500000 -12.727922 -13.727922
v -45.500000 -12.100599 -14.325746
v -45.500000 -11.445230 -14.892686
v -45.500000 -10.763335 -15.427426
v -45.500000 -10.056494 -15.928728
v -45.500000 -9.326345 -16.395431
v -45.500000 -8.574581 -16.826451
v -45.500000 -7.802943 -17.220791
v -45.500000 -7.013221 -17.577537
v -45.500000 -6.207245 -17.895861
v -45.500000 -5.386882 -18.175026
v -45.500000 -4.554034 -18.414384
v -45.500000 -3.710631 -18.613382
v -45.500000 -2.858628 -18.771557
v -45.500000 -2.000000 -18.888544
v -45.500000 -2.000000 -8.000000
v -45.500000 -2.440329 -7.994955
v -45.500000 -2.878376 -7.949893
v -45.500000 -3.310511 -7.865189
v -45.500000 -3.733153 -7.741542
v -45.500000 -4.142803 -7.579979
v -45.500000 -4.536065 -7.381837
v -45.500000 -4.909682 -7.148758
v -45.500000 -5.260558 -6.882673
v -45.500000 -5.585786 -6.585786
v -45.500000 -5.882673 -6.260558
v -45.500000 -6.148758 -5.909682
v -45.500000 -6.381837 -5.536065
v -45.500000 -6.579979 -5.142803
v -45.500000 -6.741542 -4.733153
v -45.500000 -6.865189 -4.310511
v -45.500000 -6.949893 -3.878376
v -45.500000 -6.994955 -3.440329
v -45.500000 -7.000000 -9.000000
v -45.500000 -6.826352 -8.984808
v -45.500000 -6.657980 -8.939693
v -45.500000 -6.500000 -8.866025
v -45.500000 -6.357212 -8.766044
v -45.500000 -6.233956 -8.642788
v -45.500000 -6.133975 -8.500000
v -45.500000 -6.060307 -8.342020
v -45.500000 -6.015192 -8.173648
v -45.500000 -6.000000 -8.000000
v -45.500000 -6.015192 -7.826352
v -45.500000 -6.060307 -7.657980
v -45.500000 -6.133975 -7.500000
v -45.500000 -6.233956 -7.357212
v -45.500000 -6.357212 -7.233956
v -45.500000 -6.500000 -7.133975
v -45.500000 -6.657980 -7.060307
v -45.500000 -6.826352 -7.015192
v -45.500000 -7.000000 -7.000000
v -45.500000 -7.173648 -7.015192
v -45.500000 -7.342020 -7.060307
v -45.500000 -7.500000 -7.133975
v -45.500000 -7.642788 -7.233956
v -45.500000 -7.766044 -7.357212
v -45.500000 -7.866025 -7.500000
v -45.500000 -7.939693 -7.657980
v -45.500000 -7.984808 -7.826352
v -45.500000 -8.000000 -8.000000
v -45.500000 -7.984808 -8.173648
v -45.500000 -7.939693 -8.342020
v -45.500000 -7.866025 -8.500000
v -45.500000 -7.766044 -8.642788
v -45.500000 -7.642788 -8.766044
v -45.500000 -7.500000 -8.866025
v -45.500000 -7.342020 -8.939693
v -45.500000 -7.173648 -8.984808
v -53.500000 -7.000000 -9.000000
v -53.500000 -6.826352 -8.984808
v -53.500000 -6.657980 -8.939693
v -53.500000 -6.500000 -8.866025
v -53.500000 -6.357212 -8.766044
v -53.500000 -6.233956 -8.642788
v -53.500000 -6.133975 -8.500000
v -53.500000 -6.060307 -8.342020
v -53.500000 -6.015192 -8.173648
v -53.500000 -6.000000 -8.000000
v -53.500000 -6.015192 -7.826352
v -53.500000 -6.060307 -7.657980
v -53.500000 -6.133975 -7.500000
v -53.500000 -6.233956 -7.357212
v -53.500000 -6.357212 -7.233956
v -53.500000 -6.500000 -7.133975
v -53.500000 -6.657980 -7.060307
v -53.500000 -6.826352 -7.015192
v -53.500000 -7.000000 -7.000000
v -53.500000 -7.173648 -7.015192
v -53.500000 -7.342020 -7.060307
v -53.500000 -7.500000 -7.133975
v -53.500000 -7.642788 -7.233956
v -53.500000 -7.766044 -7.357212
v -53.500000 -7.866025 -7.500000
v -53.500000 -7.939693 -7.657980
v -53.500000 -7.984808 -7.826352
v -53.500000 -8.000000 -8.000000
v -53.500000 -7.984808 -8.173648
v -53.500000 -7.939693 -8.342020
v -53.500000 -7.866025 -8.500000
v -53.500000 -7.766044 -8.642788
v -53.500000 -7.642788 -8.766044
v -53.500000 -7.500000 -8.866025
v -53.500000 -7.342020 -8.939693
v -53.500000 -7.173648 -8.984808
v -50.833333 -7.000000 -7.000000
v -48.166667 -7.000000 -7.000000
v -50.833333 -6.826352 -8.984808
v -48.166667 -6.826352 -8.984808
v -48.166667 -7.000000 -9.000000
v -50.833333 -7.000000 -9.000000
v -50.833333 -6.657980 -8.939693
v -48.166667 -6.657980 -8.939693
v -50.833333 -6.500000 -8.866025
v -48.166667 -6.500000 -8.866025
v -50.833333 -6.357212 -8.766044
v -48.166667 -6.357212 -8.766044
v -50.833333 -6.233956 -8.642788
v -48.166667 -6.233956 -8.642788
v -50.833333 -6.133975 -8.500000
v -48.166667 -6.133975 -8.500000
v -50.833333 -6.060307 -8.342020
v -48.166667 -6.060307 -8.342020
v -50.833333 -6.015192 -8.173648
v -48.166667 -6.015192 -8.173648
v -50.833333 -6.000000 -8.000000
v -48.166667 -6.000000 -8.000000
v -50.833333 -6.015192 -7.826352
v -48.166667 -6.015192 -7.826352
v -50.833333 -6.060307 -7.657980
v -48.166667 -6.060307 -7.657980
v -50.833333 -6.133975 -7.500000
v -48.166667 -6.133975 -7.500000
v -50.833333 -6.233956 -7.357212
v -48.166667 -6.233956 -7.357212
v -50.833333 -6.357212 -7.233956
v -48.166667 -6.357212 -7.233956
v -50.833333 -6.500000 -7.133975
v -48.166667 -6.500000 -7.133975
v -50.833333 -6.657980 -7.060307
v -48.166667 -6.657980 -7.060307
v -50.833333 -6.826352 -7.015192
v -48.166667 -6.826352 -7.015192
v -50.833333 -7.173648 -7.015192
v -48.166667 -7.173648 -7.015192
v -50.833333 -7.342020 -7.060307
v -48.166667 -7.342020 -7.060307
v -50.833333 -7.500000 -7.133975
v -48.166667 -7.500000 -7.133975
v -50.833333 -7.642788 -7.233956
v -48.166667 -7.642788 -7.233956
v -50.833333 -7.766044 -7.357212
v -48.166667 -7.766044 -7.357212
v -50.833333 -7.866025 -7.500000
v -48.166667 -7.866025 -7.500000
v -50.833333 -7.939693 -7.657980
v -48.166667 -7.939693 -7.657980
v -50.833333 -7.984808 -7.826352
v -48.166667 -7.984808 -7.826352
v -50.833333 -8.000000 -8.000000
v -48.166667 -8.000000 -8.000000
v -50.833333 -7.984808 -8.173648
v -48.166667 -7.984808 -8.173648
v -50.833333 -7.939693 -8.342020
v -48.166667 -7.939693 -8.342020
v -50.833333 -7.866025 -8.500000
v -48.166667 -7.866025 -8.500000
v -50.833333 -7.766044 -8.642788
v -48.166667 -7.766044 -8.642788
v -50.833333 -7.642788 -8.766044
v -48.166667 -7.642788 -8.766044
v -50.833333 -7.500000 -8.866025
v -48.166667 -7.500000 -8.866025
v -50.833333 -7.342020 -8.939693
v -48.166667 -7.342020 -8.939693
v -50.833333 -7.173648 -8.984808
v -48.166667 -7.173648 -8.984808
v -53.500000 -7.000000 -3.000000
v -53.500000 -17.888544 -3.000000
v -53.500000 -17.771557 -3.858628
v -53.500000 -17.613382 -4.710631
v -53.500000 -17.414384 -5.554034
v -53.500000 -17.175026 -6.386882
v -53.500000 -16.895861 -7.207245
v -53.500000 -16.577537 -8.013221
v -53.500000 -16.220791 -8.802943
v -53.500000 -15.826451 -9.574581
v -53.500000 -15.395431 -10.326345
v -53.500000 -14.928728 -11.056494
v -53.500000 -14.427426 -11.763335
v -53.500000 -13.892686 -12.445230
v -53.500000 -13.325746 -13.100599
v -53.500000 -12.727922 -13.727922
v -53.500000 -12.100599 -14.325746
v -53.500000 -11.445230 -14.892686
v -53.500000 -10.763335 -15.427426
v -53.500000 -10.056494 -15.928728
v -53.500000 -9.326345 -16.395431
v -53.500000 -8.574581 -16.826451
v -53.500000 -7.802943 -17.220791
v -53.500000 -7.013221 -17.577537
v -53.500000 -6.207245 -17.895861
v -53.500000 -5.386882 -18.175026
v -53.500000 -4.554034 -18.414384
v -53.500000 -3.710631 -18.613382
v -53.500000 -2.858628 -18.771557
v -53.500000 -2.000000 -18.888544
v -53.500000 -2.000000 -8.000000
v -53.500000 -2.440329 -7.994955
v -53.500000 -2.878376 -7.949893
v -53.500000 -3.310511 -7.865189
v -53.500000 -3.733153 -7.741542
v -53.500000 -4.142803 -7.579979
v -53.500000 -4.536065 -7.381837
v -53.500000 -4.909682 -7.148758
v -53.500000 -5.260558 -6.882673
v -53.500000 -5.585786 -6.585786
v -53.500000 -5.882673 -6.260558
v -53.500000 -6.148758 -5.909682
v -53.500000 -6.381837 -5.536065
v -53.500000 -6.579979 -5.142803
v -53.500000 -6.741542 -4.733153
v -53.500000 -6.865189 -4.310511
v -53.500000 -6.949893 -3.878376
v -53.500000 -6.994955 -3.440329
v -58.000000 -7.000000 -3.000000
v -58.000000 -17.888544 -3.000000
v -58.000000 -17.771557 -3.858628
v -58.000000 -17.613382 -4.710631
v -58.000000 -17.414384 -5.554034
v -58.000000 -17.175026 -6.386882
v -58.000000 -16.895861 -7.207245
v -58.000000 -16.577537 -8.013221
v -58.000000 -16.220791 -8.802943
v -58.000000 -15.826451 -9.574581
v -58.000000 -15.395431 -10.326345
v -58.000000 -14.928728 -11.056494
v -58.000000 -14.427426 -11.763335
v -58.000000 -13.892686 -12.445230
v -58.000000 -13.325746 -13.100599
v -58.000000 -12.727922 -13.727922
v -58.000000 -12.100599 -14.325746
v -58.000000 -11.445230 -14.892686
v -58.000000 -10.763335 -15.427426
v -58.000000 -10.056494 -15.928728
v -58.000000 -9.326345 -16.395431
v -58.000000 -8.574581 -16.826451
v -58.000000 -7.802943 -17.220791
v -58.000000 -7.013221 -17.577537
v -58.000000 -6.207245 -17.895861
v -58.000000 -5.386882 -18.175026
v -58.000000 -4.554034 -18.414384
v -58.000000 -3.710631 -18.613382
v -58.000000 -2.858628 -18.771557
v -58.000000 -2.000000 -18.888544
v -58.000000 -2.000000 -8.000000
v -58.000000 -2.440329 -7.994955
v -58.000000 -2.878376 -7.949893
v -58.000000 -3.310511 -7.865189
v -58.000000 -3.733153 -7.741542
v -58.000000 -4.142803 -7.579979
v -58.000000 -4.536065 -7.381837
v -58.000000 -4.909682 -7.148758
v -58.000000 -5.260558 -6.882673
v -58.000000 -5.585786 -6.585786
v -58.000000 -5.882673 -6.260558
v -58.000000 -6.148758 -5.909682
v -58.000000 -6.381837 -5.536065
v -58.000000 -6.579979 -5.142803
v -58.000000 -6.741542 -4.733153
v -58.000000 -6.865189 -4.310511
v -58.000000 -6.949893 -3.878376
v -58.000000 -6.994955 -3.440329
v -58.000000 -7.000000 -9.000000
v -58.000000 -6.826352 -8.984808
v -58.000000 -6.657980 -8.939693
v -58.000000 -6.500000 -8.866025
v -58.000000 -6.357212 -8.766044
v -58.000000 -6.233956 -8.642788
v -58.000000 -6.133975 -8.500000
v -58.000000 -6.060307 -8.342020
v -58.000000 -6.015192 -8.173648
v -58.000000 -6.000000 -8.000000
v -58.000000 -6.015192 -7.826352
v -58.000000 -6.060307 -7.657980
v -58.000000 -6.133975 -7.500000
v -58.000000 -6.233956 -7.357212
v -58.000000 -6.357212 -7.233956
v -58.000000 -6.500000 -7.133975
v -58.000000 -6.657980 -7.060307
v -58.000000 -6.826352 -7.015192
v -58.000000 -7.000000 -7.000000
v -58.000000 -7.173648 -7.015192
v -58.000000 -7.342020 -7.060307
v -58.000000 -7.500000 -7.133975
v -58.000000 -7.642788 -7.233956
v -58.000000 -7.766044 -7.357212
v -58.000000 -7.866025 -7.500000
v -58.000000 -7.939693 -7.657980
v -58.000000 -7.984808 -7.826352
v -58.000000 -8.000000 -8.000000
v -58.000000 -7.984808 -8.173648
v -58.000000 -7.939693 -8.342020
v -58.000000 -7.866025 -8.500000
v -58.000000 -7.766044 -8.642788
v -58.000000 -7.642788 -8.766044
v -58.000000 -7.500000 -8.866025
v -58.000000 -7.342020 -8.939693
v -58.000000 -7.173648 -8.984808
v -66.000000 -7.000000 -9.000000
v -66.000000 -6.826352 -8.984808
v -66.000000 -6.657980 -8.939693
v -66.000000 -6.500000 -8.866025
v -66.000000 -6.357212 -8.766044
v -66.000000 -6.233956 -8.642788
v -66.000000 -6.133975 -8.500000
v -66.000000 -6.060307 -8.342020
v -66.000000 -6.015192 -8.173648
v -66.000000 -6.000000 -8.000000
v -66.000000 -6.015192 -7.826352
v -66.000000 -6.060307 -7.657980
v -66.000000 -6.133975 -7.500000
v -66.000000 -6.233956 -7.357212
v -66.000000 -6.357212 -7.233956
v -66.000000 -6.500000 -7.133975
v -66.000000 -6.657980 -7.060307
v -66.000000 -6.826352 -7.015192
v -66.000000 -7.000000 -7.000000
v -66.000000 -7.173648 -7.015192
v -66.000000 -7.342020 -7.060307
v -66.000000 -7.500000 -7.133975
v -66.000000 -7.642788 -7.233956
v -66.000000 -7.766044 -7.357212
v -66.000000 -7.866025 -7.500000
v -66.000000 -7.939693 -7.657980
v -66.000000 -7.984808 -7.826352
v -66.000000 -8.000000 -8.000000
v -66.000000 -7.984808 -8.173648
v -66.000000 -7.939693 -8.342020
v -66.000000 -7.866025 -8.500000
v -66.000000 -7.766044 -8.642788
v -66.000000 -7.642788 -8.766044
v -66.000000 -7.500000 -8.866025
v -66.000000 -7.342020 -8.939693
v -66.000000 -7.173648 -8.984808
v -63.333333 -7.000000 -7.000000
v -60.666667 -7.000000 -7.000000
v -63.333333 -6.826352 -8.984808
v -60.666667 -6.826352 -8.984808
v -60.666667 -7.000000 -9.000000
v -63.333333 -7.000000 -9.000000
v -63.333333 -6.657980 -8.939693
v -60.666667 -6.657980 -8.939693
v -63.333333 -6.500000 -8.866025
v -60.666667 -6.500000 -8.866025
v -63.333333 -6.357212 -8.766044
v -60.666667 -6.357212 -8.766044
v -63.333333 -6.233956 -8.642788
v -60.666667 -6.233956 -8.642788
v -63.333333 -6.133975 -8.500000
v -60.666667 -6.133975 -8.500000
v -63.333333 -6.060307 -8.342020
v -60.666667 -6.060307 -8.342020
v -63.333333 -6.015192 -8.173648
v -60.666667 -6.015192 -8.173648
v -63.333333 -6.000000 -8.000000
v -60.666667 -6.000000 -8.000000
v -63.333333 -6.015192 -7.826352
v -60.666667 -6.015192 -7.826352
v -63.333333 -6.060307 -7.657980
v -60.666667 -6.060307 -7.657980
v -63.333333 -6.133975 -7.500000
v -60.666667 -6.133975 -7.500000
v -63.333333 -6.233956 -7.357212
v -60.666667 -6.233956 -7.357212
v -63.333333 -6.357212 -7.233956
v -60.666667 -6.357212 -7.233956
v -63.333333 -6.500000 -7.133975
v -60.666667 -6.500000 -7.133975
v -63.333333 -6.657980 -7.060307
v -60.666667 -6.657980 -7.060307
v -63.333333 -6.826352 -7.015192
v -60.666667 -6.826352 -7.015192
v -63.333333 -7.173648 -7.015192
v -60.666667 -7.173648 -7.015192
v -63.333333 -7.342020 -7.060307
v -60.666667 -7.342020 -7.060307
v -63.333333 -7.500000 -7.133975
v -60.666667 -7.500000 -7.133975
v -63.333333 -7.642788 -7.233956
v -60.666667 -7.642788 -7.233956
v -63.333333 -7.766044 -7.357212
v -60.666667 -7.766044 -7.357212
v -63.333333 -7.866025 -7.500000
v -60.666667 -7.866025 -7.500000
v -63.333333 -7.939693 -7.657980
v -60.666667 -7.939693 -7.657980
v -63.333333 -7.984808 -7.826352
v -60.666667 -7.984808 -7.826352
v -63.333333 -8.000000 -8.000000
v -60.666667 -8.000000 -8.000000
v -63.333333 -7.984808 -8.173648
v -60.666667 -7.984808 -8.173648
v -63.333333 -7.939693 -8.342020
v -60.666667 -7.939693 -8.342020
v -63.333333 -7.866025 -8.500000
v -60.666667 -7.866025 -8.500000
v -63.333333 -7.766044 -8.642788
v -60.666667 -7.766044 -8.642788
v -63.333333 -7.642788 -8.766044
v -60.666667 -7.642788 -8.766044
v -63.333333 -7.500000 -8.866025
v -60.666667 -7.500000 -8.866025
v -63.333333 -7.342020 -8.939693
v -60.666667 -7.342020 -8.939693
v -63.333333 -7.173648 -8.984808
v -60.666667 -7.173648 -8.984808
v -66.000000 -7.000000 -3.000000
v -66.000000 -17.888544 -3.000000
v -66.000000 -17.771557 -3.858628
v -66.000000 -17.613382 -4.710631
v -66.000000 -17.414384 -5.554034
v -66.000000 -17.175026 -6.386882
v -66.000000 -16.895861 -7.207245
v -66.000000 -16.577537 -8.013221
v -66.000000 -16.220791 -8.802943
v -66.000000 -15.826451 -9.574581
v -66.000000 -15.395431 -10.326345
v -66.000000 -14.928728 -11.056494
v -66.000000 -14.427426 -11.763335
v -66.000000 -13.892686 -12.445230
v -66.000000 -13.325746 -13.100599
v -66.000000 -12.727922 -13.727922
v -66.000000 -12.100599 -14.325746
v -66.000000 -11.445230 -14.892686
v -66.000000 -10.763335 -15.427426
v -66.000000 -10.056494 -15.928728
v -66.000000 -9.326345 -16.395431
v -66.000000 -8.574581 -16.826451
v -66.000000 -7.802943 -17.220791
v -66.000000 -7.013221 -17.577537
v -66.000000 -6.207245 -17.895861
v -66.000000 -5.386882 -18.175026
v -66.000000 -4.554034 -18.414384
v -66.000000 -3.710631 -18.613382
v -66.000000 -2.858628 -18.771557
v -66.000000 -2.000000 -18.888544
v -66.000000 -2.000000 -8.000000
v -66.000000 -2.440329 -7.994955
v -66.000000 -2.878376 -7.949893
v -66.000000 -3.310511 -7.865189
v -66.000000 -3.733153 -7.741542
v -66.000000 -4.142803 -7.579979
v -66.000000 -4.536065 -7.381837
v -66.000000 -4.909682 -7.148758
v -66.000000 -5.260558 -6.882673
v -66.000000 -5.585786 -6.585786
v -66.000000 -5.882673 -6.260558
v -66.000000 -6.148758 -5.909682
v -66.000000 -6.381837 -5.536065
v -66.000000 -6.579979 -5.142803
v -66.000000 -6.741542 -4.733153
v -66.000000 -6.865189 -4.310511
v -66.000000 -6.949893 -3.878376
v -66.000000 -6.994955 -3.440329
v -70.500000 -7.000000 -3.000000
v -70.500000 -17.888544 -3.000000
v -70.500000 -17.771557 -3.858628
v -70.500000 -17.613382 -4.710631
v -70.500000 -17.414384 -5.554034
v -70.500000 -17.175026 -6.386882
v -70.500000 -16.895861 -7.207245
v -70.500000 -16.577537 -8.013221
v -70.500000 -16.220791 -8.802943
v -70.500000 -15.826451 -9.574581
v -70.500000 -15.395431 -10.326345
v -70.500000 -14.928728 -11.056494
v -70.500000 -14.427426 -11.763335
v -70.500000 -13.892686 -12.445230
v -70.500000 -13.325746 -13.100599
v -70.500000 -12.727922 -13.727922
v -70.500000 -12.100599 -14.325746
v -70.500000 -11.445230 -14.892686
v -70.500000 -10.763335 -15.427426
v -70.500000 -10.056494 -15.928728
v -70.500000 -9.326345 -16.395431
v -70.500000 -8.574581 -16.826451
v -70.500000 -7.802943 -17.220791
v -70.500000 -7.013221 -17.577537
v -70.500000 -6.207245 -17.895861
v -70.500000 -5.386882 -18.175026
v -70.500000 -4.554034 -18.414384
v -70.500000 -3.710631 -18.613382
v -70.500000 -2.858628 -18.771557
v -70.500000 -2.000000 -18.888544
v -70.500000 -2.000000 -8.000000
v -70.500000 -2.440329 -7.994955
v -70.500000 -2.878376 -7.949893
v -70.500000 -3.310511 -7.865189
v -70.500000 -3.733153 -7.741542
v -70.500000 -4.142803 -7.579979
v -70.500000 -4.536065 -7.381837
v -70.500000 -4.909682 -7.148758
v -70.500000 -5.260558 -6.882673
v -70.500000 -5.585786 -6.585786
v -70.500000 -5.882673 -6.260558
v -70.500000 -6.148758 -5.909682
v -70.500000 -6.381837 -5.536065
v -70.500000 -6.579979 -5.142803
v -70.500000 -6.741542 -4.733153
v -70.500000 -6.865189 -4.310511
v -70.500000 -6.949893 -3.878376
v -70.500000 -6.994955 -3.440329
v -70.500000 -7.000000 -9.000000
v -70.500000 -6.826352 -8.984808
v -70.500000 -6.657980 -8.939693
v -70.500000 -6.500000 -8.866025
v -70.500000 -6.357212 -8.766044
v -70.500000 -6.233956 -8.642788
v -70.500000 -6.133975 -8.500000
v -70.500000 -6.060307 -8.342020
v -70.500000 -6.015192 -8.173648
v -70.500000 -6.000000 -8.000000
v -70.500000 -6.015192 -7.826352
v -70.500000 -6.060307 -7.657980
v -70.500000 -6.133975 -7.500000
v -70.500000 -6.233956 -7.357212
v -70.500000 -6.357212 -7.233956
v -70.500000 -6.500000 -7.133975
v -70.500000 -6.657980 -7.060307
v -70.500000 -6.826352 -7.015192
v -70.500000 -7.000000 -7.000000
v -70.500000 -7.173648 -7.015192
v -70.500000 -7.342020 -7.060307
v -70.500000 -7.500000 -7.133975
v -70.500000 -7.642788 -7.233956
v -70.500000 -7.766044 -7.357212
v -70.500000 -7.866025 -7.500000
v -70.500000 -7.939693 -7.657980
v -70.500000 -7.984808 -7.826352
v -70.500000 -8.000000 -8.000000
v -70.500000 -7.984808 -8.173648
v -70.500000 -7.939693 -8.342020
v -70.500000 -7.866025 -8.500000
v -70.500000 -7.766044 -8.642788
v -70.500000 -7.642788 -8.766044
v -70.500000 -7.500000 -8.866025
v -70.500000 -7.342020 -8.939693
v -70.500000 -7.173648 -8.984808
v -78.500000 -7.000000 -9.000000
v -78.500000 -6.826352 -8.984808
v -78.500000 -6.657980 -8.939693
v -78.500000 -6.500000 -8.866025
v -78.500000 -6.357212 -8.766044
v -78.500000 -6.233956 -8.642788
v -78.500000 -6.133975 -8.500000
v -78.500000 -6.060307 -8.342020
v -78.500000 -6.015192 -8.173648
v -78.500000 -6.000000 -8.000000
v -78.500000 -6.015192 -7.826352
v -78.500000 -6.060307 -7.657980
v -78.500000 -6.133975 -7.500000
v -78.500000 -6.233956 -7.357212
v -78.500000 -6.357212 -7.233956
v -78.500000 -6.500000 -7.133975
v -78.500000 -6.657980 -7.060307
v -78.500000 -6.826352 -7.015192
v -78.500000 -7.000000 -7.000000
v -78.500000 -7.173648 -7.015192
v -78.500000 -7.342020 -7.060307
v -78.500000 -7.500000 -7.133975
v -78.500000 -7.642788 -7.233956
v -78.500000 -7.766044 -7.357212
v -78.500000 -7.866025 -7.500000
v -78.500000 -7.939693 -7.657980
v -78.500000 -7.984808 -7.826352
v -78.500000 -8.000000 -8.000000
v -78.500000 -7.984808 -8.173648
v -78.500000 -7.939693 -8.342020
v -78.500000 -7.866025 -8.500000
v -78.500000 -7.766044 -8.642788
v -78.500000 -7.642788 -8.766044
v -78.500000 -7.500000 -8.866025
v -78.500000 -7.342020 -8.939693
v -78.500000 -7.173648 -8.984808
v -75.833333 -7.000000 -7.000000
v -73.166667 -7.000000 -7.000000
v -75.833333 -6.826352 -8.984808
v -73.166667 -6.826352 -8.984808
v -73.166667 -7.000000 -9.000000
v -75.833333 -7.000000 -9.000000
v -75.833333 -6.657980 -8.939693
v -73.166667 -6.657980 -8.939693
v -75.833333 -6.500000 -8.866025
v -73.166667 -6.500000 -8.866025
v -75.833333 -6.357212 -8.766044
v -73.166667 -6.357212 -8.766044
v -75.833333 -6.233956 -8.642788
v -73.166667 -6.233956 -8.642788
v -75.833333 -6.133975 -8.500000
v -73.166667 -6.133975 -8.500000
v -75.833333 -6.060307 -8.342020
v -73.166667 -6.060307 -8.342020
v -75.833333 -6.015192 -8.173648
v -73.166667 -6.015192 -8.173648
v -75.833333 -6.000000 -8.000000
v -73.166667 -6.000000 -8.000000
v -75.833333 -6.015192 -7.826352
v -73.166667 -6.015192 -7.826352
v -75.833333 -6.060307 -7.657980
v -73.166667 -6.060307 -7.657980
v -75.833333 -6.133975 -7.500000
v -73.166667 -6.133975 -7.500000
v -75.833333 -6.233956 -7.357212
v -73.166667 -6.233956 -7.357212
v -75.833333 -6.357212 -7.233956
v -73.166667 -6.357212 -7.233956
v -75.833333 -6.500000 -7.133975
v -73.166667 -6.500000 -7.133975
v -75.833333 -6.657980 -7.060307
v -73.166667 -6.657980 -7.060307
v -75.833333 -6.826352 -7.015192
v -73.166667 -6.826352 -7.015192
v -75.833333 -7.173648 -7.015192
v -73.166667 -7.173648 -7.015192
v -75.833333 -7.342020 -7.060307
v -73.166667 -7.342020 -7.060307
v -75.833333 -7.500000 -7.133975
v -73.166667 -7.500000 -7.133975
v -75.833333 -7.642788 -7.233956
v -73.166667 -7.642788 -7.233956
v -75.833333 -7.766044 -7.357212
v -73.166667 -7.766044 -7.357212
v -75.833333 -7.866025 -7.500000
v -73.166667 -7.866025 -7.500000
v -75.833333 -7.939693 -7.657980
v -73.166667 -7.939693 -7.657980
v -75.833333 -7.984808 -7.826352
v -73.166667 -7.984808 -7.826352
v -75.833333 -8.000000 -8.000000
v -73.166667 -8.000000 -8.000000
v -75.833333 -7.984808 -8.173648
v -73.166667 -7.984808 -8.173648
v -75.833333 -7.939693 -8.342020
v -73.166667 -7.939693 -8.342020
v -75.833333 -7.866025 -8.500000
v -73.166667 -7.866025 -8.500000
v -75.833333 -7.766044 -8.642788
v -73.166667 -7.766044 -8.642788
v -75.833333 -7.642788 -8.766044
v -73.166667 -7.642788 -8.766044
v -75.833333 -7.500000 -8.866025
v -73.166667 -7.500000 -8.866025
v -75.833333 -7.342020 -8.939693
v -73.166667 -7.342020 -8.939693
v -75.833333 -7.173648 -8.984808
v -73.166667 -7.173648 -8.984808
v -78.500000 -7.000000 -3.000000
v -78.500000 -17.888544 -3.000000
v -78.500000 -17.771557 -3.858628
v -78.500000 -17.613382 -4.710631
v -78.500000 -17.414384 -5.554034
v -78.500000 -17.175026 -6.386882
v -78.500000 -16.895861 -7.207245
v -78.500000 -16.577537 -8.013221
v -78.500000 -16.220791 -8.802943
v -78.500000 -15.826451 -9.574581
v -78.500000 -15.395431 -10.326345
v -78.500000 -14.928728 -11.056494
v -78.500000 -14.427426 -11.763335
v -78.500000 -13.892686 -12.445230
v -78.500000 -13.325746 -13.100599
v -78.500000 -12.727922 -13.727922
v -78.500000 -12.100599 -14.325746
v -78.500000 -11.445230 -14.892686
v -78.500000 -10.763335 -15.427426
v -78.500000 -10.056494 -15.928728
v -78.500000 -9.326345 -16.395431
v -78.500000 -8.574581 -16.826451
v -78.500000 -7.802943 -17.220791
v -78.500000 -7.013221 -17.577537
v -78.500000 -6.207245 -17.895861
v -78.500000 -5.386882 -18.175026
v -78.500000 -4.554034 -18.414384
v -78.500000 -3.710631 -18.613382
v -78.500000 -2.858628 -18.771557
v -78.500000 -2.000000 -18.888544
v -78.500000 -2.000000 -8.000000
v -78.500000 -2.440329 -7.994955
v -78.500000 -2.878376 -7.949893
v -78.500000 -3.310511 -7.865189
v -78.500000 -3.733153 -7.741542
v -78.500000 -4.142803 -7.579979
v -78.500000 -4.536065 -7.381837
v -78.500000 -4.909682 -7.148758
v -78.500000 -5.260558 -6.882673
v -78.500000 -5.585786 -6.585786
v -78.500000 -5.882673 -6.260558
v -78.500000 -6.148758 -5.909682
v -78.500000 -6.381837 -5.536065
v -78.500000 -6.579979 -5.142803
v -78.500000 -6.741542 -4.733153
v -78.500000 -6.865189 -4.310511
v -78.500000 -6.949893 -3.878376
v -78.500000 -6.994955 -3.440329
v -83.000000 -7.000000 -3.000000
v -83.000000 -17.888544 -3.000000
v -83.000000 -17.771557 -3.858628
v -83.000000 -17.613382 -4.710631
v -83.000000 -17.414384 -5.554034
v -83.000000 -17.175026 -6.386882
v -83.000000 -16.895861 -7.207245
v -83.000000 -16.577537 -8.013221
v -83.000000 -16.220791 -8.802943
v -83.000000 -15.826451 -9.574581
v -83.000000 -15.395431 -10.326345
v -83.000000 -14.928728 -11.056494
v -83.000000 -14.427426 -11.763335
v -83.000000 -13.892686 -12.445230
v -83.000000 -13.325746 -13.100599
v -83.000000 -12.727922 -13.727922
v -83.000000 -12.100599 -14.325746
v -83.000000 -11.445230 -14.892686
v -83.000000 -10.763335 -15.427426
v -83.000000 -10.056494 -15.928728
v -83.000000 -9.326345 -16.395431
v -83.000000 -8.574581 -16.826451
v -83.000000 -7.802943 -17.220791
v -83.000000 -7.013221 -17.577537
v -83.000000 -6.207245 -17.895861
v -83.000000 -5.386882 -18.175026
v -83.000000 -4.554034 -18.414384
v -83.000000 -3.710631 -18.613382
v -83.000000 -2.858628 -18.771557
v -83.000000 -2.000000 -18.888544
v -83.000000 -2.000000 -8.000000
v -83.000000 -2.440329 -7.994955
v -83.000000 -2.878376 -7.949893
v -83.000000 -3.310511 -7.865189
v -83.000000 -3.733153 -7.741542
v -83.000000 -4.142803 -7.579979
v -83.000000 -4.536065 -7.381837
v -83.000000 -4.909682 -7.148758
v -83.000000 -5.260558 -6.882673
v -83.000000 -5.585786 -6.585786
v -83.000000 -5.882673 -6.260558
v -83.000000 -6.148758 -5.909682
v -83.000000 -6.381837 -5.536065
v -83.000000 -6.579979 -5.142803
v -83.000000 -6.741542 -4.733153
v -83.000000 -6.865189 -4.310511
v -83.000000 -6.949893 -3.878376
v -83.000000 -6.994955 -3.440329
v -83.000000 -7.000000 -9.000000
v -83.000000 -6.826352 -8.984808
v -83.000000 -6.657980 -8.939693
v -83.000000 -6.500000 -8.866025
v -83.000000 -6.357212 -8.766044
v -83.000000 -6.233956 -8.642788
v -83.000000 -6.133975 -8.500000
v -83.000000 -6.060307 -8.342020
v -83.000000 -6.015192 -8.173648
v -83.000000 -6.000000 -8.000000
v -83.000000 -6.015192 -7.826352
v -83.000000 -6.060307 -7.657980
v -83.000000 -6.133975 -7.500000
v -83.000000 -6.233956 -7.357212
v -83.000000 -6.357212 -7.233956
v -83.000000 -6.500000 -7.133975
v -83.000000 -6.657980 -7.060307
v -83.000000 -6.826352 -7.015192
v -83.000000 -7.000000 -7.000000
v -83.000000 -7.173648 -7.015192
v -83.000000 -7.342020 -7.060307
v -83.000000 -7.500000 -7.133975
v -83.000000 -7.642788 -7.233956
v -83.000000 -7.766044 -7.357212
v -83.000000 -7.866025 -7.500000
v -83.000000 -7.939693 -7.657980
v -83.000000 -7.984808 -7.826352
v -83.000000 -8.000000 -8.000000
v -83.000000 -7.984808 -8.173648
v -83.000000 -7.939693 -8.342020
v -83.000000 -7.866025 -8.500000
v -83.000000 -7.766044 -8.642788
v -83.000000 -7.642788 -8.766044
v -83.000000 -7.500000 -8.866025
v -83.000000 -7.342020 -8.939693
v -83.000000 -7.173648 -8.984808
v -91.000000 -7.000000 -9.000000
v -91.000000 -6.826352 -8.984808
v -91.000000 -6.657980 -8.939693
v -91.000000 -6.500000 -8.866025
v -91.000000 -6.357212 -8.766044
v -91.000000 -6.233956 -8.642788
v -91.000000 -6.133975 -8.500000
v -91.000000 -6.060307 -8.342020
v -91.000000 -6.015192 -8.173648
v -91.000000 -6.000000 -8.000000
v -91.000000 -6.015192 -7.826352
v -91.000000 -6.060307 -7.657980
v -91.000000 -6.133975 -7.500000
v -91.000000 -6.233956 -7.357212
v -91.000000 -6.357212 -7.233956
v -91.000000 -6.500000 -7.133975
v -91.000000 -6.657980 -7.060307
v -91.000000 -6.826352 -7.015192
v -91.000000 -7.000000 -7.000000
v -91.000000 -7.173648 -7.015192
v -91.000000 -7.342020 -7.060307
v -91.000000 -7.500000 -7.133975
v -91.000000 -7.642788 -7.233956
v -91.000000 -7.766044 -7.357212
v -91.000000 -7.866025 -7.500000
v -91.000000 -7.939693 -7.657980
v -91.000000 -7.984808 -7.826352
v -91.000000 -8.000000 -8.000000
v -91.000000 -7.984808 -8.173648
v -91.000000 -7.939693 -8.342020
v -91.000000 -7.866025 -8.500000
v -91.000000 -7.766044 -8.642788
v -91.000000 -7.642788 -8.766044
v -91.000000 -7.500000 -8.866025
v -91.000000 -7.342020 -8.939693
v -91.000000 -7.173648 -8.984808
v -88.333333 -7.000000 -7.000000
v -85.666667 -7.000000 -7.000000
v -88.333333 -6.826352 -8.984808
v -85.666667 -6.826352 -8.984808
v -85.666667 -7.000000 -9.000000
v -88.333333 -7.000000 -9.000000
v -88.333333 -6.657980 -8.939693
v -85.666667 -6.657980 -8.939693
v -88.333333 -6.500000 -8.866025
v -85.666667 -6.500000 -8.866025
v -88.333333 -6.357212 -8.766044
v -85.666667 -6.357212 -8.766044
v -88.333333 -6.233956 -8.642788
v -85.666667 -6.233956 -8.642788
v -88.333333 -6.133975 -8.500000
v -85.666667 -6.133975 -8.500000
v -88.333333 -6.060307 -8.342020
v -85.666667 -6.060307 -8.342020
v -88.333333 -6.015192 -8.173648
v -85.666667 -6.015192 -8.173648
v -88.333333 -6.000000 -8.000000
v -85.666667 -6.000000 -8.000000
v -88.333333 -6.015192 -7.826352
v -85.666667 -6.015192 -7.826352
v -88.333333 -6.060307 -7.657980
v -85.666667 -6.060307 -7.657980
v -88.333333 -6.133975 -7.500000
v -85.666667 -6.133975 -7.500000
v -88.333333 -6.233956 -7.357212
v -85.666667 -6.233956 -7.357212
v -88.333333 -6.357212 -7.233956
v -85.666667 -6.357212 -7.233956
v -88.333333 -6.500000 -7.133975
v -85.666667 -6.500000 -7.133975
v -88.333333 -6.657980 -7.060307
v -85.666667 -6.657980 -7.060307
v -88.333333 -6.826352 -7.015192
v -85.666667 -6.826352 -7.015192
v -88.333333 -7.173648 -7.015192
v -85.666667 -7.173648 -7.015192
v -88.333333 -7.342020 -7.060307
v -85.666667 -7.342020 -7.060307
v -88.333333 -7.500000 -7.133975
v -85.666667 -7.500000 -7.133975
v -88.333333 -7.642788 -7.233956
v -85.666667 -7.642788 -7.233956
v -88.333333 -7.766044 -7.357212
v -85.666667 -7.766044 -7.357212
v -88.333333 -7.866025 -7.500000
v -85.666667 -7.866025 -7.500000
v -88.333333 -7.939693 -7.657980
v -85.666667 -7.939693 -7.657980
v -88.333333 -7.984808 -7.826352
v -85.666667 -7.984808 -7.826352
v -88.333333 -8.000000 -8.000000
v -85.666667 -8.000000 -8.000000
v -88.333333 -7.984808 -8.173648
v -85.666667 -7.984808 -8.173648
v -88.333333 -7.939693 -8.342020
v -85.666667 -7.939693 -8.342020
v -88.333333 -7.866025 -8.500000
v -85.666667 -7.866025 -8.500000
v -88.333333 -7.766044 -8.642788
v -85.666667 -7.766044 -8.642788
v -88.333333 -7.642788 -8.766044
v -85.666667 -7.642788 -8.766044
v -88.333333 -7.500000 -8.866025
v -85.666667 -7.500000 -8.866025
v -88.333333 -7.342020 -8.939693
v -85.666667 -7.342020 -8.939693
v -88.333333 -7.173648 -8.984808
v -85.666667 -7.173648 -8.984808
v -91.000000 -7.000000 -3.000000
v -91.000000 -17.888544 -3.000000
v -91.000000 -17.771557 -3.858628
v -91.000000 -17.613382 -4.710631
v -91.000000 -17.414384 -5.554034
v -91.000000 -17.175026 -6.386882
v -91.000000 -16.895861 -7.207245
v -91.000000 -16.577537 -8.013221
v -91.000000 -16.220791 -8.802943
v -91.000000 -15.826451 -9.574581
v -91.000000 -15.395431 -10.326345
v -91.000000 -14.928728 -11.056494
v -91.000000 -14.427426 -11.763335
v -91.000000 -13.892686 -12.445230
v -91.000000 -13.325746 -13.100599
v -91.000000 -12.727922 -13.727922
v -91.000000 -12.100599 -14.325746
v -91.000000 -11.445230 -14.892686
v -91.000000 -10.763335 -15.427426
v -91.000000 -10.056494 -15.928728
v -91.000000 -9.326345 -16.395431
v -91.000000 -8.574581 -16.826451
v -91.000000 -7.802943 -17.220791
v -91.000000 -7.013221 -17.577537
v -91.000000 -6.207245 -17.895861
v -91.000000 -5.386882 -18.175026
v -91.000000 -4.554034 -18.414384
v -91.000000 -3.710631 -18.613382
v -91.000000 -2.858628 -18.771557
v -91.000000 -2.000000 -18.888544
v -91.000000 -2.000000 -8.000000
v -91.000000 -2.440329 -7.994955
v -91.000000 -2.878376 -7.949893
v -91.000000 -3.310511 -7.865189
v -91.000000 -3.733153 -7.741542
v -91.000000 -4.142803 -7.579979
v -91.000000 -4.536065 -7.381837
v -91.000000 -4.909682 -7.148758
v -91.000000 -5.260558 -6.882673
v -91.000000 -5.585786 -6.585786
v -91.000000 -5.882673 -6.260558
v -91.000000 -6.148758 -5.909682
v -91.000000 -6.381837 -5.536065
v -91.000000 -6.579979 -5.142803
v -91.000000 -6.741542 -4.733153
v -91.000000 -6.865189 -4.310511
v -91.000000 -6.949893 -3.878376
v -91.000000 -6.994955 -3.440329
v -95.500000 -7.000000 -3.000000
v -95.500000 -17.888544 -3.000000
v -95.500000 -17.771557 -3.858628
v -95.500000 -17.613382 -4.710631
v -95.500000 -17.414384 -5.554034
v -95.500000 -17.175026 -6.386882
v -95.500000 -16.895861 -7.207245
v -95.500000 -16.577537 -8.013221
v -95.500000 -16.220791 -8.802943
v -95.500000 -15.826451 -9.574581
v -95.500000 -15.395431 -10.326345
v -95.500000 -14.928728 -11.056494
v -95.500000 -14.427426 -11.763335
v -95.500000 -13.892686 -12.445230
v -95.500000 -13.325746 -13.100599
v -95.500000 -12.727922 -13.727922
v -95.500000 -12.100599 -14.325746
v -95.500000 -11.445230 -14.892686
v -95.500000 -10.763335 -15.427426
v -95.500000 -10.056494 -15.928728
v -95.500000 -9.326345 -16.395431
v -95.500000 -8.574581 -16.826451
v -95.500000 -7.802943 -17.220791
v -95.500000 -7.013221 -17.577537
v -95.500000 -6.207245 -17.895861
v -95.500000 -5.386882 -18.175026
v -95.500000 -4.554034 -18.414384
v -95.500000 -3.710631 -18.613382
v -95.500000 -2.858628 -18.771557
v -95.500000 -2.000000 -18.888544
v -95.500000 -2.000000 -8.000000
v -95.500000 -2.440329 -7.994955
v -95.500000 -2.878376 -7.949893
v -95.500000 -3.310511 -7.865189
v -95.500000 -3.733153 -7.741542
v -95.500000 -4.142803 -7.579979
v -95.500000 -4.536065 -7.381837
v -95.500000 -4.909682 -7.148758
v -95.500000 -5.260558 -6.882673
v -95.500000 -5.585786 -6.585786
v -95.500000 -5.882673 -6.260558
v -95.500000 -6.148758 -5.909682
v -95.500000 -6.381837 -5.536065
v -95.500000 -6.579979 -5.142803
v -95.500000 -6.741542 -4.733153
v -95.500000 -6.865189 -4.310511
v -95.500000 -6.949893 -3.878376
v -95.500000 -6.994955 -3.440329
v -95.500000 -7.000000 -9.000000
v -95.500000 -6.826352 -8.984808
v -95.500000 -6.657980 -8.939693
v -95.500000 -6.500000 -8.866025
v -95.500000 -6.357212 -8.766044
v -95.500000 -6.233956 -8.642788
v -95.500000 -6.133975 -8.500000
v -95.500000 -6.060307 -8.342020
v -95.500000 -6.015192 -8.173648
v -95.500000 -6.000000 -8.000000
v -95.500000 -6.015192 -7.826352
v -95.500000 -6.060307 -7.657980
v -95.500000 -6.133975 -7.500000
v -95.500000 -6.233956 -7.357212
v -95.500000 -6.357212 -7.233956
v -95.500000 -6.500000 -7.133975
v -95.500000 -6.657980 -7.060307
v -95.500000 -6.826352 -7.015192
v -95.500000 -7.000000 -7.000000
v -95.500000 -7.173648 -7.015192
v -95.500000 -7.342020 -7.060307
v -95.500000 -7.500000 -7.133975
v -95.500000 -7.642788 -7.233956
v -95.500000 -7.766044 -7.357212
v -95.500000 -7.866025 -7.500000
v -95.500000 -7.939693 -7.657980
v -95.500000 -7.984808 -7.826352
v -95.500000 -8.000000 -8.000000
v -95.500000 -7.984808 -8.173648
v -95.500000 -7.939693 -8.342020
v -95.500000 -7.866025 -8.500000
v -95.500000 -7.766044 -8.642788
v -95.500000 -7.642788 -8.766044
v -95.500000 -7.500000 -8.866025
v -95.500000 -7.342020 -8.939693
v -95.500000 -7.173648 -8.984808
v -103.500000 -7.000000 -9.000000
v -103.500000 -6.826352 -8.984808
v -103.500000 -6.657980 -8.939693
v -103.500000 -6.500000 -8.866025
v -103.500000 -6.357212 -8.766044
v -103.500000 -6.233956 -8.642788
v -103.500000 -6.133975 -8.500000
v -103.500000 -6.060307 -8.342020
v -103.500000 -6.015192 -8.173648
v -103.500000 -6.000000 -8.000000
v -103.500000 -6.015192 -7.826352
v -103.500000 -6.060307 -7.657980
v -103.500000 -6.133975 -7.500000
v -103.500000 -6.233956 -7.357212
v -103.500000 -6.357212 -7.233956
v -103.500000 -6.500000 -7.133975
v -103.500000 -6.657980 -7.060307
v -103.500000 -6.826352 -7.015192
v -103.500000 -7.000000 -7.000000
v -103.500000 -7.173648 -7.015192
v -103.500000 -7.342020 -7.060307
v -103.500000 -7.500000 -7.133975
v -103.500000 -7.642788 -7.233956
v -103.500000 -7.766044 -7.357212
v -103.500000 -7.866025 -7.500000
v -103.500000 -7.939693 -7.657980
v -103.500000 -7.984808 -7.826352
v -103.500000 -8.000000 -8.000000
v -103.500000 -7.984808 -8.173648
v -103.500000 -7.939693 -8.342020
v -103.500000 -7.866025 -8.500000
v -103.500000 -7.766044 -8.642788
v -103.500000 -7.642788 -8.766044
v -103.500000 -7.500000 -8.866025
v -103.500000 -7.342020 -8.939693
v -103.500000 -7.173648 -8.984808
v -100.833333 -7.000000 -7.000000
v -98.166667 -7.000000 -7.000000
v -100.833333 -6.826352 -8.984808
v -98.166667 -6.826352 -8.984808
v -98.166667 -7.000000 -9.000000
v -100.833333 -7.000000 -9.000000
v -100.833333 -6.657980 -8.939693
v -98.166667 -6.657980 -8.939693
v -100.833333 -6.500000 -8.866025
v -98.166667 -6.500000 -8.866025
v -100.833333 -6.357212 -8.766044
v -98.166667 -6.357212 -8.766044
v -100.833333 -6.233956 -8.642788
v -98.166667 -6.233956 -8.642788
v -100.833333 -6.133975 -8.500000
v -98.166667 -6.133975 -8.500000
v -100.833333 -6.060307 -8.342020
v -98.166667 -6.060307 -8.342020
v -100.833333 -6.015192 -8.173648
v -98.166667 -6.015192 -8.173648
v -100.833333 -6.000000 -8.000000
v -98.166667 -6.000000 -8.000000
v -100.833333 -6.015192 -7.826352
v -98.166667 -6.015192 -7.826352
v -100.833333 -6.060307 -7.657980
v -98.166667 -6.060307 -7.657980
v -100.833333 -6.133975 -7.500000
v -98.166667 -6.133975 -7.500000
v -100.833333 -6.233956 -7.357212
v -98.166667 -6.233956 -7.357212
v -100.833333 -6.357212 -7.233956
v -98.166667 -6.357212 -7.233956
v -100.833333 -6.500000 -7.133975
v -98.166667 -6.500000 -7.133975
v -100.833333 -6.657980 -7.060307
v -98.166667 -6.657980 -7.060307
v -100.833333 -6.826352 -7.015192
v -98.166667 -6.826352 -7.015192
v -100.833333 -7.173648 -7.015192
v -98.166667 -7.173648 -7.015192
v -100.833333 -7.342020 -7.060307
v -98.166667 -7.342020 -7.060307
v -100.833333 -7.500000 -7.133975
v -98.166667 -7.500000 -7.133975
v -100.833333 -7.642788 -7.233956
v -98.166667 -7.642788 -7.233956
v -100.833333 -7.766044 -7.357212
v -98.166667 -7.766044 -7.357212
v -100.833333 -7.866025 -7.500000
v -98.166667 -7.866025 -7.500000
v -100.833333 -7.939693 -7.657980
v -98.166667 -7.939693 -7.657980
v -100.833333 -7.984808 -7.826352
v -98.166667 -7.984808 -7.826352
v -100.833333 -8.000000 -8.000000
v -98.166667 -8.000000 -8.000000
v -100.833333 -7.984808 -8.173648
v -98.166667 -7.984808 -8.173648
v -100.833333 -7.939693 -8.342020
v -98.166667 -7.939693 -8.342020
v -100.833333 -7.866025 -8.500000
v -98.166667 -7.866025 -8.500000
v -100.833333 -7.766044 -8.642788
v -98.166667 -7.766044 -8.642788
v -100.833333 -7.642788 -8.766044
v -98.166667 -7.642788 -8.766044
v -100.833333 -7.500000 -8.866025
v -98.166667 -7.500000 -8.866025
v -100.833333 -7.342020 -8.939693
v -98.166667 -7.342020 -8.939693
v -100.833333 -7.173648 -8.984808
v -98.166667 -7.173648 -8.984808
v -103.500000 -7.000000 -3.000000
v -103.500000 -17.888544 -3.000000
v -103.500000 -17.771557 -3.858628
v -103.500000 -17.613382 -4.710631
v -103.500000 -17.414384 -5.554034
v -103.500000 -17.175026 -6.386882
v -103.500000 -16.895861 -7.207245
v -103.500000 -16.577537 -8.013221
v -103.500000 -16.220791 -8.802943
v -103.500000 -15.826451 -9.574581
v -103.500000 -15.395431 -10.326345
v -103.500000 -14.928728 -11.056494
v -103.500000 -14.427426 -11.763335
v -103.500000 -13.892686 -12.445230
v -103.500000 -13.325746 -13.100599
v -103.500000 -12.727922 -13.727922
v -103.500000 -12.100599 -14.325746
v -103.500000 -11.445230 -14.892686
v -103.500000 -10.763335 -15.427426
v -103.500000 -10.056494 -15.928728
v -103.500000 -9.326345 -16.395431
v -103.500000 -8.574581 -16.826451
v -103.500000 -7.802943 -17.220791
v -103.500000 -7.013221 -17.577537
v -103.500000 -6.207245 -17.895861
v -103.500000 -5.386882 -18.175026
v -103.500000 -4.554034 -18.414384
v -103.500000 -3.710631 -18.613382
v -103.500000 -2.858628 -18.771557
v -103.500000 -2.000000 -18.888544
v -103.500000 -2.000000 -8.000000
v -103.500000 -2.440329 -7.994955
v -103.500000 -2.878376 -7.949893
v -103.500000 -3.310511 -7.865189
v -103.500000 -3.733153 -7.741542
v -103.500000 -4.142803 -7.579979
v -103.500000 -4.536065 -7.381837
v -103.500000 -4.909682 -7.148758
v -103.500000 -5.260558 -6.882673
v -103.500000 -5.585786 -6.585786
v -103.500000 -5.882673 -6.260558
v -103.500000 -6.148758 -5.909682
v -103.500000 -6.381837 -5.536065
v -103.500000 -6.579979 -5.142803
v -103.500000 -6.741542 -4.733153
v -103.500000 -6.865189 -4.310511
v -103.500000 -6.949893 -3.878376
v -103.500000 -6.994955 -3.440329
v -108.000000 -7.000000 -3.000000
v -108.000000 -17.888544 -3.000000
v -108.000000 -17.771557 -3.858628
v -108.000000 -17.613382 -4.710631
v -108.000000 -17.414384 -5.554034
v -108.000000 -17.175026 -6.386882
v -108.000000 -16.895861 -7.207245
v -108.000000 -16.577537 -8.013221
v -108.000000 -16.220791 -8.802943
v -108.000000 -15.826451 -9.574581
v -108.000000 -15.395431 -10.326345
v -108.000000 -14.928728 -11.056494
v -108.000000 -14.427426 -11.763335
v -108.000000 -13.892686 -12.445230
v -108.000000 -13.325746 -13.100599
v -108.000000 -12.727922 -13.727922
v -108.000000 -12.100599 -14.325746
v -108.000000 -11.445230 -14.892686
v -108.000000 -10.763335 -15.427426
v -108.000000 -10.056494 -15.928728
v -108.000000 -9.326345 -16.395431
v -108.000000 -8.574581 -16.826451
v -108.000000 -7.802943 -17.220791
v -108.000000 -7.013221 -17.577537
v -108.000000 -6.207245 -17.895861
v -108.000000 -5.386882 -18.175026
v -108.000000 -4.554034 -18.414384
v -108.000000 -3.710631 -18.613382
v -108.000000 -2.858628 -18.771557
v -108.000000 -2.000000 -18.888544
v -108.000000 -2.000000 -8.000000
v -108.000000 -2.440329 -7.994955
v -108.000000 -2.878376 -7.949893
v -108.000000 -3.310511 -7.865189
v -108.000000 -3.733153 -7.741542
v -108.000000 -4.142803 -7.579979
v -108.000000 -4.536065 -7.381837
v -108.000000 -4.909682 -7.148758
v -108.000000 -5.260558 -6.882673
v -108.000000 -5.585786 -6.585786
v -108.000000 -5.882673 -6.260558
v -108.000000 -6.148758 -5.909682
v -108.000000 -6.381837 -5.536065
v -108.000000 -6.579979 -5.142803
v -108.000000 -6.741542 -4.733153
v -108.000000 -6.865189 -4.310511
v -108.000000 -6.949893 -3.878376
v -108.000000 -6.994955 -3.440329
v -108.000000 -7.000000 -9.000000
v -108.000000 -6.826352 -8.984808
v -108.000000 -6.657980 -8.939693
v -108.000000 -6.500000 -8.866025
v -108.000000 -6.357212 -8.766044
v -108.000000 -6.233956 -8.642788
v -108.000000 -6.133975 -8.500000
v -108.000000 -6.060307 -8.342020
v -108.000000 -6.015192 -8.173648
v -108.000000 -6.000000 -8.000000
v -108.000000 -6.015192 -7.826352
v -108.000000 -6.060307 -7.657980
v -108.000000 -6.133975 -7.500000
v -108.000000 -6.233956 -7.357212
v -108.000000 -6.357212 -7.233956
v -108.000000 -6.500000 -7.133975
v -108.000000 -6.657980 -7.060307
v -108.000000 -6.826352 -7.015192
v -108.000000 -7.000000 -7.000000
v -108.000000 -7.173648 -7.015192
v -108.000000 -7.342020 -7.060307
v -108.000000 -7.500000 -7.133975
v -108.000000 -7.642788 -7.233956
v -108.000000 -7.766044 -7.357212
v -108.000000 -7.866025 -7.500000
v -108.000000 -7.939693 -7.657980
v -108.000000 -7.984808 -7.826352
v -108.000000 -8.000000 -8.000000
v -108.000000 -7.984808 -8.173648
v -108.000000 -7.939693 -8.342020
v -108.000000 -7.866025 -8.500000
v -108.000000 -7.766044 -8.642788
v -108.000000 -7.642788 -8.766044
v -108.000000 -7.500000 -8.866025
v -108.000000 -7.342020 -8.939693
v -108.000000 -7.173648 -8.984808
v -116.000000 -7.000000 -9.000000
v -116.000000 -6.826352 -8.984808
v -116.000000 -6.657980 -8.939693
v -116.000000 -6.500000 -8.866025
v -116.000000 -6.357212 -8.766044
v -116.000000 -6.233956 -8.642788
v -116.000000 -6.133975 -8.500000
v -116.000000 -6.060307 -8.342020
v -116.000000 -6.015192 -8.173648
v -116.000000 -6.000000 -8.000000
v -116.000000 -6.015192 -7.826352
v -116.000000 -6.060307 -7.657980
v -116.000000 -6.133975 -7.500000
v -116.000000 -6.233956 -7.357212
v -116.000000 -6.357212 -7.233956
v -116.000000 -6.500000 -7.133975
v -116.000000 -6.657980 -7.060307
v -116.000000 -6.826352 -7.015192
v -116.000000 -7.000000 -7.000000
v -116.000000 -7.173648 -7.015192
v -116.000000 -7.342020 -7.060307
v -116.000000 -7.500000 -7.133975
v -116.000000 -7.642788 -7.233956
v -116.000000 -7.766044 -7.357212
v -116.000000 -7.866025 -7.500000
v -116.000000 -7.939693 -7.657980
v -116.000000 -7.984808 -7.826352
v -116.000000 -8.000000 -8.000000
v -116.000000 -7.984808 -8.173648
v -116.000000 -7.939693 -8.342020
v -116.000000 -7.866025 -8.500000
v -116.000000 -7.766044 -8.642788
v -116.000000 -7.642788 -8.766044
v -116.000000 -7.500000 -8.866025
v -116.000000 -7.342020 -8.939693
v -116.000000 -7.173648 -8.984808
v -113.333333 -7.000000 -7.000000
v -110.666667 -7.000000 -7.000000
v -113.333333 -6.826352 -8.984808
v -110.666667 -6.826352 -8.984808
v -110.666667 -7.000000 -9.000000
v -113.333333 -7.000000 -9.000000
v -113.333333 -6.657980 -8.939693
v -110.666667 -6.657980 -8.939693
v -113.333333 -6.500000 -8.866025
v -110.666667 -6.500000 -8.866025
v -113.333333 -6.357212 -8.766044
v -110.666667 -6.357212 -8.766044
v -113.333333 -6.233956 -8.642788
v -110.666667 -6.233956 -8.642788
v -113.333333 -6.133975 -8.500000
v -110.666667 -6.133975 -8.500000
v -113.333333 -6.060307 -8.342020
v -110.666667 -6.060307 -8.342020
v -113.333333 -6.015192 -8.173648
v -110.666667 -6.015192 -8.173648
v -113.333333 -6.000000 -8.000000
v -110.666667 -6.000000 -8.000000
v -113.333333 -6.015192 -7.826352
v -110.666667 -6.015192 -7.826352
v -113.333333 -6.060307 -7.657980
v -110.666667 -6.060307 -7.657980
v -113.333333 -6.133975 -7.500000
v -110.666667 -6.133975 -7.500000
v -113.333333 -6.233956 -7.357212
v -110.666667 -6.233956 -7.357212
v -113.333333 -6.357212 -7.233956
v -110.666667 -6.357212 -7.233956
v -113.333333 -6.500000 -7.133975
v -110.666667 -6.500000 -7.133975
v -113.333333 -6.657980 -7.060307
v -110.666667 -6.657980 -7.060307
v -113.333333 -6.826352 -7.015192
v -110.666667 -6.826352 -7.015192
v -113.333333 -7.173648 -7.015192
v -110.666667 -7.173648 -7.015192
v -113.333333 -7.342020 -7.060307
v -110.666667 -7.342020 -7.060307
v -113.333333 -7.500000 -7.133975
v -110.666667 -7.500000 -7.133975
v -113.333333 -7.642788 -7.233956
v -110.666667 -7.642788 -7.233956
v -113.333333 -7.766044 -7.357212
v -110.666667 -7.766044 -7.357212
v -113.333333 -7.866025 -7.500000
v -110.666667 -7.866025 -7.500000
v -113.333333 -7.939693 -7.657980
v -110.666667 -7.939693 -7.657980
v -113.333333 -7.984808 -7.826352
v -110.666667 -7.984808 -7.826352
v -113.333333 -8.000000 -8.000000
v -110.666667 -8.000000 -8.000000
v -113.333333 -7.984808 -8.173648
v -110.666667 -7.984808 -8.173648
v -113.333333 -7.939693 -8.342020
v -110.666667 -7.939693 -8.342020
v -113.333333 -7.866025 -8.500000
v -110.666667 -7.866025 -8.500000
v -113.333333 -7.766044 -8.642788
v -110.666667 -7.766044 -8.642788
v -113.333333 -7.642788 -8.766044
v -110.666667 -7.642788 -8.766044
v -113.333333 -7.500000 -8.866025
v -110.666667 -7.500000 -8.866025
v -113.333333 -7.342020 -8.939693
v -110.666667 -7.342020 -8.939693
v -113.333333 -7.173648 -8.984808
v -110.666667 -7.173648 -8.984808
v -116.000000 -7.000000 -3.000000
v -116.000000 -17.888544 -3.000000
v -116.000000 -17.771557 -3.858628
v -116.000000 -17.613382 -4.710631
v -116.000000 -17.414384 -5.554034
v -116.000000 -17.175026 -6.386882
v -116.000000 -16.895861 -7.207245
v -116.000000 -16.577537 -8.013221
v -116.000000 -16.220791 -8.802943
v -116.000000 -15.826451 -9.574581
v -116.000000 -15.395431 -10.326345
v -116.000000 -14.928728 -11.056494
v -116.000000 -14.427426 -11.763335
v -116.000000 -13.892686 -12.445230
v -116.000000 -13.325746 -13.100599
v -116.000000 -12.727922 -13.727922
v -116.000000 -12.100599 -14.325746
v -116.000000 -11.445230 -14.892686
v -116.000000 -10.763335 -15.427426
v -116.000000 -10.056494 -15.928728
v -116.000000 -9.326345 -16.395431
v -116.000000 -8.574581 -16.826451
v -116.000000 -7.802943 -17.220791
v -116.000000 -7.013221 -17.577537
v -116.000000 -6.207245 -17.895861
v -116.000000 -5.386882 -18.175026
v -116.000000 -4.554034 -18.414384
v -116.000000 -3.710631 -18.613382
v -116.000000 -2.858628 -18.771557
v -116.000000 -2.000000 -18.888544
v -116.000000 -2.000000 -8.000000
v -116.000000 -2.440329 -7.994955
v -116.000000 -2.878376 -7.949893
v -116.000000 -3.310511 -7.865189
v -116.000000 -3.733153 -7.741542
v -116.000000 -4.142803 -7.579979
v -116.000000 -4.536065 -7.381837
v -116.000000 -4.909682 -7.148758
v -116.000000 -5.260558 -6.882673
v -116.000000 -5.585786 -6.585786
v -116.000000 -5.882673 -6.260558
v -116.000000 -6.148758 -5.909682
v -116.000000 -6.381837 -5.536065
v -116.000000 -6.579979 -5.142803
v -116.000000 -6.741542 -4.733153
v -116.000000 -6.865189 -4.310511
v -116.000000 -6.949893 -3.878376
v -116.000000 -6.994955 -3.440329
v -120.500000 -7.000000 -3.000000
v -120.500000 -17.888544 -3.000000
v -120.500000 -17.771557 -3.858628
v -120.500000 -17.613382 -4.710631
v -120.500000 -17.414384 -5.554034
v -120.500000 -17.175026 -6.386882
v -120.500000 -16.895861 -7.207245
v -120.500000 -16.577537 -8.013221
v -120.500000 -16.220791 -8.802943
v -120.500000 -15.826451 -9.574581
v -120.500000 -15.395431 -10.326345
v -120.500000 -14.928728 -11.056494
v -120.500000 -14.427426 -11.763335
v -120.500000 -13.892686 -12.445230
v -120.500000 -13.325746 -13.100599
v -120.500000 -12.727922 -13.727922
v -120.500000 -12.100599 -14.325746
v -120.500000 -11.445230 -14.892686
v -120.500000 -10.763335 -15.427426
v -120.500000 -10.056494 -15.928728
v -120.500000 -9.326345 -16.395431
v -120.500000 -8.574581 -16.826451
v -120.500000 -7.802943 -17.220791
v -120.500000 -7.013221 -17.577537
v -120.500000 -6.207245 -17.895861
v -120.500000 -5.386882 -18.175026
v -120.500000 -4.554034 -18.414384
v -120.500000 -3.710631 -18.613382
v -120.500000 -2.858628 -18.771557
v -120.500000 -2.000000 -18.888544
v -120.500000 -2.000000 -8.000000
v -120.500000 -2.440329 -7.994955
v -120.500000 -2.878376 -7.949893
v -120.500000 -3.310511 -7.865189
v -120.500000 -3.733153 -7.741542
v -120.500000 -4.142803 -7.579979
v -120.500000 -4.536065 -7.381837
v -120.500000 -4.909682 -7.148758
v -120.500000 -5.260558 -6.882673
v -120.500000 -5.585786 -6.585786
v -120.500000 -5.882673 -6.260558
v -120.500000 -6.148758 -5.909682
v -120.500000 -6.381837 -5.536065
v -120.500000 -6.579979 -5.142803
v -120.500000 -6.741542 -4.733153
v -120.500000 -6.865189 -4.310511
v -120.500000 -6.949893 -3.878376
v -120.500000 -6.994955 -3.440329
v -20.500000 2.000000 -18.888544
v -20.500000 2.000000 -8.000000
v -20.500000 2.440329 -7.994955
v -20.500000 2.878376 -7.949893
v -20.500000 3.310511 -7.865189
v -20.500000 3.733153 -7.741542
v -20.500000 4.142803 -7.579979
v -20.500000 4.536065 -7.381837
v -20.500000 4.909682 -7.148758
v -20.500000 5.260558 -6.882673
v -20.500000 5.585786 -6.585786
v -20.500000 5.882673 -6.260558
v -20.500000 6.148758 -5.909682
v -20.500000 6.381837 -5.536065
v -20.500000 6.579979 -5.142803
v -20.500000 6.741542 -4.733153
v -20.500000 6.865189 -4.310511
v -20.500000 6.949893 -3.878376
v -20.500000 6.994955 -3.440329
v -20.500000 7.000000 -3.000000
v -20.500000 17.888544 -3.000000
v -20.500000 17.771557 -3.858628
v -20.500000 17.613382 -4.710631
v -20.500000 17.414384 -5.554034
v -20.500000 17.175026 -6.386882
v -20.500000 16.895861 -7.207245
v -20.500000 16.577537 -8.013221
v -20.500000 16.220791 -8.802943
v -20.500000 15.826451 -9.574581
v -20.500000 15.395431 -10.326345
v -20.500000 14.928728 -11.056494
v -20.500000 14.427426 -11.763335
v -20.500000 13.892686 -12.445230
v -20.500000 13.325746 -13.100599
v -20.500000 12.727922 -13.727922
v -20.500000 12.100599 -14.325746
v -20.500000 11.445230 -14.892686
v -20.500000 10.763335 -15.427426
v -20.500000 10.056494 -15.928728
v -20.500000 9.326345 -16.395431
v -20.500000 8.574581 -16.826451
v -20.500000 7.802943 -17.220791
v -20.500000 7.013221 -17.577537
v -20.500000 6.207245 -17.895861
v -20.500000 5.386882 -18.175026
v -20.500000 4.554034 -18.414384
v -20.500000 3.710631 -18.613382
v -20.500000 2.858628 -18.771557
v -20.500000 7.000000 -9.000000
v -20.500000 7.173648 -8.984808
v -20.500000 7.342020 -8.939693
v -20.500000 7.500000 -8.866025
v -20.500000 7.642788 -8.766044
v -20.500000 7.766044 -8.642788
v -20.500000 7.866025 -8.500000
v -20.500000 7.939693 -8.342020
v -20.500000 7.984808 -8.173648
v -20.500000 8.000000 -8.000000
v -20.500000 7.984808 -7.826352
v -20.500000 7.939693 -7.657980
v -20.500000 7.866025 -7.500000
v -20.500000 7.766044 -7.357212
v -20.500000 7.642788 -7.233956
v -20.500000 7.500000 -7.133975
v -20.500000 7.342020 -7.060307
v -20.500000 7.173648 -7.015192
v -20.500000 7.000000 -7.000000
v -20.500000 6.826352 -7.015192
v -20.500000 6.657980 -7.060307
v -20.500000 6.500000 -7.133975
v -20.500000 6.357212 -7.233956
v -20.500000 6.233956 -7.357212
v -20.500000 6.133975 -7.500000
v -20.500000 6.060307 -7.657980
v -20.500000 6.015192 -7.826352
v -20.500000 6.000000 -8.000000
v -20.500000 6.015192 -8.173648
v -20.500000 6.060307 -8.342020
v -20.500000 6.133975 -8.500000
v -20.500000 6.233956 -8.642788
v -20.500000 6.357212 -8.766044
v -20.500000 6.500000 -8.866025
v -20.500000 6.657980 -8.939693
v -20.500000 6.826352 -8.984808
v -16.000000 2.000000 -18.888544
v -16.000000 2.000000 -8.000000
v -16.000000 2.440329 -7.994955
v -16.000000 2.878376 -7.949893
v -16.000000 3.310511 -7.865189
v -16.000000 3.733153 -7.741542
v -16.000000 4.142803 -7.579979
v -16.000000 4.536065 -7.381837
v -16.000000 4.909682 -7.148758
v -16.000000 5.260558 -6.882673
v -16.000000 5.585786 -6.585786
v -16.000000 5.882673 -6.260558
v -16.000000 6.148758 -5.909682
v -16.000000 6.381837 -5.536065
v -16.000000 6.579979 -5.142803
v -16.000000 6.741542 -4.733153
v -16.000000 6.865189 -4.310511
v -16.000000 6.949893 -3.878376
v -16.000000 6.994955 -3.440329
v -16.000000 7.000000 -3.000000
v -16.000000 17.888544 -3.000000
v -16.000000 17.771557 -3.858628
v -16.000000 17.613382 -4.710631
v -16.000000 17.414384 -5.554034
v -16.000000 17.175026 -6.386882
v -16.000000 16.895861 -7.207245
v -16.000000 16.577537 -8.013221
v -16.000000 16.220791 -8.802943
v -16.000000 15.826451 -9.574581
v -16.000000 15.395431 -10.326345
v -16.000000 14.928728 -11.056494
v -16.000000 14.427426 -11.763335
v -16.000000 13.892686 -12.445230
v -16.000000 13.325746 -13.100599
v -16.000000 12.727922 -13.727922
v -16.000000 12.100599 -14.325746
v -16.000000 11.445230 -14.892686
v -16.000000 10.763335 -15.427426
v -16.000000 10.056494 -15.928728
v -16.000000 9.326345 -16.395431
v -16.000000 8.574581 -16.826451
v -16.000000 7.802943 -17.220791
v -16.000000 7.013221 -17.577537
v -16.000000 6.207245 -17.895861
v -16.000000 5.386882 -18.175026
v -16.000000 4.554034 -18.414384
v -16.000000 3.710631 -18.613382
v -16.000000 2.858628 -18.771557
v -28.500000 7.000000 -9.000000
v -28.500000 7.173648 -8.984808
v -28.500000 7.342020 -8.939693
v -28.500000 7.500000 -8.866025
v -28.500000 7.642788 -8.766044
v -28.500000 7.766044 -8.642788
v -28.500000 7.866025 -8.500000
v -28.500000 7.939693 -8.342020
v -28.500000 7.984808 -8.173648
v -28.500000 8.000000 -8.000000
v -28.500000 7.984808 -7.826352
v -28.500000 7.939693 -7.657980
v -28.500000 7.866025 -7.500000
v -28.500000 7.766044 -7.357212
v -28.500000 7.642788 -7.233956
v -28.500000 7.500000 -7.133975
v -28.500000 7.342020 -7.060307
v -28.500000 7.173648 -7.015192
v -28.500000 7.000000 -7.000000
v -28.500000 6.826352 -7.015192
v -28.500000 6.657980 -7.060307
v -28.500000 6.500000 -7.133975
v -28.500000 6.357212 -7.233956
v -28.500000 6.233956 -7.357212
v -28.500000 6.133975 -7.500000
v -28.500000 6.060307 -7.657980
v -28.500000 6.015192 -7.826352
v -28.500000 6.000000 -8.000000
v -28.500000 6.015192 -8.173648
v -28.500000 6.060307 -8.342020
v -28.500000 6.133975 -8.500000
v -28.500000 6.233956 -8.642788
v -28.500000 6.357212 -8.766044
v -28.500000 6.500000 -8.866025
v -28.500000 6.657980 -8.939693
v -28.500000 6.826352 -8.984808
v -23.166667 7.000000 -7.000000
v -25.833333 7.000000 -7.000000
v -23.166667 6.826352 -8.984808
v -25.833333 6.826352 -8.984808
v -25.833333 7.000000 -9.000000
v -23.166667 7.000000 -9.000000
v -23.166667 6.657980 -8.939693
v -25.833333 6.657980 -8.939693
v -23.166667 6.500000 -8.866025
v -25.833333 6.500000 -8.866025
v -23.166667 6.357212 -8.766044
v -25.833333 6.357212 -8.766044
v -23.166667 6.233956 -8.642788
v -25.833333 6.233956 -8.642788
v -23.166667 6.133975 -8.500000
v -25.833333 6.133975 -8.500000
v -23.166667 6.060307 -8.342020
v -25.833333 6.060307 -8.342020
v -23.166667 6.015192 -8.173648
v -25.833333 6.015192 -8.173648
v -23.166667 6.000000 -8.000000
v -25.833333 6.000000 -8.000000
v -23.166667 6.015192 -7.826352
v -25.833333 6.015192 -7.826352
v -23.166667 6.060307 -7.657980
v -25.833333 6.060307 -7.657980
v -23.166667 6.133975 -7.500000
v -25.833333 6.133975 -7.500000
v -23.166667 6.233956 -7.357212
v -25.833333 6.233956 -7.357212
v -23.166667 6.357212 -7.233956
v -25.833333 6.357212 -7.233956
v -23.166667 6.500000 -7.133975
v -25.833333 6.500000 -7.133975
v -23.166667 6.657980 -7.060307
v -25.833333 6.657980 -7.060307
v -23.166667 6.826352 -7.015192
v -25.833333 6.826352 -7.015192
v -23.166667 7.173648 -7.015192
v -25.833333 7.173648 -7.015192
v -23.166667 7.342020 -7.060307
v -25.833333 7.342020 -7.060307
v -23.166667 7.500000 -7.133975
v -25.833333 7.500000 -7.133975
v -23.166667 7.642788 -7.233956
v -25.833333 7.642788 -7.233956
v -23.166667 7.766044 -7.357212
v -25.833333 7.766044 -7.357212
v -23.166667 7.866025 -7.500000
v -25.833333 7.866025 -7.500000
v -23.166667 7.939693 -7.657980
v -25.833333 7.939693 -7.657980
v -23.166667 7.984808 -7.826352
v -25.833333 7.984808 -7.826352
v -23.166667 8.000000 -8.000000
v -25.833333 8.000000 -8.000000
v -23.166667 7.984808 -8.173648
v -25.833333 7.984808 -8.173648
v -23.166667 7.939693 -8.342020
v -25.833333 7.939693 -8.342020
v -23.166667 7.866025 -8.500000
v -25.833333 7.866025 -8.500000
v -23.166667 7.766044 -8.642788
v -25.833333 7.766044 -8.642788
v -23.166667 7.642788 -8.766044
v -25.833333 7.642788 -8.766044
v -23.166667 7.500000 -8.866025
v -25.833333 7.500000 -8.866025
v -23.166667 7.342020 -8.939693
v -25.833333 7.342020 -8.939693
v -23.166667 7.173648 -8.984808
v -25.833333 7.173648 -8.984808
v -28.500000 2.000000 -8.000000
v -28.500000 2.000000 -18.888544
v -28.500000 2.858628 -18.771557
v -28.500000 3.710631 -18.613382
v -28.500000 4.554034 -18.414384
v -28.500000 5.386882 -18.175026
v -28.500000 6.207245 -17.895861
v -28.500000 7.013221 -17.577537
v -28.500000 7.802943 -17.220791
v -28.500000 8.574581 -16.826451
v -28.500000 9.326345 -16.395431
v -28.500000 10.056494 -15.928728
v -28.500000 10.763335 -15.427426
v -28.500000 11.445230 -14.892686
v -28.500000 12.100599 -14.325746
v -28.500000 12.727922 -13.727922
v -28.500000 13.325746 -13.100599
v -28.500000 13.892686 -12.445230
v -28.500000 14.427426 -11.763335
v -28.500000 14.928728 -11.056494
v -28.500000 15.395431 -10.326345
v -28.500000 15.826451 -9.574581
v -28.500000 16.220791 -8.802943
v -28.500000 16.577537 -8.013221
v -28.500000 16.895861 -7.207245
v -28.500000 17.175026 -6.386882
v -28.500000 17.414384 -5.554034
v -28.500000 17.613382 -4.710631
v -28.500000 17.771557 -3.858628
v -28.500000 17.888544 -3.000000
v -28.500000 7.000000 -3.000000
v -28.500000 6.994955 -3.440329
v -28.500000 6.949893 -3.878376
v -28.500000 6.865189 -4.310511
v -28.500000 6.741542 -4.733153
v -28.500000 6.579979 -5.142803
v -28.500000 6.381837 -5.536065
v -28.500000 6.148758 -5.909682
v -28.500000 5.882673 -6.260558
v -28.500000 5.585786 -6.585786
v -28.500000 5.260558 -6.882673
v -28.500000 4.909682 -7.148758
v -28.500000 4.536065 -7.381837
v -28.500000 4.142803 -7.579979
v -28.500000 3.733153 -7.741542
v -28.500000 3.310511 -7.865189
v -28.500000 2.878376 -7.949893
v -28.500000 2.440329 -7.994955
v -33.000000 2.000000 -8.000000
v -33.000000 2.000000 -18.888544
v -33.000000 2.858628 -18.771557
v -33.000000 3.710631 -18.613382
v -33.000000 4.554034 -18.414384
v -33.000000 5.386882 -18.175026
v -33.000000 6.207245 -17.895861
v -33.000000 7.013221 -17.577537
v -33.000000 7.802943 -17.220791
v -33.000000 8.574581 -16.826451
v -33.000000 9.326345 -16.395431
v -33.000000 10.056494 -15.928728
v -33.000000 10.763335 -15.427426
v -33.000000 11.445230 -14.892686
v -33.000000 12.100599 -14.325746
v -33.000000 12.727922 -13.727922
v -33.000000 13.325746 -13.100599
v -33.000000 13.892686 -12.445230
v -33.000000 14.427426 -11.763335
v -33.000000 14.928728 -11.056494
v -33.000000 15.395431 -10.326345
v -33.000000 15.826451 -9.574581
v -33.000000 16.220791 -8.802943
v -33.000000 16.577537 -8.013221
v -33.000000 16.895861 -7.207245
v -33.000000 17.175026 -6.386882
v -33.000000 17.414384 -5.554034
v -33.000000 17.613382 -4.710631
v -33.000000 17.771557 -3.858628
v -33.000000 17.888544 -3.000000
v -33.000000 7.000000 -3.000000
v -33.000000 6.994955 -3.440329
v -33.000000 6.949893 -3.878376
v -33.000000 6.865189 -4.310511
v -33.000000 6.741542 -4.733153
v -33.000000 6.579979 -5.142803
v -33.000000 6.381837 -5.536065
v -33.000000 6.148758 -5.909682
v -33.000000 5.882673 -6.260558
v -33.000000 5.585786 -6.585786
v -33.000000 5.260558 -6.882673
v -33.000000 4.909682 -7.148758
v -33.000000 4.536065 -7.381837
v -33.000000 4.142803 -7.579979
v -33.000000 3.733153 -7.741542
v -33.000000 3.310511 -7.865189
v -33.000000 2.878376 -7.949893
v -33.000000 2.440329 -7.994955
v -33.000000 7.000000 -9.000000
v -33.000000 7.173648 -8.984808
v -33.000000 7.342020 -8.939693
v -33.000000 7.500000 -8.866025
v -33.000000 7.642788 -8.766044
v -33.000000 7.766044 -8.642788
v -33.000000 7.866025 -8.500000
v -33.000000 7.939693 -8.342020
v -33.000000 7.984808 -8.173648
v -33.000000 8.000000 -8.000000
v -33.000000 7.984808 -7.826352
v -33.000000 7.939693 -7.657980
v -33.000000 7.866025 -7.500000
v -33.000000 7.766044 -7.357212
v -33.000000 7.642788 -7.233956
v -33.000000 7.500000 -7.133975
v -33.000000 7.342020 -7.060307
v -33.000000 7.173648 -7.015192
v -33.000000 7.000000 -7.000000
v -33.000000 6.826352 -7.015192
v -33.000000 6.657980 -7.060307
v -33.000000 6.500000 -7.133975
v -33.000000 6.357212 -7.233956
v -33.000000 6.233956 -7.357212
v -33.000000 6.133975 -7.500000
v -33.000000 6.060307 -7.657980
v -33.000000 6.015192 -7.826352
v -33.000000 6.000000 -8.000000
v -33.000000 6.015192 -8.173648
v -33.000000 6.060307 -8.342020
v -33.000000 6.133975 -8.500000
v -33.000000 6.233956 -8.642788
v -33.000000 6.357212 -8.766044
v -33.000000 6.500000 -8.866025
v -33.000000 6.657980 -8.939693
v -33.000000 6.826352 -8.984808
v -41.000000 7.000000 -9.000000
v -41.000000 7.173648 -8.984808
v -41.000000 7.342020 -8.939693
v -41.000000 7.500000 -8.866025
v -41.000000 7.642788 -8.766044
v -41.000000 7.766044 -8.642788
v -41.000000 7.866025 -8.500000
v -41.000000 7.939693 -8.342020
v -41.000000 7.984808 -8.173648
v -41.000000 8.000000 -8.000000
v -41.000000 7.984808 -7.826352
v -41.000000 7.939693 -7.657980
v -41.000000 7.866025 -7.500000
v -41.000000 7.766044 -7.357212
v -41.000000 7.642788 -7.233956
v -41.000000 7.500000 -7.133975
v -41.000000 7.342020 -7.060307
v -41.000000 7.173648 -7.015192
v -41.000000 7.000000 -7.000000
v -41.000000 6.826352 -7.015192
v -41.000000 6.657980 -7.060307
v -41.000000 6.500000 -7.133975
v -41.000000 6.357212 -7.233956
v -41.000000 6.233956 -7.357212
v -41.000000 6.133975 -7.500000
v -41.000000 6.060307 -7.657980
v -41.000000 6.015192 -7.826352
v -41.000000 6.000000 -8.000000
v -41.000000 6.015192 -8.173648
v -41.000000 6.060307 -8.342020
v -41.000000 6.133975 -8.500000
v -41.000000 6.233956 -8.642788
v -41.000000 6.357212 -8.766044
v -41.000000 6.500000 -8.866025
v -41.000000 6.657980 -8.939693
v -41.000000 6.826352 -8.984808
v -38.333333 7.000000 -7.000000
v -35.666667 7.000000 -7.000000
v -38.333333 7.173648 -8.984808
v -35.666667 7.173648 -8.984808
v -35.666667 7.000000 -9.000000
v -38.333333 7.000000 -9.000000
v -38.333333 7.342020 -8.939693
v -35.666667 7.342020 -8.939693
v -38.333333 7.500000 -8.866025
v -35.666667 7.500000 -8.866025
v -38.333333 7.642788 -8.766044
v -35.666667 7.642788 -8.766044
v -38.333333 7.766044 -8.642788
v -35.666667 7.766044 -8.642788
v -38.333333 7.866025 -8.500000
v -35.666667 7.866025 -8.500000
v -38.333333 7.939693 -8.342020
v -35.666667 7.939693 -8.342020
v -38.333333 7.984808 -8.173648
v -35.666667 7.984808 -8.173648
v -38.333333 8.000000 -8.000000
v -35.666667 8.000000 -8.000000
v -38.333333 7.984808 -7.826352
v -35.666667 7.984808 -7.826352
v -38.333333 7.939693 -7.657980
v -35.666667 7.939693 -7.657980
v -38.333333 7.866025 -7.500000
v -35.666667 7.866025 -7.500000
v -38.333333 7.766044 -7.357212
v -35.666667 7.766044 -7.357212
v -38.333333 7.642788 -7.233956
v -35.666667 7.642788 -7.233956
v -38.333333 7.500000 -7.133975
v -35.666667 7.500000 -7.133975
v -38.333333 7.342020 -7.060307
v -35.666667 7.342020 -7.060307
v -38.333333 7.173648 -7.015192
v -35.666667 7.173648 -7.015192
v -38.333333 6.826352 -7.015192
v -35.666667 6.826352 -7.015192
v -38.333333 6.657980 -7.060307
v -35.666667 6.657980 -7.060307
v -38.333333 6.500000 -7.133975
v -35.666667 6.500000 -7.133975
v -38.333333 6.357212 -7.233956
v -35.666667 6.357212 -7.233956
v -38.333333 6.233956 -7.357212
v -35.666667 6.233956 -7.357212
v -38.333333 6.133975 -7.500000
v -35.666667 6.133975 -7.500000
v -38.333333 6.060307 -7.657980
v -35.666667 6.060307 -7.657980
v -38.333333 6.015192 -7.826352
v -35.666667 6.015192 -7.826352
v -38.333333 6.000000 -8.000000
v -35.666667 6.000000 -8.000000
v -38.333333 6.015192 -8.173648
v -35.666667 6.015192 -8.173648
v -38.333333 6.060307 -8.342020
v -35.666667 6.060307 -8.342020
v -38.333333 6.133975 -8.500000
v -35.666667 6.133975 -8.500000
v -38.333333 6.233956 -8.642788
v -35.666667 6.233956 -8.642788
v -38.333333 6.357212 -8.766044
v -35.666667 6.357212 -8.766044
v -38.333333 6.500000 -8.866025
v -35.666667 6.500000 -8.866025
v -38.333333 6.657980 -8.939693
v -35.666667 6.657980 -8.939693
v -38.333333 6.826352 -8.984808
v -35.666667 6.826352 -8.984808
v -41.000000 2.000000 -8.000000
v -41.000000 2.000000 -18.888544
v -41.000000 2.858628 -18.771557
v -41.000000 3.710631 -18.613382
v -41.000000 4.554034 -18.414384
v -41.000000 5.386882 -18.175026
v -41.000000 6.207245 -17.895861
v -41.000000 7.013221 -17.577537
v -41.000000 7.802943 -17.220791
v -41.000000 8.574581 -16.826451
v -41.000000 9.326345 -16.395431
v -41.000000 10.056494 -15.928728
v -41.000000 10.763335 -15.427426
v -41.000000 11.445230 -14.892686
v -41.000000 12.100599 -14.325746
v -41.000000 12.727922 -13.727922
v -41.000000 13.325746 -13.100599
v -41.000000 13.892686 -12.445230
v -41.000000 14.427426 -11.763335
v -41.000000 14.928728 -11.056494
v -41.000000 15.395431 -10.326345
v -41.000000 15.826451 -9.574581
v -41.000000 16.220791 -8.802943
v -41.000000 16.577537 -8.013221
v -41.000000 16.895861 -7.207245
v -41.000000 17.175026 -6.386882
v -41.000000 17.414384 -5.554034
v -41.000000 17.613382 -4.710631
v -41.000000 17.771557 -3.858628
v -41.000000 17.888544 -3.000000
v -41.000000 7.000000 -3.000000
v -41.000000 6.994955 -3.440329
v -41.000000 6.949893 -3.878376
v -41.000000 6.865189 -4.310511
v -41.000000 6.741542 -4.733153
v -41.000000 6.579979 -5.142803
v -41.000000 6.381837 -5.536065
v -41.000000 6.148758 -5.909682
v -41.000000 5.882673 -6.260558
v -41.000000 5.585786 -6.585786
v -41.000000 5.260558 -6.882673
v -41.000000 4.909682 -7.148758
v -41.000000 4.536065 -7.381837
v -41.000000 4.142803 -7.579979
v -41.000000 3.733153 -7.741542
v -41.000000 3.310511 -7.865189
v -41.000000 2.878376 -7.949893
v -41.000000 2.440329 -7.994955
v -45.500000 2.000000 -8.000000
v -45.500000 2.000000 -18.888544
v -45.500000 2.858628 -18.771557
v -45.500000 3.710631 -18.613382
v -45.500000 4.554034 -18.414384
v -45.500000 5.386882 -18.175026
v -45.500000 6.207245 -17.895861
v -45.500000 7.013221 -17.577537
v -45.500000 7.802943 -17.220791
v -45.500000 8.574581 -16.826451
v -45.500000 9.326345 -16.395431
v -45.500000 10.056494 -15.928728
v -45.500000 10.763335 -15.427426
v -45.500000 11.445230 -14.892686
v -45.500000 12.100599 -14.325746
v -45.500000 12.727922 -13.727922
v -45.500000 13.325746 -13.100599
v -45.500000 13.892686 -12.445230
v -45.500000 14.427426 -11.763335
v -45.500000 14.928728 -11.056494
v -45.500000 15.395431 -10.326345
v -45.500000 15.826451 -9.574581
v -45.500000 16.220791 -8.802943
v -45.500000 16.577537 -8.013221
v -45.500000 16.895861 -7.207245
v -45.500000 17.175026 -6.386882
v -45.500000 17.414384 -5.554034
v -45.500000 17.613382 -4.710631
v -45.500000 17.771557 -3.858628
v -45.500000 17.888544 -3.000000
v -45.500000 7.000000 -3.000000
v -45.500000 6.994955 -3.440329
v -45.500000 6.949893 -3.878376
v -45.500000 6.865189 -4.310511
v -45.500000 6.741542 -4.733153
v -45.500000 6.579979 -5.142803
v -45.500000 6.381837 -5.536065
v -45.500000 6.148758 -5.909682
v -45.500000 5.882673 -6.260558
v -45.500000 5.585786 -6.585786
v -45.500000 5.260558 -6.882673
v -45.500000 4.909682 -7.148758
v -45.500000 4.536065 -7.381837
v -45.500000 4.142803 -7.579979
v -45.500000 3.733153 -7.741542
v -45.500000 3.310511 -7.865189
v -45.500000 2.878376 -7.949893
v -45.500000 2.440329 -7.994955
v -45.500000 7.000000 -9.000000
v -45.500000 7.173648 -8.984808
v -45.500000 7.342020 -8.939693
v -45.500000 7.500000 -8.866025
v -45.500000 7.642788 -8.766044
v -45.500000 7.766044 -8.642788
v -45.500000 7.866025 -8.500000
v -45.500000 7.939693 -8.342020
v -45.500000 7.984808 -8.173648
v -45.500000 8.000000 -8.000000
v -45.500000 7.984808 -7.826352
v -45.500000 7.939693 -7.657980
v -45.500000 7.866025 -7.500000
v -45.500000 7.766044 -7.357212
v -45.500000 7.642788 -7.233956
v -45.500000 7.500000 -7.133975
v -45.500000 7.342020 -7.060307
v -45.500000 7.173648 -7.015192
v -45.500000 7.000000 -7.000000
v -45.500000 6.826352 -7.015192
v -45.500000 6.657980 -7.060307
v -45.500000 6.500000 -7.133975
v -45.500000 6.357212 -7.233956
v -45.500000 6.233956 -7.357212
v -45.500000 6.133975 -7.500000
v -45.500000 6.060307 -7.657980
v -45.500000 6.015192 -7.826352
v -45.500000 6.000000 -8.000000
v -45.500000 6.015192 -8.173648
v -45.500000 6.060307 -8.342020
v -45.500000 6.133975 -8.500000
v -45.500000 6.233956 -8.642788
v -45.500000 6.357212 -8.766044
v -45.500000 6.500000 -8.866025
v -45.500000 6.657980 -8.939693
v -45.500000 6.826352 -8.984808
v -53.500000 7.000000 -9.000000
v -53.500000 7.173648 -8.984808
v -53.500000 7.342020 -8.939693
v -53.500000 7.500000 -8.866025
v -53.500000 7.642788 -8.766044
v -53.500000 7.766044 -8.642788
v -53.500000 7.866025 -8.500000
v -53.500000 7.939693 -8.342020
v -53.500000 7.984808 -8.173648
v -53.500000 8.000000 -8.000000
v -53.500000 7.984808 -7.826352
v -53.500000 7.939693 -7.657980
v -53.500000 7.866025 -7.500000
v -53.500000 7.766044 -7.357212
v -53.500000 7.642788 -7.233956
v -53.500000 7.500000 -7.133975
v -53.500000 7.342020 -7.060307
v -53.500000 7.173648 -7.015192
v -53.500000 7.000000 -7.000000
v -53.500000 6.826352 -7.015192
v -53.500000 6.657980 -7.060307
v -53.500000 6.500000 -7.133975
v -53.500000 6.357212 -7.233956
v -53.500000 6.233956 -7.357212
v -53.500000 6.133975 -7.500000
v -53.500000 6.060307 -7.657980
v -53.500000 6.015192 -7.826352
v -53.500000 6.000000 -8.000000
v -53.500000 6.015192 -8.173648
v -53.500000 6.060307 -8.342020
v -53.500000 6.133975 -8.500000
v -53.500000 6.233956 -8.642788
v -53.500000 6.357212 -8.766044
v -53.500000 6.500000 -8.866025
v -53.500000 6.657980 -8.939693
v -53.500000 6.826352 -8.984808
v -50.833333 7.000000 -7.000000
v -48.166667 7.000000 -7.000000
v -50.833333 7.173648 -8.984808
v -48.166667 7.173648 -8.984808
v -48.166667 7.000000 -9.000000
v -50.833333 7.000000 -9.000000
v -50.833333 7.342020 -8.939693
v -48.166667 7.342020 -8.939693
v -50.833333 7.500000 -8.866025
v -48.166667 7.500000 -8.866025
v -50.833333 7.642788 -8.766044
v -48.166667 7.642788 -8.766044
v -50.833333 7.766044 -8.642788
v -48.166667 7.766044 -8.642788
v -50.833333 7.866025 -8.500000
v -48.166667 7.866025 -8.500000
v -50.833333 7.939693 -8.342020
v -48.166667 7.939693 -8.342020
v -50.833333 7.984808 -8.173648
v -48.166667 7.984808 -8.173648
v -50.833333 8.000000 -8.000000
v -48.166667 8.000000 -8.000000
v -50.833333 7.984808 -7.826352
v -48.166667 7.984808 -7.826352
v -50.833333 7.939693 -7.657980
v -48.166667 7.939693 -7.657980
v -50.833333 7.866025 -7.500000
v -48.166667 7.866025 -7.500000
v -50.833333 7.766044 -7.357212
v -48.166667 7.766044 -7.357212
v -50.833333 7.642788 -7.233956
v -48.166667 7.642788 -7.233956
v -50.833333 7.500000 -7.133975
v -48.166667 7.500000 -7.133975
v -50.833333 7.342020 -7.060307
v -48.166667 7.342020 -7.060307
v -50.833333 7.173648 -7.015192
v -48.166667 7.173648 -7.015192
v -50.833333 6.826352 -7.015192
v -48.166667 6.826352 -7.015192
v -50.833333 6.657980 -7.060307
v -48.166667 6.657980 -7.060307
v -50.833333 6.500000 -7.133975
v -48.166667 6.500000 -7.133975
v -50.833333 6.357212 -7.233956
v -48.166667 6.357212 -7.233956
v -50.833333 6.233956 -7.357212
v -48.166667 6.233956 -7.357212
v -50.833333 6.133975 -7.500000
v -48.166667 6.133975 -7.500000
v -50.833333 6.060307 -7.657980
v -48.166667 6.060307 -7.657980
v -50.833333 6.015192 -7.826352
v -48.166667 6.015192 -7.826352
v -50.833333 6.000000 -8.000000
v -48.166667 6.000000 -8.000000
v -50.833333 6.015192 -8.173648
v -48.166667 6.015192 -8.173648
v -50.833333 6.060307 -8.342020
v -48.166667 6.060307 -8.342020
v -50.833333 6.133975 -8.500000
v -48.166667 6.133975 -8.500000
v -50.833333 6.233956 -8.642788
v -48.166667 6.233956 -8.642788
v -50.833333 6.357212 -8.766044
v -48.166667 6.357212 -8.766044
v -50.833333 6.500000 -8.866025
v -48.166667 6.500000 -8.866025
v -50.833333 6.657980 -8.939693
v -48.166667 6.657980 -8.939693
v -50.833333 6.826352 -8.984808
v -48.166667 6.826352 -8.984808
v -53.500000 2.000000 -8.000000
v -53.500000 2.000000 -18.888544
v -53.500000 2.858628 -18.771557
v -53.500000 3.710631 -18.613382
v -53.500000 4.554034 -18.414384
v -53.500000 5.386882 -18.175026
v -53.500000 6.207245 -17.895861
v -53.500000 7.013221 -17.577537
v -53.500000 7.802943 -17.220791
v -53.500000 8.574581 -16.826451
v -53.500000 9.326345 -16.395431
v -53.500000 10.056494 -15.928728
v -53.500000 10.763335 -15.427426
v -53.500000 11.445230 -14.892686
v -53.500000 12.100599 -14.325746
v -53.500000 12.727922 -13.727922
v -53.500000 13.325746 -13.100599
v -53.500000 13.892686 -12.445230
v -53.500000 14.427426 -11.763335
v -53.500000 14.928728 -11.056494
v -53.500000 15.395431 -10.326345
v -53.500000 15.826451 -9.574581
v -53.500000 16.220791 -8.802943
v -53.500000 16.577537 -8.013221
v -53.500000 16.895861 -7.207245
v -53.500000 17.175026 -6.386882
v -53.500000 17.414384 -5.554034
v -53.500000 17.613382 -4.710631
v -53.500000 17.771557 -3.858628
v -53.500000 17.888544 -3.000000
v -53.500000 7.000000 -3.000000
v -53.500000 6.994955 -3.440329
v -53.500000 6.949893 -3.878376
v -53.500000 6.865189 -4.310511
v -53.500000 6.741542 -4.733153
v -53.500000 6.579979 -5.142803
v -53.500000 6.381837 -5.536065
v -53.500000 6.148758 -5.909682
v -53.500000 5.882673 -6.260558
v -53.500000 5.585786 -6.585786
v -53.500000 5.260558 -6.882673
v -53.500000 4.909682 -7.148758
v -53.500000 4.536065 -7.381837
v -53.500000 4.142803 -7.579979
v -53.500000 3.733153 -7.741542
v -53.500000 3.310511 -7.865189
v -53.500000 2.878376 -7.949893
v -53.500000 2.440329 -7.994955
v -58.000000 2.000000 -8.000000
v -58.000000 2.000000 -18.888544
v -58.000000 2.858628 -18.771557
v -58.000000 3.710631 -18.613382
v -58.000000 4.554034 -18.414384
v -58.000000 5.386882 -18.175026
v -58.000000 6.207245 -17.895861
v -58.000000 7.013221 -17.577537
v -58.000000 7.802943 -17.220791
v -58.000000 8.574581 -16.826451
v -58.000000 9.326345 -16.395431
v -58.000000 10.056494 -15.928728
v -58.000000 10.763335 -15.427426
v -58.000000 11.445230 -14.892686
v -58.000000 12.100599 -14.325746
v -58.000000 12.727922 -13.727922
v -58.000000 13.325746 -13.100599
v -58.000000 13.892686 -12.445230
v -58.000000 14.427426 -11.763335
v -58.000000 14.928728 -11.056494
v -58.000000 15.395431 -10.326345
v -58.000000 15.826451 -9.574581
v -58.000000 16.220791 -8.802943
v -58.000000 16.577537 -8.013221
v -58.000000 16.895861 -7.207245
v -58.000000 17.175026 -6.386882
v -58.000000 17.414384 -5.554034
v -58.000000 17.613382 -4.710631
v -58.000000 17.771557 -3.858628
v -58.000000 17.888544 -3.000000
v -58.000000 7.000000 -3.000000
v -58.000000 6.994955 -3.440329
v -58.000000 6.949893 -3.878376
v -58.000000 6.865189 -4.310511
v -58.000000 6.741542 -4.733153
v -58.000000 6.579979 -5.142803
v -58.000000 6.381837 -5.536065
v -58.000000 6.148758 -5.909682
v -58.000000 5.882673 -6.260558
v -58.000000 5.585786 -6.585786
v -58.000000 5.260558 -6.882673
v -58.000000 4.909682 -7.148758
v -58.000000 4.536065 -7.381837
v -58.000000 4.142803 -7.579979
v -58.000000 3.733153 -7.741542
v -58.000000 3.310511 -7.865189
v -58.000000 2.878376 -7.949893
v -58.000000 2.440329 -7.994955
v -58.000000 7.000000 -9.000000
v -58.000000 7.173648 -8.984808
v -58.000000 7.342020 -8.939693
v -58.000000 7.500000 -8.866025
v -58.000000 7.642788 -8.766044
v -58.000000 7.766044 -8.642788
v -58.000000 7.866025 -8.500000
v -58.000000 7.939693 -8.342020
v -58.000000 7.984808 -8.173648
v -58.000000 8.000000 -8.000000
v -58.000000 7.984808 -7.826352
v -58.000000 7.939693 -7.657980
v -58.000000 7.866025 -7.500000
v -58.000000 7.766044 -7.357212
v -58.000000 7.642788 -7.233956
v -58.000000 7.500000 -7.133975
v -58.000000 7.342020 -7.060307
v -58.000000 7.173648 -7.015192
v -58.000000 7.000000 -7.000000
v -58.000000 6.826352 -7.015192
v -58.000000 6.657980 -7.060307
v -58.000000 6.500000 -7.133975
v -58.000000 6.357212 -7.233956
v -58.000000 6.233956 -7.357212
v -58.000000 6.133975 -7.500000
v -58.000000 6.060307 -7.657980
v -58.000000 6.015192 -7.826352
v -58.000000 6.000000 -8.000000
v -58.000000 6.015192 -8.173648
v -58.000000 6.060307 -8.342020
v -58.000000 6.133975 -8.500000
v -58.000000 6.233956 -8.642788
v -58.000000 6.357212 -8.766044
v -58.000000 6.500000 -8.866025
v -58.000000 6.657980 -8.939693
v -58.000000 6.826352 -8.984808
v -66.000000 7.000000 -9.000000
v -66.000000 7.173648 -8.984808
v -66.000000 7.342020 -8.939693
v -66.000000 7.500000 -8.866025
v -66.000000 7.642788 -8.766044
v -66.000000 7.766044 -8.642788
v -66.000000 7.866025 -8.500000
v -66.000000 7.939693 -8.342020
v -66.000000 7.984808 -8.173648
v -66.000000 8.000000 -8.000000
v -66.000000 7.984808 -7.826352
v -66.000000 7.939693 -7.657980
v -66.000000 7.866025 -7.500000
v -66.000000 7.766044 -7.357212
v -66.000000 7.642788 -7.233956
v -66.000000 7.500000 -7.133975
v -66.000000 7.342020 -7.060307
v -66.000000 7.173648 -7.015192
v -66.000000 7.000000 -7.000000
v -66.000000 6.826352 -7.015192
v -66.000000 6.657980 -7.060307
v -66.000000 6.500000 -7.133975
v -66.000000 6.357212 -7.233956
v -66.000000 6.233956 -7.357212
v -66.000000 6.133975 -7.500000
v -66.000000 6.060307 -7.657980
v -66.000000 6.015192 -7.826352
v -66.000000 6.000000 -8.000000
v -66.000000 6.015192 -8.173648
v -66.000000 6.060307 -8.342020
v -66.000000 6.133975 -8.500000
v -66.000000 6.233956 -8.642788
v -66.000000 6.357212 -8.766044
v -66.000000 6.500000 -8.866025
v -66.000000 6.657980 -8.939693
v -66.000000 6.826352 -8.984808
v -63.333333 7.000000 -7.000000
v -60.666667 7.000000 -7.000000
v -63.333333 7.173648 -8.984808
v -60.666667 7.173648 -8.984808
v -60.666667 7.000000 -9.000000
v -63.333333 7.000000 -9.000000
v -63.333333 7.342020 -8.939693
v -60.666667 7.342020 -8.939693
v -63.333333 7.500000 -8.866025
v -60.666667 7.500000 -8.866025
v -63.333333 7.642788 -8.766044
v -60.666667 7.642788 -8.766044
v -63.333333 7.766044 -8.642788
v -60.666667 7.766044 -8.642788
v -63.333333 7.866025 -8.500000
v -60.666667 7.866025 -8.500000
v -63.333333 7.939693 -8.342020
v -60.666667 7.939693 -8.342020
v -63.333333 7.984808 -8.173648
v -60.666667 7.984808 -8.173648
v -63.333333 8.000000 -8.000000
v -60.666667 8.000000 -8.000000
v -63.333333 7.984808 -7.826352
v -60.666667 7.984808 -7.826352
v -63.333333 7.939693 -7.657980
v -60.666667 7.939693 -7.657980
v -63.333333 7.866025 -7.500000
v -60.666667 7.866025 -7.500000
v -63.333333 7.766044 -7.357212
v -60.666667 7.766044 -7.357212
v -63.333333 7.642788 -7.233956
v -60.666667 7.642788 -7.233956
v -63.333333 7.500000 -7.133975
v -60.666667 7.500000 -7.133975
v -63.333333 7.342020 -7.060307
v -60.666667 7.342020 -7.060307
v -63.333333 7.173648 -7.015192
v -60.666667 7.173648 -7.015192
v -63.333333 6.826352 -7.015192
v -60.666667 6.826352 -7.015192
v -63.333333 6.657980 -7.060307
v -60.666667 6.657980 -7.060307
v -63.333333 6.500000 -7.133975
v -60.666667 6.500000 -7.133975
v -63.333333 6.357212 -7.233956
v -60.666667 6.357212 -7.233956
v -63.333333 6.233956 -7.357212
v -60.666667 6.233956 -7.357212
v -63.333333 6.133975 -7.500000
v -60.666667 6.133975 -7.500000
v -63.333333 6.060307 -7.657980
v -60.666667 6.060307 -7.657980
v -63.333333 6.015192 -7.826352
v -60.666667 6.015192 -7.826352
v -63.333333 6.000000 -8.000000
v -60.666667 6.000000 -8.000000
v -63.333333 6.015192 -8.173648
v -60.666667 6.015192 -8.173648
v -63.333333 6.060307 -8.342020
v -60.666667 6.060307 -8.342020
v -63.333333 6.133975 -8.500000
v -60.666667 6.133975 -8.500000
v -63.333333 6.233956 -8.642788
v -60.666667 6.233956 -8.642788
v -63.333333 6.357212 -8.766044
v -60.666667 6.357212 -8.766044
v -63.333333 6.500000 -8.866025
v -60.666667 6.500000 -8.866025
v -63.333333 6.657980 -8.939693
v -60.666667 6.657980 -8.939693
v -63.333333 6.826352 -8.984808
v -60.666667 6.826352 -8.984808
v -66.000000 2.000000 -8.000000
v -66.000000 2.000000 -18.888544
v -66.000000 2.858628 -18.771557
v -66.000000 3.710631 -18.613382
v -66.000000 4.554034 -18.414384
v -66.000000 5.386882 -18.175026
v -66.000000 6.207245 -17.895861
v -66.000000 7.013221 -17.577537
v -66.000000 7.802943 -17.220791
v -66.000000 8.574581 -16.826451
v -66.000000 9.326345 -16.395431
v -66.000000 10.056494 -15.928728
v -66.000000 10.763335 -15.427426
v -66.000000 11.445230 -14.892686
v -66.000000 12.100599 -14.325746
v -66.000000 12.727922 -13.727922
v -66.000000 13.325746 -13.100599
v -66.000000 13.892686 -12.445230
v -66.000000 14.427426 -11.763335
v -66.000000 14.928728 -11.056494
v -66.000000 15.395431 -10.326345
v -66.000000 15.826451 -9.574581
v -66.000000 16.220791 -8.802943
v -66.000000 16.577537 -8.013221
v -66.000000 16.895861 -7.207245
v -66.000000 17.175026 -6.386882
v -66.000000 17.414384 -5.554034
v -66.000000 17.613382 -4.710631
v -66.000000 17.771557 -3.858628
v -66.000000 17.888544 -3.000000
v -66.000000 7.000000 -3.000000
v -66.000000 6.994955 -3.440329
v -66.000000 6.949893 -3.878376
v -66.000000 6.865189 -4.310511
v -66.000000 6.741542 -4.733153
v -66.000000 6.579979 -5.142803
v -66.000000 6.381837 -5.536065
v -66.000000 6.148758 -5.909682
v -66.000000 5.882673 -6.260558
v -66.000000 5.585786 -6.585786
v -66.000000 5.260558 -6.882673
v -66.000000 4.909682 -7.148758
v -66.000000 4.536065 -7.381837
v -66.000000 4.142803 -7.579979
v -66.000000 3.733153 -7.741542
v -66.000000 3.310511 -7.865189
v -66.000000 2.878376 -7.949893
v -66.000000 2.440329 -7.994955
v -70.500000 2.000000 -8.000000
v -70.500000 2.000000 -18.888544
v -70.500000 2.858628 -18.771557
v -70.500000 3.710631 -18.613382
v -70.500000 4.554034 -18.414384
v -70.500000 5.386882 -18.175026
v -70.500000 6.207245 -17.895861
v -70.500000 7.013221 -17.577537
v -70.500000 7.802943 -17.220791
v -70.500000 8.574581 -16.826451
v -70.500000 9.326345 -16.395431
v -70.500000 10.056494 -15.928728
v -70.500000 10.763335 -15.427426
v -70.500000 11.445230 -14.892686
v -70.500000 12.100599 -14.325746
v -70.500000 12.727922 -13.727922
v -70.500000 13.325746 -13.100599
v -70.500000 13.892686 -12.445230
v -70.500000 14.427426 -11.763335
v -70.500000 14.928728 -11.056494
v -70.500000 15.395431 -10.326345
v -70.500000 15.826451 -9.574581
v -70.500000 16.220791 -8.802943
v -70.500000 16.577537 -8.013221
v -70.500000 16.895861 -7.207245
v -70.500000 17.175026 -6.386882
v -70.500000 17.414384 -5.554034
v -70.500000 17.613382 -4.710631
v -70.500000 17.771557 -3.858628
v -70.500000 17.888544 -3.000000
v -70.500000 7.000000 -3.000000
v -70.500000 6.994955 -3.440329
v -70.500000 6.949893 -3.878376
v -70.500000 6.865189 -4.310511
v -70.500000 6.741542 -4.733153
v -70.500000 6.579979 -5.142803
v -70.500000 6.381837 -5.536065
v -70.500000 6.148758 -5.909682
v -70.500000 5.882673 -6.260558
v -70.500000 5.585786 -6.585786
v -70.500000 5.260558 -6.882673
v -70.500000 4.909682 -7.148758
v -70.500000 4.536065 -7.381837
v -70.500000 4.142803 -7.579979
v -70.500000 3.733153 -7.741542
v -70.500000 3.310511 -7.865189
v -70.500000 2.878376 -7.949893
v -70.500000 2.440329 -7.994955
v -70.500000 7.000000 -9.000000
v -70.500000 7.173648 -8.984808
v -70.500000 7.342020 -8.939693
v -70.500000 7.500000 -8.866025
v -70.500000 7.642788 -8.766044
v -70.500000 7.766044 -8.642788
v -70.500000 7.866025 -8.500000
v -70.500000 7.939693 -8.342020
v -70.500000 7.984808 -8.173648
v -70.500000 8.000000 -8.000000
v -70.500000 7.984808 -7.826352
v -70.500000 7.939693 -7.657980
v -70.500000 7.866025 -7.500000
v -70.500000 7.766044 -7.357212
v -70.500000 7.642788 -7.233956
v -70.500000 7.500000 -7.133975
v -70.500000 7.342020 -7.060307
v -70.500000 7.173648 -7.015192
v -70.500000 7.000000 -7.000000
v -70.500000 6.826352 -7.015192
v -70.500000 6.657980 -7.060307
v -70.500000 6.500000 -7.133975
v -70.500000 6.357212 -7.233956
v -70.500000 6.233956 -7.357212
v -70.500000 6.133975 -7.500000
v -70.500000 6.060307 -7.657980
v -70.500000 6.015192 -7.826352
v -70.500000 6.000000 -8.000000
v -70.500000 6.015192 -8.173648
v -70.500000 6.060307 -8.342020
v -70.500000 6.133975 -8.500000
v -70.500000 6.233956 -8.642788
v -70.500000 6.357212 -8.766044
v -70.500000 6.500000 -8.866025
v -70.500000 6.657980 -8.939693
v -70.500000 6.826352 -8.984808
v -78.500000 7.000000 -9.000000
v -78.500000 7.173648 -8.984808
v -78.500000 7.342020 -8.939693
v -78.500000 7.500000 -8.866025
v -78.500000 7.642788 -8.766044
v -78.500000 7.766044 -8.642788
v -78.500000 7.866025 -8.500000
v -78.500000 7.939693 -8.342020
v -78.500000 7.984808 -8.173648
v -78.500000 8.000000 -8.000000
v -78.500000 7.984808 -7.826352
v -78.500000 7.939693 -7.657980
v -78.500000 7.866025 -7.500000
v -78.500000 7.766044 -7.357212
v -78.500000 7.642788 -7.233956
v -78.500000 7.500000 -7.133975
v -78.500000 7.342020 -7.060307
v -78.500000 7.173648 -7.015192
v -78.500000 7.000000 -7.000000
v -78.500000 6.826352 -7.015192
v -78.500000 6.657980 -7.060307
v -78.500000 6.500000 -7.133975
v -78.500000 6.357212 -7.233956
v -78.500000 6.233956 -7.357212
v -78.500000 6.133975 -7.500000
v -78.500000 6.060307 -7.657980
v -78.500000 6.015192 -7.826352
v -78.500000 6.000000 -8.000000
v -78.500000 6.015192 -8.173648
v -78.500000 6.060307 -8.342020
v -78.500000 6.133975 -8.500000
v -78.500000 6.233956 -8.642788
v -78.500000 6.357212 -8.766044
v -78.500000 6.500000 -8.866025
v -78.500000 6.657980 -8.939693
v -78.500000 6.826352 -8.984808
v -75.833333 7.000000 -7.000000
v -73.166667 7.000000 -7.000000
v -75.833333 7.173648 -8.984808
v -73.166667 7.173648 -8.984808
v -73.166667 7.000000 -9.000000
v -75.833333 7.000000 -9.000000
v -75.833333 7.342020 -8.939693
v -73.166667 7.342020 -8.939693
v -75.833333 7.500000 -8.866025
v -73.166667 7.500000 -8.866025
v -75.833333 7.642788 -8.766044
v -73.166667 7.642788 -8.766044
v -75.833333 7.766044 -8.642788
v -73.166667 7.766044 -8.642788
v -75.833333 7.866025 -8.500000
v -73.166667 7.866025 -8.500000
v -75.833333 7.939693 -8.342020
v -73.166667 7.939693 -8.342020
v -75.833333 7.984808 -8.173648
v -73.166667 7.984808 -8.173648
v -75.833333 8.000000 -8.000000
v -73.166667 8.000000 -8.000000
v -75.833333 7.984808 -7.826352
v -73.166667 7.984808 -7.826352
v -75.833333 7.939693 -7.657980
v -73.166667 7.939693 -7.657980
v -75.833333 7.866025 -7.500000
v -73.166667 7.866025 -7.500000
v -75.833333 7.766044 -7.357212
v -73.166667 7.766044 -7.357212
v -75.833333 7.642788 -7.233956
v -73.166667 7.642788 -7.233956
v -75.833333 7.500000 -7.133975
v -73.166667 7.500000 -7.133975
v -75.833333 7.342020 -7.060307
v -73.166667 7.342020 -7.060307
v -75.833333 7.173648 -7.015192
v -73.166667 7.173648 -7.015192
v -75.833333 6.826352 -7.015192
v -73.166667 6.826352 -7.015192
v -75.833333 6.657980 -7.060307
v -73.166667 6.657980 -7.060307
v -75.833333 6.500000 -7.133975
v -73.166667 6.500000 -7.133975
v -75.833333 6.357212 -7.233956
v -73.166667 6.357212 -7.233956
v -75.833333 6.233956 -7.357212
v -73.166667 6.233956 -7.357212
v -75.833333 6.133975 -7.500000
v -73.166667 6.133975 -7.500000
v -75.833333 6.060307 -7.657980
v -73.166667 6.060307 -7.657980
v -75.833333 6.015192 -7.826352
v -73.166667 6.015192 -7.826352
v -75.833333 6.000000 -8.000000
v -73.166667 6.000000 -8.000000
v -75.833333 6.015192 -8.173648
v -73.166667 6.015192 -8.173648
v -75.833333 6.060307 -8.342020
v -73.166667 6.060307 -8.342020
v -75.833333 6.133975 -8.500000
v -73.166667 6.133975 -8.500000
v -75.833333 6.233956 -8.642788
v -73.166667 6.233956 -8.642788
v -75.833333 6.357212 -8.766044
v -73.166667 6.357212 -8.766044
v -75.833333 6.500000 -8.866025
v -73.166667 6.500000 -8.866025
v -75.833333 6.657980 -8.939693
v -73.166667 6.657980 -8.939693
v -75.833333 6.826352 -8.984808
v -73.166667 6.826352 -8.984808
v -78.500000 2.000000 -8.000000
v -78.500000 2.000000 -18.888544
v -78.500000 2.858628 -18.771557
v -78.500000 3.710631 -18.613382
v -78.500000 4.554034 -18.414384
v -78.500000 5.386882 -18.175026
v -78.500000 6.207245 -17.895861
v -78.500000 7.013221 -17.577537
v -78.500000 7.802943 -17.220791
v -78.500000 8.574581 -16.826451
v -78.500000 9.326345 -16.395431
v -78.500000 10.056494 -15.928728
v -78.500000 10.763335 -15.427426
v -78.500000 11.445230 -14.892686
v -78.500000 12.100599 -14.325746
v -78.500000 12.727922 -13.727922
v -78.500000 13.325746 -13.100599
v -78.500000 13.892686 -12.445230
v -78.500000 14.427426 -11.763335
v -78.500000 14.928728 -11.056494
v -78.500000 15.395431 -10.326345
v -78.500000 15.826451 -9.574581
v -78.500000 16.220791 -8.802943
v -78.500000 16.577537 -8.013221
v -78.500000 16.895861 -7.207245
v -78.500000 17.175026 -6.386882
v -78.500000 17.414384 -5.554034
v -78.500000 17.613382 -4.710631
v -78.500000 17.771557 -3.858628
v -78.500000 17.888544 -3.000000
v -78.500000 7.000000 -3.000000
v -78.500000 6.994955 -3.440329
v -78.500000 6.949893 -3.878376
v -78.500000 6.865189 -4.310511
v -78.500000 6.741542 -4.733153
v -78.500000 6.579979 -5.142803
v -78.500000 6.381837 -5.536065
v -78.500000 6.148758 -5.909682
v -78.500000 5.882673 -6.260558
v -78.500000 5.585786 -6.585786
v -78.500000 5.260558 -6.882673
v -78.500000 4.909682 -7.148758
v -78.500000 4.536065 -7.381837
v -78.500000 4.142803 -7.579979
v -78.500000 3.733153 -7.741542
v -78.500000 3.310511 -7.865189
v -78.500000 2.878376 -7.949893
v -78.500000 2.440329 -7.994955
v -83.000000 2.000000 -8.000000
v -83.000000 2.000000 -18.888544
v -83.000000 2.858628 -18.771557
v -83.000000 3.710631 -18.613382
v -83.000000 4.554034 -18.414384
v -83.000000 5.386882 -18.175026
v -83.000000 6.207245 -17.895861
v -83.000000 7.013221 -17.577537
v -83.000000 7.802943 -17.220791
v -83.000000 8.574581 -16.826451
v -83.000000 9.326345 -16.395431
v -83.000000 10.056494 -15.928728
v -83.000000 10.763335 -15.427426
v -83.000000 11.445230 -14.892686
v -83.000000 12.100599 -14.325746
v -83.000000 12.727922 -13.727922
v -83.000000 13.325746 -13.100599
v -83.000000 13.892686 -12.445230
v -83.000000 14.427426 -11.763335
v -83.000000 14.928728 -11.056494
v -83.000000 15.395431 -10.326345
v -83.000000 15.826451 -9.574581
v -83.000000 16.220791 -8.802943
v -83.000000 16.577537 -8.013221
v -83.000000 16.895861 -7.207245
v -83.000000 17.175026 -6.386882
v -83.000000 17.414384 -5.554034
v -83.000000 17.613382 -4.710631
v -83.000000 17.771557 -3.858628
v -83.000000 17.888544 -3.000000
v -83.000000 7.000000 -3.000000
v -83.000000 6.994955 -3.440329
v -83.000000 6.949893 -3.878376
v -83.000000 6.865189 -4.310511
v -83.000000 6.741542 -4.733153
v -83.000000 6.579979 -5.142803
v -83.000000 6.381837 -5.536065
v -83.000000 6.148758 -5.909682
v -83.000000 5.882673 -6.260558
v -83.000000 5.585786 -6.585786
v -83.000000 5.260558 -6.882673
v -83.000000 4.909682 -7.148758
v -83.000000 4.536065 -7.381837
v -83.000000 4.142803 -7.579979
v -83.000000 3.733153 -7.741542
v -83.000000 3.310511 -7.865189
v -83.000000 2.878376 -7.949893
v -83.000000 2.440329 -7.994955
v -83.000000 7.000000 -9.000000
v -83.000000 7.173648 -8.984808
v -83.000000 7.342020 -8.939693
v -83.000000 7.500000 -8.866025
v -83.000000 7.642788 -8.766044
v -83.000000 7.766044 -8.642788
v -83.000000 7.866025 -8.500000
v -83.000000 7.939693 -8.342020
v -83.000000 7.984808 -8.173648
v -83.000000 8.000000 -8.000000
v -83.000000 7.984808 -7.826352
v -83.000000 7.939693 -7.657980
v -83.000000 7.866025 -7.500000
v -83.000000 7.766044 -7.357212
v -83.000000 7.642788 -7.233956
v -83.000000 7.500000 -7.133975
v -83.000000 7.342020 -7.060307
v -83.000000 7.173648 -7.015192
v -83.000000 7.000000 -7.000000
v -83.000000 6.826352 -7.015192
v -83.000000 6.657980 -7.060307
v -83.000000 6.500000 -7.133975
v -83.000000 6.357212 -7.233956
v -83.000000 6.233956 -7.357212
v -83.000000 6.133975 -7.500000
v -83.000000 6.060307 -7.657980
v -83.000000 6.015192 -7.826352
v -83.000000 6.000000 -8.000000
v -83.000000 6.015192 -8.173648
v -83.000000 6.060307 -8.342020
v -83.000000 6.133975 -8.500000
v -83.000000 6.233956 -8.642788
v -83.000000 6.357212 -8.766044
v -83.000000 6.500000 -8.866025
v -83.000000 6.657980 -8.939693
v -83.000000 6.826352 -8.984808
v -91.000000 7.000000 -9.000000
v -91.000000 7.173648 -8.984808
v -91.000000 7.342020 -8.939693
v -91.000000 7.500000 -8.866025
v -91.000000 7.642788 -8.766044
v -91.000000 7.766044 -8.642788
v -91.000000 7.866025 -8.500000
v -91.000000 7.939693 -8.342020
v -91.000000 7.984808 -8.173648
v -91.000000 8.000000 -8.000000
v -91.000000 7.984808 -7.826352
v -91.000000 7.939693 -7.657980
v -91.000000 7.866025 -7.500000
v -91.000000 7.766044 -7.357212
v -91.000000 7.642788 -7.233956
v -91.000000 7.500000 -7.133975
v -91.000000 7.342020 -7.060307
v -91.000000 7.173648 -7.015192
v -91.000000 7.000000 -7.000000
v -91.000000 6.826352 -7.015192
v -91.000000 6.657980 -7.060307
v -91.000000 6.500000 -7.133975
v -91.000000 6.357212 -7.233956
v -91.000000 6.233956 -7.357212
v -91.000000 6.133975 -7.500000
v -91.000000 6.060307 -7.657980
v -91.000000 6.015192 -7.826352
v -91.000000 6.000000 -8.000000
v -91.000000 6.015192 -8.173648
v -91.000000 6.060307 -8.342020
v -91.000000 6.133975 -8.500000
v -91.000000 6.233956 -8.642788
v -91.000000 6.357212 -8.766044
v -91.000000 6.500000 -8.866025
v -91.000000 6.657980 -8.939693
v -91.000000 6.826352 -8.984808
v -88.333333 7.000000 -7.000000
v -85.666667 7.000000 -7.000000
v -88.333333 7.173648 -8.984808
v -85.666667 7.173648 -8.984808
v -85.666667 7.000000 -9.000000
v -88.333333 7.000000 -9.000000
v -88.333333 7.342020 -8.939693
v -85.666667 7.342020 -8.939693
v -88.333333 7.500000 -8.866025
v -85.666667 7.500000 -8.866025
v -88.333333 7.642788 -8.766044
v -85.666667 7.642788 -8.766044
v -88.333333 7.766044 -8.642788
v -85.666667 7.766044 -8.642788
v -88.333333 7.866025 -8.500000
v -85.666667 7.866025 -8.500000
v -88.333333 7.939693 -8.342020
v -85.666667 7.939693 -8.342020
v -88.333333 7.984808 -8.173648
v -85.666667 7.984808 -8.173648
v -88.333333 8.000000 -8.000000
v -85.666667 8.000000 -8.000000
v -88.333333 7.984808 -7.826352
v -85.666667 7.984808 -7.826352
v -88.333333 7.939693 -7.657980
v -85.666667 7.939693 -7.657980
v -88.333333 7.866025 -7.500000
v -85.666667 7.866025 -7.500000
v -88.333333 7.766044 -7.357212
v -85.666667 7.766044 -7.357212
v -88.333333 7.642788 -7.233956
v -85.666667 7.642788 -7.233956
v -88.333333 7.500000 -7.133975
v -85.666667 7.500000 -7.133975
v -88.333333 7.342020 -7.060307
v -85.666667 7.342020 -7.060307
v -88.333333 7.173648 -7.015192
v -85.666667 7.173648 -7.015192
v -88.333333 6.826352 -7.015192
v -85.666667 6.826352 -7.015192
v -88.333333 6.657980 -7.060307
v -85.666667 6.657980 -7.060307
v -88.333333 6.500000 -7.133975
v -85.666667 6.500000 -7.133975
v -88.333333 6.357212 -7.233956
v -85.666667 6.357212 -7.233956
v -88.333333 6.233956 -7.357212
v -85.666667 6.233956 -7.357212
v -88.333333 6.133975 -7.500000
v -85.666667 6.133975 -7.500000
v -88.333333 6.060307 -7.657980
v -85.666667 6.060307 -7.657980
v -88.333333 6.015192 -7.826352
v -85.666667 6.015192 -7.826352
v -88.333333 6.000000 -8.000000
v -85.666667 6.000000 -8.000000
v -88.333333 6.015192 -8.173648
v -85.666667 6.015192 -8.173648
v -88.333333 6.060307 -8.342020
v -85.666667 6.060307 -8.342020
v -88.333333 6.133975 -8.500000
v -85.666667 6.133975 -8.500000
v -88.333333 6.233956 -8.642788
v -85.666667 6.233956 -8.642788
v -88.333333 6.357212 -8.766044
v -85.666667 6.357212 -8.766044
v -88.333333 6.500000 -8.866025
v -85.666667 6.500000 -8.866025
v -88.333333 6.657980 -8.939693
v -85.666667 6.657980 -8.939693
v -88.333333 6.826352 -8.984808
v -85.666667 6.826352 -8.984808
v -91.000000 2.000000 -8.000000
v -91.000000 2.000000 -18.888544
v -91.000000 2.858628 -18.771557
v -91.000000 3.710631 -18.613382
v -91.000000 4.554034 -18.414384
v -91.000000 5.386882 -18.175026
v -91.000000 6.207245 -17.895861
v -91.000000 7.013221 -17.577537
v -91.000000 7.802943 -17.220791
v -91.000000 8.574581 -16.826451
v -91.000000 9.326345 -16.395431
v -91.000000 10.056494 -15.928728
v -91.000000 10.763335 -15.427426
v -91.000000 11.445230 -14.892686
v -91.000000 12.100599 -14.325746
v -91.000000 12.727922 -13.727922
v -91.000000 13.325746 -13.100599
v -91.000000 13.892686 -12.445230
v -91.000000 14.427426 -11.763335
v -91.000000 14.928728 -11.056494
v -91.000000 15.395431 -10.326345
v -91.000000 15.826451 -9.574581
v -91.000000 16.220791 -8.802943
v -91.000000 16.577537 -8.013221
v -91.000000 16.895861 -7.207245
v -91.000000 17.175026 -6.386882
v -91.000000 17.414384 -5.554034
v -91.000000 17.613382 -4.710631
v -91.000000 17.771557 -3.858628
v -91.000000 17.888544 -3.000000
v -91.000000 7.000000 -3.000000
v -91.000000 6.994955 -3.440329
v -91.000000 6.949893 -3.878376
v -91.000000 6.865189 -4.310511
v -91.000000 6.741542 -4.733153
v -91.000000 6.579979 -5.142803
v -91.000000 6.381837 -5.536065
v -91.000000 6.148758 -5.909682
v -91.000000 5.882673 -6.260558
v -91.000000 5.585786 -6.585786
v -91.000000 5.260558 -6.882673
v -91.000000 4.909682 -7.148758
v -91.000000 4.536065 -7.381837
v -91.000000 4.142803 -7.579979
v -91.000000 3.733153 -7.741542
v -91.000000 3.310511 -7.865189
v -91.000000 2.878376 -7.949893
v -91.000000 2.440329 -7.994955
v -95.500000 2.000000 -8.000000
v -95.500000 2.000000 -18.888544
v -95.500000 2.858628 -18.771557
v -95.500000 3.710631 -18.613382
v -95.500000 4.554034 -18.414384
v -95.500000 5.386882 -18.175026
v -95.500000 6.207245 -17.895861
v -95.500000 7.013221 -17.577537
v -95.500000 7.802943 -17.220791
v -95.500000 8.574581 -16.826451
v -95.500000 9.326345 -16.395431
v -95.500000 10.056494 -15.928728
v -95.500000 10.763335 -15.427426
v -95.500000 11.445230 -14.892686
v -95.500000 12.100599 -14.325746
v -95.500000 12.727922 -13.727922
v -95.500000 13.325746 -13.100599
v -95.500000 13.892686 -12.445230
v -95.500000 14.427426 -11.763335
v -95.500000 14.928728 -11.056494
v -95.500000 15.395431 -10.326345
v -95.500000 15.826451 -9.574581
v -95.500000 16.220791 -8.802943
v -95.500000 16.577537 -8.013221
v -95.500000 16.895861 -7.207245
v -95.500000 17.175026 -6.386882
v -95.500000 17.414384 -5.554034
v -95.500000 17.613382 -4.710631
v -95.500000 17.771557 -3.858628
v -95.500000 17.888544 -3.000000
v -95.500000 7.000000 -3.000000
v -95.500000 6.994955 -3.440329
v -95.500000 6.949893 -3.878376
v -95.500000 6.865189 -4.310511
v -95.500000 6.741542 -4.733153
v -95.500000 6.579979 -5.142803
v -95.500000 6.381837 -5.536065
v -95.500000 6.148758 -5.909682
v -95.500000 5.882673 -6.260558
v -95.500000 5.585786 -6.585786
v -95.500000 5.260558 -6.882673
v -95.500000 4.909682 -7.148758
v -95.500000 4.536065 -7.381837
v -95.500000 4.142803 -7.579979
v -95.500000 3.733153 -7.741542
v -95.500000 3.310511 -7.865189
v -95.500000 2.878376 -7.949893
v -95.500000 2.440329 -7.994955
v -95.500000 7.000000 -9.000000
v -95.500000 7.173648 -8.984808
v -95.500000 7.342020 -8.939693
v -95.500000 7.500000 -8.866025
v -95.500000 7.642788 -8.766044
v -95.500000 7.766044 -8.642788
v -95.500000 7.866025 -8.500000
v -95.500000 7.939693 -8.342020
v -95.500000 7.984808 -8.173648
v -95.500000 8.000000 -8.000000
v -95.500000 7.984808 -7.826352
v -95.500000 7.939693 -7.657980
v -95.500000 7.866025 -7.500000
v -95.500000 7.766044 -7.357212
v -95.500000 7.642788 -7.233956
v -95.500000 7.500000 -7.133975
v -95.500000 7.342020 -7.060307
v -95.500000 7.173648 -7.015192
v -95.500000 7.000000 -7.000000
v -95.500000 6.826352 -7.015192
v -95.500000 6.657980 -7.060307
v -95.500000 6.500000 -7.133975
v -95.500000 6.357212 -7.233956
v -95.500000 6.233956 -7.357212
v -95.500000 6.133975 -7.500000
v -95.500000 6.060307 -7.657980
v -95.500000 6.015192 -7.826352
v -95.500000 6.000000 -8.000000
v -95.500000 6.015192 -8.173648
v -95.500000 6.060307 -8.342020
v -95.500000 6.133975 -8.500000
v -95.500000 6.233956 -8.642788
v -95.500000 6.357212 -8.766044
v -95.500000 6.500000 -8.866025
v -95.500000 6.657980 -8.939693
v -95.500000 6.826352 -8.984808
v -103.500000 7.000000 -9.000000
v -103.500000 7.173648 -8.984808
v -103.500000 7.342020 -8.939693
v -103.500000 7.500000 -8.866025
v -103.500000 7.642788 -8.766044
v -103.500000 7.766044 -8.642788
v -103.500000 7.866025 -8.500000
v -103.500000 7.939693 -8.342020
v -103.500000 7.984808 -8.173648
v -103.500000 8.000000 -8.000000
v -103.500000 7.984808 -7.826352
v -103.500000 7.939693 -7.657980
v -103.500000 7.866025 -7.500000
v -103.500000 7.766044 -7.357212
v -103.500000 7.642788 -7.233956
v -103.500000 7.500000 -7.133975
v -103.500000 7.342020 -7.060307
v -103.500000 7.173648 -7.015192
v -103.500000 7.000000 -7.000000
v -103.500000 6.826352 -7.015192
v -103.500000 6.657980 -7.060307
v -103.500000 6.500000 -7.133975
v -103.500000 6.357212 -7.233956
v -103.500000 6.233956 -7.357212
v -103.500000 6.133975 -7.500000
v -103.500000 6.060307 -7.657980
v -103.500000 6.015192 -7.826352
v -103.500000 6.000000 -8.000000
v -103.500000 6.015192 -8.173648
v -103.500000 6.060307 -8.342020
v -103.500000 6.133975 -8.500000
v -103.500000 6.233956 -8.642788
v -103.500000 6.357212 -8.766044
v -103.500000 6.500000 -8.866025
v -103.500000 6.657980 -8.939693
v -103.500000 6.826352 -8.984808
v -100.833333 7.000000 -7.000000
v -98.166667 7.000000 -7.000000
v -100.833333 7.173648 -8.984808
v -98.166667 7.173648 -8.984808
v -98.166667 7.000000 -9.000000
v -100.833333 7.000000 -9.000000
v -100.833333 7.342020 -8.939693
v -98.166667 7.342020 -8.939693
v -100.833333 7.500000 -8.866025
v -98.166667 7.500000 -8.866025
v -100.833333 7.642788 -8.766044
v -98.166667 7.642788 -8.766044
v -100.833333 7.766044 -8.642788
v -98.166667 7.766044 -8.642788
v -100.833333 7.866025 -8.500000
v -98.166667 7.866025 -8.500000
v -100.833333 7.939693 -8.342020
v -98.166667 7.939693 -8.342020
v -100.833333 7.984808 -8.173648
v -98.166667 7.984808 -8.173648
v -100.833333 8.000000 -8.000000
v -98.166667 8.000000 -8.000000
v -100.833333 7.984808 -7.826352
v -98.166667 7.984808 -7.826352
v -100.833333 7.939693 -7.657980
v -98.166667 7.939693 -7.657980
v -100.833333 7.866025 -7.500000
v -98.166667 7.866025 -7.500000
v -100.833333 7.766044 -7.357212
v -98.166667 7.766044 -7.357212
v -100.833333 7.642788 -7.233956
v -98.166667 7.642788 -7.233956
v -100.833333 7.500000 -7.133975
v -98.166667 7.500000 -7.133975
v -100.833333 7.342020 -7.060307
v -98.166667 7.342020 -7.060307
v -100.833333 7.173648 -7.015192
v -98.166667 7.173648 -7.015192
v -100.833333 6.826352 -7.015192
v -98.166667 6.826352 -7.015192
v -100.833333 6.657980 -7.060307
v -98.166667 6.657980 -7.060307
v -100.833333 6.500000 -7.133975
v -98.166667 6.500000 -7.133975
v -100.833333 6.357212 -7.233956
v -98.166667 6.357212 -7.233956
v -100.833333 6.233956 -7.357212
v -98.166667 6.233956 -7.357212
v -100.833333 6.133975 -7.500000
v -98.166667 6.133975 -7.500000
v -100.833333 6.060307 -7.657980
v -98.166667 6.060307 -7.657980
v -100.833333 6.015192 -7.826352
v -98.166667 6.015192 -7.826352
v -100.833333 6.000000 -8.000000
v -98.166667 6.000000 -8.000000
v -100.833333 6.015192 -8.173648
v -98.166667 6.015192 -8.173648
v -100.833333 6.060307 -8.342020
v -98.166667 6.060307 -8.342020
v -100.833333 6.133975 -8.500000
v -98.166667 6.133975 -8.500000
v -100.833333 6.233956 -8.642788
v -98.166667 6.233956 -8.642788
v -100.833333 6.357212 -8.766044
v -98.166667 6.357212 -8.766044
v -100.833333 6.500000 -8.866025
v -98.166667 6.500000 -8.866025
v -100.833333 6.657980 -8.939693
v -98.166667 6.657980 -8.939693
v -100.833333 6.826352 -8.984808
v -98.166667 6.826352 -8.984808
v -103.500000 2.000000 -8.000000
v -103.500000 2.000000 -18.888544
v -103.500000 2.858628 -18.771557
v -103.500000 3.710631 -18.613382
v -103.500000 4.554034 -18.414384
v -103.500000 5.386882 -18.175026
v -103.500000 6.207245 -17.895861
v -103.500000 7.013221 -17.577537
v -103.500000 7.802943 -17.220791
v -103.500000 8.574581 -16.826451
v -103.500000 9.326345 -16.395431
v -103.500000 10.056494 -15.928728
v -103.500000 10.763335 -15.427426
v -103.500000 11.445230 -14.892686
v -103.500000 12.100599 -14.325746
v -103.500000 12.727922 -13.727922
v -103.500000 13.325746 -13.100599
v -103.500000 13.892686 -12.445230
v -103.500000 14.427426 -11.763335
v -103.500000 14.928728 -11.056494
v -103.500000 15.395431 -10.326345
v -103.500000 15.826451 -9.574581
v -103.500000 16.220791 -8.802943
v -103.500000 16.577537 -8.013221
v -103.500000 16.895861 -7.207245
v -103.500000 17.175026 -6.386882
v -103.500000 17.414384 -5.554034
v -103.500000 17.613382 -4.710631
v -103.500000 17.771557 -3.858628
v -103.500000 17.888544 -3.000000
v -103.500000 7.000000 -3.000000
v -103.500000 6.994955 -3.440329
v -103.500000 6.949893 -3.878376
v -103.500000 6.865189 -4.310511
v -103.500000 6.741542 -4.733153
v -103.500000 6.579979 -5.142803
v -103.500000 6.381837 -5.536065
v -103.500000 6.148758 -5.909682
v -103.500000 5.882673 -6.260558
v -103.500000 5.585786 -6.585786
v -103.500000 5.260558 -6.882673
v -103.500000 4.909682 -7.148758
v -103.500000 4.536065 -7.381837
v -103.500000 4.142803 -7.579979
v -103.500000 3.733153 -7.741542
v -103.500000 3.310511 -7.865189
v -103.500000 2.878376 -7.949893
v -103.500000 2.440329 -7.994955
v -108.000000 2.000000 -8.000000
v -108.000000 2.000000 -18.888544
v -108.000000 2.858628 -18.771557
v -108.000000 3.710631 -18.613382
v -108.000000 4.554034 -18.414384
v -108.000000 5.386882 -18.175026
v -108.000000 6.207245 -17.895861
v -108.000000 7.013221 -17.577537
v -108.000000 7.802943 -17.220791
v -108.000000 8.574581 -16.826451
v -108.000000 9.326345 -16.395431
v -108.000000 10.056494 -15.928728
v -108.000000 10.763335 -15.427426
v -108.000000 11.445230 -14.892686
v -108.000000 12.100599 -14.325746
v -108.000000 12.727922 -13.727922
v -108.000000 13.325746 -13.100599
v -108.000000 13.892686 -12.445230
v -108.000000 14.427426 -11.763335
v -108.000000 14.928728 -11.056494
v -108.000000 15.395431 -10.326345
v -108.000000 15.826451 -9.574581
v -108.000000 16.220791 -8.802943
v -108.000000 16.577537 -8.013221
v -108.000000 16.895861 -7.207245
v -108.000000 17.175026 -6.386882
v -108.000000 17.414384 -5.554034
v -108.000000 17.613382 -4.710631
v -108.000000 17.771557 -3.858628
v -108.000000 17.888544 -3.000000
v -108.000000 7.000000 -3.000000
v -108.000000 6.994955 -3.440329
v -108.000000 6.949893 -3.878376
v -108.000000 6.865189 -4.310511
v -108.000000 6.741542 -4.733153
v -108.000000 6.579979 -5.142803
v -108.000000 6.381837 -5.536065
v -108.000000 6.148758 -5.909682
v -108.000000 5.882673 -6.260558
v -108.000000 5.585786 -6.585786
v -108.000000 5.260558 -6.882673
v -108.000000 4.909682 -7.148758
v -108.000000 4.536065 -7.381837
v -108.000000 4.142803 -7.579979
v -108.000000 3.733153 -7.741542
v -108.000000 3.310511 -7.865189
v -108.000000 2.878376 -7.949893
v -108.000000 2.440329 -7.994955
v -108.000000 7.000000 -9.000000
v -108.000000 7.173648 -8.984808
v -108.000000 7.342020 -8.939693
v -108.000000 7.500000 -8.866025
v -108.000000 7.642788 -8.766044
v -108.000000 7.766044 -8.642788
v -108.000000 7.866025 -8.500000
v -108.000000 7.939693 -8.342020
v -108.000000 7.984808 -8.173648
v -108.000000 8.000000 -8.000000
v -108.000000 7.984808 -7.826352
v -108.000000 7.939693 -7.657980
v -108.000000 7.866025 -7.500000
v -108.000000 7.766044 -7.357212
v -108.000000 7.642788 -7.233956
v -108.000000 7.500000 -7.133975
v -108.000000 7.342020 -7.060307
v -108.000000 7.173648 -7.015192
v -108.000000 7.000000 -7.000000
v -108.000000 6.826352 -7.015192
v -108.000000 6.657980 -7.060307
v -108.000000 6.500000 -7.133975
v -108.000000 6.357212 -7.233956
v -108.000000 6.233956 -7.357212
v -108.000000 6.133975 -7.500000
v -108.000000 6.060307 -7.657980
v -108.000000 6.015192 -7.826352
v -108.000000 6.000000 -8.000000
v -108.000000 6.015192 -8.173648
v -108.000000 6.060307 -8.342020
v -108.000000 6.133975 -8.500000
v -108.000000 6.233956 -8.642788
v -108.000000 6.357212 -8.766044
v -108.000000 6.500000 -8.866025
v -108.000000 6.657980 -8.939693
v -108.000000 6.826352 -8.984808
v -116.000000 7.000000 -9.000000
v -116.000000 7.173648 -8.984808
v -116.000000 7.342020 -8.939693
v -116.000000 7.500000 -8.866025
v -116.000000 7.642788 -8.766044
v -116.000000 7.766044 -8.642788
v -116.000000 7.866025 -8.500000
v -116.000000 7.939693 -8.342020
v -116.000000 7.984808 -8.173648
v -116.000000 8.000000 -8.000000
v -116.000000 7.984808 -7.826352
v -116.000000 7.939693 -7.657980
v -116.000000 7.866025 -7.500000
v -116.000000 7.766044 -7.357212
v -116.000000 7.642788 -7.233956
v -116.000000 7.500000 -7.133975
v -116.000000 7.342020 -7.060307
v -116.000000 7.173648 -7.015192
v -116.000000 7.000000 -7.000000
v -116.000000 6.826352 -7.015192
v -116.000000 6.657980 -7.060307
v -116.000000 6.500000 -7.133975
v -116.000000 6.357212 -7.233956
v -116.000000 6.233956 -7.357212
v -116.000000 6.133975 -7.500000
v -116.000000 6.060307 -7.657980
v -116.000000 6.015192 -7.826352
v -116.000000 6.000000 -8.000000
v -116.000000 6.015192 -8.173648
v -116.000000 6.060307 -8.342020
v -116.000000 6.133975 -8.500000
v -116.000000 6.233956 -8.642788
v -116.000000 6.357212 -8.766044
v -116.000000 6.500000 -8.866025
v -116.000000 6.657980 -8.939693
v -116.000000 6.826352 -8.984808
v -113.333333 7.000000 -7.000000
v -110.666667 7.000000 -7.000000
v -113.333333 7.173648 -8.984808
v -110.666667 7.173648 -8.984808
v -110.666667 7.000000 -9.000000
v -113.333333 7.000000 -9.000000
v -113.333333 7.342020 -8.939693
v -110.666667 7.342020 -8.939693
v -113.333333 7.500000 -8.866025
v -110.666667 7.500000 -8.866025
v -113.333333 7.642788 -8.766044
v -110.666667 7.642788 -8.766044
v -113.333333 7.766044 -8.642788
v -110.666667 7.766044 -8.642788
v -113.333333 7.866025 -8.500000
v -110.666667 7.866025 -8.500000
v -113.333333 7.939693 -8.342020
v -110.666667 7.939693 -8.342020
v -113.333333 7.984808 -8.173648
v -110.666667 7.984808 -8.173648
v -113.333333 8.000000 -8.000000
v -110.666667 8.000000 -8.000000
v -113.333333 7.984808 -7.826352
v -110.666667 7.984808 -7.826352
v -113.333333 7.939693 -7.657980
v -110.666667 7.939693 -7.657980
v -113.333333 7.866025 -7.500000
v -110.666667 7.866025 -7.500000
v -113.333333 7.766044 -7.357212
v -110.666667 7.766044 -7.357212
v -113.333333 7.642788 -7.233956
v -110.666667 7.642788 -7.233956
v -113.333333 7.500000 -7.133975
v -110.666667 7.500000 -7.133975
v -113.333333 7.342020 -7.060307
v -110.666667 7.342020 -7.060307
v -113.333333 7.173648 -7.015192
v -110.666667 7.173648 -7.015192
v -113.333333 6.826352 -7.015192
v -110.666667 6.826352 -7.015192
v -113.333333 6.657980 -7.060307
v -110.666667 6.657980 -7.060307
v -113.333333 6.500000 -7.133975
v -110.666667 6.500000 -7.133975
v -113.333333 6.357212 -7.233956
v -110.666667 6.357212 -7.233956
v -113.333333 6.233956 -7.357212
v -110.666667 6.233956 -7.357212
v -113.333333 6.133975 -7.500000
v -110.666667 6.133975 -7.500000
v -113.333333 6.060307 -7.657980
v -110.666667 6.060307 -7.657980
v -113.333333 6.015192 -7.826352
v -110.666667 6.015192 -7.826352
v -113.333333 6.000000 -8.000000
v -110.666667 6.000000 -8.000000
v -113.333333 6.015192 -8.173648
v -110.666667 6.015192 -8.173648
v -113.333333 6.060307 -8.342020
v -110.666667 6.060307 -8.342020
v -113.333333 6.133975 -8.500000
v -110.666667 6.133975 -8.500000
v -113.333333 6.233956 -8.642788
v -110.666667 6.233956 -8.642788
v -113.333333 6.357212 -8.766044
v -110.666667 6.357212 -8.766044
v -113.333333 6.500000 -8.866025
v -110.666667 6.500000 -8.866025
v -113.333333 6.657980 -8.939693
v -110.666667 6.657980 -8.939693
v -113.333333 6.826352 -8.984808
v -110.666667 6.826352 -8.984808
v -116.000000 2.000000 -8.000000
v -116.000000 2.000000 -18.888544
v -116.000000 2.858628 -18.771557
v -116.000000 3.710631 -18.613382
v -116.000000 4.554034 -18.414384
v -116.000000 5.386882 -18.175026
v -116.000000 6.207245 -17.895861
v -116.000000 7.013221 -17.577537
v -116.000000 7.802943 -17.220791
v -116.000000 8.574581 -16.826451
v -116.000000 9.326345 -16.395431
v -116.000000 10.056494 -15.928728
v -116.000000 10.763335 -15.427426
v -116.000000 11.445230 -14.892686
v -116.000000 12.100599 -14.325746
v -116.000000 12.727922 -13.727922
v -116.000000 13.325746 -13.100599
v -116.000000 13.892686 -12.445230
v -116.000000 14.427426 -11.763335
v -116.000000 14.928728 -11.056494
v -116.000000 15.395431 -10.326345
v -116.000000 15.826451 -9.574581
v -116.000000 16.220791 -8.802943
v -116.000000 16.577537 -8.013221
v -116.000000 16.895861 -7.207245
v -116.000000 17.175026 -6.386882
v -116.000000 17.414384 -5.554034
v -116.000000 17.613382 -4.710631
v -116.000000 17.771557 -3.858628
v -116.000000 17.888544 -3.000000
v -116.000000 7.000000 -3.000000
v -116.000000 6.994955 -3.440329
v -116.000000 6.949893 -3.878376
v -116.000000 6.865189 -4.310511
v -116.000000 6.741542 -4.733153
v -116.000000 6.579979 -5.142803
v -116.000000 6.381837 -5.536065
v -116.000000 6.148758 -5.909682
v -116.000000 5.882673 -6.260558
v -116.000000 5.585786 -6.585786
v -116.000000 5.260558 -6.882673
v -116.000000 4.909682 -7.148758
v -116.000000 4.536065 -7.381837
v -116.000000 4.142803 -7.579979
v -116.000000 3.733153 -7.741542
v -116.000000 3.310511 -7.865189
v -116.000000 2.878376 -7.949893
v -116.000000 2.440329 -7.994955
v -120.500000 2.000000 -8.000000
v -120.500000 2.000000 -18.888544
v -120.500000 2.858628 -18.771557
v -120.500000 3.710631 -18.613382
v -120.500000 4.554034 -18.414384
v -120.500000 5.386882 -18.175026
v -120.500000 6.207245 -17.895861
v -120.500000 7.013221 -17.577537
v -120.500000 7.802943 -17.220791
v -120.500000 8.574581 -16.826451
v -120.500000 9.326345 -16.395431
v -120.500000 10.056494 -15.928728
v -120.500000 10.763335 -15.427426
v -120.500000 11.445230 -14.892686
v -120.500000 12.100599 -14.325746
v -120.500000 12.727922 -13.727922
v -120.500000 13.325746 -13.100599
v -120.500000 13.892686 -12.445230
v -120.500000 14.427426 -11.763335
v -120.500000 14.928728 -11.056494
v -120.500000 15.395431 -10.326345
v -120.500000 15.826451 -9.574581
v -120.500000 16.220791 -8.802943
v -120.500000 16.577537 -8.013221
v -120.500000 16.895861 -7.207245
v -120.500000 17.175026 -6.386882
v -120.500000 17.414384 -5.554034
v -120.500000 17.613382 -4.710631
v -120.500000 17.771557 -3.858628
v -120.500000 17.888544 -3.000000
v -120.500000 7.000000 -3.000000
v -120.500000 6.994955 -3.440329
v -120.500000 6.949893 -3.878376
v -120.500000 6.865189 -4.310511
v -120.500000 6.741542 -4.733153
v -120.500000 6.579979 -5.142803
v -120.500000 6.381837 -5.536065
v -120.500000 6.148758 -5.909682
v -120.500000 5.882673 -6.260558
v -120.500000 5.585786 -6.585786
v -120.500000 5.260558 -6.882673
v -120.500000 4.909682 -7.148758
v -120.500000 4.536065 -7.381837
v -120.500000 4.142803 -7.579979
v -120.500000 3.733153 -7.741542
v -120.500000 3.310511 -7.865189
v -120.500000 2.878376 -7.949893
v -120.500000 2.440329 -7.994955
vt 0.794427 -0.794427 0.000000
vt 0.794427 0.294427 0.000000
vt 0.708564 -0.782729 0.000000
vt 0.750394 0.294932 0.000000
vt 0.623364 -0.766911 0.000000
vt 0.539024 -0.747011 0.000000
vt 0.706590 0.299438 0.000000
vt 0.344427 0.207825 0.000000
vt 0.358706 0.217823 0.000000
vt 0.663376 0.307908 0.000000
vt 0.371032 0.230148 0.000000
vt 0.621112 0.320273 0.000000
vt 0.381030 0.244427 0.000000
vt 0.580147 0.336429 0.000000
vt 0.388396 0.260225 0.000000
vt 0.392908 0.277062 0.000000
vt 0.540821 0.356243 0.000000
vt 0.394427 0.294427 0.000000
vt 0.503459 0.379551 0.000000
vt 0.392908 0.311792 0.000000
vt 0.388396 0.328629 0.000000
vt 0.468371 0.406160 0.000000
vt 0.381030 0.344427 0.000000
vt 0.371032 0.358706 0.000000
vt 0.435849 0.435849 0.000000
vt 0.358706 0.371032 0.000000
vt 0.406160 0.468371 0.000000
vt 0.344427 0.381030 0.000000
vt 0.328629 0.388396 0.000000
vt 0.379551 0.503459 0.000000
vt 0.311792 0.392908 0.000000
vt 0.294427 0.394427 0.000000
vt 0.356243 0.540821 0.000000
vt 0.277062 0.392908 0.000000
vt 0.336429 0.580147 0.000000
vt 0.260225 0.388396 0.000000
vt 0.244427 0.381030 0.000000
vt 0.320273 0.621112 0.000000
vt 0.230148 0.371032 0.000000
vt 0.307908 0.663376 0.000000
vt 0.217823 0.358706 0.000000
vt 0.299438 0.706590 0.000000
vt 0.207825 0.344427 0.000000
vt -0.747011 0.539024 0.000000
vt -0.723075 0.455739 0.000000
vt 0.294932 0.750394 0.000000
vt -0.766911 0.623364 0.000000
vt -0.782729 0.708564 0.000000
vt 0.294427 0.794427 0.000000
vt -0.794427 0.794427 0.000000
vt -0.695159 0.373703 0.000000
vt 0.200458 0.328629 0.000000
vt -0.663326 0.293105 0.000000
vt -0.627652 0.214133 0.000000
vt 0.195946 0.311792 0.000000
vt -0.588218 0.136969 0.000000
vt 0.194427 0.294427 0.000000
vt -0.545116 0.061793 0.000000
vt 0.195946 0.277062 0.000000
vt -0.498446 -0.011222 0.000000
vt 0.200458 0.260225 0.000000
vt -0.448315 -0.081906 0.000000
vt -0.394841 -0.150096 0.000000
vt 0.207825 0.244427 0.000000
vt -0.338147 -0.215633 0.000000
vt 0.217823 0.230148 0.000000
vt -0.278365 -0.278365 0.000000
vt 0.230148 0.217823 0.000000
vt -0.215633 -0.338147 0.000000
vt 0.244427 0.207825 0.000000
vt -0.150096 -0.394841 0.000000
vt 0.260225 0.200458 0.000000
vt -0.081906 -0.448315 0.000000
vt -0.011222 -0.498446 0.000000
vt 0.277062 0.195946 0.000000
vt 0.061793 -0.545116 0.000000
vt 0.294427 0.194427 0.000000
vt 0.136969 -0.588218 0.000000
vt 0.311792 0.195946 0.000000
vt 0.214133 -0.627652 0.000000
vt 0.328629 0.200458 0.000000
vt 0.293105 -0.663326 0.000000
vt 0.373703 -0.695159 0.000000
vt 0.455739 -0.723075 0.000000
vt 0.000000 0.000000 0.000000
vt 1.088854 0.000000 0.000000
vt 0.000000 0.450000 0.000000
vt 1.088854 0.450000 0.000000
vt 0.450000 -0.726988 0.000000
vt -0.000000 -0.726988 0.000000
vt 0.450000 -0.771039 0.000000
vt -0.000000 -0.771039 0.000000
vt -0.000000 -0.815090 0.000000
vt 0.450000 -0.815090 0.000000
vt -0.000000 -0.859141 0.000000
vt 0.450000 -0.859141 0.000000
vt -0.000000 -0.903192 0.000000
vt 0.450000 -0.903192 0.000000
vt -0.000000 -0.947243 0.000000
vt 0.450000 -0.947243 0.000000
vt -0.000000 -0.991294 0.000000
vt 0.450000 -0.991294 0.000000
vt -0.000000 -1.035345 0.000000
vt 0.450000 -1.035345 0.000000
vt -0.000000 -1.079396 0.000000
vt 0.450000 -1.079396 0.000000
vt -0.000000 -1.123447 0.000000
vt 0.450000 -1.123447 0.000000
vt -0.000000 -1.167498 0.000000
vt 0.450000 -1.167498 0.000000
vt -0.000000 -1.211549 0.000000
vt 0.450000 -1.211549 0.000000
vt -0.000000 -1.255600 0.000000
vt 0.450000 -1.255600 0.000000
vt -0.000000 -1.299651 0.000000
vt 0.450000 -1.299651 0.000000
vt -0.000000 -1.343702 0.000000
vt 0.450000 -1.343702 0.000000
vt -0.000000 -1.387753 0.000000
vt 0.450000 -1.387753 0.000000
vt -0.000000 -1.431804 0.000000
vt 0.450000 -1.431804 0.000000
vt -0.000000 -1.475855 0.000000
vt 0.450000 -1.475855 0.000000
vt 0.450000 -1.519906 0.000000
vt 0.000000 -1.519906 0.000000
vt 0.000000 0.000000 0.000000
vt 1.088854 -0.000000 0.000000
vt 0.000000 0.450000 0.000000
vt 1.088854 0.450000 0.000000
vt -0.450000 -2.627020 0.000000
vt 0.000000 -2.627020 0.000000
vt -0.450000 -2.540355 0.000000
vt 0.000000 -2.540355 0.000000
vt 0.000000 -2.453691 0.000000
vt -0.450000 -2.453691 0.000000
vt 0.000000 -2.367026 0.000000
vt -0.450000 -2.367026 0.000000
vt 0.000000 -2.280362 0.000000
vt -0.450000 -2.280362 0.000000
vt 0.000000 -2.193697 0.000000
vt -0.450000 -2.193697 0.000000
vt 0.000000 -2.107033 0.000000
vt -0.450000 -2.107033 0.000000
vt 0.000000 -2.020368 0.000000
vt -0.450000 -2.020368 0.000000
vt 0.000000 -1.933704 0.000000
vt -0.450000 -1.933704 0.000000
vt 0.000000 -1.847039 0.000000
vt -0.450000 -1.847039 0.000000
vt -0.000000 -1.760375 0.000000
vt -0.450000 -1.760375 0.000000
vt -0.000000 -1.673710 0.000000
vt -0.450000 -1.673710 0.000000
vt -0.000000 -1.587046 0.000000
vt -0.450000 -1.587046 0.000000
vt -0.000000 -1.500381 0.000000
vt -0.450000 -1.500381 0.000000
vt -0.000000 -1.413717 0.000000
vt -0.450000 -1.413717 0.000000
vt -0.000000 -1.327052 0.000000
vt -0.450000 -1.327052 0.000000
vt -0.000000 -1.240388 0.000000
vt -0.450000 -1.240388 0.000000
vt -0.000000 -1.153723 0.000000
vt -0.450000 -1.153723 0.000000
vt -0.000000 -1.067059 0.000000
vt -0.450000 -1.067059 0.000000
vt -0.000000 -0.980394 0.000000
vt -0.450000 -0.980394 0.000000
vt -0.000000 -0.893730 0.000000
vt -0.450000 -0.893730 0.000000
vt -0.000000 -0.807065 0.000000
vt -0.450000 -0.807065 0.000000
vt -0.000000 -0.720401 0.000000
vt -0.450000 -0.720401 0.000000
vt -0.000000 -0.633736 0.000000
vt -0.450000 -0.633736 0.000000
vt -0.000000 -0.547072 0.000000
vt -0.450000 -0.547072 0.000000
vt -0.000000 -0.460407 0.000000
vt -0.450000 -0.460407 0.000000
vt -0.000000 -0.373743 0.000000
vt -0.450000 -0.373743 0.000000
vt -0.000000 -0.287078 0.000000
vt -0.450000 -0.287078 0.000000
vt -0.450000 -0.200414 0.000000
vt -0.000000 -0.200414 0.000000
vt -1.050000 0.017453 0.000000
vt -1.316667 0.017453 0.000000
vt -1.050000 0.000000 0.000000
vt -1.316667 0.000000 0.000000
vt -1.050000 -0.017453 0.000000
vt -1.316667 -0.017453 0.000000
vt -1.050000 -0.034907 0.000000
vt -1.316667 -0.034907 0.000000
vt -1.050000 -0.052360 0.000000
vt -1.316667 -0.052360 0.000000
vt -1.050000 -0.069813 0.000000
vt -1.316667 -0.069813 0.000000
vt -1.050000 -0.087266 0.000000
vt -1.316667 -0.087266 0.000000
vt -1.050000 -0.104720 0.000000
vt -1.316667 -0.104720 0.000000
vt -1.050000 -0.122173 0.000000
vt -1.316667 -0.122173 0.000000
vt -1.050000 -0.139626 0.000000
vt -1.316667 -0.139626 0.000000
vt -1.050000 -0.157080 0.000000
vt -1.316667 -0.157080 0.000000
vt -1.050000 -0.174533 0.000000
vt -1.316667 -0.174533 0.000000
vt -1.050000 -0.191986 0.000000
vt -1.316667 -0.191986 0.000000
vt -1.050000 -0.209440 0.000000
vt -1.316667 -0.209440 0.000000
vt -1.050000 -0.226893 0.000000
vt -1.316667 -0.226893 0.000000
vt -1.050000 -0.244346 0.000000
vt -1.316667 -0.244346 0.000000
vt -1.050000 -0.261799 0.000000
vt -1.316667 -0.261799 0.000000
vt -1.050000 -0.279253 0.000000
vt -1.316667 -0.279253 0.000000
vt -1.050000 -0.296706 0.000000
vt -1.316667 -0.296706 0.000000
vt -1.050000 -0.314159 0.000000
vt -1.316667 -0.314159 0.000000
vt -1.050000 0.314159 0.000000
vt -1.316667 0.314159 0.000000
vt -1.050000 0.296706 0.000000
vt -1.316667 0.296706 0.000000
vt -1.050000 0.279253 0.000000
vt -1.316667 0.279253 0.000000
vt -1.050000 0.261799 0.000000
vt -1.316667 0.261799 0.000000
vt -1.050000 0.244346 0.000000
vt -1.316667 0.244346 0.000000
vt -1.050000 0.226893 0.000000
vt -1.316667 0.226893 0.000000
vt -1.050000 0.209440 0.000000
vt -1.316667 0.209440 0.000000
vt -1.050000 0.191986 0.000000
vt -1.316667 0.191986 0.000000
vt -1.050000 0.174533 0.000000
vt -1.316667 0.174533 0.000000
vt -1.050000 0.157080 0.000000
vt -1.316667 0.157080 0.000000
vt -1.050000 0.139626 0.000000
vt -1.316667 0.139626 0.000000
vt -1.050000 0.122173 0.000000
vt -1.316667 0.122173 0.000000
vt -1.050000 0.104720 0.000000
vt -1.316667 0.104720 0.000000
vt -1.050000 0.087266 0.000000
vt -1.316667 0.087266 0.000000
vt -1.050000 0.069813 0.000000
vt -1.316667 0.069813 0.000000
vt -1.050000 0.052360 0.000000
vt -1.316667 0.052360 0.000000
vt -1.050000 0.034907 0.000000
vt -1.316667 0.034907 0.000000
vt -1.850000 -0.017453 0.000000
vt -1.583333 -0.017453 0.000000
vt -1.850000 0.000000 0.000000
vt -1.583333 0.000000 0.000000
vt -1.850000 0.017453 0.000000
vt -1.583333 0.017453 0.000000
vt -1.850000 0.034907 0.000000
vt -1.583333 0.034907 0.000000
vt -1.850000 0.052360 0.000000
vt -1.583333 0.052360 0.000000
vt -1.850000 0.069813 0.000000
vt -1.583333 0.069813 0.000000
vt -1.850000 0.087266 0.000000
vt -1.583333 0.087266 0.000000
vt -1.850000 0.104720 0.000000
vt -1.583333 0.104720 0.000000
vt -1.850000 0.122173 0.000000
vt -1.583333 0.122173 0.000000
vt -1.850000 0.139626 0.000000
vt -1.583333 0.139626 0.000000
vt -1.850000 0.157080 0.000000
vt -1.583333 0.157080 0.000000
vt -1.850000 0.174533 0.000000
vt -1.583333 0.174533 0.000000
vt -1.850000 0.191986 0.000000
vt -1.583333 0.191986 0.000000
vt -1.850000 0.209440 0.000000
vt -1.583333 0.209440 0.000000
vt -1.850000 0.226893 0.000000
vt -1.583333 0.226893 0.000000
vt -1.850000 0.244346 0.000000
vt -1.583333 0.244346 0.000000
vt -1.850000 0.261799 0.000000
vt -1.583333 0.261799 0.000000
vt -1.850000 0.279253 0.000000
vt -1.583333 0.279253 0.000000
vt -1.850000 0.296706 0.000000
vt -1.583333 0.296706 0.000000
vt -1.850000 0.314159 0.000000
vt -1.583333 0.314159 0.000000
vt -1.850000 -0.314159 0.000000
vt -1.583333 -0.314159 0.000000
vt -1.850000 -0.296706 0.000000
vt -1.583333 -0.296706 0.000000
vt -1.850000 -0.279253 0.000000
vt -1.583333 -0.279253 0.000000
vt -1.850000 -0.261799 0.000000
vt -1.583333 -0.261799 0.000000
vt -1.850000 -0.244346 0.000000
vt -1.583333 -0.244346 0.000000
vt -1.850000 -0.226893 0.000000
vt -1.583333 -0.226893 0.000000
vt -1.850000 -0.209440 0.000000
vt -1.583333 -0.209440 0.000000
vt -1.850000 -0.191986 0.000000
vt -1.583333 -0.191986 0.000000
vt -1.850000 -0.174533 0.000000
vt -1.583333 -0.174533 0.000000
vt -1.850000 -0.157080 0.000000
vt -1.583333 -0.157080 0.000000
vt -1.850000 -0.139626 0.000000
vt -1.583333 -0.139626 0.000000
vt -1.850000 -0.122173 0.000000
vt -1.583333 -0.122173 0.000000
vt -1.850000 -0.104720 0.000000
vt -1.583333 -0.104720 0.000000
vt -1.850000 -0.087266 0.000000
vt -1.583333 -0.087266 0.000000
vt -1.850000 -0.069813 0.000000
vt -1.583333 -0.069813 0.000000
vt -1.850000 -0.052360 0.000000
vt -1.583333 -0.052360 0.000000
vt -1.850000 -0.034907 0.000000
vt -1.583333 -0.034907 0.000000
vt -0.794427 -0.794427 0.000000
vt -0.708564 -0.782729 0.000000
vt -0.794427 0.294427 0.000000
vt -0.750394 0.294932 0.000000
vt -0.623364 -0.766911 0.000000
vt -0.539024 -0.747011 0.000000
vt -0.706590 0.299438 0.000000
vt -0.455739 -0.723075 0.000000
vt -0.663376 0.307908 0.000000
vt -0.373703 -0.695159 0.000000
vt -0.293105 -0.663326 0.000000
vt -0.621112 0.320273 0.000000
vt -0.214133 -0.627652 0.000000
vt -0.580147 0.336429 0.000000
vt -0.136969 -0.588218 0.000000
vt -0.061793 -0.545116 0.000000
vt -0.540821 0.356243 0.000000
vt 0.011222 -0.498446 0.000000
vt -0.503459 0.379551 0.000000
vt 0.081906 -0.448315 0.000000
vt 0.150096 -0.394841 0.000000
vt -0.468371 0.406160 0.000000
vt 0.215633 -0.338147 0.000000
vt -0.435849 0.435849 0.000000
vt 0.278365 -0.278365 0.000000
vt 0.338147 -0.215633 0.000000
vt -0.406160 0.468371 0.000000
vt 0.394841 -0.150096 0.000000
vt -0.379551 0.503459 0.000000
vt 0.448315 -0.081906 0.000000
vt 0.498446 -0.011222 0.000000
vt -0.356243 0.540821 0.000000
vt 0.545116 0.061793 0.000000
vt -0.336429 0.580147 0.000000
vt 0.588218 0.136969 0.000000
vt 0.627652 0.214133 0.000000
vt -0.320273 0.621112 0.000000
vt 0.663326 0.293105 0.000000
vt -0.307908 0.663376 0.000000
vt 0.695159 0.373703 0.000000
vt 0.723075 0.455739 0.000000
vt -0.299438 0.706590 0.000000
vt 0.747011 0.539024 0.000000
vt -0.294932 0.750394 0.000000
vt 0.766911 0.623364 0.000000
vt 0.782729 0.708564 0.000000
vt 0.794427 0.794427 0.000000
vt -0.294427 0.794427 0.000000
vt -0.794427 -0.794427 0.000000
vt -0.708564 -0.782729 0.000000
vt -0.794427 0.294427 0.000000
vt -0.750394 0.294932 0.000000
vt -0.623364 -0.766911 0.000000
vt -0.539024 -0.747011 0.000000
vt -0.455739 -0.723075 0.000000
vt -0.344427 0.207825 0.000000
vt -0.706590 0.299438 0.000000
vt -0.373703 -0.695159 0.000000
vt -0.328629 0.200458 0.000000
vt -0.293105 -0.663326 0.000000
vt -0.214133 -0.627652 0.000000
vt -0.311792 0.195946 0.000000
vt -0.136969 -0.588218 0.000000
vt -0.294427 0.194427 0.000000
vt -0.061793 -0.545116 0.000000
vt -0.277062 0.195946 0.000000
vt 0.011222 -0.498446 0.000000
vt -0.260225 0.200458 0.000000
vt 0.081906 -0.448315 0.000000
vt 0.150096 -0.394841 0.000000
vt -0.244427 0.207825 0.000000
vt 0.215633 -0.338147 0.000000
vt -0.230148 0.217823 0.000000
vt 0.278365 -0.278365 0.000000
vt -0.217823 0.230148 0.000000
vt 0.338147 -0.215633 0.000000
vt -0.207825 0.244427 0.000000
vt 0.394841 -0.150096 0.000000
vt -0.200458 0.260225 0.000000
vt 0.448315 -0.081906 0.000000
vt 0.498446 -0.011222 0.000000
vt -0.195946 0.277062 0.000000
vt 0.545116 0.061793 0.000000
vt -0.194427 0.294427 0.000000
vt 0.588218 0.136969 0.000000
vt -0.195946 0.311792 0.000000
vt 0.627652 0.214133 0.000000
vt -0.200458 0.328629 0.000000
vt 0.663326 0.293105 0.000000
vt 0.695159 0.373703 0.000000
vt -0.207825 0.344427 0.000000
vt 0.723075 0.455739 0.000000
vt 0.747011 0.539024 0.000000
vt 0.766911 0.623364 0.000000
vt -0.294932 0.750394 0.000000
vt -0.299438 0.706590 0.000000
vt -0.217823 0.358706 0.000000
vt -0.307908 0.663376 0.000000
vt -0.230148 0.371032 0.000000
vt -0.320273 0.621112 0.000000
vt -0.244427 0.381030 0.000000
vt -0.336429 0.580147 0.000000
vt -0.260225 0.388396 0.000000
vt -0.277062 0.392908 0.000000
vt -0.356243 0.540821 0.000000
vt -0.294427 0.394427 0.000000
vt -0.379551 0.503459 0.000000
vt -0.311792 0.392908 0.000000
vt -0.328629 0.388396 0.000000
vt -0.406160 0.468371 0.000000
vt -0.344427 0.381030 0.000000
vt -0.358706 0.371032 0.000000
vt -0.435849 0.435849 0.000000
vt -0.371032 0.358706 0.000000
vt -0.468371 0.406160 0.000000
vt -0.381030 0.344427 0.000000
vt -0.388396 0.328629 0.000000
vt -0.503459 0.379551 0.000000
vt -0.392908 0.311792 0.000000
vt -0.394427 0.294427 0.000000
vt -0.540821 0.356243 0.000000
vt -0.392908 0.277062 0.000000
vt -0.580147 0.336429 0.000000
vt -0.388396 0.260225 0.000000
vt -0.381030 0.244427 0.000000
vt -0.621112 0.320273 0.000000
vt -0.371032 0.230148 0.000000
vt -0.663376 0.307908 0.000000
vt -0.358706 0.217823 0.000000
vt 0.782729 0.708564 0.000000
vt -0.294427 0.794427 0.000000
vt 0.794427 0.794427 0.000000
vt 0.000000 0.000000 0.000000
vt 1.088854 0.000000 0.000000
vt 0.000000 0.450000 0.000000
vt 1.088854 0.450000 0.000000
vt -0.450000 -2.627020 0.000000
vt 0.000000 -2.627020 0.000000
vt -0.450000 -2.540355 0.000000
vt 0.000000 -2.540355 0.000000
vt 0.000000 -2.453691 0.000000
vt -0.450000 -2.453691 0.000000
vt 0.000000 -2.367026 0.000000
vt -0.450000 -2.367026 0.000000
vt 0.000000 -2.280362 0.000000
vt -0.450000 -2.280362 0.000000
vt 0.000000 -2.193697 0.000000
vt -0.450000 -2.193697 0.000000
vt 0.000000 -2.107033 0.000000
vt -0.450000 -2.107033 0.000000
vt 0.000000 -2.020368 0.000000
vt -0.450000 -2.020368 0.000000
vt 0.000000 -1.933704 0.000000
vt -0.450000 -1.933704 0.000000
vt 0.000000 -1.847039 0.000000
vt -0.450000 -1.847039 0.000000
vt -0.000000 -1.760375 0.000000
vt -0.450000 -1.760375 0.000000
vt -0.000000 -1.673710 0.000000
vt -0.450000 -1.673710 0.000000
vt -0.000000 -1.587046 0.000000
vt -0.450000 -1.587046 0.000000
vt -0.000000 -1.500381 0.000000
vt -0.450000 -1.500381 0.000000
vt -0.000000 -1.413717 0.000000
vt -0.450000 -1.413717 0.000000
vt -0.000000 -1.327052 0.000000
vt -0.450000 -1.327052 0.000000
vt -0.000000 -1.240388 0.000000
vt -0.450000 -1.240388 0.000000
vt -0.000000 -1.153723 0.000000
vt -0.450000 -1.153723 0.000000
vt -0.000000 -1.067059 0.000000
vt -0.450000 -1.067059 0.000000
vt -0.000000 -0.980394 0.000000
vt -0.450000 -0.980394 0.000000
vt -0.000000 -0.893730 0.000000
vt -0.450000 -0.893730 0.000000
vt -0.000000 -0.807065 0.000000
vt -0.450000 -0.807065 0.000000
vt -0.000000 -0.720401 0.000000
vt -0.450000 -0.720401 0.000000
vt -0.000000 -0.633736 0.000000
vt -0.450000 -0.633736 0.000000
vt -0.000000 -0.547072 0.000000
vt -0.450000 -0.547072 0.000000
vt -0.000000 -0.460407 0.000000
vt -0.450000 -0.460407 0.000000
vt -0.000000 -0.373743 0.000000
vt -0.450000 -0.373743 0.000000
vt -0.000000 -0.287078 0.000000
vt -0.450000 -0.287078 0.000000
vt -0.450000 -0.200414 0.000000
vt -0.000000 -0.200414 0.000000
vt 0.000000 0.000000 0.000000
vt 1.088854 -0.000000 0.000000
vt -0.000000 0.450000 0.000000
vt 1.088854 0.450000 0.000000
vt 0.450000 -0.726988 0.000000
vt -0.000000 -0.726988 0.000000
vt 0.450000 -0.771039 0.000000
vt -0.000000 -0.771039 0.000000
vt -0.000000 -0.815090 0.000000
vt 0.450000 -0.815090 0.000000
vt -0.000000 -0.859141 0.000000
vt 0.450000 -0.859141 0.000000
vt -0.000000 -0.903192 0.000000
vt 0.450000 -0.903192 0.000000
vt -0.000000 -0.947243 0.000000
vt 0.450000 -0.947243 0.000000
vt -0.000000 -0.991294 0.000000
vt 0.450000 -0.991294 0.000000
vt -0.000000 -1.035345 0.000000
vt 0.450000 -1.035345 0.000000
vt -0.000000 -1.079396 0.000000
vt 0.450000 -1.079396 0.000000
vt -0.000000 -1.123447 0.000000
vt 0.450000 -1.123447 0.000000
vt -0.000000 -1.167498 0.000000
vt 0.450000 -1.167498 0.000000
vt -0.000000 -1.211549 0.000000
vt 0.450000 -1.211549 0.000000
vt -0.000000 -1.255600 0.000000
vt 0.450000 -1.255600 0.000000
vt -0.000000 -1.299651 0.000000
vt 0.450000 -1.299651 0.000000
vt -0.000000 -1.343702 0.000000
vt 0.450000 -1.343702 0.000000
vt -0.000000 -1.387753 0.000000
vt 0.450000 -1.387753 0.000000
vt -0.000000 -1.431804 0.000000
vt 0.450000 -1.431804 0.000000
vt -0.000000 -1.475855 0.000000
vt 0.450000 -1.475855 0.000000
vt 0.450000 -1.519906 0.000000
vt 0.000000 -1.519906 0.000000
vt 0.794427 -0.794427 0.000000
vt 0.794427 0.294427 0.000000
vt 0.708564 -0.782729 0.000000
vt 0.750394 0.294932 0.000000
vt 0.623364 -0.766911 0.000000
vt 0.539024 -0.747011 0.000000
vt 0.706590 0.299438 0.000000
vt 0.344427 0.207825 0.000000
vt 0.358706 0.217823 0.000000
vt 0.663376 0.307908 0.000000
vt 0.371032 0.230148 0.000000
vt 0.621112 0.320273 0.000000
vt 0.381030 0.244427 0.000000
vt 0.580147 0.336429 0.000000
vt 0.388396 0.260225 0.000000
vt 0.392908 0.277062 0.000000
vt 0.540821 0.356243 0.000000
vt 0.394427 0.294427 0.000000
vt 0.503459 0.379551 0.000000
vt 0.392908 0.311792 0.000000
vt 0.388396 0.328629 0.000000
vt 0.468371 0.406160 0.000000
vt 0.381030 0.344427 0.000000
vt 0.371032 0.358706 0.000000
vt 0.435849 0.435849 0.000000
vt 0.358706 0.371032 0.000000
vt 0.406160 0.468371 0.000000
vt 0.344427 0.381030 0.000000
vt 0.328629 0.388396 0.000000
vt 0.379551 0.503459 0.000000
vt 0.311792 0.392908 0.000000
vt 0.294427 0.394427 0.000000
vt 0.356243 0.540821 0.000000
vt 0.277062 0.392908 0.000000
vt 0.336429 0.580147 0.000000
vt 0.260225 0.388396 0.000000
vt 0.244427 0.381030 0.000000
vt 0.320273 0.621112 0.000000
vt 0.230148 0.371032 0.000000
vt 0.307908 0.663376 0.000000
vt 0.217823 0.358706 0.000000
vt 0.299438 0.706590 0.000000
vt 0.207825 0.344427 0.000000
vt -0.747011 0.539024 0.000000
vt -0.723075 0.455739 0.000000
vt 0.294932 0.750394 0.000000
vt -0.766911 0.623364 0.000000
vt -0.782729 0.708564 0.000000
vt 0.294427 0.794427 0.000000
vt -0.794427 0.794427 0.000000
vt -0.695159 0.373703 0.000000
vt 0.200458 0.328629 0.000000
vt -0.663326 0.293105 0.000000
vt -0.627652 0.214133 0.000000
vt 0.195946 0.311792 0.000000
vt -0.588218 0.136969 0.000000
vt 0.194427 0.294427 0.000000
vt -0.545116 0.061793 0.000000
vt 0.195946 0.277062 0.000000
vt -0.498446 -0.011222 0.000000
vt 0.200458 0.260225 0.000000
vt -0.448315 -0.081906 0.000000
vt -0.394841 -0.150096 0.000000
vt 0.207825 0.244427 0.000000
vt -0.338147 -0.215633 0.000000
vt 0.217823 0.230148 0.000000
vt -0.278365 -0.278365 0.000000
vt 0.230148 0.217823 0.000000
vt -0.215633 -0.338147 0.000000
vt 0.244427 0.207825 0.000000
vt -0.150096 -0.394841 0.000000
vt 0.260225 0.200458 0.000000
vt -0.081906 -0.448315 0.000000
vt -0.011222 -0.498446 0.000000
vt 0.277062 0.195946 0.000000
vt 0.061793 -0.545116 0.000000
vt 0.294427 0.194427 0.000000
vt 0.136969 -0.588218 0.000000
vt 0.311792 0.195946 0.000000
vt 0.214133 -0.627652 0.000000
vt 0.328629 0.200458 0.000000
vt 0.293105 -0.663326 0.000000
vt 0.373703 -0.695159 0.000000
vt 0.455739 -0.723075 0.000000
vt -3.100000 -0.017453 0.000000
vt -2.833333 -0.017453 0.000000
vt -3.100000 0.000000 0.000000
vt -2.833333 0.000000 0.000000
vt -3.100000 0.017453 0.000000
vt -2.833333 0.017453 0.000000
vt -3.100000 0.034907 0.000000
vt -2.833333 0.034907 0.000000
vt -3.100000 0.052360 0.000000
vt -2.833333 0.052360 0.000000
vt -3.100000 0.069813 0.000000
vt -2.833333 0.069813 0.000000
vt -3.100000 0.087266 0.000000
vt -2.833333 0.087266 0.000000
vt -3.100000 0.104720 0.000000
vt -2.833333 0.104720 0.000000
vt -3.100000 0.122173 0.000000
vt -2.833333 0.122173 0.000000
vt -3.100000 0.139626 0.000000
vt -2.833333 0.139626 0.000000
vt -3.100000 0.157080 0.000000
vt -2.833333 0.157080 0.000000
vt -3.100000 0.174533 0.000000
vt -2.833333 0.174533 0.000000
vt -3.100000 0.191986 0.000000
vt -2.833333 0.191986 0.000000
vt -3.100000 0.209440 0.000000
vt -2.833333 0.209440 0.000000
vt -3.100000 0.226893 0.000000
vt -2.833333 0.226893 0.000000
vt -3.100000 0.244346 0.000000
vt -2.833333 0.244346 0.000000
vt -3.100000 0.261799 0.000000
vt -2.833333 0.261799 0.000000
vt -3.100000 0.279253 0.000000
vt -2.833333 0.279253 0.000000
vt -3.100000 0.296706 0.000000
vt -2.833333 0.296706 0.000000
vt -3.100000 0.314159 0.000000
vt -2.833333 0.314159 0.000000
vt -3.100000 -0.314159 0.000000
vt -2.833333 -0.314159 0.000000
vt -3.100000 -0.296706 0.000000
vt -2.833333 -0.296706 0.000000
vt -3.100000 -0.279253 0.000000
vt -2.833333 -0.279253 0.000000
vt -3.100000 -0.261799 0.000000
vt -2.833333 -0.261799 0.000000
vt -3.100000 -0.244346 0.000000
vt -2.833333 -0.244346 0.000000
vt -3.100000 -0.226893 0.000000
vt -2.833333 -0.226893 0.000000
vt -3.100000 -0.209440 0.000000
vt -2.833333 -0.209440 0.000000
vt -3.100000 -0.191986 0.000000
vt -2.833333 -0.191986 0.000000
vt -3.100000 -0.174533 0.000000
vt -2.833333 -0.174533 0.000000
vt -3.100000 -0.157080 0.000000
vt -2.833333 -0.157080 0.000000
vt -3.100000 -0.139626 0.000000
vt -2.833333 -0.139626 0.000000
vt -3.100000 -0.122173 0.000000
vt -2.833333 -0.122173 0.000000
vt -3.100000 -0.104720 0.000000
vt -2.833333 -0.104720 0.000000
vt -3.100000 -0.087266 0.000000
vt -2.833333 -0.087266 0.000000
vt -3.100000 -0.069813 0.000000
vt -2.833333 -0.069813 0.000000
vt -3.100000 -0.052360 0.000000
vt -2.833333 -0.052360 0.000000
vt -3.100000 -0.034907 0.000000
vt -2.833333 -0.034907 0.000000
vt -2.300000 0.017453 0.000000
vt -2.566667 0.017453 0.000000
vt -2.300000 0.000000 0.000000
vt -2.566667 0.000000 0.000000
vt -2.300000 -0.017453 0.000000
vt -2.566667 -0.017453 0.000000
vt -2.300000 -0.034907 0.000000
vt -2.566667 -0.034907 0.000000
vt -2.300000 -0.052360 0.000000
vt -2.566667 -0.052360 0.000000
vt -2.300000 -0.069813 0.000000
vt -2.566667 -0.069813 0.000000
vt -2.300000 -0.087266 0.000000
vt -2.566667 -0.087266 0.000000
vt -2.300000 -0.104720 0.000000
vt -2.566667 -0.104720 0.000000
vt -2.300000 -0.122173 0.000000
vt -2.566667 -0.122173 0.000000
vt -2.300000 -0.139626 0.000000
vt -2.566667 -0.139626 0.000000
vt -2.300000 -0.157080 0.000000
vt -2.566667 -0.157080 0.000000
vt -2.300000 -0.174533 0.000000
vt -2.566667 -0.174533 0.000000
vt -2.300000 -0.191986 0.000000
vt -2.566667 -0.191986 0.000000
vt -2.300000 -0.209440 0.000000
vt -2.566667 -0.209440 0.000000
vt -2.300000 -0.226893 0.000000
vt -2.566667 -0.226893 0.000000
vt -2.300000 -0.244346 0.000000
vt -2.566667 -0.244346 0.000000
vt -2.300000 -0.261799 0.000000
vt -2.566667 -0.261799 0.000000
vt -2.300000 -0.279253 0.000000
vt -2.566667 -0.279253 0.000000
vt -2.300000 -0.296706 0.000000
vt -2.566667 -0.296706 0.000000
vt -2.300000 -0.314159 0.000000
vt -2.566667 -0.314159 0.000000
vt -2.300000 0.314159 0.000000
vt -2.566667 0.314159 0.000000
vt -2.300000 0.296706 0.000000
vt -2.566667 0.296706 0.000000
vt -2.300000 0.279253 0.000000
vt -2.566667 0.279253 0.000000
vt -2.300000 0.261799 0.000000
vt -2.566667 0.261799 0.000000
vt -2.300000 0.244346 0.000000
vt -2.566667 0.244346 0.000000
vt -2.300000 0.226893 0.000000
vt -2.566667 0.226893 0.000000
vt -2.300000 0.209440 0.000000
vt -2.566667 0.209440 0.000000
vt -2.300000 0.191986 0.000000
vt -2.566667 0.191986 0.000000
vt -2.300000 0.174533 0.000000
vt -2.566667 0.174533 0.000000
vt -2.300000 0.157080 0.000000
vt -2.566667 0.157080 0.000000
vt -2.300000 0.139626 0.000000
vt -2.566667 0.139626 0.000000
vt -2.300000 0.122173 0.000000
vt -2.566667 0.122173 0.000000
vt -2.300000 0.104720 0.000000
vt -2.566667 0.104720 0.000000
vt -2.300000 0.087266 0.000000
vt -2.566667 0.087266 0.000000
vt -2.300000 0.069813 0.000000
vt -2.566667 0.069813 0.000000
vt -2.300000 0.052360 0.000000
vt -2.566667 0.052360 0.000000
vt -2.300000 0.034907 0.000000
vt -2.566667 0.034907 0.000000
vt -0.794427 -0.794427 0.000000
vt -0.708564 -0.782729 0.000000
vt -0.794427 0.294427 0.000000
vt -0.750394 0.294932 0.000000
vt -0.623364 -0.766911 0.000000
vt -0.539024 -0.747011 0.000000
vt -0.455739 -0.723075 0.000000
vt -0.344427 0.207825 0.000000
vt -0.706590 0.299438 0.000000
vt -0.373703 -0.695159 0.000000
vt -0.328629 0.200458 0.000000
vt -0.293105 -0.663326 0.000000
vt -0.214133 -0.627652 0.000000
vt -0.311792 0.195946 0.000000
vt -0.136969 -0.588218 0.000000
vt -0.294427 0.194427 0.000000
vt -0.061793 -0.545116 0.000000
vt -0.277062 0.195946 0.000000
vt 0.011222 -0.498446 0.000000
vt -0.260225 0.200458 0.000000
vt 0.081906 -0.448315 0.000000
vt 0.150096 -0.394841 0.000000
vt -0.244427 0.207825 0.000000
vt 0.215633 -0.338147 0.000000
vt -0.230148 0.217823 0.000000
vt 0.278365 -0.278365 0.000000
vt -0.217823 0.230148 0.000000
vt 0.338147 -0.215633 0.000000
vt -0.207825 0.244427 0.000000
vt 0.394841 -0.150096 0.000000
vt -0.200458 0.260225 0.000000
vt 0.448315 -0.081906 0.000000
vt 0.498446 -0.011222 0.000000
vt -0.195946 0.277062 0.000000
vt 0.545116 0.061793 0.000000
vt -0.194427 0.294427 0.000000
vt 0.588218 0.136969 0.000000
vt -0.195946 0.311792 0.000000
vt 0.627652 0.214133 0.000000
vt -0.200458 0.328629 0.000000
vt 0.663326 0.293105 0.000000
vt 0.695159 0.373703 0.000000
vt -0.207825 0.344427 0.000000
vt 0.723075 0.455739 0.000000
vt 0.747011 0.539024 0.000000
vt 0.766911 0.623364 0.000000
vt -0.294932 0.750394 0.000000
vt -0.299438 0.706590 0.000000
vt -0.217823 0.358706 0.000000
vt -0.307908 0.663376 0.000000
vt -0.230148 0.371032 0.000000
vt -0.320273 0.621112 0.000000
vt -0.244427 0.381030 0.000000
vt -0.336429 0.580147 0.000000
vt -0.260225 0.388396 0.000000
vt -0.277062 0.392908 0.000000
vt -0.356243 0.540821 0.000000
vt -0.294427 0.394427 0.000000
vt -0.379551 0.503459 0.000000
vt -0.311792 0.392908 0.000000
vt -0.328629 0.388396 0.000000
vt -0.406160 0.468371 0.000000
vt -0.344427 0.381030 0.000000
vt -0.358706 0.371032 0.000000
vt -0.435849 0.435849 0.000000
vt -0.371032 0.358706 0.000000
vt -0.468371 0.406160 0.000000
vt -0.381030 0.344427 0.000000
vt -0.388396 0.328629 0.000000
vt -0.503459 0.379551 0.000000
vt -0.392908 0.311792 0.000000
vt -0.394427 0.294427 0.000000
vt -0.540821 0.356243 0.000000
vt -0.392908 0.277062 0.000000
vt -0.580147 0.336429 0.000000
vt -0.388396 0.260225 0.000000
vt -0.381030 0.244427 0.000000
vt -0.621112 0.320273 0.000000
vt -0.371032 0.230148 0.000000
vt -0.663376 0.307908 0.000000
vt -0.358706 0.217823 0.000000
vt 0.782729 0.708564 0.000000
vt -0.294427 0.794427 0.000000
vt 0.794427 0.794427 0.000000
vt 0.000000 0.000000 0.000000
vt 1.088854 0.000000 0.000000
vt 0.000000 0.450000 0.000000
vt 1.088854 0.450000 0.000000
vt -0.450000 -2.627020 0.000000
vt 0.000000 -2.627020 0.000000
vt -0.450000 -2.540355 0.000000
vt 0.000000 -2.540355 0.000000
vt 0.000000 -2.453691 0.000000
vt -0.450000 -2.453691 0.000000
vt 0.000000 -2.367026 0.000000
vt -0.450000 -2.367026 0.000000
vt 0.000000 -2.280362 0.000000
vt -0.450000 -2.280362 0.000000
vt 0.000000 -2.193697 0.000000
vt -0.450000 -2.193697 0.000000
vt 0.000000 -2.107033 0.000000
vt -0.450000 -2.107033 0.000000
vt 0.000000 -2.020368 0.000000
vt -0.450000 -2.020368 0.000000
vt 0.000000 -1.933704 0.000000
vt -0.450000 -1.933704 0.000000
vt 0.000000 -1.847039 0.000000
vt -0.450000 -1.847039 0.000000
vt 0.000000 -1.760375 0.000000
vt -0.450000 -1.760375 0.000000
vt 0.000000 -1.673710 0.000000
vt -0.450000 -1.673710 0.000000
vt 0.000000 -1.587046 0.000000
vt -0.450000 -1.587046 0.000000
vt 0.000000 -1.500381 0.000000
vt -0.450000 -1.500381 0.000000
vt 0.000000 -1.413717 0.000000
vt -0.450000 -1.413717 0.000000
vt 0.000000 -1.327052 0.000000
vt -0.450000 -1.327052 0.000000
vt 0.000000 -1.240388 0.000000
vt -0.450000 -1.240388 0.000000
vt 0.000000 -1.153723 0.000000
vt -0.450000 -1.153723 0.000000
vt 0.000000 -1.067059 0.000000
vt -0.450000 -1.067059 0.000000
vt 0.000000 -0.980394 0.000000
vt -0.450000 -0.980394 0.000000
vt 0.000000 -0.893730 0.000000
vt -0.450000 -0.893730 0.000000
vt 0.000000 -0.807065 0.000000
vt -0.450000 -0.807065 0.000000
vt 0.000000 -0.720401 0.000000
vt -0.450000 -0.720401 0.000000
vt 0.000000 -0.633736 0.000000
vt -0.450000 -0.633736 0.000000
vt 0.000000 -0.547072 0.000000
vt -0.450000 -0.547072 0.000000
vt 0.000000 -0.460407 0.000000
vt -0.450000 -0.460407 0.000000
vt 0.000000 -0.373743 0.000000
vt -0.450000 -0.373743 0.000000
vt 0.000000 -0.287078 0.000000
vt -0.450000 -0.287078 0.000000
vt -0.450000 -0.200414 0.000000
vt 0.000000 -0.200414 0.000000
vt 0.000000 0.000000 0.000000
vt 1.088854 0.000000 0.000000
vt -0.000000 0.450000 0.000000
vt 1.088854 0.450000 0.000000
vt 0.450000 -0.726988 0.000000
vt -0.000000 -0.726988 0.000000
vt 0.450000 -0.771039 0.000000
vt -0.000000 -0.771039 0.000000
vt -0.000000 -0.815090 0.000000
vt 0.450000 -0.815090 0.000000
vt -0.000000 -0.859141 0.000000
vt 0.450000 -0.859141 0.000000
vt -0.000000 -0.903192 0.000000
vt 0.450000 -0.903192 0.000000
vt -0.000000 -0.947243 0.000000
vt 0.450000 -0.947243 0.000000
vt -0.000000 -0.991294 0.000000
vt 0.450000 -0.991294 0.000000
vt -0.000000 -1.035345 0.000000
vt 0.450000 -1.035345 0.000000
vt -0.000000 -1.079396 0.000000
vt 0.450000 -1.079396 0.000000
vt -0.000000 -1.123447 0.000000
vt 0.450000 -1.123447 0.000000
vt -0.000000 -1.167498 0.000000
vt 0.450000 -1.167498 0.000000
vt -0.000000 -1.211549 0.000000
vt 0.450000 -1.211549 0.000000
vt -0.000000 -1.255600 0.000000
vt 0.450000 -1.255600 0.000000
vt -0.000000 -1.299651 0.000000
vt 0.450000 -1.299651 0.000000
vt -0.000000 -1.343702 0.000000
vt 0.450000 -1.343702 0.000000
vt -0.000000 -1.387753 0.000000
vt 0.450000 -1.387753 0.000000
vt -0.000000 -1.431804 0.000000
vt 0.450000 -1.431804 0.000000
vt -0.000000 -1.475855 0.000000
vt 0.450000 -1.475855 0.000000
vt 0.450000 -1.519906 0.000000
vt 0.000000 -1.519906 0.000000
vt 0.794427 -0.794427 0.000000
vt 0.794427 0.294427 0.000000
vt 0.708564 -0.782729 0.000000
vt 0.750394 0.294932 0.000000
vt 0.623364 -0.766911 0.000000
vt 0.539024 -0.747011 0.000000
vt 0.706590 0.299438 0.000000
vt 0.344427 0.207825 0.000000
vt 0.358706 0.217823 0.000000
vt 0.663376 0.307908 0.000000
vt 0.371032 0.230148 0.000000
vt 0.621112 0.320273 0.000000
vt 0.381030 0.244427 0.000000
vt 0.580147 0.336429 0.000000
vt 0.388396 0.260225 0.000000
vt 0.392908 0.277062 0.000000
vt 0.540821 0.356243 0.000000
vt 0.394427 0.294427 0.000000
vt 0.503459 0.379551 0.000000
vt 0.392908 0.311792 0.000000
vt 0.388396 0.328629 0.000000
vt 0.468371 0.406160 0.000000
vt 0.381030 0.344427 0.000000
vt 0.371032 0.358706 0.000000
vt 0.435849 0.435849 0.000000
vt 0.358706 0.371032 0.000000
vt 0.406160 0.468371 0.000000
vt 0.344427 0.381030 0.000000
vt 0.328629 0.388396 0.000000
vt 0.379551 0.503459 0.000000
vt 0.311792 0.392908 0.000000
vt 0.294427 0.394427 0.000000
vt 0.356243 0.540821 0.000000
vt 0.277062 0.392908 0.000000
vt 0.336429 0.580147 0.000000
vt 0.260225 0.388396 0.000000
vt 0.244427 0.381030 0.000000
vt 0.320273 0.621112 0.000000
vt 0.230148 0.371032 0.000000
vt 0.307908 0.663376 0.000000
vt 0.217823 0.358706 0.000000
vt 0.299438 0.706590 0.000000
vt 0.207825 0.344427 0.000000
vt -0.747011 0.539024 0.000000
vt -0.723075 0.455739 0.000000
vt 0.294932 0.750394 0.000000
vt -0.766911 0.623364 0.000000
vt -0.782729 0.708564 0.000000
vt 0.294427 0.794427 0.000000
vt -0.794427 0.794427 0.000000
vt -0.695159 0.373703 0.000000
vt 0.200458 0.328629 0.000000
vt -0.663326 0.293105 0.000000
vt -0.627652 0.214133 0.000000
vt 0.195946 0.311792 0.000000
vt -0.588218 0.136969 0.000000
vt 0.194427 0.294427 0.000000
vt -0.545116 0.061793 0.000000
vt 0.195946 0.277062 0.000000
vt -0.498446 -0.011222 0.000000
vt 0.200458 0.260225 0.000000
vt -0.448315 -0.081906 0.000000
vt -0.394841 -0.150096 0.000000
vt 0.207825 0.244427 0.000000
vt -0.338147 -0.215633 0.000000
vt 0.217823 0.230148 0.000000
vt -0.278365 -0.278365 0.000000
vt 0.230148 0.217823 0.000000
vt -0.215633 -0.338147 0.000000
vt 0.244427 0.207825 0.000000
vt -0.150096 -0.394841 0.000000
vt 0.260225 0.200458 0.000000
vt -0.081906 -0.448315 0.000000
vt -0.011222 -0.498446 0.000000
vt 0.277062 0.195946 0.000000
vt 0.061793 -0.545116 0.000000
vt 0.294427 0.194427 0.000000
vt 0.136969 -0.588218 0.000000
vt 0.311792 0.195946 0.000000
vt 0.214133 -0.627652 0.000000
vt 0.328629 0.200458 0.000000
vt 0.293105 -0.663326 0.000000
vt 0.373703 -0.695159 0.000000
vt 0.455739 -0.723075 0.000000
vt -4.350000 -0.017453 0.000000
vt -4.083333 -0.017453 0.000000
vt -4.350000 0.000000 0.000000
vt -4.083333 0.000000 0.000000
vt -4.350000 0.017453 0.000000
vt -4.083333 0.017453 0.000000
vt -4.350000 0.034907 0.000000
vt -4.083333 0.034907 0.000000
vt -4.350000 0.052360 0.000000
vt -4.083333 0.052360 0.000000
vt -4.350000 0.069813 0.000000
vt -4.083333 0.069813 0.000000
vt -4.350000 0.087266 0.000000
vt -4.083333 0.087266 0.000000
vt -4.350000 0.104720 0.000000
vt -4.083333 0.104720 0.000000
vt -4.350000 0.122173 0.000000
vt -4.083333 0.122173 0.000000
vt -4.350000 0.139626 0.000000
vt -4.083333 0.139626 0.000000
vt -4.350000 0.157080 0.000000
vt -4.083333 0.157080 0.000000
vt -4.350000 0.174533 0.000000
vt -4.083333 0.174533 0.000000
vt -4.350000 0.191986 0.000000
vt -4.083333 0.191986 0.000000
vt -4.350000 0.209440 0.000000
vt -4.083333 0.209440 0.000000
vt -4.350000 0.226893 0.000000
vt -4.083333 0.226893 0.000000
vt -4.350000 0.244346 0.000000
vt -4.083333 0.244346 0.000000
vt -4.350000 0.261799 0.000000
vt -4.083333 0.261799 0.000000
vt -4.350000 0.279253 0.000000
vt -4.083333 0.279253 0.000000
vt -4.350000 0.296706 0.000000
vt -4.083333 0.296706 0.000000
vt -4.350000 0.314159 0.000000
vt -4.083333 0.314159 0.000000
vt -4.350000 -0.314159 0.000000
vt -4.083333 -0.314159 0.000000
vt -4.350000 -0.296706 0.000000
vt -4.083333 -0.296706 0.000000
vt -4.350000 -0.279253 0.000000
vt -4.083333 -0.279253 0.000000
vt -4.350000 -0.261799 0.000000
vt -4.083333 -0.261799 0.000000
vt -4.350000 -0.244346 0.000000
vt -4.083333 -0.244346 0.000000
vt -4.350000 -0.226893 0.000000
vt -4.083333 -0.226893 0.000000
vt -4.350000 -0.209440 0.000000
vt -4.083333 -0.209440 0.000000
vt -4.350000 -0.191986 0.000000
vt -4.083333 -0.191986 0.000000
vt -4.350000 -0.174533 0.000000
vt -4.083333 -0.174533 0.000000
vt -4.350000 -0.157080 0.000000
vt -4.083333 -0.157080 0.000000
vt -4.350000 -0.139626 0.000000
vt -4.083333 -0.139626 0.000000
vt -4.350000 -0.122173 0.000000
vt -4.083333 -0.122173 0.000000
vt -4.350000 -0.104720 0.000000
vt -4.083333 -0.104720 0.000000
vt -4.350000 -0.087266 0.000000
vt -4.083333 -0.087266 0.000000
vt -4.350000 -0.069813 0.000000
vt -4.083333 -0.069813 0.000000
vt -4.350000 -0.052360 0.000000
vt -4.083333 -0.052360 0.000000
vt -4.350000 -0.034907 0.000000
vt -4.083333 -0.034907 0.000000
vt -3.550000 0.017453 0.000000
vt -3.816667 0.017453 0.000000
vt -3.550000 0.000000 0.000000
vt -3.816667 0.000000 0.000000
vt -3.550000 -0.017453 0.000000
vt -3.816667 -0.017453 0.000000
vt -3.550000 -0.034907 0.000000
vt -3.816667 -0.034907 0.000000
vt -3.550000 -0.052360 0.000000
vt -3.816667 -0.052360 0.000000
vt -3.550000 -0.069813 0.000000
vt -3.816667 -0.069813 0.000000
vt -3.550000 -0.087266 0.000000
vt -3.816667 -0.087266 0.000000
vt -3.550000 -0.104720 0.000000
vt -3.816667 -0.104720 0.000000
vt -3.550000 -0.122173 0.000000
vt -3.816667 -0.122173 0.000000
vt -3.550000 -0.139626 0.000000
vt -3.816667 -0.139626 0.000000
vt -3.550000 -0.157080 0.000000
vt -3.816667 -0.157080 0.000000
vt -3.550000 -0.174533 0.000000
vt -3.816667 -0.174533 0.000000
vt -3.550000 -0.191986 0.000000
vt -3.816667 -0.191986 0.000000
vt -3.550000 -0.209440 0.000000
vt -3.816667 -0.209440 0.000000
vt -3.550000 -0.226893 0.000000
vt -3.816667 -0.226893 0.000000
vt -3.550000 -0.244346 0.000000
vt -3.816667 -0.244346 0.000000
vt -3.550000 -0.261799 0.000000
vt -3.816667 -0.261799 0.000000
vt -3.550000 -0.279253 0.000000
vt -3.816667 -0.279253 0.000000
vt -3.550000 -0.296706 0.000000
vt -3.816667 -0.296706 0.000000
vt -3.550000 -0.314159 0.000000
vt -3.816667 -0.314159 0.000000
vt -3.550000 0.314159 0.000000
vt -3.816667 0.314159 0.000000
vt -3.550000 0.296706 0.000000
vt -3.816667 0.296706 0.000000
vt -3.550000 0.279253 0.000000
vt -3.816667 0.279253 0.000000
vt -3.550000 0.261799 0.000000
vt -3.816667 0.261799 0.000000
vt -3.550000 0.244346 0.000000
vt -3.816667 0.244346 0.000000
vt -3.550000 0.226893 0.000000
vt -3.816667 0.226893 0.000000
vt -3.550000 0.209440 0.000000
vt -3.816667 0.209440 0.000000
vt -3.550000 0.191986 0.000000
vt -3.816667 0.191986 0.000000
vt -3.550000 0.174533 0.000000
vt -3.816667 0.174533 0.000000
vt -3.550000 0.157080 0.000000
vt -3.816667 0.157080 0.000000
vt -3.550000 0.139626 0.000000
vt -3.816667 0.139626 0.000000
vt -3.550000 0.122173 0.000000
vt -3.816667 0.122173 0.000000
vt -3.550000 0.104720 0.000000
vt -3.816667 0.104720 0.000000
vt -3.550000 0.087266 0.000000
vt -3.816667 0.087266 0.000000
vt -3.550000 0.069813 0.000000
vt -3.816667 0.069813 0.000000
vt -3.550000 0.052360 0.000000
vt -3.816667 0.052360 0.000000
vt -3.550000 0.034907 0.000000
vt -3.816667 0.034907 0.000000
vt -0.794427 -0.794427 0.000000
vt -0.708564 -0.782729 0.000000
vt -0.794427 0.294427 0.000000
vt -0.750394 0.294932 0.000000
vt -0.623364 -0.766911 0.000000
vt -0.539024 -0.747011 0.000000
vt -0.455739 -0.723075 0.000000
vt -0.344427 0.207825 0.000000
vt -0.706590 0.299438 0.000000
vt -0.373703 -0.695159 0.000000
vt -0.328629 0.200458 0.000000
vt -0.293105 -0.663326 0.000000
vt -0.214133 -0.627652 0.000000
vt -0.311792 0.195946 0.000000
vt -0.136969 -0.588218 0.000000
vt -0.294427 0.194427 0.000000
vt -0.061793 -0.545116 0.000000
vt -0.277062 0.195946 0.000000
vt 0.011222 -0.498446 0.000000
vt -0.260225 0.200458 0.000000
vt 0.081906 -0.448315 0.000000
vt 0.150096 -0.394841 0.000000
vt -0.244427 0.207825 0.000000
vt 0.215633 -0.338147 0.000000
vt -0.230148 0.217823 0.000000
vt 0.278365 -0.278365 0.000000
vt -0.217823 0.230148 0.000000
vt 0.338147 -0.215633 0.000000
vt -0.207825 0.244427 0.000000
vt 0.394841 -0.150096 0.000000
vt -0.200458 0.260225 0.000000
vt 0.448315 -0.081906 0.000000
vt 0.498446 -0.011222 0.000000
vt -0.195946 0.277062 0.000000
vt 0.545116 0.061793 0.000000
vt -0.194427 0.294427 0.000000
vt 0.588218 0.136969 0.000000
vt -0.195946 0.311792 0.000000
vt 0.627652 0.214133 0.000000
vt -0.200458 0.328629 0.000000
vt 0.663326 0.293105 0.000000
vt 0.695159 0.373703 0.000000
vt -0.207825 0.344427 0.000000
vt 0.723075 0.455739 0.000000
vt 0.747011 0.539024 0.000000
vt 0.766911 0.623364 0.000000
vt -0.294932 0.750394 0.000000
vt -0.299438 0.706590 0.000000
vt -0.217823 0.358706 0.000000
vt -0.307908 0.663376 0.000000
vt -0.230148 0.371032 0.000000
vt -0.320273 0.621112 0.000000
vt -0.244427 0.381030 0.000000
vt -0.336429 0.580147 0.000000
vt -0.260225 0.388396 0.000000
vt -0.277062 0.392908 0.000000
vt -0.356243 0.540821 0.000000
vt -0.294427 0.394427 0.000000
vt -0.379551 0.503459 0.000000
vt -0.311792 0.392908 0.000000
vt -0.328629 0.388396 0.000000
vt -0.406160 0.468371 0.000000
vt -0.344427 0.381030 0.000000
vt -0.358706 0.371032 0.000000
vt -0.435849 0.435849 0.000000
vt -0.371032 0.358706 0.000000
vt -0.468371 0.406160 0.000000
vt -0.381030 0.344427 0.000000
vt -0.388396 0.328629 0.000000
vt -0.503459 0.379551 0.000000
vt -0.392908 0.311792 0.000000
vt -0.394427 0.294427 0.000000
vt -0.540821 0.356243 0.000000
vt -0.392908 0.277062 0.000000
vt -0.580147 0.336429 0.000000
vt -0.388396 0.260225 0.000000
vt -0.381030 0.244427 0.000000
vt -0.621112 0.320273 0.000000
vt -0.371032 0.230148 0.000000
vt -0.663376 0.307908 0.000000
vt -0.358706 0.217823 0.000000
vt 0.782729 0.708564 0.000000
vt -0.294427 0.794427 0.000000
vt 0.794427 0.794427 0.000000
vt 0.000000 0.000000 0.000000
vt 1.088854 0.000000 0.000000
vt 0.000000 0.450000 0.000000
vt 1.088854 0.450000 0.000000
vt -0.450000 -2.627020 0.000000
vt 0.000000 -2.627020 0.000000
vt -0.450000 -2.540355 0.000000
vt 0.000000 -2.540355 0.000000
vt 0.000000 -2.453691 0.000000
vt -0.450000 -2.453691 0.000000
vt 0.000000 -2.367026 0.000000
vt -0.450000 -2.367026 0.000000
vt 0.000000 -2.280362 0.000000
vt -0.450000 -2.280362 0.000000
vt 0.000000 -2.193697 0.000000
vt -0.450000 -2.193697 0.000000
vt 0.000000 -2.107033 0.000000
vt -0.450000 -2.107033 0.000000
vt 0.000000 -2.020368 0.000000
vt -0.450000 -2.020368 0.000000
vt 0.000000 -1.933704 0.000000
vt -0.450000 -1.933704 0.000000
vt 0.000000 -1.847039 0.000000
vt -0.450000 -1.847039 0.000000
vt 0.000000 -1.760375 0.000000
vt -0.450000 -1.760375 0.000000
vt 0.000000 -1.673710 0.000000
vt -0.450000 -1.673710 0.000000
vt 0.000000 -1.587046 0.000000
vt -0.450000 -1.587046 0.000000
vt 0.000000 -1.500381 0.000000
vt -0.450000 -1.500381 0.000000
vt 0.000000 -1.413717 0.000000
vt -0.450000 -1.413717 0.000000
vt 0.000000 -1.327052 0.000000
vt -0.450000 -1.327052 0.000000
vt 0.000000 -1.240388 0.000000
vt -0.450000 -1.240388 0.000000
vt 0.000000 -1.153723 0.000000
vt -0.450000 -1.153723 0.000000
vt 0.000000 -1.067059 0.000000
vt -0.450000 -1.067059 0.000000
vt 0.000000 -0.980394 0.000000
vt -0.450000 -0.980394 0.000000
vt 0.000000 -0.893730 0.000000
vt -0.450000 -0.893730 0.000000
vt 0.000000 -0.807065 0.000000
vt -0.450000 -0.807065 0.000000
vt 0.000000 -0.720401 0.000000
vt -0.450000 -0.720401 0.000000
vt 0.000000 -0.633736 0.000000
vt -0.450000 -0.633736 0.000000
vt 0.000000 -0.547072 0.000000
vt -0.450000 -0.547072 0.000000
vt 0.000000 -0.460407 0.000000
vt -0.450000 -0.460407 0.000000
vt 0.000000 -0.373743 0.000000
vt -0.450000 -0.373743 0.000000
vt 0.000000 -0.287078 0.000000
vt -0.450000 -0.287078 0.000000
vt -0.450000 -0.200414 0.000000
vt 0.000000 -0.200414 0.000000
vt 0.000000 0.000000 0.000000
vt 1.088854 0.000000 0.000000
vt 0.000000 0.450000 0.000000
vt 1.088854 0.450000 0.000000
vt 0.450000 -0.726988 0.000000
vt -0.000000 -0.726988 0.000000
vt 0.450000 -0.771039 0.000000
vt -0.000000 -0.771039 0.000000
vt -0.000000 -0.815090 0.000000
vt 0.450000 -0.815090 0.000000
vt -0.000000 -0.859141 0.000000
vt 0.450000 -0.859141 0.000000
vt -0.000000 -0.903192 0.000000
vt 0.450000 -0.903192 0.000000
vt -0.000000 -0.947243 0.000000
vt 0.450000 -0.947243 0.000000
vt -0.000000 -0.991294 0.000000
vt 0.450000 -0.991294 0.000000
vt -0.000000 -1.035345 0.000000
vt 0.450000 -1.035345 0.000000
vt -0.000000 -1.079396 0.000000
vt 0.450000 -1.079396 0.000000
vt -0.000000 -1.123447 0.000000
vt 0.450000 -1.123447 0.000000
vt -0.000000 -1.167498 0.000000
vt 0.450000 -1.167498 0.000000
vt -0.000000 -1.211549 0.000000
vt 0.450000 -1.211549 0.000000
vt -0.000000 -1.255600 0.000000
vt 0.450000 -1.255600 0.000000
vt -0.000000 -1.299651 0.000000
vt 0.450000 -1.299651 0.000000
vt -0.000000 -1.343702 0.000000
vt 0.450000 -1.343702 0.000000
vt -0.000000 -1.387753 0.000000
vt 0.450000 -1.387753 0.000000
vt -0.000000 -1.431804 0.000000
vt 0.450000 -1.431804 0.000000
vt -0.000000 -1.475855 0.000000
vt 0.450000 -1.475855 0.000000
vt 0.450000 -1.519906 0.000000
vt 0.000000 -1.519906 0.000000
vt 0.794427 -0.794427 0.000000
vt 0.794427 0.294427 0.000000
vt 0.708564 -0.782729 0.000000
vt 0.750394 0.294932 0.000000
vt 0.623364 -0.766911 0.000000
vt 0.539024 -0.747011 0.000000
vt 0.706590 0.299438 0.000000
vt 0.344427 0.207825 0.000000
vt 0.358706 0.217823 0.000000
vt 0.663376 0.307908 0.000000
vt 0.371032 0.230148 0.000000
vt 0.621112 0.320273 0.000000
vt 0.381030 0.244427 0.000000
vt 0.580147 0.336429 0.000000
vt 0.388396 0.260225 0.000000
vt 0.392908 0.277062 0.000000
vt 0.540821 0.356243 0.000000
vt 0.394427 0.294427 0.000000
vt 0.503459 0.379551 0.000000
vt 0.392908 0.311792 0.000000
vt 0.388396 0.328629 0.000000
vt 0.468371 0.406160 0.000000
vt 0.381030 0.344427 0.000000
vt 0.371032 0.358706 0.000000
vt 0.435849 0.435849 0.000000
vt 0.358706 0.371032 0.000000
vt 0.406160 0.468371 0.000000
vt 0.344427 0.381030 0.000000
vt 0.328629 0.388396 0.000000
vt 0.379551 0.503459 0.000000
vt 0.311792 0.392908 0.000000
vt 0.294427 0.394427 0.000000
vt 0.356243 0.540821 0.000000
vt 0.277062 0.392908 0.000000
vt 0.336429 0.580147 0.000000
vt 0.260225 0.388396 0.000000
vt 0.244427 0.381030 0.000000
vt 0.320273 0.621112 0.000000
vt 0.230148 0.371032 0.000000
vt 0.307908 0.663376 0.000000
vt 0.217823 0.358706 0.000000
vt 0.299438 0.706590 0.000000
vt 0.207825 0.344427 0.000000
vt -0.747011 0.539024 0.000000
vt -0.723075 0.455739 0.000000
vt 0.294932 0.750394 0.000000
vt -0.766911 0.623364 0.000000
vt -0.782729 0.708564 0.000000
vt 0.294427 0.794427 0.000000
vt -0.794427 0.794427 0.000000
vt -0.695159 0.373703 0.000000
vt 0.200458 0.328629 0.000000
vt -0.663326 0.293105 0.000000
vt -0.627652 0.214133 0.000000
vt 0.195946 0.311792 0.000000
vt -0.588218 0.136969 0.000000
vt 0.194427 0.294427 0.000000
vt -0.545116 0.061793 0.000000
vt 0.195946 0.277062 0.000000
vt -0.498446 -0.011222 0.000000
vt 0.200458 0.260225 0.000000
vt -0.448315 -0.081906 0.000000
vt -0.394841 -0.150096 0.000000
vt 0.207825 0.244427 0.000000
vt -0.338147 -0.215633 0.000000
vt 0.217823 0.230148 0.000000
vt -0.278365 -0.278365 0.000000
vt 0.230148 0.217823 0.000000
vt -0.215633 -0.338147 0.000000
vt 0.244427 0.207825 0.000000
vt -0.150096 -0.394841 0.000000
vt 0.260225 0.200458 0.000000
vt -0.081906 -0.448315 0.000000
vt -0.011222 -0.498446 0.000000
vt 0.277062 0.195946 0.000000
vt 0.061793 -0.545116 0.000000
vt 0.294427 0.194427 0.000000
vt 0.136969 -0.588218 0.000000
vt 0.311792 0.195946 0.000000
vt 0.214133 -0.627652 0.000000
vt 0.328629 0.200458 0.000000
vt 0.293105 -0.663326 0.000000
vt 0.373703 -0.695159 0.000000
vt 0.455739 -0.723075 0.000000
vt -5.600000 -0.017453 0.000000
vt -5.333333 -0.017453 0.000000
vt -5.600000 0.000000 0.000000
vt -5.333333 0.000000 0.000000
vt -5.600000 0.017453 0.000000
vt -5.333333 0.017453 0.000000
vt -5.600000 0.034907 0.000000
vt -5.333333 0.034907 0.000000
vt -5.600000 0.052360 0.000000
vt -5.333333 0.052360 0.000000
vt -5.600000 0.069813 0.000000
vt -5.333333 0.069813 0.000000
vt -5.600000 0.087266 0.000000
vt -5.333333 0.087266 0.000000
vt -5.600000 0.104720 0.000000
vt -5.333333 0.104720 0.000000
vt -5.600000 0.122173 0.000000
vt -5.333333 0.122173 0.000000
vt -5.600000 0.139626 0.000000
vt -5.333333 0.139626 0.000000
vt -5.600000 0.157080 0.000000
vt -5.333333 0.157080 0.000000
vt -5.600000 0.174533 0.000000
vt -5.333333 0.174533 0.000000
vt -5.600000 0.191986 0.000000
vt -5.333333 0.191986 0.000000
vt -5.600000 0.209440 0.000000
vt -5.333333 0.209440 0.000000
vt -5.600000 0.226893 0.000000
vt -5.333333 0.226893 0.000000
vt -5.600000 0.244346 0.000000
vt -5.333333 0.244346 0.000000
vt -5.600000 0.261799 0.000000
vt -5.333333 0.261799 0.000000
vt -5.600000 0.279253 0.000000
vt -5.333333 0.279253 0.000000
vt -5.600000 0.296706 0.000000
vt -5.333333 0.296706 0.000000
vt -5.600000 0.314159 0.000000
vt -5.333333 0.314159 0.000000
vt -5.600000 -0.314159 0.000000
vt -5.333333 -0.314159 0.000000
vt -5.600000 -0.296706 0.000000
vt -5.333333 -0.296706 0.000000
vt -5.600000 -0.279253 0.000000
vt -5.333333 -0.279253 0.000000
vt -5.600000 -0.261799 0.000000
vt -5.333333 -0.261799 0.000000
vt -5.600000 -0.244346 0.000000
vt -5.333333 -0.244346 0.000000
vt -5.600000 -0.226893 0.000000
vt -5.333333 -0.226893 0.000000
vt -5.600000 -0.209440 0.000000
vt -5.333333 -0.209440 0.000000
vt -5.600000 -0.191986 0.000000
vt -5.333333 -0.191986 0.000000
vt -5.600000 -0.174533 0.000000
vt -5.333333 -0.174533 0.000000
vt -5.600000 -0.157080 0.000000
vt -5.333333 -0.157080 0.000000
vt -5.600000 -0.139626 0.000000
vt -5.333333 -0.139626 0.000000
vt -5.600000 -0.122173 0.000000
vt -5.333333 -0.122173 0.000000
vt -5.600000 -0.104720 0.000000
vt -5.333333 -0.104720 0.000000
vt -5.600000 -0.087266 0.000000
vt -5.333333 -0.087266 0.000000
vt -5.600000 -0.069813 0.000000
vt -5.333333 -0.069813 0.000000
vt -5.600000 -0.052360 0.000000
vt -5.333333 -0.052360 0.000000
vt -5.600000 -0.034907 0.000000
vt -5.333333 -0.034907 0.000000
vt -4.800000 0.017453 0.000000
vt -5.066667 0.017453 0.000000
vt -4.800000 0.000000 0.000000
vt -5.066667 0.000000 0.000000
vt -4.800000 -0.017453 0.000000
vt -5.066667 -0.017453 0.000000
vt -4.800000 -0.034907 0.000000
vt -5.066667 -0.034907 0.000000
vt -4.800000 -0.052360 0.000000
vt -5.066667 -0.052360 0.000000
vt -4.800000 -0.069813 0.000000
vt -5.066667 -0.069813 0.000000
vt -4.800000 -0.087266 0.000000
vt -5.066667 -0.087266 0.000000
vt -4.800000 -0.104720 0.000000
vt -5.066667 -0.104720 0.000000
vt -4.800000 -0.122173 0.000000
vt -5.066667 -0.122173 0.000000
vt -4.800000 -0.139626 0.000000
vt -5.066667 -0.139626 0.000000
vt -4.800000 -0.157080 0.000000
vt -5.066667 -0.157080 0.000000
vt -4.800000 -0.174533 0.000000
vt -5.066667 -0.174533 0.000000
vt -4.800000 -0.191986 0.000000
vt -5.066667 -0.191986 0.000000
vt -4.800000 -0.209440 0.000000
vt -5.066667 -0.209440 0.000000
vt -4.800000 -0.226893 0.000000
vt -5.066667 -0.226893 0.000000
vt -4.800000 -0.244346 0.000000
vt -5.066667 -0.244346 0.000000
vt -4.800000 -0.261799 0.000000
vt -5.066667 -0.261799 0.000000
vt -4.800000 -0.279253 0.000000
vt -5.066667 -0.279253 0.000000
vt -4.800000 -0.296706 0.000000
vt -5.066667 -0.296706 0.000000
vt -4.800000 -0.314159 0.000000
vt -5.066667 -0.314159 0.000000
vt -4.800000 0.314159 0.000000
vt -5.066667 0.314159 0.000000
vt -4.800000 0.296706 0.000000
vt -5.066667 0.296706 0.000000
vt -4.800000 0.279253 0.000000
vt -5.066667 0.279253 0.000000
vt -4.800000 0.261799 0.000000
vt -5.066667 0.261799 0.000000
vt -4.800000 0.244346 0.000000
vt -5.066667 0.244346 0.000000
vt -4.800000 0.226893 0.000000
vt -5.066667 0.226893 0.000000
vt -4.800000 0.209440 0.000000
vt -5.066667 0.209440 0.000000
vt -4.800000 0.191986 0.000000
vt -5.066667 0.191986 0.000000
vt -4.800000 0.174533 0.000000
vt -5.066667 0.174533 0.000000
vt -4.800000 0.157080 0.000000
vt -5.066667 0.157080 0.000000
vt -4.800000 0.139626 0.000000
vt -5.066667 0.139626 0.000000
vt -4.800000 0.122173 0.000000
vt -5.066667 0.122173 0.000000
vt -4.800000 0.104720 0.000000
vt -5.066667 0.104720 0.000000
vt -4.800000 0.087266 0.000000
vt -5.066667 0.087266 0.000000
vt -4.800000 0.069813 0.000000
vt -5.066667 0.069813 0.000000
vt -4.800000 0.052360 0.000000
vt -5.066667 0.052360 0.000000
vt -4.800000 0.034907 0.000000
vt -5.066667 0.034907 0.000000
vt -0.794427 -0.794427 0.000000
vt -0.708564 -0.782729 0.000000
vt -0.794427 0.294427 0.000000
vt -0.750394 0.294932 0.000000
vt -0.623364 -0.766911 0.000000
vt -0.539024 -0.747011 0.000000
vt -0.455739 -0.723075 0.000000
vt -0.344427 0.207825 0.000000
vt -0.706590 0.299438 0.000000
vt -0.373703 -0.695159 0.000000
vt -0.328629 0.200458 0.000000
vt -0.293105 -0.663326 0.000000
vt -0.214133 -0.627652 0.000000
vt -0.311792 0.195946 0.000000
vt -0.136969 -0.588218 0.000000
vt -0.294427 0.194427 0.000000
vt -0.061793 -0.545116 0.000000
vt -0.277062 0.195946 0.000000
vt 0.011222 -0.498446 0.000000
vt -0.260225 0.200458 0.000000
vt 0.081906 -0.448315 0.000000
vt 0.150096 -0.394841 0.000000
vt -0.244427 0.207825 0.000000
vt 0.215633 -0.338147 0.000000
vt -0.230148 0.217823 0.000000
vt 0.278365 -0.278365 0.000000
vt -0.217823 0.230148 0.000000
vt 0.338147 -0.215633 0.000000
vt -0.207825 0.244427 0.000000
vt 0.394841 -0.150096 0.000000
vt -0.200458 0.260225 0.000000
vt 0.448315 -0.081906 0.000000
vt 0.498446 -0.011222 0.000000
vt -0.195946 0.277062 0.000000
vt 0.545116 0.061793 0.000000
vt -0.194427 0.294427 0.000000
vt 0.588218 0.136969 0.000000
vt -0.195946 0.311792 0.000000
vt 0.627652 0.214133 0.000000
vt -0.200458 0.328629 0.000000
vt 0.663326 0.293105 0.000000
vt 0.695159 0.373703 0.000000
vt -0.207825 0.344427 0.000000
vt 0.723075 0.455739 0.000000
vt 0.747011 0.539024 0.000000
vt 0.766911 0.623364 0.000000
vt -0.294932 0.750394 0.000000
vt -0.299438 0.706590 0.000000
vt -0.217823 0.358706 0.000000
vt -0.307908 0.663376 0.000000
vt -0.230148 0.371032 0.000000
vt -0.320273 0.621112 0.000000
vt -0.244427 0.381030 0.000000
vt -0.336429 0.580147 0.000000
vt -0.260225 0.388396 0.000000
vt -0.277062 0.392908 0.000000
vt -0.356243 0.540821 0.000000
vt -0.294427 0.394427 0.000000
vt -0.379551 0.503459 0.000000
vt -0.311792 0.392908 0.000000
vt -0.328629 0.388396 0.000000
vt -0.406160 0.468371 0.000000
vt -0.344427 0.381030 0.000000
vt -0.358706 0.371032 0.000000
vt -0.435849 0.435849 0.000000
vt -0.371032 0.358706 0.000000
vt -0.468371 0.406160 0.000000
vt -0.381030 0.344427 0.000000
vt -0.388396 0.328629 0.000000
vt -0.503459 0.379551 0.000000
vt -0.392908 0.311792 0.000000
vt -0.394427 0.294427 0.000000
vt -0.540821 0.356243 0.000000
vt -0.392908 0.277062 0.000000
vt -0.580147 0.336429 0.000000
vt -0.388396 0.260225 0.000000
vt -0.381030 0.244427 0.000000
vt -0.621112 0.320273 0.000000
vt -0.371032 0.230148 0.000000
vt -0.663376 0.307908 0.000000
vt -0.358706 0.217823 0.000000
vt 0.782729 0.708564 0.000000
vt -0.294427 0.794427 0.000000
vt 0.794427 0.794427 0.000000
vt 0.000000 0.000000 0.000000
vt 1.088854 0.000000 0.000000
vt 0.000000 0.450000 0.000000
vt 1.088854 0.450000 0.000000
vt -0.450000 -2.627020 0.000000
vt 0.000000 -2.627020 0.000000
vt -0.450000 -2.540355 0.000000
vt 0.000000 -2.540355 0.000000
vt 0.000000 -2.453691 0.000000
vt -0.450000 -2.453691 0.000000
vt 0.000000 -2.367026 0.000000
vt -0.450000 -2.367026 0.000000
vt 0.000000 -2.280362 0.000000
vt -0.450000 -2.280362 0.000000
vt 0.000000 -2.193697 0.000000
vt -0.450000 -2.193697 0.000000
vt 0.000000 -2.107033 0.000000
vt -0.450000 -2.107033 0.000000
vt 0.000000 -2.020368 0.000000
vt -0.450000 -2.020368 0.000000
vt 0.000000 -1.933704 0.000000
vt -0.450000 -1.933704 0.000000
vt 0.000000 -1.847039 0.000000
vt -0.450000 -1.847039 0.000000
vt 0.000000 -1.760375 0.000000
vt -0.450000 -1.760375 0.000000
vt 0.000000 -1.673710 0.000000
vt -0.450000 -1.673710 0.000000
vt 0.000000 -1.587046 0.000000
vt -0.450000 -1.587046 0.000000
vt 0.000000 -1.500381 0.000000
vt -0.450000 -1.500381 0.000000
vt 0.000000 -1.413717 0.000000
vt -0.450000 -1.413717 0.000000
vt 0.000000 -1.327052 0.000000
vt -0.450000 -1.327052 0.000000
vt 0.000000 -1.240388 0.000000
vt -0.450000 -1.240388 0.000000
vt 0.000000 -1.153723 0.000000
vt -0.450000 -1.153723 0.000000
vt 0.000000 -1.067059 0.000000
vt -0.450000 -1.067059 0.000000
vt 0.000000 -0.980394 0.000000
vt -0.450000 -0.980394 0.000000
vt 0.000000 -0.893730 0.000000
vt -0.450000 -0.893730 0.000000
vt 0.000000 -0.807065 0.000000
vt -0.450000 -0.807065 0.000000
vt 0.000000 -0.720401 0.000000
vt -0.450000 -0.720401 0.000000
vt 0.000000 -0.633736 0.000000
vt -0.450000 -0.633736 0.000000
vt 0.000000 -0.547072 0.000000
vt -0.450000 -0.547072 0.000000
vt 0.000000 -0.460407 0.000000
vt -0.450000 -0.460407 0.000000
vt 0.000000 -0.373743 0.000000
vt -0.450000 -0.373743 0.000000
vt 0.000000 -0.287078 0.000000
vt -0.450000 -0.287078 0.000000
vt -0.450000 -0.200414 0.000000
vt 0.000000 -0.200414 0.000000
vt 0.000000 0.000000 0.000000
vt 1.088854 0.000000 0.000000
vt 0.000000 0.450000 0.000000
vt 1.088854 0.450000 0.000000
vt 0.450000 -0.726988 0.000000
vt -0.000000 -0.726988 0.000000
vt 0.450000 -0.771039 0.000000
vt -0.000000 -0.771039 0.000000
vt -0.000000 -0.815090 0.000000
vt 0.450000 -0.815090 0.000000
vt -0.000000 -0.859141 0.000000
vt 0.450000 -0.859141 0.000000
vt -0.000000 -0.903192 0.000000
vt 0.450000 -0.903192 0.000000
vt -0.000000 -0.947243 0.000000
vt 0.450000 -0.947243 0.000000
vt -0.000000 -0.991294 0.000000
vt 0.450000 -0.991294 0.000000
vt -0.000000 -1.035345 0.000000
vt 0.450000 -1.035345 0.000000
vt -0.000000 -1.079396 0.000000
vt 0.450000 -1.079396 0.000000
vt -0.000000 -1.123447 0.000000
vt 0.450000 -1.123447 0.000000
vt -0.000000 -1.167498 0.000000
vt 0.450000 -1.167498 0.000000
vt -0.000000 -1.211549 0.000000
vt 0.450000 -1.211549 0.000000
vt -0.000000 -1.255600 0.000000
vt 0.450000 -1.255600 0.000000
vt -0.000000 -1.299651 0.000000
vt 0.450000 -1.299651 0.000000
vt -0.000000 -1.343702 0.000000
vt 0.450000 -1.343702 0.000000
vt -0.000000 -1.387753 0.000000
vt 0.450000 -1.387753 0.000000
vt -0.000000 -1.431804 0.000000
vt 0.450000 -1.431804 0.000000
vt -0.000000 -1.475855 0.000000
vt 0.450000 -1.475855 0.000000
vt 0.450000 -1.519906 0.000000
vt 0.000000 -1.519906 0.000000
vt 0.794427 -0.794427 0.000000
vt 0.794427 0.294427 0.000000
vt 0.708564 -0.782729 0.000000
vt 0.750394 0.294932 0.000000
vt 0.623364 -0.766911 0.000000
vt 0.539024 -0.747011 0.000000
vt 0.706590 0.299438 0.000000
vt 0.344427 0.207825 0.000000
vt 0.358706 0.217823 0.000000
vt 0.663376 0.307908 0.000000
vt 0.371032 0.230148 0.000000
vt 0.621112 0.320273 0.000000
vt 0.381030 0.244427 0.000000
vt 0.580147 0.336429 0.000000
vt 0.388396 0.260225 0.000000
vt 0.392908 0.277062 0.000000
vt 0.540821 0.356243 0.000000
vt 0.394427 0.294427 0.000000
vt 0.503459 0.379551 0.000000
vt 0.392908 0.311792 0.000000
vt 0.388396 0.328629 0.000000
vt 0.468371 0.406160 0.000000
vt 0.381030 0.344427 0.000000
vt 0.371032 0.358706 0.000000
vt 0.435849 0.435849 0.000000
vt 0.358706 0.371032 0.000000
vt 0.406160 0.468371 0.000000
vt 0.344427 0.381030 0.000000
vt 0.328629 0.388396 0.000000
vt 0.379551 0.503459 0.000000
vt 0.311792 0.392908 0.000000
vt 0.294427 0.394427 0.000000
vt 0.356243 0.540821 0.000000
vt 0.277062 0.392908 0.000000
vt 0.336429 0.580147 0.000000
vt 0.260225 0.388396 0.000000
vt 0.244427 0.381030 0.000000
vt 0.320273 0.621112 0.000000
vt 0.230148 0.371032 0.000000
vt 0.307908 0.663376 0.000000
vt 0.217823 0.358706 0.000000
vt 0.299438 0.706590 0.000000
vt 0.207825 0.344427 0.000000
vt -0.747011 0.539024 0.000000
vt -0.723075 0.455739 0.000000
vt 0.294932 0.750394 0.000000
vt -0.766911 0.623364 0.000000
vt -0.782729 0.708564 0.000000
vt 0.294427 0.794427 0.000000
vt -0.794427 0.794427 0.000000
vt -0.695159 0.373703 0.000000
vt 0.200458 0.328629 0.000000
vt -0.663326 0.293105 0.000000
vt -0.627652 0.214133 0.000000
vt 0.195946 0.311792 0.000000
vt -0.588218 0.136969 0.000000
vt 0.194427 0.294427 0.000000
vt -0.545116 0.061793 0.000000
vt 0.195946 0.277062 0.000000
vt -0.498446 -0.011222 0.000000
vt 0.200458 0.260225 0.000000
vt -0.448315 -0.081906 0.000000
vt -0.394841 -0.150096 0.000000
vt 0.207825 0.244427 0.000000
vt -0.338147 -0.215633 0.000000
vt 0.217823 0.230148 0.000000
vt -0.278365 -0.278365 0.000000
vt 0.230148 0.217823 0.000000
vt -0.215633 -0.338147 0.000000
vt 0.244427 0.207825 0.000000
vt -0.150096 -0.394841 0.000000
vt 0.260225 0.200458 0.000000
vt -0.081906 -0.448315 0.000000
vt -0.011222 -0.498446 0.000000
vt 0.277062 0.195946 0.000000
vt 0.061793 -0.545116 0.000000
vt 0.294427 0.194427 0.000000
vt 0.136969 -0.588218 0.000000
vt 0.311792 0.195946 0.000000
vt 0.214133 -0.627652 0.000000
vt 0.328629 0.200458 0.000000
vt 0.293105 -0.663326 0.000000
vt 0.373703 -0.695159 0.000000
vt 0.455739 -0.723075 0.000000
vt -6.850000 -0.017453 0.000000
vt -6.583333 -0.017453 0.000000
vt -6.850000 0.000000 0.000000
vt -6.583333 0.000000 0.000000
vt -6.850000 0.017453 0.000000
vt -6.583333 0.017453 0.000000
vt -6.850000 0.034907 0.000000
vt -6.583333 0.034907 0.000000
vt -6.850000 0.052360 0.000000
vt -6.583333 0.052360 0.000000
vt -6.850000 0.069813 0.000000
vt -6.583333 0.069813 0.000000
vt -6.850000 0.087266 0.000000
vt -6.583333 0.087266 0.000000
vt -6.850000 0.104720 0.000000
vt -6.583333 0.104720 0.000000
vt -6.850000 0.122173 0.000000
vt -6.583333 0.122173 0.000000
vt -6.850000 0.139626 0.000000
vt -6.583333 0.139626 0.000000
vt -6.850000 0.157080 0.000000
vt -6.583333 0.157080 0.000000
vt -6.850000 0.174533 0.000000
vt -6.583333 0.174533 0.000000
vt -6.850000 0.191986 0.000000
vt -6.583333 0.191986 0.000000
vt -6.850000 0.209440 0.000000
vt -6.583333 0.209440 0.000000
vt -6.850000 0.226893 0.000000
vt -6.583333 0.226893 0.000000
vt -6.850000 0.244346 0.000000
vt -6.583333 0.244346 0.000000
vt -6.850000 0.261799 0.000000
vt -6.583333 0.261799 0.000000
vt -6.850000 0.279253 0.000000
vt -6.583333 0.279253 0.000000
vt -6.850000 0.296706 0.000000
vt -6.583333 0.296706 0.000000
vt -6.850000 0.314159 0.000000
vt -6.583333 0.314159 0.000000
vt -6.850000 -0.314159 0.000000
vt -6.583333 -0.314159 0.000000
vt -6.850000 -0.296706 0.000000
vt -6.583333 -0.296706 0.000000
vt -6.850000 -0.279253 0.000000
vt -6.583333 -0.279253 0.000000
vt -6.850000 -0.261799 0.000000
vt -6.583333 -0.261799 0.000000
vt -6.850000 -0.244346 0.000000
vt -6.583333 -0.244346 0.000000
vt -6.850000 -0.226893 0.000000
vt -6.583333 -0.226893 0.000000
vt -6.850000 -0.209440 0.000000
vt -6.583333 -0.209440 0.000000
vt -6.850000 -0.191986 0.000000
vt -6.583333 -0.191986 0.000000
vt -6.850000 -0.174533 0.000000
vt -6.583333 -0.174533 0.000000
vt -6.850000 -0.157080 0.000000
vt -6.583333 -0.157080 0.000000
vt -6.850000 -0.139626 0.000000
vt -6.583333 -0.139626 0.000000
vt -6.850000 -0.122173 0.000000
vt -6.583333 -0.122173 0.000000
vt -6.850000 -0.104720 0.000000
vt -6.583333 -0.104720 0.000000
vt -6.850000 -0.087266 0.000000
vt -6.583333 -0.087266 0.000000
vt -6.850000 -0.069813 0.000000
vt -6.583333 -0.069813 0.000000
vt -6.850000 -0.052360 0.000000
vt -6.583333 -0.052360 0.000000
vt -6.850000 -0.034907 0.000000
vt -6.583333 -0.034907 0.000000
vt -6.050000 0.017453 0.000000
vt -6.316667 0.017453 0.000000
vt -6.050000 0.000000 0.000000
vt -6.316667 0.000000 0.000000
vt -6.050000 -0.017453 0.000000
vt -6.316667 -0.017453 0.000000
vt -6.050000 -0.034907 0.000000
vt -6.316667 -0.034907 0.000000
vt -6.050000 -0.052360 0.000000
vt -6.316667 -0.052360 0.000000
vt -6.050000 -0.069813 0.000000
vt -6.316667 -0.069813 0.000000
vt -6.050000 -0.087266 0.000000
vt -6.316667 -0.087266 0.000000
vt -6.050000 -0.104720 0.000000
vt -6.316667 -0.104720 0.000000
vt -6.050000 -0.122173 0.000000
vt -6.316667 -0.122173 0.000000
vt -6.050000 -0.139626 0.000000
vt -6.316667 -0.139626 0.000000
vt -6.050000 -0.157080 0.000000
vt -6.316667 -0.157080 0.000000
vt -6.050000 -0.174533 0.000000
vt -6.316667 -0.174533 0.000000
vt -6.050000 -0.191986 0.000000
vt -6.316667 -0.191986 0.000000
vt -6.050000 -0.209440 0.000000
vt -6.316667 -0.209440 0.000000
vt -6.050000 -0.226893 0.000000
vt -6.316667 -0.226893 0.000000
vt -6.050000 -0.244346 0.000000
vt -6.316667 -0.244346 0.000000
vt -6.050000 -0.261799 0.000000
vt -6.316667 -0.261799 0.000000
vt -6.050000 -0.279253 0.000000
vt -6.316667 -0.279253 0.000000
vt -6.050000 -0.296706 0.000000
vt -6.316667 -0.296706 0.000000
vt -6.050000 -0.314159 0.000000
vt -6.316667 -0.314159 0.000000
vt -6.050000 0.314159 0.000000
vt -6.316667 0.314159 0.000000
vt -6.050000 0.296706 0.000000
vt -6.316667 0.296706 0.000000
vt -6.050000 0.279253 0.000000
vt -6.316667 0.279253 0.000000
vt -6.050000 0.261799 0.000000
vt -6.316667 0.261799 0.000000
vt -6.050000 0.244346 0.000000
vt -6.316667 0.244346 0.000000
vt -6.050000 0.226893 0.000000
vt -6.316667 0.226893 0.000000
vt -6.050000 0.209440 0.000000
vt -6.316667 0.209440 0.000000
vt -6.050000 0.191986 0.000000
vt -6.316667 0.191986 0.000000
vt -6.050000 0.174533 0.000000
vt -6.316667 0.174533 0.000000
vt -6.050000 0.157080 0.000000
vt -6.316667 0.157080 0.000000
vt -6.050000 0.139626 0.000000
vt -6.316667 0.139626 0.000000
vt -6.050000 0.122173 0.000000
vt -6.316667 0.122173 0.000000
vt -6.050000 0.104720 0.000000
vt -6.316667 0.104720 0.000000
vt -6.050000 0.087266 0.000000
vt -6.316667 0.087266 0.000000
vt -6.050000 0.069813 0.000000
vt -6.316667 0.069813 0.000000
vt -6.050000 0.052360 0.000000
vt -6.316667 0.052360 0.000000
vt -6.050000 0.034907 0.000000
vt -6.316667 0.034907 0.000000
vt -0.794427 -0.794427 0.000000
vt -0.708564 -0.782729 0.000000
vt -0.794427 0.294427 0.000000
vt -0.750394 0.294932 0.000000
vt -0.623364 -0.766911 0.000000
vt -0.539024 -0.747011 0.000000
vt -0.455739 -0.723075 0.000000
vt -0.344427 0.207825 0.000000
vt -0.706590 0.299438 0.000000
vt -0.373703 -0.695159 0.000000
vt -0.328629 0.200458 0.000000
vt -0.293105 -0.663326 0.000000
vt -0.214133 -0.627652 0.000000
vt -0.311792 0.195946 0.000000
vt -0.136969 -0.588218 0.000000
vt -0.294427 0.194427 0.000000
vt -0.061793 -0.545116 0.000000
vt -0.277062 0.195946 0.000000
vt 0.011222 -0.498446 0.000000
vt -0.260225 0.200458 0.000000
vt 0.081906 -0.448315 0.000000
vt 0.150096 -0.394841 0.000000
vt -0.244427 0.207825 0.000000
vt 0.215633 -0.338147 0.000000
vt -0.230148 0.217823 0.000000
vt 0.278365 -0.278365 0.000000
vt -0.217823 0.230148 0.000000
vt 0.338147 -0.215633 0.000000
vt -0.207825 0.244427 0.000000
vt 0.394841 -0.150096 0.000000
vt -0.200458 0.260225 0.000000
vt 0.448315 -0.081906 0.000000
vt 0.498446 -0.011222 0.000000
vt -0.195946 0.277062 0.000000
vt 0.545116 0.061793 0.000000
vt -0.194427 0.294427 0.000000
vt 0.588218 0.136969 0.000000
vt -0.195946 0.311792 0.000000
vt 0.627652 0.214133 0.000000
vt -0.200458 0.328629 0.000000
vt 0.663326 0.293105 0.000000
vt 0.695159 0.373703 0.000000
vt -0.207825 0.344427 0.000000
vt 0.723075 0.455739 0.000000
vt 0.747011 0.539024 0.000000
vt 0.766911 0.623364 0.000000
vt -0.294932 0.750394 0.000000
vt -0.299438 0.706590 0.000000
vt -0.217823 0.358706 0.000000
vt -0.307908 0.663376 0.000000
vt -0.230148 0.371032 0.000000
vt -0.320273 0.621112 0.000000
vt -0.244427 0.381030 0.000000
vt -0.336429 0.580147 0.000000
vt -0.260225 0.388396 0.000000
vt -0.277062 0.392908 0.000000
vt -0.356243 0.540821 0.000000
vt -0.294427 0.394427 0.000000
vt -0.379551 0.503459 0.000000
vt -0.311792 0.392908 0.000000
vt -0.328629 0.388396 0.000000
vt -0.406160 0.468371 0.000000
vt -0.344427 0.381030 0.000000
vt -0.358706 0.371032 0.000000
vt -0.435849 0.435849 0.000000
vt -0.371032 0.358706 0.000000
vt -0.468371 0.406160 0.000000
vt -0.381030 0.344427 0.000000
vt -0.388396 0.328629 0.000000
vt -0.503459 0.379551 0.000000
vt -0.392908 0.311792 0.000000
vt -0.394427 0.294427 0.000000
vt -0.540821 0.356243 0.000000
vt -0.392908 0.277062 0.000000
vt -0.580147 0.336429 0.000000
vt -0.388396 0.260225 0.000000
vt -0.381030 0.244427 0.000000
vt -0.621112 0.320273 0.000000
vt -0.371032 0.230148 0.000000
vt -0.663376 0.307908 0.000000
vt -0.358706 0.217823 0.000000
vt 0.782729 0.708564 0.000000
vt -0.294427 0.794427 0.000000
vt 0.794427 0.794427 0.000000
vt 0.000000 0.000000 0.000000
vt 1.088854 0.000000 0.000000
vt 0.000000 0.450000 0.000000
vt 1.088854 0.450000 0.000000
vt -0.450000 -2.627020 0.000000
vt 0.000000 -2.627020 0.000000
vt -0.450000 -2.540355 0.000000
vt 0.000000 -2.540355 0.000000
vt 0.000000 -2.453691 0.000000
vt -0.450000 -2.453691 0.000000
vt 0.000000 -2.367026 0.000000
vt -0.450000 -2.367026 0.000000
vt 0.000000 -2.280362 0.000000
vt -0.450000 -2.280362 0.000000
vt 0.000000 -2.193697 0.000000
vt -0.450000 -2.193697 0.000000
vt 0.000000 -2.107033 0.000000
vt -0.450000 -2.107033 0.000000
vt 0.000000 -2.020368 0.000000
vt -0.450000 -2.020368 0.000000
vt 0.000000 -1.933704 0.000000
vt -0.450000 -1.933704 0.000000
vt 0.000000 -1.847039 0.000000
vt -0.450000 -1.847039 0.000000
vt 0.000000 -1.760375 0.000000
vt -0.450000 -1.760375 0.000000
vt 0.000000 -1.673710 0.000000
vt -0.450000 -1.673710 0.000000
vt 0.000000 -1.587046 0.000000
vt -0.450000 -1.587046 0.000000
vt 0.000000 -1.500381 0.000000
vt -0.450000 -1.500381 0.000000
vt 0.000000 -1.413717 0.000000
vt -0.450000 -1.413717 0.000000
vt 0.000000 -1.327052 0.000000
vt -0.450000 -1.327052 0.000000
vt 0.000000 -1.240388 0.000000
vt -0.450000 -1.240388 0.000000
vt 0.000000 -1.153723 0.000000
vt -0.450000 -1.153723 0.000000
vt 0.000000 -1.067059 0.000000
vt -0.450000 -1.067059 0.000000
vt 0.000000 -0.980394 0.000000
vt -0.450000 -0.980394 0.000000
vt 0.000000 -0.893730 0.000000
vt -0.450000 -0.893730 0.000000
vt 0.000000 -0.807065 0.000000
vt -0.450000 -0.807065 0.000000
vt 0.000000 -0.720401 0.000000
vt -0.450000 -0.720401 0.000000
vt 0.000000 -0.633736 0.000000
vt -0.450000 -0.633736 0.000000
vt 0.000000 -0.547072 0.000000
vt -0.450000 -0.547072 0.000000
vt 0.000000 -0.460407 0.000000
vt -0.450000 -0.460407 0.000000
vt 0.000000 -0.373743 0.000000
vt -0.450000 -0.373743 0.000000
vt 0.000000 -0.287078 0.000000
vt -0.450000 -0.287078 0.000000
vt -0.450000 -0.200414 0.000000
vt 0.000000 -0.200414 0.000000
vt 0.000000 0.000000 0.000000
vt 1.088854 0.000000 0.000000
vt -0.000000 0.450000 0.000000
vt 1.088854 0.450000 0.000000
vt 0.450000 -0.726988 0.000000
vt -0.000000 -0.726988 0.000000
vt 0.450000 -0.771039 0.000000
vt -0.000000 -0.771039 0.000000
vt -0.000000 -0.815090 0.000000
vt 0.450000 -0.815090 0.000000
vt -0.000000 -0.859141 0.000000
vt 0.450000 -0.859141 0.000000
vt -0.000000 -0.903192 0.000000
vt 0.450000 -0.903192 0.000000
vt -0.000000 -0.947243 0.000000
vt 0.450000 -0.947243 0.000000
vt -0.000000 -0.991294 0.000000
vt 0.450000 -0.991294 0.000000
vt -0.000000 -1.035345 0.000000
vt 0.450000 -1.035345 0.000000
vt -0.000000 -1.079396 0.000000
vt 0.450000 -1.079396 0.000000
vt -0.000000 -1.123447 0.000000
vt 0.450000 -1.123447 0.000000
vt -0.000000 -1.167498 0.000000
vt 0.450000 -1.167498 0.000000
vt -0.000000 -1.211549 0.000000
vt 0.450000 -1.211549 0.000000
vt -0.000000 -1.255600 0.000000
vt 0.450000 -1.255600 0.000000
vt -0.000000 -1.299651 0.000000
vt 0.450000 -1.299651 0.000000
vt -0.000000 -1.343702 0.000000
vt 0.450000 -1.343702 0.000000
vt -0.000000 -1.387753 0.000000
vt 0.450000 -1.387753 0.000000
vt -0.000000 -1.431804 0.000000
vt 0.450000 -1.431804 0.000000
vt -0.000000 -1.475855 0.000000
vt 0.450000 -1.475855 0.000000
vt 0.450000 -1.519906 0.000000
vt 0.000000 -1.519906 0.000000
vt 0.794427 -0.794427 0.000000
vt 0.794427 0.294427 0.000000
vt 0.708564 -0.782729 0.000000
vt 0.750394 0.294932 0.000000
vt 0.623364 -0.766911 0.000000
vt 0.539024 -0.747011 0.000000
vt 0.706590 0.299438 0.000000
vt 0.344427 0.207825 0.000000
vt 0.358706 0.217823 0.000000
vt 0.663376 0.307908 0.000000
vt 0.371032 0.230148 0.000000
vt 0.621112 0.320273 0.000000
vt 0.381030 0.244427 0.000000
vt 0.580147 0.336429 0.000000
vt 0.388396 0.260225 0.000000
vt 0.392908 0.277062 0.000000
vt 0.540821 0.356243 0.000000
vt 0.394427 0.294427 0.000000
vt 0.503459 0.379551 0.000000
vt 0.392908 0.311792 0.000000
vt 0.388396 0.328629 0.000000
vt 0.468371 0.406160 0.000000
vt 0.381030 0.344427 0.000000
vt 0.371032 0.358706 0.000000
vt 0.435849 0.435849 0.000000
vt 0.358706 0.371032 0.000000
vt 0.406160 0.468371 0.000000
vt 0.344427 0.381030 0.000000
vt 0.328629 0.388396 0.000000
vt 0.379551 0.503459 0.000000
vt 0.311792 0.392908 0.000000
vt 0.294427 0.394427 0.000000
vt 0.356243 0.540821 0.000000
vt 0.277062 0.392908 0.000000
vt 0.336429 0.580147 0.000000
vt 0.260225 0.388396 0.000000
vt 0.244427 0.381030 0.000000
vt 0.320273 0.621112 0.000000
vt 0.230148 0.371032 0.000000
vt 0.307908 0.663376 0.000000
vt 0.217823 0.358706 0.000000
vt 0.299438 0.706590 0.000000
vt 0.207825 0.344427 0.000000
vt -0.747011 0.539024 0.000000
vt -0.723075 0.455739 0.000000
vt 0.294932 0.750394 0.000000
vt -0.766911 0.623364 0.000000
vt -0.782729 0.708564 0.000000
vt 0.294427 0.794427 0.000000
vt -0.794427 0.794427 0.000000
vt -0.695159 0.373703 0.000000
vt 0.200458 0.328629 0.000000
vt -0.663326 0.293105 0.000000
vt -0.627652 0.214133 0.000000
vt 0.195946 0.311792 0.000000
vt -0.588218 0.136969 0.000000
vt 0.194427 0.294427 0.000000
vt -0.545116 0.061793 0.000000
vt 0.195946 0.277062 0.000000
vt -0.498446 -0.011222 0.000000
vt 0.200458 0.260225 0.000000
vt -0.448315 -0.081906 0.000000
vt -0.394841 -0.150096 0.000000
vt 0.207825 0.244427 0.000000
vt -0.338147 -0.215633 0.000000
vt 0.217823 0.230148 0.000000
vt -0.278365 -0.278365 0.000000
vt 0.230148 0.217823 0.000000
vt -0.215633 -0.338147 0.000000
vt 0.244427 0.207825 0.000000
vt -0.150096 -0.394841 0.000000
vt 0.260225 0.200458 0.000000
vt -0.081906 -0.448315 0.000000
vt -0.011222 -0.498446 0.000000
vt 0.277062 0.195946 0.000000
vt 0.061793 -0.545116 0.000000
vt 0.294427 0.194427 0.000000
vt 0.136969 -0.588218 0.000000
vt 0.311792 0.195946 0.000000
vt 0.214133 -0.627652 0.000000
vt 0.328629 0.200458 0.000000
vt 0.293105 -0.663326 0.000000
vt 0.373703 -0.695159 0.000000
vt 0.455739 -0.723075 0.000000
vt -8.100000 -0.017453 0.000000
vt -7.833333 -0.017453 0.000000
vt -8.100000 0.000000 0.000000
vt -7.833333 0.000000 0.000000
vt -8.100000 0.017453 0.000000
vt -7.833333 0.017453 0.000000
vt -8.100000 0.034907 0.000000
vt -7.833333 0.034907 0.000000
vt -8.100000 0.052360 0.000000
vt -7.833333 0.052360 0.000000
vt -8.100000 0.069813 0.000000
vt -7.833333 0.069813 0.000000
vt -8.100000 0.087266 0.000000
vt -7.833333 0.087266 0.000000
vt -8.100000 0.104720 0.000000
vt -7.833333 0.104720 0.000000
vt -8.100000 0.122173 0.000000
vt -7.833333 0.122173 0.000000
vt -8.100000 0.139626 0.000000
vt -7.833333 0.139626 0.000000
vt -8.100000 0.157080 0.000000
vt -7.833333 0.157080 0.000000
vt -8.100000 0.174533 0.000000
vt -7.833333 0.174533 0.000000
vt -8.100000 0.191986 0.000000
vt -7.833333 0.191986 0.000000
vt -8.100000 0.209440 0.000000
vt -7.833333 0.209440 0.000000
vt -8.100000 0.226893 0.000000
vt -7.833333 0.226893 0.000000
vt -8.100000 0.244346 0.000000
vt -7.833333 0.244346 0.000000
vt -8.100000 0.261799 0.000000
vt -7.833333 0.261799 0.000000
vt -8.100000 0.279253 0.000000
vt -7.833333 0.279253 0.000000
vt -8.100000 0.296706 0.000000
vt -7.833333 0.296706 0.000000
vt -8.100000 0.314159 0.000000
vt -7.833333 0.314159 0.000000
vt -8.100000 -0.314159 0.000000
vt -7.833333 -0.314159 0.000000
vt -8.100000 -0.296706 0.000000
vt -7.833333 -0.296706 0.000000
vt -8.100000 -0.279253 0.000000
vt -7.833333 -0.279253 0.000000
vt -8.100000 -0.261799 0.000000
vt -7.833333 -0.261799 0.000000
vt -8.100000 -0.244346 0.000000
vt -7.833333 -0.244346 0.000000
vt -8.100000 -0.226893 0.000000
vt -7.833333 -0.226893 0.000000
vt -8.100000 -0.209440 0.000000
vt -7.833333 -0.209440 0.000000
vt -8.100000 -0.191986 0.000000
vt -7.833333 -0.191986 0.000000
vt -8.100000 -0.174533 0.000000
vt -7.833333 -0.174533 0.000000
vt -8.100000 -0.157080 0.000000
vt -7.833333 -0.157080 0.000000
vt -8.100000 -0.139626 0.000000
vt -7.833333 -0.139626 0.000000
vt -8.100000 -0.122173 0.000000
vt -7.833333 -0.122173 0.000000
vt -8.100000 -0.104720 0.000000
vt -7.833333 -0.104720 0.000000
vt -8.100000 -0.087266 0.000000
vt -7.833333 -0.087266 0.000000
vt -8.100000 -0.069813 0.000000
vt -7.833333 -0.069813 0.000000
vt -8.100000 -0.052360 0.000000
vt -7.833333 -0.052360 0.000000
vt -8.100000 -0.034907 0.000000
vt -7.833333 -0.034907 0.000000
vt -7.300000 0.017453 0.000000
vt -7.566667 0.017453 0.000000
vt -7.300000 0.000000 0.000000
vt -7.566667 0.000000 0.000000
vt -7.300000 -0.017453 0.000000
vt -7.566667 -0.017453 0.000000
vt -7.300000 -0.034907 0.000000
vt -7.566667 -0.034907 0.000000
vt -7.300000 -0.052360 0.000000
vt -7.566667 -0.052360 0.000000
vt -7.300000 -0.069813 0.000000
vt -7.566667 -0.069813 0.000000
vt -7.300000 -0.087266 0.000000
vt -7.566667 -0.087266 0.000000
vt -7.300000 -0.104720 0.000000
vt -7.566667 -0.104720 0.000000
vt -7.300000 -0.122173 0.000000
vt -7.566667 -0.122173 0.000000
vt -7.300000 -0.139626 0.000000
vt -7.566667 -0.139626 0.000000
vt -7.300000 -0.157080 0.000000
vt -7.566667 -0.157080 0.000000
vt -7.300000 -0.174533 0.000000
vt -7.566667 -0.174533 0.000000
vt -7.300000 -0.191986 0.000000
vt -7.566667 -0.191986 0.000000
vt -7.300000 -0.209440 0.000000
vt -7.566667 -0.209440 0.000000
vt -7.300000 -0.226893 0.000000
vt -7.566667 -0.226893 0.000000
vt -7.300000 -0.244346 0.000000
vt -7.566667 -0.244346 0.000000
vt -7.300000 -0.261799 0.000000
vt -7.566667 -0.261799 0.000000
vt -7.300000 -0.279253 0.000000
vt -7.566667 -0.279253 0.000000
vt -7.300000 -0.296706 0.000000
vt -7.566667 -0.296706 0.000000
vt -7.300000 -0.314159 0.000000
vt -7.566667 -0.314159 0.000000
vt -7.300000 0.314159 0.000000
vt -7.566667 0.314159 0.000000
vt -7.300000 0.296706 0.000000
vt -7.566667 0.296706 0.000000
vt -7.300000 0.279253 0.000000
vt -7.566667 0.279253 0.000000
vt -7.300000 0.261799 0.000000
vt -7.566667 0.261799 0.000000
vt -7.300000 0.244346 0.000000
vt -7.566667 0.244346 0.000000
vt -7.300000 0.226893 0.000000
vt -7.566667 0.226893 0.000000
vt -7.300000 0.209440 0.000000
vt -7.566667 0.209440 0.000000
vt -7.300000 0.191986 0.000000
vt -7.566667 0.191986 0.000000
vt -7.300000 0.174533 0.000000
vt -7.566667 0.174533 0.000000
vt -7.300000 0.157080 0.000000
vt -7.566667 0.157080 0.000000
vt -7.300000 0.139626 0.000000
vt -7.566667 0.139626 0.000000
vt -7.300000 0.122173 0.000000
vt -7.566667 0.122173 0.000000
vt -7.300000 0.104720 0.000000
vt -7.566667 0.104720 0.000000
vt -7.300000 0.087266 0.000000
vt -7.566667 0.087266 0.000000
vt -7.300000 0.069813 0.000000
vt -7.566667 0.069813 0.000000
vt -7.300000 0.052360 0.000000
vt -7.566667 0.052360 0.000000
vt -7.300000 0.034907 0.000000
vt -7.566667 0.034907 0.000000
vt -0.794427 -0.794427 0.000000
vt -0.708564 -0.782729 0.000000
vt -0.794427 0.294427 0.000000
vt -0.750394 0.294932 0.000000
vt -0.623364 -0.766911 0.000000
vt -0.539024 -0.747011 0.000000
vt -0.455739 -0.723075 0.000000
vt -0.344427 0.207825 0.000000
vt -0.706590 0.299438 0.000000
vt -0.373703 -0.695159 0.000000
vt -0.328629 0.200458 0.000000
vt -0.293105 -0.663326 0.000000
vt -0.214133 -0.627652 0.000000
vt -0.311792 0.195946 0.000000
vt -0.136969 -0.588218 0.000000
vt -0.294427 0.194427 0.000000
vt -0.061793 -0.545116 0.000000
vt -0.277062 0.195946 0.000000
vt 0.011222 -0.498446 0.000000
vt -0.260225 0.200458 0.000000
vt 0.081906 -0.448315 0.000000
vt 0.150096 -0.394841 0.000000
vt -0.244427 0.207825 0.000000
vt 0.215633 -0.338147 0.000000
vt -0.230148 0.217823 0.000000
vt 0.278365 -0.278365 0.000000
vt -0.217823 0.230148 0.000000
vt 0.338147 -0.215633 0.000000
vt -0.207825 0.244427 0.000000
vt 0.394841 -0.150096 0.000000
vt -0.200458 0.260225 0.000000
vt 0.448315 -0.081906 0.000000
vt 0.498446 -0.011222 0.000000
vt -0.195946 0.277062 0.000000
vt 0.545116 0.061793 0.000000
vt -0.194427 0.294427 0.000000
vt 0.588218 0.136969 0.000000
vt -0.195946 0.311792 0.000000
vt 0.627652 0.214133 0.000000
vt -0.200458 0.328629 0.000000
vt 0.663326 0.293105 0.000000
vt 0.695159 0.373703 0.000000
vt -0.207825 0.344427 0.000000
vt 0.723075 0.455739 0.000000
vt 0.747011 0.539024 0.000000
vt 0.766911 0.623364 0.000000
vt -0.294932 0.750394 0.000000
vt -0.299438 0.706590 0.000000
vt -0.217823 0.358706 0.000000
vt -0.307908 0.663376 0.000000
vt -0.230148 0.371032 0.000000
vt -0.320273 0.621112 0.000000
vt -0.244427 0.381030 0.000000
vt -0.336429 0.580147 0.000000
vt -0.260225 0.388396 0.000000
vt -0.277062 0.392908 0.000000
vt -0.356243 0.540821 0.000000
vt -0.294427 0.394427 0.000000
vt -0.379551 0.503459 0.000000
vt -0.311792 0.392908 0.000000
vt -0.328629 0.388396 0.000000
vt -0.406160 0.468371 0.000000
vt -0.344427 0.381030 0.000000
vt -0.358706 0.371032 0.000000
vt -0.435849 0.435849 0.000000
vt -0.371032 0.358706 0.000000
vt -0.468371 0.406160 0.000000
vt -0.381030 0.344427 0.000000
vt -0.388396 0.328629 0.000000
vt -0.503459 0.379551 0.000000
vt -0.392908 0.311792 0.000000
vt -0.394427 0.294427 0.000000
vt -0.540821 0.356243 0.000000
vt -0.392908 0.277062 0.000000
vt -0.580147 0.336429 0.000000
vt -0.388396 0.260225 0.000000
vt -0.381030 0.244427 0.000000
vt -0.621112 0.320273 0.000000
vt -0.371032 0.230148 0.000000
vt -0.663376 0.307908 0.000000
vt -0.358706 0.217823 0.000000
vt 0.782729 0.708564 0.000000
vt -0.294427 0.794427 0.000000
vt 0.794427 0.794427 0.000000
vt 0.000000 0.000000 0.000000
vt 1.088854 0.000000 0.000000
vt 0.000000 0.450000 0.000000
vt 1.088854 0.450000 0.000000
vt -0.450000 -2.627020 0.000000
vt 0.000000 -2.627020 0.000000
vt -0.450000 -2.540355 0.000000
vt 0.000000 -2.540355 0.000000
vt 0.000000 -2.453691 0.000000
vt -0.450000 -2.453691 0.000000
vt 0.000000 -2.367026 0.000000
vt -0.450000 -2.367026 0.000000
vt 0.000000 -2.280362 0.000000
vt -0.450000 -2.280362 0.000000
vt 0.000000 -2.193697 0.000000
vt -0.450000 -2.193697 0.000000
vt 0.000000 -2.107033 0.000000
vt -0.450000 -2.107033 0.000000
vt 0.000000 -2.020368 0.000000
vt -0.450000 -2.020368 0.000000
vt 0.000000 -1.933704 0.000000
vt -0.450000 -1.933704 0.000000
vt 0.000000 -1.847039 0.000000
vt -0.450000 -1.847039 0.000000
vt 0.000000 -1.760375 0.000000
vt -0.450000 -1.760375 0.000000
vt 0.000000 -1.673710 0.000000
vt -0.450000 -1.673710 0.000000
vt 0.000000 -1.587046 0.000000
vt -0.450000 -1.587046 0.000000
vt 0.000000 -1.500381 0.000000
vt -0.450000 -1.500381 0.000000
vt 0.000000 -1.413717 0.000000
vt -0.450000 -1.413717 0.000000
vt 0.000000 -1.327052 0.000000
vt -0.450000 -1.327052 0.000000
vt 0.000000 -1.240388 0.000000
vt -0.450000 -1.240388 0.000000
vt 0.000000 -1.153723 0.000000
vt -0.450000 -1.153723 0.000000
vt 0.000000 -1.067059 0.000000
vt -0.450000 -1.067059 0.000000
vt 0.000000 -0.980394 0.000000
vt -0.450000 -0.980394 0.000000
vt 0.000000 -0.893730 0.000000
vt -0.450000 -0.893730 0.000000
vt 0.000000 -0.807065 0.000000
vt -0.450000 -0.807065 0.000000
vt 0.000000 -0.720401 0.000000
vt -0.450000 -0.720401 0.000000
vt 0.000000 -0.633736 0.000000
vt -0.450000 -0.633736 0.000000
vt 0.000000 -0.547072 0.000000
vt -0.450000 -0.547072 0.000000
vt 0.000000 -0.460407 0.000000
vt -0.450000 -0.460407 0.000000
vt 0.000000 -0.373743 0.000000
vt -0.450000 -0.373743 0.000000
vt 0.000000 -0.287078 0.000000
vt -0.450000 -0.287078 0.000000
vt -0.450000 -0.200414 0.000000
vt 0.000000 -0.200414 0.000000
vt 0.000000 0.000000 0.000000
vt 1.088854 0.000000 0.000000
vt -0.000000 0.450000 0.000000
vt 1.088854 0.450000 0.000000
vt 0.450000 -0.726988 0.000000
vt -0.000000 -0.726988 0.000000
vt 0.450000 -0.771039 0.000000
vt -0.000000 -0.771039 0.000000
vt -0.000000 -0.815090 0.000000
vt 0.450000 -0.815090 0.000000
vt -0.000000 -0.859141 0.000000
vt 0.450000 -0.859141 0.000000
vt -0.000000 -0.903192 0.000000
vt 0.450000 -0.903192 0.000000
vt -0.000000 -0.947243 0.000000
vt 0.450000 -0.947243 0.000000
vt -0.000000 -0.991294 0.000000
vt 0.450000 -0.991294 0.000000
vt -0.000000 -1.035345 0.000000
vt 0.450000 -1.035345 0.000000
vt -0.000000 -1.079396 0.000000
vt 0.450000 -1.079396 0.000000
vt -0.000000 -1.123447 0.000000
vt 0.450000 -1.123447 0.000000
vt -0.000000 -1.167498 0.000000
vt 0.450000 -1.167498 0.000000
vt -0.000000 -1.211549 0.000000
vt 0.450000 -1.211549 0.000000
vt -0.000000 -1.255600 0.000000
vt 0.450000 -1.255600 0.000000
vt -0.000000 -1.299651 0.000000
vt 0.450000 -1.299651 0.000000
vt -0.000000 -1.343702 0.000000
vt 0.450000 -1.343702 0.000000
vt -0.000000 -1.387753 0.000000
vt 0.450000 -1.387753 0.000000
vt -0.000000 -1.431804 0.000000
vt 0.450000 -1.431804 0.000000
vt -0.000000 -1.475855 0.000000
vt 0.450000 -1.475855 0.000000
vt 0.450000 -1.519906 0.000000
vt 0.000000 -1.519906 0.000000
vt 0.794427 -0.794427 0.000000
vt 0.794427 0.294427 0.000000
vt 0.708564 -0.782729 0.000000
vt 0.750394 0.294932 0.000000
vt 0.623364 -0.766911 0.000000
vt 0.539024 -0.747011 0.000000
vt 0.706590 0.299438 0.000000
vt 0.344427 0.207825 0.000000
vt 0.358706 0.217823 0.000000
vt 0.663376 0.307908 0.000000
vt 0.371032 0.230148 0.000000
vt 0.621112 0.320273 0.000000
vt 0.381030 0.244427 0.000000
vt 0.580147 0.336429 0.000000
vt 0.388396 0.260225 0.000000
vt 0.392908 0.277062 0.000000
vt 0.540821 0.356243 0.000000
vt 0.394427 0.294427 0.000000
vt 0.503459 0.379551 0.000000
vt 0.392908 0.311792 0.000000
vt 0.388396 0.328629 0.000000
vt 0.468371 0.406160 0.000000
vt 0.381030 0.344427 0.000000
vt 0.371032 0.358706 0.000000
vt 0.435849 0.435849 0.000000
vt 0.358706 0.371032 0.000000
vt 0.406160 0.468371 0.000000
vt 0.344427 0.381030 0.000000
vt 0.328629 0.388396 0.000000
vt 0.379551 0.503459 0.000000
vt 0.311792 0.392908 0.000000
vt 0.294427 0.394427 0.000000
vt 0.356243 0.540821 0.000000
vt 0.277062 0.392908 0.000000
vt 0.336429 0.580147 0.000000
vt 0.260225 0.388396 0.000000
vt 0.244427 0.381030 0.000000
vt 0.320273 0.621112 0.000000
vt 0.230148 0.371032 0.000000
vt 0.307908 0.663376 0.000000
vt 0.217823 0.358706 0.000000
vt 0.299438 0.706590 0.000000
vt 0.207825 0.344427 0.000000
vt -0.747011 0.539024 0.000000
vt -0.723075 0.455739 0.000000
vt 0.294932 0.750394 0.000000
vt -0.766911 0.623364 0.000000
vt -0.782729 0.708564 0.000000
vt 0.294427 0.794427 0.000000
vt -0.794427 0.794427 0.000000
vt -0.695159 0.373703 0.000000
vt 0.200458 0.328629 0.000000
vt -0.663326 0.293105 0.000000
vt -0.627652 0.214133 0.000000
vt 0.195946 0.311792 0.000000
vt -0.588218 0.136969 0.000000
vt 0.194427 0.294427 0.000000
vt -0.545116 0.061793 0.000000
vt 0.195946 0.277062 0.000000
vt -0.498446 -0.011222 0.000000
vt 0.200458 0.260225 0.000000
vt -0.448315 -0.081906 0.000000
vt -0.394841 -0.150096 0.000000
vt 0.207825 0.244427 0.000000
vt -0.338147 -0.215633 0.000000
vt 0.217823 0.230148 0.000000
vt -0.278365 -0.278365 0.000000
vt 0.230148 0.217823 0.000000
vt -0.215633 -0.338147 0.000000
vt 0.244427 0.207825 0.000000
vt -0.150096 -0.394841 0.000000
vt 0.260225 0.200458 0.000000
vt -0.081906 -0.448315 0.000000
vt -0.011222 -0.498446 0.000000
vt 0.277062 0.195946 0.000000
vt 0.061793 -0.545116 0.000000
vt 0.294427 0.194427 0.000000
vt 0.136969 -0.588218 0.000000
vt 0.311792 0.195946 0.000000
vt 0.214133 -0.627652 0.000000
vt 0.328629 0.200458 0.000000
vt 0.293105 -0.663326 0.000000
vt 0.373703 -0.695159 0.000000
vt 0.455739 -0.723075 0.000000
vt -9.350000 -0.017453 0.000000
vt -9.083333 -0.017453 0.000000
vt -9.350000 0.000000 0.000000
vt -9.083333 0.000000 0.000000
vt -9.350000 0.017453 0.000000
vt -9.083333 0.017453 0.000000
vt -9.350000 0.034907 0.000000
vt -9.083333 0.034907 0.000000
vt -9.350000 0.052360 0.000000
vt -9.083333 0.052360 0.000000
vt -9.350000 0.069813 0.000000
vt -9.083333 0.069813 0.000000
vt -9.350000 0.087266 0.000000
vt -9.083333 0.087266 0.000000
vt -9.350000 0.104720 0.000000
vt -9.083333 0.104720 0.000000
vt -9.350000 0.122173 0.000000
vt -9.083333 0.122173 0.000000
vt -9.350000 0.139626 0.000000
vt -9.083333 0.139626 0.000000
vt -9.350000 0.157080 0.000000
vt -9.083333 0.157080 0.000000
vt -9.350000 0.174533 0.000000
vt -9.083333 0.174533 0.000000
vt -9.350000 0.191986 0.000000
vt -9.083333 0.191986 0.000000
vt -9.350000 0.209440 0.000000
vt -9.083333 0.209440 0.000000
vt -9.350000 0.226893 0.000000
vt -9.083333 0.226893 0.000000
vt -9.350000 0.244346 0.000000
vt -9.083333 0.244346 0.000000
vt -9.350000 0.261799 0.000000
vt -9.083333 0.261799 0.000000
vt -9.350000 0.279253 0.000000
vt -9.083333 0.279253 0.000000
vt -9.350000 0.296706 0.000000
vt -9.083333 0.296706 0.000000
vt -9.350000 0.314159 0.000000
vt -9.083333 0.314159 0.000000
vt -9.350000 -0.314159 0.000000
vt -9.083333 -0.314159 0.000000
vt -9.350000 -0.296706 0.000000
vt -9.083333 -0.296706 0.000000
vt -9.350000 -0.279253 0.000000
vt -9.083333 -0.279253 0.000000
vt -9.350000 -0.261799 0.000000
vt -9.083333 -0.261799 0.000000
vt -9.350000 -0.244346 0.000000
vt -9.083333 -0.244346 0.000000
vt -9.350000 -0.226893 0.000000
vt -9.083333 -0.226893 0.000000
vt -9.350000 -0.209440 0.000000
vt -9.083333 -0.209440 0.000000
vt -9.350000 -0.191986 0.000000
vt -9.083333 -0.191986 0.000000
vt -9.350000 -0.174533 0.000000
vt -9.083333 -0.174533 0.000000
vt -9.350000 -0.157080 0.000000
vt -9.083333 -0.157080 0.000000
vt -9.350000 -0.139626 0.000000
vt -9.083333 -0.139626 0.000000
vt -9.350000 -0.122173 0.000000
vt -9.083333 -0.122173 0.000000
vt -9.350000 -0.104720 0.000000
vt -9.083333 -0.104720 0.000000
vt -9.350000 -0.087266 0.000000
vt -9.083333 -0.087266 0.000000
vt -9.350000 -0.069813 0.000000
vt -9.083333 -0.069813 0.000000
vt -9.350000 -0.052360 0.000000
vt -9.083333 -0.052360 0.000000
vt -9.350000 -0.034907 0.000000
vt -9.083333 -0.034907 0.000000
vt -8.550000 0.017453 0.000000
vt -8.816667 0.017453 0.000000
vt -8.550000 0.000000 0.000000
vt -8.816667 0.000000 0.000000
vt -8.550000 -0.017453 0.000000
vt -8.816667 -0.017453 0.000000
vt -8.550000 -0.034907 0.000000
vt -8.816667 -0.034907 0.000000
vt -8.550000 -0.052360 0.000000
vt -8.816667 -0.052360 0.000000
vt -8.550000 -0.069813 0.000000
vt -8.816667 -0.069813 0.000000
vt -8.550000 -0.087266 0.000000
vt -8.816667 -0.087266 0.000000
vt -8.550000 -0.104720 0.000000
vt -8.816667 -0.104720 0.000000
vt -8.550000 -0.122173 0.000000
vt -8.816667 -0.122173 0.000000
vt -8.550000 -0.139626 0.000000
vt -8.816667 -0.139626 0.000000
vt -8.550000 -0.157080 0.000000
vt -8.816667 -0.157080 0.000000
vt -8.550000 -0.174533 0.000000
vt -8.816667 -0.174533 0.000000
vt -8.550000 -0.191986 0.000000
vt -8.816667 -0.191986 0.000000
vt -8.550000 -0.209440 0.000000
vt -8.816667 -0.209440 0.000000
vt -8.550000 -0.226893 0.000000
vt -8.816667 -0.226893 0.000000
vt -8.550000 -0.244346 0.000000
vt -8.816667 -0.244346 0.000000
vt -8.550000 -0.261799 0.000000
vt -8.816667 -0.261799 0.000000
vt -8.550000 -0.279253 0.000000
vt -8.816667 -0.279253 0.000000
vt -8.550000 -0.296706 0.000000
vt -8.816667 -0.296706 0.000000
vt -8.550000 -0.314159 0.000000
vt -8.816667 -0.314159 0.000000
vt -8.550000 0.314159 0.000000
vt -8.816667 0.314159 0.000000
vt -8.550000 0.296706 0.000000
vt -8.816667 0.296706 0.000000
vt -8.550000 0.279253 0.000000
vt -8.816667 0.279253 0.000000
vt -8.550000 0.261799 0.000000
vt -8.816667 0.261799 0.000000
vt -8.550000 0.244346 0.000000
vt -8.816667 0.244346 0.000000
vt -8.550000 0.226893 0.000000
vt -8.816667 0.226893 0.000000
vt -8.550000 0.209440 0.000000
vt -8.816667 0.209440 0.000000
vt -8.550000 0.191986 0.000000
vt -8.816667 0.191986 0.000000
vt -8.550000 0.174533 0.000000
vt -8.816667 0.174533 0.000000
vt -8.550000 0.157080 0.000000
vt -8.816667 0.157080 0.000000
vt -8.550000 0.139626 0.000000
vt -8.816667 0.139626 0.000000
vt -8.550000 0.122173 0.000000
vt -8.816667 0.122173 0.000000
vt -8.550000 0.104720 0.000000
vt -8.816667 0.104720 0.000000
vt -8.550000 0.087266 0.000000
vt -8.816667 0.087266 0.000000
vt -8.550000 0.069813 0.000000
vt -8.816667 0.069813 0.000000
vt -8.550000 0.052360 0.000000
vt -8.816667 0.052360 0.000000
vt -8.550000 0.034907 0.000000
vt -8.816667 0.034907 0.000000
vt -0.794427 -0.794427 0.000000
vt -0.708564 -0.782729 0.000000
vt -0.794427 0.294427 0.000000
vt -0.750394 0.294932 0.000000
vt -0.623364 -0.766911 0.000000
vt -0.539024 -0.747011 0.000000
vt -0.455739 -0.723075 0.000000
vt -0.344427 0.207825 0.000000
vt -0.706590 0.299438 0.000000
vt -0.373703 -0.695159 0.000000
vt -0.328629 0.200458 0.000000
vt -0.293105 -0.663326 0.000000
vt -0.214133 -0.627652 0.000000
vt -0.311792 0.195946 0.000000
vt -0.136969 -0.588218 0.000000
vt -0.294427 0.194427 0.000000
vt -0.061793 -0.545116 0.000000
vt -0.277062 0.195946 0.000000
vt 0.011222 -0.498446 0.000000
vt -0.260225 0.200458 0.000000
vt 0.081906 -0.448315 0.000000
vt 0.150096 -0.394841 0.000000
vt -0.244427 0.207825 0.000000
vt 0.215633 -0.338147 0.000000
vt -0.230148 0.217823 0.000000
vt 0.278365 -0.278365 0.000000
vt -0.217823 0.230148 0.000000
vt 0.338147 -0.215633 0.000000
vt -0.207825 0.244427 0.000000
vt 0.394841 -0.150096 0.000000
vt -0.200458 0.260225 0.000000
vt 0.448315 -0.081906 0.000000
vt 0.498446 -0.011222 0.000000
vt -0.195946 0.277062 0.000000
vt 0.545116 0.061793 0.000000
vt -0.194427 0.294427 0.000000
vt 0.588218 0.136969 0.000000
vt -0.195946 0.311792 0.000000
vt 0.627652 0.214133 0.000000
vt -0.200458 0.328629 0.000000
vt 0.663326 0.293105 0.000000
vt 0.695159 0.373703 0.000000
vt -0.207825 0.344427 0.000000
vt 0.723075 0.455739 0.000000
vt 0.747011 0.539024 0.000000
vt 0.766911 0.623364 0.000000
vt -0.294932 0.750394 0.000000
vt -0.299438 0.706590 0.000000
vt -0.217823 0.358706 0.000000
vt -0.307908 0.663376 0.000000
vt -0.230148 0.371032 0.000000
vt -0.320273 0.621112 0.000000
vt -0.244427 0.381030 0.000000
vt -0.336429 0.580147 0.000000
vt -0.260225 0.388396 0.000000
vt -0.277062 0.392908 0.000000
vt -0.356243 0.540821 0.000000
vt -0.294427 0.394427 0.000000
vt -0.379551 0.503459 0.000000
vt -0.311792 0.392908 0.000000
vt -0.328629 0.388396 0.000000
vt -0.406160 0.468371 0.000000
vt -0.344427 0.381030 0.000000
vt -0.358706 0.371032 0.000000
vt -0.435849 0.435849 0.000000
vt -0.371032 0.358706 0.000000
vt -0.468371 0.406160 0.000000
vt -0.381030 0.344427 0.000000
vt -0.388396 0.328629 0.000000
vt -0.503459 0.379551 0.000000
vt -0.392908 0.311792 0.000000
vt -0.394427 0.294427 0.000000
vt -0.540821 0.356243 0.000000
vt -0.392908 0.277062 0.000000
vt -0.580147 0.336429 0.000000
vt -0.388396 0.260225 0.000000
vt -0.381030 0.244427 0.000000
vt -0.621112 0.320273 0.000000
vt -0.371032 0.230148 0.000000
vt -0.663376 0.307908 0.000000
vt -0.358706 0.217823 0.000000
vt 0.782729 0.708564 0.000000
vt -0.294427 0.794427 0.000000
vt 0.794427 0.794427 0.000000
vt 0.000000 0.000000 0.000000
vt 1.088854 0.000000 0.000000
vt 0.000000 0.450000 0.000000
vt 1.088854 0.450000 0.000000
vt -0.450000 -2.627020 0.000000
vt 0.000000 -2.627020 0.000000
vt -0.450000 -2.540355 0.000000
vt 0.000000 -2.540355 0.000000
vt 0.000000 -2.453691 0.000000
vt -0.450000 -2.453691 0.000000
vt 0.000000 -2.367026 0.000000
vt -0.450000 -2.367026 0.000000
vt 0.000000 -2.280362 0.000000
vt -0.450000 -2.280362 0.000000
vt 0.000000 -2.193697 0.000000
vt -0.450000 -2.193697 0.000000
vt 0.000000 -2.107033 0.000000
vt -0.450000 -2.107033 0.000000
vt 0.000000 -2.020368 0.000000
vt -0.450000 -2.020368 0.000000
vt 0.000000 -1.933704 0.000000
vt -0.450000 -1.933704 0.000000
vt 0.000000 -1.847039 0.000000
vt -0.450000 -1.847039 0.000000
vt 0.000000 -1.760375 0.000000
vt -0.450000 -1.760375 0.000000
vt 0.000000 -1.673710 0.000000
vt -0.450000 -1.673710 0.000000
vt 0.000000 -1.587046 0.000000
vt -0.450000 -1.587046 0.000000
vt 0.000000 -1.500381 0.000000
vt -0.450000 -1.500381 0.000000
vt 0.000000 -1.413717 0.000000
vt -0.450000 -1.413717 0.000000
vt 0.000000 -1.327052 0.000000
vt -0.450000 -1.327052 0.000000
vt 0.000000 -1.240388 0.000000
vt -0.450000 -1.240388 0.000000
vt 0.000000 -1.153723 0.000000
vt -0.450000 -1.153723 0.000000
vt 0.000000 -1.067059 0.000000
vt -0.450000 -1.067059 0.000000
vt 0.000000 -0.980394 0.000000
vt -0.450000 -0.980394 0.000000
vt 0.000000 -0.893730 0.000000
vt -0.450000 -0.893730 0.000000
vt 0.000000 -0.807065 0.000000
vt -0.450000 -0.807065 0.000000
vt 0.000000 -0.720401 0.000000
vt -0.450000 -0.720401 0.000000
vt 0.000000 -0.633736 0.000000
vt -0.450000 -0.633736 0.000000
vt 0.000000 -0.547072 0.000000
vt -0.450000 -0.547072 0.000000
vt 0.000000 -0.460407 0.000000
vt -0.450000 -0.460407 0.000000
vt 0.000000 -0.373743 0.000000
vt -0.450000 -0.373743 0.000000
vt 0.000000 -0.287078 0.000000
vt -0.450000 -0.287078 0.000000
vt -0.450000 -0.200414 0.000000
vt 0.000000 -0.200414 0.000000
vt 0.000000 0.000000 0.000000
vt 1.088854 0.000000 0.000000
vt 0.000000 0.450000 0.000000
vt 1.088854 0.450000 0.000000
vt 0.450000 -0.726988 0.000000
vt -0.000000 -0.726988 0.000000
vt 0.450000 -0.771039 0.000000
vt -0.000000 -0.771039 0.000000
vt -0.000000 -0.815090 0.000000
vt 0.450000 -0.815090 0.000000
vt -0.000000 -0.859141 0.000000
vt 0.450000 -0.859141 0.000000
vt -0.000000 -0.903192 0.000000
vt 0.450000 -0.903192 0.000000
vt -0.000000 -0.947243 0.000000
vt 0.450000 -0.947243 0.000000
vt -0.000000 -0.991294 0.000000
vt 0.450000 -0.991294 0.000000
vt -0.000000 -1.035345 0.000000
vt 0.450000 -1.035345 0.000000
vt -0.000000 -1.079396 0.000000
vt 0.450000 -1.079396 0.000000
vt -0.000000 -1.123447 0.000000
vt 0.450000 -1.123447 0.000000
vt -0.000000 -1.167498 0.000000
vt 0.450000 -1.167498 0.000000
vt -0.000000 -1.211549 0.000000
vt 0.450000 -1.211549 0.000000
vt -0.000000 -1.255600 0.000000
vt 0.450000 -1.255600 0.000000
vt -0.000000 -1.299651 0.000000
vt 0.450000 -1.299651 0.000000
vt -0.000000 -1.343702 0.000000
vt 0.450000 -1.343702 0.000000
vt -0.000000 -1.387753 0.000000
vt 0.450000 -1.387753 0.000000
vt -0.000000 -1.431804 0.000000
vt 0.450000 -1.431804 0.000000
vt -0.000000 -1.475855 0.000000
vt 0.450000 -1.475855 0.000000
vt 0.450000 -1.519906 0.000000
vt 0.000000 -1.519906 0.000000
vt 0.794427 -0.794427 0.000000
vt 0.794427 0.294427 0.000000
vt 0.708564 -0.782729 0.000000
vt 0.750394 0.294932 0.000000
vt 0.623364 -0.766911 0.000000
vt 0.539024 -0.747011 0.000000
vt 0.706590 0.299438 0.000000
vt 0.344427 0.207825 0.000000
vt 0.358706 0.217823 0.000000
vt 0.663376 0.307908 0.000000
vt 0.371032 0.230148 0.000000
vt 0.621112 0.320273 0.000000
vt 0.381030 0.244427 0.000000
vt 0.580147 0.336429 0.000000
vt 0.388396 0.260225 0.000000
vt 0.392908 0.277062 0.000000
vt 0.540821 0.356243 0.000000
vt 0.394427 0.294427 0.000000
vt 0.503459 0.379551 0.000000
vt 0.392908 0.311792 0.000000
vt 0.388396 0.328629 0.000000
vt 0.468371 0.406160 0.000000
vt 0.381030 0.344427 0.000000
vt 0.371032 0.358706 0.000000
vt 0.435849 0.435849 0.000000
vt 0.358706 0.371032 0.000000
vt 0.406160 0.468371 0.000000
vt 0.344427 0.381030 0.000000
vt 0.328629 0.388396 0.000000
vt 0.379551 0.503459 0.000000
vt 0.311792 0.392908 0.000000
vt 0.294427 0.394427 0.000000
vt 0.356243 0.540821 0.000000
vt 0.277062 0.392908 0.000000
vt 0.336429 0.580147 0.000000
vt 0.260225 0.388396 0.000000
vt 0.244427 0.381030 0.000000
vt 0.320273 0.621112 0.000000
vt 0.230148 0.371032 0.000000
vt 0.307908 0.663376 0.000000
vt 0.217823 0.358706 0.000000
vt 0.299438 0.706590 0.000000
vt 0.207825 0.344427 0.000000
vt -0.747011 0.539024 0.000000
vt -0.723075 0.455739 0.000000
vt 0.294932 0.750394 0.000000
vt -0.766911 0.623364 0.000000
vt -0.782729 0.708564 0.000000
vt 0.294427 0.794427 0.000000
vt -0.794427 0.794427 0.000000
vt -0.695159 0.373703 0.000000
vt 0.200458 0.328629 0.000000
vt -0.663326 0.293105 0.000000
vt -0.627652 0.214133 0.000000
vt 0.195946 0.311792 0.000000
vt -0.588218 0.136969 0.000000
vt 0.194427 0.294427 0.000000
vt -0.545116 0.061793 0.000000
vt 0.195946 0.277062 0.000000
vt -0.498446 -0.011222 0.000000
vt 0.200458 0.260225 0.000000
vt -0.448315 -0.081906 0.000000
vt -0.394841 -0.150096 0.000000
vt 0.207825 0.244427 0.000000
vt -0.338147 -0.215633 0.000000
vt 0.217823 0.230148 0.000000
vt -0.278365 -0.278365 0.000000
vt 0.230148 0.217823 0.000000
vt -0.215633 -0.338147 0.000000
vt 0.244427 0.207825 0.000000
vt -0.150096 -0.394841 0.000000
vt 0.260225 0.200458 0.000000
vt -0.081906 -0.448315 0.000000
vt -0.011222 -0.498446 0.000000
vt 0.277062 0.195946 0.000000
vt 0.061793 -0.545116 0.000000
vt 0.294427 0.194427 0.000000
vt 0.136969 -0.588218 0.000000
vt 0.311792 0.195946 0.000000
vt 0.214133 -0.627652 0.000000
vt 0.328629 0.200458 0.000000
vt 0.293105 -0.663326 0.000000
vt 0.373703 -0.695159 0.000000
vt 0.455739 -0.723075 0.000000
vt -10.600000 -0.017453 0.000000
vt -10.333333 -0.017453 0.000000
vt -10.600000 0.000000 0.000000
vt -10.333333 0.000000 0.000000
vt -10.600000 0.017453 0.000000
vt -10.333333 0.017453 0.000000
vt -10.600000 0.034907 0.000000
vt -10.333333 0.034907 0.000000
vt -10.600000 0.052360 0.000000
vt -10.333333 0.052360 0.000000
vt -10.600000 0.069813 0.000000
vt -10.333333 0.069813 0.000000
vt -10.600000 0.087266 0.000000
vt -10.333333 0.087266 0.000000
vt -10.600000 0.104720 0.000000
vt -10.333333 0.104720 0.000000
vt -10.600000 0.122173 0.000000
vt -10.333333 0.122173 0.000000
vt -10.600000 0.139626 0.000000
vt -10.333333 0.139626 0.000000
vt -10.600000 0.157080 0.000000
vt -10.333333 0.157080 0.000000
vt -10.600000 0.174533 0.000000
vt -10.333333 0.174533 0.000000
vt -10.600000 0.191986 0.000000
vt -10.333333 0.191986 0.000000
vt -10.600000 0.209440 0.000000
vt -10.333333 0.209440 0.000000
vt -10.600000 0.226893 0.000000
vt -10.333333 0.226893 0.000000
vt -10.600000 0.244346 0.000000
vt -10.333333 0.244346 0.000000
vt -10.600000 0.261799 0.000000
vt -10.333333 0.261799 0.000000
vt -10.600000 0.279253 0.000000
vt -10.333333 0.279253 0.000000
vt -10.600000 0.296706 0.000000
vt -10.333333 0.296706 0.000000
vt -10.600000 0.314159 0.000000
vt -10.333333 0.314159 0.000000
vt -10.600000 -0.314159 0.000000
vt -10.333333 -0.314159 0.000000
vt -10.600000 -0.296706 0.000000
vt -10.333333 -0.296706 0.000000
vt -10.600000 -0.279253 0.000000
vt -10.333333 -0.279253 0.000000
vt -10.600000 -0.261799 0.000000
vt -10.333333 -0.261799 0.000000
vt -10.600000 -0.244346 0.000000
vt -10.333333 -0.244346 0.000000
vt -10.600000 -0.226893 0.000000
vt -10.333333 -0.226893 0.000000
vt -10.600000 -0.209440 0.000000
vt -10.333333 -0.209440 0.000000
vt -10.600000 -0.191986 0.000000
vt -10.333333 -0.191986 0.000000
vt -10.600000 -0.174533 0.000000
vt -10.333333 -0.174533 0.000000
vt -10.600000 -0.157080 0.000000
vt -10.333333 -0.157080 0.000000
vt -10.600000 -0.139626 0.000000
vt -10.333333 -0.139626 0.000000
vt -10.600000 -0.122173 0.000000
vt -10.333333 -0.122173 0.000000
vt -10.600000 -0.104720 0.000000
vt -10.333333 -0.104720 0.000000
vt -10.600000 -0.087266 0.000000
vt -10.333333 -0.087266 0.000000
vt -10.600000 -0.069813 0.000000
vt -10.333333 -0.069813 0.000000
vt -10.600000 -0.052360 0.000000
vt -10.333333 -0.052360 0.000000
vt -10.600000 -0.034907 0.000000
vt -10.333333 -0.034907 0.000000
vt -9.800000 0.017453 0.000000
vt -10.066667 0.017453 0.000000
vt -9.800000 0.000000 0.000000
vt -10.066667 0.000000 0.000000
vt -9.800000 -0.017453 0.000000
vt -10.066667 -0.017453 0.000000
vt -9.800000 -0.034907 0.000000
vt -10.066667 -0.034907 0.000000
vt -9.800000 -0.052360 0.000000
vt -10.066667 -0.052360 0.000000
vt -9.800000 -0.069813 0.000000
vt -10.066667 -0.069813 0.000000
vt -9.800000 -0.087266 0.000000
vt -10.066667 -0.087266 0.000000
vt -9.800000 -0.104720 0.000000
vt -10.066667 -0.104720 0.000000
vt -9.800000 -0.122173 0.000000
vt -10.066667 -0.122173 0.000000
vt -9.800000 -0.139626 0.000000
vt -10.066667 -0.139626 0.000000
vt -9.800000 -0.157080 0.000000
vt -10.066667 -0.157080 0.000000
vt -9.800000 -0.174533 0.000000
vt -10.066667 -0.174533 0.000000
vt -9.800000 -0.191986 0.000000
vt -10.066667 -0.191986 0.000000
vt -9.800000 -0.209440 0.000000
vt -10.066667 -0.209440 0.000000
vt -9.800000 -0.226893 0.000000
vt -10.066667 -0.226893 0.000000
vt -9.800000 -0.244346 0.000000
vt -10.066667 -0.244346 0.000000
vt -9.800000 -0.261799 0.000000
vt -10.066667 -0.261799 0.000000
vt -9.800000 -0.279253 0.000000
vt -10.066667 -0.279253 0.000000
vt -9.800000 -0.296706 0.000000
vt -10.066667 -0.296706 0.000000
vt -9.800000 -0.314159 0.000000
vt -10.066667 -0.314159 0.000000
vt -9.800000 0.314159 0.000000
vt -10.066667 0.314159 0.000000
vt -9.800000 0.296706 0.000000
vt -10.066667 0.296706 0.000000
vt -9.800000 0.279253 0.000000
vt -10.066667 0.279253 0.000000
vt -9.800000 0.261799 0.000000
vt -10.066667 0.261799 0.000000
vt -9.800000 0.244346 0.000000
vt -10.066667 0.244346 0.000000
vt -9.800000 0.226893 0.000000
vt -10.066667 0.226893 0.000000
vt -9.800000 0.209440 0.000000
vt -10.066667 0.209440 0.000000
vt -9.800000 0.191986 0.000000
vt -10.066667 0.191986 0.000000
vt -9.800000 0.174533 0.000000
vt -10.066667 0.174533 0.000000
vt -9.800000 0.157080 0.000000
vt -10.066667 0.157080 0.000000
vt -9.800000 0.139626 0.000000
vt -10.066667 0.139626 0.000000
vt -9.800000 0.122173 0.000000
vt -10.066667 0.122173 0.000000
vt -9.800000 0.104720 0.000000
vt -10.066667 0.104720 0.000000
vt -9.800000 0.087266 0.000000
vt -10.066667 0.087266 0.000000
vt -9.800000 0.069813 0.000000
vt -10.066667 0.069813 0.000000
vt -9.800000 0.052360 0.000000
vt -10.066667 0.052360 0.000000
vt -9.800000 0.034907 0.000000
vt -10.066667 0.034907 0.000000
vt -0.794427 -0.794427 0.000000
vt -0.708564 -0.782729 0.000000
vt -0.794427 0.294427 0.000000
vt -0.750394 0.294932 0.000000
vt -0.623364 -0.766911 0.000000
vt -0.539024 -0.747011 0.000000
vt -0.455739 -0.723075 0.000000
vt -0.344427 0.207825 0.000000
vt -0.706590 0.299438 0.000000
vt -0.373703 -0.695159 0.000000
vt -0.328629 0.200458 0.000000
vt -0.293105 -0.663326 0.000000
vt -0.214133 -0.627652 0.000000
vt -0.311792 0.195946 0.000000
vt -0.136969 -0.588218 0.000000
vt -0.294427 0.194427 0.000000
vt -0.061793 -0.545116 0.000000
vt -0.277062 0.195946 0.000000
vt 0.011222 -0.498446 0.000000
vt -0.260225 0.200458 0.000000
vt 0.081906 -0.448315 0.000000
vt 0.150096 -0.394841 0.000000
vt -0.244427 0.207825 0.000000
vt 0.215633 -0.338147 0.000000
vt -0.230148 0.217823 0.000000
vt 0.278365 -0.278365 0.000000
vt -0.217823 0.230148 0.000000
vt 0.338147 -0.215633 0.000000
vt -0.207825 0.244427 0.000000
vt 0.394841 -0.150096 0.000000
vt -0.200458 0.260225 0.000000
vt 0.448315 -0.081906 0.000000
vt 0.498446 -0.011222 0.000000
vt -0.195946 0.277062 0.000000
vt 0.545116 0.061793 0.000000
vt -0.194427 0.294427 0.000000
vt 0.588218 0.136969 0.000000
vt -0.195946 0.311792 0.000000
vt 0.627652 0.214133 0.000000
vt -0.200458 0.328629 0.000000
vt 0.663326 0.293105 0.000000
vt 0.695159 0.373703 0.000000
vt -0.207825 0.344427 0.000000
vt 0.723075 0.455739 0.000000
vt 0.747011 0.539024 0.000000
vt 0.766911 0.623364 0.000000
vt -0.294932 0.750394 0.000000
vt -0.299438 0.706590 0.000000
vt -0.217823 0.358706 0.000000
vt -0.307908 0.663376 0.000000
vt -0.230148 0.371032 0.000000
vt -0.320273 0.621112 0.000000
vt -0.244427 0.381030 0.000000
vt -0.336429 0.580147 0.000000
vt -0.260225 0.388396 0.000000
vt -0.277062 0.392908 0.000000
vt -0.356243 0.540821 0.000000
vt -0.294427 0.394427 0.000000
vt -0.379551 0.503459 0.000000
vt -0.311792 0.392908 0.000000
vt -0.328629 0.388396 0.000000
vt -0.406160 0.468371 0.000000
vt -0.344427 0.381030 0.000000
vt -0.358706 0.371032 0.000000
vt -0.435849 0.435849 0.000000
vt -0.371032 0.358706 0.000000
vt -0.468371 0.406160 0.000000
vt -0.381030 0.344427 0.000000
vt -0.388396 0.328629 0.000000
vt -0.503459 0.379551 0.000000
vt -0.392908 0.311792 0.000000
vt -0.394427 0.294427 0.000000
vt -0.540821 0.356243 0.000000
vt -0.392908 0.277062 0.000000
vt -0.580147 0.336429 0.000000
vt -0.388396 0.260225 0.000000
vt -0.381030 0.244427 0.000000
vt -0.621112 0.320273 0.000000
vt -0.371032 0.230148 0.000000
vt -0.663376 0.307908 0.000000
vt -0.358706 0.217823 0.000000
vt 0.782729 0.708564 0.000000
vt -0.294427 0.794427 0.000000
vt 0.794427 0.794427 0.000000
vt 0.000000 0.000000 0.000000
vt 1.088854 0.000000 0.000000
vt 0.000000 0.450000 0.000000
vt 1.088854 0.450000 0.000000
vt -0.450000 0.200414 0.000000
vt -0.000000 0.200414 0.000000
vt -0.450000 0.287078 0.000000
vt -0.000000 0.287078 0.000000
vt -0.000000 0.373743 0.000000
vt -0.450000 0.373743 0.000000
vt -0.000000 0.460407 0.000000
vt -0.450000 0.460407 0.000000
vt -0.000000 0.547072 0.000000
vt -0.450000 0.547072 0.000000
vt -0.000000 0.633736 0.000000
vt -0.450000 0.633736 0.000000
vt -0.000000 0.720401 0.000000
vt -0.450000 0.720401 0.000000
vt -0.000000 0.807065 0.000000
vt -0.450000 0.807065 0.000000
vt -0.000000 0.893730 0.000000
vt -0.450000 0.893730 0.000000
vt -0.000000 0.980394 0.000000
vt -0.450000 0.980394 0.000000
vt -0.000000 1.067059 0.000000
vt -0.450000 1.067059 0.000000
vt -0.000000 1.153723 0.000000
vt -0.450000 1.153723 0.000000
vt -0.000000 1.240388 0.000000
vt -0.450000 1.240388 0.000000
vt -0.000000 1.327052 0.000000
vt -0.450000 1.327052 0.000000
vt -0.000000 1.413717 0.000000
vt -0.450000 1.413717 0.000000
vt -0.000000 1.500381 0.000000
vt -0.450000 1.500381 0.000000
vt -0.000000 1.587046 0.000000
vt -0.450000 1.587046 0.000000
vt -0.000000 1.673710 0.000000
vt -0.450000 1.673710 0.000000
vt -0.000000 1.760375 0.000000
vt -0.450000 1.760375 0.000000
vt -0.000000 1.847039 0.000000
vt -0.450000 1.847039 0.000000
vt -0.000000 1.933704 0.000000
vt -0.450000 1.933704 0.000000
vt -0.000000 2.020368 0.000000
vt -0.450000 2.020368 0.000000
vt -0.000000 2.107033 0.000000
vt -0.450000 2.107033 0.000000
vt -0.000000 2.193697 0.000000
vt -0.450000 2.193697 0.000000
vt -0.000000 2.280362 0.000000
vt -0.450000 2.280362 0.000000
vt -0.000000 2.367026 0.000000
vt -0.450000 2.367026 0.000000
vt -0.000000 2.453691 0.000000
vt -0.450000 2.453691 0.000000
vt -0.000000 2.540355 0.000000
vt -0.450000 2.540355 0.000000
vt -0.450000 2.627020 0.000000
vt -0.000000 2.627020 0.000000
vt 0.000000 0.000000 0.000000
vt 1.088854 0.000000 0.000000
vt 0.000000 0.450000 0.000000
vt 1.088854 0.450000 0.000000
vt 0.450000 -1.519906 0.000000
vt -0.000000 -1.519906 0.000000
vt 0.450000 -1.563957 0.000000
vt 0.000000 -1.563957 0.000000
vt 0.000000 -1.608009 0.000000
vt 0.450000 -1.608009 0.000000
vt 0.000000 -1.652060 0.000000
vt 0.450000 -1.652060 0.000000
vt 0.000000 -1.696111 0.000000
vt 0.450000 -1.696111 0.000000
vt 0.000000 -1.740162 0.000000
vt 0.450000 -1.740162 0.000000
vt 0.000000 -1.784213 0.000000
vt 0.450000 -1.784213 0.000000
vt 0.000000 -1.828264 0.000000
vt 0.450000 -1.828264 0.000000
vt 0.000000 -1.872315 0.000000
vt 0.450000 -1.872315 0.000000
vt 0.000000 -1.916366 0.000000
vt 0.450000 -1.916366 0.000000
vt 0.000000 -1.960417 0.000000
vt 0.450000 -1.960417 0.000000
vt 0.000000 -2.004468 0.000000
vt 0.450000 -2.004468 0.000000
vt 0.000000 -2.048519 0.000000
vt 0.450000 -2.048519 0.000000
vt 0.000000 -2.092570 0.000000
vt 0.450000 -2.092570 0.000000
vt 0.000000 -2.136621 0.000000
vt 0.450000 -2.136621 0.000000
vt 0.000000 -2.180672 0.000000
vt 0.450000 -2.180672 0.000000
vt 0.000000 -2.224723 0.000000
vt 0.450000 -2.224723 0.000000
vt 0.000000 -2.268774 0.000000
vt 0.450000 -2.268774 0.000000
vt 0.450000 -2.312825 0.000000
vt 0.000000 -2.312825 0.000000
vt 0.794427 -0.794427 0.000000
vt 0.794427 0.294427 0.000000
vt 0.708564 -0.782729 0.000000
vt 0.750394 0.294932 0.000000
vt 0.623364 -0.766911 0.000000
vt 0.539024 -0.747011 0.000000
vt 0.706590 0.299438 0.000000
vt 0.455739 -0.723075 0.000000
vt 0.663376 0.307908 0.000000
vt 0.373703 -0.695159 0.000000
vt 0.293105 -0.663326 0.000000
vt 0.621112 0.320273 0.000000
vt 0.214133 -0.627652 0.000000
vt 0.580147 0.336429 0.000000
vt 0.136969 -0.588218 0.000000
vt 0.061793 -0.545116 0.000000
vt 0.540821 0.356243 0.000000
vt -0.011222 -0.498446 0.000000
vt 0.503459 0.379551 0.000000
vt -0.081906 -0.448315 0.000000
vt -0.150096 -0.394841 0.000000
vt 0.468371 0.406160 0.000000
vt -0.215633 -0.338147 0.000000
vt 0.435849 0.435849 0.000000
vt -0.278365 -0.278365 0.000000
vt -0.338147 -0.215633 0.000000
vt 0.406160 0.468371 0.000000
vt -0.394841 -0.150096 0.000000
vt 0.379551 0.503459 0.000000
vt -0.448315 -0.081906 0.000000
vt -0.498446 -0.011222 0.000000
vt 0.356243 0.540821 0.000000
vt -0.545116 0.061793 0.000000
vt 0.336429 0.580147 0.000000
vt -0.588218 0.136969 0.000000
vt -0.627652 0.214133 0.000000
vt 0.320273 0.621112 0.000000
vt -0.663326 0.293105 0.000000
vt 0.307908 0.663376 0.000000
vt -0.695159 0.373703 0.000000
vt -0.723075 0.455739 0.000000
vt 0.299438 0.706590 0.000000
vt -0.747011 0.539024 0.000000
vt 0.294932 0.750394 0.000000
vt -0.766911 0.623364 0.000000
vt -0.782729 0.708564 0.000000
vt 0.294427 0.794427 0.000000
vt -0.794427 0.794427 0.000000
vt -0.794427 -0.794427 0.000000
vt 0.294427 -0.794427 0.000000
vt -0.782729 -0.708564 0.000000
vt 0.294932 -0.750394 0.000000
vt -0.766911 -0.623364 0.000000
vt -0.747011 -0.539024 0.000000
vt 0.299438 -0.706590 0.000000
vt 0.207825 -0.344427 0.000000
vt 0.217823 -0.358706 0.000000
vt 0.307908 -0.663376 0.000000
vt 0.230148 -0.371032 0.000000
vt 0.320273 -0.621112 0.000000
vt 0.244427 -0.381030 0.000000
vt 0.336429 -0.580147 0.000000
vt 0.260225 -0.388396 0.000000
vt 0.277062 -0.392908 0.000000
vt 0.356243 -0.540821 0.000000
vt 0.294427 -0.394427 0.000000
vt 0.379551 -0.503459 0.000000
vt 0.311792 -0.392908 0.000000
vt 0.328629 -0.388396 0.000000
vt 0.406160 -0.468371 0.000000
vt 0.344427 -0.381030 0.000000
vt 0.358706 -0.371032 0.000000
vt 0.435849 -0.435849 0.000000
vt 0.371032 -0.358706 0.000000
vt 0.468371 -0.406160 0.000000
vt 0.381030 -0.344427 0.000000
vt 0.388396 -0.328629 0.000000
vt 0.503459 -0.379551 0.000000
vt 0.392908 -0.311792 0.000000
vt 0.394427 -0.294427 0.000000
vt 0.540821 -0.356243 0.000000
vt 0.392908 -0.277062 0.000000
vt 0.580147 -0.336429 0.000000
vt 0.388396 -0.260225 0.000000
vt 0.381030 -0.244427 0.000000
vt 0.621112 -0.320273 0.000000
vt 0.371032 -0.230148 0.000000
vt 0.663376 -0.307908 0.000000
vt 0.358706 -0.217823 0.000000
vt 0.706590 -0.299438 0.000000
vt 0.344427 -0.207825 0.000000
vt 0.539024 0.747011 0.000000
vt 0.455739 0.723075 0.000000
vt 0.750394 -0.294932 0.000000
vt 0.623364 0.766911 0.000000
vt 0.708564 0.782729 0.000000
vt 0.794427 -0.294427 0.000000
vt 0.794427 0.794427 0.000000
vt 0.373703 0.695159 0.000000
vt 0.328629 -0.200458 0.000000
vt 0.293105 0.663326 0.000000
vt 0.214133 0.627652 0.000000
vt 0.311792 -0.195946 0.000000
vt 0.136969 0.588218 0.000000
vt 0.294427 -0.194427 0.000000
vt 0.061793 0.545116 0.000000
vt 0.277062 -0.195946 0.000000
vt -0.011222 0.498446 0.000000
vt 0.260225 -0.200458 0.000000
vt -0.081906 0.448315 0.000000
vt -0.150096 0.394841 0.000000
vt 0.244427 -0.207825 0.000000
vt -0.215633 0.338147 0.000000
vt 0.230148 -0.217823 0.000000
vt -0.278365 0.278365 0.000000
vt 0.217823 -0.230148 0.000000
vt -0.338147 0.215633 0.000000
vt 0.207825 -0.244427 0.000000
vt -0.394841 0.150096 0.000000
vt 0.200458 -0.260225 0.000000
vt -0.448315 0.081906 0.000000
vt -0.498446 0.011222 0.000000
vt 0.195946 -0.277062 0.000000
vt -0.545116 -0.061793 0.000000
vt 0.194427 -0.294427 0.000000
vt -0.588218 -0.136969 0.000000
vt 0.195946 -0.311792 0.000000
vt -0.627652 -0.214133 0.000000
vt 0.200458 -0.328629 0.000000
vt -0.663326 -0.293105 0.000000
vt -0.695159 -0.373703 0.000000
vt -0.723075 -0.455739 0.000000
vt 0.000000 0.000000 0.000000
vt 1.088854 0.000000 0.000000
vt 0.000000 0.450000 0.000000
vt 1.088854 0.450000 0.000000
vt 0.450000 -0.726988 0.000000
vt 0.000000 -0.726988 0.000000
vt 0.450000 -0.771039 0.000000
vt -0.000000 -0.771039 0.000000
vt -0.000000 -0.815090 0.000000
vt 0.450000 -0.815090 0.000000
vt -0.000000 -0.859141 0.000000
vt 0.450000 -0.859141 0.000000
vt -0.000000 -0.903192 0.000000
vt 0.450000 -0.903192 0.000000
vt -0.000000 -0.947243 0.000000
vt 0.450000 -0.947243 0.000000
vt -0.000000 -0.991294 0.000000
vt 0.450000 -0.991294 0.000000
vt -0.000000 -1.035345 0.000000
vt 0.450000 -1.035345 0.000000
vt -0.000000 -1.079396 0.000000
vt 0.450000 -1.079396 0.000000
vt -0.000000 -1.123447 0.000000
vt 0.450000 -1.123447 0.000000
vt -0.000000 -1.167498 0.000000
vt 0.450000 -1.167498 0.000000
vt -0.000000 -1.211549 0.000000
vt 0.450000 -1.211549 0.000000
vt -0.000000 -1.255600 0.000000
vt 0.450000 -1.255600 0.000000
vt -0.000000 -1.299651 0.000000
vt 0.450000 -1.299651 0.000000
vt -0.000000 -1.343702 0.000000
vt 0.450000 -1.343702 0.000000
vt -0.000000 -1.387753 0.000000
vt 0.450000 -1.387753 0.000000
vt -0.000000 -1.431804 0.000000
vt 0.450000 -1.431804 0.000000
vt -0.000000 -1.475855 0.000000
vt 0.450000 -1.475855 0.000000
vt 0.450000 -1.519906 0.000000
vt -0.000000 -1.519906 0.000000
vt 0.000000 0.000000 0.000000
vt 1.088854 0.000000 0.000000
vt 0.000000 0.450000 0.000000
vt 1.088854 0.450000 0.000000
vt -0.450000 0.200414 0.000000
vt -0.000000 0.200414 0.000000
vt -0.450000 0.287078 0.000000
vt -0.000000 0.287078 0.000000
vt -0.000000 0.373743 0.000000
vt -0.450000 0.373743 0.000000
vt -0.000000 0.460407 0.000000
vt -0.450000 0.460407 0.000000
vt -0.000000 0.547072 0.000000
vt -0.450000 0.547072 0.000000
vt -0.000000 0.633736 0.000000
vt -0.450000 0.633736 0.000000
vt -0.000000 0.720401 0.000000
vt -0.450000 0.720401 0.000000
vt -0.000000 0.807065 0.000000
vt -0.450000 0.807065 0.000000
vt -0.000000 0.893730 0.000000
vt -0.450000 0.893730 0.000000
vt -0.000000 0.980394 0.000000
vt -0.450000 0.980394 0.000000
vt -0.000000 1.067059 0.000000
vt -0.450000 1.067059 0.000000
vt -0.000000 1.153723 0.000000
vt -0.450000 1.153723 0.000000
vt -0.000000 1.240388 0.000000
vt -0.450000 1.240388 0.000000
vt -0.000000 1.327052 0.000000
vt -0.450000 1.327052 0.000000
vt -0.000000 1.413717 0.000000
vt -0.450000 1.413717 0.000000
vt -0.000000 1.500381 0.000000
vt -0.450000 1.500381 0.000000
vt -0.000000 1.587046 0.000000
vt -0.450000 1.587046 0.000000
vt -0.000000 1.673710 0.000000
vt -0.450000 1.673710 0.000000
vt -0.000000 1.760375 0.000000
vt -0.450000 1.760375 0.000000
vt 0.000000 1.847039 0.000000
vt -0.450000 1.847039 0.000000
vt 0.000000 1.933704 0.000000
vt -0.450000 1.933704 0.000000
vt 0.000000 2.020368 0.000000
vt -0.450000 2.020368 0.000000
vt 0.000000 2.107033 0.000000
vt -0.450000 2.107033 0.000000
vt 0.000000 2.193697 0.000000
vt -0.450000 2.193697 0.000000
vt 0.000000 2.280362 0.000000
vt -0.450000 2.280362 0.000000
vt 0.000000 2.367026 0.000000
vt -0.450000 2.367026 0.000000
vt 0.000000 2.453691 0.000000
vt -0.450000 2.453691 0.000000
vt 0.000000 2.540355 0.000000
vt -0.450000 2.540355 0.000000
vt -0.450000 2.627020 0.000000
vt 0.000000 2.627020 0.000000
vt -1.050000 0.017453 0.000000
vt -1.316667 0.017453 0.000000
vt -1.050000 0.000000 0.000000
vt -1.316667 0.000000 0.000000
vt -1.050000 -0.017453 0.000000
vt -1.316667 -0.017453 0.000000
vt -1.050000 -0.034907 0.000000
vt -1.316667 -0.034907 0.000000
vt -1.050000 -0.052360 0.000000
vt -1.316667 -0.052360 0.000000
vt -1.050000 -0.069813 0.000000
vt -1.316667 -0.069813 0.000000
vt -1.050000 -0.087266 0.000000
vt -1.316667 -0.087266 0.000000
vt -1.050000 -0.104720 0.000000
vt -1.316667 -0.104720 0.000000
vt -1.050000 -0.122173 0.000000
vt -1.316667 -0.122173 0.000000
vt -1.050000 -0.139626 0.000000
vt -1.316667 -0.139626 0.000000
vt -1.050000 -0.157080 0.000000
vt -1.316667 -0.157080 0.000000
vt -1.050000 -0.174533 0.000000
vt -1.316667 -0.174533 0.000000
vt -1.050000 -0.191986 0.000000
vt -1.316667 -0.191986 0.000000
vt -1.050000 -0.209440 0.000000
vt -1.316667 -0.209440 0.000000
vt -1.050000 -0.226893 0.000000
vt -1.316667 -0.226893 0.000000
vt -1.050000 -0.244346 0.000000
vt -1.316667 -0.244346 0.000000
vt -1.050000 -0.261799 0.000000
vt -1.316667 -0.261799 0.000000
vt -1.050000 -0.279253 0.000000
vt -1.316667 -0.279253 0.000000
vt -1.050000 -0.296706 0.000000
vt -1.316667 -0.296706 0.000000
vt -1.050000 -0.314159 0.000000
vt -1.316667 -0.314159 0.000000
vt -1.050000 0.314159 0.000000
vt -1.316667 0.314159 0.000000
vt -1.050000 0.296706 0.000000
vt -1.316667 0.296706 0.000000
vt -1.050000 0.279253 0.000000
vt -1.316667 0.279253 0.000000
vt -1.050000 0.261799 0.000000
vt -1.316667 0.261799 0.000000
vt -1.050000 0.244346 0.000000
vt -1.316667 0.244346 0.000000
vt -1.050000 0.226893 0.000000
vt -1.316667 0.226893 0.000000
vt -1.050000 0.209440 0.000000
vt -1.316667 0.209440 0.000000
vt -1.050000 0.191986 0.000000
vt -1.316667 0.191986 0.000000
vt -1.050000 0.174533 0.000000
vt -1.316667 0.174533 0.000000
vt -1.050000 0.157080 0.000000
vt -1.316667 0.157080 0.000000
vt -1.050000 0.139626 0.000000
vt -1.316667 0.139626 0.000000
vt -1.050000 0.122173 0.000000
vt -1.316667 0.122173 0.000000
vt -1.050000 0.104720 0.000000
vt -1.316667 0.104720 0.000000
vt -1.050000 0.087266 0.000000
vt -1.316667 0.087266 0.000000
vt -1.050000 0.069813 0.000000
vt -1.316667 0.069813 0.000000
vt -1.050000 0.052360 0.000000
vt -1.316667 0.052360 0.000000
vt -1.050000 0.034907 0.000000
vt -1.316667 0.034907 0.000000
vt -1.850000 -0.017453 0.000000
vt -1.583333 -0.017453 0.000000
vt -1.850000 0.000000 0.000000
vt -1.583333 0.000000 0.000000
vt -1.850000 0.017453 0.000000
vt -1.583333 0.017453 0.000000
vt -1.850000 0.034907 0.000000
vt -1.583333 0.034907 0.000000
vt -1.850000 0.052360 0.000000
vt -1.583333 0.052360 0.000000
vt -1.850000 0.069813 0.000000
vt -1.583333 0.069813 0.000000
vt -1.850000 0.087266 0.000000
vt -1.583333 0.087266 0.000000
vt -1.850000 0.104720 0.000000
vt -1.583333 0.104720 0.000000
vt -1.850000 0.122173 0.000000
vt -1.583333 0.122173 0.000000
vt -1.850000 0.139626 0.000000
vt -1.583333 0.139626 0.000000
vt -1.850000 0.157080 0.000000
vt -1.583333 0.157080 0.000000
vt -1.850000 0.174533 0.000000
vt -1.583333 0.174533 0.000000
vt -1.850000 0.191986 0.000000
vt -1.583333 0.191986 0.000000
vt -1.850000 0.209440 0.000000
vt -1.583333 0.209440 0.000000
vt -1.850000 0.226893 0.000000
vt -1.583333 0.226893 0.000000
vt -1.850000 0.244346 0.000000
vt -1.583333 0.244346 0.000000
vt -1.850000 0.261799 0.000000
vt -1.583333 0.261799 0.000000
vt -1.850000 0.279253 0.000000
vt -1.583333 0.279253 0.000000
vt -1.850000 0.296706 0.000000
vt -1.583333 0.296706 0.000000
vt -1.850000 0.314159 0.000000
vt -1.583333 0.314159 0.000000
vt -1.850000 -0.314159 0.000000
vt -1.583333 -0.314159 0.000000
vt -1.850000 -0.296706 0.000000
vt -1.583333 -0.296706 0.000000
vt -1.850000 -0.279253 0.000000
vt -1.583333 -0.279253 0.000000
vt -1.850000 -0.261799 0.000000
vt -1.583333 -0.261799 0.000000
vt -1.850000 -0.244346 0.000000
vt -1.583333 -0.244346 0.000000
vt -1.850000 -0.226893 0.000000
vt -1.583333 -0.226893 0.000000
vt -1.850000 -0.209440 0.000000
vt -1.583333 -0.209440 0.000000
vt -1.850000 -0.191986 0.000000
vt -1.583333 -0.191986 0.000000
vt -1.850000 -0.174533 0.000000
vt -1.583333 -0.174533 0.000000
vt -1.850000 -0.157080 0.000000
vt -1.583333 -0.157080 0.000000
vt -1.850000 -0.139626 0.000000
vt -1.583333 -0.139626 0.000000
vt -1.850000 -0.122173 0.000000
vt -1.583333 -0.122173 0.000000
vt -1.850000 -0.104720 0.000000
vt -1.583333 -0.104720 0.000000
vt -1.850000 -0.087266 0.000000
vt -1.583333 -0.087266 0.000000
vt -1.850000 -0.069813 0.000000
vt -1.583333 -0.069813 0.000000
vt -1.850000 -0.052360 0.000000
vt -1.583333 -0.052360 0.000000
vt -1.850000 -0.034907 0.000000
vt -1.583333 -0.034907 0.000000
vt -0.294427 -0.794427 0.000000
vt 0.794427 -0.794427 0.000000
vt -0.294932 -0.750394 0.000000
vt 0.782729 -0.708564 0.000000
vt -0.299438 -0.706590 0.000000
vt -0.307908 -0.663376 0.000000
vt 0.766911 -0.623364 0.000000
vt -0.320273 -0.621112 0.000000
vt -0.336429 -0.580147 0.000000
vt -0.356243 -0.540821 0.000000
vt 0.747011 -0.539024 0.000000
vt -0.379551 -0.503459 0.000000
vt 0.723075 -0.455739 0.000000
vt 0.695159 -0.373703 0.000000
vt 0.663326 -0.293105 0.000000
vt 0.627652 -0.214133 0.000000
vt 0.588218 -0.136969 0.000000
vt 0.545116 -0.061793 0.000000
vt 0.498446 0.011222 0.000000
vt 0.448315 0.081906 0.000000
vt 0.394841 0.150096 0.000000
vt -0.406160 -0.468371 0.000000
vt 0.338147 0.215633 0.000000
vt -0.435849 -0.435849 0.000000
vt 0.278365 0.278365 0.000000
vt 0.215633 0.338147 0.000000
vt -0.468371 -0.406160 0.000000
vt 0.150096 0.394841 0.000000
vt -0.503459 -0.379551 0.000000
vt 0.081906 0.448315 0.000000
vt 0.011222 0.498446 0.000000
vt -0.540821 -0.356243 0.000000
vt -0.061793 0.545116 0.000000
vt -0.580147 -0.336429 0.000000
vt -0.136969 0.588218 0.000000
vt -0.214133 0.627652 0.000000
vt -0.621112 -0.320273 0.000000
vt -0.293105 0.663326 0.000000
vt -0.663376 -0.307908 0.000000
vt -0.373703 0.695159 0.000000
vt -0.455739 0.723075 0.000000
vt -0.706590 -0.299438 0.000000
vt -0.539024 0.747011 0.000000
vt -0.750394 -0.294932 0.000000
vt -0.623364 0.766911 0.000000
vt -0.708564 0.782729 0.000000
vt -0.794427 0.794427 0.000000
vt -0.794427 -0.294427 0.000000
vt 0.794427 -0.794427 0.000000
vt 0.782729 -0.708564 0.000000
vt -0.294427 -0.794427 0.000000
vt -0.294932 -0.750394 0.000000
vt 0.766911 -0.623364 0.000000
vt 0.747011 -0.539024 0.000000
vt 0.723075 -0.455739 0.000000
vt -0.207825 -0.344427 0.000000
vt -0.299438 -0.706590 0.000000
vt 0.695159 -0.373703 0.000000
vt -0.200458 -0.328629 0.000000
vt 0.663326 -0.293105 0.000000
vt 0.627652 -0.214133 0.000000
vt -0.195946 -0.311792 0.000000
vt 0.588218 -0.136969 0.000000
vt -0.194427 -0.294427 0.000000
vt 0.545116 -0.061793 0.000000
vt -0.195946 -0.277062 0.000000
vt 0.498446 0.011222 0.000000
vt -0.200458 -0.260225 0.000000
vt 0.448315 0.081906 0.000000
vt 0.394841 0.150096 0.000000
vt -0.207825 -0.244427 0.000000
vt 0.338147 0.215633 0.000000
vt -0.217823 -0.230148 0.000000
vt 0.278365 0.278365 0.000000
vt -0.230148 -0.217823 0.000000
vt 0.215633 0.338147 0.000000
vt -0.244427 -0.207825 0.000000
vt 0.150096 0.394841 0.000000
vt -0.260225 -0.200458 0.000000
vt 0.081906 0.448315 0.000000
vt 0.011222 0.498446 0.000000
vt -0.277062 -0.195946 0.000000
vt -0.061793 0.545116 0.000000
vt -0.294427 -0.194427 0.000000
vt -0.136969 0.588218 0.000000
vt -0.311792 -0.195946 0.000000
vt -0.214133 0.627652 0.000000
vt -0.328629 -0.200458 0.000000
vt -0.293105 0.663326 0.000000
vt -0.373703 0.695159 0.000000
vt -0.344427 -0.207825 0.000000
vt -0.455739 0.723075 0.000000
vt -0.539024 0.747011 0.000000
vt -0.623364 0.766911 0.000000
vt -0.750394 -0.294932 0.000000
vt -0.706590 -0.299438 0.000000
vt -0.358706 -0.217823 0.000000
vt -0.663376 -0.307908 0.000000
vt -0.371032 -0.230148 0.000000
vt -0.621112 -0.320273 0.000000
vt -0.381030 -0.244427 0.000000
vt -0.580147 -0.336429 0.000000
vt -0.388396 -0.260225 0.000000
vt -0.392908 -0.277062 0.000000
vt -0.540821 -0.356243 0.000000
vt -0.394427 -0.294427 0.000000
vt -0.503459 -0.379551 0.000000
vt -0.392908 -0.311792 0.000000
vt -0.388396 -0.328629 0.000000
vt -0.468371 -0.406160 0.000000
vt -0.381030 -0.344427 0.000000
vt -0.371032 -0.358706 0.000000
vt -0.435849 -0.435849 0.000000
vt -0.358706 -0.371032 0.000000
vt -0.406160 -0.468371 0.000000
vt -0.344427 -0.381030 0.000000
vt -0.328629 -0.388396 0.000000
vt -0.379551 -0.503459 0.000000
vt -0.311792 -0.392908 0.000000
vt -0.294427 -0.394427 0.000000
vt -0.356243 -0.540821 0.000000
vt -0.277062 -0.392908 0.000000
vt -0.336429 -0.580147 0.000000
vt -0.260225 -0.388396 0.000000
vt -0.244427 -0.381030 0.000000
vt -0.320273 -0.621112 0.000000
vt -0.230148 -0.371032 0.000000
vt -0.307908 -0.663376 0.000000
vt -0.217823 -0.358706 0.000000
vt -0.708564 0.782729 0.000000
vt -0.794427 -0.294427 0.000000
vt -0.794427 0.794427 0.000000
vt 0.000000 0.000000 0.000000
vt 1.088854 0.000000 0.000000
vt 0.000000 0.450000 0.000000
vt 1.088854 0.450000 0.000000
vt -0.450000 0.200414 0.000000
vt -0.000000 0.200414 0.000000
vt -0.450000 0.287078 0.000000
vt -0.000000 0.287078 0.000000
vt -0.000000 0.373743 0.000000
vt -0.450000 0.373743 0.000000
vt -0.000000 0.460407 0.000000
vt -0.450000 0.460407 0.000000
vt -0.000000 0.547072 0.000000
vt -0.450000 0.547072 0.000000
vt -0.000000 0.633736 0.000000
vt -0.450000 0.633736 0.000000
vt -0.000000 0.720401 0.000000
vt -0.450000 0.720401 0.000000
vt -0.000000 0.807065 0.000000
vt -0.450000 0.807065 0.000000
vt -0.000000 0.893730 0.000000
vt -0.450000 0.893730 0.000000
vt -0.000000 0.980394 0.000000
vt -0.450000 0.980394 0.000000
vt -0.000000 1.067059 0.000000
vt -0.450000 1.067059 0.000000
vt -0.000000 1.153723 0.000000
vt -0.450000 1.153723 0.000000
vt -0.000000 1.240388 0.000000
vt -0.450000 1.240388 0.000000
vt -0.000000 1.327052 0.000000
vt -0.450000 1.327052 0.000000
vt -0.000000 1.413717 0.000000
vt -0.450000 1.413717 0.000000
vt -0.000000 1.500381 0.000000
vt -0.450000 1.500381 0.000000
vt -0.000000 1.587046 0.000000
vt -0.450000 1.587046 0.000000
vt -0.000000 1.673710 0.000000
vt -0.450000 1.673710 0.000000
vt -0.000000 1.760375 0.000000
vt -0.450000 1.760375 0.000000
vt 0.000000 1.847039 0.000000
vt -0.450000 1.847039 0.000000
vt 0.000000 1.933704 0.000000
vt -0.450000 1.933704 0.000000
vt 0.000000 2.020368 0.000000
vt -0.450000 2.020368 0.000000
vt 0.000000 2.107033 0.000000
vt -0.450000 2.107033 0.000000
vt 0.000000 2.193697 0.000000
vt -0.450000 2.193697 0.000000
vt 0.000000 2.280362 0.000000
vt -0.450000 2.280362 0.000000
vt 0.000000 2.367026 0.000000
vt -0.450000 2.367026 0.000000
vt 0.000000 2.453691 0.000000
vt -0.450000 2.453691 0.000000
vt 0.000000 2.540355 0.000000
vt -0.450000 2.540355 0.000000
vt -0.450000 2.627020 0.000000
vt 0.000000 2.627020 0.000000
vt 0.000000 0.000000 0.000000
vt 1.088854 0.000000 0.000000
vt 0.000000 0.450000 0.000000
vt 1.088854 0.450000 0.000000
vt 0.450000 -0.726988 0.000000
vt 0.000000 -0.726988 0.000000
vt 0.450000 -0.771039 0.000000
vt -0.000000 -0.771039 0.000000
vt -0.000000 -0.815090 0.000000
vt 0.450000 -0.815090 0.000000
vt -0.000000 -0.859141 0.000000
vt 0.450000 -0.859141 0.000000
vt -0.000000 -0.903192 0.000000
vt 0.450000 -0.903192 0.000000
vt -0.000000 -0.947243 0.000000
vt 0.450000 -0.947243 0.000000
vt -0.000000 -0.991294 0.000000
vt 0.450000 -0.991294 0.000000
vt -0.000000 -1.035345 0.000000
vt 0.450000 -1.035345 0.000000
vt -0.000000 -1.079396 0.000000
vt 0.450000 -1.079396 0.000000
vt -0.000000 -1.123447 0.000000
vt 0.450000 -1.123447 0.000000
vt -0.000000 -1.167498 0.000000
vt 0.450000 -1.167498 0.000000
vt -0.000000 -1.211549 0.000000
vt 0.450000 -1.211549 0.000000
vt -0.000000 -1.255600 0.000000
vt 0.450000 -1.255600 0.000000
vt -0.000000 -1.299651 0.000000
vt 0.450000 -1.299651 0.000000
vt -0.000000 -1.343702 0.000000
vt 0.450000 -1.343702 0.000000
vt -0.000000 -1.387753 0.000000
vt 0.450000 -1.387753 0.000000
vt -0.000000 -1.431804 0.000000
vt 0.450000 -1.431804 0.000000
vt -0.000000 -1.475855 0.000000
vt 0.450000 -1.475855 0.000000
vt 0.450000 -1.519906 0.000000
vt -0.000000 -1.519906 0.000000
vt -0.794427 -0.794427 0.000000
vt 0.294427 -0.794427 0.000000
vt -0.782729 -0.708564 0.000000
vt 0.294932 -0.750394 0.000000
vt -0.766911 -0.623364 0.000000
vt -0.747011 -0.539024 0.000000
vt 0.299438 -0.706590 0.000000
vt 0.207825 -0.344427 0.000000
vt 0.217823 -0.358706 0.000000
vt 0.307908 -0.663376 0.000000
vt 0.230148 -0.371032 0.000000
vt 0.320273 -0.621112 0.000000
vt 0.244427 -0.381030 0.000000
vt 0.336429 -0.580147 0.000000
vt 0.260225 -0.388396 0.000000
vt 0.277062 -0.392908 0.000000
vt 0.356243 -0.540821 0.000000
vt 0.294427 -0.394427 0.000000
vt 0.379551 -0.503459 0.000000
vt 0.311792 -0.392908 0.000000
vt 0.328629 -0.388396 0.000000
vt 0.406160 -0.468371 0.000000
vt 0.344427 -0.381030 0.000000
vt 0.358706 -0.371032 0.000000
vt 0.435849 -0.435849 0.000000
vt 0.371032 -0.358706 0.000000
vt 0.468371 -0.406160 0.000000
vt 0.381030 -0.344427 0.000000
vt 0.388396 -0.328629 0.000000
vt 0.503459 -0.379551 0.000000
vt 0.392908 -0.311792 0.000000
vt 0.394427 -0.294427 0.000000
vt 0.540821 -0.356243 0.000000
vt 0.392908 -0.277062 0.000000
vt 0.580147 -0.336429 0.000000
vt 0.388396 -0.260225 0.000000
vt 0.381030 -0.244427 0.000000
vt 0.621112 -0.320273 0.000000
vt 0.371032 -0.230148 0.000000
vt 0.663376 -0.307908 0.000000
vt 0.358706 -0.217823 0.000000
vt 0.706590 -0.299438 0.000000
vt 0.344427 -0.207825 0.000000
vt 0.539024 0.747011 0.000000
vt 0.455739 0.723075 0.000000
vt 0.750394 -0.294932 0.000000
vt 0.623364 0.766911 0.000000
vt 0.708564 0.782729 0.000000
vt 0.794427 -0.294427 0.000000
vt 0.794427 0.794427 0.000000
vt 0.373703 0.695159 0.000000
vt 0.328629 -0.200458 0.000000
vt 0.293105 0.663326 0.000000
vt 0.214133 0.627652 0.000000
vt 0.311792 -0.195946 0.000000
vt 0.136969 0.588218 0.000000
vt 0.294427 -0.194427 0.000000
vt 0.061793 0.545116 0.000000
vt 0.277062 -0.195946 0.000000
vt -0.011222 0.498446 0.000000
vt 0.260225 -0.200458 0.000000
vt -0.081906 0.448315 0.000000
vt -0.150096 0.394841 0.000000
vt 0.244427 -0.207825 0.000000
vt -0.215633 0.338147 0.000000
vt 0.230148 -0.217823 0.000000
vt -0.278365 0.278365 0.000000
vt 0.217823 -0.230148 0.000000
vt -0.338147 0.215633 0.000000
vt 0.207825 -0.244427 0.000000
vt -0.394841 0.150096 0.000000
vt 0.200458 -0.260225 0.000000
vt -0.448315 0.081906 0.000000
vt -0.498446 0.011222 0.000000
vt 0.195946 -0.277062 0.000000
vt -0.545116 -0.061793 0.000000
vt 0.194427 -0.294427 0.000000
vt -0.588218 -0.136969 0.000000
vt 0.195946 -0.311792 0.000000
vt -0.627652 -0.214133 0.000000
vt 0.200458 -0.328629 0.000000
vt -0.663326 -0.293105 0.000000
vt -0.695159 -0.373703 0.000000
vt -0.723075 -0.455739 0.000000
vt -3.100000 -0.017453 0.000000
vt -2.833333 -0.017453 0.000000
vt -3.100000 0.000000 0.000000
vt -2.833333 0.000000 0.000000
vt -3.100000 0.017453 0.000000
vt -2.833333 0.017453 0.000000
vt -3.100000 0.034907 0.000000
vt -2.833333 0.034907 0.000000
vt -3.100000 0.052360 0.000000
vt -2.833333 0.052360 0.000000
vt -3.100000 0.069813 0.000000
vt -2.833333 0.069813 0.000000
vt -3.100000 0.087266 0.000000
vt -2.833333 0.087266 0.000000
vt -3.100000 0.104720 0.000000
vt -2.833333 0.104720 0.000000
vt -3.100000 0.122173 0.000000
vt -2.833333 0.122173 0.000000
vt -3.100000 0.139626 0.000000
vt -2.833333 0.139626 0.000000
vt -3.100000 0.157080 0.000000
vt -2.833333 0.157080 0.000000
vt -3.100000 0.174533 0.000000
vt -2.833333 0.174533 0.000000
vt -3.100000 0.191986 0.000000
vt -2.833333 0.191986 0.000000
vt -3.100000 0.209440 0.000000
vt -2.833333 0.209440 0.000000
vt -3.100000 0.226893 0.000000
vt -2.833333 0.226893 0.000000
vt -3.100000 0.244346 0.000000
vt -2.833333 0.244346 0.000000
vt -3.100000 0.261799 0.000000
vt -2.833333 0.261799 0.000000
vt -3.100000 0.279253 0.000000
vt -2.833333 0.279253 0.000000
vt -3.100000 0.296706 0.000000
vt -2.833333 0.296706 0.000000
vt -3.100000 0.314159 0.000000
vt -2.833333 0.314159 0.000000
vt -3.100000 -0.314159 0.000000
vt -2.833333 -0.314159 0.000000
vt -3.100000 -0.296706 0.000000
vt -2.833333 -0.296706 0.000000
vt -3.100000 -0.279253 0.000000
vt -2.833333 -0.279253 0.000000
vt -3.100000 -0.261799 0.000000
vt -2.833333 -0.261799 0.000000
vt -3.100000 -0.244346 0.000000
vt -2.833333 -0.244346 0.000000
vt -3.100000 -0.226893 0.000000
vt -2.833333 -0.226893 0.000000
vt -3.100000 -0.209440 0.000000
vt -2.833333 -0.209440 0.000000
vt -3.100000 -0.191986 0.000000
vt -2.833333 -0.191986 0.000000
vt -3.100000 -0.174533 0.000000
vt -2.833333 -0.174533 0.000000
vt -3.100000 -0.157080 0.000000
vt -2.833333 -0.157080 0.000000
vt -3.100000 -0.139626 0.000000
vt -2.833333 -0.139626 0.000000
vt -3.100000 -0.122173 0.000000
vt -2.833333 -0.122173 0.000000
vt -3.100000 -0.104720 0.000000
vt -2.833333 -0.104720 0.000000
vt -3.100000 -0.087266 0.000000
vt -2.833333 -0.087266 0.000000
vt -3.100000 -0.069813 0.000000
vt -2.833333 -0.069813 0.000000
vt -3.100000 -0.052360 0.000000
vt -2.833333 -0.052360 0.000000
vt -3.100000 -0.034907 0.000000
vt -2.833333 -0.034907 0.000000
vt -2.300000 0.017453 0.000000
vt -2.566667 0.017453 0.000000
vt -2.300000 0.000000 0.000000
vt -2.566667 0.000000 0.000000
vt -2.300000 -0.017453 0.000000
vt -2.566667 -0.017453 0.000000
vt -2.300000 -0.034907 0.000000
vt -2.566667 -0.034907 0.000000
vt -2.300000 -0.052360 0.000000
vt -2.566667 -0.052360 0.000000
vt -2.300000 -0.069813 0.000000
vt -2.566667 -0.069813 0.000000
vt -2.300000 -0.087266 0.000000
vt -2.566667 -0.087266 0.000000
vt -2.300000 -0.104720 0.000000
vt -2.566667 -0.104720 0.000000
vt -2.300000 -0.122173 0.000000
vt -2.566667 -0.122173 0.000000
vt -2.300000 -0.139626 0.000000
vt -2.566667 -0.139626 0.000000
vt -2.300000 -0.157080 0.000000
vt -2.566667 -0.157080 0.000000
vt -2.300000 -0.174533 0.000000
vt -2.566667 -0.174533 0.000000
vt -2.300000 -0.191986 0.000000
vt -2.566667 -0.191986 0.000000
vt -2.300000 -0.209440 0.000000
vt -2.566667 -0.209440 0.000000
vt -2.300000 -0.226893 0.000000
vt -2.566667 -0.226893 0.000000
vt -2.300000 -0.244346 0.000000
vt -2.566667 -0.244346 0.000000
vt -2.300000 -0.261799 0.000000
vt -2.566667 -0.261799 0.000000
vt -2.300000 -0.279253 0.000000
vt -2.566667 -0.279253 0.000000
vt -2.300000 -0.296706 0.000000
vt -2.566667 -0.296706 0.000000
vt -2.300000 -0.314159 0.000000
vt -2.566667 -0.314159 0.000000
vt -2.300000 0.314159 0.000000
vt -2.566667 0.314159 0.000000
vt -2.300000 0.296706 0.000000
vt -2.566667 0.296706 0.000000
vt -2.300000 0.279253 0.000000
vt -2.566667 0.279253 0.000000
vt -2.300000 0.261799 0.000000
vt -2.566667 0.261799 0.000000
vt -2.300000 0.244346 0.000000
vt -2.566667 0.244346 0.000000
vt -2.300000 0.226893 0.000000
vt -2.566667 0.226893 0.000000
vt -2.300000 0.209440 0.000000
vt -2.566667 0.209440 0.000000
vt -2.300000 0.191986 0.000000
vt -2.566667 0.191986 0.000000
vt -2.300000 0.174533 0.000000
vt -2.566667 0.174533 0.000000
vt -2.300000 0.157080 0.000000
vt -2.566667 0.157080 0.000000
vt -2.300000 0.139626 0.000000
vt -2.566667 0.139626 0.000000
vt -2.300000 0.122173 0.000000
vt -2.566667 0.122173 0.000000
vt -2.300000 0.104720 0.000000
vt -2.566667 0.104720 0.000000
vt -2.300000 0.087266 0.000000
vt -2.566667 0.087266 0.000000
vt -2.300000 0.069813 0.000000
vt -2.566667 0.069813 0.000000
vt -2.300000 0.052360 0.000000
vt -2.566667 0.052360 0.000000
vt -2.300000 0.034907 0.000000
vt -2.566667 0.034907 0.000000
vt 0.794427 -0.794427 0.000000
vt 0.782729 -0.708564 0.000000
vt -0.294427 -0.794427 0.000000
vt -0.294932 -0.750394 0.000000
vt 0.766911 -0.623364 0.000000
vt 0.747011 -0.539024 0.000000
vt 0.723075 -0.455739 0.000000
vt -0.207825 -0.344427 0.000000
vt -0.299438 -0.706590 0.000000
vt 0.695159 -0.373703 0.000000
vt -0.200458 -0.328629 0.000000
vt 0.663326 -0.293105 0.000000
vt 0.627652 -0.214133 0.000000
vt -0.195946 -0.311792 0.000000
vt 0.588218 -0.136969 0.000000
vt -0.194427 -0.294427 0.000000
vt 0.545116 -0.061793 0.000000
vt -0.195946 -0.277062 0.000000
vt 0.498446 0.011222 0.000000
vt -0.200458 -0.260225 0.000000
vt 0.448315 0.081906 0.000000
vt 0.394841 0.150096 0.000000
vt -0.207825 -0.244427 0.000000
vt 0.338147 0.215633 0.000000
vt -0.217823 -0.230148 0.000000
vt 0.278365 0.278365 0.000000
vt -0.230148 -0.217823 0.000000
vt 0.215633 0.338147 0.000000
vt -0.244427 -0.207825 0.000000
vt 0.150096 0.394841 0.000000
vt -0.260225 -0.200458 0.000000
vt 0.081906 0.448315 0.000000
vt 0.011222 0.498446 0.000000
vt -0.277062 -0.195946 0.000000
vt -0.061793 0.545116 0.000000
vt -0.294427 -0.194427 0.000000
vt -0.136969 0.588218 0.000000
vt -0.311792 -0.195946 0.000000
vt -0.214133 0.627652 0.000000
vt -0.328629 -0.200458 0.000000
vt -0.293105 0.663326 0.000000
vt -0.373703 0.695159 0.000000
vt -0.344427 -0.207825 0.000000
vt -0.455739 0.723075 0.000000
vt -0.539024 0.747011 0.000000
vt -0.623364 0.766911 0.000000
vt -0.750394 -0.294932 0.000000
vt -0.706590 -0.299438 0.000000
vt -0.358706 -0.217823 0.000000
vt -0.663376 -0.307908 0.000000
vt -0.371032 -0.230148 0.000000
vt -0.621112 -0.320273 0.000000
vt -0.381030 -0.244427 0.000000
vt -0.580147 -0.336429 0.000000
vt -0.388396 -0.260225 0.000000
vt -0.392908 -0.277062 0.000000
vt -0.540821 -0.356243 0.000000
vt -0.394427 -0.294427 0.000000
vt -0.503459 -0.379551 0.000000
vt -0.392908 -0.311792 0.000000
vt -0.388396 -0.328629 0.000000
vt -0.468371 -0.406160 0.000000
vt -0.381030 -0.344427 0.000000
vt -0.371032 -0.358706 0.000000
vt -0.435849 -0.435849 0.000000
vt -0.358706 -0.371032 0.000000
vt -0.406160 -0.468371 0.000000
vt -0.344427 -0.381030 0.000000
vt -0.328629 -0.388396 0.000000
vt -0.379551 -0.503459 0.000000
vt -0.311792 -0.392908 0.000000
vt -0.294427 -0.394427 0.000000
vt -0.356243 -0.540821 0.000000
vt -0.277062 -0.392908 0.000000
vt -0.336429 -0.580147 0.000000
vt -0.260225 -0.388396 0.000000
vt -0.244427 -0.381030 0.000000
vt -0.320273 -0.621112 0.000000
vt -0.230148 -0.371032 0.000000
vt -0.307908 -0.663376 0.000000
vt -0.217823 -0.358706 0.000000
vt -0.708564 0.782729 0.000000
vt -0.794427 -0.294427 0.000000
vt -0.794427 0.794427 0.000000
vt 0.000000 0.000000 0.000000
vt 1.088854 -0.000000 0.000000
vt -0.000000 0.450000 0.000000
vt 1.088854 0.450000 0.000000
vt -0.450000 0.200414 0.000000
vt 0.000000 0.200414 0.000000
vt -0.450000 0.287078 0.000000
vt 0.000000 0.287078 0.000000
vt 0.000000 0.373743 0.000000
vt -0.450000 0.373743 0.000000
vt 0.000000 0.460407 0.000000
vt -0.450000 0.460407 0.000000
vt 0.000000 0.547072 0.000000
vt -0.450000 0.547072 0.000000
vt 0.000000 0.633736 0.000000
vt -0.450000 0.633736 0.000000
vt 0.000000 0.720401 0.000000
vt -0.450000 0.720401 0.000000
vt 0.000000 0.807065 0.000000
vt -0.450000 0.807065 0.000000
vt 0.000000 0.893730 0.000000
vt -0.450000 0.893730 0.000000
vt 0.000000 0.980394 0.000000
vt -0.450000 0.980394 0.000000
vt 0.000000 1.067059 0.000000
vt -0.450000 1.067059 0.000000
vt 0.000000 1.153723 0.000000
vt -0.450000 1.153723 0.000000
vt 0.000000 1.240388 0.000000
vt -0.450000 1.240388 0.000000
vt 0.000000 1.327052 0.000000
vt -0.450000 1.327052 0.000000
vt 0.000000 1.413717 0.000000
vt -0.450000 1.413717 0.000000
vt 0.000000 1.500381 0.000000
vt -0.450000 1.500381 0.000000
vt 0.000000 1.587046 0.000000
vt -0.450000 1.587046 0.000000
vt 0.000000 1.673710 0.000000
vt -0.450000 1.673710 0.000000
vt 0.000000 1.760375 0.000000
vt -0.450000 1.760375 0.000000
vt 0.000000 1.847039 0.000000
vt -0.450000 1.847039 0.000000
vt 0.000000 1.933704 0.000000
vt -0.450000 1.933704 0.000000
vt 0.000000 2.020368 0.000000
vt -0.450000 2.020368 0.000000
vt 0.000000 2.107033 0.000000
vt -0.450000 2.107033 0.000000
vt 0.000000 2.193697 0.000000
vt -0.450000 2.193697 0.000000
vt 0.000000 2.280362 0.000000
vt -0.450000 2.280362 0.000000
vt 0.000000 2.367026 0.000000
vt -0.450000 2.367026 0.000000
vt 0.000000 2.453691 0.000000
vt -0.450000 2.453691 0.000000
vt 0.000000 2.540355 0.000000
vt -0.450000 2.540355 0.000000
vt -0.450000 2.627020 0.000000
vt 0.000000 2.627020 0.000000
vt 0.000000 0.000000 0.000000
vt 1.088854 0.000000 0.000000
vt 0.000000 0.450000 0.000000
vt 1.088854 0.450000 0.000000
vt 0.450000 -0.726988 0.000000
vt 0.000000 -0.726988 0.000000
vt 0.450000 -0.771039 0.000000
vt -0.000000 -0.771039 0.000000
vt -0.000000 -0.815090 0.000000
vt 0.450000 -0.815090 0.000000
vt -0.000000 -0.859141 0.000000
vt 0.450000 -0.859141 0.000000
vt -0.000000 -0.903192 0.000000
vt 0.450000 -0.903192 0.000000
vt -0.000000 -0.947243 0.000000
vt 0.450000 -0.947243 0.000000
vt -0.000000 -0.991294 0.000000
vt 0.450000 -0.991294 0.000000
vt -0.000000 -1.035345 0.000000
vt 0.450000 -1.035345 0.000000
vt -0.000000 -1.079396 0.000000
vt 0.450000 -1.079396 0.000000
vt -0.000000 -1.123447 0.000000
vt 0.450000 -1.123447 0.000000
vt -0.000000 -1.167498 0.000000
vt 0.450000 -1.167498 0.000000
vt -0.000000 -1.211549 0.000000
vt 0.450000 -1.211549 0.000000
vt -0.000000 -1.255600 0.000000
vt 0.450000 -1.255600 0.000000
vt -0.000000 -1.299651 0.000000
vt 0.450000 -1.299651 0.000000
vt -0.000000 -1.343702 0.000000
vt 0.450000 -1.343702 0.000000
vt -0.000000 -1.387753 0.000000
vt 0.450000 -1.387753 0.000000
vt -0.000000 -1.431804 0.000000
vt 0.450000 -1.431804 0.000000
vt -0.000000 -1.475855 0.000000
vt 0.450000 -1.475855 0.000000
vt 0.450000 -1.519906 0.000000
vt -0.000000 -1.519906 0.000000
vt -0.794427 -0.794427 0.000000
vt 0.294427 -0.794427 0.000000
vt -0.782729 -0.708564 0.000000
vt 0.294932 -0.750394 0.000000
vt -0.766911 -0.623364 0.000000
vt -0.747011 -0.539024 0.000000
vt 0.299438 -0.706590 0.000000
vt 0.207825 -0.344427 0.000000
vt 0.217823 -0.358706 0.000000
vt 0.307908 -0.663376 0.000000
vt 0.230148 -0.371032 0.000000
vt 0.320273 -0.621112 0.000000
vt 0.244427 -0.381030 0.000000
vt 0.336429 -0.580147 0.000000
vt 0.260225 -0.388396 0.000000
vt 0.277062 -0.392908 0.000000
vt 0.356243 -0.540821 0.000000
vt 0.294427 -0.394427 0.000000
vt 0.379551 -0.503459 0.000000
vt 0.311792 -0.392908 0.000000
vt 0.328629 -0.388396 0.000000
vt 0.406160 -0.468371 0.000000
vt 0.344427 -0.381030 0.000000
vt 0.358706 -0.371032 0.000000
vt 0.435849 -0.435849 0.000000
vt 0.371032 -0.358706 0.000000
vt 0.468371 -0.406160 0.000000
vt 0.381030 -0.344427 0.000000
vt 0.388396 -0.328629 0.000000
vt 0.503459 -0.379551 0.000000
vt 0.392908 -0.311792 0.000000
vt 0.394427 -0.294427 0.000000
vt 0.540821 -0.356243 0.000000
vt 0.392908 -0.277062 0.000000
vt 0.580147 -0.336429 0.000000
vt 0.388396 -0.260225 0.000000
vt 0.381030 -0.244427 0.000000
vt 0.621112 -0.320273 0.000000
vt 0.371032 -0.230148 0.000000
vt 0.663376 -0.307908 0.000000
vt 0.358706 -0.217823 0.000000
vt 0.706590 -0.299438 0.000000
vt 0.344427 -0.207825 0.000000
vt 0.539024 0.747011 0.000000
vt 0.455739 0.723075 0.000000
vt 0.750394 -0.294932 0.000000
vt 0.623364 0.766911 0.000000
vt 0.708564 0.782729 0.000000
vt 0.794427 -0.294427 0.000000
vt 0.794427 0.794427 0.000000
vt 0.373703 0.695159 0.000000
vt 0.328629 -0.200458 0.000000
vt 0.293105 0.663326 0.000000
vt 0.214133 0.627652 0.000000
vt 0.311792 -0.195946 0.000000
vt 0.136969 0.588218 0.000000
vt 0.294427 -0.194427 0.000000
vt 0.061793 0.545116 0.000000
vt 0.277062 -0.195946 0.000000
vt -0.011222 0.498446 0.000000
vt 0.260225 -0.200458 0.000000
vt -0.081906 0.448315 0.000000
vt -0.150096 0.394841 0.000000
vt 0.244427 -0.207825 0.000000
vt -0.215633 0.338147 0.000000
vt 0.230148 -0.217823 0.000000
vt -0.278365 0.278365 0.000000
vt 0.217823 -0.230148 0.000000
vt -0.338147 0.215633 0.000000
vt 0.207825 -0.244427 0.000000
vt -0.394841 0.150096 0.000000
vt 0.200458 -0.260225 0.000000
vt -0.448315 0.081906 0.000000
vt -0.498446 0.011222 0.000000
vt 0.195946 -0.277062 0.000000
vt -0.545116 -0.061793 0.000000
vt 0.194427 -0.294427 0.000000
vt -0.588218 -0.136969 0.000000
vt 0.195946 -0.311792 0.000000
vt -0.627652 -0.214133 0.000000
vt 0.200458 -0.328629 0.000000
vt -0.663326 -0.293105 0.000000
vt -0.695159 -0.373703 0.000000
vt -0.723075 -0.455739 0.000000
vt -4.350000 -0.017453 0.000000
vt -4.083333 -0.017453 0.000000
vt -4.350000 0.000000 0.000000
vt -4.083333 0.000000 0.000000
vt -4.350000 0.017453 0.000000
vt -4.083333 0.017453 0.000000
vt -4.350000 0.034907 0.000000
vt -4.083333 0.034907 0.000000
vt -4.350000 0.052360 0.000000
vt -4.083333 0.052360 0.000000
vt -4.350000 0.069813 0.000000
vt -4.083333 0.069813 0.000000
vt -4.350000 0.087266 0.000000
vt -4.083333 0.087266 0.000000
vt -4.350000 0.104720 0.000000
vt -4.083333 0.104720 0.000000
vt -4.350000 0.122173 0.000000
vt -4.083333 0.122173 0.000000
vt -4.350000 0.139626 0.000000
vt -4.083333 0.139626 0.000000
vt -4.350000 0.157080 0.000000
vt -4.083333 0.157080 0.000000
vt -4.350000 0.174533 0.000000
vt -4.083333 0.174533 0.000000
vt -4.350000 0.191986 0.000000
vt -4.083333 0.191986 0.000000
vt -4.350000 0.209440 0.000000
vt -4.083333 0.209440 0.000000
vt -4.350000 0.226893 0.000000
vt -4.083333 0.226893 0.000000
vt -4.350000 0.244346 0.000000
vt -4.083333 0.244346 0.000000
vt -4.350000 0.261799 0.000000
vt -4.083333 0.261799 0.000000
vt -4.350000 0.279253 0.000000
vt -4.083333 0.279253 0.000000
vt -4.350000 0.296706 0.000000
vt -4.083333 0.296706 0.000000
vt -4.350000 0.314159 0.000000
vt -4.083333 0.314159 0.000000
vt -4.350000 -0.314159 0.000000
vt -4.083333 -0.314159 0.000000
vt -4.350000 -0.296706 0.000000
vt -4.083333 -0.296706 0.000000
vt -4.350000 -0.279253 0.000000
vt -4.083333 -0.279253 0.000000
vt -4.350000 -0.261799 0.000000
vt -4.083333 -0.261799 0.000000
vt -4.350000 -0.244346 0.000000
vt -4.083333 -0.244346 0.000000
vt -4.350000 -0.226893 0.000000
vt -4.083333 -0.226893 0.000000
vt -4.350000 -0.209440 0.000000
vt -4.083333 -0.209440 0.000000
vt -4.350000 -0.191986 0.000000
vt -4.083333 -0.191986 0.000000
vt -4.350000 -0.174533 0.000000
vt -4.083333 -0.174533 0.000000
vt -4.350000 -0.157080 0.000000
vt -4.083333 -0.157080 0.000000
vt -4.350000 -0.139626 0.000000
vt -4.083333 -0.139626 0.000000
vt -4.350000 -0.122173 0.000000
vt -4.083333 -0.122173 0.000000
vt -4.350000 -0.104720 0.000000
vt -4.083333 -0.104720 0.000000
vt -4.350000 -0.087266 0.000000
vt -4.083333 -0.087266 0.000000
vt -4.350000 -0.069813 0.000000
vt -4.083333 -0.069813 0.000000
vt -4.350000 -0.052360 0.000000
vt -4.083333 -0.052360 0.000000
vt -4.350000 -0.034907 0.000000
vt -4.083333 -0.034907 0.000000
vt -3.550000 0.017453 0.000000
vt -3.816667 0.017453 0.000000
vt -3.550000 0.000000 0.000000
vt -3.816667 0.000000 0.000000
vt -3.550000 -0.017453 0.000000
vt -3.816667 -0.017453 0.000000
vt -3.550000 -0.034907 0.000000
vt -3.816667 -0.034907 0.000000
vt -3.550000 -0.052360 0.000000
vt -3.816667 -0.052360 0.000000
vt -3.550000 -0.069813 0.000000
vt -3.816667 -0.069813 0.000000
vt -3.550000 -0.087266 0.000000
vt -3.816667 -0.087266 0.000000
vt -3.550000 -0.104720 0.000000
vt -3.816667 -0.104720 0.000000
vt -3.550000 -0.122173 0.000000
vt -3.816667 -0.122173 0.000000
vt -3.550000 -0.139626 0.000000
vt -3.816667 -0.139626 0.000000
vt -3.550000 -0.157080 0.000000
vt -3.816667 -0.157080 0.000000
vt -3.550000 -0.174533 0.000000
vt -3.816667 -0.174533 0.000000
vt -3.550000 -0.191986 0.000000
vt -3.816667 -0.191986 0.000000
vt -3.550000 -0.209440 0.000000
vt -3.816667 -0.209440 0.000000
vt -3.550000 -0.226893 0.000000
vt -3.816667 -0.226893 0.000000
vt -3.550000 -0.244346 0.000000
vt -3.816667 -0.244346 0.000000
vt -3.550000 -0.261799 0.000000
vt -3.816667 -0.261799 0.000000
vt -3.550000 -0.279253 0.000000
vt -3.816667 -0.279253 0.000000
vt -3.550000 -0.296706 0.000000
vt -3.816667 -0.296706 0.000000
vt -3.550000 -0.314159 0.000000
vt -3.816667 -0.314159 0.000000
vt -3.550000 0.314159 0.000000
vt -3.816667 0.314159 0.000000
vt -3.550000 0.296706 0.000000
vt -3.816667 0.296706 0.000000
vt -3.550000 0.279253 0.000000
vt -3.816667 0.279253 0.000000
vt -3.550000 0.261799 0.000000
vt -3.816667 0.261799 0.000000
vt -3.550000 0.244346 0.000000
vt -3.816667 0.244346 0.000000
vt -3.550000 0.226893 0.000000
vt -3.816667 0.226893 0.000000
vt -3.550000 0.209440 0.000000
vt -3.816667 0.209440 0.000000
vt -3.550000 0.191986 0.000000
vt -3.816667 0.191986 0.000000
vt -3.550000 0.174533 0.000000
vt -3.816667 0.174533 0.000000
vt -3.550000 0.157080 0.000000
vt -3.816667 0.157080 0.000000
vt -3.550000 0.139626 0.000000
vt -3.816667 0.139626 0.000000
vt -3.550000 0.122173 0.000000
vt -3.816667 0.122173 0.000000
vt -3.550000 0.104720 0.000000
vt -3.816667 0.104720 0.000000
vt -3.550000 0.087266 0.000000
vt -3.816667 0.087266 0.000000
vt -3.550000 0.069813 0.000000
vt -3.816667 0.069813 0.000000
vt -3.550000 0.052360 0.000000
vt -3.816667 0.052360 0.000000
vt -3.550000 0.034907 0.000000
vt -3.816667 0.034907 0.000000
vt 0.794427 -0.794427 0.000000
vt 0.782729 -0.708564 0.000000
vt -0.294427 -0.794427 0.000000
vt -0.294932 -0.750394 0.000000
vt 0.766911 -0.623364 0.000000
vt 0.747011 -0.539024 0.000000
vt 0.723075 -0.455739 0.000000
vt -0.207825 -0.344427 0.000000
vt -0.299438 -0.706590 0.000000
vt 0.695159 -0.373703 0.000000
vt -0.200458 -0.328629 0.000000
vt 0.663326 -0.293105 0.000000
vt 0.627652 -0.214133 0.000000
vt -0.195946 -0.311792 0.000000
vt 0.588218 -0.136969 0.000000
vt -0.194427 -0.294427 0.000000
vt 0.545116 -0.061793 0.000000
vt -0.195946 -0.277062 0.000000
vt 0.498446 0.011222 0.000000
vt -0.200458 -0.260225 0.000000
vt 0.448315 0.081906 0.000000
vt 0.394841 0.150096 0.000000
vt -0.207825 -0.244427 0.000000
vt 0.338147 0.215633 0.000000
vt -0.217823 -0.230148 0.000000
vt 0.278365 0.278365 0.000000
vt -0.230148 -0.217823 0.000000
vt 0.215633 0.338147 0.000000
vt -0.244427 -0.207825 0.000000
vt 0.150096 0.394841 0.000000
vt -0.260225 -0.200458 0.000000
vt 0.081906 0.448315 0.000000
vt 0.011222 0.498446 0.000000
vt -0.277062 -0.195946 0.000000
vt -0.061793 0.545116 0.000000
vt -0.294427 -0.194427 0.000000
vt -0.136969 0.588218 0.000000
vt -0.311792 -0.195946 0.000000
vt -0.214133 0.627652 0.000000
vt -0.328629 -0.200458 0.000000
vt -0.293105 0.663326 0.000000
vt -0.373703 0.695159 0.000000
vt -0.344427 -0.207825 0.000000
vt -0.455739 0.723075 0.000000
vt -0.539024 0.747011 0.000000
vt -0.623364 0.766911 0.000000
vt -0.750394 -0.294932 0.000000
vt -0.706590 -0.299438 0.000000
vt -0.358706 -0.217823 0.000000
vt -0.663376 -0.307908 0.000000
vt -0.371032 -0.230148 0.000000
vt -0.621112 -0.320273 0.000000
vt -0.381030 -0.244427 0.000000
vt -0.580147 -0.336429 0.000000
vt -0.388396 -0.260225 0.000000
vt -0.392908 -0.277062 0.000000
vt -0.540821 -0.356243 0.000000
vt -0.394427 -0.294427 0.000000
vt -0.503459 -0.379551 0.000000
vt -0.392908 -0.311792 0.000000
vt -0.388396 -0.328629 0.000000
vt -0.468371 -0.406160 0.000000
vt -0.381030 -0.344427 0.000000
vt -0.371032 -0.358706 0.000000
vt -0.435849 -0.435849 0.000000
vt -0.358706 -0.371032 0.000000
vt -0.406160 -0.468371 0.000000
vt -0.344427 -0.381030 0.000000
vt -0.328629 -0.388396 0.000000
vt -0.379551 -0.503459 0.000000
vt -0.311792 -0.392908 0.000000
vt -0.294427 -0.394427 0.000000
vt -0.356243 -0.540821 0.000000
vt -0.277062 -0.392908 0.000000
vt -0.336429 -0.580147 0.000000
vt -0.260225 -0.388396 0.000000
vt -0.244427 -0.381030 0.000000
vt -0.320273 -0.621112 0.000000
vt -0.230148 -0.371032 0.000000
vt -0.307908 -0.663376 0.000000
vt -0.217823 -0.358706 0.000000
vt -0.708564 0.782729 0.000000
vt -0.794427 -0.294427 0.000000
vt -0.794427 0.794427 0.000000
vt 0.000000 0.000000 0.000000
vt 1.088854 -0.000000 0.000000
vt -0.000000 0.450000 0.000000
vt 1.088854 0.450000 0.000000
vt -0.450000 0.200414 0.000000
vt 0.000000 0.200414 0.000000
vt -0.450000 0.287078 0.000000
vt 0.000000 0.287078 0.000000
vt 0.000000 0.373743 0.000000
vt -0.450000 0.373743 0.000000
vt 0.000000 0.460407 0.000000
vt -0.450000 0.460407 0.000000
vt 0.000000 0.547072 0.000000
vt -0.450000 0.547072 0.000000
vt 0.000000 0.633736 0.000000
vt -0.450000 0.633736 0.000000
vt 0.000000 0.720401 0.000000
vt -0.450000 0.720401 0.000000
vt 0.000000 0.807065 0.000000
vt -0.450000 0.807065 0.000000
vt 0.000000 0.893730 0.000000
vt -0.450000 0.893730 0.000000
vt 0.000000 0.980394 0.000000
vt -0.450000 0.980394 0.000000
vt 0.000000 1.067059 0.000000
vt -0.450000 1.067059 0.000000
vt 0.000000 1.153723 0.000000
vt -0.450000 1.153723 0.000000
vt 0.000000 1.240388 0.000000
vt -0.450000 1.240388 0.000000
vt 0.000000 1.327052 0.000000
vt -0.450000 1.327052 0.000000
vt 0.000000 1.413717 0.000000
vt -0.450000 1.413717 0.000000
vt 0.000000 1.500381 0.000000
vt -0.450000 1.500381 0.000000
vt 0.000000 1.587046 0.000000
vt -0.450000 1.587046 0.000000
vt 0.000000 1.673710 0.000000
vt -0.450000 1.673710 0.000000
vt 0.000000 1.760375 0.000000
vt -0.450000 1.760375 0.000000
vt 0.000000 1.847039 0.000000
vt -0.450000 1.847039 0.000000
vt 0.000000 1.933704 0.000000
vt -0.450000 1.933704 0.000000
vt 0.000000 2.020368 0.000000
vt -0.450000 2.020368 0.000000
vt 0.000000 2.107033 0.000000
vt -0.450000 2.107033 0.000000
vt 0.000000 2.193697 0.000000
vt -0.450000 2.193697 0.000000
vt 0.000000 2.280362 0.000000
vt -0.450000 2.280362 0.000000
vt 0.000000 2.367026 0.000000
vt -0.450000 2.367026 0.000000
vt 0.000000 2.453691 0.000000
vt -0.450000 2.453691 0.000000
vt 0.000000 2.540355 0.000000
vt -0.450000 2.540355 0.000000
vt -0.450000 2.627020 0.000000
vt 0.000000 2.627020 0.000000
vt 0.000000 0.000000 0.000000
vt 1.088854 0.000000 0.000000
vt 0.000000 0.450000 0.000000
vt 1.088854 0.450000 0.000000
vt 0.450000 -0.726988 0.000000
vt 0.000000 -0.726988 0.000000
vt 0.450000 -0.771039 0.000000
vt -0.000000 -0.771039 0.000000
vt -0.000000 -0.815090 0.000000
vt 0.450000 -0.815090 0.000000
vt -0.000000 -0.859141 0.000000
vt 0.450000 -0.859141 0.000000
vt -0.000000 -0.903192 0.000000
vt 0.450000 -0.903192 0.000000
vt -0.000000 -0.947243 0.000000
vt 0.450000 -0.947243 0.000000
vt -0.000000 -0.991294 0.000000
vt 0.450000 -0.991294 0.000000
vt -0.000000 -1.035345 0.000000
vt 0.450000 -1.035345 0.000000
vt -0.000000 -1.079396 0.000000
vt 0.450000 -1.079396 0.000000
vt -0.000000 -1.123447 0.000000
vt 0.450000 -1.123447 0.000000
vt -0.000000 -1.167498 0.000000
vt 0.450000 -1.167498 0.000000
vt -0.000000 -1.211549 0.000000
vt 0.450000 -1.211549 0.000000
vt -0.000000 -1.255600 0.000000
vt 0.450000 -1.255600 0.000000
vt -0.000000 -1.299651 0.000000
vt 0.450000 -1.299651 0.000000
vt -0.000000 -1.343702 0.000000
vt 0.450000 -1.343702 0.000000
vt -0.000000 -1.387753 0.000000
vt 0.450000 -1.387753 0.000000
vt -0.000000 -1.431804 0.000000
vt 0.450000 -1.431804 0.000000
vt -0.000000 -1.475855 0.000000
vt 0.450000 -1.475855 0.000000
vt 0.450000 -1.519906 0.000000
vt -0.000000 -1.519906 0.000000
vt -0.794427 -0.794427 0.000000
vt 0.294427 -0.794427 0.000000
vt -0.782729 -0.708564 0.000000
vt 0.294932 -0.750394 0.000000
vt -0.766911 -0.623364 0.000000
vt -0.747011 -0.539024 0.000000
vt 0.299438 -0.706590 0.000000
vt 0.207825 -0.344427 0.000000
vt 0.217823 -0.358706 0.000000
vt 0.307908 -0.663376 0.000000
vt 0.230148 -0.371032 0.000000
vt 0.320273 -0.621112 0.000000
vt 0.244427 -0.381030 0.000000
vt 0.336429 -0.580147 0.000000
vt 0.260225 -0.388396 0.000000
vt 0.277062 -0.392908 0.000000
vt 0.356243 -0.540821 0.000000
vt 0.294427 -0.394427 0.000000
vt 0.379551 -0.503459 0.000000
vt 0.311792 -0.392908 0.000000
vt 0.328629 -0.388396 0.000000
vt 0.406160 -0.468371 0.000000
vt 0.344427 -0.381030 0.000000
vt 0.358706 -0.371032 0.000000
vt 0.435849 -0.435849 0.000000
vt 0.371032 -0.358706 0.000000
vt 0.468371 -0.406160 0.000000
vt 0.381030 -0.344427 0.000000
vt 0.388396 -0.328629 0.000000
vt 0.503459 -0.379551 0.000000
vt 0.392908 -0.311792 0.000000
vt 0.394427 -0.294427 0.000000
vt 0.540821 -0.356243 0.000000
vt 0.392908 -0.277062 0.000000
vt 0.580147 -0.336429 0.000000
vt 0.388396 -0.260225 0.000000
vt 0.381030 -0.244427 0.000000
vt 0.621112 -0.320273 0.000000
vt 0.371032 -0.230148 0.000000
vt 0.663376 -0.307908 0.000000
vt 0.358706 -0.217823 0.000000
vt 0.706590 -0.299438 0.000000
vt 0.344427 -0.207825 0.000000
vt 0.539024 0.747011 0.000000
vt 0.455739 0.723075 0.000000
vt 0.750394 -0.294932 0.000000
vt 0.623364 0.766911 0.000000
vt 0.708564 0.782729 0.000000
vt 0.794427 -0.294427 0.000000
vt 0.794427 0.794427 0.000000
vt 0.373703 0.695159 0.000000
vt 0.328629 -0.200458 0.000000
vt 0.293105 0.663326 0.000000
vt 0.214133 0.627652 0.000000
vt 0.311792 -0.195946 0.000000
vt 0.136969 0.588218 0.000000
vt 0.294427 -0.194427 0.000000
vt 0.061793 0.545116 0.000000
vt 0.277062 -0.195946 0.000000
vt -0.011222 0.498446 0.000000
vt 0.260225 -0.200458 0.000000
vt -0.081906 0.448315 0.000000
vt -0.150096 0.394841 0.000000
vt 0.244427 -0.207825 0.000000
vt -0.215633 0.338147 0.000000
vt 0.230148 -0.217823 0.000000
vt -0.278365 0.278365 0.000000
vt 0.217823 -0.230148 0.000000
vt -0.338147 0.215633 0.000000
vt 0.207825 -0.244427 0.000000
vt -0.394841 0.150096 0.000000
vt 0.200458 -0.260225 0.000000
vt -0.448315 0.081906 0.000000
vt -0.498446 0.011222 0.000000
vt 0.195946 -0.277062 0.000000
vt -0.545116 -0.061793 0.000000
vt 0.194427 -0.294427 0.000000
vt -0.588218 -0.136969 0.000000
vt 0.195946 -0.311792 0.000000
vt -0.627652 -0.214133 0.000000
vt 0.200458 -0.328629 0.000000
vt -0.663326 -0.293105 0.000000
vt -0.695159 -0.373703 0.000000
vt -0.723075 -0.455739 0.000000
vt -5.600000 -0.017453 0.000000
vt -5.333333 -0.017453 0.000000
vt -5.600000 0.000000 0.000000
vt -5.333333 0.000000 0.000000
vt -5.600000 0.017453 0.000000
vt -5.333333 0.017453 0.000000
vt -5.600000 0.034907 0.000000
vt -5.333333 0.034907 0.000000
vt -5.600000 0.052360 0.000000
vt -5.333333 0.052360 0.000000
vt -5.600000 0.069813 0.000000
vt -5.333333 0.069813 0.000000
vt -5.600000 0.087266 0.000000
vt -5.333333 0.087266 0.000000
vt -5.600000 0.104720 0.000000
vt -5.333333 0.104720 0.000000
vt -5.600000 0.122173 0.000000
vt -5.333333 0.122173 0.000000
vt -5.600000 0.139626 0.000000
vt -5.333333 0.139626 0.000000
vt -5.600000 0.157080 0.000000
vt -5.333333 0.157080 0.000000
vt -5.600000 0.174533 0.000000
vt -5.333333 0.174533 0.000000
vt -5.600000 0.191986 0.000000
vt -5.333333 0.191986 0.000000
vt -5.600000 0.209440 0.000000
vt -5.333333 0.209440 0.000000
vt -5.600000 0.226893 0.000000
vt -5.333333 0.226893 0.000000
vt -5.600000 0.244346 0.000000
vt -5.333333 0.244346 0.000000
vt -5.600000 0.261799 0.000000
vt -5.333333 0.261799 0.000000
vt -5.600000 0.279253 0.000000
vt -5.333333 0.279253 0.000000
vt -5.600000 0.296706 0.000000
vt -5.333333 0.296706 0.000000
vt -5.600000 0.314159 0.000000
vt -5.333333 0.314159 0.000000
vt -5.600000 -0.314159 0.000000
vt -5.333333 -0.314159 0.000000
vt -5.600000 -0.296706 0.000000
vt -5.333333 -0.296706 0.000000
vt -5.600000 -0.279253 0.000000
vt -5.333333 -0.279253 0.000000
vt -5.600000 -0.261799 0.000000
vt -5.333333 -0.261799 0.000000
vt -5.600000 -0.244346 0.000000
vt -5.333333 -0.244346 0.000000
vt -5.600000 -0.226893 0.000000
vt -5.333333 -0.226893 0.000000
vt -5.600000 -0.209440 0.000000
vt -5.333333 -0.209440 0.000000
vt -5.600000 -0.191986 0.000000
vt -5.333333 -0.191986 0.000000
vt -5.600000 -0.174533 0.000000
vt -5.333333 -0.174533 0.000000
vt -5.600000 -0.157080 0.000000
vt -5.333333 -0.157080 0.000000
vt -5.600000 -0.139626 0.000000
vt -5.333333 -0.139626 0.000000
vt -5.600000 -0.122173 0.000000
vt -5.333333 -0.122173 0.000000
vt -5.600000 -0.104720 0.000000
vt -5.333333 -0.104720 0.000000
vt -5.600000 -0.087266 0.000000
vt -5.333333 -0.087266 0.000000
vt -5.600000 -0.069813 0.000000
vt -5.333333 -0.069813 0.000000
vt -5.600000 -0.052360 0.000000
vt -5.333333 -0.052360 0.000000
vt -5.600000 -0.034907 0.000000
vt -5.333333 -0.034907 0.000000
vt -4.800000 0.017453 0.000000
vt -5.066667 0.017453 0.000000
vt -4.800000 0.000000 0.000000
vt -5.066667 0.000000 0.000000
vt -4.800000 -0.017453 0.000000
vt -5.066667 -0.017453 0.000000
vt -4.800000 -0.034907 0.000000
vt -5.066667 -0.034907 0.000000
vt -4.800000 -0.052360 0.000000
vt -5.066667 -0.052360 0.000000
vt -4.800000 -0.069813 0.000000
vt -5.066667 -0.069813 0.000000
vt -4.800000 -0.087266 0.000000
vt -5.066667 -0.087266 0.000000
vt -4.800000 -0.104720 0.000000
vt -5.066667 -0.104720 0.000000
vt -4.800000 -0.122173 0.000000
vt -5.066667 -0.122173 0.000000
vt -4.800000 -0.139626 0.000000
vt -5.066667 -0.139626 0.000000
vt -4.800000 -0.157080 0.000000
vt -5.066667 -0.157080 0.000000
vt -4.800000 -0.174533 0.000000
vt -5.066667 -0.174533 0.000000
vt -4.800000 -0.191986 0.000000
vt -5.066667 -0.191986 0.000000
vt -4.800000 -0.209440 0.000000
vt -5.066667 -0.209440 0.000000
vt -4.800000 -0.226893 0.000000
vt -5.066667 -0.226893 0.000000
vt -4.800000 -0.244346 0.000000
vt -5.066667 -0.244346 0.000000
vt -4.800000 -0.261799 0.000000
vt -5.066667 -0.261799 0.000000
vt -4.800000 -0.279253 0.000000
vt -5.066667 -0.279253 0.000000
vt -4.800000 -0.296706 0.000000
vt -5.066667 -0.296706 0.000000
vt -4.800000 -0.314159 0.000000
vt -5.066667 -0.314159 0.000000
vt -4.800000 0.314159 0.000000
vt -5.066667 0.314159 0.000000
vt -4.800000 0.296706 0.000000
vt -5.066667 0.296706 0.000000
vt -4.800000 0.279253 0.000000
vt -5.066667 0.279253 0.000000
vt -4.800000 0.261799 0.000000
vt -5.066667 0.261799 0.000000
vt -4.800000 0.244346 0.000000
vt -5.066667 0.244346 0.000000
vt -4.800000 0.226893 0.000000
vt -5.066667 0.226893 0.000000
vt -4.800000 0.209440 0.000000
vt -5.066667 0.209440 0.000000
vt -4.800000 0.191986 0.000000
vt -5.066667 0.191986 0.000000
vt -4.800000 0.174533 0.000000
vt -5.066667 0.174533 0.000000
vt -4.800000 0.157080 0.000000
vt -5.066667 0.157080 0.000000
vt -4.800000 0.139626 0.000000
vt -5.066667 0.139626 0.000000
vt -4.800000 0.122173 0.000000
vt -5.066667 0.122173 0.000000
vt -4.800000 0.104720 0.000000
vt -5.066667 0.104720 0.000000
vt -4.800000 0.087266 0.000000
vt -5.066667 0.087266 0.000000
vt -4.800000 0.069813 0.000000
vt -5.066667 0.069813 0.000000
vt -4.800000 0.052360 0.000000
vt -5.066667 0.052360 0.000000
vt -4.800000 0.034907 0.000000
vt -5.066667 0.034907 0.000000
vt 0.794427 -0.794427 0.000000
vt 0.782729 -0.708564 0.000000
vt -0.294427 -0.794427 0.000000
vt -0.294932 -0.750394 0.000000
vt 0.766911 -0.623364 0.000000
vt 0.747011 -0.539024 0.000000
vt 0.723075 -0.455739 0.000000
vt -0.207825 -0.344427 0.000000
vt -0.299438 -0.706590 0.000000
vt 0.695159 -0.373703 0.000000
vt -0.200458 -0.328629 0.000000
vt 0.663326 -0.293105 0.000000
vt 0.627652 -0.214133 0.000000
vt -0.195946 -0.311792 0.000000
vt 0.588218 -0.136969 0.000000
vt -0.194427 -0.294427 0.000000
vt 0.545116 -0.061793 0.000000
vt -0.195946 -0.277062 0.000000
vt 0.498446 0.011222 0.000000
vt -0.200458 -0.260225 0.000000
vt 0.448315 0.081906 0.000000
vt 0.394841 0.150096 0.000000
vt -0.207825 -0.244427 0.000000
vt 0.338147 0.215633 0.000000
vt -0.217823 -0.230148 0.000000
vt 0.278365 0.278365 0.000000
vt -0.230148 -0.217823 0.000000
vt 0.215633 0.338147 0.000000
vt -0.244427 -0.207825 0.000000
vt 0.150096 0.394841 0.000000
vt -0.260225 -0.200458 0.000000
vt 0.081906 0.448315 0.000000
vt 0.011222 0.498446 0.000000
vt -0.277062 -0.195946 0.000000
vt -0.061793 0.545116 0.000000
vt -0.294427 -0.194427 0.000000
vt -0.136969 0.588218 0.000000
vt -0.311792 -0.195946 0.000000
vt -0.214133 0.627652 0.000000
vt -0.328629 -0.200458 0.000000
vt -0.293105 0.663326 0.000000
vt -0.373703 0.695159 0.000000
vt -0.344427 -0.207825 0.000000
vt -0.455739 0.723075 0.000000
vt -0.539024 0.747011 0.000000
vt -0.623364 0.766911 0.000000
vt -0.750394 -0.294932 0.000000
vt -0.706590 -0.299438 0.000000
vt -0.358706 -0.217823 0.000000
vt -0.663376 -0.307908 0.000000
vt -0.371032 -0.230148 0.000000
vt -0.621112 -0.320273 0.000000
vt -0.381030 -0.244427 0.000000
vt -0.580147 -0.336429 0.000000
vt -0.388396 -0.260225 0.000000
vt -0.392908 -0.277062 0.000000
vt -0.540821 -0.356243 0.000000
vt -0.394427 -0.294427 0.000000
vt -0.503459 -0.379551 0.000000
vt -0.392908 -0.311792 0.000000
vt -0.388396 -0.328629 0.000000
vt -0.468371 -0.406160 0.000000
vt -0.381030 -0.344427 0.000000
vt -0.371032 -0.358706 0.000000
vt -0.435849 -0.435849 0.000000
vt -0.358706 -0.371032 0.000000
vt -0.406160 -0.468371 0.000000
vt -0.344427 -0.381030 0.000000
vt -0.328629 -0.388396 0.000000
vt -0.379551 -0.503459 0.000000
vt -0.311792 -0.392908 0.000000
vt -0.294427 -0.394427 0.000000
vt -0.356243 -0.540821 0.000000
vt -0.277062 -0.392908 0.000000
vt -0.336429 -0.580147 0.000000
vt -0.260225 -0.388396 0.000000
vt -0.244427 -0.381030 0.000000
vt -0.320273 -0.621112 0.000000
vt -0.230148 -0.371032 0.000000
vt -0.307908 -0.663376 0.000000
vt -0.217823 -0.358706 0.000000
vt -0.708564 0.782729 0.000000
vt -0.794427 -0.294427 0.000000
vt -0.794427 0.794427 0.000000
vt 0.000000 0.000000 0.000000
vt 1.088854 -0.000000 0.000000
vt 0.000000 0.450000 0.000000
vt 1.088854 0.450000 0.000000
vt -0.450000 0.200414 0.000000
vt 0.000000 0.200414 0.000000
vt -0.450000 0.287078 0.000000
vt 0.000000 0.287078 0.000000
vt 0.000000 0.373743 0.000000
vt -0.450000 0.373743 0.000000
vt 0.000000 0.460407 0.000000
vt -0.450000 0.460407 0.000000
vt 0.000000 0.547072 0.000000
vt -0.450000 0.547072 0.000000
vt 0.000000 0.633736 0.000000
vt -0.450000 0.633736 0.000000
vt 0.000000 0.720401 0.000000
vt -0.450000 0.720401 0.000000
vt 0.000000 0.807065 0.000000
vt -0.450000 0.807065 0.000000
vt 0.000000 0.893730 0.000000
vt -0.450000 0.893730 0.000000
vt 0.000000 0.980394 0.000000
vt -0.450000 0.980394 0.000000
vt 0.000000 1.067059 0.000000
vt -0.450000 1.067059 0.000000
vt 0.000000 1.153723 0.000000
vt -0.450000 1.153723 0.000000
vt 0.000000 1.240388 0.000000
vt -0.450000 1.240388 0.000000
vt 0.000000 1.327052 0.000000
vt -0.450000 1.327052 0.000000
vt 0.000000 1.413717 0.000000
vt -0.450000 1.413717 0.000000
vt 0.000000 1.500381 0.000000
vt -0.450000 1.500381 0.000000
vt 0.000000 1.587046 0.000000
vt -0.450000 1.587046 0.000000
vt 0.000000 1.673710 0.000000
vt -0.450000 1.673710 0.000000
vt 0.000000 1.760375 0.000000
vt -0.450000 1.760375 0.000000
vt 0.000000 1.847039 0.000000
vt -0.450000 1.847039 0.000000
vt 0.000000 1.933704 0.000000
vt -0.450000 1.933704 0.000000
vt 0.000000 2.020368 0.000000
vt -0.450000 2.020368 0.000000
vt 0.000000 2.107033 0.000000
vt -0.450000 2.107033 0.000000
vt 0.000000 2.193697 0.000000
vt -0.450000 2.193697 0.000000
vt 0.000000 2.280362 0.000000
vt -0.450000 2.280362 0.000000
vt 0.000000 2.367026 0.000000
vt -0.450000 2.367026 0.000000
vt 0.000000 2.453691 0.000000
vt -0.450000 2.453691 0.000000
vt 0.000000 2.540355 0.000000
vt -0.450000 2.540355 0.000000
vt -0.450000 2.627020 0.000000
vt 0.000000 2.627020 0.000000
vt 0.000000 0.000000 0.000000
vt 1.088854 0.000000 0.000000
vt 0.000000 0.450000 0.000000
vt 1.088854 0.450000 0.000000
vt 0.450000 -0.726988 0.000000
vt 0.000000 -0.726988 0.000000
vt 0.450000 -0.771039 0.000000
vt -0.000000 -0.771039 0.000000
vt -0.000000 -0.815090 0.000000
vt 0.450000 -0.815090 0.000000
vt -0.000000 -0.859141 0.000000
vt 0.450000 -0.859141 0.000000
vt -0.000000 -0.903192 0.000000
vt 0.450000 -0.903192 0.000000
vt -0.000000 -0.947243 0.000000
vt 0.450000 -0.947243 0.000000
vt -0.000000 -0.991294 0.000000
vt 0.450000 -0.991294 0.000000
vt -0.000000 -1.035345 0.000000
vt 0.450000 -1.035345 0.000000
vt -0.000000 -1.079396 0.000000
vt 0.450000 -1.079396 0.000000
vt -0.000000 -1.123447 0.000000
vt 0.450000 -1.123447 0.000000
vt -0.000000 -1.167498 0.000000
vt 0.450000 -1.167498 0.000000
vt -0.000000 -1.211549 0.000000
vt 0.450000 -1.211549 0.000000
vt -0.000000 -1.255600 0.000000
vt 0.450000 -1.255600 0.000000
vt -0.000000 -1.299651 0.000000
vt 0.450000 -1.299651 0.000000
vt -0.000000 -1.343702 0.000000
vt 0.450000 -1.343702 0.000000
vt -0.000000 -1.387753 0.000000
vt 0.450000 -1.387753 0.000000
vt -0.000000 -1.431804 0.000000
vt 0.450000 -1.431804 0.000000
vt -0.000000 -1.475855 0.000000
vt 0.450000 -1.475855 0.000000
vt 0.450000 -1.519906 0.000000
vt -0.000000 -1.519906 0.000000
vt -0.794427 -0.794427 0.000000
vt 0.294427 -0.794427 0.000000
vt -0.782729 -0.708564 0.000000
vt 0.294932 -0.750394 0.000000
vt -0.766911 -0.623364 0.000000
vt -0.747011 -0.539024 0.000000
vt 0.299438 -0.706590 0.000000
vt 0.207825 -0.344427 0.000000
vt 0.217823 -0.358706 0.000000
vt 0.307908 -0.663376 0.000000
vt 0.230148 -0.371032 0.000000
vt 0.320273 -0.621112 0.000000
vt 0.244427 -0.381030 0.000000
vt 0.336429 -0.580147 0.000000
vt 0.260225 -0.388396 0.000000
vt 0.277062 -0.392908 0.000000
vt 0.356243 -0.540821 0.000000
vt 0.294427 -0.394427 0.000000
vt 0.379551 -0.503459 0.000000
vt 0.311792 -0.392908 0.000000
vt 0.328629 -0.388396 0.000000
vt 0.406160 -0.468371 0.000000
vt 0.344427 -0.381030 0.000000
vt 0.358706 -0.371032 0.000000
vt 0.435849 -0.435849 0.000000
vt 0.371032 -0.358706 0.000000
vt 0.468371 -0.406160 0.000000
vt 0.381030 -0.344427 0.000000
vt 0.388396 -0.328629 0.000000
vt 0.503459 -0.379551 0.000000
vt 0.392908 -0.311792 0.000000
vt 0.394427 -0.294427 0.000000
vt 0.540821 -0.356243 0.000000
vt 0.392908 -0.277062 0.000000
vt 0.580147 -0.336429 0.000000
vt 0.388396 -0.260225 0.000000
vt 0.381030 -0.244427 0.000000
vt 0.621112 -0.320273 0.000000
vt 0.371032 -0.230148 0.000000
vt 0.663376 -0.307908 0.000000
vt 0.358706 -0.217823 0.000000
vt 0.706590 -0.299438 0.000000
vt 0.344427 -0.207825 0.000000
vt 0.539024 0.747011 0.000000
vt 0.455739 0.723075 0.000000
vt 0.750394 -0.294932 0.000000
vt 0.623364 0.766911 0.000000
vt 0.708564 0.782729 0.000000
vt 0.794427 -0.294427 0.000000
vt 0.794427 0.794427 0.000000
vt 0.373703 0.695159 0.000000
vt 0.328629 -0.200458 0.000000
vt 0.293105 0.663326 0.000000
vt 0.214133 0.627652 0.000000
vt 0.311792 -0.195946 0.000000
vt 0.136969 0.588218 0.000000
vt 0.294427 -0.194427 0.000000
vt 0.061793 0.545116 0.000000
vt 0.277062 -0.195946 0.000000
vt -0.011222 0.498446 0.000000
vt 0.260225 -0.200458 0.000000
vt -0.081906 0.448315 0.000000
vt -0.150096 0.394841 0.000000
vt 0.244427 -0.207825 0.000000
vt -0.215633 0.338147 0.000000
vt 0.230148 -0.217823 0.000000
vt -0.278365 0.278365 0.000000
vt 0.217823 -0.230148 0.000000
vt -0.338147 0.215633 0.000000
vt 0.207825 -0.244427 0.000000
vt -0.394841 0.150096 0.000000
vt 0.200458 -0.260225 0.000000
vt -0.448315 0.081906 0.000000
vt -0.498446 0.011222 0.000000
vt 0.195946 -0.277062 0.000000
vt -0.545116 -0.061793 0.000000
vt 0.194427 -0.294427 0.000000
vt -0.588218 -0.136969 0.000000
vt 0.195946 -0.311792 0.000000
vt -0.627652 -0.214133 0.000000
vt 0.200458 -0.328629 0.000000
vt -0.663326 -0.293105 0.000000
vt -0.695159 -0.373703 0.000000
vt -0.723075 -0.455739 0.000000
vt -6.850000 -0.017453 0.000000
vt -6.583333 -0.017453 0.000000
vt -6.850000 0.000000 0.000000
vt -6.583333 0.000000 0.000000
vt -6.850000 0.017453 0.000000
vt -6.583333 0.017453 0.000000
vt -6.850000 0.034907 0.000000
vt -6.583333 0.034907 0.000000
vt -6.850000 0.052360 0.000000
vt -6.583333 0.052360 0.000000
vt -6.850000 0.069813 0.000000
vt -6.583333 0.069813 0.000000
vt -6.850000 0.087266 0.000000
vt -6.583333 0.087266 0.000000
vt -6.850000 0.104720 0.000000
vt -6.583333 0.104720 0.000000
vt -6.850000 0.122173 0.000000
vt -6.583333 0.122173 0.000000
vt -6.850000 0.139626 0.000000
vt -6.583333 0.139626 0.000000
vt -6.850000 0.157080 0.000000
vt -6.583333 0.157080 0.000000
vt -6.850000 0.174533 0.000000
vt -6.583333 0.174533 0.000000
vt -6.850000 0.191986 0.000000
vt -6.583333 0.191986 0.000000
vt -6.850000 0.209440 0.000000
vt -6.583333 0.209440 0.000000
vt -6.850000 0.226893 0.000000
vt -6.583333 0.226893 0.000000
vt -6.850000 0.244346 0.000000
vt -6.583333 0.244346 0.000000
vt -6.850000 0.261799 0.000000
vt -6.583333 0.261799 0.000000
vt -6.850000 0.279253 0.000000
vt -6.583333 0.279253 0.000000
vt -6.850000 0.296706 0.000000
vt -6.583333 0.296706 0.000000
vt -6.850000 0.314159 0.000000
vt -6.583333 0.314159 0.000000
vt -6.850000 -0.314159 0.000000
vt -6.583333 -0.314159 0.000000
vt -6.850000 -0.296706 0.000000
vt -6.583333 -0.296706 0.000000
vt -6.850000 -0.279253 0.000000
vt -6.583333 -0.279253 0.000000
vt -6.850000 -0.261799 0.000000
vt -6.583333 -0.261799 0.000000
vt -6.850000 -0.244346 0.000000
vt -6.583333 -0.244346 0.000000
vt -6.850000 -0.226893 0.000000
vt -6.583333 -0.226893 0.000000
vt -6.850000 -0.209440 0.000000
vt -6.583333 -0.209440 0.000000
vt -6.850000 -0.191986 0.000000
vt -6.583333 -0.191986 0.000000
vt -6.850000 -0.174533 0.000000
vt -6.583333 -0.174533 0.000000
vt -6.850000 -0.157080 0.000000
vt -6.583333 -0.157080 0.000000
vt -6.850000 -0.139626 0.000000
vt -6.583333 -0.139626 0.000000
vt -6.850000 -0.122173 0.000000
vt -6.583333 -0.122173 0.000000
vt -6.850000 -0.104720 0.000000
vt -6.583333 -0.104720 0.000000
vt -6.850000 -0.087266 0.000000
vt -6.583333 -0.087266 0.000000
vt -6.850000 -0.069813 0.000000
vt -6.583333 -0.069813 0.000000
vt -6.850000 -0.052360 0.000000
vt -6.583333 -0.052360 0.000000
vt -6.850000 -0.034907 0.000000
vt -6.583333 -0.034907 0.000000
vt -6.050000 0.017453 0.000000
vt -6.316667 0.017453 0.000000
vt -6.050000 0.000000 0.000000
vt -6.316667 0.000000 0.000000
vt -6.050000 -0.017453 0.000000
vt -6.316667 -0.017453 0.000000
vt -6.050000 -0.034907 0.000000
vt -6.316667 -0.034907 0.000000
vt -6.050000 -0.052360 0.000000
vt -6.316667 -0.052360 0.000000
vt -6.050000 -0.069813 0.000000
vt -6.316667 -0.069813 0.000000
vt -6.050000 -0.087266 0.000000
vt -6.316667 -0.087266 0.000000
vt -6.050000 -0.104720 0.000000
vt -6.316667 -0.104720 0.000000
vt -6.050000 -0.122173 0.000000
vt -6.316667 -0.122173 0.000000
vt -6.050000 -0.139626 0.000000
vt -6.316667 -0.139626 0.000000
vt -6.050000 -0.157080 0.000000
vt -6.316667 -0.157080 0.000000
vt -6.050000 -0.174533 0.000000
vt -6.316667 -0.174533 0.000000
vt -6.050000 -0.191986 0.000000
vt -6.316667 -0.191986 0.000000
vt -6.050000 -0.209440 0.000000
vt -6.316667 -0.209440 0.000000
vt -6.050000 -0.226893 0.000000
vt -6.316667 -0.226893 0.000000
vt -6.050000 -0.244346 0.000000
vt -6.316667 -0.244346 0.000000
vt -6.050000 -0.261799 0.000000
vt -6.316667 -0.261799 0.000000
vt -6.050000 -0.279253 0.000000
vt -6.316667 -0.279253 0.000000
vt -6.050000 -0.296706 0.000000
vt -6.316667 -0.296706 0.000000
vt -6.050000 -0.314159 0.000000
vt -6.316667 -0.314159 0.000000
vt -6.050000 0.314159 0.000000
vt -6.316667 0.314159 0.000000
vt -6.050000 0.296706 0.000000
vt -6.316667 0.296706 0.000000
vt -6.050000 0.279253 0.000000
vt -6.316667 0.279253 0.000000
vt -6.050000 0.261799 0.000000
vt -6.316667 0.261799 0.000000
vt -6.050000 0.244346 0.000000
vt -6.316667 0.244346 0.000000
vt -6.050000 0.226893 0.000000
vt -6.316667 0.226893 0.000000
vt -6.050000 0.209440 0.000000
vt -6.316667 0.209440 0.000000
vt -6.050000 0.191986 0.000000
vt -6.316667 0.191986 0.000000
vt -6.050000 0.174533 0.000000
vt -6.316667 0.174533 0.000000
vt -6.050000 0.157080 0.000000
vt -6.316667 0.157080 0.000000
vt -6.050000 0.139626 0.000000
vt -6.316667 0.139626 0.000000
vt -6.050000 0.122173 0.000000
vt -6.316667 0.122173 0.000000
vt -6.050000 0.104720 0.000000
vt -6.316667 0.104720 0.000000
vt -6.050000 0.087266 0.000000
vt -6.316667 0.087266 0.000000
vt -6.050000 0.069813 0.000000
vt -6.316667 0.069813 0.000000
vt -6.050000 0.052360 0.000000
vt -6.316667 0.052360 0.000000
vt -6.050000 0.034907 0.000000
vt -6.316667 0.034907 0.000000
vt 0.794427 -0.794427 0.000000
vt 0.782729 -0.708564 0.000000
vt -0.294427 -0.794427 0.000000
vt -0.294932 -0.750394 0.000000
vt 0.766911 -0.623364 0.000000
vt 0.747011 -0.539024 0.000000
vt 0.723075 -0.455739 0.000000
vt -0.207825 -0.344427 0.000000
vt -0.299438 -0.706590 0.000000
vt 0.695159 -0.373703 0.000000
vt -0.200458 -0.328629 0.000000
vt 0.663326 -0.293105 0.000000
vt 0.627652 -0.214133 0.000000
vt -0.195946 -0.311792 0.000000
vt 0.588218 -0.136969 0.000000
vt -0.194427 -0.294427 0.000000
vt 0.545116 -0.061793 0.000000
vt -0.195946 -0.277062 0.000000
vt 0.498446 0.011222 0.000000
vt -0.200458 -0.260225 0.000000
vt 0.448315 0.081906 0.000000
vt 0.394841 0.150096 0.000000
vt -0.207825 -0.244427 0.000000
vt 0.338147 0.215633 0.000000
vt -0.217823 -0.230148 0.000000
vt 0.278365 0.278365 0.000000
vt -0.230148 -0.217823 0.000000
vt 0.215633 0.338147 0.000000
vt -0.244427 -0.207825 0.000000
vt 0.150096 0.394841 0.000000
vt -0.260225 -0.200458 0.000000
vt 0.081906 0.448315 0.000000
vt 0.011222 0.498446 0.000000
vt -0.277062 -0.195946 0.000000
vt -0.061793 0.545116 0.000000
vt -0.294427 -0.194427 0.000000
vt -0.136969 0.588218 0.000000
vt -0.311792 -0.195946 0.000000
vt -0.214133 0.627652 0.000000
vt -0.328629 -0.200458 0.000000
vt -0.293105 0.663326 0.000000
vt -0.373703 0.695159 0.000000
vt -0.344427 -0.207825 0.000000
vt -0.455739 0.723075 0.000000
vt -0.539024 0.747011 0.000000
vt -0.623364 0.766911 0.000000
vt -0.750394 -0.294932 0.000000
vt -0.706590 -0.299438 0.000000
vt -0.358706 -0.217823 0.000000
vt -0.663376 -0.307908 0.000000
vt -0.371032 -0.230148 0.000000
vt -0.621112 -0.320273 0.000000
vt -0.381030 -0.244427 0.000000
vt -0.580147 -0.336429 0.000000
vt -0.388396 -0.260225 0.000000
vt -0.392908 -0.277062 0.000000
vt -0.540821 -0.356243 0.000000
vt -0.394427 -0.294427 0.000000
vt -0.503459 -0.379551 0.000000
vt -0.392908 -0.311792 0.000000
vt -0.388396 -0.328629 0.000000
vt -0.468371 -0.406160 0.000000
vt -0.381030 -0.344427 0.000000
vt -0.371032 -0.358706 0.000000
vt -0.435849 -0.435849 0.000000
vt -0.358706 -0.371032 0.000000
vt -0.406160 -0.468371 0.000000
vt -0.344427 -0.381030 0.000000
vt -0.328629 -0.388396 0.000000
vt -0.379551 -0.503459 0.000000
vt -0.311792 -0.392908 0.000000
vt -0.294427 -0.394427 0.000000
vt -0.356243 -0.540821 0.000000
vt -0.277062 -0.392908 0.000000
vt -0.336429 -0.580147 0.000000
vt -0.260225 -0.388396 0.000000
vt -0.244427 -0.381030 0.000000
vt -0.320273 -0.621112 0.000000
vt -0.230148 -0.371032 0.000000
vt -0.307908 -0.663376 0.000000
vt -0.217823 -0.358706 0.000000
vt -0.708564 0.782729 0.000000
vt -0.794427 -0.294427 0.000000
vt -0.794427 0.794427 0.000000
vt 0.000000 0.000000 0.000000
vt 1.088854 -0.000000 0.000000
vt 0.000000 0.450000 0.000000
vt 1.088854 0.450000 0.000000
vt -0.450000 0.200414 0.000000
vt 0.000000 0.200414 0.000000
vt -0.450000 0.287078 0.000000
vt 0.000000 0.287078 0.000000
vt 0.000000 0.373743 0.000000
vt -0.450000 0.373743 0.000000
vt 0.000000 0.460407 0.000000
vt -0.450000 0.460407 0.000000
vt 0.000000 0.547072 0.000000
vt -0.450000 0.547072 0.000000
vt 0.000000 0.633736 0.000000
vt -0.450000 0.633736 0.000000
vt 0.000000 0.720401 0.000000
vt -0.450000 0.720401 0.000000
vt 0.000000 0.807065 0.000000
vt -0.450000 0.807065 0.000000
vt 0.000000 0.893730 0.000000
vt -0.450000 0.893730 0.000000
vt 0.000000 0.980394 0.000000
vt -0.450000 0.980394 0.000000
vt 0.000000 1.067059 0.000000
vt -0.450000 1.067059 0.000000
vt 0.000000 1.153723 0.000000
vt -0.450000 1.153723 0.000000
vt 0.000000 1.240388 0.000000
vt -0.450000 1.240388 0.000000
vt 0.000000 1.327052 0.000000
vt -0.450000 1.327052 0.000000
vt 0.000000 1.413717 0.000000
vt -0.450000 1.413717 0.000000
vt 0.000000 1.500381 0.000000
vt -0.450000 1.500381 0.000000
vt 0.000000 1.587046 0.000000
vt -0.450000 1.587046 0.000000
vt 0.000000 1.673710 0.000000
vt -0.450000 1.673710 0.000000
vt 0.000000 1.760375 0.000000
vt -0.450000 1.760375 0.000000
vt 0.000000 1.847039 0.000000
vt -0.450000 1.847039 0.000000
vt 0.000000 1.933704 0.000000
vt -0.450000 1.933704 0.000000
vt 0.000000 2.020368 0.000000
vt -0.450000 2.020368 0.000000
vt 0.000000 2.107033 0.000000
vt -0.450000 2.107033 0.000000
vt 0.000000 2.193697 0.000000
vt -0.450000 2.193697 0.000000
vt 0.000000 2.280362 0.000000
vt -0.450000 2.280362 0.000000
vt 0.000000 2.367026 0.000000
vt -0.450000 2.367026 0.000000
vt 0.000000 2.453691 0.000000
vt -0.450000 2.453691 0.000000
vt 0.000000 2.540355 0.000000
vt -0.450000 2.540355 0.000000
vt -0.450000 2.627020 0.000000
vt 0.000000 2.627020 0.000000
vt 0.000000 0.000000 0.000000
vt 1.088854 0.000000 0.000000
vt 0.000000 0.450000 0.000000
vt 1.088854 0.450000 0.000000
vt 0.450000 -0.726988 0.000000
vt 0.000000 -0.726988 0.000000
vt 0.450000 -0.771039 0.000000
vt -0.000000 -0.771039 0.000000
vt -0.000000 -0.815090 0.000000
vt 0.450000 -0.815090 0.000000
vt -0.000000 -0.859141 0.000000
vt 0.450000 -0.859141 0.000000
vt -0.000000 -0.903192 0.000000
vt 0.450000 -0.903192 0.000000
vt -0.000000 -0.947243 0.000000
vt 0.450000 -0.947243 0.000000
vt -0.000000 -0.991294 0.000000
vt 0.450000 -0.991294 0.000000
vt -0.000000 -1.035345 0.000000
vt 0.450000 -1.035345 0.000000
vt -0.000000 -1.079396 0.000000
vt 0.450000 -1.079396 0.000000
vt -0.000000 -1.123447 0.000000
vt 0.450000 -1.123447 0.000000
vt -0.000000 -1.167498 0.000000
vt 0.450000 -1.167498 0.000000
vt -0.000000 -1.211549 0.000000
vt 0.450000 -1.211549 0.000000
vt -0.000000 -1.255600 0.000000
vt 0.450000 -1.255600 0.000000
vt -0.000000 -1.299651 0.000000
vt 0.450000 -1.299651 0.000000
vt -0.000000 -1.343702 0.000000
vt 0.450000 -1.343702 0.000000
vt -0.000000 -1.387753 0.000000
vt 0.450000 -1.387753 0.000000
vt -0.000000 -1.431804 0.000000
vt 0.450000 -1.431804 0.000000
vt -0.000000 -1.475855 0.000000
vt 0.450000 -1.475855 0.000000
vt 0.450000 -1.519906 0.000000
vt -0.000000 -1.519906 0.000000
vt -0.794427 -0.794427 0.000000
vt 0.294427 -0.794427 0.000000
vt -0.782729 -0.708564 0.000000
vt 0.294932 -0.750394 0.000000
vt -0.766911 -0.623364 0.000000
vt -0.747011 -0.539024 0.000000
vt 0.299438 -0.706590 0.000000
vt 0.207825 -0.344427 0.000000
vt 0.217823 -0.358706 0.000000
vt 0.307908 -0.663376 0.000000
vt 0.230148 -0.371032 0.000000
vt 0.320273 -0.621112 0.000000
vt 0.244427 -0.381030 0.000000
vt 0.336429 -0.580147 0.000000
vt 0.260225 -0.388396 0.000000
vt 0.277062 -0.392908 0.000000
vt 0.356243 -0.540821 0.000000
vt 0.294427 -0.394427 0.000000
vt 0.379551 -0.503459 0.000000
vt 0.311792 -0.392908 0.000000
vt 0.328629 -0.388396 0.000000
vt 0.406160 -0.468371 0.000000
vt 0.344427 -0.381030 0.000000
vt 0.358706 -0.371032 0.000000
vt 0.435849 -0.435849 0.000000
vt 0.371032 -0.358706 0.000000
vt 0.468371 -0.406160 0.000000
vt 0.381030 -0.344427 0.000000
vt 0.388396 -0.328629 0.000000
vt 0.503459 -0.379551 0.000000
vt 0.392908 -0.311792 0.000000
vt 0.394427 -0.294427 0.000000
vt 0.540821 -0.356243 0.000000
vt 0.392908 -0.277062 0.000000
vt 0.580147 -0.336429 0.000000
vt 0.388396 -0.260225 0.000000
vt 0.381030 -0.244427 0.000000
vt 0.621112 -0.320273 0.000000
vt 0.371032 -0.230148 0.000000
vt 0.663376 -0.307908 0.000000
vt 0.358706 -0.217823 0.000000
vt 0.706590 -0.299438 0.000000
vt 0.344427 -0.207825 0.000000
vt 0.539024 0.747011 0.000000
vt 0.455739 0.723075 0.000000
vt 0.750394 -0.294932 0.000000
vt 0.623364 0.766911 0.000000
vt 0.708564 0.782729 0.000000
vt 0.794427 -0.294427 0.000000
vt 0.794427 0.794427 0.000000
vt 0.373703 0.695159 0.000000
vt 0.328629 -0.200458 0.000000
vt 0.293105 0.663326 0.000000
vt 0.214133 0.627652 0.000000
vt 0.311792 -0.195946 0.000000
vt 0.136969 0.588218 0.000000
vt 0.294427 -0.194427 0.000000
vt 0.061793 0.545116 0.000000
vt 0.277062 -0.195946 0.000000
vt -0.011222 0.498446 0.000000
vt 0.260225 -0.200458 0.000000
vt -0.081906 0.448315 0.000000
vt -0.150096 0.394841 0.000000
vt 0.244427 -0.207825 0.000000
vt -0.215633 0.338147 0.000000
vt 0.230148 -0.217823 0.000000
vt -0.278365 0.278365 0.000000
vt 0.217823 -0.230148 0.000000
vt -0.338147 0.215633 0.000000
vt 0.207825 -0.244427 0.000000
vt -0.394841 0.150096 0.000000
vt 0.200458 -0.260225 0.000000
vt -0.448315 0.081906 0.000000
vt -0.498446 0.011222 0.000000
vt 0.195946 -0.277062 0.000000
vt -0.545116 -0.061793 0.000000
vt 0.194427 -0.294427 0.000000
vt -0.588218 -0.136969 0.000000
vt 0.195946 -0.311792 0.000000
vt -0.627652 -0.214133 0.000000
vt 0.200458 -0.328629 0.000000
vt -0.663326 -0.293105 0.000000
vt -0.695159 -0.373703 0.000000
vt -0.723075 -0.455739 0.000000
vt -8.100000 -0.017453 0.000000
vt -7.833333 -0.017453 0.000000
vt -8.100000 0.000000 0.000000
vt -7.833333 0.000000 0.000000
vt -8.100000 0.017453 0.000000
vt -7.833333 0.017453 0.000000
vt -8.100000 0.034907 0.000000
vt -7.833333 0.034907 0.000000
vt -8.100000 0.052360 0.000000
vt -7.833333 0.052360 0.000000
vt -8.100000 0.069813 0.000000
vt -7.833333 0.069813 0.000000
vt -8.100000 0.087266 0.000000
vt -7.833333 0.087266 0.000000
vt -8.100000 0.104720 0.000000
vt -7.833333 0.104720 0.000000
vt -8.100000 0.122173 0.000000
vt -7.833333 0.122173 0.000000
vt -8.100000 0.139626 0.000000
vt -7.833333 0.139626 0.000000
vt -8.100000 0.157080 0.000000
vt -7.833333 0.157080 0.000000
vt -8.100000 0.174533 0.000000
vt -7.833333 0.174533 0.000000
vt -8.100000 0.191986 0.000000
vt -7.833333 0.191986 0.000000
vt -8.100000 0.209440 0.000000
vt -7.833333 0.209440 0.000000
vt -8.100000 0.226893 0.000000
vt -7.833333 0.226893 0.000000
vt -8.100000 0.244346 0.000000
vt -7.833333 0.244346 0.000000
vt -8.100000 0.261799 0.000000
vt -7.833333 0.261799 0.000000
vt -8.100000 0.279253 0.000000
vt -7.833333 0.279253 0.000000
vt -8.100000 0.296706 0.000000
vt -7.833333 0.296706 0.000000
vt -8.100000 0.314159 0.000000
vt -7.833333 0.314159 0.000000
vt -8.100000 -0.314159 0.000000
vt -7.833333 -0.314159 0.000000
vt -8.100000 -0.296706 0.000000
vt -7.833333 -0.296706 0.000000
vt -8.100000 -0.279253 0.000000
vt -7.833333 -0.279253 0.000000
vt -8.100000 -0.261799 0.000000
vt -7.833333 -0.261799 0.000000
vt -8.100000 -0.244346 0.000000
vt -7.833333 -0.244346 0.000000
vt -8.100000 -0.226893 0.000000
vt -7.833333 -0.226893 0.000000
vt -8.100000 -0.209440 0.000000
vt -7.833333 -0.209440 0.000000
vt -8.100000 -0.191986 0.000000
vt -7.833333 -0.191986 0.000000
vt -8.100000 -0.174533 0.000000
vt -7.833333 -0.174533 0.000000
vt -8.100000 -0.157080 0.000000
vt -7.833333 -0.157080 0.000000
vt -8.100000 -0.139626 0.000000
vt -7.833333 -0.139626 0.000000
vt -8.100000 -0.122173 0.000000
vt -7.833333 -0.122173 0.000000
vt -8.100000 -0.104720 0.000000
vt -7.833333 -0.104720 0.000000
vt -8.100000 -0.087266 0.000000
vt -7.833333 -0.087266 0.000000
vt -8.100000 -0.069813 0.000000
vt -7.833333 -0.069813 0.000000
vt -8.100000 -0.052360 0.000000
vt -7.833333 -0.052360 0.000000
vt -8.100000 -0.034907 0.000000
vt -7.833333 -0.034907 0.000000
vt -7.300000 0.017453 0.000000
vt -7.566667 0.017453 0.000000
vt -7.300000 0.000000 0.000000
vt -7.566667 0.000000 0.000000
vt -7.300000 -0.017453 0.000000
vt -7.566667 -0.017453 0.000000
vt -7.300000 -0.034907 0.000000
vt -7.566667 -0.034907 0.000000
vt -7.300000 -0.052360 0.000000
vt -7.566667 -0.052360 0.000000
vt -7.300000 -0.069813 0.000000
vt -7.566667 -0.069813 0.000000
vt -7.300000 -0.087266 0.000000
vt -7.566667 -0.087266 0.000000
vt -7.300000 -0.104720 0.000000
vt -7.566667 -0.104720 0.000000
vt -7.300000 -0.122173 0.000000
vt -7.566667 -0.122173 0.000000
vt -7.300000 -0.139626 0.000000
vt -7.566667 -0.139626 0.000000
vt -7.300000 -0.157080 0.000000
vt -7.566667 -0.157080 0.000000
vt -7.300000 -0.174533 0.000000
vt -7.566667 -0.174533 0.000000
vt -7.300000 -0.191986 0.000000
vt -7.566667 -0.191986 0.000000
vt -7.300000 -0.209440 0.000000
vt -7.566667 -0.209440 0.000000
vt -7.300000 -0.226893 0.000000
vt -7.566667 -0.226893 0.000000
vt -7.300000 -0.244346 0.000000
vt -7.566667 -0.244346 0.000000
vt -7.300000 -0.261799 0.000000
vt -7.566667 -0.261799 0.000000
vt -7.300000 -0.279253 0.000000
vt -7.566667 -0.279253 0.000000
vt -7.300000 -0.296706 0.000000
vt -7.566667 -0.296706 0.000000
vt -7.300000 -0.314159 0.000000
vt -7.566667 -0.314159 0.000000
vt -7.300000 0.314159 0.000000
vt -7.566667 0.314159 0.000000
vt -7.300000 0.296706 0.000000
vt -7.566667 0.296706 0.000000
vt -7.300000 0.279253 0.000000
vt -7.566667 0.279253 0.000000
vt -7.300000 0.261799 0.000000
vt -7.566667 0.261799 0.000000
vt -7.300000 0.244346 0.000000
vt -7.566667 0.244346 0.000000
vt -7.300000 0.226893 0.000000
vt -7.566667 0.226893 0.000000
vt -7.300000 0.209440 0.000000
vt -7.566667 0.209440 0.000000
vt -7.300000 0.191986 0.000000
vt -7.566667 0.191986 0.000000
vt -7.300000 0.174533 0.000000
vt -7.566667 0.174533 0.000000
vt -7.300000 0.157080 0.000000
vt -7.566667 0.157080 0.000000
vt -7.300000 0.139626 0.000000
vt -7.566667 0.139626 0.000000
vt -7.300000 0.122173 0.000000
vt -7.566667 0.122173 0.000000
vt -7.300000 0.104720 0.000000
vt -7.566667 0.104720 0.000000
vt -7.300000 0.087266 0.000000
vt -7.566667 0.087266 0.000000
vt -7.300000 0.069813 0.000000
vt -7.566667 0.069813 0.000000
vt -7.300000 0.052360 0.000000
vt -7.566667 0.052360 0.000000
vt -7.300000 0.034907 0.000000
vt -7.566667 0.034907 0.000000
vt 0.794427 -0.794427 0.000000
vt 0.782729 -0.708564 0.000000
vt -0.294427 -0.794427 0.000000
vt -0.294932 -0.750394 0.000000
vt 0.766911 -0.623364 0.000000
vt 0.747011 -0.539024 0.000000
vt 0.723075 -0.455739 0.000000
vt -0.207825 -0.344427 0.000000
vt -0.299438 -0.706590 0.000000
vt 0.695159 -0.373703 0.000000
vt -0.200458 -0.328629 0.000000
vt 0.663326 -0.293105 0.000000
vt 0.627652 -0.214133 0.000000
vt -0.195946 -0.311792 0.000000
vt 0.588218 -0.136969 0.000000
vt -0.194427 -0.294427 0.000000
vt 0.545116 -0.061793 0.000000
vt -0.195946 -0.277062 0.000000
vt 0.498446 0.011222 0.000000
vt -0.200458 -0.260225 0.000000
vt 0.448315 0.081906 0.000000
vt 0.394841 0.150096 0.000000
vt -0.207825 -0.244427 0.000000
vt 0.338147 0.215633 0.000000
vt -0.217823 -0.230148 0.000000
vt 0.278365 0.278365 0.000000
vt -0.230148 -0.217823 0.000000
vt 0.215633 0.338147 0.000000
vt -0.244427 -0.207825 0.000000
vt 0.150096 0.394841 0.000000
vt -0.260225 -0.200458 0.000000
vt 0.081906 0.448315 0.000000
vt 0.011222 0.498446 0.000000
vt -0.277062 -0.195946 0.000000
vt -0.061793 0.545116 0.000000
vt -0.294427 -0.194427 0.000000
vt -0.136969 0.588218 0.000000
vt -0.311792 -0.195946 0.000000
vt -0.214133 0.627652 0.000000
vt -0.328629 -0.200458 0.000000
vt -0.293105 0.663326 0.000000
vt -0.373703 0.695159 0.000000
vt -0.344427 -0.207825 0.000000
vt -0.455739 0.723075 0.000000
vt -0.539024 0.747011 0.000000
vt -0.623364 0.766911 0.000000
vt -0.750394 -0.294932 0.000000
vt -0.706590 -0.299438 0.000000
vt -0.358706 -0.217823 0.000000
vt -0.663376 -0.307908 0.000000
vt -0.371032 -0.230148 0.000000
vt -0.621112 -0.320273 0.000000
vt -0.381030 -0.244427 0.000000
vt -0.580147 -0.336429 0.000000
vt -0.388396 -0.260225 0.000000
vt -0.392908 -0.277062 0.000000
vt -0.540821 -0.356243 0.000000
vt -0.394427 -0.294427 0.000000
vt -0.503459 -0.379551 0.000000
vt -0.392908 -0.311792 0.000000
vt -0.388396 -0.328629 0.000000
vt -0.468371 -0.406160 0.000000
vt -0.381030 -0.344427 0.000000
vt -0.371032 -0.358706 0.000000
vt -0.435849 -0.435849 0.000000
vt -0.358706 -0.371032 0.000000
vt -0.406160 -0.468371 0.000000
vt -0.344427 -0.381030 0.000000
vt -0.328629 -0.388396 0.000000
vt -0.379551 -0.503459 0.000000
vt -0.311792 -0.392908 0.000000
vt -0.294427 -0.394427 0.000000
vt -0.356243 -0.540821 0.000000
vt -0.277062 -0.392908 0.000000
vt -0.336429 -0.580147 0.000000
vt -0.260225 -0.388396 0.000000
vt -0.244427 -0.381030 0.000000
vt -0.320273 -0.621112 0.000000
vt -0.230148 -0.371032 0.000000
vt -0.307908 -0.663376 0.000000
vt -0.217823 -0.358706 0.000000
vt -0.708564 0.782729 0.000000
vt -0.794427 -0.294427 0.000000
vt -0.794427 0.794427 0.000000
vt 0.000000 0.000000 0.000000
vt 1.088854 -0.000000 0.000000
vt -0.000000 0.450000 0.000000
vt 1.088854 0.450000 0.000000
vt -0.450000 0.200414 0.000000
vt 0.000000 0.200414 0.000000
vt -0.450000 0.287078 0.000000
vt 0.000000 0.287078 0.000000
vt 0.000000 0.373743 0.000000
vt -0.450000 0.373743 0.000000
vt 0.000000 0.460407 0.000000
vt -0.450000 0.460407 0.000000
vt 0.000000 0.547072 0.000000
vt -0.450000 0.547072 0.000000
vt 0.000000 0.633736 0.000000
vt -0.450000 0.633736 0.000000
vt 0.000000 0.720401 0.000000
vt -0.450000 0.720401 0.000000
vt 0.000000 0.807065 0.000000
vt -0.450000 0.807065 0.000000
vt 0.000000 0.893730 0.000000
vt -0.450000 0.893730 0.000000
vt 0.000000 0.980394 0.000000
vt -0.450000 0.980394 0.000000
vt 0.000000 1.067059 0.000000
vt -0.450000 1.067059 0.000000
vt 0.000000 1.153723 0.000000
vt -0.450000 1.153723 0.000000
vt 0.000000 1.240388 0.000000
vt -0.450000 1.240388 0.000000
vt 0.000000 1.327052 0.000000
vt -0.450000 1.327052 0.000000
vt 0.000000 1.413717 0.000000
vt -0.450000 1.413717 0.000000
vt 0.000000 1.500381 0.000000
vt -0.450000 1.500381 0.000000
vt 0.000000 1.587046 0.000000
vt -0.450000 1.587046 0.000000
vt 0.000000 1.673710 0.000000
vt -0.450000 1.673710 0.000000
vt 0.000000 1.760375 0.000000
vt -0.450000 1.760375 0.000000
vt 0.000000 1.847039 0.000000
vt -0.450000 1.847039 0.000000
vt 0.000000 1.933704 0.000000
vt -0.450000 1.933704 0.000000
vt 0.000000 2.020368 0.000000
vt -0.450000 2.020368 0.000000
vt 0.000000 2.107033 0.000000
vt -0.450000 2.107033 0.000000
vt 0.000000 2.193697 0.000000
vt -0.450000 2.193697 0.000000
vt 0.000000 2.280362 0.000000
vt -0.450000 2.280362 0.000000
vt 0.000000 2.367026 0.000000
vt -0.450000 2.367026 0.000000
vt 0.000000 2.453691 0.000000
vt -0.450000 2.453691 0.000000
vt 0.000000 2.540355 0.000000
vt -0.450000 2.540355 0.000000
vt -0.450000 2.627020 0.000000
vt 0.000000 2.627020 0.000000
vt 0.000000 0.000000 0.000000
vt 1.088854 0.000000 0.000000
vt 0.000000 0.450000 0.000000
vt 1.088854 0.450000 0.000000
vt 0.450000 -0.726988 0.000000
vt 0.000000 -0.726988 0.000000
vt 0.450000 -0.771039 0.000000
vt -0.000000 -0.771039 0.000000
vt -0.000000 -0.815090 0.000000
vt 0.450000 -0.815090 0.000000
vt -0.000000 -0.859141 0.000000
vt 0.450000 -0.859141 0.000000
vt -0.000000 -0.903192 0.000000
vt 0.450000 -0.903192 0.000000
vt -0.000000 -0.947243 0.000000
vt 0.450000 -0.947243 0.000000
vt -0.000000 -0.991294 0.000000
vt 0.450000 -0.991294 0.000000
vt -0.000000 -1.035345 0.000000
vt 0.450000 -1.035345 0.000000
vt -0.000000 -1.079396 0.000000
vt 0.450000 -1.079396 0.000000
vt -0.000000 -1.123447 0.000000
vt 0.450000 -1.123447 0.000000
vt -0.000000 -1.167498 0.000000
vt 0.450000 -1.167498 0.000000
vt -0.000000 -1.211549 0.000000
vt 0.450000 -1.211549 0.000000
vt -0.000000 -1.255600 0.000000
vt 0.450000 -1.255600 0.000000
vt -0.000000 -1.299651 0.000000
vt 0.450000 -1.299651 0.000000
vt -0.000000 -1.343702 0.000000
vt 0.450000 -1.343702 0.000000
vt -0.000000 -1.387753 0.000000
vt 0.450000 -1.387753 0.000000
vt -0.000000 -1.431804 0.000000
vt 0.450000 -1.431804 0.000000
vt -0.000000 -1.475855 0.000000
vt 0.450000 -1.475855 0.000000
vt 0.450000 -1.519906 0.000000
vt -0.000000 -1.519906 0.000000
vt -0.794427 -0.794427 0.000000
vt 0.294427 -0.794427 0.000000
vt -0.782729 -0.708564 0.000000
vt 0.294932 -0.750394 0.000000
vt -0.766911 -0.623364 0.000000
vt -0.747011 -0.539024 0.000000
vt 0.299438 -0.706590 0.000000
vt 0.207825 -0.344427 0.000000
vt 0.217823 -0.358706 0.000000
vt 0.307908 -0.663376 0.000000
vt 0.230148 -0.371032 0.000000
vt 0.320273 -0.621112 0.000000
vt 0.244427 -0.381030 0.000000
vt 0.336429 -0.580147 0.000000
vt 0.260225 -0.388396 0.000000
vt 0.277062 -0.392908 0.000000
vt 0.356243 -0.540821 0.000000
vt 0.294427 -0.394427 0.000000
vt 0.379551 -0.503459 0.000000
vt 0.311792 -0.392908 0.000000
vt 0.328629 -0.388396 0.000000
vt 0.406160 -0.468371 0.000000
vt 0.344427 -0.381030 0.000000
vt 0.358706 -0.371032 0.000000
vt 0.435849 -0.435849 0.000000
vt 0.371032 -0.358706 0.000000
vt 0.468371 -0.406160 0.000000
vt 0.381030 -0.344427 0.000000
vt 0.388396 -0.328629 0.000000
vt 0.503459 -0.379551 0.000000
vt 0.392908 -0.311792 0.000000
vt 0.394427 -0.294427 0.000000
vt 0.540821 -0.356243 0.000000
vt 0.392908 -0.277062 0.000000
vt 0.580147 -0.336429 0.000000
vt 0.388396 -0.260225 0.000000
vt 0.381030 -0.244427 0.000000
vt 0.621112 -0.320273 0.000000
vt 0.371032 -0.230148 0.000000
vt 0.663376 -0.307908 0.000000
vt 0.358706 -0.217823 0.000000
vt 0.706590 -0.299438 0.000000
vt 0.344427 -0.207825 0.000000
vt 0.539024 0.747011 0.000000
vt 0.455739 0.723075 0.000000
vt 0.750394 -0.294932 0.000000
vt 0.623364 0.766911 0.000000
vt 0.708564 0.782729 0.000000
vt 0.794427 -0.294427 0.000000
vt 0.794427 0.794427 0.000000
vt 0.373703 0.695159 0.000000
vt 0.328629 -0.200458 0.000000
vt 0.293105 0.663326 0.000000
vt 0.214133 0.627652 0.000000
vt 0.311792 -0.195946 0.000000
vt 0.136969 0.588218 0.000000
vt 0.294427 -0.194427 0.000000
vt 0.061793 0.545116 0.000000
vt 0.277062 -0.195946 0.000000
vt -0.011222 0.498446 0.000000
vt 0.260225 -0.200458 0.000000
vt -0.081906 0.448315 0.000000
vt -0.150096 0.394841 0.000000
vt 0.244427 -0.207825 0.000000
vt -0.215633 0.338147 0.000000
vt 0.230148 -0.217823 0.000000
vt -0.278365 0.278365 0.000000
vt 0.217823 -0.230148 0.000000
vt -0.338147 0.215633 0.000000
vt 0.207825 -0.244427 0.000000
vt -0.394841 0.150096 0.000000
vt 0.200458 -0.260225 0.000000
vt -0.448315 0.081906 0.000000
vt -0.498446 0.011222 0.000000
vt 0.195946 -0.277062 0.000000
vt -0.545116 -0.061793 0.000000
vt 0.194427 -0.294427 0.000000
vt -0.588218 -0.136969 0.000000
vt 0.195946 -0.311792 0.000000
vt -0.627652 -0.214133 0.000000
vt 0.200458 -0.328629 0.000000
vt -0.663326 -0.293105 0.000000
vt -0.695159 -0.373703 0.000000
vt -0.723075 -0.455739 0.000000
vt -9.350000 -0.017453 0.000000
vt -9.083333 -0.017453 0.000000
vt -9.350000 0.000000 0.000000
vt -9.083333 0.000000 0.000000
vt -9.350000 0.017453 0.000000
vt -9.083333 0.017453 0.000000
vt -9.350000 0.034907 0.000000
vt -9.083333 0.034907 0.000000
vt -9.350000 0.052360 0.000000
vt -9.083333 0.052360 0.000000
vt -9.350000 0.069813 0.000000
vt -9.083333 0.069813 0.000000
vt -9.350000 0.087266 0.000000
vt -9.083333 0.087266 0.000000
vt -9.350000 0.104720 0.000000
vt -9.083333 0.104720 0.000000
vt -9.350000 0.122173 0.000000
vt -9.083333 0.122173 0.000000
vt -9.350000 0.139626 0.000000
vt -9.083333 0.139626 0.000000
vt -9.350000 0.157080 0.000000
vt -9.083333 0.157080 0.000000
vt -9.350000 0.174533 0.000000
vt -9.083333 0.174533 0.000000
vt -9.350000 0.191986 0.000000
vt -9.083333 0.191986 0.000000
vt -9.350000 0.209440 0.000000
vt -9.083333 0.209440 0.000000
vt -9.350000 0.226893 0.000000
vt -9.083333 0.226893 0.000000
vt -9.350000 0.244346 0.000000
vt -9.083333 0.244346 0.000000
vt -9.350000 0.261799 0.000000
vt -9.083333 0.261799 0.000000
vt -9.350000 0.279253 0.000000
vt -9.083333 0.279253 0.000000
vt -9.350000 0.296706 0.000000
vt -9.083333 0.296706 0.000000
vt -9.350000 0.314159 0.000000
vt -9.083333 0.314159 0.000000
vt -9.350000 -0.314159 0.000000
vt -9.083333 -0.314159 0.000000
vt -9.350000 -0.296706 0.000000
vt -9.083333 -0.296706 0.000000
vt -9.350000 -0.279253 0.000000
vt -9.083333 -0.279253 0.000000
vt -9.350000 -0.261799 0.000000
vt -9.083333 -0.261799 0.000000
vt -9.350000 -0.244346 0.000000
vt -9.083333 -0.244346 0.000000
vt -9.350000 -0.226893 0.000000
vt -9.083333 -0.226893 0.000000
vt -9.350000 -0.209440 0.000000
vt -9.083333 -0.209440 0.000000
vt -9.350000 -0.191986 0.000000
vt -9.083333 -0.191986 0.000000
vt -9.350000 -0.174533 0.000000
vt -9.083333 -0.174533 0.000000
vt -9.350000 -0.157080 0.000000
vt -9.083333 -0.157080 0.000000
vt -9.350000 -0.139626 0.000000
vt -9.083333 -0.139626 0.000000
vt -9.350000 -0.122173 0.000000
vt -9.083333 -0.122173 0.000000
vt -9.350000 -0.104720 0.000000
vt -9.083333 -0.104720 0.000000
vt -9.350000 -0.087266 0.000000
vt -9.083333 -0.087266 0.000000
vt -9.350000 -0.069813 0.000000
vt -9.083333 -0.069813 0.000000
vt -9.350000 -0.052360 0.000000
vt -9.083333 -0.052360 0.000000
vt -9.350000 -0.034907 0.000000
vt -9.083333 -0.034907 0.000000
vt -8.550000 0.017453 0.000000
vt -8.816667 0.017453 0.000000
vt -8.550000 0.000000 0.000000
vt -8.816667 0.000000 0.000000
vt -8.550000 -0.017453 0.000000
vt -8.816667 -0.017453 0.000000
vt -8.550000 -0.034907 0.000000
vt -8.816667 -0.034907 0.000000
vt -8.550000 -0.052360 0.000000
vt -8.816667 -0.052360 0.000000
vt -8.550000 -0.069813 0.000000
vt -8.816667 -0.069813 0.000000
vt -8.550000 -0.087266 0.000000
vt -8.816667 -0.087266 0.000000
vt -8.550000 -0.104720 0.000000
vt -8.816667 -0.104720 0.000000
vt -8.550000 -0.122173 0.000000
vt -8.816667 -0.122173 0.000000
vt -8.550000 -0.139626 0.000000
vt -8.816667 -0.139626 0.000000
vt -8.550000 -0.157080 0.000000
vt -8.816667 -0.157080 0.000000
vt -8.550000 -0.174533 0.000000
vt -8.816667 -0.174533 0.000000
vt -8.550000 -0.191986 0.000000
vt -8.816667 -0.191986 0.000000
vt -8.550000 -0.209440 0.000000
vt -8.816667 -0.209440 0.000000
vt -8.550000 -0.226893 0.000000
vt -8.816667 -0.226893 0.000000
vt -8.550000 -0.244346 0.000000
vt -8.816667 -0.244346 0.000000
vt -8.550000 -0.261799 0.000000
vt -8.816667 -0.261799 0.000000
vt -8.550000 -0.279253 0.000000
vt -8.816667 -0.279253 0.000000
vt -8.550000 -0.296706 0.000000
vt -8.816667 -0.296706 0.000000
vt -8.550000 -0.314159 0.000000
vt -8.816667 -0.314159 0.000000
vt -8.550000 0.314159 0.000000
vt -8.816667 0.314159 0.000000
vt -8.550000 0.296706 0.000000
vt -8.816667 0.296706 0.000000
vt -8.550000 0.279253 0.000000
vt -8.816667 0.279253 0.000000
vt -8.550000 0.261799 0.000000
vt -8.816667 0.261799 0.000000
vt -8.550000 0.244346 0.000000
vt -8.816667 0.244346 0.000000
vt -8.550000 0.226893 0.000000
vt -8.816667 0.226893 0.000000
vt -8.550000 0.209440 0.000000
vt -8.816667 0.209440 0.000000
vt -8.550000 0.191986 0.000000
vt -8.816667 0.191986 0.000000
vt -8.550000 0.174533 0.000000
vt -8.816667 0.174533 0.000000
vt -8.550000 0.157080 0.000000
vt -8.816667 0.157080 0.000000
vt -8.550000 0.139626 0.000000
vt -8.816667 0.139626 0.000000
vt -8.550000 0.122173 0.000000
vt -8.816667 0.122173 0.000000
vt -8.550000 0.104720 0.000000
vt -8.816667 0.104720 0.000000
vt -8.550000 0.087266 0.000000
vt -8.816667 0.087266 0.000000
vt -8.550000 0.069813 0.000000
vt -8.816667 0.069813 0.000000
vt -8.550000 0.052360 0.000000
vt -8.816667 0.052360 0.000000
vt -8.550000 0.034907 0.000000
vt -8.816667 0.034907 0.000000
vt 0.794427 -0.794427 0.000000
vt 0.782729 -0.708564 0.000000
vt -0.294427 -0.794427 0.000000
vt -0.294932 -0.750394 0.000000
vt 0.766911 -0.623364 0.000000
vt 0.747011 -0.539024 0.000000
vt 0.723075 -0.455739 0.000000
vt -0.207825 -0.344427 0.000000
vt -0.299438 -0.706590 0.000000
vt 0.695159 -0.373703 0.000000
vt -0.200458 -0.328629 0.000000
vt 0.663326 -0.293105 0.000000
vt 0.627652 -0.214133 0.000000
vt -0.195946 -0.311792 0.000000
vt 0.588218 -0.136969 0.000000
vt -0.194427 -0.294427 0.000000
vt 0.545116 -0.061793 0.000000
vt -0.195946 -0.277062 0.000000
vt 0.498446 0.011222 0.000000
vt -0.200458 -0.260225 0.000000
vt 0.448315 0.081906 0.000000
vt 0.394841 0.150096 0.000000
vt -0.207825 -0.244427 0.000000
vt 0.338147 0.215633 0.000000
vt -0.217823 -0.230148 0.000000
vt 0.278365 0.278365 0.000000
vt -0.230148 -0.217823 0.000000
vt 0.215633 0.338147 0.000000
vt -0.244427 -0.207825 0.000000
vt 0.150096 0.394841 0.000000
vt -0.260225 -0.200458 0.000000
vt 0.081906 0.448315 0.000000
vt 0.011222 0.498446 0.000000
vt -0.277062 -0.195946 0.000000
vt -0.061793 0.545116 0.000000
vt -0.294427 -0.194427 0.000000
vt -0.136969 0.588218 0.000000
vt -0.311792 -0.195946 0.000000
vt -0.214133 0.627652 0.000000
vt -0.328629 -0.200458 0.000000
vt -0.293105 0.663326 0.000000
vt -0.373703 0.695159 0.000000
vt -0.344427 -0.207825 0.000000
vt -0.455739 0.723075 0.000000
vt -0.539024 0.747011 0.000000
vt -0.623364 0.766911 0.000000
vt -0.750394 -0.294932 0.000000
vt -0.706590 -0.299438 0.000000
vt -0.358706 -0.217823 0.000000
vt -0.663376 -0.307908 0.000000
vt -0.371032 -0.230148 0.000000
vt -0.621112 -0.320273 0.000000
vt -0.381030 -0.244427 0.000000
vt -0.580147 -0.336429 0.000000
vt -0.388396 -0.260225 0.000000
vt -0.392908 -0.277062 0.000000
vt -0.540821 -0.356243 0.000000
vt -0.394427 -0.294427 0.000000
vt -0.503459 -0.379551 0.000000
vt -0.392908 -0.311792 0.000000
vt -0.388396 -0.328629 0.000000
vt -0.468371 -0.406160 0.000000
vt -0.381030 -0.344427 0.000000
vt -0.371032 -0.358706 0.000000
vt -0.435849 -0.435849 0.000000
vt -0.358706 -0.371032 0.000000
vt -0.406160 -0.468371 0.000000
vt -0.344427 -0.381030 0.000000
vt -0.328629 -0.388396 0.000000
vt -0.379551 -0.503459 0.000000
vt -0.311792 -0.392908 0.000000
vt -0.294427 -0.394427 0.000000
vt -0.356243 -0.540821 0.000000
vt -0.277062 -0.392908 0.000000
vt -0.336429 -0.580147 0.000000
vt -0.260225 -0.388396 0.000000
vt -0.244427 -0.381030 0.000000
vt -0.320273 -0.621112 0.000000
vt -0.230148 -0.371032 0.000000
vt -0.307908 -0.663376 0.000000
vt -0.217823 -0.358706 0.000000
vt -0.708564 0.782729 0.000000
vt -0.794427 -0.294427 0.000000
vt -0.794427 0.794427 0.000000
vt 0.000000 0.000000 0.000000
vt 1.088854 -0.000000 0.000000
vt 0.000000 0.450000 0.000000
vt 1.088854 0.450000 0.000000
vt -0.450000 0.200414 0.000000
vt 0.000000 0.200414 0.000000
vt -0.450000 0.287078 0.000000
vt 0.000000 0.287078 0.000000
vt 0.000000 0.373743 0.000000
vt -0.450000 0.373743 0.000000
vt 0.000000 0.460407 0.000000
vt -0.450000 0.460407 0.000000
vt 0.000000 0.547072 0.000000
vt -0.450000 0.547072 0.000000
vt 0.000000 0.633736 0.000000
vt -0.450000 0.633736 0.000000
vt 0.000000 0.720401 0.000000
vt -0.450000 0.720401 0.000000
vt 0.000000 0.807065 0.000000
vt -0.450000 0.807065 0.000000
vt 0.000000 0.893730 0.000000
vt -0.450000 0.893730 0.000000
vt 0.000000 0.980394 0.000000
vt -0.450000 0.980394 0.000000
vt 0.000000 1.067059 0.000000
vt -0.450000 1.067059 0.000000
vt 0.000000 1.153723 0.000000
vt -0.450000 1.153723 0.000000
vt 0.000000 1.240388 0.000000
vt -0.450000 1.240388 0.000000
vt 0.000000 1.327052 0.000000
vt -0.450000 1.327052 0.000000
vt 0.000000 1.413717 0.000000
vt -0.450000 1.413717 0.000000
vt 0.000000 1.500381 0.000000
vt -0.450000 1.500381 0.000000
vt 0.000000 1.587046 0.000000
vt -0.450000 1.587046 0.000000
vt 0.000000 1.673710 0.000000
vt -0.450000 1.673710 0.000000
vt 0.000000 1.760375 0.000000
vt -0.450000 1.760375 0.000000
vt 0.000000 1.847039 0.000000
vt -0.450000 1.847039 0.000000
vt 0.000000 1.933704 0.000000
vt -0.450000 1.933704 0.000000
vt 0.000000 2.020368 0.000000
vt -0.450000 2.020368 0.000000
vt 0.000000 2.107033 0.000000
vt -0.450000 2.107033 0.000000
vt 0.000000 2.193697 0.000000
vt -0.450000 2.193697 0.000000
vt 0.000000 2.280362 0.000000
vt -0.450000 2.280362 0.000000
vt 0.000000 2.367026 0.000000
vt -0.450000 2.367026 0.000000
vt 0.000000 2.453691 0.000000
vt -0.450000 2.453691 0.000000
vt 0.000000 2.540355 0.000000
vt -0.450000 2.540355 0.000000
vt -0.450000 2.627020 0.000000
vt 0.000000 2.627020 0.000000
vt 0.000000 0.000000 0.000000
vt 1.088854 0.000000 0.000000
vt 0.000000 0.450000 0.000000
vt 1.088854 0.450000 0.000000
vt 0.450000 -0.726988 0.000000
vt 0.000000 -0.726988 0.000000
vt 0.450000 -0.771039 0.000000
vt -0.000000 -0.771039 0.000000
vt -0.000000 -0.815090 0.000000
vt 0.450000 -0.815090 0.000000
vt -0.000000 -0.859141 0.000000
vt 0.450000 -0.859141 0.000000
vt -0.000000 -0.903192 0.000000
vt 0.450000 -0.903192 0.000000
vt -0.000000 -0.947243 0.000000
vt 0.450000 -0.947243 0.000000
vt -0.000000 -0.991294 0.000000
vt 0.450000 -0.991294 0.000000
vt -0.000000 -1.035345 0.000000
vt 0.450000 -1.035345 0.000000
vt -0.000000 -1.079396 0.000000
vt 0.450000 -1.079396 0.000000
vt -0.000000 -1.123447 0.000000
vt 0.450000 -1.123447 0.000000
vt -0.000000 -1.167498 0.000000
vt 0.450000 -1.167498 0.000000
vt -0.000000 -1.211549 0.000000
vt 0.450000 -1.211549 0.000000
vt -0.000000 -1.255600 0.000000
vt 0.450000 -1.255600 0.000000
vt -0.000000 -1.299651 0.000000
vt 0.450000 -1.299651 0.000000
vt -0.000000 -1.343702 0.000000
vt 0.450000 -1.343702 0.000000
vt -0.000000 -1.387753 0.000000
vt 0.450000 -1.387753 0.000000
vt -0.000000 -1.431804 0.000000
vt 0.450000 -1.431804 0.000000
vt -0.000000 -1.475855 0.000000
vt 0.450000 -1.475855 0.000000
vt 0.450000 -1.519906 0.000000
vt -0.000000 -1.519906 0.000000
vt -0.794427 -0.794427 0.000000
vt 0.294427 -0.794427 0.000000
vt -0.782729 -0.708564 0.000000
vt 0.294932 -0.750394 0.000000
vt -0.766911 -0.623364 0.000000
vt -0.747011 -0.539024 0.000000
vt 0.299438 -0.706590 0.000000
vt 0.207825 -0.344427 0.000000
vt 0.217823 -0.358706 0.000000
vt 0.307908 -0.663376 0.000000
vt 0.230148 -0.371032 0.000000
vt 0.320273 -0.621112 0.000000
vt 0.244427 -0.381030 0.000000
vt 0.336429 -0.580147 0.000000
vt 0.260225 -0.388396 0.000000
vt 0.277062 -0.392908 0.000000
vt 0.356243 -0.540821 0.000000
vt 0.294427 -0.394427 0.000000
vt 0.379551 -0.503459 0.000000
vt 0.311792 -0.392908 0.000000
vt 0.328629 -0.388396 0.000000
vt 0.406160 -0.468371 0.000000
vt 0.344427 -0.381030 0.000000
vt 0.358706 -0.371032 0.000000
vt 0.435849 -0.435849 0.000000
vt 0.371032 -0.358706 0.000000
vt 0.468371 -0.406160 0.000000
vt 0.381030 -0.344427 0.000000
vt 0.388396 -0.328629 0.000000
vt 0.503459 -0.379551 0.000000
vt 0.392908 -0.311792 0.000000
vt 0.394427 -0.294427 0.000000
vt 0.540821 -0.356243 0.000000
vt 0.392908 -0.277062 0.000000
vt 0.580147 -0.336429 0.000000
vt 0.388396 -0.260225 0.000000
vt 0.381030 -0.244427 0.000000
vt 0.621112 -0.320273 0.000000
vt 0.371032 -0.230148 0.000000
vt 0.663376 -0.307908 0.000000
vt 0.358706 -0.217823 0.000000
vt 0.706590 -0.299438 0.000000
vt 0.344427 -0.207825 0.000000
vt 0.539024 0.747011 0.000000
vt 0.455739 0.723075 0.000000
vt 0.750394 -0.294932 0.000000
vt 0.623364 0.766911 0.000000
vt 0.708564 0.782729 0.000000
vt 0.794427 -0.294427 0.000000
vt 0.794427 0.794427 0.000000
vt 0.373703 0.695159 0.000000
vt 0.328629 -0.200458 0.000000
vt 0.293105 0.663326 0.000000
vt 0.214133 0.627652 0.000000
vt 0.311792 -0.195946 0.000000
vt 0.136969 0.588218 0.000000
vt 0.294427 -0.194427 0.000000
vt 0.061793 0.545116 0.000000
vt 0.277062 -0.195946 0.000000
vt -0.011222 0.498446 0.000000
vt 0.260225 -0.200458 0.000000
vt -0.081906 0.448315 0.000000
vt -0.150096 0.394841 0.000000
vt 0.244427 -0.207825 0.000000
vt -0.215633 0.338147 0.000000
vt 0.230148 -0.217823 0.000000
vt -0.278365 0.278365 0.000000
vt 0.217823 -0.230148 0.000000
vt -0.338147 0.215633 0.000000
vt 0.207825 -0.244427 0.000000
vt -0.394841 0.150096 0.000000
vt 0.200458 -0.260225 0.000000
vt -0.448315 0.081906 0.000000
vt -0.498446 0.011222 0.000000
vt 0.195946 -0.277062 0.000000
vt -0.545116 -0.061793 0.000000
vt 0.194427 -0.294427 0.000000
vt -0.588218 -0.136969 0.000000
vt 0.195946 -0.311792 0.000000
vt -0.627652 -0.214133 0.000000
vt 0.200458 -0.328629 0.000000
vt -0.663326 -0.293105 0.000000
vt -0.695159 -0.373703 0.000000
vt -0.723075 -0.455739 0.000000
vt -10.600000 -0.017453 0.000000
vt -10.333333 -0.017453 0.000000
vt -10.600000 0.000000 0.000000
vt -10.333333 0.000000 0.000000
vt -10.600000 0.017453 0.000000
vt -10.333333 0.017453 0.000000
vt -10.600000 0.034907 0.000000
vt -10.333333 0.034907 0.000000
vt -10.600000 0.052360 0.000000
vt -10.333333 0.052360 0.000000
vt -10.600000 0.069813 0.000000
vt -10.333333 0.069813 0.000000
vt -10.600000 0.087266 0.000000
vt -10.333333 0.087266 0.000000
vt -10.600000 0.104720 0.000000
vt -10.333333 0.104720 0.000000
vt -10.600000 0.122173 0.000000
vt -10.333333 0.122173 0.000000
vt -10.600000 0.139626 0.000000
vt -10.333333 0.139626 0.000000
vt -10.600000 0.157080 0.000000
vt -10.333333 0.157080 0.000000
vt -10.600000 0.174533 0.000000
vt -10.333333 0.174533 0.000000
vt -10.600000 0.191986 0.000000
vt -10.333333 0.191986 0.000000
vt -10.600000 0.209440 0.000000
vt -10.333333 0.209440 0.000000
vt -10.600000 0.226893 0.000000
vt -10.333333 0.226893 0.000000
vt -10.600000 0.244346 0.000000
vt -10.333333 0.244346 0.000000
vt -10.600000 0.261799 0.000000
vt -10.333333 0.261799 0.000000
vt -10.600000 0.279253 0.000000
vt -10.333333 0.279253 0.000000
vt -10.600000 0.296706 0.000000
vt -10.333333 0.296706 0.000000
vt -10.600000 0.314159 0.000000
vt -10.333333 0.314159 0.000000
vt -10.600000 -0.314159 0.000000
vt -10.333333 -0.314159 0.000000
vt -10.600000 -0.296706 0.000000
vt -10.333333 -0.296706 0.000000
vt -10.600000 -0.279253 0.000000
vt -10.333333 -0.279253 0.000000
vt -10.600000 -0.261799 0.000000
vt -10.333333 -0.261799 0.000000
vt -10.600000 -0.244346 0.000000
vt -10.333333 -0.244346 0.000000
vt -10.600000 -0.226893 0.000000
vt -10.333333 -0.226893 0.000000
vt -10.600000 -0.209440 0.000000
vt -10.333333 -0.209440 0.000000
vt -10.600000 -0.191986 0.000000
vt -10.333333 -0.191986 0.000000
vt -10.600000 -0.174533 0.000000
vt -10.333333 -0.174533 0.000000
vt -10.600000 -0.157080 0.000000
vt -10.333333 -0.157080 0.000000
vt -10.600000 -0.139626 0.000000
vt -10.333333 -0.139626 0.000000
vt -10.600000 -0.122173 0.000000
vt -10.333333 -0.122173 0.000000
vt -10.600000 -0.104720 0.000000
vt -10.333333 -0.104720 0.000000
vt -10.600000 -0.087266 0.000000
vt -10.333333 -0.087266 0.000000
vt -10.600000 -0.069813 0.000000
vt -10.333333 -0.069813 0.000000
vt -10.600000 -0.052360 0.000000
vt -10.333333 -0.052360 0.000000
vt -10.600000 -0.034907 0.000000
vt -10.333333 -0.034907 0.000000
vt -9.800000 0.017453 0.000000
vt -10.066667 0.017453 0.000000
vt -9.800000 0.000000 0.000000
vt -10.066667 0.000000 0.000000
vt -9.800000 -0.017453 0.000000
vt -10.066667 -0.017453 0.000000
vt -9.800000 -0.034907 0.000000
vt -10.066667 -0.034907 0.000000
vt -9.800000 -0.052360 0.000000
vt -10.066667 -0.052360 0.000000
vt -9.800000 -0.069813 0.000000
vt -10.066667 -0.069813 0.000000
vt -9.800000 -0.087266 0.000000
vt -10.066667 -0.087266 0.000000
vt -9.800000 -0.104720 0.000000
vt -10.066667 -0.104720 0.000000
vt -9.800000 -0.122173 0.000000
vt -10.066667 -0.122173 0.000000
vt -9.800000 -0.139626 0.000000
vt -10.066667 -0.139626 0.000000
vt -9.800000 -0.157080 0.000000
vt -10.066667 -0.157080 0.000000
vt -9.800000 -0.174533 0.000000
vt -10.066667 -0.174533 0.000000
vt -9.800000 -0.191986 0.000000
vt -10.066667 -0.191986 0.000000
vt -9.800000 -0.209440 0.000000
vt -10.066667 -0.209440 0.000000
vt -9.800000 -0.226893 0.000000
vt -10.066667 -0.226893 0.000000
vt -9.800000 -0.244346 0.000000
vt -10.066667 -0.244346 0.000000
vt -9.800000 -0.261799 0.000000
vt -10.066667 -0.261799 0.000000
vt -9.800000 -0.279253 0.000000
vt -10.066667 -0.279253 0.000000
vt -9.800000 -0.296706 0.000000
vt -10.066667 -0.296706 0.000000
vt -9.800000 -0.314159 0.000000
vt -10.066667 -0.314159 0.000000
vt -9.800000 0.314159 0.000000
vt -10.066667 0.314159 0.000000
vt -9.800000 0.296706 0.000000
vt -10.066667 0.296706 0.000000
vt -9.800000 0.279253 0.000000
vt -10.066667 0.279253 0.000000
vt -9.800000 0.261799 0.000000
vt -10.066667 0.261799 0.000000
vt -9.800000 0.244346 0.000000
vt -10.066667 0.244346 0.000000
vt -9.800000 0.226893 0.000000
vt -10.066667 0.226893 0.000000
vt -9.800000 0.209440 0.000000
vt -10.066667 0.209440 0.000000
vt -9.800000 0.191986 0.000000
vt -10.066667 0.191986 0.000000
vt -9.800000 0.174533 0.000000
vt -10.066667 0.174533 0.000000
vt -9.800000 0.157080 0.000000
vt -10.066667 0.157080 0.000000
vt -9.800000 0.139626 0.000000
vt -10.066667 0.139626 0.000000
vt -9.800000 0.122173 0.000000
vt -10.066667 0.122173 0.000000
vt -9.800000 0.104720 0.000000
vt -10.066667 0.104720 0.000000
vt -9.800000 0.087266 0.000000
vt -10.066667 0.087266 0.000000
vt -9.800000 0.069813 0.000000
vt -10.066667 0.069813 0.000000
vt -9.800000 0.052360 0.000000
vt -10.066667 0.052360 0.000000
vt -9.800000 0.034907 0.000000
vt -10.066667 0.034907 0.000000
vt 0.794427 -0.794427 0.000000
vt 0.782729 -0.708564 0.000000
vt -0.294427 -0.794427 0.000000
vt -0.294932 -0.750394 0.000000
vt 0.766911 -0.623364 0.000000
vt 0.747011 -0.539024 0.000000
vt 0.723075 -0.455739 0.000000
vt -0.207825 -0.344427 0.000000
vt -0.299438 -0.706590 0.000000
vt 0.695159 -0.373703 0.000000
vt -0.200458 -0.328629 0.000000
vt 0.663326 -0.293105 0.000000
vt 0.627652 -0.214133 0.000000
vt -0.195946 -0.311792 0.000000
vt 0.588218 -0.136969 0.000000
vt -0.194427 -0.294427 0.000000
vt 0.545116 -0.061793 0.000000
vt -0.195946 -0.277062 0.000000
vt 0.498446 0.011222 0.000000
vt -0.200458 -0.260225 0.000000
vt 0.448315 0.081906 0.000000
vt 0.394841 0.150096 0.000000
vt -0.207825 -0.244427 0.000000
vt 0.338147 0.215633 0.000000
vt -0.217823 -0.230148 0.000000
vt 0.278365 0.278365 0.000000
vt -0.230148 -0.217823 0.000000
vt 0.215633 0.338147 0.000000
vt -0.244427 -0.207825 0.000000
vt 0.150096 0.394841 0.000000
vt -0.260225 -0.200458 0.000000
vt 0.081906 0.448315 0.000000
vt 0.011222 0.498446 0.000000
vt -0.277062 -0.195946 0.000000
vt -0.061793 0.545116 0.000000
vt -0.294427 -0.194427 0.000000
vt -0.136969 0.588218 0.000000
vt -0.311792 -0.195946 0.000000
vt -0.214133 0.627652 0.000000
vt -0.328629 -0.200458 0.000000
vt -0.293105 0.663326 0.000000
vt -0.373703 0.695159 0.000000
vt -0.344427 -0.207825 0.000000
vt -0.455739 0.723075 0.000000
vt -0.539024 0.747011 0.000000
vt -0.623364 0.766911 0.000000
vt -0.750394 -0.294932 0.000000
vt -0.706590 -0.299438 0.000000
vt -0.358706 -0.217823 0.000000
vt -0.663376 -0.307908 0.000000
vt -0.371032 -0.230148 0.000000
vt -0.621112 -0.320273 0.000000
vt -0.381030 -0.244427 0.000000
vt -0.580147 -0.336429 0.000000
vt -0.388396 -0.260225 0.000000
vt -0.392908 -0.277062 0.000000
vt -0.540821 -0.356243 0.000000
vt -0.394427 -0.294427 0.000000
vt -0.503459 -0.379551 0.000000
vt -0.392908 -0.311792 0.000000
vt -0.388396 -0.328629 0.000000
vt -0.468371 -0.406160 0.000000
vt -0.381030 -0.344427 0.000000
vt -0.371032 -0.358706 0.000000
vt -0.435849 -0.435849 0.000000
vt -0.358706 -0.371032 0.000000
vt -0.406160 -0.468371 0.000000
vt -0.344427 -0.381030 0.000000
vt -0.328629 -0.388396 0.000000
vt -0.379551 -0.503459 0.000000
vt -0.311792 -0.392908 0.000000
vt -0.294427 -0.394427 0.000000
vt -0.356243 -0.540821 0.000000
vt -0.277062 -0.392908 0.000000
vt -0.336429 -0.580147 0.000000
vt -0.260225 -0.388396 0.000000
vt -0.244427 -0.381030 0.000000
vt -0.320273 -0.621112 0.000000
vt -0.230148 -0.371032 0.000000
vt -0.307908 -0.663376 0.000000
vt -0.217823 -0.358706 0.000000
vt -0.708564 0.782729 0.000000
vt -0.794427 -0.294427 0.000000
vt -0.794427 0.794427 0.000000
vt -0.000000 0.000000 0.000000
vt 1.088854 -0.000000 0.000000
vt -0.000000 0.450000 0.000000
vt 1.088854 0.450000 0.000000
vt -0.450000 -2.627020 0.000000
vt -0.000000 -2.627020 0.000000
vt -0.450000 -2.540355 0.000000
vt -0.000000 -2.540355 0.000000
vt -0.000000 -2.453691 0.000000
vt -0.450000 -2.453691 0.000000
vt -0.000000 -2.367026 0.000000
vt -0.450000 -2.367026 0.000000
vt -0.000000 -2.280362 0.000000
vt -0.450000 -2.280362 0.000000
vt -0.000000 -2.193697 0.000000
vt -0.450000 -2.193697 0.000000
vt -0.000000 -2.107033 0.000000
vt -0.450000 -2.107033 0.000000
vt -0.000000 -2.020368 0.000000
vt -0.450000 -2.020368 0.000000
vt -0.000000 -1.933704 0.000000
vt -0.450000 -1.933704 0.000000
vt -0.000000 -1.847039 0.000000
vt -0.450000 -1.847039 0.000000
vt -0.000000 -1.760375 0.000000
vt -0.450000 -1.760375 0.000000
vt -0.000000 -1.673710 0.000000
vt -0.450000 -1.673710 0.000000
vt -0.000000 -1.587046 0.000000
vt -0.450000 -1.587046 0.000000
vt -0.000000 -1.500381 0.000000
vt -0.450000 -1.500381 0.000000
vt -0.000000 -1.413717 0.000000
vt -0.450000 -1.413717 0.000000
vt -0.000000 -1.327052 0.000000
vt -0.450000 -1.327052 0.000000
vt -0.000000 -1.240388 0.000000
vt -0.450000 -1.240388 0.000000
vt -0.000000 -1.153723 0.000000
vt -0.450000 -1.153723 0.000000
vt -0.000000 -1.067059 0.000000
vt -0.450000 -1.067059 0.000000
vt -0.000000 -0.980394 0.000000
vt -0.450000 -0.980394 0.000000
vt -0.000000 -0.893730 0.000000
vt -0.450000 -0.893730 0.000000
vt -0.000000 -0.807065 0.000000
vt -0.450000 -0.807065 0.000000
vt -0.000000 -0.720401 0.000000
vt -0.450000 -0.720401 0.000000
vt -0.000000 -0.633736 0.000000
vt -0.450000 -0.633736 0.000000
vt -0.000000 -0.547072 0.000000
vt -0.450000 -0.547072 0.000000
vt -0.000000 -0.460407 0.000000
vt -0.450000 -0.460407 0.000000
vt -0.000000 -0.373743 0.000000
vt -0.450000 -0.373743 0.000000
vt -0.000000 -0.287078 0.000000
vt -0.450000 -0.287078 0.000000
vt -0.450000 -0.200414 0.000000
vt -0.000000 -0.200414 0.000000
vt 0.000000 0.000000 0.000000
vt 1.088854 0.000000 0.000000
vt 0.000000 0.450000 0.000000
vt 1.088854 0.450000 0.000000
vt 0.450000 -1.519906 0.000000
vt 0.000000 -1.519906 0.000000
vt 0.450000 -1.563957 0.000000
vt 0.000000 -1.563957 0.000000
vt 0.000000 -1.608009 0.000000
vt 0.450000 -1.608009 0.000000
vt 0.000000 -1.652060 0.000000
vt 0.450000 -1.652060 0.000000
vt 0.000000 -1.696111 0.000000
vt 0.450000 -1.696111 0.000000
vt 0.000000 -1.740162 0.000000
vt 0.450000 -1.740162 0.000000
vt 0.000000 -1.784213 0.000000
vt 0.450000 -1.784213 0.000000
vt 0.000000 -1.828264 0.000000
vt 0.450000 -1.828264 0.000000
vt 0.000000 -1.872315 0.000000
vt 0.450000 -1.872315 0.000000
vt 0.000000 -1.916366 0.000000
vt 0.450000 -1.916366 0.000000
vt 0.000000 -1.960417 0.000000
vt 0.450000 -1.960417 0.000000
vt 0.000000 -2.004468 0.000000
vt 0.450000 -2.004468 0.000000
vt 0.000000 -2.048519 0.000000
vt 0.450000 -2.048519 0.000000
vt 0.000000 -2.092570 0.000000
vt 0.450000 -2.092570 0.000000
vt 0.000000 -2.136621 0.000000
vt 0.450000 -2.136621 0.000000
vt 0.000000 -2.180672 0.000000
vt 0.450000 -2.180672 0.000000
vt 0.000000 -2.224723 0.000000
vt 0.450000 -2.224723 0.000000
vt 0.000000 -2.268774 0.000000
vt 0.450000 -2.268774 0.000000
vt 0.450000 -2.312825 0.000000
vt -0.000000 -2.312825 0.000000
vt 0.294427 -0.794427 0.000000
vt 0.294932 -0.750394 0.000000
vt -0.794427 -0.794427 0.000000
vt -0.782729 -0.708564 0.000000
vt 0.299438 -0.706590 0.000000
vt 0.307908 -0.663376 0.000000
vt -0.766911 -0.623364 0.000000
vt 0.320273 -0.621112 0.000000
vt 0.336429 -0.580147 0.000000
vt 0.356243 -0.540821 0.000000
vt -0.747011 -0.539024 0.000000
vt 0.379551 -0.503459 0.000000
vt -0.723075 -0.455739 0.000000
vt -0.695159 -0.373703 0.000000
vt -0.663326 -0.293105 0.000000
vt -0.627652 -0.214133 0.000000
vt -0.588218 -0.136969 0.000000
vt -0.545116 -0.061793 0.000000
vt -0.498446 0.011222 0.000000
vt -0.448315 0.081906 0.000000
vt -0.394841 0.150096 0.000000
vt 0.406160 -0.468371 0.000000
vt -0.338147 0.215633 0.000000
vt 0.435849 -0.435849 0.000000
vt -0.278365 0.278365 0.000000
vt -0.215633 0.338147 0.000000
vt 0.468371 -0.406160 0.000000
vt -0.150096 0.394841 0.000000
vt 0.503459 -0.379551 0.000000
vt -0.081906 0.448315 0.000000
vt -0.011222 0.498446 0.000000
vt 0.540821 -0.356243 0.000000
vt 0.061793 0.545116 0.000000
vt 0.580147 -0.336429 0.000000
vt 0.136969 0.588218 0.000000
vt 0.214133 0.627652 0.000000
vt 0.621112 -0.320273 0.000000
vt 0.293105 0.663326 0.000000
vt 0.663376 -0.307908 0.000000
vt 0.373703 0.695159 0.000000
vt 0.455739 0.723075 0.000000
vt 0.706590 -0.299438 0.000000
vt 0.539024 0.747011 0.000000
vt 0.750394 -0.294932 0.000000
vt 0.623364 0.766911 0.000000
vt 0.708564 0.782729 0.000000
vt 0.794427 -0.294427 0.000000
vt 0.794427 0.794427 0.000000
vn -0.100000 0.000000 -0.000000
vn -0.100000 0.000000 -0.000000
vn -0.100000 0.000000 -0.000000
vn -0.100000 0.000000 -0.000000
vn -0.100000 0.000000 -0.000000
vn -0.100000 0.000000 -0.000000
vn -0.100000 0.000000 -0.000000
vn -0.100000 0.000000 -0.000000
vn -0.100000 0.000000 -0.000000
vn -0.100000 0.000000 -0.000000
vn -0.100000 0.000000 -0.000000
vn -0.100000 0.000000 -0.000000
vn -0.100000 0.000000 -0.000000
vn -0.100000 0.000000 -0.000000
vn -0.100000 0.000000 -0.000000
vn -0.100000 0.000000 -0.000000
vn -0.100000 0.000000 -0.000000
vn -0.100000 0.000000 -0.000000
vn -0.100000 0.000000 -0.000000
vn -0.100000 0.000000 -0.000000
vn -0.100000 0.000000 -0.000000
vn -0.100000 0.000000 -0.000000
vn -0.100000 0.000000 -0.000000
vn -0.100000 0.000000 -0.000000
vn -0.100000 0.000000 -0.000000
vn -0.100000 0.000000 -0.000000
vn -0.100000 0.000000 -0.000000
vn -0.100000 0.000000 -0.000000
vn -0.100000 0.000000 -0.000000
vn -0.100000 0.000000 -0.000000
vn -0.100000 0.000000 -0.000000
vn -0.100000 0.000000 -0.000000
vn -0.100000 0.000000 -0.000000
vn -0.100000 0.000000 -0.000000
vn -0.100000 0.000000 -0.000000
vn -0.100000 0.000000 -0.000000
vn -0.100000 0.000000 -0.000000
vn -0.100000 0.000000 -0.000000
vn -0.100000 0.000000 -0.000000
vn -0.100000 0.000000 -0.000000
vn -0.100000 0.000000 -0.000000
vn -0.100000 0.000000 -0.000000
vn -0.100000 0.000000 -0.000000
vn -0.100000 0.000000 -0.000000
vn -0.100000 0.000000 -0.000000
vn -0.100000 0.000000 -0.000000
vn -0.100000 0.000000 -0.000000
vn -0.100000 0.000000 -0.000000
vn -0.100000 0.000000 -0.000000
vn -0.100000 0.000000 -0.000000
vn -0.100000 0.000000 -0.000000
vn -0.100000 0.000000 -0.000000
vn -0.100000 0.000000 -0.000000
vn -0.100000 0.000000 -0.000000
vn -0.100000 0.000000 -0.000000
vn -0.100000 0.000000 -0.000000
vn -0.100000 0.000000 -0.000000
vn -0.100000 0.000000 -0.000000
vn -0.100000 0.000000 -0.000000
vn -0.100000 0.000000 -0.000000
vn -0.100000 0.000000 -0.000000
vn -0.100000 0.000000 -0.000000
vn -0.100000 0.000000 -0.000000
vn -0.100000 0.000000 -0.000000
vn -0.100000 0.000000 -0.000000
vn -0.100000 0.000000 -0.000000
vn -0.100000 0.000000 -0.000000
vn -0.100000 0.000000 -0.000000
vn -0.100000 0.000000 -0.000000
vn -0.100000 0.000000 -0.000000
vn -0.100000 0.000000 -0.000000
vn -0.100000 0.000000 -0.000000
vn -0.100000 0.000000 -0.000000
vn -0.100000 0.000000 -0.000000
vn -0.100000 0.000000 -0.000000
vn -0.100000 0.000000 -0.000000
vn -0.100000 0.000000 -0.000000
vn -0.100000 0.000000 -0.000000
vn -0.100000 0.000000 -0.000000
vn -0.100000 0.000000 -0.000000
vn -0.100000 0.000000 -0.000000
vn -0.100000 0.000000 -0.000000
vn -0.100000 0.000000 -0.000000
vn -0.100000 0.000000 -0.000000
vn -0.000000 0.000000 0.100000
vn -0.000000 0.000000 0.100000
vn -0.000000 0.000000 0.100000
vn -0.000000 0.000000 0.100000
vn -0.000000 -0.003406 0.099942
vn -0.000000 -0.003406 0.099942
vn -0.000000 0.005695 0.099838
vn -0.000000 0.005695 0.099838
vn -0.000000 0.014749 0.098906
vn -0.000000 0.014749 0.098906
vn -0.000000 0.023682 0.097155
vn -0.000000 0.023682 0.097155
vn -0.000000 0.032417 0.094600
vn -0.000000 0.032417 0.094600
vn -0.000000 0.040885 0.091260
vn -0.000000 0.040885 0.091260
vn -0.000000 0.049013 0.087165
vn -0.000000 0.049013 0.087165
vn -0.000000 0.056736 0.082347
vn -0.000000 0.056736 0.082347
vn -0.000000 0.063988 0.076847
vn -0.000000 0.063988 0.076847
vn -0.000000 0.070711 0.070711
vn -0.000000 0.070711 0.070711
vn -0.000000 0.076847 0.063988
vn -0.000000 0.076847 0.063988
vn -0.000000 0.082347 0.056736
vn -0.000000 0.082347 0.056736
vn -0.000000 0.087165 0.049013
vn -0.000000 0.087165 0.049013
vn -0.000000 0.091260 0.040885
vn -0.000000 0.091260 0.040885
vn -0.000000 0.094600 0.032417
vn -0.000000 0.094600 0.032417
vn -0.000000 0.097155 0.023682
vn -0.000000 0.097155 0.023682
vn -0.000000 0.098906 0.014749
vn -0.000000 0.098906 0.014749
vn -0.000000 0.099838 0.005695
vn -0.000000 0.099838 0.005695
vn 0.000000 0.099942 -0.003406
vn 0.000000 0.099942 -0.003406
vn 0.000000 0.100000 0.000000
vn 0.000000 0.100000 0.000000
vn 0.000000 0.100000 0.000000
vn 0.000000 0.100000 0.000000
vn 0.000000 -0.099381 -0.011111
vn 0.000000 -0.099381 -0.011111
vn 0.000000 -0.098731 -0.015881
vn 0.000000 -0.098731 -0.015881
vn 0.000000 -0.097852 -0.020615
vn 0.000000 -0.097852 -0.020615
vn 0.000000 -0.096747 -0.025300
vn 0.000000 -0.096747 -0.025300
vn 0.000000 -0.095417 -0.029927
vn 0.000000 -0.095417 -0.029927
vn 0.000000 -0.093866 -0.034485
vn 0.000000 -0.093866 -0.034485
vn 0.000000 -0.092097 -0.038962
vn 0.000000 -0.092097 -0.038962
vn 0.000000 -0.090116 -0.043350
vn 0.000000 -0.090116 -0.043350
vn 0.000000 -0.087925 -0.047637
vn 0.000000 -0.087925 -0.047637
vn 0.000000 -0.085530 -0.051813
vn 0.000000 -0.085530 -0.051813
vn 0.000000 -0.082937 -0.055869
vn 0.000000 -0.082937 -0.055869
vn 0.000000 -0.080152 -0.059796
vn 0.000000 -0.080152 -0.059796
vn 0.000000 -0.077182 -0.063585
vn 0.000000 -0.077182 -0.063585
vn 0.000000 -0.074032 -0.067226
vn 0.000000 -0.074032 -0.067226
vn 0.000000 -0.070711 -0.070711
vn 0.000000 -0.070711 -0.070711
vn 0.000000 -0.067226 -0.074032
vn 0.000000 -0.067226 -0.074032
vn 0.000000 -0.063585 -0.077182
vn 0.000000 -0.063585 -0.077182
vn 0.000000 -0.059796 -0.080152
vn 0.000000 -0.059796 -0.080152
vn 0.000000 -0.055869 -0.082937
vn 0.000000 -0.055869 -0.082937
vn 0.000000 -0.051813 -0.085530
vn 0.000000 -0.051813 -0.085530
vn 0.000000 -0.047637 -0.087925
vn 0.000000 -0.047637 -0.087925
vn 0.000000 -0.043350 -0.090116
vn 0.000000 -0.043350 -0.090116
vn 0.000000 -0.038962 -0.092097
vn 0.000000 -0.038962 -0.092097
vn 0.000000 -0.034485 -0.093866
vn 0.000000 -0.034485 -0.093866
vn 0.000000 -0.029927 -0.095417
vn 0.000000 -0.029927 -0.095417
vn 0.000000 -0.025300 -0.096747
vn 0.000000 -0.025300 -0.096747
vn 0.000000 -0.020615 -0.097852
vn 0.000000 -0.020615 -0.097852
vn 0.000000 -0.015881 -0.098731
vn 0.000000 -0.015881 -0.098731
vn 0.000000 -0.011111 -0.099381
vn 0.000000 -0.011111 -0.099381
vn 0.000000 -0.017365 -0.098481
vn 0.000000 -0.017365 -0.098481
vn 0.000000 0.000000 -0.100000
vn 0.000000 0.000000 -0.100000
vn 0.000000 0.017365 -0.098481
vn 0.000000 0.017365 -0.098481
vn 0.000000 0.034202 -0.093969
vn 0.000000 0.034202 -0.093969
vn 0.000000 0.050000 -0.086603
vn 0.000000 0.050000 -0.086603
vn 0.000000 0.064279 -0.076604
vn 0.000000 0.064279 -0.076604
vn 0.000000 0.076604 -0.064279
vn 0.000000 0.076604 -0.064279
vn 0.000000 0.086603 -0.050000
vn 0.000000 0.086603 -0.050000
vn 0.000000 0.093969 -0.034202
vn 0.000000 0.093969 -0.034202
vn 0.000000 0.098481 -0.017365
vn 0.000000 0.098481 -0.017365
vn -0.000000 0.100000 0.000000
vn 0.000000 0.100000 -0.000000
vn -0.000000 0.098481 0.017365
vn -0.000000 0.098481 0.017365
vn -0.000000 0.093969 0.034202
vn -0.000000 0.093969 0.034202
vn -0.000000 0.086603 0.050000
vn -0.000000 0.086603 0.050000
vn -0.000000 0.076604 0.064279
vn -0.000000 0.076604 0.064279
vn -0.000000 0.064279 0.076604
vn -0.000000 0.064279 0.076604
vn -0.000000 0.050000 0.086603
vn -0.000000 0.050000 0.086603
vn -0.000000 0.034202 0.093969
vn -0.000000 0.034202 0.093969
vn -0.000000 0.017365 0.098481
vn -0.000000 0.017365 0.098481
vn -0.000000 0.000000 0.100000
vn -0.000000 0.000000 0.100000
vn -0.000000 -0.017365 0.098481
vn -0.000000 -0.017365 0.098481
vn -0.000000 -0.034202 0.093969
vn -0.000000 -0.034202 0.093969
vn -0.000000 -0.050000 0.086603
vn -0.000000 -0.050000 0.086603
vn -0.000000 -0.064279 0.076604
vn -0.000000 -0.064279 0.076604
vn -0.000000 -0.076604 0.064279
vn -0.000000 -0.076604 0.064279
vn -0.000000 -0.086603 0.050000
vn -0.000000 -0.086603 0.050000
vn -0.000000 -0.093969 0.034202
vn -0.000000 -0.093969 0.034202
vn -0.000000 -0.098481 0.017365
vn -0.000000 -0.098481 0.017365
vn -0.000000 -0.100000 0.000000
vn 0.000000 -0.100000 -0.000000
vn 0.000000 -0.098481 -0.017365
vn 0.000000 -0.098481 -0.017365
vn 0.000000 -0.093969 -0.034202
vn 0.000000 -0.093969 -0.034202
vn 0.000000 -0.086603 -0.050000
vn 0.000000 -0.086603 -0.050000
vn 0.000000 -0.076604 -0.064279
vn 0.000000 -0.076604 -0.064279
vn 0.000000 -0.064279 -0.076604
vn 0.000000 -0.064279 -0.076604
vn 0.000000 -0.050000 -0.086603
vn 0.000000 -0.050000 -0.086603
vn 0.000000 -0.034202 -0.093969
vn 0.000000 -0.034202 -0.093969
vn 0.000000 0.017365 -0.098481
vn 0.000000 0.017365 -0.098481
vn 0.000000 0.000000 -0.100000
vn 0.000000 0.000000 -0.100000
vn 0.000000 -0.017365 -0.098481
vn 0.000000 -0.017365 -0.098481
vn 0.000000 -0.034202 -0.093969
vn 0.000000 -0.034202 -0.093969
vn 0.000000 -0.050000 -0.086603
vn 0.000000 -0.050000 -0.086603
vn 0.000000 -0.064279 -0.076604
vn 0.000000 -0.064279 -0.076604
vn 0.000000 -0.076604 -0.064279
vn 0.000000 -0.076604 -0.064279
vn 0.000000 -0.086603 -0.050000
vn 0.000000 -0.086603 -0.050000
vn 0.000000 -0.093969 -0.034202
vn 0.000000 -0.093969 -0.034202
vn 0.000000 -0.098481 -0.017365
vn 0.000000 -0.098481 -0.017365
vn 0.000000 -0.100000 -0.000000
vn 0.000000 -0.100000 -0.000000
vn -0.000000 -0.098481 0.017365
vn -0.000000 -0.098481 0.017365
vn -0.000000 -0.093969 0.034202
vn -0.000000 -0.093969 0.034202
vn -0.000000 -0.086603 0.050000
vn -0.000000 -0.086603 0.050000
vn -0.000000 -0.076604 0.064279
vn -0.000000 -0.076604 0.064279
vn -0.000000 -0.064279 0.076604
vn -0.000000 -0.064279 0.076604
vn -0.000000 -0.050000 0.086603
vn -0.000000 -0.050000 0.086603
vn -0.000000 -0.034202 0.093969
vn -0.000000 -0.034202 0.093969
vn -0.000000 -0.017365 0.098481
vn -0.000000 -0.017365 0.098481
vn -0.000000 -0.000000 0.100000
vn -0.000000 -0.000000 0.100000
vn -0.000000 0.017365 0.098481
vn -0.000000 0.017365 0.098481
vn -0.000000 0.034202 0.093969
vn -0.000000 0.034202 0.093969
vn -0.000000 0.050000 0.086603
vn -0.000000 0.050000 0.086603
vn -0.000000 0.064279 0.076604
vn -0.000000 0.064279 0.076604
vn -0.000000 0.076604 0.064279
vn -0.000000 0.076604 0.064279
vn -0.000000 0.086603 0.050000
vn -0.000000 0.086603 0.050000
vn -0.000000 0.093969 0.034202
vn -0.000000 0.093969 0.034202
vn -0.000000 0.098481 0.017365
vn -0.000000 0.098481 0.017365
vn 0.000000 0.100000 -0.000000
vn 0.000000 0.100000 -0.000000
vn 0.000000 0.098481 -0.017365
vn 0.000000 0.098481 -0.017365
vn 0.000000 0.093969 -0.034202
vn 0.000000 0.093969 -0.034202
vn 0.000000 0.086603 -0.050000
vn 0.000000 0.086603 -0.050000
vn 0.000000 0.076604 -0.064279
vn 0.000000 0.076604 -0.064279
vn 0.000000 0.064279 -0.076604
vn 0.000000 0.064279 -0.076604
vn 0.000000 0.050000 -0.086603
vn 0.000000 0.050000 -0.086603
vn 0.000000 0.034202 -0.093969
vn 0.000000 0.034202 -0.093969
vn 0.100000 0.000000 0.000000
vn 0.100000 0.000000 0.000000
vn 0.100000 0.000000 0.000000
vn 0.100000 0.000000 0.000000
vn 0.100000 0.000000 0.000000
vn 0.100000 0.000000 0.000000
vn 0.100000 0.000000 0.000000
vn 0.100000 0.000000 0.000000
vn 0.100000 0.000000 0.000000
vn 0.100000 0.000000 0.000000
vn 0.100000 0.000000 0.000000
vn 0.100000 0.000000 0.000000
vn 0.100000 0.000000 0.000000
vn 0.100000 0.000000 0.000000
vn 0.100000 0.000000 0.000000
vn 0.100000 0.000000 0.000000
vn 0.100000 0.000000 0.000000
vn 0.100000 0.000000 0.000000
vn 0.100000 0.000000 0.000000
vn 0.100000 0.000000 0.000000
vn 0.100000 0.000000 0.000000
vn 0.100000 0.000000 0.000000
vn 0.100000 0.000000 0.000000
vn 0.100000 0.000000 0.000000
vn 0.100000 0.000000 0.000000
vn 0.100000 0.000000 0.000000
vn 0.100000 0.000000 0.000000
vn 0.100000 0.000000 0.000000
vn 0.100000 0.000000 0.000000
vn 0.100000 0.000000 0.000000
vn 0.100000 0.000000 0.000000
vn 0.100000 0.000000 0.000000
vn 0.100000 0.000000 0.000000
vn 0.100000 0.000000 0.000000
vn 0.100000 0.000000 0.000000
vn 0.100000 0.000000 0.000000
vn 0.100000 0.000000 0.000000
vn 0.100000 0.000000 0.000000
vn 0.100000 0.000000 0.000000
vn 0.100000 0.000000 0.000000
vn 0.100000 0.000000 0.000000
vn 0.100000 0.000000 0.000000
vn 0.100000 0.000000 0.000000
vn 0.100000 0.000000 0.000000
vn 0.100000 0.000000 0.000000
vn 0.100000 0.000000 0.000000
vn 0.100000 0.000000 0.000000
vn 0.100000 0.000000 0.000000
vn 0.100000 0.000000 0.000000
vn 0.100000 0.000000 0.000000
vn 0.100000 0.000000 0.000000
vn 0.100000 0.000000 0.000000
vn 0.100000 0.000000 0.000000
vn 0.100000 0.000000 0.000000
vn 0.100000 0.000000 0.000000
vn 0.100000 0.000000 0.000000
vn 0.100000 0.000000 0.000000
vn 0.100000 0.000000 0.000000
vn 0.100000 0.000000 0.000000
vn 0.100000 0.000000 0.000000
vn 0.100000 0.000000 0.000000
vn 0.100000 0.000000 0.000000
vn 0.100000 0.000000 0.000000
vn 0.100000 0.000000 0.000000
vn 0.100000 0.000000 0.000000
vn 0.100000 0.000000 0.000000
vn 0.100000 0.000000 0.000000
vn 0.100000 0.000000 0.000000
vn 0.100000 0.000000 0.000000
vn 0.100000 0.000000 0.000000
vn 0.100000 0.000000 0.000000
vn 0.100000 0.000000 0.000000
vn 0.100000 0.000000 0.000000
vn 0.100000 0.000000 0.000000
vn 0.100000 0.000000 0.000000
vn 0.100000 0.000000 0.000000
vn 0.100000 0.000000 0.000000
vn 0.100000 0.000000 0.000000
vn 0.100000 0.000000 0.000000
vn 0.100000 0.000000 0.000000
vn 0.100000 0.000000 0.000000
vn 0.100000 0.000000 0.000000
vn 0.100000 0.000000 0.000000
vn 0.100000 0.000000 0.000000
vn 0.100000 0.000000 0.000000
vn 0.100000 0.000000 0.000000
vn 0.100000 0.000000 0.000000
vn 0.100000 0.000000 0.000000
vn 0.100000 0.000000 0.000000
vn 0.100000 0.000000 0.000000
vn 0.100000 0.000000 0.000000
vn 0.100000 0.000000 0.000000
vn 0.100000 0.000000 0.000000
vn 0.100000 0.000000 0.000000
vn 0.100000 0.000000 0.000000
vn 0.100000 0.000000 0.000000
vn 0.100000 0.000000 0.000000
vn 0.100000 0.000000 0.000000
vn 0.100000 0.000000 0.000000
vn 0.100000 0.000000 0.000000
vn 0.100000 0.000000 0.000000
vn 0.100000 0.000000 0.000000
vn 0.100000 0.000000 0.000000
vn 0.100000 0.000000 0.000000
vn 0.100000 0.000000 0.000000
vn 0.100000 0.000000 0.000000
vn 0.100000 0.000000 0.000000
vn 0.100000 0.000000 0.000000
vn 0.100000 0.000000 0.000000
vn 0.100000 0.000000 0.000000
vn 0.100000 0.000000 0.000000
vn 0.100000 0.000000 0.000000
vn 0.100000 0.000000 0.000000
vn 0.100000 0.000000 0.000000
vn 0.100000 0.000000 0.000000
vn 0.100000 0.000000 0.000000
vn 0.100000 0.000000 0.000000
vn 0.100000 0.000000 0.000000
vn 0.100000 0.000000 0.000000
vn 0.100000 0.000000 0.000000
vn 0.100000 0.000000 0.000000
vn 0.100000 0.000000 0.000000
vn 0.100000 0.000000 0.000000
vn 0.100000 0.000000 0.000000
vn 0.100000 0.000000 0.000000
vn 0.100000 0.000000 0.000000
vn 0.100000 0.000000 0.000000
vn 0.100000 0.000000 0.000000
vn 0.100000 0.000000 0.000000
vn 0.100000 0.000000 0.000000
vn 0.100000 0.000000 0.000000
vn 0.100000 0.000000 0.000000
vn -0.000000 0.000000 0.100000
vn -0.000000 0.000000 0.100000
vn -0.000000 0.000000 0.100000
vn -0.000000 0.000000 0.100000
vn 0.000000 -0.099381 -0.011111
vn 0.000000 -0.099381 -0.011111
vn 0.000000 -0.098731 -0.015881
vn 0.000000 -0.098731 -0.015881
vn 0.000000 -0.097852 -0.020615
vn 0.000000 -0.097852 -0.020615
vn 0.000000 -0.096747 -0.025300
vn 0.000000 -0.096747 -0.025300
vn 0.000000 -0.095417 -0.029927
vn 0.000000 -0.095417 -0.029927
vn 0.000000 -0.093866 -0.034485
vn 0.000000 -0.093866 -0.034485
vn 0.000000 -0.092097 -0.038962
vn 0.000000 -0.092097 -0.038962
vn 0.000000 -0.090116 -0.043350
vn 0.000000 -0.090116 -0.043350
vn 0.000000 -0.087925 -0.047637
vn 0.000000 -0.087925 -0.047637
vn 0.000000 -0.085530 -0.051813
vn 0.000000 -0.085530 -0.051813
vn 0.000000 -0.082937 -0.055869
vn 0.000000 -0.082937 -0.055869
vn 0.000000 -0.080152 -0.059796
vn 0.000000 -0.080152 -0.059796
vn 0.000000 -0.077182 -0.063585
vn 0.000000 -0.077182 -0.063585
vn 0.000000 -0.074032 -0.067226
vn 0.000000 -0.074032 -0.067226
vn 0.000000 -0.070711 -0.070711
vn 0.000000 -0.070711 -0.070711
vn 0.000000 -0.067226 -0.074032
vn 0.000000 -0.067226 -0.074032
vn 0.000000 -0.063585 -0.077182
vn 0.000000 -0.063585 -0.077182
vn 0.000000 -0.059796 -0.080152
vn 0.000000 -0.059796 -0.080152
vn 0.000000 -0.055869 -0.082937
vn 0.000000 -0.055869 -0.082937
vn 0.000000 -0.051813 -0.085530
vn 0.000000 -0.051813 -0.085530
vn 0.000000 -0.047637 -0.087925
vn 0.000000 -0.047637 -0.087925
vn 0.000000 -0.043350 -0.090116
vn 0.000000 -0.043350 -0.090116
vn 0.000000 -0.038962 -0.092097
vn 0.000000 -0.038962 -0.092097
vn 0.000000 -0.034485 -0.093866
vn 0.000000 -0.034485 -0.093866
vn 0.000000 -0.029927 -0.095417
vn 0.000000 -0.029927 -0.095417
vn 0.000000 -0.025300 -0.096747
vn 0.000000 -0.025300 -0.096747
vn 0.000000 -0.020615 -0.097852
vn 0.000000 -0.020615 -0.097852
vn 0.000000 -0.015881 -0.098731
vn 0.000000 -0.015881 -0.098731
vn 0.000000 -0.011111 -0.099381
vn 0.000000 -0.011111 -0.099381
vn 0.000000 0.100000 0.000000
vn 0.000000 0.100000 0.000000
vn 0.000000 0.100000 0.000000
vn 0.000000 0.100000 0.000000
vn -0.000000 -0.003406 0.099942
vn -0.000000 -0.003406 0.099942
vn -0.000000 0.005695 0.099838
vn -0.000000 0.005695 0.099838
vn -0.000000 0.014749 0.098906
vn -0.000000 0.014749 0.098906
vn -0.000000 0.023682 0.097155
vn -0.000000 0.023682 0.097155
vn -0.000000 0.032417 0.094600
vn -0.000000 0.032417 0.094600
vn -0.000000 0.040885 0.091260
vn -0.000000 0.040885 0.091260
vn -0.000000 0.049013 0.087165
vn -0.000000 0.049013 0.087165
vn -0.000000 0.056736 0.082347
vn -0.000000 0.056736 0.082347
vn -0.000000 0.063988 0.076847
vn -0.000000 0.063988 0.076847
vn -0.000000 0.070711 0.070711
vn -0.000000 0.070711 0.070711
vn -0.000000 0.076847 0.063988
vn -0.000000 0.076847 0.063988
vn -0.000000 0.082347 0.056736
vn -0.000000 0.082347 0.056736
vn -0.000000 0.087165 0.049013
vn -0.000000 0.087165 0.049013
vn -0.000000 0.091260 0.040885
vn -0.000000 0.091260 0.040885
vn -0.000000 0.094600 0.032417
vn -0.000000 0.094600 0.032417
vn -0.000000 0.097155 0.023682
vn -0.000000 0.097155 0.023682
vn -0.000000 0.098906 0.014749
vn -0.000000 0.098906 0.014749
vn -0.000000 0.099838 0.005695
vn -0.000000 0.099838 0.005695
vn 0.000000 0.099942 -0.003406
vn 0.000000 0.099942 -0.003406
vn -0.100000 0.000000 -0.000000
vn -0.100000 0.000000 -0.000000
vn -0.100000 0.000000 -0.000000
vn -0.100000 0.000000 -0.000000
vn -0.100000 0.000000 -0.000000
vn -0.100000 0.000000 -0.000000
vn -0.100000 0.000000 -0.000000
vn -0.100000 0.000000 -0.000000
vn -0.100000 0.000000 -0.000000
vn -0.100000 0.000000 -0.000000
vn -0.100000 0.000000 -0.000000
vn -0.100000 0.000000 -0.000000
vn -0.100000 0.000000 -0.000000
vn -0.100000 0.000000 -0.000000
vn -0.100000 0.000000 -0.000000
vn -0.100000 0.000000 -0.000000
vn -0.100000 0.000000 -0.000000
vn -0.100000 0.000000 -0.000000
vn -0.100000 0.000000 -0.000000
vn -0.100000 0.000000 -0.000000
vn -0.100000 0.000000 -0.000000
vn -0.100000 0.000000 -0.000000
vn -0.100000 0.000000 -0.000000
vn -0.100000 0.000000 -0.000000
vn -0.100000 0.000000 -0.000000
vn -0.100000 0.000000 -0.000000
vn -0.100000 0.000000 -0.000000
vn -0.100000 0.000000 -0.000000
vn -0.100000 0.000000 -0.000000
vn -0.100000 0.000000 -0.000000
vn -0.100000 0.000000 -0.000000
vn -0.100000 0.000000 -0.000000
vn -0.100000 0.000000 -0.000000
vn -0.100000 0.000000 -0.000000
vn -0.100000 0.000000 -0.000000
vn -0.100000 0.000000 -0.000000
vn -0.100000 0.000000 -0.000000
vn -0.100000 0.000000 -0.000000
vn -0.100000 0.000000 -0.000000
vn -0.100000 0.000000 -0.000000
vn -0.100000 0.000000 -0.000000
vn -0.100000 0.000000 -0.000000
vn -0.100000 0.000000 -0.000000
vn -0.100000 0.000000 -0.000000
vn -0.100000 0.000000 -0.000000
vn -0.100000 0.000000 -0.000000
vn -0.100000 0.000000 -0.000000
vn -0.100000 0.000000 -0.000000
vn -0.100000 0.000000 -0.000000
vn -0.100000 0.000000 -0.000000
vn -0.100000 0.000000 -0.000000
vn -0.100000 0.000000 -0.000000
vn -0.100000 0.000000 -0.000000
vn -0.100000 0.000000 -0.000000
vn -0.100000 0.000000 -0.000000
vn -0.100000 0.000000 -0.000000
vn -0.100000 0.000000 -0.000000
vn -0.100000 0.000000 -0.000000
vn -0.100000 0.000000 -0.000000
vn -0.100000 0.000000 -0.000000
vn -0.100000 0.000000 -0.000000
vn -0.100000 0.000000 -0.000000
vn -0.100000 0.000000 -0.000000
vn -0.100000 0.000000 -0.000000
vn -0.100000 0.000000 -0.000000
vn -0.100000 0.000000 -0.000000
vn -0.100000 0.000000 -0.000000
vn -0.100000 0.000000 -0.000000
vn -0.100000 0.000000 -0.000000
vn -0.100000 0.000000 -0.000000
vn -0.100000 0.000000 -0.000000
vn -0.100000 0.000000 -0.000000
vn -0.100000 0.000000 -0.000000
vn -0.100000 0.000000 -0.000000
vn -0.100000 0.000000 -0.000000
vn -0.100000 0.000000 -0.000000
vn -0.100000 0.000000 -0.000000
vn -0.100000 0.000000 -0.000000
vn -0.100000 0.000000 -0.000000
vn -0.100000 0.000000 -0.000000
vn -0.100000 0.000000 -0.000000
vn -0.100000 0.000000 -0.000000
vn -0.100000 0.000000 -0.000000
vn -0.100000 0.000000 -0.000000
vn 0.000000 0.017365 -0.098481
vn 0.000000 0.017365 -0.098481
vn 0.000000 0.000000 -0.100000
vn 0.000000 0.000000 -0.100000
vn 0.000000 -0.017365 -0.098481
vn 0.000000 -0.017365 -0.098481
vn 0.000000 -0.034202 -0.093969
vn 0.000000 -0.034202 -0.093969
vn 0.000000 -0.050000 -0.086603
vn 0.000000 -0.050000 -0.086603
vn 0.000000 -0.064279 -0.076604
vn 0.000000 -0.064279 -0.076604
vn 0.000000 -0.076604 -0.064279
vn 0.000000 -0.076604 -0.064279
vn 0.000000 -0.086603 -0.050000
vn 0.000000 -0.086603 -0.050000
vn 0.000000 -0.093969 -0.034202
vn 0.000000 -0.093969 -0.034202
vn 0.000000 -0.098481 -0.017365
vn 0.000000 -0.098481 -0.017365
vn -0.000000 -0.100000 0.000000
vn -0.000000 -0.100000 0.000000
vn -0.000000 -0.098481 0.017365
vn -0.000000 -0.098481 0.017365
vn -0.000000 -0.093969 0.034202
vn -0.000000 -0.093969 0.034202
vn -0.000000 -0.086603 0.050000
vn -0.000000 -0.086603 0.050000
vn -0.000000 -0.076604 0.064279
vn -0.000000 -0.076604 0.064279
vn -0.000000 -0.064279 0.076604
vn -0.000000 -0.064279 0.076604
vn -0.000000 -0.050000 0.086603
vn -0.000000 -0.050000 0.086603
vn -0.000000 -0.034202 0.093969
vn -0.000000 -0.034202 0.093969
vn -0.000000 -0.017365 0.098481
vn -0.000000 -0.017365 0.098481
vn -0.000000 -0.000000 0.100000
vn -0.000000 -0.000000 0.100000
vn -0.000000 0.017365 0.098481
vn -0.000000 0.017365 0.098481
vn -0.000000 0.034202 0.093969
vn -0.000000 0.034202 0.093969
vn -0.000000 0.050000 0.086603
vn -0.000000 0.050000 0.086603
vn -0.000000 0.064279 0.076604
vn -0.000000 0.064279 0.076604
vn -0.000000 0.076604 0.064279
vn -0.000000 0.076604 0.064279
vn -0.000000 0.086603 0.050000
vn -0.000000 0.086603 0.050000
vn -0.000000 0.093969 0.034202
vn -0.000000 0.093969 0.034202
vn -0.000000 0.098481 0.017365
vn -0.000000 0.098481 0.017365
vn -0.000000 0.100000 0.000000
vn -0.000000 0.100000 0.000000
vn 0.000000 0.098481 -0.017365
vn 0.000000 0.098481 -0.017365
vn 0.000000 0.093969 -0.034202
vn 0.000000 0.093969 -0.034202
vn 0.000000 0.086603 -0.050000
vn 0.000000 0.086603 -0.050000
vn 0.000000 0.076604 -0.064279
vn 0.000000 0.076604 -0.064279
vn 0.000000 0.064279 -0.076604
vn 0.000000 0.064279 -0.076604
vn 0.000000 0.050000 -0.086603
vn 0.000000 0.050000 -0.086603
vn 0.000000 0.034202 -0.093969
vn 0.000000 0.034202 -0.093969
vn 0.000000 -0.017365 -0.098481
vn 0.000000 -0.017365 -0.098481
vn 0.000000 0.000000 -0.100000
vn 0.000000 0.000000 -0.100000
vn 0.000000 0.017365 -0.098481
vn 0.000000 0.017365 -0.098481
vn 0.000000 0.034202 -0.093969
vn 0.000000 0.034202 -0.093969
vn 0.000000 0.050000 -0.086603
vn 0.000000 0.050000 -0.086603
vn 0.000000 0.064279 -0.076604
vn 0.000000 0.064279 -0.076604
vn 0.000000 0.076604 -0.064279
vn 0.000000 0.076604 -0.064279
vn 0.000000 0.086603 -0.050000
vn 0.000000 0.086603 -0.050000
vn 0.000000 0.093969 -0.034202
vn 0.000000 0.093969 -0.034202
vn 0.000000 0.098481 -0.017365
vn 0.000000 0.098481 -0.017365
vn -0.000000 0.100000 0.000000
vn -0.000000 0.100000 0.000000
vn -0.000000 0.098481 0.017365
vn -0.000000 0.098481 0.017365
vn -0.000000 0.093969 0.034202
vn -0.000000 0.093969 0.034202
vn -0.000000 0.086603 0.050000
vn -0.000000 0.086603 0.050000
vn -0.000000 0.076604 0.064279
vn -0.000000 0.076604 0.064279
vn -0.000000 0.064279 0.076604
vn -0.000000 0.064279 0.076604
vn -0.000000 0.050000 0.086603
vn -0.000000 0.050000 0.086603
vn -0.000000 0.034202 0.093969
vn -0.000000 0.034202 0.093969
vn -0.000000 0.017365 0.098481
vn -0.000000 0.017365 0.098481
vn -0.000000 0.000000 0.100000
vn -0.000000 0.000000 0.100000
vn -0.000000 -0.017365 0.098481
vn -0.000000 -0.017365 0.098481
vn -0.000000 -0.034202 0.093969
vn -0.000000 -0.034202 0.093969
vn -0.000000 -0.050000 0.086603
vn -0.000000 -0.050000 0.086603
vn -0.000000 -0.064279 0.076604
vn -0.000000 -0.064279 0.076604
vn -0.000000 -0.076604 0.064279
vn -0.000000 -0.076604 0.064279
vn -0.000000 -0.086603 0.050000
vn -0.000000 -0.086603 0.050000
vn -0.000000 -0.093969 0.034202
vn -0.000000 -0.093969 0.034202
vn -0.000000 -0.098481 0.017365
vn -0.000000 -0.098481 0.017365
vn -0.000000 -0.100000 0.000000
vn -0.000000 -0.100000 0.000000
vn 0.000000 -0.098481 -0.017365
vn 0.000000 -0.098481 -0.017365
vn 0.000000 -0.093969 -0.034202
vn 0.000000 -0.093969 -0.034202
vn 0.000000 -0.086603 -0.050000
vn 0.000000 -0.086603 -0.050000
vn 0.000000 -0.076604 -0.064279
vn 0.000000 -0.076604 -0.064279
vn 0.000000 -0.064279 -0.076604
vn 0.000000 -0.064279 -0.076604
vn 0.000000 -0.050000 -0.086603
vn 0.000000 -0.050000 -0.086603
vn 0.000000 -0.034202 -0.093969
vn 0.000000 -0.034202 -0.093969
vn 0.100000 0.000000 0.000000
vn 0.100000 0.000000 0.000000
vn 0.100000 0.000000 0.000000
vn 0.100000 0.000000 0.000000
vn 0.100000 0.000000 0.000000
vn 0.100000 0.000000 0.000000
vn 0.100000 0.000000 0.000000
vn 0.100000 0.000000 0.000000
vn 0.100000 0.000000 0.000000
vn 0.100000 0.000000 0.000000
vn 0.100000 0.000000 0.000000
vn 0.100000 0.000000 0.000000
vn 0.100000 0.000000 0.000000
vn 0.100000 0.000000 0.000000
vn 0.100000 0.000000 0.000000
vn 0.100000 0.000000 0.000000
vn 0.100000 0.000000 0.000000
vn 0.100000 0.000000 0.000000
vn 0.100000 0.000000 0.000000
vn 0.100000 0.000000 0.000000
vn 0.100000 0.000000 0.000000
vn 0.100000 0.000000 0.000000
vn 0.100000 0.000000 0.000000
vn 0.100000 0.000000 0.000000
vn 0.100000 0.000000 0.000000
vn 0.100000 0.000000 0.000000
vn 0.100000 0.000000 0.000000
vn 0.100000 0.000000 0.000000
vn 0.100000 0.000000 0.000000
vn 0.100000 0.000000 0.000000
vn 0.100000 0.000000 0.000000
vn 0.100000 0.000000 0.000000
vn 0.100000 0.000000 0.000000
vn 0.100000 0.000000 0.000000
vn 0.100000 0.000000 0.000000
vn 0.100000 0.000000 0.000000
vn 0.100000 0.000000 0.000000
vn 0.100000 0.000000 0.000000
vn 0.100000 0.000000 0.000000
vn 0.100000 0.000000 0.000000
vn 0.100000 0.000000 0.000000
vn 0.100000 0.000000 0.000000
vn 0.100000 0.000000 0.000000
vn 0.100000 0.000000 0.000000
vn 0.100000 0.000000 0.000000
vn 0.100000 0.000000 0.000000
vn 0.100000 0.000000 0.000000
vn 0.100000 0.000000 0.000000
vn 0.100000 0.000000 0.000000
vn 0.100000 0.000000 0.000000
vn 0.100000 0.000000 0.000000
vn 0.100000 0.000000 0.000000
vn 0.100000 0.000000 0.000000
vn 0.100000 0.000000 0.000000
vn 0.100000 0.000000 0.000000
vn 0.100000 0.000000 0.000000
vn 0.100000 0.000000 0.000000
vn 0.100000 0.000000 0.000000
vn 0.100000 0.000000 0.000000
vn 0.100000 0.000000 0.000000
vn 0.100000 0.000000 0.000000
vn 0.100000 0.000000 0.000000
vn 0.100000 0.000000 0.000000
vn 0.100000 0.000000 0.000000
vn 0.100000 0.000000 0.000000
vn 0.100000 0.000000 0.000000
vn 0.100000 0.000000 0.000000
vn 0.100000 0.000000 0.000000
vn 0.100000 0.000000 0.000000
vn 0.100000 0.000000 0.000000
vn 0.100000 0.000000 0.000000
vn 0.100000 0.000000 0.000000
vn 0.100000 0.000000 0.000000
vn 0.100000 0.000000 0.000000
vn 0.100000 0.000000 0.000000
vn 0.100000 0.000000 0.000000
vn 0.100000 0.000000 0.000000
vn 0.100000 0.000000 0.000000
vn 0.100000 0.000000 0.000000
vn 0.100000 0.000000 0.000000
vn 0.100000 0.000000 0.000000
vn 0.100000 0.000000 0.000000
vn 0.100000 0.000000 0.000000
vn 0.100000 0.000000 0.000000
vn -0.000000 0.000000 0.100000
vn -0.000000 0.000000 0.100000
vn -0.000000 0.000000 0.100000
vn -0.000000 0.000000 0.100000
vn 0.000000 -0.099381 -0.011111
vn 0.000000 -0.099381 -0.011111
vn 0.000000 -0.098731 -0.015881
vn 0.000000 -0.098731 -0.015881
vn 0.000000 -0.097852 -0.020615
vn 0.000000 -0.097852 -0.020615
vn 0.000000 -0.096747 -0.025300
vn 0.000000 -0.096747 -0.025300
vn 0.000000 -0.095417 -0.029927
vn 0.000000 -0.095417 -0.029927
vn 0.000000 -0.093866 -0.034485
vn 0.000000 -0.093866 -0.034485
vn 0.000000 -0.092097 -0.038962
vn 0.000000 -0.092097 -0.038962
vn 0.000000 -0.090116 -0.043350
vn 0.000000 -0.090116 -0.043350
vn 0.000000 -0.087925 -0.047637
vn 0.000000 -0.087925 -0.047637
vn 0.000000 -0.085530 -0.051813
vn 0.000000 -0.085530 -0.051813
vn 0.000000 -0.082937 -0.055869
vn 0.000000 -0.082937 -0.055869
vn 0.000000 -0.080152 -0.059796
vn 0.000000 -0.080152 -0.059796
vn 0.000000 -0.077182 -0.063585
vn 0.000000 -0.077182 -0.063585
vn 0.000000 -0.074032 -0.067226
vn 0.000000 -0.074032 -0.067226
vn 0.000000 -0.070711 -0.070711
vn 0.000000 -0.070711 -0.070711
vn 0.000000 -0.067226 -0.074032
vn 0.000000 -0.067226 -0.074032
vn 0.000000 -0.063585 -0.077182
vn 0.000000 -0.063585 -0.077182
vn 0.000000 -0.059796 -0.080152
vn 0.000000 -0.059796 -0.080152
vn 0.000000 -0.055869 -0.082937
vn 0.000000 -0.055869 -0.082937
vn 0.000000 -0.051813 -0.085530
vn 0.000000 -0.051813 -0.085530
vn 0.000000 -0.047637 -0.087925
vn 0.000000 -0.047637 -0.087925
vn 0.000000 -0.043350 -0.090116
vn 0.000000 -0.043350 -0.090116
vn 0.000000 -0.038962 -0.092097
vn 0.000000 -0.038962 -0.092097
vn 0.000000 -0.034485 -0.093866
vn 0.000000 -0.034485 -0.093866
vn 0.000000 -0.029927 -0.095417
vn 0.000000 -0.029927 -0.095417
vn 0.000000 -0.025300 -0.096747
vn 0.000000 -0.025300 -0.096747
vn 0.000000 -0.020615 -0.097852
vn 0.000000 -0.020615 -0.097852
vn 0.000000 -0.015881 -0.098731
vn 0.000000 -0.015881 -0.098731
vn 0.000000 -0.011111 -0.099381
vn 0.000000 -0.011111 -0.099381
vn 0.000000 0.100000 0.000000
vn 0.000000 0.100000 0.000000
vn 0.000000 0.100000 0.000000
vn 0.000000 0.100000 0.000000
vn -0.000000 -0.003406 0.099942
vn -0.000000 -0.003406 0.099942
vn -0.000000 0.005695 0.099838
vn -0.000000 0.005695 0.099838
vn -0.000000 0.014749 0.098906
vn -0.000000 0.014749 0.098906
vn -0.000000 0.023682 0.097155
vn -0.000000 0.023682 0.097155
vn -0.000000 0.032417 0.094600
vn -0.000000 0.032417 0.094600
vn -0.000000 0.040885 0.091260
vn -0.000000 0.040885 0.091260
vn -0.000000 0.049013 0.087165
vn -0.000000 0.049013 0.087165
vn -0.000000 0.056736 0.082347
vn -0.000000 0.056736 0.082347
vn -0.000000 0.063988 0.076847
vn -0.000000 0.063988 0.076847
vn -0.000000 0.070711 0.070711
vn -0.000000 0.070711 0.070711
vn -0.000000 0.076847 0.063988
vn -0.000000 0.076847 0.063988
vn -0.000000 0.082347 0.056736
vn -0.000000 0.082347 0.056736
vn -0.000000 0.087165 0.049013
vn -0.000000 0.087165 0.049013
vn -0.000000 0.091260 0.040885
vn -0.000000 0.091260 0.040885
vn -0.000000 0.094600 0.032417
vn -0.000000 0.094600 0.032417
vn -0.000000 0.097155 0.023682
vn -0.000000 0.097155 0.023682
vn -0.000000 0.098906 0.014749
vn -0.000000 0.098906 0.014749
vn -0.000000 0.099838 0.005695
vn -0.000000 0.099838 0.005695
vn 0.000000 0.099942 -0.003406
vn 0.000000 0.099942 -0.003406
vn -0.100000 0.000000 -0.000000
vn -0.100000 0.000000 -0.000000
vn -0.100000 0.000000 -0.000000
vn -0.100000 0.000000 -0.000000
vn -0.100000 0.000000 -0.000000
vn -0.100000 0.000000 -0.000000
vn -0.100000 0.000000 -0.000000
vn -0.100000 0.000000 -0.000000
vn -0.100000 0.000000 -0.000000
vn -0.100000 0.000000 -0.000000
vn -0.100000 0.000000 -0.000000
vn -0.100000 0.000000 -0.000000
vn -0.100000 0.000000 -0.000000
vn -0.100000 0.000000 -0.000000
vn -0.100000 0.000000 -0.000000
vn -0.100000 0.000000 -0.000000
vn -0.100000 0.000000 -0.000000
vn -0.100000 0.000000 -0.000000
vn -0.100000 0.000000 -0.000000
vn -0.100000 0.000000 -0.000000
vn -0.100000 0.000000 -0.000000
vn -0.100000 0.000000 -0.000000
vn -0.100000 0.000000 -0.000000
vn -0.100000 0.000000 -0.000000
vn -0.100000 0.000000 -0.000000
vn -0.100000 0.000000 -0.000000
vn -0.100000 0.000000 -0.000000
vn -0.100000 0.000000 -0.000000
vn -0.100000 0.000000 -0.000000
vn -0.100000 0.000000 -0.000000
vn -0.100000 0.000000 -0.000000
vn -0.100000 0.000000 -0.000000
vn -0.100000 0.000000 -0.000000
vn -0.100000 0.000000 -0.000000
vn -0.100000 0.000000 -0.000000
vn -0.100000 0.000000 -0.000000
vn -0.100000 0.000000 -0.000000
vn -0.100000 0.000000 -0.000000
vn -0.100000 0.000000 -0.000000
vn -0.100000 0.000000 -0.000000
vn -0.100000 0.000000 -0.000000
vn -0.100000 0.000000 -0.000000
vn -0.100000 0.000000 -0.000000
vn -0.100000 0.000000 -0.000000
vn -0.100000 0.000000 -0.000000
vn -0.100000 0.000000 -0.000000
vn -0.100000 0.000000 -0.000000
vn -0.100000 0.000000 -0.000000
vn -0.100000 0.000000 -0.000000
vn -0.100000 0.000000 -0.000000
vn -0.100000 0.000000 -0.000000
vn -0.100000 0.000000 -0.000000
vn -0.100000 0.000000 -0.000000
vn -0.100000 0.000000 -0.000000
vn -0.100000 0.000000 -0.000000
vn -0.100000 0.000000 -0.000000
vn -0.100000 0.000000 -0.000000
vn -0.100000 0.000000 -0.000000
vn -0.100000 0.000000 -0.000000
vn -0.100000 0.000000 -0.000000
vn -0.100000 0.000000 -0.000000
vn -0.100000 0.000000 -0.000000
vn -0.100000 0.000000 -0.000000
vn -0.100000 0.000000 -0.000000
vn -0.100000 0.000000 -0.000000
vn -0.100000 0.000000 -0.000000
vn -0.100000 0.000000 -0.000000
vn -0.100000 0.000000 -0.000000
vn -0.100000 0.000000 -0.000000
vn -0.100000 0.000000 -0.000000
vn -0.100000 0.000000 -0.000000
vn -0.100000 0.000000 -0.000000
vn -0.100000 0.000000 -0.000000
vn -0.100000 0.000000 -0.000000
vn -0.100000 0.000000 -0.000000
vn -0.100000 0.000000 -0.000000
vn -0.100000 0.000000 -0.000000
vn -0.100000 0.000000 -0.000000
vn -0.100000 0.000000 -0.000000
vn -0.100000 0.000000 -0.000000
vn -0.100000 0.000000 -0.000000
vn -0.100000 0.000000 -0.000000
vn -0.100000 0.000000 -0.000000
vn -0.100000 0.000000 -0.000000
vn 0.000000 0.017365 -0.098481
vn 0.000000 0.017365 -0.098481
vn 0.000000 0.000000 -0.100000
vn 0.000000 0.000000 -0.100000
vn 0.000000 -0.017365 -0.098481
vn 0.000000 -0.017365 -0.098481
vn 0.000000 -0.034202 -0.093969
vn 0.000000 -0.034202 -0.093969
vn 0.000000 -0.050000 -0.086603
vn 0.000000 -0.050000 -0.086603
vn 0.000000 -0.064279 -0.076604
vn 0.000000 -0.064279 -0.076604
vn 0.000000 -0.076604 -0.064279
vn 0.000000 -0.076604 -0.064279
vn 0.000000 -0.086603 -0.050000
vn 0.000000 -0.086603 -0.050000
vn 0.000000 -0.093969 -0.034202
vn 0.000000 -0.093969 -0.034202
vn 0.000000 -0.098481 -0.017365
vn 0.000000 -0.098481 -0.017365
vn -0.000000 -0.100000 0.000000
vn -0.000000 -0.100000 0.000000
vn -0.000000 -0.098481 0.017365
vn -0.000000 -0.098481 0.017365
vn -0.000000 -0.093969 0.034202
vn -0.000000 -0.093969 0.034202
vn -0.000000 -0.086603 0.050000
vn -0.000000 -0.086603 0.050000
vn -0.000000 -0.076604 0.064279
vn -0.000000 -0.076604 0.064279
vn -0.000000 -0.064279 0.076604
vn -0.000000 -0.064279 0.076604
vn -0.000000 -0.050000 0.086603
vn -0.000000 -0.050000 0.086603
vn -0.000000 -0.034202 0.093969
vn -0.000000 -0.034202 0.093969
vn -0.000000 -0.017365 0.098481
vn -0.000000 -0.017365 0.098481
vn -0.000000 -0.000000 0.100000
vn -0.000000 -0.000000 0.100000
vn -0.000000 0.017365 0.098481
vn -0.000000 0.017365 0.098481
vn -0.000000 0.034202 0.093969
vn -0.000000 0.034202 0.093969
vn -0.000000 0.050000 0.086603
vn -0.000000 0.050000 0.086603
vn -0.000000 0.064279 0.076604
vn -0.000000 0.064279 0.076604
vn -0.000000 0.076604 0.064279
vn -0.000000 0.076604 0.064279
vn -0.000000 0.086603 0.050000
vn -0.000000 0.086603 0.050000
vn -0.000000 0.093969 0.034202
vn -0.000000 0.093969 0.034202
vn -0.000000 0.098481 0.017365
vn -0.000000 0.098481 0.017365
vn -0.000000 0.100000 0.000000
vn -0.000000 0.100000 0.000000
vn 0.000000 0.098481 -0.017365
vn 0.000000 0.098481 -0.017365
vn 0.000000 0.093969 -0.034202
vn 0.000000 0.093969 -0.034202
vn 0.000000 0.086603 -0.050000
vn 0.000000 0.086603 -0.050000
vn 0.000000 0.076604 -0.064279
vn 0.000000 0.076604 -0.064279
vn 0.000000 0.064279 -0.076604
vn 0.000000 0.064279 -0.076604
vn 0.000000 0.050000 -0.086603
vn 0.000000 0.050000 -0.086603
vn 0.000000 0.034202 -0.093969
vn 0.000000 0.034202 -0.093969
vn 0.000000 -0.017365 -0.098481
vn 0.000000 -0.017365 -0.098481
vn 0.000000 0.000000 -0.100000
vn 0.000000 0.000000 -0.100000
vn 0.000000 0.017365 -0.098481
vn 0.000000 0.017365 -0.098481
vn 0.000000 0.034202 -0.093969
vn 0.000000 0.034202 -0.093969
vn 0.000000 0.050000 -0.086603
vn 0.000000 0.050000 -0.086603
vn 0.000000 0.064279 -0.076604
vn 0.000000 0.064279 -0.076604
vn 0.000000 0.076604 -0.064279
vn 0.000000 0.076604 -0.064279
vn 0.000000 0.086603 -0.050000
vn 0.000000 0.086603 -0.050000
vn 0.000000 0.093969 -0.034202
vn 0.000000 0.093969 -0.034202
vn 0.000000 0.098481 -0.017365
vn 0.000000 0.098481 -0.017365
vn 0.000000 0.100000 -0.000000
vn 0.000000 0.100000 -0.000000
vn -0.000000 0.098481 0.017365
vn -0.000000 0.098481 0.017365
vn -0.000000 0.093969 0.034202
vn -0.000000 0.093969 0.034202
vn -0.000000 0.086603 0.050000
vn -0.000000 0.086603 0.050000
vn -0.000000 0.076604 0.064279
vn -0.000000 0.076604 0.064279
vn -0.000000 0.064279 0.076604
vn -0.000000 0.064279 0.076604
vn -0.000000 0.050000 0.086603
vn -0.000000 0.050000 0.086603
vn -0.000000 0.034202 0.093969
vn -0.000000 0.034202 0.093969
vn -0.000000 0.017365 0.098481
vn -0.000000 0.017365 0.098481
vn -0.000000 0.000000 0.100000
vn -0.000000 0.000000 0.100000
vn -0.000000 -0.017365 0.098481
vn -0.000000 -0.017365 0.098481
vn -0.000000 -0.034202 0.093969
vn -0.000000 -0.034202 0.093969
vn -0.000000 -0.050000 0.086603
vn -0.000000 -0.050000 0.086603
vn -0.000000 -0.064279 0.076604
vn -0.000000 -0.064279 0.076604
vn -0.000000 -0.076604 0.064279
vn -0.000000 -0.076604 0.064279
vn -0.000000 -0.086603 0.050000
vn -0.000000 -0.086603 0.050000
vn -0.000000 -0.093969 0.034202
vn -0.000000 -0.093969 0.034202
vn -0.000000 -0.098481 0.017365
vn -0.000000 -0.098481 0.017365
vn 0.000000 -0.100000 -0.000000
vn 0.000000 -0.100000 -0.000000
vn 0.000000 -0.098481 -0.017365
vn 0.000000 -0.098481 -0.017365
vn 0.000000 -0.093969 -0.034202
vn 0.000000 -0.093969 -0.034202
vn 0.000000 -0.086603 -0.050000
vn 0.000000 -0.086603 -0.050000
vn 0.000000 -0.076604 -0.064279
vn 0.000000 -0.076604 -0.064279
vn 0.000000 -0.064279 -0.076604
vn 0.000000 -0.064279 -0.076604
vn 0.000000 -0.050000 -0.086603
vn 0.000000 -0.050000 -0.086603
vn 0.000000 -0.034202 -0.093969
vn 0.000000 -0.034202 -0.093969
vn 0.100000 0.000000 0.000000
vn 0.100000 0.000000 0.000000
vn 0.100000 0.000000 0.000000
vn 0.100000 0.000000 0.000000
vn 0.100000 0.000000 0.000000
vn 0.100000 0.000000 0.000000
vn 0.100000 0.000000 0.000000
vn 0.100000 0.000000 0.000000
vn 0.100000 0.000000 0.000000
vn 0.100000 0.000000 0.000000
vn 0.100000 0.000000 0.000000
vn 0.100000 0.000000 0.000000
vn 0.100000 0.000000 0.000000
vn 0.100000 0.000000 0.000000
vn 0.100000 0.000000 0.000000
vn 0.100000 0.000000 0.000000
vn 0.100000 0.000000 0.000000
vn 0.100000 0.000000 0.000000
vn 0.100000 0.000000 0.000000
vn 0.100000 0.000000 0.000000
vn 0.100000 0.000000 0.000000
vn 0.100000 0.000000 0.000000
vn 0.100000 0.000000 0.000000
vn 0.100000 0.000000 0.000000
vn 0.100000 0.000000 0.000000
vn 0.100000 0.000000 0.000000
vn 0.100000 0.000000 0.000000
vn 0.100000 0.000000 0.000000
vn 0.100000 0.000000 0.000000
vn 0.100000 0.000000 0.000000
vn 0.100000 0.000000 0.000000
vn 0.100000 0.000000 0.000000
vn 0.100000 0.000000 0.000000
vn 0.100000 0.000000 0.000000
vn 0.100000 0.000000 0.000000
vn 0.100000 0.000000 0.000000
vn 0.100000 0.000000 0.000000
vn 0.100000 0.000000 0.000000
vn 0.100000 0.000000 0.000000
vn 0.100000 0.000000 0.000000
vn 0.100000 0.000000 0.000000
vn 0.100000 0.000000 0.000000
vn 0.100000 0.000000 0.000000
vn 0.100000 0.000000 0.000000
vn 0.100000 0.000000 0.000000
vn 0.100000 0.000000 0.000000
vn 0.100000 0.000000 0.000000
vn 0.100000 0.000000 0.000000
vn 0.100000 0.000000 0.000000
vn 0.100000 0.000000 0.000000
vn 0.100000 0.000000 0.000000
vn 0.100000 0.000000 0.000000
vn 0.100000 0.000000 0.000000
vn 0.100000 0.000000 0.000000
vn 0.100000 0.000000 0.000000
vn 0.100000 0.000000 0.000000
vn 0.100000 0.000000 0.000000
vn 0.100000 0.000000 0.000000
vn 0.100000 0.000000 0.000000
vn 0.100000 0.000000 0.000000
vn 0.100000 0.000000 0.000000
vn 0.100000 0.000000 0.000000
vn 0.100000 0.000000 0.000000
vn 0.100000 0.000000 0.000000
vn 0.100000 0.000000 0.000000
vn 0.100000 0.000000 0.000000
vn 0.100000 0.000000 0.000000
vn 0.100000 0.000000 0.000000
vn 0.100000 0.000000 0.000000
vn 0.100000 0.000000 0.000000
vn 0.100000 0.000000 0.000000
vn 0.100000 0.000000 0.000000
vn 0.100000 0.000000 0.000000
vn 0.100000 0.000000 0.000000
vn 0.100000 0.000000 0.000000
vn 0.100000 0.000000 0.000000
vn 0.100000 0.000000 0.000000
vn 0.100000 0.000000 0.000000
vn 0.100000 0.000000 0.000000
vn 0.100000 0.000000 0.000000
vn 0.100000 0.000000 0.000000
vn 0.100000 0.000000 0.000000
vn 0.100000 0.000000 0.000000
vn 0.100000 0.000000 0.000000
vn -0.000000 0.000000 0.100000
vn -0.000000 0.000000 0.100000
vn -0.000000 0.000000 0.100000
vn -0.000000 0.000000 0.100000
vn 0.000000 -0.099381 -0.011111
vn 0.000000 -0.099381 -0.011111
vn 0.000000 -0.098731 -0.015881
vn 0.000000 -0.098731 -0.015881
vn 0.000000 -0.097852 -0.020615
vn 0.000000 -0.097852 -0.020615
vn 0.000000 -0.096747 -0.025300
vn 0.000000 -0.096747 -0.025300
vn 0.000000 -0.095417 -0.029927
vn 0.000000 -0.095417 -0.029927
vn 0.000000 -0.093866 -0.034485
vn 0.000000 -0.093866 -0.034485
vn 0.000000 -0.092097 -0.038962
vn 0.000000 -0.092097 -0.038962
vn 0.000000 -0.090116 -0.043350
vn 0.000000 -0.090116 -0.043350
vn 0.000000 -0.087925 -0.047637
vn 0.000000 -0.087925 -0.047637
vn 0.000000 -0.085530 -0.051813
vn 0.000000 -0.085530 -0.051813
vn 0.000000 -0.082937 -0.055869
vn 0.000000 -0.082937 -0.055869
vn 0.000000 -0.080152 -0.059796
vn 0.000000 -0.080152 -0.059796
vn 0.000000 -0.077182 -0.063585
vn 0.000000 -0.077182 -0.063585
vn 0.000000 -0.074032 -0.067226
vn 0.000000 -0.074032 -0.067226
vn 0.000000 -0.070711 -0.070711
vn 0.000000 -0.070711 -0.070711
vn 0.000000 -0.067226 -0.074032
vn 0.000000 -0.067226 -0.074032
vn 0.000000 -0.063585 -0.077182
vn 0.000000 -0.063585 -0.077182
vn 0.000000 -0.059796 -0.080152
vn 0.000000 -0.059796 -0.080152
vn 0.000000 -0.055869 -0.082937
vn 0.000000 -0.055869 -0.082937
vn 0.000000 -0.051813 -0.085530
vn 0.000000 -0.051813 -0.085530
vn 0.000000 -0.047637 -0.087925
vn 0.000000 -0.047637 -0.087925
vn 0.000000 -0.043350 -0.090116
vn 0.000000 -0.043350 -0.090116
vn 0.000000 -0.038962 -0.092097
vn 0.000000 -0.038962 -0.092097
vn 0.000000 -0.034485 -0.093866
vn 0.000000 -0.034485 -0.093866
vn 0.000000 -0.029927 -0.095417
vn 0.000000 -0.029927 -0.095417
vn 0.000000 -0.025300 -0.096747
vn 0.000000 -0.025300 -0.096747
vn 0.000000 -0.020615 -0.097852
vn 0.000000 -0.020615 -0.097852
vn 0.000000 -0.015881 -0.098731
vn 0.000000 -0.015881 -0.098731
vn 0.000000 -0.011111 -0.099381
vn 0.000000 -0.011111 -0.099381
vn 0.000000 0.100000 0.000000
vn 0.000000 0.100000 0.000000
vn 0.000000 0.100000 0.000000
vn 0.000000 0.100000 0.000000
vn -0.000000 -0.003406 0.099942
vn -0.000000 -0.003406 0.099942
vn -0.000000 0.005695 0.099838
vn -0.000000 0.005695 0.099838
vn -0.000000 0.014749 0.098906
vn -0.000000 0.014749 0.098906
vn -0.000000 0.023682 0.097155
vn -0.000000 0.023682 0.097155
vn -0.000000 0.032417 0.094600
vn -0.000000 0.032417 0.094600
vn -0.000000 0.040885 0.091260
vn -0.000000 0.040885 0.091260
vn -0.000000 0.049013 0.087165
vn -0.000000 0.049013 0.087165
vn -0.000000 0.056736 0.082347
vn -0.000000 0.056736 0.082347
vn -0.000000 0.063988 0.076847
vn -0.000000 0.063988 0.076847
vn -0.000000 0.070711 0.070711
vn -0.000000 0.070711 0.070711
vn -0.000000 0.076847 0.063988
vn -0.000000 0.076847 0.063988
vn -0.000000 0.082347 0.056736
vn -0.000000 0.082347 0.056736
vn -0.000000 0.087165 0.049013
vn -0.000000 0.087165 0.049013
vn -0.000000 0.091260 0.040885
vn -0.000000 0.091260 0.040885
vn -0.000000 0.094600 0.032417
vn -0.000000 0.094600 0.032417
vn -0.000000 0.097155 0.023682
vn -0.000000 0.097155 0.023682
vn -0.000000 0.098906 0.014749
vn -0.000000 0.098906 0.014749
vn -0.000000 0.099838 0.005695
vn -0.000000 0.099838 0.005695
vn 0.000000 0.099942 -0.003406
vn 0.000000 0.099942 -0.003406
vn -0.100000 0.000000 -0.000000
vn -0.100000 0.000000 -0.000000
vn -0.100000 0.000000 -0.000000
vn -0.100000 0.000000 -0.000000
vn -0.100000 0.000000 -0.000000
vn -0.100000 0.000000 -0.000000
vn -0.100000 0.000000 -0.000000
vn -0.100000 0.000000 -0.000000
vn -0.100000 0.000000 -0.000000
vn -0.100000 0.000000 -0.000000
vn -0.100000 0.000000 -0.000000
vn -0.100000 0.000000 -0.000000
vn -0.100000 0.000000 -0.000000
vn -0.100000 0.000000 -0.000000
vn -0.100000 0.000000 -0.000000
vn -0.100000 0.000000 -0.000000
vn -0.100000 0.000000 -0.000000
vn -0.100000 0.000000 -0.000000
vn -0.100000 0.000000 -0.000000
vn -0.100000 0.000000 -0.000000
vn -0.100000 0.000000 -0.000000
vn -0.100000 0.000000 -0.000000
vn -0.100000 0.000000 -0.000000
vn -0.100000 0.000000 -0.000000
vn -0.100000 0.000000 -0.000000
vn -0.100000 0.000000 -0.000000
vn -0.100000 0.000000 -0.000000
vn -0.100000 0.000000 -0.000000
vn -0.100000 0.000000 -0.000000
vn -0.100000 0.000000 -0.000000
vn -0.100000 0.000000 -0.000000
vn -0.100000 0.000000 -0.000000
vn -0.100000 0.000000 -0.000000
vn -0.100000 0.000000 -0.000000
vn -0.100000 0.000000 -0.000000
vn -0.100000 0.000000 -0.000000
vn -0.100000 0.000000 -0.000000
vn -0.100000 0.000000 -0.000000
vn -0.100000 0.000000 -0.000000
vn -0.100000 0.000000 -0.000000
vn -0.100000 0.000000 -0.000000
vn -0.100000 0.000000 -0.000000
vn -0.100000 0.000000 -0.000000
vn -0.100000 0.000000 -0.000000
vn -0.100000 0.000000 -0.000000
vn -0.100000 0.000000 -0.000000
vn -0.100000 0.000000 -0.000000
vn -0.100000 0.000000 -0.000000
vn -0.100000 0.000000 -0.000000
vn -0.100000 0.000000 -0.000000
vn -0.100000 0.000000 -0.000000
vn -0.100000 0.000000 -0.000000
vn -0.100000 0.000000 -0.000000
vn -0.100000 0.000000 -0.000000
vn -0.100000 0.000000 -0.000000
vn -0.100000 0.000000 -0.000000
vn -0.100000 0.000000 -0.000000
vn -0.100000 0.000000 -0.000000
vn -0.100000 0.000000 -0.000000
vn -0.100000 0.000000 -0.000000
vn -0.100000 0.000000 -0.000000
vn -0.100000 0.000000 -0.000000
vn -0.100000 0.000000 -0.000000
vn -0.100000 0.000000 -0.000000
vn -0.100000 0.000000 -0.000000
vn -0.100000 0.000000 -0.000000
vn -0.100000 0.000000 -0.000000
vn -0.100000 0.000000 -0.000000
vn -0.100000 0.000000 -0.000000
vn -0.100000 0.000000 -0.000000
vn -0.100000 0.000000 -0.000000
vn -0.100000 0.000000 -0.000000
vn -0.100000 0.000000 -0.000000
vn -0.100000 0.000000 -0.000000
vn -0.100000 0.000000 -0.000000
vn -0.100000 0.000000 -0.000000
vn -0.100000 0.000000 -0.000000
vn -0.100000 0.000000 -0.000000
vn -0.100000 0.000000 -0.000000
vn -0.100000 0.000000 -0.000000
vn -0.100000 0.000000 -0.000000
vn -0.100000 0.000000 -0.000000
vn -0.100000 0.000000 -0.000000
vn -0.100000 0.000000 -0.000000
vn 0.000000 0.017365 -0.098481
vn 0.000000 0.017365 -0.098481
vn 0.000000 0.000000 -0.100000
vn 0.000000 0.000000 -0.100000
vn 0.000000 -0.017365 -0.098481
vn 0.000000 -0.017365 -0.098481
vn 0.000000 -0.034202 -0.093969
vn 0.000000 -0.034202 -0.093969
vn 0.000000 -0.050000 -0.086603
vn 0.000000 -0.050000 -0.086603
vn 0.000000 -0.064279 -0.076604
vn 0.000000 -0.064279 -0.076604
vn 0.000000 -0.076604 -0.064279
vn 0.000000 -0.076604 -0.064279
vn 0.000000 -0.086603 -0.050000
vn 0.000000 -0.086603 -0.050000
vn 0.000000 -0.093969 -0.034202
vn 0.000000 -0.093969 -0.034202
vn 0.000000 -0.098481 -0.017365
vn 0.000000 -0.098481 -0.017365
vn 0.000000 -0.100000 -0.000000
vn 0.000000 -0.100000 -0.000000
vn -0.000000 -0.098481 0.017365
vn -0.000000 -0.098481 0.017365
vn -0.000000 -0.093969 0.034202
vn -0.000000 -0.093969 0.034202
vn -0.000000 -0.086603 0.050000
vn -0.000000 -0.086603 0.050000
vn -0.000000 -0.076604 0.064279
vn -0.000000 -0.076604 0.064279
vn -0.000000 -0.064279 0.076604
vn -0.000000 -0.064279 0.076604
vn -0.000000 -0.050000 0.086603
vn -0.000000 -0.050000 0.086603
vn -0.000000 -0.034202 0.093969
vn -0.000000 -0.034202 0.093969
vn -0.000000 -0.017365 0.098481
vn -0.000000 -0.017365 0.098481
vn -0.000000 -0.000000 0.100000
vn -0.000000 -0.000000 0.100000
vn -0.000000 0.017365 0.098481
vn -0.000000 0.017365 0.098481
vn -0.000000 0.034202 0.093969
vn -0.000000 0.034202 0.093969
vn -0.000000 0.050000 0.086603
vn -0.000000 0.050000 0.086603
vn -0.000000 0.064279 0.076604
vn -0.000000 0.064279 0.076604
vn -0.000000 0.076604 0.064279
vn -0.000000 0.076604 0.064279
vn -0.000000 0.086603 0.050000
vn -0.000000 0.086603 0.050000
vn -0.000000 0.093969 0.034202
vn -0.000000 0.093969 0.034202
vn -0.000000 0.098481 0.017365
vn -0.000000 0.098481 0.017365
vn 0.000000 0.100000 -0.000000
vn 0.000000 0.100000 -0.000000
vn 0.000000 0.098481 -0.017365
vn 0.000000 0.098481 -0.017365
vn 0.000000 0.093969 -0.034202
vn 0.000000 0.093969 -0.034202
vn 0.000000 0.086603 -0.050000
vn 0.000000 0.086603 -0.050000
vn 0.000000 0.076604 -0.064279
vn 0.000000 0.076604 -0.064279
vn 0.000000 0.064279 -0.076604
vn 0.000000 0.064279 -0.076604
vn 0.000000 0.050000 -0.086603
vn 0.000000 0.050000 -0.086603
vn 0.000000 0.034202 -0.093969
vn 0.000000 0.034202 -0.093969
vn 0.000000 -0.017365 -0.098481
vn 0.000000 -0.017365 -0.098481
vn 0.000000 0.000000 -0.100000
vn 0.000000 0.000000 -0.100000
vn 0.000000 0.017365 -0.098481
vn 0.000000 0.017365 -0.098481
vn 0.000000 0.034202 -0.093969
vn 0.000000 0.034202 -0.093969
vn 0.000000 0.050000 -0.086603
vn 0.000000 0.050000 -0.086603
vn 0.000000 0.064279 -0.076604
vn 0.000000 0.064279 -0.076604
vn 0.000000 0.076604 -0.064279
vn 0.000000 0.076604 -0.064279
vn 0.000000 0.086603 -0.050000
vn 0.000000 0.086603 -0.050000
vn 0.000000 0.093969 -0.034202
vn 0.000000 0.093969 -0.034202
vn 0.000000 0.098481 -0.017365
vn 0.000000 0.098481 -0.017365
vn 0.000000 0.100000 -0.000000
vn 0.000000 0.100000 -0.000000
vn -0.000000 0.098481 0.017365
vn -0.000000 0.098481 0.017365
vn -0.000000 0.093969 0.034202
vn -0.000000 0.093969 0.034202
vn -0.000000 0.086603 0.050000
vn -0.000000 0.086603 0.050000
vn -0.000000 0.076604 0.064279
vn -0.000000 0.076604 0.064279
vn -0.000000 0.064279 0.076604
vn -0.000000 0.064279 0.076604
vn -0.000000 0.050000 0.086603
vn -0.000000 0.050000 0.086603
vn -0.000000 0.034202 0.093969
vn -0.000000 0.034202 0.093969
vn -0.000000 0.017365 0.098481
vn -0.000000 0.017365 0.098481
vn -0.000000 0.000000 0.100000
vn -0.000000 0.000000 0.100000
vn -0.000000 -0.017365 0.098481
vn -0.000000 -0.017365 0.098481
vn -0.000000 -0.034202 0.093969
vn -0.000000 -0.034202 0.093969
vn -0.000000 -0.050000 0.086603
vn -0.000000 -0.050000 0.086603
vn -0.000000 -0.064279 0.076604
vn -0.000000 -0.064279 0.076604
vn -0.000000 -0.076604 0.064279
vn -0.000000 -0.076604 0.064279
vn -0.000000 -0.086603 0.050000
vn -0.000000 -0.086603 0.050000
vn -0.000000 -0.093969 0.034202
vn -0.000000 -0.093969 0.034202
vn -0.000000 -0.098481 0.017365
vn -0.000000 -0.098481 0.017365
vn 0.000000 -0.100000 -0.000000
vn 0.000000 -0.100000 -0.000000
vn 0.000000 -0.098481 -0.017365
vn 0.000000 -0.098481 -0.017365
vn 0.000000 -0.093969 -0.034202
vn 0.000000 -0.093969 -0.034202
vn 0.000000 -0.086603 -0.050000
vn 0.000000 -0.086603 -0.050000
vn 0.000000 -0.076604 -0.064279
vn 0.000000 -0.076604 -0.064279
vn 0.000000 -0.064279 -0.076604
vn 0.000000 -0.064279 -0.076604
vn 0.000000 -0.050000 -0.086603
vn 0.000000 -0.050000 -0.086603
vn 0.000000 -0.034202 -0.093969
vn 0.000000 -0.034202 -0.093969
vn 0.100000 0.000000 0.000000
vn 0.100000 0.000000 0.000000
vn 0.100000 0.000000 0.000000
vn 0.100000 0.000000 0.000000
vn 0.100000 0.000000 0.000000
vn 0.100000 0.000000 0.000000
vn 0.100000 0.000000 0.000000
vn 0.100000 0.000000 0.000000
vn 0.100000 0.000000 0.000000
vn 0.100000 0.000000 0.000000
vn 0.100000 0.000000 0.000000
vn 0.100000 0.000000 0.000000
vn 0.100000 0.000000 0.000000
vn 0.100000 0.000000 0.000000
vn 0.100000 0.000000 0.000000
vn 0.100000 0.000000 0.000000
vn 0.100000 0.000000 0.000000
vn 0.100000 0.000000 0.000000
vn 0.100000 0.000000 0.000000
vn 0.100000 0.000000 0.000000
vn 0.100000 0.000000 0.000000
vn 0.100000 0.000000 0.000000
vn 0.100000 0.000000 0.000000
vn 0.100000 0.000000 0.000000
vn 0.100000 0.000000 0.000000
vn 0.100000 0.000000 0.000000
vn 0.100000 0.000000 0.000000
vn 0.100000 0.000000 0.000000
vn 0.100000 0.000000 0.000000
vn 0.100000 0.000000 0.000000
vn 0.100000 0.000000 0.000000
vn 0.100000 0.000000 0.000000
vn 0.100000 0.000000 0.000000
vn 0.100000 0.000000 0.000000
vn 0.100000 0.000000 0.000000
vn 0.100000 0.000000 0.000000
vn 0.100000 0.000000 0.000000
vn 0.100000 0.000000 0.000000
vn 0.100000 0.000000 0.000000
vn 0.100000 0.000000 0.000000
vn 0.100000 0.000000 0.000000
vn 0.100000 0.000000 0.000000
vn 0.100000 0.000000 0.000000
vn 0.100000 0.000000 0.000000
vn 0.100000 0.000000 0.000000
vn 0.100000 0.000000 0.000000
vn 0.100000 0.000000 0.000000
vn 0.100000 0.000000 0.000000
vn 0.100000 0.000000 0.000000
vn 0.100000 0.000000 0.000000
vn 0.100000 0.000000 0.000000
vn 0.100000 0.000000 0.000000
vn 0.100000 0.000000 0.000000
vn 0.100000 0.000000 0.000000
vn 0.100000 0.000000 0.000000
vn 0.100000 0.000000 0.000000
vn 0.100000 0.000000 0.000000
vn 0.100000 0.000000 0.000000
vn 0.100000 0.000000 0.000000
vn 0.100000 0.000000 0.000000
vn 0.100000 0.000000 0.000000
vn 0.100000 0.000000 0.000000
vn 0.100000 0.000000 0.000000
vn 0.100000 0.000000 0.000000
vn 0.100000 0.000000 0.000000
vn 0.100000 0.000000 0.000000
vn 0.100000 0.000000 0.000000
vn 0.100000 0.000000 0.000000
vn 0.100000 0.000000 0.000000
vn 0.100000 0.000000 0.000000
vn 0.100000 0.000000 0.000000
vn 0.100000 0.000000 0.000000
vn 0.100000 0.000000 0.000000
vn 0.100000 0.000000 0.000000
vn 0.100000 0.000000 0.000000
vn 0.100000 0.000000 0.000000
vn 0.100000 0.000000 0.000000
vn 0.100000 0.000000 0.000000
vn 0.100000 0.000000 0.000000
vn 0.100000 0.000000 0.000000
vn 0.100000 0.000000 0.000000
vn 0.100000 0.000000 0.000000
vn 0.100000 0.000000 0.000000
vn 0.100000 0.000000 0.000000
vn -0.000000 0.000000 0.100000
vn -0.000000 0.000000 0.100000
vn -0.000000 0.000000 0.100000
vn -0.000000 0.000000 0.100000
vn 0.000000 -0.099381 -0.011111
vn 0.000000 -0.099381 -0.011111
vn 0.000000 -0.098731 -0.015881
vn 0.000000 -0.098731 -0.015881
vn 0.000000 -0.097852 -0.020615
vn 0.000000 -0.097852 -0.020615
vn 0.000000 -0.096747 -0.025300
vn 0.000000 -0.096747 -0.025300
vn 0.000000 -0.095417 -0.029927
vn 0.000000 -0.095417 -0.029927
vn 0.000000 -0.093866 -0.034485
vn 0.000000 -0.093866 -0.034485
vn 0.000000 -0.092097 -0.038962
vn 0.000000 -0.092097 -0.038962
vn 0.000000 -0.090116 -0.043350
vn 0.000000 -0.090116 -0.043350
vn 0.000000 -0.087925 -0.047637
vn 0.000000 -0.087925 -0.047637
vn 0.000000 -0.085530 -0.051813
vn 0.000000 -0.085530 -0.051813
vn 0.000000 -0.082937 -0.055869
vn 0.000000 -0.082937 -0.055869
vn 0.000000 -0.080152 -0.059796
vn 0.000000 -0.080152 -0.059796
vn 0.000000 -0.077182 -0.063585
vn 0.000000 -0.077182 -0.063585
vn 0.000000 -0.074032 -0.067226
vn 0.000000 -0.074032 -0.067226
vn 0.000000 -0.070711 -0.070711
vn 0.000000 -0.070711 -0.070711
vn 0.000000 -0.067226 -0.074032
vn 0.000000 -0.067226 -0.074032
vn 0.000000 -0.063585 -0.077182
vn 0.000000 -0.063585 -0.077182
vn 0.000000 -0.059796 -0.080152
vn 0.000000 -0.059796 -0.080152
vn 0.000000 -0.055869 -0.082937
vn 0.000000 -0.055869 -0.082937
vn 0.000000 -0.051813 -0.085530
vn 0.000000 -0.051813 -0.085530
vn 0.000000 -0.047637 -0.087925
vn 0.000000 -0.047637 -0.087925
vn 0.000000 -0.043350 -0.090116
vn 0.000000 -0.043350 -0.090116
vn 0.000000 -0.038962 -0.092097
vn 0.000000 -0.038962 -0.092097
vn 0.000000 -0.034485 -0.093866
vn 0.000000 -0.034485 -0.093866
vn 0.000000 -0.029927 -0.095417
vn 0.000000 -0.029927 -0.095417
vn 0.000000 -0.025300 -0.096747
vn 0.000000 -0.025300 -0.096747
vn 0.000000 -0.020615 -0.097852
vn 0.000000 -0.020615 -0.097852
vn 0.000000 -0.015881 -0.098731
vn 0.000000 -0.015881 -0.098731
vn 0.000000 -0.011111 -0.099381
vn 0.000000 -0.011111 -0.099381
vn 0.000000 0.100000 0.000000
vn 0.000000 0.100000 0.000000
vn 0.000000 0.100000 0.000000
vn 0.000000 0.100000 0.000000
vn -0.000000 -0.003406 0.099942
vn -0.000000 -0.003406 0.099942
vn -0.000000 0.005695 0.099838
vn -0.000000 0.005695 0.099838
vn -0.000000 0.014749 0.098906
vn -0.000000 0.014749 0.098906
vn -0.000000 0.023682 0.097155
vn -0.000000 0.023682 0.097155
vn -0.000000 0.032417 0.094600
vn -0.000000 0.032417 0.094600
vn -0.000000 0.040885 0.091260
vn -0.000000 0.040885 0.091260
vn -0.000000 0.049013 0.087165
vn -0.000000 0.049013 0.087165
vn -0.000000 0.056736 0.082347
vn -0.000000 0.056736 0.082347
vn -0.000000 0.063988 0.076847
vn -0.000000 0.063988 0.076847
vn -0.000000 0.070711 0.070711
vn -0.000000 0.070711 0.070711
vn -0.000000 0.076847 0.063988
vn -0.000000 0.076847 0.063988
vn -0.000000 0.082347 0.056736
vn -0.000000 0.082347 0.056736
vn -0.000000 0.087165 0.049013
vn -0.000000 0.087165 0.049013
vn -0.000000 0.091260 0.040885
vn -0.000000 0.091260 0.040885
vn -0.000000 0.094600 0.032417
vn -0.000000 0.094600 0.032417
vn -0.000000 0.097155 0.023682
vn -0.000000 0.097155 0.023682
vn -0.000000 0.098906 0.014749
vn -0.000000 0.098906 0.014749
vn -0.000000 0.099838 0.005695
vn -0.000000 0.099838 0.005695
vn 0.000000 0.099942 -0.003406
vn 0.000000 0.099942 -0.003406
vn -0.100000 0.000000 -0.000000
vn -0.100000 0.000000 -0.000000
vn -0.100000 0.000000 -0.000000
vn -0.100000 0.000000 -0.000000
vn -0.100000 0.000000 -0.000000
vn -0.100000 0.000000 -0.000000
vn -0.100000 0.000000 -0.000000
vn -0.100000 0.000000 -0.000000
vn -0.100000 0.000000 -0.000000
vn -0.100000 0.000000 -0.000000
vn -0.100000 0.000000 -0.000000
vn -0.100000 0.000000 -0.000000
vn -0.100000 0.000000 -0.000000
vn -0.100000 0.000000 -0.000000
vn -0.100000 0.000000 -0.000000
vn -0.100000 0.000000 -0.000000
vn -0.100000 0.000000 -0.000000
vn -0.100000 0.000000 -0.000000
vn -0.100000 0.000000 -0.000000
vn -0.100000 0.000000 -0.000000
vn -0.100000 0.000000 -0.000000
vn -0.100000 0.000000 -0.000000
vn -0.100000 0.000000 -0.000000
vn -0.100000 0.000000 -0.000000
vn -0.100000 0.000000 -0.000000
vn -0.100000 0.000000 -0.000000
vn -0.100000 0.000000 -0.000000
vn -0.100000 0.000000 -0.000000
vn -0.100000 0.000000 -0.000000
vn -0.100000 0.000000 -0.000000
vn -0.100000 0.000000 -0.000000
vn -0.100000 0.000000 -0.000000
vn -0.100000 0.000000 -0.000000
vn -0.100000 0.000000 -0.000000
vn -0.100000 0.000000 -0.000000
vn -0.100000 0.000000 -0.000000
vn -0.100000 0.000000 -0.000000
vn -0.100000 0.000000 -0.000000
vn -0.100000 0.000000 -0.000000
vn -0.100000 0.000000 -0.000000
vn -0.100000 0.000000 -0.000000
vn -0.100000 0.000000 -0.000000
vn -0.100000 0.000000 -0.000000
vn -0.100000 0.000000 -0.000000
vn -0.100000 0.000000 -0.000000
vn -0.100000 0.000000 -0.000000
vn -0.100000 0.000000 -0.000000
vn -0.100000 0.000000 -0.000000
vn -0.100000 0.000000 -0.000000
vn -0.100000 0.000000 -0.000000
vn -0.100000 0.000000 -0.000000
vn -0.100000 0.000000 -0.000000
vn -0.100000 0.000000 -0.000000
vn -0.100000 0.000000 -0.000000
vn -0.100000 0.000000 -0.000000
vn -0.100000 0.000000 -0.000000
vn -0.100000 0.000000 -0.000000
vn -0.100000 0.000000 -0.000000
vn -0.100000 0.000000 -0.000000
vn -0.100000 0.000000 -0.000000
vn -0.100000 0.000000 -0.000000
vn -0.100000 0.000000 -0.000000
vn -0.100000 0.000000 -0.000000
vn -0.100000 0.000000 -0.000000
vn -0.100000 0.000000 -0.000000
vn -0.100000 0.000000 -0.000000
vn -0.100000 0.000000 -0.000000
vn -0.100000 0.000000 -0.000000
vn -0.100000 0.000000 -0.000000
vn -0.100000 0.000000 -0.000000
vn -0.100000 0.000000 -0.000000
vn -0.100000 0.000000 -0.000000
vn -0.100000 0.000000 -0.000000
vn -0.100000 0.000000 -0.000000
vn -0.100000 0.000000 -0.000000
vn -0.100000 0.000000 -0.000000
vn -0.100000 0.000000 -0.000000
vn -0.100000 0.000000 -0.000000
vn -0.100000 0.000000 -0.000000
vn -0.100000 0.000000 -0.000000
vn -0.100000 0.000000 -0.000000
vn -0.100000 0.000000 -0.000000
vn -0.100000 0.000000 -0.000000
vn -0.100000 0.000000 -0.000000
vn 0.000000 0.017365 -0.098481
vn 0.000000 0.017365 -0.098481
vn 0.000000 0.000000 -0.100000
vn 0.000000 0.000000 -0.100000
vn 0.000000 -0.017365 -0.098481
vn 0.000000 -0.017365 -0.098481
vn 0.000000 -0.034202 -0.093969
vn 0.000000 -0.034202 -0.093969
vn 0.000000 -0.050000 -0.086603
vn 0.000000 -0.050000 -0.086603
vn 0.000000 -0.064279 -0.076604
vn 0.000000 -0.064279 -0.076604
vn 0.000000 -0.076604 -0.064279
vn 0.000000 -0.076604 -0.064279
vn 0.000000 -0.086603 -0.050000
vn 0.000000 -0.086603 -0.050000
vn 0.000000 -0.093969 -0.034202
vn 0.000000 -0.093969 -0.034202
vn 0.000000 -0.098481 -0.017365
vn 0.000000 -0.098481 -0.017365
vn 0.000000 -0.100000 -0.000000
vn 0.000000 -0.100000 -0.000000
vn -0.000000 -0.098481 0.017365
vn -0.000000 -0.098481 0.017365
vn -0.000000 -0.093969 0.034202
vn -0.000000 -0.093969 0.034202
vn -0.000000 -0.086603 0.050000
vn -0.000000 -0.086603 0.050000
vn -0.000000 -0.076604 0.064279
vn -0.000000 -0.076604 0.064279
vn -0.000000 -0.064279 0.076604
vn -0.000000 -0.064279 0.076604
vn -0.000000 -0.050000 0.086603
vn -0.000000 -0.050000 0.086603
vn -0.000000 -0.034202 0.093969
vn -0.000000 -0.034202 0.093969
vn -0.000000 -0.017365 0.098481
vn -0.000000 -0.017365 0.098481
vn -0.000000 -0.000000 0.100000
vn -0.000000 -0.000000 0.100000
vn -0.000000 0.017365 0.098481
vn -0.000000 0.017365 0.098481
vn -0.000000 0.034202 0.093969
vn -0.000000 0.034202 0.093969
vn -0.000000 0.050000 0.086603
vn -0.000000 0.050000 0.086603
vn -0.000000 0.064279 0.076604
vn -0.000000 0.064279 0.076604
vn -0.000000 0.076604 0.064279
vn -0.000000 0.076604 0.064279
vn -0.000000 0.086603 0.050000
vn -0.000000 0.086603 0.050000
vn -0.000000 0.093969 0.034202
vn -0.000000 0.093969 0.034202
vn -0.000000 0.098481 0.017365
vn -0.000000 0.098481 0.017365
vn 0.000000 0.100000 -0.000000
vn 0.000000 0.100000 -0.000000
vn 0.000000 0.098481 -0.017365
vn 0.000000 0.098481 -0.017365
vn 0.000000 0.093969 -0.034202
vn 0.000000 0.093969 -0.034202
vn 0.000000 0.086603 -0.050000
vn 0.000000 0.086603 -0.050000
vn 0.000000 0.076604 -0.064279
vn 0.000000 0.076604 -0.064279
vn 0.000000 0.064279 -0.076604
vn 0.000000 0.064279 -0.076604
vn 0.000000 0.050000 -0.086603
vn 0.000000 0.050000 -0.086603
vn 0.000000 0.034202 -0.093969
vn 0.000000 0.034202 -0.093969
vn 0.000000 -0.017365 -0.098481
vn 0.000000 -0.017365 -0.098481
vn 0.000000 0.000000 -0.100000
vn 0.000000 0.000000 -0.100000
vn 0.000000 0.017365 -0.098481
vn 0.000000 0.017365 -0.098481
vn 0.000000 0.034202 -0.093969
vn 0.000000 0.034202 -0.093969
vn 0.000000 0.050000 -0.086603
vn 0.000000 0.050000 -0.086603
vn 0.000000 0.064279 -0.076604
vn 0.000000 0.064279 -0.076604
vn 0.000000 0.076604 -0.064279
vn 0.000000 0.076604 -0.064279
vn 0.000000 0.086603 -0.050000
vn 0.000000 0.086603 -0.050000
vn 0.000000 0.093969 -0.034202
vn 0.000000 0.093969 -0.034202
vn 0.000000 0.098481 -0.017365
vn 0.000000 0.098481 -0.017365
vn -0.000000 0.100000 0.000000
vn -0.000000 0.100000 0.000000
vn -0.000000 0.098481 0.017365
vn -0.000000 0.098481 0.017365
vn -0.000000 0.093969 0.034202
vn -0.000000 0.093969 0.034202
vn -0.000000 0.086603 0.050000
vn -0.000000 0.086603 0.050000
vn -0.000000 0.076604 0.064279
vn -0.000000 0.076604 0.064279
vn -0.000000 0.064279 0.076604
vn -0.000000 0.064279 0.076604
vn -0.000000 0.050000 0.086603
vn -0.000000 0.050000 0.086603
vn -0.000000 0.034202 0.093969
vn -0.000000 0.034202 0.093969
vn -0.000000 0.017365 0.098481
vn -0.000000 0.017365 0.098481
vn -0.000000 0.000000 0.100000
vn -0.000000 0.000000 0.100000
vn -0.000000 -0.017365 0.098481
vn -0.000000 -0.017365 0.098481
vn -0.000000 -0.034202 0.093969
vn -0.000000 -0.034202 0.093969
vn -0.000000 -0.050000 0.086603
vn -0.000000 -0.050000 0.086603
vn -0.000000 -0.064279 0.076604
vn -0.000000 -0.064279 0.076604
vn -0.000000 -0.076604 0.064279
vn -0.000000 -0.076604 0.064279
vn -0.000000 -0.086603 0.050000
vn -0.000000 -0.086603 0.050000
vn -0.000000 -0.093969 0.034202
vn -0.000000 -0.093969 0.034202
vn -0.000000 -0.098481 0.017365
vn -0.000000 -0.098481 0.017365
vn -0.000000 -0.100000 0.000000
vn -0.000000 -0.100000 0.000000
vn 0.000000 -0.098481 -0.017365
vn 0.000000 -0.098481 -0.017365
vn 0.000000 -0.093969 -0.034202
vn 0.000000 -0.093969 -0.034202
vn 0.000000 -0.086603 -0.050000
vn 0.000000 -0.086603 -0.050000
vn 0.000000 -0.076604 -0.064279
vn 0.000000 -0.076604 -0.064279
vn 0.000000 -0.064279 -0.076604
vn 0.000000 -0.064279 -0.076604
vn 0.000000 -0.050000 -0.086603
vn 0.000000 -0.050000 -0.086603
vn 0.000000 -0.034202 -0.093969
vn 0.000000 -0.034202 -0.093969
vn 0.100000 0.000000 0.000000
vn 0.100000 0.000000 0.000000
vn 0.100000 0.000000 0.000000
vn 0.100000 0.000000 0.000000
vn 0.100000 0.000000 0.000000
vn 0.100000 0.000000 0.000000
vn 0.100000 0.000000 0.000000
vn 0.100000 0.000000 0.000000
vn 0.100000 0.000000 0.000000
vn 0.100000 0.000000 0.000000
vn 0.100000 0.000000 0.000000
vn 0.100000 0.000000 0.000000
vn 0.100000 0.000000 0.000000
vn 0.100000 0.000000 0.000000
vn 0.100000 0.000000 0.000000
vn 0.100000 0.000000 0.000000
vn 0.100000 0.000000 0.000000
vn 0.100000 0.000000 0.000000
vn 0.100000 0.000000 0.000000
vn 0.100000 0.000000 0.000000
vn 0.100000 0.000000 0.000000
vn 0.100000 0.000000 0.000000
vn 0.100000 0.000000 0.000000
vn 0.100000 0.000000 0.000000
vn 0.100000 0.000000 0.000000
vn 0.100000 0.000000 0.000000
vn 0.100000 0.000000 0.000000
vn 0.100000 0.000000 0.000000
vn 0.100000 0.000000 0.000000
vn 0.100000 0.000000 0.000000
vn 0.100000 0.000000 0.000000
vn 0.100000 0.000000 0.000000
vn 0.100000 0.000000 0.000000
vn 0.100000 0.000000 0.000000
vn 0.100000 0.000000 0.000000
vn 0.100000 0.000000 0.000000
vn 0.100000 0.000000 0.000000
vn 0.100000 0.000000 0.000000
vn 0.100000 0.000000 0.000000
vn 0.100000 0.000000 0.000000
vn 0.100000 0.000000 0.000000
vn 0.100000 0.000000 0.000000
vn 0.100000 0.000000 0.000000
vn 0.100000 0.000000 0.000000
vn 0.100000 0.000000 0.000000
vn 0.100000 0.000000 0.000000
vn 0.100000 0.000000 0.000000
vn 0.100000 0.000000 0.000000
vn 0.100000 0.000000 0.000000
vn 0.100000 0.000000 0.000000
vn 0.100000 0.000000 0.000000
vn 0.100000 0.000000 0.000000
vn 0.100000 0.000000 0.000000
vn 0.100000 0.000000 0.000000
vn 0.100000 0.000000 0.000000
vn 0.100000 0.000000 0.000000
vn 0.100000 0.000000 0.000000
vn 0.100000 0.000000 0.000000
vn 0.100000 0.000000 0.000000
vn 0.100000 0.000000 0.000000
vn 0.100000 0.000000 0.000000
vn 0.100000 0.000000 0.000000
vn 0.100000 0.000000 0.000000
vn 0.100000 0.000000 0.000000
vn 0.100000 0.000000 0.000000
vn 0.100000 0.000000 0.000000
vn 0.100000 0.000000 0.000000
vn 0.100000 0.000000 0.000000
vn 0.100000 0.000000 0.000000
vn 0.100000 0.000000 0.000000
vn 0.100000 0.000000 0.000000
vn 0.100000 0.000000 0.000000
vn 0.100000 0.000000 0.000000
vn 0.100000 0.000000 0.000000
vn 0.100000 0.000000 0.000000
vn 0.100000 0.000000 0.000000
vn 0.100000 0.000000 0.000000
vn 0.100000 0.000000 0.000000
vn 0.100000 0.000000 0.000000
vn 0.100000 0.000000 0.000000
vn 0.100000 0.000000 0.000000
vn 0.100000 0.000000 0.000000
vn 0.100000 0.000000 0.000000
vn 0.100000 0.000000 0.000000
vn -0.000000 0.000000 0.100000
vn -0.000000 0.000000 0.100000
vn -0.000000 0.000000 0.100000
vn -0.000000 0.000000 0.100000
vn 0.000000 -0.099381 -0.011111
vn 0.000000 -0.099381 -0.011111
vn 0.000000 -0.098731 -0.015881
vn 0.000000 -0.098731 -0.015881
vn 0.000000 -0.097852 -0.020615
vn 0.000000 -0.097852 -0.020615
vn 0.000000 -0.096747 -0.025300
vn 0.000000 -0.096747 -0.025300
vn 0.000000 -0.095417 -0.029927
vn 0.000000 -0.095417 -0.029927
vn 0.000000 -0.093866 -0.034485
vn 0.000000 -0.093866 -0.034485
vn 0.000000 -0.092097 -0.038962
vn 0.000000 -0.092097 -0.038962
vn 0.000000 -0.090116 -0.043350
vn 0.000000 -0.090116 -0.043350
vn 0.000000 -0.087925 -0.047637
vn 0.000000 -0.087925 -0.047637
vn 0.000000 -0.085530 -0.051813
vn 0.000000 -0.085530 -0.051813
vn 0.000000 -0.082937 -0.055869
vn 0.000000 -0.082937 -0.055869
vn 0.000000 -0.080152 -0.059796
vn 0.000000 -0.080152 -0.059796
vn 0.000000 -0.077182 -0.063585
vn 0.000000 -0.077182 -0.063585
vn 0.000000 -0.074032 -0.067226
vn 0.000000 -0.074032 -0.067226
vn 0.000000 -0.070711 -0.070711
vn 0.000000 -0.070711 -0.070711
vn 0.000000 -0.067226 -0.074032
vn 0.000000 -0.067226 -0.074032
vn 0.000000 -0.063585 -0.077182
vn 0.000000 -0.063585 -0.077182
vn 0.000000 -0.059796 -0.080152
vn 0.000000 -0.059796 -0.080152
vn 0.000000 -0.055869 -0.082937
vn 0.000000 -0.055869 -0.082937
vn 0.000000 -0.051813 -0.085530
vn 0.000000 -0.051813 -0.085530
vn 0.000000 -0.047637 -0.087925
vn 0.000000 -0.047637 -0.087925
vn 0.000000 -0.043350 -0.090116
vn 0.000000 -0.043350 -0.090116
vn 0.000000 -0.038962 -0.092097
vn 0.000000 -0.038962 -0.092097
vn 0.000000 -0.034485 -0.093866
vn 0.000000 -0.034485 -0.093866
vn 0.000000 -0.029927 -0.095417
vn 0.000000 -0.029927 -0.095417
vn 0.000000 -0.025300 -0.096747
vn 0.000000 -0.025300 -0.096747
vn 0.000000 -0.020615 -0.097852
vn 0.000000 -0.020615 -0.097852
vn 0.000000 -0.015881 -0.098731
vn 0.000000 -0.015881 -0.098731
vn 0.000000 -0.011111 -0.099381
vn 0.000000 -0.011111 -0.099381
vn 0.000000 0.100000 0.000000
vn 0.000000 0.100000 0.000000
vn 0.000000 0.100000 0.000000
vn 0.000000 0.100000 0.000000
vn -0.000000 -0.003406 0.099942
vn -0.000000 -0.003406 0.099942
vn -0.000000 0.005695 0.099838
vn -0.000000 0.005695 0.099838
vn -0.000000 0.014749 0.098906
vn -0.000000 0.014749 0.098906
vn -0.000000 0.023682 0.097155
vn -0.000000 0.023682 0.097155
vn -0.000000 0.032417 0.094600
vn -0.000000 0.032417 0.094600
vn -0.000000 0.040885 0.091260
vn -0.000000 0.040885 0.091260
vn -0.000000 0.049013 0.087165
vn -0.000000 0.049013 0.087165
vn -0.000000 0.056736 0.082347
vn -0.000000 0.056736 0.082347
vn -0.000000 0.063988 0.076847
vn -0.000000 0.063988 0.076847
vn -0.000000 0.070711 0.070711
vn -0.000000 0.070711 0.070711
vn -0.000000 0.076847 0.063988
vn -0.000000 0.076847 0.063988
vn -0.000000 0.082347 0.056736
vn -0.000000 0.082347 0.056736
vn -0.000000 0.087165 0.049013
vn -0.000000 0.087165 0.049013
vn -0.000000 0.091260 0.040885
vn -0.000000 0.091260 0.040885
vn -0.000000 0.094600 0.032417
vn -0.000000 0.094600 0.032417
vn -0.000000 0.097155 0.023682
vn -0.000000 0.097155 0.023682
vn -0.000000 0.098906 0.014749
vn -0.000000 0.098906 0.014749
vn -0.000000 0.099838 0.005695
vn -0.000000 0.099838 0.005695
vn 0.000000 0.099942 -0.003406
vn 0.000000 0.099942 -0.003406
vn -0.100000 0.000000 -0.000000
vn -0.100000 0.000000 -0.000000
vn -0.100000 0.000000 -0.000000
vn -0.100000 0.000000 -0.000000
vn -0.100000 0.000000 -0.000000
vn -0.100000 0.000000 -0.000000
vn -0.100000 0.000000 -0.000000
vn -0.100000 0.000000 -0.000000
vn -0.100000 0.000000 -0.000000
vn -0.100000 0.000000 -0.000000
vn -0.100000 0.000000 -0.000000
vn -0.100000 0.000000 -0.000000
vn -0.100000 0.000000 -0.000000
vn -0.100000 0.000000 -0.000000
vn -0.100000 0.000000 -0.000000
vn -0.100000 0.000000 -0.000000
vn -0.100000 0.000000 -0.000000
vn -0.100000 0.000000 -0.000000
vn -0.100000 0.000000 -0.000000
vn -0.100000 0.000000 -0.000000
vn -0.100000 0.000000 -0.000000
vn -0.100000 0.000000 -0.000000
vn -0.100000 0.000000 -0.000000
vn -0.100000 0.000000 -0.000000
vn -0.100000 0.000000 -0.000000
vn -0.100000 0.000000 -0.000000
vn -0.100000 0.000000 -0.000000
vn -0.100000 0.000000 -0.000000
vn -0.100000 0.000000 -0.000000
vn -0.100000 0.000000 -0.000000
vn -0.100000 0.000000 -0.000000
vn -0.100000 0.000000 -0.000000
vn -0.100000 0.000000 -0.000000
vn -0.100000 0.000000 -0.000000
vn -0.100000 0.000000 -0.000000
vn -0.100000 0.000000 -0.000000
vn -0.100000 0.000000 -0.000000
vn -0.100000 0.000000 -0.000000
vn -0.100000 0.000000 -0.000000
vn -0.100000 0.000000 -0.000000
vn -0.100000 0.000000 -0.000000
vn -0.100000 0.000000 -0.000000
vn -0.100000 0.000000 -0.000000
vn -0.100000 0.000000 -0.000000
vn -0.100000 0.000000 -0.000000
vn -0.100000 0.000000 -0.000000
vn -0.100000 0.000000 -0.000000
vn -0.100000 0.000000 -0.000000
vn -0.100000 0.000000 -0.000000
vn -0.100000 0.000000 -0.000000
vn -0.100000 0.000000 -0.000000
vn -0.100000 0.000000 -0.000000
vn -0.100000 0.000000 -0.000000
vn -0.100000 0.000000 -0.000000
vn -0.100000 0.000000 -0.000000
vn -0.100000 0.000000 -0.000000
vn -0.100000 0.000000 -0.000000
vn -0.100000 0.000000 -0.000000
vn -0.100000 0.000000 -0.000000
vn -0.100000 0.000000 -0.000000
vn -0.100000 0.000000 -0.000000
vn -0.100000 0.000000 -0.000000
vn -0.100000 0.000000 -0.000000
vn -0.100000 0.000000 -0.000000
vn -0.100000 0.000000 -0.000000
vn -0.100000 0.000000 -0.000000
vn -0.100000 0.000000 -0.000000
vn -0.100000 0.000000 -0.000000
vn -0.100000 0.000000 -0.000000
vn -0.100000 0.000000 -0.000000
vn -0.100000 0.000000 -0.000000
vn -0.100000 0.000000 -0.000000
vn -0.100000 0.000000 -0.000000
vn -0.100000 0.000000 -0.000000
vn -0.100000 0.000000 -0.000000
vn -0.100000 0.000000 -0.000000
vn -0.100000 0.000000 -0.000000
vn -0.100000 0.000000 -0.000000
vn -0.100000 0.000000 -0.000000
vn -0.100000 0.000000 -0.000000
vn -0.100000 0.000000 -0.000000
vn -0.100000 0.000000 -0.000000
vn -0.100000 0.000000 -0.000000
vn -0.100000 0.000000 -0.000000
vn 0.000000 0.017365 -0.098481
vn 0.000000 0.017365 -0.098481
vn 0.000000 0.000000 -0.100000
vn 0.000000 0.000000 -0.100000
vn 0.000000 -0.017365 -0.098481
vn 0.000000 -0.017365 -0.098481
vn 0.000000 -0.034202 -0.093969
vn 0.000000 -0.034202 -0.093969
vn 0.000000 -0.050000 -0.086603
vn 0.000000 -0.050000 -0.086603
vn 0.000000 -0.064279 -0.076604
vn 0.000000 -0.064279 -0.076604
vn 0.000000 -0.076604 -0.064279
vn 0.000000 -0.076604 -0.064279
vn 0.000000 -0.086603 -0.050000
vn 0.000000 -0.086603 -0.050000
vn 0.000000 -0.093969 -0.034202
vn 0.000000 -0.093969 -0.034202
vn 0.000000 -0.098481 -0.017365
vn 0.000000 -0.098481 -0.017365
vn -0.000000 -0.100000 0.000000
vn -0.000000 -0.100000 0.000000
vn -0.000000 -0.098481 0.017365
vn -0.000000 -0.098481 0.017365
vn -0.000000 -0.093969 0.034202
vn -0.000000 -0.093969 0.034202
vn -0.000000 -0.086603 0.050000
vn -0.000000 -0.086603 0.050000
vn -0.000000 -0.076604 0.064279
vn -0.000000 -0.076604 0.064279
vn -0.000000 -0.064279 0.076604
vn -0.000000 -0.064279 0.076604
vn -0.000000 -0.050000 0.086603
vn -0.000000 -0.050000 0.086603
vn -0.000000 -0.034202 0.093969
vn -0.000000 -0.034202 0.093969
vn -0.000000 -0.017365 0.098481
vn -0.000000 -0.017365 0.098481
vn -0.000000 -0.000000 0.100000
vn -0.000000 -0.000000 0.100000
vn -0.000000 0.017365 0.098481
vn -0.000000 0.017365 0.098481
vn -0.000000 0.034202 0.093969
vn -0.000000 0.034202 0.093969
vn -0.000000 0.050000 0.086603
vn -0.000000 0.050000 0.086603
vn -0.000000 0.064279 0.076604
vn -0.000000 0.064279 0.076604
vn -0.000000 0.076604 0.064279
vn -0.000000 0.076604 0.064279
vn -0.000000 0.086603 0.050000
vn -0.000000 0.086603 0.050000
vn -0.000000 0.093969 0.034202
vn -0.000000 0.093969 0.034202
vn -0.000000 0.098481 0.017365
vn -0.000000 0.098481 0.017365
vn -0.000000 0.100000 0.000000
vn -0.000000 0.100000 0.000000
vn 0.000000 0.098481 -0.017365
vn 0.000000 0.098481 -0.017365
vn 0.000000 0.093969 -0.034202
vn 0.000000 0.093969 -0.034202
vn 0.000000 0.086603 -0.050000
vn 0.000000 0.086603 -0.050000
vn 0.000000 0.076604 -0.064279
vn 0.000000 0.076604 -0.064279
vn 0.000000 0.064279 -0.076604
vn 0.000000 0.064279 -0.076604
vn 0.000000 0.050000 -0.086603
vn 0.000000 0.050000 -0.086603
vn 0.000000 0.034202 -0.093969
vn 0.000000 0.034202 -0.093969
vn 0.000000 -0.017365 -0.098481
vn 0.000000 -0.017365 -0.098481
vn 0.000000 0.000000 -0.100000
vn 0.000000 0.000000 -0.100000
vn 0.000000 0.017365 -0.098481
vn 0.000000 0.017365 -0.098481
vn 0.000000 0.034202 -0.093969
vn 0.000000 0.034202 -0.093969
vn 0.000000 0.050000 -0.086603
vn 0.000000 0.050000 -0.086603
vn 0.000000 0.064279 -0.076604
vn 0.000000 0.064279 -0.076604
vn 0.000000 0.076604 -0.064279
vn 0.000000 0.076604 -0.064279
vn 0.000000 0.086603 -0.050000
vn 0.000000 0.086603 -0.050000
vn 0.000000 0.093969 -0.034202
vn 0.000000 0.093969 -0.034202
vn 0.000000 0.098481 -0.017365
vn 0.000000 0.098481 -0.017365
vn -0.000000 0.100000 0.000000
vn -0.000000 0.100000 0.000000
vn -0.000000 0.098481 0.017365
vn -0.000000 0.098481 0.017365
vn -0.000000 0.093969 0.034202
vn -0.000000 0.093969 0.034202
vn -0.000000 0.086603 0.050000
vn -0.000000 0.086603 0.050000
vn -0.000000 0.076604 0.064279
vn -0.000000 0.076604 0.064279
vn -0.000000 0.064279 0.076604
vn -0.000000 0.064279 0.076604
vn -0.000000 0.050000 0.086603
vn -0.000000 0.050000 0.086603
vn -0.000000 0.034202 0.093969
vn -0.000000 0.034202 0.093969
vn -0.000000 0.017365 0.098481
vn -0.000000 0.017365 0.098481
vn -0.000000 0.000000 0.100000
vn -0.000000 0.000000 0.100000
vn -0.000000 -0.017365 0.098481
vn -0.000000 -0.017365 0.098481
vn -0.000000 -0.034202 0.093969
vn -0.000000 -0.034202 0.093969
vn -0.000000 -0.050000 0.086603
vn -0.000000 -0.050000 0.086603
vn -0.000000 -0.064279 0.076604
vn -0.000000 -0.064279 0.076604
vn -0.000000 -0.076604 0.064279
vn -0.000000 -0.076604 0.064279
vn -0.000000 -0.086603 0.050000
vn -0.000000 -0.086603 0.050000
vn -0.000000 -0.093969 0.034202
vn -0.000000 -0.093969 0.034202
vn -0.000000 -0.098481 0.017365
vn -0.000000 -0.098481 0.017365
vn -0.000000 -0.100000 0.000000
vn -0.000000 -0.100000 0.000000
vn 0.000000 -0.098481 -0.017365
vn 0.000000 -0.098481 -0.017365
vn 0.000000 -0.093969 -0.034202
vn 0.000000 -0.093969 -0.034202
vn 0.000000 -0.086603 -0.050000
vn 0.000000 -0.086603 -0.050000
vn 0.000000 -0.076604 -0.064279
vn 0.000000 -0.076604 -0.064279
vn 0.000000 -0.064279 -0.076604
vn 0.000000 -0.064279 -0.076604
vn 0.000000 -0.050000 -0.086603
vn 0.000000 -0.050000 -0.086603
vn 0.000000 -0.034202 -0.093969
vn 0.000000 -0.034202 -0.093969
vn 0.100000 0.000000 0.000000
vn 0.100000 0.000000 0.000000
vn 0.100000 0.000000 0.000000
vn 0.100000 0.000000 0.000000
vn 0.100000 0.000000 0.000000
vn 0.100000 0.000000 0.000000
vn 0.100000 0.000000 0.000000
vn 0.100000 0.000000 0.000000
vn 0.100000 0.000000 0.000000
vn 0.100000 0.000000 0.000000
vn 0.100000 0.000000 0.000000
vn 0.100000 0.000000 0.000000
vn 0.100000 0.000000 0.000000
vn 0.100000 0.000000 0.000000
vn 0.100000 0.000000 0.000000
vn 0.100000 0.000000 0.000000
vn 0.100000 0.000000 0.000000
vn 0.100000 0.000000 0.000000
vn 0.100000 0.000000 0.000000
vn 0.100000 0.000000 0.000000
vn 0.100000 0.000000 0.000000
vn 0.100000 0.000000 0.000000
vn 0.100000 0.000000 0.000000
vn 0.100000 0.000000 0.000000
vn 0.100000 0.000000 0.000000
vn 0.100000 0.000000 0.000000
vn 0.100000 0.000000 0.000000
vn 0.100000 0.000000 0.000000
vn 0.100000 0.000000 0.000000
vn 0.100000 0.000000 0.000000
vn 0.100000 0.000000 0.000000
vn 0.100000 0.000000 0.000000
vn 0.100000 0.000000 0.000000
vn 0.100000 0.000000 0.000000
vn 0.100000 0.000000 0.000000
vn 0.100000 0.000000 0.000000
vn 0.100000 0.000000 0.000000
vn 0.100000 0.000000 0.000000
vn 0.100000 0.000000 0.000000
vn 0.100000 0.000000 0.000000
vn 0.100000 0.000000 0.000000
vn 0.100000 0.000000 0.000000
vn 0.100000 0.000000 0.000000
vn 0.100000 0.000000 0.000000
vn 0.100000 0.000000 0.000000
vn 0.100000 0.000000 0.000000
vn 0.100000 0.000000 0.000000
vn 0.100000 0.000000 0.000000
vn 0.100000 0.000000 0.000000
vn 0.100000 0.000000 0.000000
vn 0.100000 0.000000 0.000000
vn 0.100000 0.000000 0.000000
vn 0.100000 0.000000 0.000000
vn 0.100000 0.000000 0.000000
vn 0.100000 0.000000 0.000000
vn 0.100000 0.000000 0.000000
vn 0.100000 0.000000 0.000000
vn 0.100000 0.000000 0.000000
vn 0.100000 0.000000 0.000000
vn 0.100000 0.000000 0.000000
vn 0.100000 0.000000 0.000000
vn 0.100000 0.000000 0.000000
vn 0.100000 0.000000 0.000000
vn 0.100000 0.000000 0.000000
vn 0.100000 0.000000 0.000000
vn 0.100000 0.000000 0.000000
vn 0.100000 0.000000 0.000000
vn 0.100000 0.000000 0.000000
vn 0.100000 0.000000 0.000000
vn 0.100000 0.000000 0.000000
vn 0.100000 0.000000 0.000000
vn 0.100000 0.000000 0.000000
vn 0.100000 0.000000 0.000000
vn 0.100000 0.000000 0.000000
vn 0.100000 0.000000 0.000000
vn 0.100000 0.000000 0.000000
vn 0.100000 0.000000 0.000000
vn 0.100000 0.000000 0.000000
vn 0.100000 0.000000 0.000000
vn 0.100000 0.000000 0.000000
vn 0.100000 0.000000 0.000000
vn 0.100000 0.000000 0.000000
vn 0.100000 0.000000 0.000000
vn 0.100000 0.000000 0.000000
vn -0.000000 0.000000 0.100000
vn -0.000000 0.000000 0.100000
vn -0.000000 0.000000 0.100000
vn -0.000000 0.000000 0.100000
vn 0.000000 -0.099381 -0.011111
vn 0.000000 -0.099381 -0.011111
vn 0.000000 -0.098731 -0.015881
vn 0.000000 -0.098731 -0.015881
vn 0.000000 -0.097852 -0.020615
vn 0.000000 -0.097852 -0.020615
vn 0.000000 -0.096747 -0.025300
vn 0.000000 -0.096747 -0.025300
vn 0.000000 -0.095417 -0.029927
vn 0.000000 -0.095417 -0.029927
vn 0.000000 -0.093866 -0.034485
vn 0.000000 -0.093866 -0.034485
vn 0.000000 -0.092097 -0.038962
vn 0.000000 -0.092097 -0.038962
vn 0.000000 -0.090116 -0.043350
vn 0.000000 -0.090116 -0.043350
vn 0.000000 -0.087925 -0.047637
vn 0.000000 -0.087925 -0.047637
vn 0.000000 -0.085530 -0.051813
vn 0.000000 -0.085530 -0.051813
vn 0.000000 -0.082937 -0.055869
vn 0.000000 -0.082937 -0.055869
vn 0.000000 -0.080152 -0.059796
vn 0.000000 -0.080152 -0.059796
vn 0.000000 -0.077182 -0.063585
vn 0.000000 -0.077182 -0.063585
vn 0.000000 -0.074032 -0.067226
vn 0.000000 -0.074032 -0.067226
vn 0.000000 -0.070711 -0.070711
vn 0.000000 -0.070711 -0.070711
vn 0.000000 -0.067226 -0.074032
vn 0.000000 -0.067226 -0.074032
vn 0.000000 -0.063585 -0.077182
vn 0.000000 -0.063585 -0.077182
vn 0.000000 -0.059796 -0.080152
vn 0.000000 -0.059796 -0.080152
vn 0.000000 -0.055869 -0.082937
vn 0.000000 -0.055869 -0.082937
vn 0.000000 -0.051813 -0.085530
vn 0.000000 -0.051813 -0.085530
vn 0.000000 -0.047637 -0.087925
vn 0.000000 -0.047637 -0.087925
vn 0.000000 -0.043350 -0.090116
vn 0.000000 -0.043350 -0.090116
vn 0.000000 -0.038962 -0.092097
vn 0.000000 -0.038962 -0.092097
vn 0.000000 -0.034485 -0.093866
vn 0.000000 -0.034485 -0.093866
vn 0.000000 -0.029927 -0.095417
vn 0.000000 -0.029927 -0.095417
vn 0.000000 -0.025300 -0.096747
vn 0.000000 -0.025300 -0.096747
vn 0.000000 -0.020615 -0.097852
vn 0.000000 -0.020615 -0.097852
vn 0.000000 -0.015881 -0.098731
vn 0.000000 -0.015881 -0.098731
vn 0.000000 -0.011111 -0.099381
vn 0.000000 -0.011111 -0.099381
vn 0.000000 0.100000 0.000000
vn 0.000000 0.100000 0.000000
vn 0.000000 0.100000 0.000000
vn 0.000000 0.100000 0.000000
vn -0.000000 -0.003406 0.099942
vn -0.000000 -0.003406 0.099942
vn -0.000000 0.005695 0.099838
vn -0.000000 0.005695 0.099838
vn -0.000000 0.014749 0.098906
vn -0.000000 0.014749 0.098906
vn -0.000000 0.023682 0.097155
vn -0.000000 0.023682 0.097155
vn -0.000000 0.032417 0.094600
vn -0.000000 0.032417 0.094600
vn -0.000000 0.040885 0.091260
vn -0.000000 0.040885 0.091260
vn -0.000000 0.049013 0.087165
vn -0.000000 0.049013 0.087165
vn -0.000000 0.056736 0.082347
vn -0.000000 0.056736 0.082347
vn -0.000000 0.063988 0.076847
vn -0.000000 0.063988 0.076847
vn -0.000000 0.070711 0.070711
vn -0.000000 0.070711 0.070711
vn -0.000000 0.076847 0.063988
vn -0.000000 0.076847 0.063988
vn -0.000000 0.082347 0.056736
vn -0.000000 0.082347 0.056736
vn -0.000000 0.087165 0.049013
vn -0.000000 0.087165 0.049013
vn -0.000000 0.091260 0.040885
vn -0.000000 0.091260 0.040885
vn -0.000000 0.094600 0.032417
vn -0.000000 0.094600 0.032417
vn -0.000000 0.097155 0.023682
vn -0.000000 0.097155 0.023682
vn -0.000000 0.098906 0.014749
vn -0.000000 0.098906 0.014749
vn -0.000000 0.099838 0.005695
vn -0.000000 0.099838 0.005695
vn 0.000000 0.099942 -0.003406
vn 0.000000 0.099942 -0.003406
vn -0.100000 0.000000 -0.000000
vn -0.100000 0.000000 -0.000000
vn -0.100000 0.000000 -0.000000
vn -0.100000 0.000000 -0.000000
vn -0.100000 0.000000 -0.000000
vn -0.100000 0.000000 -0.000000
vn -0.100000 0.000000 -0.000000
vn -0.100000 0.000000 -0.000000
vn -0.100000 0.000000 -0.000000
vn -0.100000 0.000000 -0.000000
vn -0.100000 0.000000 -0.000000
vn -0.100000 0.000000 -0.000000
vn -0.100000 0.000000 -0.000000
vn -0.100000 0.000000 -0.000000
vn -0.100000 0.000000 -0.000000
vn -0.100000 0.000000 -0.000000
vn -0.100000 0.000000 -0.000000
vn -0.100000 0.000000 -0.000000
vn -0.100000 0.000000 -0.000000
vn -0.100000 0.000000 -0.000000
vn -0.100000 0.000000 -0.000000
vn -0.100000 0.000000 -0.000000
vn -0.100000 0.000000 -0.000000
vn -0.100000 0.000000 -0.000000
vn -0.100000 0.000000 -0.000000
vn -0.100000 0.000000 -0.000000
vn -0.100000 0.000000 -0.000000
vn -0.100000 0.000000 -0.000000
vn -0.100000 0.000000 -0.000000
vn -0.100000 0.000000 -0.000000
vn -0.100000 0.000000 -0.000000
vn -0.100000 0.000000 -0.000000
vn -0.100000 0.000000 -0.000000
vn -0.100000 0.000000 -0.000000
vn -0.100000 0.000000 -0.000000
vn -0.100000 0.000000 -0.000000
vn -0.100000 0.000000 -0.000000
vn -0.100000 0.000000 -0.000000
vn -0.100000 0.000000 -0.000000
vn -0.100000 0.000000 -0.000000
vn -0.100000 0.000000 -0.000000
vn -0.100000 0.000000 -0.000000
vn -0.100000 0.000000 -0.000000
vn -0.100000 0.000000 -0.000000
vn -0.100000 0.000000 -0.000000
vn -0.100000 0.000000 -0.000000
vn -0.100000 0.000000 -0.000000
vn -0.100000 0.000000 -0.000000
vn -0.100000 0.000000 -0.000000
vn -0.100000 0.000000 -0.000000
vn -0.100000 0.000000 -0.000000
vn -0.100000 0.000000 -0.000000
vn -0.100000 0.000000 -0.000000
vn -0.100000 0.000000 -0.000000
vn -0.100000 0.000000 -0.000000
vn -0.100000 0.000000 -0.000000
vn -0.100000 0.000000 -0.000000
vn -0.100000 0.000000 -0.000000
vn -0.100000 0.000000 -0.000000
vn -0.100000 0.000000 -0.000000
vn -0.100000 0.000000 -0.000000
vn -0.100000 0.000000 -0.000000
vn -0.100000 0.000000 -0.000000
vn -0.100000 0.000000 -0.000000
vn -0.100000 0.000000 -0.000000
vn -0.100000 0.000000 -0.000000
vn -0.100000 0.000000 -0.000000
vn -0.100000 0.000000 -0.000000
vn -0.100000 0.000000 -0.000000
vn -0.100000 0.000000 -0.000000
vn -0.100000 0.000000 -0.000000
vn -0.100000 0.000000 -0.000000
vn -0.100000 0.000000 -0.000000
vn -0.100000 0.000000 -0.000000
vn -0.100000 0.000000 -0.000000
vn -0.100000 0.000000 -0.000000
vn -0.100000 0.000000 -0.000000
vn -0.100000 0.000000 -0.000000
vn -0.100000 0.000000 -0.000000
vn -0.100000 0.000000 -0.000000
vn -0.100000 0.000000 -0.000000
vn -0.100000 0.000000 -0.000000
vn -0.100000 0.000000 -0.000000
vn -0.100000 0.000000 -0.000000
vn 0.000000 0.017365 -0.098481
vn 0.000000 0.017365 -0.098481
vn 0.000000 0.000000 -0.100000
vn 0.000000 0.000000 -0.100000
vn 0.000000 -0.017365 -0.098481
vn 0.000000 -0.017365 -0.098481
vn 0.000000 -0.034202 -0.093969
vn 0.000000 -0.034202 -0.093969
vn 0.000000 -0.050000 -0.086603
vn 0.000000 -0.050000 -0.086603
vn 0.000000 -0.064279 -0.076604
vn 0.000000 -0.064279 -0.076604
vn 0.000000 -0.076604 -0.064279
vn 0.000000 -0.076604 -0.064279
vn 0.000000 -0.086603 -0.050000
vn 0.000000 -0.086603 -0.050000
vn 0.000000 -0.093969 -0.034202
vn 0.000000 -0.093969 -0.034202
vn 0.000000 -0.098481 -0.017365
vn 0.000000 -0.098481 -0.017365
vn 0.000000 -0.100000 -0.000000
vn 0.000000 -0.100000 -0.000000
vn -0.000000 -0.098481 0.017365
vn -0.000000 -0.098481 0.017365
vn -0.000000 -0.093969 0.034202
vn -0.000000 -0.093969 0.034202
vn -0.000000 -0.086603 0.050000
vn -0.000000 -0.086603 0.050000
vn -0.000000 -0.076604 0.064279
vn -0.000000 -0.076604 0.064279
vn -0.000000 -0.064279 0.076604
vn -0.000000 -0.064279 0.076604
vn -0.000000 -0.050000 0.086603
vn -0.000000 -0.050000 0.086603
vn -0.000000 -0.034202 0.093969
vn -0.000000 -0.034202 0.093969
vn -0.000000 -0.017365 0.098481
vn -0.000000 -0.017365 0.098481
vn -0.000000 -0.000000 0.100000
vn -0.000000 -0.000000 0.100000
vn -0.000000 0.017365 0.098481
vn -0.000000 0.017365 0.098481
vn -0.000000 0.034202 0.093969
vn -0.000000 0.034202 0.093969
vn -0.000000 0.050000 0.086603
vn -0.000000 0.050000 0.086603
vn -0.000000 0.064279 0.076604
vn -0.000000 0.064279 0.076604
vn -0.000000 0.076604 0.064279
vn -0.000000 0.076604 0.064279
vn -0.000000 0.086603 0.050000
vn -0.000000 0.086603 0.050000
vn -0.000000 0.093969 0.034202
vn -0.000000 0.093969 0.034202
vn -0.000000 0.098481 0.017365
vn -0.000000 0.098481 0.017365
vn 0.000000 0.100000 -0.000000
vn 0.000000 0.100000 -0.000000
vn 0.000000 0.098481 -0.017365
vn 0.000000 0.098481 -0.017365
vn 0.000000 0.093969 -0.034202
vn 0.000000 0.093969 -0.034202
vn 0.000000 0.086603 -0.050000
vn 0.000000 0.086603 -0.050000
vn 0.000000 0.076604 -0.064279
vn 0.000000 0.076604 -0.064279
vn 0.000000 0.064279 -0.076604
vn 0.000000 0.064279 -0.076604
vn 0.000000 0.050000 -0.086603
vn 0.000000 0.050000 -0.086603
vn 0.000000 0.034202 -0.093969
vn 0.000000 0.034202 -0.093969
vn 0.000000 -0.017365 -0.098481
vn 0.000000 -0.017365 -0.098481
vn 0.000000 0.000000 -0.100000
vn 0.000000 0.000000 -0.100000
vn 0.000000 0.017365 -0.098481
vn 0.000000 0.017365 -0.098481
vn 0.000000 0.034202 -0.093969
vn 0.000000 0.034202 -0.093969
vn 0.000000 0.050000 -0.086603
vn 0.000000 0.050000 -0.086603
vn 0.000000 0.064279 -0.076604
vn 0.000000 0.064279 -0.076604
vn 0.000000 0.076604 -0.064279
vn 0.000000 0.076604 -0.064279
vn 0.000000 0.086603 -0.050000
vn 0.000000 0.086603 -0.050000
vn 0.000000 0.093969 -0.034202
vn 0.000000 0.093969 -0.034202
vn 0.000000 0.098481 -0.017365
vn 0.000000 0.098481 -0.017365
vn 0.000000 0.100000 -0.000000
vn 0.000000 0.100000 -0.000000
vn -0.000000 0.098481 0.017365
vn -0.000000 0.098481 0.017365
vn -0.000000 0.093969 0.034202
vn -0.000000 0.093969 0.034202
vn -0.000000 0.086603 0.050000
vn -0.000000 0.086603 0.050000
vn -0.000000 0.076604 0.064279
vn -0.000000 0.076604 0.064279
vn -0.000000 0.064279 0.076604
vn -0.000000 0.064279 0.076604
vn -0.000000 0.050000 0.086603
vn -0.000000 0.050000 0.086603
vn -0.000000 0.034202 0.093969
vn -0.000000 0.034202 0.093969
vn -0.000000 0.017365 0.098481
vn -0.000000 0.017365 0.098481
vn -0.000000 0.000000 0.100000
vn -0.000000 0.000000 0.100000
vn -0.000000 -0.017365 0.098481
vn -0.000000 -0.017365 0.098481
vn -0.000000 -0.034202 0.093969
vn -0.000000 -0.034202 0.093969
vn -0.000000 -0.050000 0.086603
vn -0.000000 -0.050000 0.086603
vn -0.000000 -0.064279 0.076604
vn -0.000000 -0.064279 0.076604
vn -0.000000 -0.076604 0.064279
vn -0.000000 -0.076604 0.064279
vn -0.000000 -0.086603 0.050000
vn -0.000000 -0.086603 0.050000
vn -0.000000 -0.093969 0.034202
vn -0.000000 -0.093969 0.034202
vn -0.000000 -0.098481 0.017365
vn -0.000000 -0.098481 0.017365
vn 0.000000 -0.100000 -0.000000
vn 0.000000 -0.100000 -0.000000
vn 0.000000 -0.098481 -0.017365
vn 0.000000 -0.098481 -0.017365
vn 0.000000 -0.093969 -0.034202
vn 0.000000 -0.093969 -0.034202
vn 0.000000 -0.086603 -0.050000
vn 0.000000 -0.086603 -0.050000
vn 0.000000 -0.076604 -0.064279
vn 0.000000 -0.076604 -0.064279
vn 0.000000 -0.064279 -0.076604
vn 0.000000 -0.064279 -0.076604
vn 0.000000 -0.050000 -0.086603
vn 0.000000 -0.050000 -0.086603
vn 0.000000 -0.034202 -0.093969
vn 0.000000 -0.034202 -0.093969
vn 0.100000 0.000000 0.000000
vn 0.100000 0.000000 0.000000
vn 0.100000 0.000000 0.000000
vn 0.100000 0.000000 0.000000
vn 0.100000 0.000000 0.000000
vn 0.100000 0.000000 0.000000
vn 0.100000 0.000000 0.000000
vn 0.100000 0.000000 0.000000
vn 0.100000 0.000000 0.000000
vn 0.100000 0.000000 0.000000
vn 0.100000 0.000000 0.000000
vn 0.100000 0.000000 0.000000
vn 0.100000 0.000000 0.000000
vn 0.100000 0.000000 0.000000
vn 0.100000 0.000000 0.000000
vn 0.100000 0.000000 0.000000
vn 0.100000 0.000000 0.000000
vn 0.100000 0.000000 0.000000
vn 0.100000 0.000000 0.000000
vn 0.100000 0.000000 0.000000
vn 0.100000 0.000000 0.000000
vn 0.100000 0.000000 0.000000
vn 0.100000 0.000000 0.000000
vn 0.100000 0.000000 0.000000
vn 0.100000 0.000000 0.000000
vn 0.100000 0.000000 0.000000
vn 0.100000 0.000000 0.000000
vn 0.100000 0.000000 0.000000
vn 0.100000 0.000000 0.000000
vn 0.100000 0.000000 0.000000
vn 0.100000 0.000000 0.000000
vn 0.100000 0.000000 0.000000
vn 0.100000 0.000000 0.000000
vn 0.100000 0.000000 0.000000
vn 0.100000 0.000000 0.000000
vn 0.100000 0.000000 0.000000
vn 0.100000 0.000000 0.000000
vn 0.100000 0.000000 0.000000
vn 0.100000 0.000000 0.000000
vn 0.100000 0.000000 0.000000
vn 0.100000 0.000000 0.000000
vn 0.100000 0.000000 0.000000
vn 0.100000 0.000000 0.000000
vn 0.100000 0.000000 0.000000
vn 0.100000 0.000000 0.000000
vn 0.100000 0.000000 0.000000
vn 0.100000 0.000000 0.000000
vn 0.100000 0.000000 0.000000
vn 0.100000 0.000000 0.000000
vn 0.100000 0.000000 0.000000
vn 0.100000 0.000000 0.000000
vn 0.100000 0.000000 0.000000
vn 0.100000 0.000000 0.000000
vn 0.100000 0.000000 0.000000
vn 0.100000 0.000000 0.000000
vn 0.100000 0.000000 0.000000
vn 0.100000 0.000000 0.000000
vn 0.100000 0.000000 0.000000
vn 0.100000 0.000000 0.000000
vn 0.100000 0.000000 0.000000
vn 0.100000 0.000000 0.000000
vn 0.100000 0.000000 0.000000
vn 0.100000 0.000000 0.000000
vn 0.100000 0.000000 0.000000
vn 0.100000 0.000000 0.000000
vn 0.100000 0.000000 0.000000
vn 0.100000 0.000000 0.000000
vn 0.100000 0.000000 0.000000
vn 0.100000 0.000000 0.000000
vn 0.100000 0.000000 0.000000
vn 0.100000 0.000000 0.000000
vn 0.100000 0.000000 0.000000
vn 0.100000 0.000000 0.000000
vn 0.100000 0.000000 0.000000
vn 0.100000 0.000000 0.000000
vn 0.100000 0.000000 0.000000
vn 0.100000 0.000000 0.000000
vn 0.100000 0.000000 0.000000
vn 0.100000 0.000000 0.000000
vn 0.100000 0.000000 0.000000
vn 0.100000 0.000000 0.000000
vn 0.100000 0.000000 0.000000
vn 0.100000 0.000000 0.000000
vn 0.100000 0.000000 0.000000
vn -0.000000 0.000000 0.100000
vn -0.000000 0.000000 0.100000
vn -0.000000 0.000000 0.100000
vn -0.000000 0.000000 0.100000
vn 0.000000 -0.099381 -0.011111
vn 0.000000 -0.099381 -0.011111
vn 0.000000 -0.098731 -0.015881
vn 0.000000 -0.098731 -0.015881
vn 0.000000 -0.097852 -0.020615
vn 0.000000 -0.097852 -0.020615
vn 0.000000 -0.096747 -0.025300
vn 0.000000 -0.096747 -0.025300
vn 0.000000 -0.095417 -0.029927
vn 0.000000 -0.095417 -0.029927
vn 0.000000 -0.093866 -0.034485
vn 0.000000 -0.093866 -0.034485
vn 0.000000 -0.092097 -0.038962
vn 0.000000 -0.092097 -0.038962
vn 0.000000 -0.090116 -0.043350
vn 0.000000 -0.090116 -0.043350
vn 0.000000 -0.087925 -0.047637
vn 0.000000 -0.087925 -0.047637
vn 0.000000 -0.085530 -0.051813
vn 0.000000 -0.085530 -0.051813
vn 0.000000 -0.082937 -0.055869
vn 0.000000 -0.082937 -0.055869
vn 0.000000 -0.080152 -0.059796
vn 0.000000 -0.080152 -0.059796
vn 0.000000 -0.077182 -0.063585
vn 0.000000 -0.077182 -0.063585
vn 0.000000 -0.074032 -0.067226
vn 0.000000 -0.074032 -0.067226
vn 0.000000 -0.070711 -0.070711
vn 0.000000 -0.070711 -0.070711
vn 0.000000 -0.067226 -0.074032
vn 0.000000 -0.067226 -0.074032
vn 0.000000 -0.063585 -0.077182
vn 0.000000 -0.063585 -0.077182
vn 0.000000 -0.059796 -0.080152
vn 0.000000 -0.059796 -0.080152
vn 0.000000 -0.055869 -0.082937
vn 0.000000 -0.055869 -0.082937
vn 0.000000 -0.051813 -0.085530
vn 0.000000 -0.051813 -0.085530
vn 0.000000 -0.047637 -0.087925
vn 0.000000 -0.047637 -0.087925
vn 0.000000 -0.043350 -0.090116
vn 0.000000 -0.043350 -0.090116
vn 0.000000 -0.038962 -0.092097
vn 0.000000 -0.038962 -0.092097
vn 0.000000 -0.034485 -0.093866
vn 0.000000 -0.034485 -0.093866
vn 0.000000 -0.029927 -0.095417
vn 0.000000 -0.029927 -0.095417
vn 0.000000 -0.025300 -0.096747
vn 0.000000 -0.025300 -0.096747
vn 0.000000 -0.020615 -0.097852
vn 0.000000 -0.020615 -0.097852
vn 0.000000 -0.015881 -0.098731
vn 0.000000 -0.015881 -0.098731
vn 0.000000 -0.011111 -0.099381
vn 0.000000 -0.011111 -0.099381
vn 0.000000 0.100000 0.000000
vn 0.000000 0.100000 0.000000
vn 0.000000 0.100000 0.000000
vn 0.000000 0.100000 0.000000
vn -0.000000 -0.003406 0.099942
vn -0.000000 -0.003406 0.099942
vn -0.000000 0.005695 0.099838
vn -0.000000 0.005695 0.099838
vn -0.000000 0.014749 0.098906
vn -0.000000 0.014749 0.098906
vn -0.000000 0.023682 0.097155
vn -0.000000 0.023682 0.097155
vn -0.000000 0.032417 0.094600
vn -0.000000 0.032417 0.094600
vn -0.000000 0.040885 0.091260
vn -0.000000 0.040885 0.091260
vn -0.000000 0.049013 0.087165
vn -0.000000 0.049013 0.087165
vn -0.000000 0.056736 0.082347
vn -0.000000 0.056736 0.082347
vn -0.000000 0.063988 0.076847
vn -0.000000 0.063988 0.076847
vn -0.000000 0.070711 0.070711
vn -0.000000 0.070711 0.070711
vn -0.000000 0.076847 0.063988
vn -0.000000 0.076847 0.063988
vn -0.000000 0.082347 0.056736
vn -0.000000 0.082347 0.056736
vn -0.000000 0.087165 0.049013
vn -0.000000 0.087165 0.049013
vn -0.000000 0.091260 0.040885
vn -0.000000 0.091260 0.040885
vn -0.000000 0.094600 0.032417
vn -0.000000 0.094600 0.032417
vn -0.000000 0.097155 0.023682
vn -0.000000 0.097155 0.023682
vn -0.000000 0.098906 0.014749
vn -0.000000 0.098906 0.014749
vn -0.000000 0.099838 0.005695
vn -0.000000 0.099838 0.005695
vn 0.000000 0.099942 -0.003406
vn 0.000000 0.099942 -0.003406
vn -0.100000 0.000000 -0.000000
vn -0.100000 0.000000 -0.000000
vn -0.100000 0.000000 -0.000000
vn -0.100000 0.000000 -0.000000
vn -0.100000 0.000000 -0.000000
vn -0.100000 0.000000 -0.000000
vn -0.100000 0.000000 -0.000000
vn -0.100000 0.000000 -0.000000
vn -0.100000 0.000000 -0.000000
vn -0.100000 0.000000 -0.000000
vn -0.100000 0.000000 -0.000000
vn -0.100000 0.000000 -0.000000
vn -0.100000 0.000000 -0.000000
vn -0.100000 0.000000 -0.000000
vn -0.100000 0.000000 -0.000000
vn -0.100000 0.000000 -0.000000
vn -0.100000 0.000000 -0.000000
vn -0.100000 0.000000 -0.000000
vn -0.100000 0.000000 -0.000000
vn -0.100000 0.000000 -0.000000
vn -0.100000 0.000000 -0.000000
vn -0.100000 0.000000 -0.000000
vn -0.100000 0.000000 -0.000000
vn -0.100000 0.000000 -0.000000
vn -0.100000 0.000000 -0.000000
vn -0.100000 0.000000 -0.000000
vn -0.100000 0.000000 -0.000000
vn -0.100000 0.000000 -0.000000
vn -0.100000 0.000000 -0.000000
vn -0.100000 0.000000 -0.000000
vn -0.100000 0.000000 -0.000000
vn -0.100000 0.000000 -0.000000
vn -0.100000 0.000000 -0.000000
vn -0.100000 0.000000 -0.000000
vn -0.100000 0.000000 -0.000000
vn -0.100000 0.000000 -0.000000
vn -0.100000 0.000000 -0.000000
vn -0.100000 0.000000 -0.000000
vn -0.100000 0.000000 -0.000000
vn -0.100000 0.000000 -0.000000
vn -0.100000 0.000000 -0.000000
vn -0.100000 0.000000 -0.000000
vn -0.100000 0.000000 -0.000000
vn -0.100000 0.000000 -0.000000
vn -0.100000 0.000000 -0.000000
vn -0.100000 0.000000 -0.000000
vn -0.100000 0.000000 -0.000000
vn -0.100000 0.000000 -0.000000
vn -0.100000 0.000000 -0.000000
vn -0.100000 0.000000 -0.000000
vn -0.100000 0.000000 -0.000000
vn -0.100000 0.000000 -0.000000
vn -0.100000 0.000000 -0.000000
vn -0.100000 0.000000 -0.000000
vn -0.100000 0.000000 -0.000000
vn -0.100000 0.000000 -0.000000
vn -0.100000 0.000000 -0.000000
vn -0.100000 0.000000 -0.000000
vn -0.100000 0.000000 -0.000000
vn -0.100000 0.000000 -0.000000
vn -0.100000 0.000000 -0.000000
vn -0.100000 0.000000 -0.000000
vn -0.100000 0.000000 -0.000000
vn -0.100000 0.000000 -0.000000
vn -0.100000 0.000000 -0.000000
vn -0.100000 0.000000 -0.000000
vn -0.100000 0.000000 -0.000000
vn -0.100000 0.000000 -0.000000
vn -0.100000 0.000000 -0.000000
vn -0.100000 0.000000 -0.000000
vn -0.100000 0.000000 -0.000000
vn -0.100000 0.000000 -0.000000
vn -0.100000 0.000000 -0.000000
vn -0.100000 0.000000 -0.000000
vn -0.100000 0.000000 -0.000000
vn -0.100000 0.000000 -0.000000
vn -0.100000 0.000000 -0.000000
vn -0.100000 0.000000 -0.000000
vn -0.100000 0.000000 -0.000000
vn -0.100000 0.000000 -0.000000
vn -0.100000 0.000000 -0.000000
vn -0.100000 0.000000 -0.000000
vn -0.100000 0.000000 -0.000000
vn -0.100000 0.000000 -0.000000
vn 0.000000 0.017365 -0.098481
vn 0.000000 0.017365 -0.098481
vn 0.000000 0.000000 -0.100000
vn 0.000000 0.000000 -0.100000
vn 0.000000 -0.017365 -0.098481
vn 0.000000 -0.017365 -0.098481
vn 0.000000 -0.034202 -0.093969
vn 0.000000 -0.034202 -0.093969
vn 0.000000 -0.050000 -0.086603
vn 0.000000 -0.050000 -0.086603
vn 0.000000 -0.064279 -0.076604
vn 0.000000 -0.064279 -0.076604
vn 0.000000 -0.076604 -0.064279
vn 0.000000 -0.076604 -0.064279
vn 0.000000 -0.086603 -0.050000
vn 0.000000 -0.086603 -0.050000
vn 0.000000 -0.093969 -0.034202
vn 0.000000 -0.093969 -0.034202
vn 0.000000 -0.098481 -0.017365
vn 0.000000 -0.098481 -0.017365
vn 0.000000 -0.100000 -0.000000
vn 0.000000 -0.100000 -0.000000
vn -0.000000 -0.098481 0.017365
vn -0.000000 -0.098481 0.017365
vn -0.000000 -0.093969 0.034202
vn -0.000000 -0.093969 0.034202
vn -0.000000 -0.086603 0.050000
vn -0.000000 -0.086603 0.050000
vn -0.000000 -0.076604 0.064279
vn -0.000000 -0.076604 0.064279
vn -0.000000 -0.064279 0.076604
vn -0.000000 -0.064279 0.076604
vn -0.000000 -0.050000 0.086603
vn -0.000000 -0.050000 0.086603
vn -0.000000 -0.034202 0.093969
vn -0.000000 -0.034202 0.093969
vn -0.000000 -0.017365 0.098481
vn -0.000000 -0.017365 0.098481
vn -0.000000 -0.000000 0.100000
vn -0.000000 -0.000000 0.100000
vn -0.000000 0.017365 0.098481
vn -0.000000 0.017365 0.098481
vn -0.000000 0.034202 0.093969
vn -0.000000 0.034202 0.093969
vn -0.000000 0.050000 0.086603
vn -0.000000 0.050000 0.086603
vn -0.000000 0.064279 0.076604
vn -0.000000 0.064279 0.076604
vn -0.000000 0.076604 0.064279
vn -0.000000 0.076604 0.064279
vn -0.000000 0.086603 0.050000
vn -0.000000 0.086603 0.050000
vn -0.000000 0.093969 0.034202
vn -0.000000 0.093969 0.034202
vn -0.000000 0.098481 0.017365
vn -0.000000 0.098481 0.017365
vn 0.000000 0.100000 -0.000000
vn 0.000000 0.100000 -0.000000
vn 0.000000 0.098481 -0.017365
vn 0.000000 0.098481 -0.017365
vn 0.000000 0.093969 -0.034202
vn 0.000000 0.093969 -0.034202
vn 0.000000 0.086603 -0.050000
vn 0.000000 0.086603 -0.050000
vn 0.000000 0.076604 -0.064279
vn 0.000000 0.076604 -0.064279
vn 0.000000 0.064279 -0.076604
vn 0.000000 0.064279 -0.076604
vn 0.000000 0.050000 -0.086603
vn 0.000000 0.050000 -0.086603
vn 0.000000 0.034202 -0.093969
vn 0.000000 0.034202 -0.093969
vn 0.000000 -0.017365 -0.098481
vn 0.000000 -0.017365 -0.098481
vn 0.000000 0.000000 -0.100000
vn 0.000000 0.000000 -0.100000
vn 0.000000 0.017365 -0.098481
vn 0.000000 0.017365 -0.098481
vn 0.000000 0.034202 -0.093969
vn 0.000000 0.034202 -0.093969
vn 0.000000 0.050000 -0.086603
vn 0.000000 0.050000 -0.086603
vn 0.000000 0.064279 -0.076604
vn 0.000000 0.064279 -0.076604
vn 0.000000 0.076604 -0.064279
vn 0.000000 0.076604 -0.064279
vn 0.000000 0.086603 -0.050000
vn 0.000000 0.086603 -0.050000
vn 0.000000 0.093969 -0.034202
vn 0.000000 0.093969 -0.034202
vn 0.000000 0.098481 -0.017365
vn 0.000000 0.098481 -0.017365
vn 0.000000 0.100000 -0.000000
vn 0.000000 0.100000 -0.000000
vn -0.000000 0.098481 0.017365
vn -0.000000 0.098481 0.017365
vn -0.000000 0.093969 0.034202
vn -0.000000 0.093969 0.034202
vn -0.000000 0.086603 0.050000
vn -0.000000 0.086603 0.050000
vn -0.000000 0.076604 0.064279
vn -0.000000 0.076604 0.064279
vn -0.000000 0.064279 0.076604
vn -0.000000 0.064279 0.076604
vn -0.000000 0.050000 0.086603
vn -0.000000 0.050000 0.086603
vn -0.000000 0.034202 0.093969
vn -0.000000 0.034202 0.093969
vn -0.000000 0.017365 0.098481
vn -0.000000 0.017365 0.098481
vn -0.000000 0.000000 0.100000
vn -0.000000 0.000000 0.100000
vn -0.000000 -0.017365 0.098481
vn -0.000000 -0.017365 0.098481
vn -0.000000 -0.034202 0.093969
vn -0.000000 -0.034202 0.093969
vn -0.000000 -0.050000 0.086603
vn -0.000000 -0.050000 0.086603
vn -0.000000 -0.064279 0.076604
vn -0.000000 -0.064279 0.076604
vn -0.000000 -0.076604 0.064279
vn -0.000000 -0.076604 0.064279
vn -0.000000 -0.086603 0.050000
vn -0.000000 -0.086603 0.050000
vn -0.000000 -0.093969 0.034202
vn -0.000000 -0.093969 0.034202
vn -0.000000 -0.098481 0.017365
vn -0.000000 -0.098481 0.017365
vn 0.000000 -0.100000 -0.000000
vn 0.000000 -0.100000 -0.000000
vn 0.000000 -0.098481 -0.017365
vn 0.000000 -0.098481 -0.017365
vn 0.000000 -0.093969 -0.034202
vn 0.000000 -0.093969 -0.034202
vn 0.000000 -0.086603 -0.050000
vn 0.000000 -0.086603 -0.050000
vn 0.000000 -0.076604 -0.064279
vn 0.000000 -0.076604 -0.064279
vn 0.000000 -0.064279 -0.076604
vn 0.000000 -0.064279 -0.076604
vn 0.000000 -0.050000 -0.086603
vn 0.000000 -0.050000 -0.086603
vn 0.000000 -0.034202 -0.093969
vn 0.000000 -0.034202 -0.093969
vn 0.100000 0.000000 0.000000
vn 0.100000 0.000000 0.000000
vn 0.100000 0.000000 0.000000
vn 0.100000 0.000000 0.000000
vn 0.100000 0.000000 0.000000
vn 0.100000 0.000000 0.000000
vn 0.100000 0.000000 0.000000
vn 0.100000 0.000000 0.000000
vn 0.100000 0.000000 0.000000
vn 0.100000 0.000000 0.000000
vn 0.100000 0.000000 0.000000
vn 0.100000 0.000000 0.000000
vn 0.100000 0.000000 0.000000
vn 0.100000 0.000000 0.000000
vn 0.100000 0.000000 0.000000
vn 0.100000 0.000000 0.000000
vn 0.100000 0.000000 0.000000
vn 0.100000 0.000000 0.000000
vn 0.100000 0.000000 0.000000
vn 0.100000 0.000000 0.000000
vn 0.100000 0.000000 0.000000
vn 0.100000 0.000000 0.000000
vn 0.100000 0.000000 0.000000
vn 0.100000 0.000000 0.000000
vn 0.100000 0.000000 0.000000
vn 0.100000 0.000000 0.000000
vn 0.100000 0.000000 0.000000
vn 0.100000 0.000000 0.000000
vn 0.100000 0.000000 0.000000
vn 0.100000 0.000000 0.000000
vn 0.100000 0.000000 0.000000
vn 0.100000 0.000000 0.000000
vn 0.100000 0.000000 0.000000
vn 0.100000 0.000000 0.000000
vn 0.100000 0.000000 0.000000
vn 0.100000 0.000000 0.000000
vn 0.100000 0.000000 0.000000
vn 0.100000 0.000000 0.000000
vn 0.100000 0.000000 0.000000
vn 0.100000 0.000000 0.000000
vn 0.100000 0.000000 0.000000
vn 0.100000 0.000000 0.000000
vn 0.100000 0.000000 0.000000
vn 0.100000 0.000000 0.000000
vn 0.100000 0.000000 0.000000
vn 0.100000 0.000000 0.000000
vn 0.100000 0.000000 0.000000
vn 0.100000 0.000000 0.000000
vn 0.100000 0.000000 0.000000
vn 0.100000 0.000000 0.000000
vn 0.100000 0.000000 0.000000
vn 0.100000 0.000000 0.000000
vn 0.100000 0.000000 0.000000
vn 0.100000 0.000000 0.000000
vn 0.100000 0.000000 0.000000
vn 0.100000 0.000000 0.000000
vn 0.100000 0.000000 0.000000
vn 0.100000 0.000000 0.000000
vn 0.100000 0.000000 0.000000
vn 0.100000 0.000000 0.000000
vn 0.100000 0.000000 0.000000
vn 0.100000 0.000000 0.000000
vn 0.100000 0.000000 0.000000
vn 0.100000 0.000000 0.000000
vn 0.100000 0.000000 0.000000
vn 0.100000 0.000000 0.000000
vn 0.100000 0.000000 0.000000
vn 0.100000 0.000000 0.000000
vn 0.100000 0.000000 0.000000
vn 0.100000 0.000000 0.000000
vn 0.100000 0.000000 0.000000
vn 0.100000 0.000000 0.000000
vn 0.100000 0.000000 0.000000
vn 0.100000 0.000000 0.000000
vn 0.100000 0.000000 0.000000
vn 0.100000 0.000000 0.000000
vn 0.100000 0.000000 0.000000
vn 0.100000 0.000000 0.000000
vn 0.100000 0.000000 0.000000
vn 0.100000 0.000000 0.000000
vn 0.100000 0.000000 0.000000
vn 0.100000 0.000000 0.000000
vn 0.100000 0.000000 0.000000
vn 0.100000 0.000000 0.000000
vn -0.000000 0.000000 0.100000
vn -0.000000 0.000000 0.100000
vn -0.000000 0.000000 0.100000
vn -0.000000 0.000000 0.100000
vn 0.000000 -0.011111 -0.099381
vn 0.000000 -0.011111 -0.099381
vn 0.000000 -0.015881 -0.098731
vn 0.000000 -0.015881 -0.098731
vn 0.000000 -0.020615 -0.097852
vn 0.000000 -0.020615 -0.097852
vn 0.000000 -0.025300 -0.096747
vn 0.000000 -0.025300 -0.096747
vn 0.000000 -0.029927 -0.095417
vn 0.000000 -0.029927 -0.095417
vn 0.000000 -0.034485 -0.093866
vn 0.000000 -0.034485 -0.093866
vn 0.000000 -0.038962 -0.092097
vn 0.000000 -0.038962 -0.092097
vn 0.000000 -0.043350 -0.090116
vn 0.000000 -0.043350 -0.090116
vn 0.000000 -0.047637 -0.087925
vn 0.000000 -0.047637 -0.087925
vn 0.000000 -0.051813 -0.085530
vn 0.000000 -0.051813 -0.085530
vn 0.000000 -0.055869 -0.082937
vn 0.000000 -0.055869 -0.082937
vn 0.000000 -0.059796 -0.080152
vn 0.000000 -0.059796 -0.080152
vn 0.000000 -0.063585 -0.077182
vn 0.000000 -0.063585 -0.077182
vn 0.000000 -0.067226 -0.074032
vn 0.000000 -0.067226 -0.074032
vn 0.000000 -0.070711 -0.070711
vn 0.000000 -0.070711 -0.070711
vn 0.000000 -0.074032 -0.067226
vn 0.000000 -0.074032 -0.067226
vn 0.000000 -0.077182 -0.063585
vn 0.000000 -0.077182 -0.063585
vn 0.000000 -0.080152 -0.059796
vn 0.000000 -0.080152 -0.059796
vn 0.000000 -0.082937 -0.055869
vn 0.000000 -0.082937 -0.055869
vn 0.000000 -0.085530 -0.051813
vn 0.000000 -0.085530 -0.051813
vn 0.000000 -0.087925 -0.047637
vn 0.000000 -0.087925 -0.047637
vn 0.000000 -0.090116 -0.043350
vn 0.000000 -0.090116 -0.043350
vn 0.000000 -0.092097 -0.038962
vn 0.000000 -0.092097 -0.038962
vn 0.000000 -0.093866 -0.034485
vn 0.000000 -0.093866 -0.034485
vn 0.000000 -0.095417 -0.029927
vn 0.000000 -0.095417 -0.029927
vn 0.000000 -0.096747 -0.025300
vn 0.000000 -0.096747 -0.025300
vn 0.000000 -0.097852 -0.020615
vn 0.000000 -0.097852 -0.020615
vn 0.000000 -0.098731 -0.015881
vn 0.000000 -0.098731 -0.015881
vn 0.000000 -0.099381 -0.011111
vn 0.000000 -0.099381 -0.011111
vn 0.000000 0.100000 0.000000
vn 0.000000 0.100000 0.000000
vn 0.000000 0.100000 0.000000
vn 0.000000 0.100000 0.000000
vn 0.000000 0.099942 -0.003406
vn 0.000000 0.099942 -0.003406
vn -0.000000 0.099838 0.005695
vn -0.000000 0.099838 0.005695
vn -0.000000 0.098906 0.014749
vn -0.000000 0.098906 0.014749
vn -0.000000 0.097155 0.023682
vn -0.000000 0.097155 0.023682
vn -0.000000 0.094600 0.032417
vn -0.000000 0.094600 0.032417
vn -0.000000 0.091260 0.040885
vn -0.000000 0.091260 0.040885
vn -0.000000 0.087165 0.049013
vn -0.000000 0.087165 0.049013
vn -0.000000 0.082347 0.056736
vn -0.000000 0.082347 0.056736
vn -0.000000 0.076847 0.063988
vn -0.000000 0.076847 0.063988
vn -0.000000 0.070711 0.070711
vn -0.000000 0.070711 0.070711
vn -0.000000 0.063988 0.076847
vn -0.000000 0.063988 0.076847
vn -0.000000 0.056736 0.082347
vn -0.000000 0.056736 0.082347
vn -0.000000 0.049013 0.087165
vn -0.000000 0.049013 0.087165
vn -0.000000 0.040885 0.091260
vn -0.000000 0.040885 0.091260
vn -0.000000 0.032417 0.094600
vn -0.000000 0.032417 0.094600
vn -0.000000 0.023682 0.097155
vn -0.000000 0.023682 0.097155
vn -0.000000 0.014749 0.098906
vn -0.000000 0.014749 0.098906
vn -0.000000 0.005695 0.099838
vn -0.000000 0.005695 0.099838
vn -0.000000 -0.003406 0.099942
vn -0.000000 -0.003406 0.099942
vn -0.100000 0.000000 -0.000000
vn -0.100000 0.000000 -0.000000
vn -0.100000 0.000000 -0.000000
vn -0.100000 0.000000 -0.000000
vn -0.100000 0.000000 -0.000000
vn -0.100000 0.000000 -0.000000
vn -0.100000 0.000000 -0.000000
vn -0.100000 0.000000 -0.000000
vn -0.100000 0.000000 -0.000000
vn -0.100000 0.000000 -0.000000
vn -0.100000 0.000000 -0.000000
vn -0.100000 0.000000 -0.000000
vn -0.100000 0.000000 -0.000000
vn -0.100000 0.000000 -0.000000
vn -0.100000 0.000000 -0.000000
vn -0.100000 0.000000 -0.000000
vn -0.100000 0.000000 -0.000000
vn -0.100000 0.000000 -0.000000
vn -0.100000 0.000000 -0.000000
vn -0.100000 0.000000 -0.000000
vn -0.100000 0.000000 -0.000000
vn -0.100000 0.000000 -0.000000
vn -0.100000 0.000000 -0.000000
vn -0.100000 0.000000 -0.000000
vn -0.100000 0.000000 -0.000000
vn -0.100000 0.000000 -0.000000
vn -0.100000 0.000000 -0.000000
vn -0.100000 0.000000 -0.000000
vn -0.100000 0.000000 -0.000000
vn -0.100000 0.000000 -0.000000
vn -0.100000 0.000000 -0.000000
vn -0.100000 0.000000 -0.000000
vn -0.100000 0.000000 -0.000000
vn -0.100000 0.000000 -0.000000
vn -0.100000 0.000000 -0.000000
vn -0.100000 0.000000 -0.000000
vn -0.100000 0.000000 -0.000000
vn -0.100000 0.000000 -0.000000
vn -0.100000 0.000000 -0.000000
vn -0.100000 0.000000 -0.000000
vn -0.100000 0.000000 -0.000000
vn -0.100000 0.000000 -0.000000
vn -0.100000 0.000000 -0.000000
vn -0.100000 0.000000 -0.000000
vn -0.100000 0.000000 -0.000000
vn -0.100000 0.000000 -0.000000
vn -0.100000 0.000000 -0.000000
vn -0.100000 0.000000 -0.000000
vn -0.100000 0.000000 -0.000000
vn -0.100000 0.000000 -0.000000
vn -0.100000 0.000000 -0.000000
vn -0.100000 0.000000 -0.000000
vn -0.100000 0.000000 -0.000000
vn -0.100000 0.000000 -0.000000
vn -0.100000 0.000000 -0.000000
vn -0.100000 0.000000 -0.000000
vn -0.100000 0.000000 -0.000000
vn -0.100000 0.000000 -0.000000
vn -0.100000 0.000000 -0.000000
vn -0.100000 0.000000 -0.000000
vn -0.100000 0.000000 -0.000000
vn -0.100000 0.000000 -0.000000
vn -0.100000 0.000000 -0.000000
vn -0.100000 0.000000 -0.000000
vn -0.100000 0.000000 -0.000000
vn -0.100000 0.000000 -0.000000
vn -0.100000 0.000000 -0.000000
vn -0.100000 0.000000 -0.000000
vn -0.100000 0.000000 -0.000000
vn -0.100000 0.000000 -0.000000
vn -0.100000 0.000000 -0.000000
vn -0.100000 0.000000 -0.000000
vn -0.100000 0.000000 -0.000000
vn -0.100000 0.000000 -0.000000
vn -0.100000 0.000000 -0.000000
vn -0.100000 0.000000 -0.000000
vn -0.100000 0.000000 -0.000000
vn -0.100000 0.000000 -0.000000
vn -0.100000 0.000000 -0.000000
vn -0.100000 0.000000 -0.000000
vn -0.100000 0.000000 -0.000000
vn -0.100000 0.000000 -0.000000
vn -0.100000 0.000000 -0.000000
vn -0.100000 0.000000 -0.000000
vn -0.100000 0.000000 -0.000000
vn -0.100000 0.000000 -0.000000
vn -0.100000 0.000000 -0.000000
vn -0.100000 0.000000 -0.000000
vn -0.100000 0.000000 -0.000000
vn -0.100000 0.000000 -0.000000
vn -0.100000 0.000000 -0.000000
vn -0.100000 0.000000 -0.000000
vn -0.100000 0.000000 -0.000000
vn -0.100000 0.000000 -0.000000
vn -0.100000 0.000000 -0.000000
vn -0.100000 0.000000 -0.000000
vn -0.100000 0.000000 -0.000000
vn -0.100000 0.000000 -0.000000
vn -0.100000 0.000000 -0.000000
vn -0.100000 0.000000 -0.000000
vn -0.100000 0.000000 -0.000000
vn -0.100000 0.000000 -0.000000
vn -0.100000 0.000000 -0.000000
vn -0.100000 0.000000 -0.000000
vn -0.100000 0.000000 -0.000000
vn -0.100000 0.000000 -0.000000
vn -0.100000 0.000000 -0.000000
vn -0.100000 0.000000 -0.000000
vn -0.100000 0.000000 -0.000000
vn -0.100000 0.000000 -0.000000
vn -0.100000 0.000000 -0.000000
vn -0.100000 0.000000 -0.000000
vn -0.100000 0.000000 -0.000000
vn -0.100000 0.000000 -0.000000
vn -0.100000 0.000000 -0.000000
vn -0.100000 0.000000 -0.000000
vn -0.100000 0.000000 -0.000000
vn -0.100000 0.000000 -0.000000
vn -0.100000 0.000000 -0.000000
vn -0.100000 0.000000 -0.000000
vn -0.100000 0.000000 -0.000000
vn -0.100000 0.000000 -0.000000
vn -0.100000 0.000000 -0.000000
vn -0.100000 0.000000 -0.000000
vn -0.100000 0.000000 -0.000000
vn -0.100000 0.000000 -0.000000
vn -0.100000 0.000000 -0.000000
vn -0.100000 0.000000 -0.000000
vn -0.100000 0.000000 -0.000000
vn -0.100000 0.000000 -0.000000
vn -0.100000 0.000000 -0.000000
vn -0.100000 0.000000 -0.000000
vn 0.000000 -0.100000 -0.000000
vn 0.000000 -0.100000 -0.000000
vn 0.000000 -0.100000 -0.000000
vn 0.000000 -0.100000 -0.000000
vn 0.000000 -0.099942 -0.003406
vn 0.000000 -0.099942 -0.003406
vn -0.000000 -0.099838 0.005695
vn -0.000000 -0.099838 0.005695
vn -0.000000 -0.098906 0.014749
vn -0.000000 -0.098906 0.014749
vn -0.000000 -0.097155 0.023682
vn -0.000000 -0.097155 0.023682
vn -0.000000 -0.094600 0.032417
vn -0.000000 -0.094600 0.032417
vn -0.000000 -0.091260 0.040885
vn -0.000000 -0.091260 0.040885
vn -0.000000 -0.087165 0.049013
vn -0.000000 -0.087165 0.049013
vn -0.000000 -0.082347 0.056736
vn -0.000000 -0.082347 0.056736
vn -0.000000 -0.076847 0.063988
vn -0.000000 -0.076847 0.063988
vn -0.000000 -0.070711 0.070711
vn -0.000000 -0.070711 0.070711
vn -0.000000 -0.063988 0.076847
vn -0.000000 -0.063988 0.076847
vn -0.000000 -0.056736 0.082347
vn -0.000000 -0.056736 0.082347
vn -0.000000 -0.049013 0.087165
vn -0.000000 -0.049013 0.087165
vn -0.000000 -0.040885 0.091260
vn -0.000000 -0.040885 0.091260
vn -0.000000 -0.032417 0.094600
vn -0.000000 -0.032417 0.094600
vn -0.000000 -0.023682 0.097155
vn -0.000000 -0.023682 0.097155
vn -0.000000 -0.014749 0.098906
vn -0.000000 -0.014749 0.098906
vn -0.000000 -0.005695 0.099838
vn -0.000000 -0.005695 0.099838
vn -0.000000 0.003406 0.099942
vn -0.000000 0.003406 0.099942
vn -0.000000 0.000000 0.100000
vn -0.000000 0.000000 0.100000
vn -0.000000 0.000000 0.100000
vn -0.000000 0.000000 0.100000
vn 0.000000 0.011111 -0.099381
vn 0.000000 0.011111 -0.099381
vn 0.000000 0.015881 -0.098731
vn 0.000000 0.015881 -0.098731
vn 0.000000 0.020615 -0.097852
vn 0.000000 0.020615 -0.097852
vn 0.000000 0.025300 -0.096747
vn 0.000000 0.025300 -0.096747
vn 0.000000 0.029927 -0.095417
vn 0.000000 0.029927 -0.095417
vn 0.000000 0.034485 -0.093866
vn 0.000000 0.034485 -0.093866
vn 0.000000 0.038962 -0.092097
vn 0.000000 0.038962 -0.092097
vn 0.000000 0.043350 -0.090116
vn 0.000000 0.043350 -0.090116
vn 0.000000 0.047637 -0.087925
vn 0.000000 0.047637 -0.087925
vn 0.000000 0.051813 -0.085530
vn 0.000000 0.051813 -0.085530
vn 0.000000 0.055869 -0.082937
vn 0.000000 0.055869 -0.082937
vn 0.000000 0.059796 -0.080152
vn 0.000000 0.059796 -0.080152
vn 0.000000 0.063585 -0.077182
vn 0.000000 0.063585 -0.077182
vn 0.000000 0.067226 -0.074032
vn 0.000000 0.067226 -0.074032
vn 0.000000 0.070711 -0.070711
vn 0.000000 0.070711 -0.070711
vn 0.000000 0.074032 -0.067226
vn 0.000000 0.074032 -0.067226
vn 0.000000 0.077182 -0.063585
vn 0.000000 0.077182 -0.063585
vn 0.000000 0.080152 -0.059796
vn 0.000000 0.080152 -0.059796
vn 0.000000 0.082937 -0.055869
vn 0.000000 0.082937 -0.055869
vn 0.000000 0.085530 -0.051813
vn 0.000000 0.085530 -0.051813
vn 0.000000 0.087925 -0.047637
vn 0.000000 0.087925 -0.047637
vn 0.000000 0.090116 -0.043350
vn 0.000000 0.090116 -0.043350
vn 0.000000 0.092097 -0.038962
vn 0.000000 0.092097 -0.038962
vn 0.000000 0.093866 -0.034485
vn 0.000000 0.093866 -0.034485
vn 0.000000 0.095417 -0.029927
vn 0.000000 0.095417 -0.029927
vn 0.000000 0.096747 -0.025300
vn 0.000000 0.096747 -0.025300
vn 0.000000 0.097852 -0.020615
vn 0.000000 0.097852 -0.020615
vn 0.000000 0.098731 -0.015881
vn 0.000000 0.098731 -0.015881
vn 0.000000 0.099381 -0.011111
vn 0.000000 0.099381 -0.011111
vn 0.000000 -0.017365 -0.098481
vn 0.000000 -0.017365 -0.098481
vn 0.000000 0.000000 -0.100000
vn 0.000000 0.000000 -0.100000
vn 0.000000 0.017365 -0.098481
vn 0.000000 0.017365 -0.098481
vn 0.000000 0.034202 -0.093969
vn 0.000000 0.034202 -0.093969
vn 0.000000 0.050000 -0.086603
vn 0.000000 0.050000 -0.086603
vn 0.000000 0.064279 -0.076604
vn 0.000000 0.064279 -0.076604
vn 0.000000 0.076604 -0.064279
vn 0.000000 0.076604 -0.064279
vn 0.000000 0.086603 -0.050000
vn 0.000000 0.086603 -0.050000
vn 0.000000 0.093969 -0.034202
vn 0.000000 0.093969 -0.034202
vn 0.000000 0.098481 -0.017365
vn 0.000000 0.098481 -0.017365
vn -0.000000 0.100000 0.000000
vn 0.000000 0.100000 -0.000000
vn -0.000000 0.098481 0.017365
vn -0.000000 0.098481 0.017365
vn -0.000000 0.093969 0.034202
vn -0.000000 0.093969 0.034202
vn -0.000000 0.086603 0.050000
vn -0.000000 0.086603 0.050000
vn -0.000000 0.076604 0.064279
vn -0.000000 0.076604 0.064279
vn -0.000000 0.064279 0.076604
vn -0.000000 0.064279 0.076604
vn -0.000000 0.050000 0.086603
vn -0.000000 0.050000 0.086603
vn -0.000000 0.034202 0.093969
vn -0.000000 0.034202 0.093969
vn -0.000000 0.017365 0.098481
vn -0.000000 0.017365 0.098481
vn -0.000000 0.000000 0.100000
vn -0.000000 0.000000 0.100000
vn -0.000000 -0.017365 0.098481
vn -0.000000 -0.017365 0.098481
vn -0.000000 -0.034202 0.093969
vn -0.000000 -0.034202 0.093969
vn -0.000000 -0.050000 0.086603
vn -0.000000 -0.050000 0.086603
vn -0.000000 -0.064279 0.076604
vn -0.000000 -0.064279 0.076604
vn -0.000000 -0.076604 0.064279
vn -0.000000 -0.076604 0.064279
vn -0.000000 -0.086603 0.050000
vn -0.000000 -0.086603 0.050000
vn -0.000000 -0.093969 0.034202
vn -0.000000 -0.093969 0.034202
vn -0.000000 -0.098481 0.017365
vn -0.000000 -0.098481 0.017365
vn -0.000000 -0.100000 0.000000
vn 0.000000 -0.100000 -0.000000
vn 0.000000 -0.098481 -0.017365
vn 0.000000 -0.098481 -0.017365
vn 0.000000 -0.093969 -0.034202
vn 0.000000 -0.093969 -0.034202
vn 0.000000 -0.086603 -0.050000
vn 0.000000 -0.086603 -0.050000
vn 0.000000 -0.076604 -0.064279
vn 0.000000 -0.076604 -0.064279
vn 0.000000 -0.064279 -0.076604
vn 0.000000 -0.064279 -0.076604
vn 0.000000 -0.050000 -0.086603
vn 0.000000 -0.050000 -0.086603
vn 0.000000 -0.034202 -0.093969
vn 0.000000 -0.034202 -0.093969
vn 0.000000 0.017365 -0.098481
vn 0.000000 0.017365 -0.098481
vn 0.000000 0.000000 -0.100000
vn 0.000000 0.000000 -0.100000
vn 0.000000 -0.017365 -0.098481
vn 0.000000 -0.017365 -0.098481
vn 0.000000 -0.034202 -0.093969
vn 0.000000 -0.034202 -0.093969
vn 0.000000 -0.050000 -0.086603
vn 0.000000 -0.050000 -0.086603
vn 0.000000 -0.064279 -0.076604
vn 0.000000 -0.064279 -0.076604
vn 0.000000 -0.076604 -0.064279
vn 0.000000 -0.076604 -0.064279
vn 0.000000 -0.086603 -0.050000
vn 0.000000 -0.086603 -0.050000
vn 0.000000 -0.093969 -0.034202
vn 0.000000 -0.093969 -0.034202
vn 0.000000 -0.098481 -0.017365
vn 0.000000 -0.098481 -0.017365
vn 0.000000 -0.100000 -0.000000
vn 0.000000 -0.100000 -0.000000
vn -0.000000 -0.098481 0.017365
vn -0.000000 -0.098481 0.017365
vn -0.000000 -0.093969 0.034202
vn -0.000000 -0.093969 0.034202
vn -0.000000 -0.086603 0.050000
vn -0.000000 -0.086603 0.050000
vn -0.000000 -0.076604 0.064279
vn -0.000000 -0.076604 0.064279
vn -0.000000 -0.064279 0.076604
vn -0.000000 -0.064279 0.076604
vn -0.000000 -0.050000 0.086603
vn -0.000000 -0.050000 0.086603
vn -0.000000 -0.034202 0.093969
vn -0.000000 -0.034202 0.093969
vn -0.000000 -0.017365 0.098481
vn -0.000000 -0.017365 0.098481
vn -0.000000 -0.000000 0.100000
vn -0.000000 -0.000000 0.100000
vn -0.000000 0.017365 0.098481
vn -0.000000 0.017365 0.098481
vn -0.000000 0.034202 0.093969
vn -0.000000 0.034202 0.093969
vn -0.000000 0.050000 0.086603
vn -0.000000 0.050000 0.086603
vn -0.000000 0.064279 0.076604
vn -0.000000 0.064279 0.076604
vn -0.000000 0.076604 0.064279
vn -0.000000 0.076604 0.064279
vn -0.000000 0.086603 0.050000
vn -0.000000 0.086603 0.050000
vn -0.000000 0.093969 0.034202
vn -0.000000 0.093969 0.034202
vn -0.000000 0.098481 0.017365
vn -0.000000 0.098481 0.017365
vn 0.000000 0.100000 -0.000000
vn 0.000000 0.100000 -0.000000
vn 0.000000 0.098481 -0.017365
vn 0.000000 0.098481 -0.017365
vn 0.000000 0.093969 -0.034202
vn 0.000000 0.093969 -0.034202
vn 0.000000 0.086603 -0.050000
vn 0.000000 0.086603 -0.050000
vn 0.000000 0.076604 -0.064279
vn 0.000000 0.076604 -0.064279
vn 0.000000 0.064279 -0.076604
vn 0.000000 0.064279 -0.076604
vn 0.000000 0.050000 -0.086603
vn 0.000000 0.050000 -0.086603
vn 0.000000 0.034202 -0.093969
vn 0.000000 0.034202 -0.093969
vn 0.100000 0.000000 0.000000
vn 0.100000 0.000000 0.000000
vn 0.100000 0.000000 0.000000
vn 0.100000 0.000000 0.000000
vn 0.100000 0.000000 0.000000
vn 0.100000 0.000000 0.000000
vn 0.100000 0.000000 0.000000
vn 0.100000 0.000000 0.000000
vn 0.100000 0.000000 0.000000
vn 0.100000 0.000000 0.000000
vn 0.100000 0.000000 0.000000
vn 0.100000 0.000000 0.000000
vn 0.100000 0.000000 0.000000
vn 0.100000 0.000000 0.000000
vn 0.100000 0.000000 0.000000
vn 0.100000 0.000000 0.000000
vn 0.100000 0.000000 0.000000
vn 0.100000 0.000000 0.000000
vn 0.100000 0.000000 0.000000
vn 0.100000 0.000000 0.000000
vn 0.100000 0.000000 0.000000
vn 0.100000 0.000000 0.000000
vn 0.100000 0.000000 0.000000
vn 0.100000 0.000000 0.000000
vn 0.100000 0.000000 0.000000
vn 0.100000 0.000000 0.000000
vn 0.100000 0.000000 0.000000
vn 0.100000 0.000000 0.000000
vn 0.100000 0.000000 0.000000
vn 0.100000 0.000000 0.000000
vn 0.100000 0.000000 0.000000
vn 0.100000 0.000000 0.000000
vn 0.100000 0.000000 0.000000
vn 0.100000 0.000000 0.000000
vn 0.100000 0.000000 0.000000
vn 0.100000 0.000000 0.000000
vn 0.100000 0.000000 0.000000
vn 0.100000 0.000000 0.000000
vn 0.100000 0.000000 0.000000
vn 0.100000 0.000000 0.000000
vn 0.100000 0.000000 0.000000
vn 0.100000 0.000000 0.000000
vn 0.100000 0.000000 0.000000
vn 0.100000 0.000000 0.000000
vn 0.100000 0.000000 0.000000
vn 0.100000 0.000000 0.000000
vn 0.100000 0.000000 0.000000
vn 0.100000 0.000000 0.000000
vn 0.100000 0.000000 0.000000
vn 0.100000 0.000000 0.000000
vn 0.100000 0.000000 0.000000
vn 0.100000 0.000000 0.000000
vn 0.100000 0.000000 0.000000
vn 0.100000 0.000000 0.000000
vn 0.100000 0.000000 0.000000
vn 0.100000 0.000000 0.000000
vn 0.100000 0.000000 0.000000
vn 0.100000 0.000000 0.000000
vn 0.100000 0.000000 0.000000
vn 0.100000 0.000000 0.000000
vn 0.100000 0.000000 0.000000
vn 0.100000 0.000000 0.000000
vn 0.100000 0.000000 0.000000
vn 0.100000 0.000000 0.000000
vn 0.100000 0.000000 0.000000
vn 0.100000 0.000000 0.000000
vn 0.100000 0.000000 0.000000
vn 0.100000 0.000000 0.000000
vn 0.100000 0.000000 0.000000
vn 0.100000 0.000000 0.000000
vn 0.100000 0.000000 0.000000
vn 0.100000 0.000000 0.000000
vn 0.100000 0.000000 0.000000
vn 0.100000 0.000000 0.000000
vn 0.100000 0.000000 0.000000
vn 0.100000 0.000000 0.000000
vn 0.100000 0.000000 0.000000
vn 0.100000 0.000000 0.000000
vn 0.100000 0.000000 0.000000
vn 0.100000 0.000000 0.000000
vn 0.100000 0.000000 0.000000
vn 0.100000 0.000000 0.000000
vn 0.100000 0.000000 0.000000
vn 0.100000 0.000000 0.000000
vn 0.100000 0.000000 0.000000
vn 0.100000 0.000000 0.000000
vn 0.100000 0.000000 0.000000
vn 0.100000 0.000000 0.000000
vn 0.100000 0.000000 0.000000
vn 0.100000 0.000000 0.000000
vn 0.100000 0.000000 0.000000
vn 0.100000 0.000000 0.000000
vn 0.100000 0.000000 0.000000
vn 0.100000 0.000000 0.000000
vn 0.100000 0.000000 0.000000
vn 0.100000 0.000000 0.000000
vn 0.100000 0.000000 0.000000
vn 0.100000 0.000000 0.000000
vn 0.100000 0.000000 0.000000
vn 0.100000 0.000000 0.000000
vn 0.100000 0.000000 0.000000
vn 0.100000 0.000000 0.000000
vn 0.100000 0.000000 0.000000
vn 0.100000 0.000000 0.000000
vn 0.100000 0.000000 0.000000
vn 0.100000 0.000000 0.000000
vn 0.100000 0.000000 0.000000
vn 0.100000 0.000000 0.000000
vn 0.100000 0.000000 0.000000
vn 0.100000 0.000000 0.000000
vn 0.100000 0.000000 0.000000
vn 0.100000 0.000000 0.000000
vn 0.100000 0.000000 0.000000
vn 0.100000 0.000000 0.000000
vn 0.100000 0.000000 0.000000
vn 0.100000 0.000000 0.000000
vn 0.100000 0.000000 0.000000
vn 0.100000 0.000000 0.000000
vn 0.100000 0.000000 0.000000
vn 0.100000 0.000000 0.000000
vn 0.100000 0.000000 0.000000
vn 0.100000 0.000000 0.000000
vn 0.100000 0.000000 0.000000
vn 0.100000 0.000000 0.000000
vn 0.100000 0.000000 0.000000
vn 0.100000 0.000000 0.000000
vn 0.100000 0.000000 0.000000
vn 0.100000 0.000000 0.000000
vn 0.100000 0.000000 0.000000
vn 0.100000 0.000000 0.000000
vn 0.100000 0.000000 0.000000
vn 0.100000 0.000000 0.000000
vn 0.000000 -0.100000 -0.000000
vn 0.000000 -0.100000 -0.000000
vn 0.000000 -0.100000 -0.000000
vn 0.000000 -0.100000 -0.000000
vn 0.000000 0.011111 -0.099381
vn 0.000000 0.011111 -0.099381
vn 0.000000 0.015881 -0.098731
vn 0.000000 0.015881 -0.098731
vn 0.000000 0.020615 -0.097852
vn 0.000000 0.020615 -0.097852
vn 0.000000 0.025300 -0.096747
vn 0.000000 0.025300 -0.096747
vn 0.000000 0.029927 -0.095417
vn 0.000000 0.029927 -0.095417
vn 0.000000 0.034485 -0.093866
vn 0.000000 0.034485 -0.093866
vn 0.000000 0.038962 -0.092097
vn 0.000000 0.038962 -0.092097
vn 0.000000 0.043350 -0.090116
vn 0.000000 0.043350 -0.090116
vn 0.000000 0.047637 -0.087925
vn 0.000000 0.047637 -0.087925
vn 0.000000 0.051813 -0.085530
vn 0.000000 0.051813 -0.085530
vn 0.000000 0.055869 -0.082937
vn 0.000000 0.055869 -0.082937
vn 0.000000 0.059796 -0.080152
vn 0.000000 0.059796 -0.080152
vn 0.000000 0.063585 -0.077182
vn 0.000000 0.063585 -0.077182
vn 0.000000 0.067226 -0.074032
vn 0.000000 0.067226 -0.074032
vn 0.000000 0.070711 -0.070711
vn 0.000000 0.070711 -0.070711
vn 0.000000 0.074032 -0.067226
vn 0.000000 0.074032 -0.067226
vn 0.000000 0.077182 -0.063585
vn 0.000000 0.077182 -0.063585
vn 0.000000 0.080152 -0.059796
vn 0.000000 0.080152 -0.059796
vn 0.000000 0.082937 -0.055869
vn 0.000000 0.082937 -0.055869
vn 0.000000 0.085530 -0.051813
vn 0.000000 0.085530 -0.051813
vn 0.000000 0.087925 -0.047637
vn 0.000000 0.087925 -0.047637
vn 0.000000 0.090116 -0.043350
vn 0.000000 0.090116 -0.043350
vn 0.000000 0.092097 -0.038962
vn 0.000000 0.092097 -0.038962
vn 0.000000 0.093866 -0.034485
vn 0.000000 0.093866 -0.034485
vn 0.000000 0.095417 -0.029927
vn 0.000000 0.095417 -0.029927
vn 0.000000 0.096747 -0.025300
vn 0.000000 0.096747 -0.025300
vn 0.000000 0.097852 -0.020615
vn 0.000000 0.097852 -0.020615
vn 0.000000 0.098731 -0.015881
vn 0.000000 0.098731 -0.015881
vn 0.000000 0.099381 -0.011111
vn 0.000000 0.099381 -0.011111
vn -0.000000 0.000000 0.100000
vn -0.000000 0.000000 0.100000
vn -0.000000 0.000000 0.100000
vn -0.000000 0.000000 0.100000
vn 0.000000 -0.099942 -0.003406
vn 0.000000 -0.099942 -0.003406
vn -0.000000 -0.099838 0.005695
vn -0.000000 -0.099838 0.005695
vn -0.000000 -0.098906 0.014749
vn -0.000000 -0.098906 0.014749
vn -0.000000 -0.097155 0.023682
vn -0.000000 -0.097155 0.023682
vn -0.000000 -0.094600 0.032417
vn -0.000000 -0.094600 0.032417
vn -0.000000 -0.091260 0.040885
vn -0.000000 -0.091260 0.040885
vn -0.000000 -0.087165 0.049013
vn -0.000000 -0.087165 0.049013
vn -0.000000 -0.082347 0.056736
vn -0.000000 -0.082347 0.056736
vn -0.000000 -0.076847 0.063988
vn -0.000000 -0.076847 0.063988
vn -0.000000 -0.070711 0.070711
vn -0.000000 -0.070711 0.070711
vn -0.000000 -0.063988 0.076847
vn -0.000000 -0.063988 0.076847
vn -0.000000 -0.056736 0.082347
vn -0.000000 -0.056736 0.082347
vn -0.000000 -0.049013 0.087165
vn -0.000000 -0.049013 0.087165
vn -0.000000 -0.040885 0.091260
vn -0.000000 -0.040885 0.091260
vn -0.000000 -0.032417 0.094600
vn -0.000000 -0.032417 0.094600
vn -0.000000 -0.023682 0.097155
vn -0.000000 -0.023682 0.097155
vn -0.000000 -0.014749 0.098906
vn -0.000000 -0.014749 0.098906
vn -0.000000 -0.005695 0.099838
vn -0.000000 -0.005695 0.099838
vn -0.000000 0.003406 0.099942
vn -0.000000 0.003406 0.099942
vn -0.100000 0.000000 -0.000000
vn -0.100000 0.000000 -0.000000
vn -0.100000 0.000000 -0.000000
vn -0.100000 0.000000 -0.000000
vn -0.100000 0.000000 -0.000000
vn -0.100000 0.000000 -0.000000
vn -0.100000 0.000000 -0.000000
vn -0.100000 0.000000 -0.000000
vn -0.100000 0.000000 -0.000000
vn -0.100000 0.000000 -0.000000
vn -0.100000 0.000000 -0.000000
vn -0.100000 0.000000 -0.000000
vn -0.100000 0.000000 -0.000000
vn -0.100000 0.000000 -0.000000
vn -0.100000 0.000000 -0.000000
vn -0.100000 0.000000 -0.000000
vn -0.100000 0.000000 -0.000000
vn -0.100000 0.000000 -0.000000
vn -0.100000 0.000000 -0.000000
vn -0.100000 0.000000 -0.000000
vn -0.100000 0.000000 -0.000000
vn -0.100000 0.000000 -0.000000
vn -0.100000 0.000000 -0.000000
vn -0.100000 0.000000 -0.000000
vn -0.100000 0.000000 -0.000000
vn -0.100000 0.000000 -0.000000
vn -0.100000 0.000000 -0.000000
vn -0.100000 0.000000 -0.000000
vn -0.100000 0.000000 -0.000000
vn -0.100000 0.000000 -0.000000
vn -0.100000 0.000000 -0.000000
vn -0.100000 0.000000 -0.000000
vn -0.100000 0.000000 -0.000000
vn -0.100000 0.000000 -0.000000
vn -0.100000 0.000000 -0.000000
vn -0.100000 0.000000 -0.000000
vn -0.100000 0.000000 -0.000000
vn -0.100000 0.000000 -0.000000
vn -0.100000 0.000000 -0.000000
vn -0.100000 0.000000 -0.000000
vn -0.100000 0.000000 -0.000000
vn -0.100000 0.000000 -0.000000
vn -0.100000 0.000000 -0.000000
vn -0.100000 0.000000 -0.000000
vn -0.100000 0.000000 -0.000000
vn -0.100000 0.000000 -0.000000
vn -0.100000 0.000000 -0.000000
vn -0.100000 0.000000 -0.000000
vn -0.100000 0.000000 -0.000000
vn -0.100000 0.000000 -0.000000
vn -0.100000 0.000000 -0.000000
vn -0.100000 0.000000 -0.000000
vn -0.100000 0.000000 -0.000000
vn -0.100000 0.000000 -0.000000
vn -0.100000 0.000000 -0.000000
vn -0.100000 0.000000 -0.000000
vn -0.100000 0.000000 -0.000000
vn -0.100000 0.000000 -0.000000
vn -0.100000 0.000000 -0.000000
vn -0.100000 0.000000 -0.000000
vn -0.100000 0.000000 -0.000000
vn -0.100000 0.000000 -0.000000
vn -0.100000 0.000000 -0.000000
vn -0.100000 0.000000 -0.000000
vn -0.100000 0.000000 -0.000000
vn -0.100000 0.000000 -0.000000
vn -0.100000 0.000000 -0.000000
vn -0.100000 0.000000 -0.000000
vn -0.100000 0.000000 -0.000000
vn -0.100000 0.000000 -0.000000
vn -0.100000 0.000000 -0.000000
vn -0.100000 0.000000 -0.000000
vn -0.100000 0.000000 -0.000000
vn -0.100000 0.000000 -0.000000
vn -0.100000 0.000000 -0.000000
vn -0.100000 0.000000 -0.000000
vn -0.100000 0.000000 -0.000000
vn -0.100000 0.000000 -0.000000
vn -0.100000 0.000000 -0.000000
vn -0.100000 0.000000 -0.000000
vn -0.100000 0.000000 -0.000000
vn -0.100000 0.000000 -0.000000
vn -0.100000 0.000000 -0.000000
vn -0.100000 0.000000 -0.000000
vn 0.000000 0.017365 -0.098481
vn 0.000000 0.017365 -0.098481
vn 0.000000 0.000000 -0.100000
vn 0.000000 0.000000 -0.100000
vn 0.000000 -0.017365 -0.098481
vn 0.000000 -0.017365 -0.098481
vn 0.000000 -0.034202 -0.093969
vn 0.000000 -0.034202 -0.093969
vn 0.000000 -0.050000 -0.086603
vn 0.000000 -0.050000 -0.086603
vn 0.000000 -0.064279 -0.076604
vn 0.000000 -0.064279 -0.076604
vn 0.000000 -0.076604 -0.064279
vn 0.000000 -0.076604 -0.064279
vn 0.000000 -0.086603 -0.050000
vn 0.000000 -0.086603 -0.050000
vn 0.000000 -0.093969 -0.034202
vn 0.000000 -0.093969 -0.034202
vn 0.000000 -0.098481 -0.017365
vn 0.000000 -0.098481 -0.017365
vn -0.000000 -0.100000 0.000000
vn -0.000000 -0.100000 0.000000
vn -0.000000 -0.098481 0.017365
vn -0.000000 -0.098481 0.017365
vn -0.000000 -0.093969 0.034202
vn -0.000000 -0.093969 0.034202
vn -0.000000 -0.086603 0.050000
vn -0.000000 -0.086603 0.050000
vn -0.000000 -0.076604 0.064279
vn -0.000000 -0.076604 0.064279
vn -0.000000 -0.064279 0.076604
vn -0.000000 -0.064279 0.076604
vn -0.000000 -0.050000 0.086603
vn -0.000000 -0.050000 0.086603
vn -0.000000 -0.034202 0.093969
vn -0.000000 -0.034202 0.093969
vn -0.000000 -0.017365 0.098481
vn -0.000000 -0.017365 0.098481
vn -0.000000 -0.000000 0.100000
vn -0.000000 -0.000000 0.100000
vn -0.000000 0.017365 0.098481
vn -0.000000 0.017365 0.098481
vn -0.000000 0.034202 0.093969
vn -0.000000 0.034202 0.093969
vn -0.000000 0.050000 0.086603
vn -0.000000 0.050000 0.086603
vn -0.000000 0.064279 0.076604
vn -0.000000 0.064279 0.076604
vn -0.000000 0.076604 0.064279
vn -0.000000 0.076604 0.064279
vn -0.000000 0.086603 0.050000
vn -0.000000 0.086603 0.050000
vn -0.000000 0.093969 0.034202
vn -0.000000 0.093969 0.034202
vn -0.000000 0.098481 0.017365
vn -0.000000 0.098481 0.017365
vn -0.000000 0.100000 0.000000
vn -0.000000 0.100000 0.000000
vn 0.000000 0.098481 -0.017365
vn 0.000000 0.098481 -0.017365
vn 0.000000 0.093969 -0.034202
vn 0.000000 0.093969 -0.034202
vn 0.000000 0.086603 -0.050000
vn 0.000000 0.086603 -0.050000
vn 0.000000 0.076604 -0.064279
vn 0.000000 0.076604 -0.064279
vn 0.000000 0.064279 -0.076604
vn 0.000000 0.064279 -0.076604
vn 0.000000 0.050000 -0.086603
vn 0.000000 0.050000 -0.086603
vn 0.000000 0.034202 -0.093969
vn 0.000000 0.034202 -0.093969
vn 0.000000 -0.017365 -0.098481
vn 0.000000 -0.017365 -0.098481
vn 0.000000 0.000000 -0.100000
vn 0.000000 0.000000 -0.100000
vn 0.000000 0.017365 -0.098481
vn 0.000000 0.017365 -0.098481
vn 0.000000 0.034202 -0.093969
vn 0.000000 0.034202 -0.093969
vn 0.000000 0.050000 -0.086603
vn 0.000000 0.050000 -0.086603
vn 0.000000 0.064279 -0.076604
vn 0.000000 0.064279 -0.076604
vn 0.000000 0.076604 -0.064279
vn 0.000000 0.076604 -0.064279
vn 0.000000 0.086603 -0.050000
vn 0.000000 0.086603 -0.050000
vn 0.000000 0.093969 -0.034202
vn 0.000000 0.093969 -0.034202
vn 0.000000 0.098481 -0.017365
vn 0.000000 0.098481 -0.017365
vn -0.000000 0.100000 0.000000
vn -0.000000 0.100000 0.000000
vn -0.000000 0.098481 0.017365
vn -0.000000 0.098481 0.017365
vn -0.000000 0.093969 0.034202
vn -0.000000 0.093969 0.034202
vn -0.000000 0.086603 0.050000
vn -0.000000 0.086603 0.050000
vn -0.000000 0.076604 0.064279
vn -0.000000 0.076604 0.064279
vn -0.000000 0.064279 0.076604
vn -0.000000 0.064279 0.076604
vn -0.000000 0.050000 0.086603
vn -0.000000 0.050000 0.086603
vn -0.000000 0.034202 0.093969
vn -0.000000 0.034202 0.093969
vn -0.000000 0.017365 0.098481
vn -0.000000 0.017365 0.098481
vn -0.000000 0.000000 0.100000
vn -0.000000 0.000000 0.100000
vn -0.000000 -0.017365 0.098481
vn -0.000000 -0.017365 0.098481
vn -0.000000 -0.034202 0.093969
vn -0.000000 -0.034202 0.093969
vn -0.000000 -0.050000 0.086603
vn -0.000000 -0.050000 0.086603
vn -0.000000 -0.064279 0.076604
vn -0.000000 -0.064279 0.076604
vn -0.000000 -0.076604 0.064279
vn -0.000000 -0.076604 0.064279
vn -0.000000 -0.086603 0.050000
vn -0.000000 -0.086603 0.050000
vn -0.000000 -0.093969 0.034202
vn -0.000000 -0.093969 0.034202
vn -0.000000 -0.098481 0.017365
vn -0.000000 -0.098481 0.017365
vn -0.000000 -0.100000 0.000000
vn -0.000000 -0.100000 0.000000
vn 0.000000 -0.098481 -0.017365
vn 0.000000 -0.098481 -0.017365
vn 0.000000 -0.093969 -0.034202
vn 0.000000 -0.093969 -0.034202
vn 0.000000 -0.086603 -0.050000
vn 0.000000 -0.086603 -0.050000
vn 0.000000 -0.076604 -0.064279
vn 0.000000 -0.076604 -0.064279
vn 0.000000 -0.064279 -0.076604
vn 0.000000 -0.064279 -0.076604
vn 0.000000 -0.050000 -0.086603
vn 0.000000 -0.050000 -0.086603
vn 0.000000 -0.034202 -0.093969
vn 0.000000 -0.034202 -0.093969
vn 0.100000 0.000000 0.000000
vn 0.100000 0.000000 0.000000
vn 0.100000 0.000000 0.000000
vn 0.100000 0.000000 0.000000
vn 0.100000 0.000000 0.000000
vn 0.100000 0.000000 0.000000
vn 0.100000 0.000000 0.000000
vn 0.100000 0.000000 0.000000
vn 0.100000 0.000000 0.000000
vn 0.100000 0.000000 0.000000
vn 0.100000 0.000000 0.000000
vn 0.100000 0.000000 0.000000
vn 0.100000 0.000000 0.000000
vn 0.100000 0.000000 0.000000
vn 0.100000 0.000000 0.000000
vn 0.100000 0.000000 0.000000
vn 0.100000 0.000000 0.000000
vn 0.100000 0.000000 0.000000
vn 0.100000 0.000000 0.000000
vn 0.100000 0.000000 0.000000
vn 0.100000 0.000000 0.000000
vn 0.100000 0.000000 0.000000
vn 0.100000 0.000000 0.000000
vn 0.100000 0.000000 0.000000
vn 0.100000 0.000000 0.000000
vn 0.100000 0.000000 0.000000
vn 0.100000 0.000000 0.000000
vn 0.100000 0.000000 0.000000
vn 0.100000 0.000000 0.000000
vn 0.100000 0.000000 0.000000
vn 0.100000 0.000000 0.000000
vn 0.100000 0.000000 0.000000
vn 0.100000 0.000000 0.000000
vn 0.100000 0.000000 0.000000
vn 0.100000 0.000000 0.000000
vn 0.100000 0.000000 0.000000
vn 0.100000 0.000000 0.000000
vn 0.100000 0.000000 0.000000
vn 0.100000 0.000000 0.000000
vn 0.100000 0.000000 0.000000
vn 0.100000 0.000000 0.000000
vn 0.100000 0.000000 0.000000
vn 0.100000 0.000000 0.000000
vn 0.100000 0.000000 0.000000
vn 0.100000 0.000000 0.000000
vn 0.100000 0.000000 0.000000
vn 0.100000 0.000000 0.000000
vn 0.100000 0.000000 0.000000
vn 0.100000 0.000000 0.000000
vn 0.100000 0.000000 0.000000
vn 0.100000 0.000000 0.000000
vn 0.100000 0.000000 0.000000
vn 0.100000 0.000000 0.000000
vn 0.100000 0.000000 0.000000
vn 0.100000 0.000000 0.000000
vn 0.100000 0.000000 0.000000
vn 0.100000 0.000000 0.000000
vn 0.100000 0.000000 0.000000
vn 0.100000 0.000000 0.000000
vn 0.100000 0.000000 0.000000
vn 0.100000 0.000000 0.000000
vn 0.100000 0.000000 0.000000
vn 0.100000 0.000000 0.000000
vn 0.100000 0.000000 0.000000
vn 0.100000 0.000000 0.000000
vn 0.100000 0.000000 0.000000
vn 0.100000 0.000000 0.000000
vn 0.100000 0.000000 0.000000
vn 0.100000 0.000000 0.000000
vn 0.100000 0.000000 0.000000
vn 0.100000 0.000000 0.000000
vn 0.100000 0.000000 0.000000
vn 0.100000 0.000000 0.000000
vn 0.100000 0.000000 0.000000
vn 0.100000 0.000000 0.000000
vn 0.100000 0.000000 0.000000
vn 0.100000 0.000000 0.000000
vn 0.100000 0.000000 0.000000
vn 0.100000 0.000000 0.000000
vn 0.100000 0.000000 0.000000
vn 0.100000 0.000000 0.000000
vn 0.100000 0.000000 0.000000
vn 0.100000 0.000000 0.000000
vn 0.100000 0.000000 0.000000
vn 0.000000 -0.100000 -0.000000
vn 0.000000 -0.100000 -0.000000
vn 0.000000 -0.100000 -0.000000
vn 0.000000 -0.100000 -0.000000
vn 0.000000 0.011111 -0.099381
vn 0.000000 0.011111 -0.099381
vn 0.000000 0.015881 -0.098731
vn 0.000000 0.015881 -0.098731
vn 0.000000 0.020615 -0.097852
vn 0.000000 0.020615 -0.097852
vn 0.000000 0.025300 -0.096747
vn 0.000000 0.025300 -0.096747
vn 0.000000 0.029927 -0.095417
vn 0.000000 0.029927 -0.095417
vn 0.000000 0.034485 -0.093866
vn 0.000000 0.034485 -0.093866
vn 0.000000 0.038962 -0.092097
vn 0.000000 0.038962 -0.092097
vn 0.000000 0.043350 -0.090116
vn 0.000000 0.043350 -0.090116
vn 0.000000 0.047637 -0.087925
vn 0.000000 0.047637 -0.087925
vn 0.000000 0.051813 -0.085530
vn 0.000000 0.051813 -0.085530
vn 0.000000 0.055869 -0.082937
vn 0.000000 0.055869 -0.082937
vn 0.000000 0.059796 -0.080152
vn 0.000000 0.059796 -0.080152
vn 0.000000 0.063585 -0.077182
vn 0.000000 0.063585 -0.077182
vn 0.000000 0.067226 -0.074032
vn 0.000000 0.067226 -0.074032
vn 0.000000 0.070711 -0.070711
vn 0.000000 0.070711 -0.070711
vn 0.000000 0.074032 -0.067226
vn 0.000000 0.074032 -0.067226
vn 0.000000 0.077182 -0.063585
vn 0.000000 0.077182 -0.063585
vn 0.000000 0.080152 -0.059796
vn 0.000000 0.080152 -0.059796
vn 0.000000 0.082937 -0.055869
vn 0.000000 0.082937 -0.055869
vn 0.000000 0.085530 -0.051813
vn 0.000000 0.085530 -0.051813
vn 0.000000 0.087925 -0.047637
vn 0.000000 0.087925 -0.047637
vn 0.000000 0.090116 -0.043350
vn 0.000000 0.090116 -0.043350
vn 0.000000 0.092097 -0.038962
vn 0.000000 0.092097 -0.038962
vn 0.000000 0.093866 -0.034485
vn 0.000000 0.093866 -0.034485
vn 0.000000 0.095417 -0.029927
vn 0.000000 0.095417 -0.029927
vn 0.000000 0.096747 -0.025300
vn 0.000000 0.096747 -0.025300
vn 0.000000 0.097852 -0.020615
vn 0.000000 0.097852 -0.020615
vn 0.000000 0.098731 -0.015881
vn 0.000000 0.098731 -0.015881
vn 0.000000 0.099381 -0.011111
vn 0.000000 0.099381 -0.011111
vn -0.000000 0.000000 0.100000
vn -0.000000 0.000000 0.100000
vn -0.000000 0.000000 0.100000
vn -0.000000 0.000000 0.100000
vn 0.000000 -0.099942 -0.003406
vn 0.000000 -0.099942 -0.003406
vn -0.000000 -0.099838 0.005695
vn -0.000000 -0.099838 0.005695
vn -0.000000 -0.098906 0.014749
vn -0.000000 -0.098906 0.014749
vn -0.000000 -0.097155 0.023682
vn -0.000000 -0.097155 0.023682
vn -0.000000 -0.094600 0.032417
vn -0.000000 -0.094600 0.032417
vn -0.000000 -0.091260 0.040885
vn -0.000000 -0.091260 0.040885
vn -0.000000 -0.087165 0.049013
vn -0.000000 -0.087165 0.049013
vn -0.000000 -0.082347 0.056736
vn -0.000000 -0.082347 0.056736
vn -0.000000 -0.076847 0.063988
vn -0.000000 -0.076847 0.063988
vn -0.000000 -0.070711 0.070711
vn -0.000000 -0.070711 0.070711
vn -0.000000 -0.063988 0.076847
vn -0.000000 -0.063988 0.076847
vn -0.000000 -0.056736 0.082347
vn -0.000000 -0.056736 0.082347
vn -0.000000 -0.049013 0.087165
vn -0.000000 -0.049013 0.087165
vn -0.000000 -0.040885 0.091260
vn -0.000000 -0.040885 0.091260
vn -0.000000 -0.032417 0.094600
vn -0.000000 -0.032417 0.094600
vn -0.000000 -0.023682 0.097155
vn -0.000000 -0.023682 0.097155
vn -0.000000 -0.014749 0.098906
vn -0.000000 -0.014749 0.098906
vn -0.000000 -0.005695 0.099838
vn -0.000000 -0.005695 0.099838
vn -0.000000 0.003406 0.099942
vn -0.000000 0.003406 0.099942
vn -0.100000 0.000000 -0.000000
vn -0.100000 0.000000 -0.000000
vn -0.100000 0.000000 -0.000000
vn -0.100000 0.000000 -0.000000
vn -0.100000 0.000000 -0.000000
vn -0.100000 0.000000 -0.000000
vn -0.100000 0.000000 -0.000000
vn -0.100000 0.000000 -0.000000
vn -0.100000 0.000000 -0.000000
vn -0.100000 0.000000 -0.000000
vn -0.100000 0.000000 -0.000000
vn -0.100000 0.000000 -0.000000
vn -0.100000 0.000000 -0.000000
vn -0.100000 0.000000 -0.000000
vn -0.100000 0.000000 -0.000000
vn -0.100000 0.000000 -0.000000
vn -0.100000 0.000000 -0.000000
vn -0.100000 0.000000 -0.000000
vn -0.100000 0.000000 -0.000000
vn -0.100000 0.000000 -0.000000
vn -0.100000 0.000000 -0.000000
vn -0.100000 0.000000 -0.000000
vn -0.100000 0.000000 -0.000000
vn -0.100000 0.000000 -0.000000
vn -0.100000 0.000000 -0.000000
vn -0.100000 0.000000 -0.000000
vn -0.100000 0.000000 -0.000000
vn -0.100000 0.000000 -0.000000
vn -0.100000 0.000000 -0.000000
vn -0.100000 0.000000 -0.000000
vn -0.100000 0.000000 -0.000000
vn -0.100000 0.000000 -0.000000
vn -0.100000 0.000000 -0.000000
vn -0.100000 0.000000 -0.000000
vn -0.100000 0.000000 -0.000000
vn -0.100000 0.000000 -0.000000
vn -0.100000 0.000000 -0.000000
vn -0.100000 0.000000 -0.000000
vn -0.100000 0.000000 -0.000000
vn -0.100000 0.000000 -0.000000
vn -0.100000 0.000000 -0.000000
vn -0.100000 0.000000 -0.000000
vn -0.100000 0.000000 -0.000000
vn -0.100000 0.000000 -0.000000
vn -0.100000 0.000000 -0.000000
vn -0.100000 0.000000 -0.000000
vn -0.100000 0.000000 -0.000000
vn -0.100000 0.000000 -0.000000
vn -0.100000 0.000000 -0.000000
vn -0.100000 0.000000 -0.000000
vn -0.100000 0.000000 -0.000000
vn -0.100000 0.000000 -0.000000
vn -0.100000 0.000000 -0.000000
vn -0.100000 0.000000 -0.000000
vn -0.100000 0.000000 -0.000000
vn -0.100000 0.000000 -0.000000
vn -0.100000 0.000000 -0.000000
vn -0.100000 0.000000 -0.000000
vn -0.100000 0.000000 -0.000000
vn -0.100000 0.000000 -0.000000
vn -0.100000 0.000000 -0.000000
vn -0.100000 0.000000 -0.000000
vn -0.100000 0.000000 -0.000000
vn -0.100000 0.000000 -0.000000
vn -0.100000 0.000000 -0.000000
vn -0.100000 0.000000 -0.000000
vn -0.100000 0.000000 -0.000000
vn -0.100000 0.000000 -0.000000
vn -0.100000 0.000000 -0.000000
vn -0.100000 0.000000 -0.000000
vn -0.100000 0.000000 -0.000000
vn -0.100000 0.000000 -0.000000
vn -0.100000 0.000000 -0.000000
vn -0.100000 0.000000 -0.000000
vn -0.100000 0.000000 -0.000000
vn -0.100000 0.000000 -0.000000
vn -0.100000 0.000000 -0.000000
vn -0.100000 0.000000 -0.000000
vn -0.100000 0.000000 -0.000000
vn -0.100000 0.000000 -0.000000
vn -0.100000 0.000000 -0.000000
vn -0.100000 0.000000 -0.000000
vn -0.100000 0.000000 -0.000000
vn -0.100000 0.000000 -0.000000
vn 0.000000 0.017365 -0.098481
vn 0.000000 0.017365 -0.098481
vn 0.000000 0.000000 -0.100000
vn 0.000000 0.000000 -0.100000
vn 0.000000 -0.017365 -0.098481
vn 0.000000 -0.017365 -0.098481
vn 0.000000 -0.034202 -0.093969
vn 0.000000 -0.034202 -0.093969
vn 0.000000 -0.050000 -0.086603
vn 0.000000 -0.050000 -0.086603
vn 0.000000 -0.064279 -0.076604
vn 0.000000 -0.064279 -0.076604
vn 0.000000 -0.076604 -0.064279
vn 0.000000 -0.076604 -0.064279
vn 0.000000 -0.086603 -0.050000
vn 0.000000 -0.086603 -0.050000
vn 0.000000 -0.093969 -0.034202
vn 0.000000 -0.093969 -0.034202
vn 0.000000 -0.098481 -0.017365
vn 0.000000 -0.098481 -0.017365
vn -0.000000 -0.100000 0.000000
vn -0.000000 -0.100000 0.000000
vn -0.000000 -0.098481 0.017365
vn -0.000000 -0.098481 0.017365
vn -0.000000 -0.093969 0.034202
vn -0.000000 -0.093969 0.034202
vn -0.000000 -0.086603 0.050000
vn -0.000000 -0.086603 0.050000
vn -0.000000 -0.076604 0.064279
vn -0.000000 -0.076604 0.064279
vn -0.000000 -0.064279 0.076604
vn -0.000000 -0.064279 0.076604
vn -0.000000 -0.050000 0.086603
vn -0.000000 -0.050000 0.086603
vn -0.000000 -0.034202 0.093969
vn -0.000000 -0.034202 0.093969
vn -0.000000 -0.017365 0.098481
vn -0.000000 -0.017365 0.098481
vn -0.000000 -0.000000 0.100000
vn -0.000000 -0.000000 0.100000
vn -0.000000 0.017365 0.098481
vn -0.000000 0.017365 0.098481
vn -0.000000 0.034202 0.093969
vn -0.000000 0.034202 0.093969
vn -0.000000 0.050000 0.086603
vn -0.000000 0.050000 0.086603
vn -0.000000 0.064279 0.076604
vn -0.000000 0.064279 0.076604
vn -0.000000 0.076604 0.064279
vn -0.000000 0.076604 0.064279
vn -0.000000 0.086603 0.050000
vn -0.000000 0.086603 0.050000
vn -0.000000 0.093969 0.034202
vn -0.000000 0.093969 0.034202
vn -0.000000 0.098481 0.017365
vn -0.000000 0.098481 0.017365
vn -0.000000 0.100000 0.000000
vn -0.000000 0.100000 0.000000
vn 0.000000 0.098481 -0.017365
vn 0.000000 0.098481 -0.017365
vn 0.000000 0.093969 -0.034202
vn 0.000000 0.093969 -0.034202
vn 0.000000 0.086603 -0.050000
vn 0.000000 0.086603 -0.050000
vn 0.000000 0.076604 -0.064279
vn 0.000000 0.076604 -0.064279
vn 0.000000 0.064279 -0.076604
vn 0.000000 0.064279 -0.076604
vn 0.000000 0.050000 -0.086603
vn 0.000000 0.050000 -0.086603
vn 0.000000 0.034202 -0.093969
vn 0.000000 0.034202 -0.093969
vn 0.000000 -0.017365 -0.098481
vn 0.000000 -0.017365 -0.098481
vn 0.000000 0.000000 -0.100000
vn 0.000000 0.000000 -0.100000
vn 0.000000 0.017365 -0.098481
vn 0.000000 0.017365 -0.098481
vn 0.000000 0.034202 -0.093969
vn 0.000000 0.034202 -0.093969
vn 0.000000 0.050000 -0.086603
vn 0.000000 0.050000 -0.086603
vn 0.000000 0.064279 -0.076604
vn 0.000000 0.064279 -0.076604
vn 0.000000 0.076604 -0.064279
vn 0.000000 0.076604 -0.064279
vn 0.000000 0.086603 -0.050000
vn 0.000000 0.086603 -0.050000
vn 0.000000 0.093969 -0.034202
vn 0.000000 0.093969 -0.034202
vn 0.000000 0.098481 -0.017365
vn 0.000000 0.098481 -0.017365
vn 0.000000 0.100000 -0.000000
vn 0.000000 0.100000 -0.000000
vn -0.000000 0.098481 0.017365
vn -0.000000 0.098481 0.017365
vn -0.000000 0.093969 0.034202
vn -0.000000 0.093969 0.034202
vn -0.000000 0.086603 0.050000
vn -0.000000 0.086603 0.050000
vn -0.000000 0.076604 0.064279
vn -0.000000 0.076604 0.064279
vn -0.000000 0.064279 0.076604
vn -0.000000 0.064279 0.076604
vn -0.000000 0.050000 0.086603
vn -0.000000 0.050000 0.086603
vn -0.000000 0.034202 0.093969
vn -0.000000 0.034202 0.093969
vn -0.000000 0.017365 0.098481
vn -0.000000 0.017365 0.098481
vn -0.000000 0.000000 0.100000
vn -0.000000 0.000000 0.100000
vn -0.000000 -0.017365 0.098481
vn -0.000000 -0.017365 0.098481
vn -0.000000 -0.034202 0.093969
vn -0.000000 -0.034202 0.093969
vn -0.000000 -0.050000 0.086603
vn -0.000000 -0.050000 0.086603
vn -0.000000 -0.064279 0.076604
vn -0.000000 -0.064279 0.076604
vn -0.000000 -0.076604 0.064279
vn -0.000000 -0.076604 0.064279
vn -0.000000 -0.086603 0.050000
vn -0.000000 -0.086603 0.050000
vn -0.000000 -0.093969 0.034202
vn -0.000000 -0.093969 0.034202
vn -0.000000 -0.098481 0.017365
vn -0.000000 -0.098481 0.017365
vn 0.000000 -0.100000 -0.000000
vn 0.000000 -0.100000 -0.000000
vn 0.000000 -0.098481 -0.017365
vn 0.000000 -0.098481 -0.017365
vn 0.000000 -0.093969 -0.034202
vn 0.000000 -0.093969 -0.034202
vn 0.000000 -0.086603 -0.050000
vn 0.000000 -0.086603 -0.050000
vn 0.000000 -0.076604 -0.064279
vn 0.000000 -0.076604 -0.064279
vn 0.000000 -0.064279 -0.076604
vn 0.000000 -0.064279 -0.076604
vn 0.000000 -0.050000 -0.086603
vn 0.000000 -0.050000 -0.086603
vn 0.000000 -0.034202 -0.093969
vn 0.000000 -0.034202 -0.093969
vn 0.100000 0.000000 0.000000
vn 0.100000 0.000000 0.000000
vn 0.100000 0.000000 0.000000
vn 0.100000 0.000000 0.000000
vn 0.100000 0.000000 0.000000
vn 0.100000 0.000000 0.000000
vn 0.100000 0.000000 0.000000
vn 0.100000 0.000000 0.000000
vn 0.100000 0.000000 0.000000
vn 0.100000 0.000000 0.000000
vn 0.100000 0.000000 0.000000
vn 0.100000 0.000000 0.000000
vn 0.100000 0.000000 0.000000
vn 0.100000 0.000000 0.000000
vn 0.100000 0.000000 0.000000
vn 0.100000 0.000000 0.000000
vn 0.100000 0.000000 0.000000
vn 0.100000 0.000000 0.000000
vn 0.100000 0.000000 0.000000
vn 0.100000 0.000000 0.000000
vn 0.100000 0.000000 0.000000
vn 0.100000 0.000000 0.000000
vn 0.100000 0.000000 0.000000
vn 0.100000 0.000000 0.000000
vn 0.100000 0.000000 0.000000
vn 0.100000 0.000000 0.000000
vn 0.100000 0.000000 0.000000
vn 0.100000 0.000000 0.000000
vn 0.100000 0.000000 0.000000
vn 0.100000 0.000000 0.000000
vn 0.100000 0.000000 0.000000
vn 0.100000 0.000000 0.000000
vn 0.100000 0.000000 0.000000
vn 0.100000 0.000000 0.000000
vn 0.100000 0.000000 0.000000
vn 0.100000 0.000000 0.000000
vn 0.100000 0.000000 0.000000
vn 0.100000 0.000000 0.000000
vn 0.100000 0.000000 0.000000
vn 0.100000 0.000000 0.000000
vn 0.100000 0.000000 0.000000
vn 0.100000 0.000000 0.000000
vn 0.100000 0.000000 0.000000
vn 0.100000 0.000000 0.000000
vn 0.100000 0.000000 0.000000
vn 0.100000 0.000000 0.000000
vn 0.100000 0.000000 0.000000
vn 0.100000 0.000000 0.000000
vn 0.100000 0.000000 0.000000
vn 0.100000 0.000000 0.000000
vn 0.100000 0.000000 0.000000
vn 0.100000 0.000000 0.000000
vn 0.100000 0.000000 0.000000
vn 0.100000 0.000000 0.000000
vn 0.100000 0.000000 0.000000
vn 0.100000 0.000000 0.000000
vn 0.100000 0.000000 0.000000
vn 0.100000 0.000000 0.000000
vn 0.100000 0.000000 0.000000
vn 0.100000 0.000000 0.000000
vn 0.100000 0.000000 0.000000
vn 0.100000 0.000000 0.000000
vn 0.100000 0.000000 0.000000
vn 0.100000 0.000000 0.000000
vn 0.100000 0.000000 0.000000
vn 0.100000 0.000000 0.000000
vn 0.100000 0.000000 0.000000
vn 0.100000 0.000000 0.000000
vn 0.100000 0.000000 0.000000
vn 0.100000 0.000000 0.000000
vn 0.100000 0.000000 0.000000
vn 0.100000 0.000000 0.000000
vn 0.100000 0.000000 0.000000
vn 0.100000 0.000000 0.000000
vn 0.100000 0.000000 0.000000
vn 0.100000 0.000000 0.000000
vn 0.100000 0.000000 0.000000
vn 0.100000 0.000000 0.000000
vn 0.100000 0.000000 0.000000
vn 0.100000 0.000000 0.000000
vn 0.100000 0.000000 0.000000
vn 0.100000 0.000000 0.000000
vn 0.100000 0.000000 0.000000
vn 0.100000 0.000000 0.000000
vn 0.000000 -0.100000 -0.000000
vn 0.000000 -0.100000 -0.000000
vn 0.000000 -0.100000 -0.000000
vn 0.000000 -0.100000 -0.000000
vn 0.000000 0.011111 -0.099381
vn 0.000000 0.011111 -0.099381
vn 0.000000 0.015881 -0.098731
vn 0.000000 0.015881 -0.098731
vn 0.000000 0.020615 -0.097852
vn 0.000000 0.020615 -0.097852
vn 0.000000 0.025300 -0.096747
vn 0.000000 0.025300 -0.096747
vn 0.000000 0.029927 -0.095417
vn 0.000000 0.029927 -0.095417
vn 0.000000 0.034485 -0.093866
vn 0.000000 0.034485 -0.093866
vn 0.000000 0.038962 -0.092097
vn 0.000000 0.038962 -0.092097
vn 0.000000 0.043350 -0.090116
vn 0.000000 0.043350 -0.090116
vn 0.000000 0.047637 -0.087925
vn 0.000000 0.047637 -0.087925
vn 0.000000 0.051813 -0.085530
vn 0.000000 0.051813 -0.085530
vn 0.000000 0.055869 -0.082937
vn 0.000000 0.055869 -0.082937
vn 0.000000 0.059796 -0.080152
vn 0.000000 0.059796 -0.080152
vn 0.000000 0.063585 -0.077182
vn 0.000000 0.063585 -0.077182
vn 0.000000 0.067226 -0.074032
vn 0.000000 0.067226 -0.074032
vn 0.000000 0.070711 -0.070711
vn 0.000000 0.070711 -0.070711
vn 0.000000 0.074032 -0.067226
vn 0.000000 0.074032 -0.067226
vn 0.000000 0.077182 -0.063585
vn 0.000000 0.077182 -0.063585
vn 0.000000 0.080152 -0.059796
vn 0.000000 0.080152 -0.059796
vn 0.000000 0.082937 -0.055869
vn 0.000000 0.082937 -0.055869
vn 0.000000 0.085530 -0.051813
vn 0.000000 0.085530 -0.051813
vn 0.000000 0.087925 -0.047637
vn 0.000000 0.087925 -0.047637
vn 0.000000 0.090116 -0.043350
vn 0.000000 0.090116 -0.043350
vn 0.000000 0.092097 -0.038962
vn 0.000000 0.092097 -0.038962
vn 0.000000 0.093866 -0.034485
vn 0.000000 0.093866 -0.034485
vn 0.000000 0.095417 -0.029927
vn 0.000000 0.095417 -0.029927
vn 0.000000 0.096747 -0.025300
vn 0.000000 0.096747 -0.025300
vn 0.000000 0.097852 -0.020615
vn 0.000000 0.097852 -0.020615
vn 0.000000 0.098731 -0.015881
vn 0.000000 0.098731 -0.015881
vn 0.000000 0.099381 -0.011111
vn 0.000000 0.099381 -0.011111
vn -0.000000 0.000000 0.100000
vn -0.000000 0.000000 0.100000
vn -0.000000 0.000000 0.100000
vn -0.000000 0.000000 0.100000
vn 0.000000 -0.099942 -0.003406
vn 0.000000 -0.099942 -0.003406
vn -0.000000 -0.099838 0.005695
vn -0.000000 -0.099838 0.005695
vn -0.000000 -0.098906 0.014749
vn -0.000000 -0.098906 0.014749
vn -0.000000 -0.097155 0.023682
vn -0.000000 -0.097155 0.023682
vn -0.000000 -0.094600 0.032417
vn -0.000000 -0.094600 0.032417
vn -0.000000 -0.091260 0.040885
vn -0.000000 -0.091260 0.040885
vn -0.000000 -0.087165 0.049013
vn -0.000000 -0.087165 0.049013
vn -0.000000 -0.082347 0.056736
vn -0.000000 -0.082347 0.056736
vn -0.000000 -0.076847 0.063988
vn -0.000000 -0.076847 0.063988
vn -0.000000 -0.070711 0.070711
vn -0.000000 -0.070711 0.070711
vn -0.000000 -0.063988 0.076847
vn -0.000000 -0.063988 0.076847
vn -0.000000 -0.056736 0.082347
vn -0.000000 -0.056736 0.082347
vn -0.000000 -0.049013 0.087165
vn -0.000000 -0.049013 0.087165
vn -0.000000 -0.040885 0.091260
vn -0.000000 -0.040885 0.091260
vn -0.000000 -0.032417 0.094600
vn -0.000000 -0.032417 0.094600
vn -0.000000 -0.023682 0.097155
vn -0.000000 -0.023682 0.097155
vn -0.000000 -0.014749 0.098906
vn -0.000000 -0.014749 0.098906
vn -0.000000 -0.005695 0.099838
vn -0.000000 -0.005695 0.099838
vn -0.000000 0.003406 0.099942
vn -0.000000 0.003406 0.099942
vn -0.100000 0.000000 -0.000000
vn -0.100000 0.000000 -0.000000
vn -0.100000 0.000000 -0.000000
vn -0.100000 0.000000 -0.000000
vn -0.100000 0.000000 -0.000000
vn -0.100000 0.000000 -0.000000
vn -0.100000 0.000000 -0.000000
vn -0.100000 0.000000 -0.000000
vn -0.100000 0.000000 -0.000000
vn -0.100000 0.000000 -0.000000
vn -0.100000 0.000000 -0.000000
vn -0.100000 0.000000 -0.000000
vn -0.100000 0.000000 -0.000000
vn -0.100000 0.000000 -0.000000
vn -0.100000 0.000000 -0.000000
vn -0.100000 0.000000 -0.000000
vn -0.100000 0.000000 -0.000000
vn -0.100000 0.000000 -0.000000
vn -0.100000 0.000000 -0.000000
vn -0.100000 0.000000 -0.000000
vn -0.100000 0.000000 -0.000000
vn -0.100000 0.000000 -0.000000
vn -0.100000 0.000000 -0.000000
vn -0.100000 0.000000 -0.000000
vn -0.100000 0.000000 -0.000000
vn -0.100000 0.000000 -0.000000
vn -0.100000 0.000000 -0.000000
vn -0.100000 0.000000 -0.000000
vn -0.100000 0.000000 -0.000000
vn -0.100000 0.000000 -0.000000
vn -0.100000 0.000000 -0.000000
vn -0.100000 0.000000 -0.000000
vn -0.100000 0.000000 -0.000000
vn -0.100000 0.000000 -0.000000
vn -0.100000 0.000000 -0.000000
vn -0.100000 0.000000 -0.000000
vn -0.100000 0.000000 -0.000000
vn -0.100000 0.000000 -0.000000
vn -0.100000 0.000000 -0.000000
vn -0.100000 0.000000 -0.000000
vn -0.100000 0.000000 -0.000000
vn -0.100000 0.000000 -0.000000
vn -0.100000 0.000000 -0.000000
vn -0.100000 0.000000 -0.000000
vn -0.100000 0.000000 -0.000000
vn -0.100000 0.000000 -0.000000
vn -0.100000 0.000000 -0.000000
vn -0.100000 0.000000 -0.000000
vn -0.100000 0.000000 -0.000000
vn -0.100000 0.000000 -0.000000
vn -0.100000 0.000000 -0.000000
vn -0.100000 0.000000 -0.000000
vn -0.100000 0.000000 -0.000000
vn -0.100000 0.000000 -0.000000
vn -0.100000 0.000000 -0.000000
vn -0.100000 0.000000 -0.000000
vn -0.100000 0.000000 -0.000000
vn -0.100000 0.000000 -0.000000
vn -0.100000 0.000000 -0.000000
vn -0.100000 0.000000 -0.000000
vn -0.100000 0.000000 -0.000000
vn -0.100000 0.000000 -0.000000
vn -0.100000 0.000000 -0.000000
vn -0.100000 0.000000 -0.000000
vn -0.100000 0.000000 -0.000000
vn -0.100000 0.000000 -0.000000
vn -0.100000 0.000000 -0.000000
vn -0.100000 0.000000 -0.000000
vn -0.100000 0.000000 -0.000000
vn -0.100000 0.000000 -0.000000
vn -0.100000 0.000000 -0.000000
vn -0.100000 0.000000 -0.000000
vn -0.100000 0.000000 -0.000000
vn -0.100000 0.000000 -0.000000
vn -0.100000 0.000000 -0.000000
vn -0.100000 0.000000 -0.000000
vn -0.100000 0.000000 -0.000000
vn -0.100000 0.000000 -0.000000
vn -0.100000 0.000000 -0.000000
vn -0.100000 0.000000 -0.000000
vn -0.100000 0.000000 -0.000000
vn -0.100000 0.000000 -0.000000
vn -0.100000 0.000000 -0.000000
vn -0.100000 0.000000 -0.000000
vn 0.000000 0.017365 -0.098481
vn 0.000000 0.017365 -0.098481
vn 0.000000 0.000000 -0.100000
vn 0.000000 0.000000 -0.100000
vn 0.000000 -0.017365 -0.098481
vn 0.000000 -0.017365 -0.098481
vn 0.000000 -0.034202 -0.093969
vn 0.000000 -0.034202 -0.093969
vn 0.000000 -0.050000 -0.086603
vn 0.000000 -0.050000 -0.086603
vn 0.000000 -0.064279 -0.076604
vn 0.000000 -0.064279 -0.076604
vn 0.000000 -0.076604 -0.064279
vn 0.000000 -0.076604 -0.064279
vn 0.000000 -0.086603 -0.050000
vn 0.000000 -0.086603 -0.050000
vn 0.000000 -0.093969 -0.034202
vn 0.000000 -0.093969 -0.034202
vn 0.000000 -0.098481 -0.017365
vn 0.000000 -0.098481 -0.017365
vn 0.000000 -0.100000 -0.000000
vn 0.000000 -0.100000 -0.000000
vn -0.000000 -0.098481 0.017365
vn -0.000000 -0.098481 0.017365
vn -0.000000 -0.093969 0.034202
vn -0.000000 -0.093969 0.034202
vn -0.000000 -0.086603 0.050000
vn -0.000000 -0.086603 0.050000
vn -0.000000 -0.076604 0.064279
vn -0.000000 -0.076604 0.064279
vn -0.000000 -0.064279 0.076604
vn -0.000000 -0.064279 0.076604
vn -0.000000 -0.050000 0.086603
vn -0.000000 -0.050000 0.086603
vn -0.000000 -0.034202 0.093969
vn -0.000000 -0.034202 0.093969
vn -0.000000 -0.017365 0.098481
vn -0.000000 -0.017365 0.098481
vn -0.000000 -0.000000 0.100000
vn -0.000000 -0.000000 0.100000
vn -0.000000 0.017365 0.098481
vn -0.000000 0.017365 0.098481
vn -0.000000 0.034202 0.093969
vn -0.000000 0.034202 0.093969
vn -0.000000 0.050000 0.086603
vn -0.000000 0.050000 0.086603
vn -0.000000 0.064279 0.076604
vn -0.000000 0.064279 0.076604
vn -0.000000 0.076604 0.064279
vn -0.000000 0.076604 0.064279
vn -0.000000 0.086603 0.050000
vn -0.000000 0.086603 0.050000
vn -0.000000 0.093969 0.034202
vn -0.000000 0.093969 0.034202
vn -0.000000 0.098481 0.017365
vn -0.000000 0.098481 0.017365
vn 0.000000 0.100000 -0.000000
vn 0.000000 0.100000 -0.000000
vn 0.000000 0.098481 -0.017365
vn 0.000000 0.098481 -0.017365
vn 0.000000 0.093969 -0.034202
vn 0.000000 0.093969 -0.034202
vn 0.000000 0.086603 -0.050000
vn 0.000000 0.086603 -0.050000
vn 0.000000 0.076604 -0.064279
vn 0.000000 0.076604 -0.064279
vn 0.000000 0.064279 -0.076604
vn 0.000000 0.064279 -0.076604
vn 0.000000 0.050000 -0.086603
vn 0.000000 0.050000 -0.086603
vn 0.000000 0.034202 -0.093969
vn 0.000000 0.034202 -0.093969
vn 0.000000 -0.017365 -0.098481
vn 0.000000 -0.017365 -0.098481
vn 0.000000 0.000000 -0.100000
vn 0.000000 0.000000 -0.100000
vn 0.000000 0.017365 -0.098481
vn 0.000000 0.017365 -0.098481
vn 0.000000 0.034202 -0.093969
vn 0.000000 0.034202 -0.093969
vn 0.000000 0.050000 -0.086603
vn 0.000000 0.050000 -0.086603
vn 0.000000 0.064279 -0.076604
vn 0.000000 0.064279 -0.076604
vn 0.000000 0.076604 -0.064279
vn 0.000000 0.076604 -0.064279
vn 0.000000 0.086603 -0.050000
vn 0.000000 0.086603 -0.050000
vn 0.000000 0.093969 -0.034202
vn 0.000000 0.093969 -0.034202
vn 0.000000 0.098481 -0.017365
vn 0.000000 0.098481 -0.017365
vn 0.000000 0.100000 -0.000000
vn 0.000000 0.100000 -0.000000
vn -0.000000 0.098481 0.017365
vn -0.000000 0.098481 0.017365
vn -0.000000 0.093969 0.034202
vn -0.000000 0.093969 0.034202
vn -0.000000 0.086603 0.050000
vn -0.000000 0.086603 0.050000
vn -0.000000 0.076604 0.064279
vn -0.000000 0.076604 0.064279
vn -0.000000 0.064279 0.076604
vn -0.000000 0.064279 0.076604
vn -0.000000 0.050000 0.086603
vn -0.000000 0.050000 0.086603
vn -0.000000 0.034202 0.093969
vn -0.000000 0.034202 0.093969
vn -0.000000 0.017365 0.098481
vn -0.000000 0.017365 0.098481
vn -0.000000 0.000000 0.100000
vn -0.000000 0.000000 0.100000
vn -0.000000 -0.017365 0.098481
vn -0.000000 -0.017365 0.098481
vn -0.000000 -0.034202 0.093969
vn -0.000000 -0.034202 0.093969
vn -0.000000 -0.050000 0.086603
vn -0.000000 -0.050000 0.086603
vn -0.000000 -0.064279 0.076604
vn -0.000000 -0.064279 0.076604
vn -0.000000 -0.076604 0.064279
vn -0.000000 -0.076604 0.064279
vn -0.000000 -0.086603 0.050000
vn -0.000000 -0.086603 0.050000
vn -0.000000 -0.093969 0.034202
vn -0.000000 -0.093969 0.034202
vn -0.000000 -0.098481 0.017365
vn -0.000000 -0.098481 0.017365
vn 0.000000 -0.100000 -0.000000
vn 0.000000 -0.100000 -0.000000
vn 0.000000 -0.098481 -0.017365
vn 0.000000 -0.098481 -0.017365
vn 0.000000 -0.093969 -0.034202
vn 0.000000 -0.093969 -0.034202
vn 0.000000 -0.086603 -0.050000
vn 0.000000 -0.086603 -0.050000
vn 0.000000 -0.076604 -0.064279
vn 0.000000 -0.076604 -0.064279
vn 0.000000 -0.064279 -0.076604
vn 0.000000 -0.064279 -0.076604
vn 0.000000 -0.050000 -0.086603
vn 0.000000 -0.050000 -0.086603
vn 0.000000 -0.034202 -0.093969
vn 0.000000 -0.034202 -0.093969
vn 0.100000 0.000000 0.000000
vn 0.100000 0.000000 0.000000
vn 0.100000 0.000000 0.000000
vn 0.100000 0.000000 0.000000
vn 0.100000 0.000000 0.000000
vn 0.100000 0.000000 0.000000
vn 0.100000 0.000000 0.000000
vn 0.100000 0.000000 0.000000
vn 0.100000 0.000000 0.000000
vn 0.100000 0.000000 0.000000
vn 0.100000 0.000000 0.000000
vn 0.100000 0.000000 0.000000
vn 0.100000 0.000000 0.000000
vn 0.100000 0.000000 0.000000
vn 0.100000 0.000000 0.000000
vn 0.100000 0.000000 0.000000
vn 0.100000 0.000000 0.000000
vn 0.100000 0.000000 0.000000
vn 0.100000 0.000000 0.000000
vn 0.100000 0.000000 0.000000
vn 0.100000 0.000000 0.000000
vn 0.100000 0.000000 0.000000
vn 0.100000 0.000000 0.000000
vn 0.100000 0.000000 0.000000
vn 0.100000 0.000000 0.000000
vn 0.100000 0.000000 0.000000
vn 0.100000 0.000000 0.000000
vn 0.100000 0.000000 0.000000
vn 0.100000 0.000000 0.000000
vn 0.100000 0.000000 0.000000
vn 0.100000 0.000000 0.000000
vn 0.100000 0.000000 0.000000
vn 0.100000 0.000000 0.000000
vn 0.100000 0.000000 0.000000
vn 0.100000 0.000000 0.000000
vn 0.100000 0.000000 0.000000
vn 0.100000 0.000000 0.000000
vn 0.100000 0.000000 0.000000
vn 0.100000 0.000000 0.000000
vn 0.100000 0.000000 0.000000
vn 0.100000 0.000000 0.000000
vn 0.100000 0.000000 0.000000
vn 0.100000 0.000000 0.000000
vn 0.100000 0.000000 0.000000
vn 0.100000 0.000000 0.000000
vn 0.100000 0.000000 0.000000
vn 0.100000 0.000000 0.000000
vn 0.100000 0.000000 0.000000
vn 0.100000 0.000000 0.000000
vn 0.100000 0.000000 0.000000
vn 0.100000 0.000000 0.000000
vn 0.100000 0.000000 0.000000
vn 0.100000 0.000000 0.000000
vn 0.100000 0.000000 0.000000
vn 0.100000 0.000000 0.000000
vn 0.100000 0.000000 0.000000
vn 0.100000 0.000000 0.000000
vn 0.100000 0.000000 0.000000
vn 0.100000 0.000000 0.000000
vn 0.100000 0.000000 0.000000
vn 0.100000 0.000000 0.000000
vn 0.100000 0.000000 0.000000
vn 0.100000 0.000000 0.000000
vn 0.100000 0.000000 0.000000
vn 0.100000 0.000000 0.000000
vn 0.100000 0.000000 0.000000
vn 0.100000 0.000000 0.000000
vn 0.100000 0.000000 0.000000
vn 0.100000 0.000000 0.000000
vn 0.100000 0.000000 0.000000
vn 0.100000 0.000000 0.000000
vn 0.100000 0.000000 0.000000
vn 0.100000 0.000000 0.000000
vn 0.100000 0.000000 0.000000
vn 0.100000 0.000000 0.000000
vn 0.100000 0.000000 0.000000
vn 0.100000 0.000000 0.000000
vn 0.100000 0.000000 0.000000
vn 0.100000 0.000000 0.000000
vn 0.100000 0.000000 0.000000
vn 0.100000 0.000000 0.000000
vn 0.100000 0.000000 0.000000
vn 0.100000 0.000000 0.000000
vn 0.100000 0.000000 0.000000
vn 0.000000 -0.100000 -0.000000
vn 0.000000 -0.100000 -0.000000
vn 0.000000 -0.100000 -0.000000
vn 0.000000 -0.100000 -0.000000
vn 0.000000 0.011111 -0.099381
vn 0.000000 0.011111 -0.099381
vn 0.000000 0.015881 -0.098731
vn 0.000000 0.015881 -0.098731
vn 0.000000 0.020615 -0.097852
vn 0.000000 0.020615 -0.097852
vn 0.000000 0.025300 -0.096747
vn 0.000000 0.025300 -0.096747
vn 0.000000 0.029927 -0.095417
vn 0.000000 0.029927 -0.095417
vn 0.000000 0.034485 -0.093866
vn 0.000000 0.034485 -0.093866
vn 0.000000 0.038962 -0.092097
vn 0.000000 0.038962 -0.092097
vn 0.000000 0.043350 -0.090116
vn 0.000000 0.043350 -0.090116
vn 0.000000 0.047637 -0.087925
vn 0.000000 0.047637 -0.087925
vn 0.000000 0.051813 -0.085530
vn 0.000000 0.051813 -0.085530
vn 0.000000 0.055869 -0.082937
vn 0.000000 0.055869 -0.082937
vn 0.000000 0.059796 -0.080152
vn 0.000000 0.059796 -0.080152
vn 0.000000 0.063585 -0.077182
vn 0.000000 0.063585 -0.077182
vn 0.000000 0.067226 -0.074032
vn 0.000000 0.067226 -0.074032
vn 0.000000 0.070711 -0.070711
vn 0.000000 0.070711 -0.070711
vn 0.000000 0.074032 -0.067226
vn 0.000000 0.074032 -0.067226
vn 0.000000 0.077182 -0.063585
vn 0.000000 0.077182 -0.063585
vn 0.000000 0.080152 -0.059796
vn 0.000000 0.080152 -0.059796
vn 0.000000 0.082937 -0.055869
vn 0.000000 0.082937 -0.055869
vn 0.000000 0.085530 -0.051813
vn 0.000000 0.085530 -0.051813
vn 0.000000 0.087925 -0.047637
vn 0.000000 0.087925 -0.047637
vn 0.000000 0.090116 -0.043350
vn 0.000000 0.090116 -0.043350
vn 0.000000 0.092097 -0.038962
vn 0.000000 0.092097 -0.038962
vn 0.000000 0.093866 -0.034485
vn 0.000000 0.093866 -0.034485
vn 0.000000 0.095417 -0.029927
vn 0.000000 0.095417 -0.029927
vn 0.000000 0.096747 -0.025300
vn 0.000000 0.096747 -0.025300
vn 0.000000 0.097852 -0.020615
vn 0.000000 0.097852 -0.020615
vn 0.000000 0.098731 -0.015881
vn 0.000000 0.098731 -0.015881
vn 0.000000 0.099381 -0.011111
vn 0.000000 0.099381 -0.011111
vn -0.000000 0.000000 0.100000
vn -0.000000 0.000000 0.100000
vn -0.000000 0.000000 0.100000
vn -0.000000 0.000000 0.100000
vn 0.000000 -0.099942 -0.003406
vn 0.000000 -0.099942 -0.003406
vn -0.000000 -0.099838 0.005695
vn -0.000000 -0.099838 0.005695
vn -0.000000 -0.098906 0.014749
vn -0.000000 -0.098906 0.014749
vn -0.000000 -0.097155 0.023682
vn -0.000000 -0.097155 0.023682
vn -0.000000 -0.094600 0.032417
vn -0.000000 -0.094600 0.032417
vn -0.000000 -0.091260 0.040885
vn -0.000000 -0.091260 0.040885
vn -0.000000 -0.087165 0.049013
vn -0.000000 -0.087165 0.049013
vn -0.000000 -0.082347 0.056736
vn -0.000000 -0.082347 0.056736
vn -0.000000 -0.076847 0.063988
vn -0.000000 -0.076847 0.063988
vn -0.000000 -0.070711 0.070711
vn -0.000000 -0.070711 0.070711
vn -0.000000 -0.063988 0.076847
vn -0.000000 -0.063988 0.076847
vn -0.000000 -0.056736 0.082347
vn -0.000000 -0.056736 0.082347
vn -0.000000 -0.049013 0.087165
vn -0.000000 -0.049013 0.087165
vn -0.000000 -0.040885 0.091260
vn -0.000000 -0.040885 0.091260
vn -0.000000 -0.032417 0.094600
vn -0.000000 -0.032417 0.094600
vn -0.000000 -0.023682 0.097155
vn -0.000000 -0.023682 0.097155
vn -0.000000 -0.014749 0.098906
vn -0.000000 -0.014749 0.098906
vn -0.000000 -0.005695 0.099838
vn -0.000000 -0.005695 0.099838
vn -0.000000 0.003406 0.099942
vn -0.000000 0.003406 0.099942
vn -0.100000 0.000000 -0.000000
vn -0.100000 0.000000 -0.000000
vn -0.100000 0.000000 -0.000000
vn -0.100000 0.000000 -0.000000
vn -0.100000 0.000000 -0.000000
vn -0.100000 0.000000 -0.000000
vn -0.100000 0.000000 -0.000000
vn -0.100000 0.000000 -0.000000
vn -0.100000 0.000000 -0.000000
vn -0.100000 0.000000 -0.000000
vn -0.100000 0.000000 -0.000000
vn -0.100000 0.000000 -0.000000
vn -0.100000 0.000000 -0.000000
vn -0.100000 0.000000 -0.000000
vn -0.100000 0.000000 -0.000000
vn -0.100000 0.000000 -0.000000
vn -0.100000 0.000000 -0.000000
vn -0.100000 0.000000 -0.000000
vn -0.100000 0.000000 -0.000000
vn -0.100000 0.000000 -0.000000
vn -0.100000 0.000000 -0.000000
vn -0.100000 0.000000 -0.000000
vn -0.100000 0.000000 -0.000000
vn -0.100000 0.000000 -0.000000
vn -0.100000 0.000000 -0.000000
vn -0.100000 0.000000 -0.000000
vn -0.100000 0.000000 -0.000000
vn -0.100000 0.000000 -0.000000
vn -0.100000 0.000000 -0.000000
vn -0.100000 0.000000 -0.000000
vn -0.100000 0.000000 -0.000000
vn -0.100000 0.000000 -0.000000
vn -0.100000 0.000000 -0.000000
vn -0.100000 0.000000 -0.000000
vn -0.100000 0.000000 -0.000000
vn -0.100000 0.000000 -0.000000
vn -0.100000 0.000000 -0.000000
vn -0.100000 0.000000 -0.000000
vn -0.100000 0.000000 -0.000000
vn -0.100000 0.000000 -0.000000
vn -0.100000 0.000000 -0.000000
vn -0.100000 0.000000 -0.000000
vn -0.100000 0.000000 -0.000000
vn -0.100000 0.000000 -0.000000
vn -0.100000 0.000000 -0.000000
vn -0.100000 0.000000 -0.000000
vn -0.100000 0.000000 -0.000000
vn -0.100000 0.000000 -0.000000
vn -0.100000 0.000000 -0.000000
vn -0.100000 0.000000 -0.000000
vn -0.100000 0.000000 -0.000000
vn -0.100000 0.000000 -0.000000
vn -0.100000 0.000000 -0.000000
vn -0.100000 0.000000 -0.000000
vn -0.100000 0.000000 -0.000000
vn -0.100000 0.000000 -0.000000
vn -0.100000 0.000000 -0.000000
vn -0.100000 0.000000 -0.000000
vn -0.100000 0.000000 -0.000000
vn -0.100000 0.000000 -0.000000
vn -0.100000 0.000000 -0.000000
vn -0.100000 0.000000 -0.000000
vn -0.100000 0.000000 -0.000000
vn -0.100000 0.000000 -0.000000
vn -0.100000 0.000000 -0.000000
vn -0.100000 0.000000 -0.000000
vn -0.100000 0.000000 -0.000000
vn -0.100000 0.000000 -0.000000
vn -0.100000 0.000000 -0.000000
vn -0.100000 0.000000 -0.000000
vn -0.100000 0.000000 -0.000000
vn -0.100000 0.000000 -0.000000
vn -0.100000 0.000000 -0.000000
vn -0.100000 0.000000 -0.000000
vn -0.100000 0.000000 -0.000000
vn -0.100000 0.000000 -0.000000
vn -0.100000 0.000000 -0.000000
vn -0.100000 0.000000 -0.000000
vn -0.100000 0.000000 -0.000000
vn -0.100000 0.000000 -0.000000
vn -0.100000 0.000000 -0.000000
vn -0.100000 0.000000 -0.000000
vn -0.100000 0.000000 -0.000000
vn -0.100000 0.000000 -0.000000
vn 0.000000 0.017365 -0.098481
vn 0.000000 0.017365 -0.098481
vn 0.000000 0.000000 -0.100000
vn 0.000000 0.000000 -0.100000
vn 0.000000 -0.017365 -0.098481
vn 0.000000 -0.017365 -0.098481
vn 0.000000 -0.034202 -0.093969
vn 0.000000 -0.034202 -0.093969
vn 0.000000 -0.050000 -0.086603
vn 0.000000 -0.050000 -0.086603
vn 0.000000 -0.064279 -0.076604
vn 0.000000 -0.064279 -0.076604
vn 0.000000 -0.076604 -0.064279
vn 0.000000 -0.076604 -0.064279
vn 0.000000 -0.086603 -0.050000
vn 0.000000 -0.086603 -0.050000
vn 0.000000 -0.093969 -0.034202
vn 0.000000 -0.093969 -0.034202
vn 0.000000 -0.098481 -0.017365
vn 0.000000 -0.098481 -0.017365
vn 0.000000 -0.100000 -0.000000
vn 0.000000 -0.100000 -0.000000
vn -0.000000 -0.098481 0.017365
vn -0.000000 -0.098481 0.017365
vn -0.000000 -0.093969 0.034202
vn -0.000000 -0.093969 0.034202
vn -0.000000 -0.086603 0.050000
vn -0.000000 -0.086603 0.050000
vn -0.000000 -0.076604 0.064279
vn -0.000000 -0.076604 0.064279
vn -0.000000 -0.064279 0.076604
vn -0.000000 -0.064279 0.076604
vn -0.000000 -0.050000 0.086603
vn -0.000000 -0.050000 0.086603
vn -0.000000 -0.034202 0.093969
vn -0.000000 -0.034202 0.093969
vn -0.000000 -0.017365 0.098481
vn -0.000000 -0.017365 0.098481
vn -0.000000 -0.000000 0.100000
vn -0.000000 -0.000000 0.100000
vn -0.000000 0.017365 0.098481
vn -0.000000 0.017365 0.098481
vn -0.000000 0.034202 0.093969
vn -0.000000 0.034202 0.093969
vn -0.000000 0.050000 0.086603
vn -0.000000 0.050000 0.086603
vn -0.000000 0.064279 0.076604
vn -0.000000 0.064279 0.076604
vn -0.000000 0.076604 0.064279
vn -0.000000 0.076604 0.064279
vn -0.000000 0.086603 0.050000
vn -0.000000 0.086603 0.050000
vn -0.000000 0.093969 0.034202
vn -0.000000 0.093969 0.034202
vn -0.000000 0.098481 0.017365
vn -0.000000 0.098481 0.017365
vn 0.000000 0.100000 -0.000000
vn 0.000000 0.100000 -0.000000
vn 0.000000 0.098481 -0.017365
vn 0.000000 0.098481 -0.017365
vn 0.000000 0.093969 -0.034202
vn 0.000000 0.093969 -0.034202
vn 0.000000 0.086603 -0.050000
vn 0.000000 0.086603 -0.050000
vn 0.000000 0.076604 -0.064279
vn 0.000000 0.076604 -0.064279
vn 0.000000 0.064279 -0.076604
vn 0.000000 0.064279 -0.076604
vn 0.000000 0.050000 -0.086603
vn 0.000000 0.050000 -0.086603
vn 0.000000 0.034202 -0.093969
vn 0.000000 0.034202 -0.093969
vn 0.000000 -0.017365 -0.098481
vn 0.000000 -0.017365 -0.098481
vn 0.000000 0.000000 -0.100000
vn 0.000000 0.000000 -0.100000
vn 0.000000 0.017365 -0.098481
vn 0.000000 0.017365 -0.098481
vn 0.000000 0.034202 -0.093969
vn 0.000000 0.034202 -0.093969
vn 0.000000 0.050000 -0.086603
vn 0.000000 0.050000 -0.086603
vn 0.000000 0.064279 -0.076604
vn 0.000000 0.064279 -0.076604
vn 0.000000 0.076604 -0.064279
vn 0.000000 0.076604 -0.064279
vn 0.000000 0.086603 -0.050000
vn 0.000000 0.086603 -0.050000
vn 0.000000 0.093969 -0.034202
vn 0.000000 0.093969 -0.034202
vn 0.000000 0.098481 -0.017365
vn 0.000000 0.098481 -0.017365
vn -0.000000 0.100000 0.000000
vn -0.000000 0.100000 0.000000
vn -0.000000 0.098481 0.017365
vn -0.000000 0.098481 0.017365
vn -0.000000 0.093969 0.034202
vn -0.000000 0.093969 0.034202
vn -0.000000 0.086603 0.050000
vn -0.000000 0.086603 0.050000
vn -0.000000 0.076604 0.064279
vn -0.000000 0.076604 0.064279
vn -0.000000 0.064279 0.076604
vn -0.000000 0.064279 0.076604
vn -0.000000 0.050000 0.086603
vn -0.000000 0.050000 0.086603
vn -0.000000 0.034202 0.093969
vn -0.000000 0.034202 0.093969
vn -0.000000 0.017365 0.098481
vn -0.000000 0.017365 0.098481
vn -0.000000 0.000000 0.100000
vn -0.000000 0.000000 0.100000
vn -0.000000 -0.017365 0.098481
vn -0.000000 -0.017365 0.098481
vn -0.000000 -0.034202 0.093969
vn -0.000000 -0.034202 0.093969
vn -0.000000 -0.050000 0.086603
vn -0.000000 -0.050000 0.086603
vn -0.000000 -0.064279 0.076604
vn -0.000000 -0.064279 0.076604
vn -0.000000 -0.076604 0.064279
vn -0.000000 -0.076604 0.064279
vn -0.000000 -0.086603 0.050000
vn -0.000000 -0.086603 0.050000
vn -0.000000 -0.093969 0.034202
vn -0.000000 -0.093969 0.034202
vn -0.000000 -0.098481 0.017365
vn -0.000000 -0.098481 0.017365
vn -0.000000 -0.100000 0.000000
vn -0.000000 -0.100000 0.000000
vn 0.000000 -0.098481 -0.017365
vn 0.000000 -0.098481 -0.017365
vn 0.000000 -0.093969 -0.034202
vn 0.000000 -0.093969 -0.034202
vn 0.000000 -0.086603 -0.050000
vn 0.000000 -0.086603 -0.050000
vn 0.000000 -0.076604 -0.064279
vn 0.000000 -0.076604 -0.064279
vn 0.000000 -0.064279 -0.076604
vn 0.000000 -0.064279 -0.076604
vn 0.000000 -0.050000 -0.086603
vn 0.000000 -0.050000 -0.086603
vn 0.000000 -0.034202 -0.093969
vn 0.000000 -0.034202 -0.093969
vn 0.100000 0.000000 0.000000
vn 0.100000 0.000000 0.000000
vn 0.100000 0.000000 0.000000
vn 0.100000 0.000000 0.000000
vn 0.100000 0.000000 0.000000
vn 0.100000 0.000000 0.000000
vn 0.100000 0.000000 0.000000
vn 0.100000 0.000000 0.000000
vn 0.100000 0.000000 0.000000
vn 0.100000 0.000000 0.000000
vn 0.100000 0.000000 0.000000
vn 0.100000 0.000000 0.000000
vn 0.100000 0.000000 0.000000
vn 0.100000 0.000000 0.000000
vn 0.100000 0.000000 0.000000
vn 0.100000 0.000000 0.000000
vn 0.100000 0.000000 0.000000
vn 0.100000 0.000000 0.000000
vn 0.100000 0.000000 0.000000
vn 0.100000 0.000000 0.000000
vn 0.100000 0.000000 0.000000
vn 0.100000 0.000000 0.000000
vn 0.100000 0.000000 0.000000
vn 0.100000 0.000000 0.000000
vn 0.100000 0.000000 0.000000
vn 0.100000 0.000000 0.000000
vn 0.100000 0.000000 0.000000
vn 0.100000 0.000000 0.000000
vn 0.100000 0.000000 0.000000
vn 0.100000 0.000000 0.000000
vn 0.100000 0.000000 0.000000
vn 0.100000 0.000000 0.000000
vn 0.100000 0.000000 0.000000
vn 0.100000 0.000000 0.000000
vn 0.100000 0.000000 0.000000
vn 0.100000 0.000000 0.000000
vn 0.100000 0.000000 0.000000
vn 0.100000 0.000000 0.000000
vn 0.100000 0.000000 0.000000
vn 0.100000 0.000000 0.000000
vn 0.100000 0.000000 0.000000
vn 0.100000 0.000000 0.000000
vn 0.100000 0.000000 0.000000
vn 0.100000 0.000000 0.000000
vn 0.100000 0.000000 0.000000
vn 0.100000 0.000000 0.000000
vn 0.100000 0.000000 0.000000
vn 0.100000 0.000000 0.000000
vn 0.100000 0.000000 0.000000
vn 0.100000 0.000000 0.000000
vn 0.100000 0.000000 0.000000
vn 0.100000 0.000000 0.000000
vn 0.100000 0.000000 0.000000
vn 0.100000 0.000000 0.000000
vn 0.100000 0.000000 0.000000
vn 0.100000 0.000000 0.000000
vn 0.100000 0.000000 0.000000
vn 0.100000 0.000000 0.000000
vn 0.100000 0.000000 0.000000
vn 0.100000 0.000000 0.000000
vn 0.100000 0.000000 0.000000
vn 0.100000 0.000000 0.000000
vn 0.100000 0.000000 0.000000
vn 0.100000 0.000000 0.000000
vn 0.100000 0.000000 0.000000
vn 0.100000 0.000000 0.000000
vn 0.100000 0.000000 0.000000
vn 0.100000 0.000000 0.000000
vn 0.100000 0.000000 0.000000
vn 0.100000 0.000000 0.000000
vn 0.100000 0.000000 0.000000
vn 0.100000 0.000000 0.000000
vn 0.100000 0.000000 0.000000
vn 0.100000 0.000000 0.000000
vn 0.100000 0.000000 0.000000
vn 0.100000 0.000000 0.000000
vn 0.100000 0.000000 0.000000
vn 0.100000 0.000000 0.000000
vn 0.100000 0.000000 0.000000
vn 0.100000 0.000000 0.000000
vn 0.100000 0.000000 0.000000
vn 0.100000 0.000000 0.000000
vn 0.100000 0.000000 0.000000
vn 0.100000 0.000000 0.000000
vn 0.000000 -0.100000 -0.000000
vn 0.000000 -0.100000 -0.000000
vn 0.000000 -0.100000 -0.000000
vn 0.000000 -0.100000 -0.000000
vn 0.000000 0.011111 -0.099381
vn 0.000000 0.011111 -0.099381
vn 0.000000 0.015881 -0.098731
vn 0.000000 0.015881 -0.098731
vn 0.000000 0.020615 -0.097852
vn 0.000000 0.020615 -0.097852
vn 0.000000 0.025300 -0.096747
vn 0.000000 0.025300 -0.096747
vn 0.000000 0.029927 -0.095417
vn 0.000000 0.029927 -0.095417
vn 0.000000 0.034485 -0.093866
vn 0.000000 0.034485 -0.093866
vn 0.000000 0.038962 -0.092097
vn 0.000000 0.038962 -0.092097
vn 0.000000 0.043350 -0.090116
vn 0.000000 0.043350 -0.090116
vn 0.000000 0.047637 -0.087925
vn 0.000000 0.047637 -0.087925
vn 0.000000 0.051813 -0.085530
vn 0.000000 0.051813 -0.085530
vn 0.000000 0.055869 -0.082937
vn 0.000000 0.055869 -0.082937
vn 0.000000 0.059796 -0.080152
vn 0.000000 0.059796 -0.080152
vn 0.000000 0.063585 -0.077182
vn 0.000000 0.063585 -0.077182
vn 0.000000 0.067226 -0.074032
vn 0.000000 0.067226 -0.074032
vn 0.000000 0.070711 -0.070711
vn 0.000000 0.070711 -0.070711
vn 0.000000 0.074032 -0.067226
vn 0.000000 0.074032 -0.067226
vn 0.000000 0.077182 -0.063585
vn 0.000000 0.077182 -0.063585
vn 0.000000 0.080152 -0.059796
vn 0.000000 0.080152 -0.059796
vn 0.000000 0.082937 -0.055869
vn 0.000000 0.082937 -0.055869
vn 0.000000 0.085530 -0.051813
vn 0.000000 0.085530 -0.051813
vn 0.000000 0.087925 -0.047637
vn 0.000000 0.087925 -0.047637
vn 0.000000 0.090116 -0.043350
vn 0.000000 0.090116 -0.043350
vn 0.000000 0.092097 -0.038962
vn 0.000000 0.092097 -0.038962
vn 0.000000 0.093866 -0.034485
vn 0.000000 0.093866 -0.034485
vn 0.000000 0.095417 -0.029927
vn 0.000000 0.095417 -0.029927
vn 0.000000 0.096747 -0.025300
vn 0.000000 0.096747 -0.025300
vn 0.000000 0.097852 -0.020615
vn 0.000000 0.097852 -0.020615
vn 0.000000 0.098731 -0.015881
vn 0.000000 0.098731 -0.015881
vn 0.000000 0.099381 -0.011111
vn 0.000000 0.099381 -0.011111
vn -0.000000 0.000000 0.100000
vn -0.000000 0.000000 0.100000
vn -0.000000 0.000000 0.100000
vn -0.000000 0.000000 0.100000
vn 0.000000 -0.099942 -0.003406
vn 0.000000 -0.099942 -0.003406
vn -0.000000 -0.099838 0.005695
vn -0.000000 -0.099838 0.005695
vn -0.000000 -0.098906 0.014749
vn -0.000000 -0.098906 0.014749
vn -0.000000 -0.097155 0.023682
vn -0.000000 -0.097155 0.023682
vn -0.000000 -0.094600 0.032417
vn -0.000000 -0.094600 0.032417
vn -0.000000 -0.091260 0.040885
vn -0.000000 -0.091260 0.040885
vn -0.000000 -0.087165 0.049013
vn -0.000000 -0.087165 0.049013
vn -0.000000 -0.082347 0.056736
vn -0.000000 -0.082347 0.056736
vn -0.000000 -0.076847 0.063988
vn -0.000000 -0.076847 0.063988
vn -0.000000 -0.070711 0.070711
vn -0.000000 -0.070711 0.070711
vn -0.000000 -0.063988 0.076847
vn -0.000000 -0.063988 0.076847
vn -0.000000 -0.056736 0.082347
vn -0.000000 -0.056736 0.082347
vn -0.000000 -0.049013 0.087165
vn -0.000000 -0.049013 0.087165
vn -0.000000 -0.040885 0.091260
vn -0.000000 -0.040885 0.091260
vn -0.000000 -0.032417 0.094600
vn -0.000000 -0.032417 0.094600
vn -0.000000 -0.023682 0.097155
vn -0.000000 -0.023682 0.097155
vn -0.000000 -0.014749 0.098906
vn -0.000000 -0.014749 0.098906
vn -0.000000 -0.005695 0.099838
vn -0.000000 -0.005695 0.099838
vn -0.000000 0.003406 0.099942
vn -0.000000 0.003406 0.099942
vn -0.100000 0.000000 -0.000000
vn -0.100000 0.000000 -0.000000
vn -0.100000 0.000000 -0.000000
vn -0.100000 0.000000 -0.000000
vn -0.100000 0.000000 -0.000000
vn -0.100000 0.000000 -0.000000
vn -0.100000 0.000000 -0.000000
vn -0.100000 0.000000 -0.000000
vn -0.100000 0.000000 -0.000000
vn -0.100000 0.000000 -0.000000
vn -0.100000 0.000000 -0.000000
vn -0.100000 0.000000 -0.000000
vn -0.100000 0.000000 -0.000000
vn -0.100000 0.000000 -0.000000
vn -0.100000 0.000000 -0.000000
vn -0.100000 0.000000 -0.000000
vn -0.100000 0.000000 -0.000000
vn -0.100000 0.000000 -0.000000
vn -0.100000 0.000000 -0.000000
vn -0.100000 0.000000 -0.000000
vn -0.100000 0.000000 -0.000000
vn -0.100000 0.000000 -0.000000
vn -0.100000 0.000000 -0.000000
vn -0.100000 0.000000 -0.000000
vn -0.100000 0.000000 -0.000000
vn -0.100000 0.000000 -0.000000
vn -0.100000 0.000000 -0.000000
vn -0.100000 0.000000 -0.000000
vn -0.100000 0.000000 -0.000000
vn -0.100000 0.000000 -0.000000
vn -0.100000 0.000000 -0.000000
vn -0.100000 0.000000 -0.000000
vn -0.100000 0.000000 -0.000000
vn -0.100000 0.000000 -0.000000
vn -0.100000 0.000000 -0.000000
vn -0.100000 0.000000 -0.000000
vn -0.100000 0.000000 -0.000000
vn -0.100000 0.000000 -0.000000
vn -0.100000 0.000000 -0.000000
vn -0.100000 0.000000 -0.000000
vn -0.100000 0.000000 -0.000000
vn -0.100000 0.000000 -0.000000
vn -0.100000 0.000000 -0.000000
vn -0.100000 0.000000 -0.000000
vn -0.100000 0.000000 -0.000000
vn -0.100000 0.000000 -0.000000
vn -0.100000 0.000000 -0.000000
vn -0.100000 0.000000 -0.000000
vn -0.100000 0.000000 -0.000000
vn -0.100000 0.000000 -0.000000
vn -0.100000 0.000000 -0.000000
vn -0.100000 0.000000 -0.000000
vn -0.100000 0.000000 -0.000000
vn -0.100000 0.000000 -0.000000
vn -0.100000 0.000000 -0.000000
vn -0.100000 0.000000 -0.000000
vn -0.100000 0.000000 -0.000000
vn -0.100000 0.000000 -0.000000
vn -0.100000 0.000000 -0.000000
vn -0.100000 0.000000 -0.000000
vn -0.100000 0.000000 -0.000000
vn -0.100000 0.000000 -0.000000
vn -0.100000 0.000000 -0.000000
vn -0.100000 0.000000 -0.000000
vn -0.100000 0.000000 -0.000000
vn -0.100000 0.000000 -0.000000
vn -0.100000 0.000000 -0.000000
vn -0.100000 0.000000 -0.000000
vn -0.100000 0.000000 -0.000000
vn -0.100000 0.000000 -0.000000
vn -0.100000 0.000000 -0.000000
vn -0.100000 0.000000 -0.000000
vn -0.100000 0.000000 -0.000000
vn -0.100000 0.000000 -0.000000
vn -0.100000 0.000000 -0.000000
vn -0.100000 0.000000 -0.000000
vn -0.100000 0.000000 -0.000000
vn -0.100000 0.000000 -0.000000
vn -0.100000 0.000000 -0.000000
vn -0.100000 0.000000 -0.000000
vn -0.100000 0.000000 -0.000000
vn -0.100000 0.000000 -0.000000
vn -0.100000 0.000000 -0.000000
vn -0.100000 0.000000 -0.000000
vn 0.000000 0.017365 -0.098481
vn 0.000000 0.017365 -0.098481
vn 0.000000 0.000000 -0.100000
vn 0.000000 0.000000 -0.100000
vn 0.000000 -0.017365 -0.098481
vn 0.000000 -0.017365 -0.098481
vn 0.000000 -0.034202 -0.093969
vn 0.000000 -0.034202 -0.093969
vn 0.000000 -0.050000 -0.086603
vn 0.000000 -0.050000 -0.086603
vn 0.000000 -0.064279 -0.076604
vn 0.000000 -0.064279 -0.076604
vn 0.000000 -0.076604 -0.064279
vn 0.000000 -0.076604 -0.064279
vn 0.000000 -0.086603 -0.050000
vn 0.000000 -0.086603 -0.050000
vn 0.000000 -0.093969 -0.034202
vn 0.000000 -0.093969 -0.034202
vn 0.000000 -0.098481 -0.017365
vn 0.000000 -0.098481 -0.017365
vn -0.000000 -0.100000 0.000000
vn -0.000000 -0.100000 0.000000
vn -0.000000 -0.098481 0.017365
vn -0.000000 -0.098481 0.017365
vn -0.000000 -0.093969 0.034202
vn -0.000000 -0.093969 0.034202
vn -0.000000 -0.086603 0.050000
vn -0.000000 -0.086603 0.050000
vn -0.000000 -0.076604 0.064279
vn -0.000000 -0.076604 0.064279
vn -0.000000 -0.064279 0.076604
vn -0.000000 -0.064279 0.076604
vn -0.000000 -0.050000 0.086603
vn -0.000000 -0.050000 0.086603
vn -0.000000 -0.034202 0.093969
vn -0.000000 -0.034202 0.093969
vn -0.000000 -0.017365 0.098481
vn -0.000000 -0.017365 0.098481
vn -0.000000 -0.000000 0.100000
vn -0.000000 -0.000000 0.100000
vn -0.000000 0.017365 0.098481
vn -0.000000 0.017365 0.098481
vn -0.000000 0.034202 0.093969
vn -0.000000 0.034202 0.093969
vn -0.000000 0.050000 0.086603
vn -0.000000 0.050000 0.086603
vn -0.000000 0.064279 0.076604
vn -0.000000 0.064279 0.076604
vn -0.000000 0.076604 0.064279
vn -0.000000 0.076604 0.064279
vn -0.000000 0.086603 0.050000
vn -0.000000 0.086603 0.050000
vn -0.000000 0.093969 0.034202
vn -0.000000 0.093969 0.034202
vn -0.000000 0.098481 0.017365
vn -0.000000 0.098481 0.017365
vn -0.000000 0.100000 0.000000
vn -0.000000 0.100000 0.000000
vn 0.000000 0.098481 -0.017365
vn 0.000000 0.098481 -0.017365
vn 0.000000 0.093969 -0.034202
vn 0.000000 0.093969 -0.034202
vn 0.000000 0.086603 -0.050000
vn 0.000000 0.086603 -0.050000
vn 0.000000 0.076604 -0.064279
vn 0.000000 0.076604 -0.064279
vn 0.000000 0.064279 -0.076604
vn 0.000000 0.064279 -0.076604
vn 0.000000 0.050000 -0.086603
vn 0.000000 0.050000 -0.086603
vn 0.000000 0.034202 -0.093969
vn 0.000000 0.034202 -0.093969
vn 0.000000 -0.017365 -0.098481
vn 0.000000 -0.017365 -0.098481
vn 0.000000 0.000000 -0.100000
vn 0.000000 0.000000 -0.100000
vn 0.000000 0.017365 -0.098481
vn 0.000000 0.017365 -0.098481
vn 0.000000 0.034202 -0.093969
vn 0.000000 0.034202 -0.093969
vn 0.000000 0.050000 -0.086603
vn 0.000000 0.050000 -0.086603
vn 0.000000 0.064279 -0.076604
vn 0.000000 0.064279 -0.076604
vn 0.000000 0.076604 -0.064279
vn 0.000000 0.076604 -0.064279
vn 0.000000 0.086603 -0.050000
vn 0.000000 0.086603 -0.050000
vn 0.000000 0.093969 -0.034202
vn 0.000000 0.093969 -0.034202
vn 0.000000 0.098481 -0.017365
vn 0.000000 0.098481 -0.017365
vn -0.000000 0.100000 0.000000
vn -0.000000 0.100000 0.000000
vn -0.000000 0.098481 0.017365
vn -0.000000 0.098481 0.017365
vn -0.000000 0.093969 0.034202
vn -0.000000 0.093969 0.034202
vn -0.000000 0.086603 0.050000
vn -0.000000 0.086603 0.050000
vn -0.000000 0.076604 0.064279
vn -0.000000 0.076604 0.064279
vn -0.000000 0.064279 0.076604
vn -0.000000 0.064279 0.076604
vn -0.000000 0.050000 0.086603
vn -0.000000 0.050000 0.086603
vn -0.000000 0.034202 0.093969
vn -0.000000 0.034202 0.093969
vn -0.000000 0.017365 0.098481
vn -0.000000 0.017365 0.098481
vn -0.000000 0.000000 0.100000
vn -0.000000 0.000000 0.100000
vn -0.000000 -0.017365 0.098481
vn -0.000000 -0.017365 0.098481
vn -0.000000 -0.034202 0.093969
vn -0.000000 -0.034202 0.093969
vn -0.000000 -0.050000 0.086603
vn -0.000000 -0.050000 0.086603
vn -0.000000 -0.064279 0.076604
vn -0.000000 -0.064279 0.076604
vn -0.000000 -0.076604 0.064279
vn -0.000000 -0.076604 0.064279
vn -0.000000 -0.086603 0.050000
vn -0.000000 -0.086603 0.050000
vn -0.000000 -0.093969 0.034202
vn -0.000000 -0.093969 0.034202
vn -0.000000 -0.098481 0.017365
vn -0.000000 -0.098481 0.017365
vn -0.000000 -0.100000 0.000000
vn -0.000000 -0.100000 0.000000
vn 0.000000 -0.098481 -0.017365
vn 0.000000 -0.098481 -0.017365
vn 0.000000 -0.093969 -0.034202
vn 0.000000 -0.093969 -0.034202
vn 0.000000 -0.086603 -0.050000
vn 0.000000 -0.086603 -0.050000
vn 0.000000 -0.076604 -0.064279
vn 0.000000 -0.076604 -0.064279
vn 0.000000 -0.064279 -0.076604
vn 0.000000 -0.064279 -0.076604
vn 0.000000 -0.050000 -0.086603
vn 0.000000 -0.050000 -0.086603
vn 0.000000 -0.034202 -0.093969
vn 0.000000 -0.034202 -0.093969
vn 0.100000 0.000000 0.000000
vn 0.100000 0.000000 0.000000
vn 0.100000 0.000000 0.000000
vn 0.100000 0.000000 0.000000
vn 0.100000 0.000000 0.000000
vn 0.100000 0.000000 0.000000
vn 0.100000 0.000000 0.000000
vn 0.100000 0.000000 0.000000
vn 0.100000 0.000000 0.000000
vn 0.100000 0.000000 0.000000
vn 0.100000 0.000000 0.000000
vn 0.100000 0.000000 0.000000
vn 0.100000 0.000000 0.000000
vn 0.100000 0.000000 0.000000
vn 0.100000 0.000000 0.000000
vn 0.100000 0.000000 0.000000
vn 0.100000 0.000000 0.000000
vn 0.100000 0.000000 0.000000
vn 0.100000 0.000000 0.000000
vn 0.100000 0.000000 0.000000
vn 0.100000 0.000000 0.000000
vn 0.100000 0.000000 0.000000
vn 0.100000 0.000000 0.000000
vn 0.100000 0.000000 0.000000
vn 0.100000 0.000000 0.000000
vn 0.100000 0.000000 0.000000
vn 0.100000 0.000000 0.000000
vn 0.100000 0.000000 0.000000
vn 0.100000 0.000000 0.000000
vn 0.100000 0.000000 0.000000
vn 0.100000 0.000000 0.000000
vn 0.100000 0.000000 0.000000
vn 0.100000 0.000000 0.000000
vn 0.100000 0.000000 0.000000
vn 0.100000 0.000000 0.000000
vn 0.100000 0.000000 0.000000
vn 0.100000 0.000000 0.000000
vn 0.100000 0.000000 0.000000
vn 0.100000 0.000000 0.000000
vn 0.100000 0.000000 0.000000
vn 0.100000 0.000000 0.000000
vn 0.100000 0.000000 0.000000
vn 0.100000 0.000000 0.000000
vn 0.100000 0.000000 0.000000
vn 0.100000 0.000000 0.000000
vn 0.100000 0.000000 0.000000
vn 0.100000 0.000000 0.000000
vn 0.100000 0.000000 0.000000
vn 0.100000 0.000000 0.000000
vn 0.100000 0.000000 0.000000
vn 0.100000 0.000000 0.000000
vn 0.100000 0.000000 0.000000
vn 0.100000 0.000000 0.000000
vn 0.100000 0.000000 0.000000
vn 0.100000 0.000000 0.000000
vn 0.100000 0.000000 0.000000
vn 0.100000 0.000000 0.000000
vn 0.100000 0.000000 0.000000
vn 0.100000 0.000000 0.000000
vn 0.100000 0.000000 0.000000
vn 0.100000 0.000000 0.000000
vn 0.100000 0.000000 0.000000
vn 0.100000 0.000000 0.000000
vn 0.100000 0.000000 0.000000
vn 0.100000 0.000000 0.000000
vn 0.100000 0.000000 0.000000
vn 0.100000 0.000000 0.000000
vn 0.100000 0.000000 0.000000
vn 0.100000 0.000000 0.000000
vn 0.100000 0.000000 0.000000
vn 0.100000 0.000000 0.000000
vn 0.100000 0.000000 0.000000
vn 0.100000 0.000000 0.000000
vn 0.100000 0.000000 0.000000
vn 0.100000 0.000000 0.000000
vn 0.100000 0.000000 0.000000
vn 0.100000 0.000000 0.000000
vn 0.100000 0.000000 0.000000
vn 0.100000 0.000000 0.000000
vn 0.100000 0.000000 0.000000
vn 0.100000 0.000000 0.000000
vn 0.100000 0.000000 0.000000
vn 0.100000 0.000000 0.000000
vn 0.100000 0.000000 0.000000
vn 0.000000 -0.100000 -0.000000
vn 0.000000 -0.100000 -0.000000
vn 0.000000 -0.100000 -0.000000
vn 0.000000 -0.100000 -0.000000
vn 0.000000 0.011111 -0.099381
vn 0.000000 0.011111 -0.099381
vn 0.000000 0.015881 -0.098731
vn 0.000000 0.015881 -0.098731
vn 0.000000 0.020615 -0.097852
vn 0.000000 0.020615 -0.097852
vn 0.000000 0.025300 -0.096747
vn 0.000000 0.025300 -0.096747
vn 0.000000 0.029927 -0.095417
vn 0.000000 0.029927 -0.095417
vn 0.000000 0.034485 -0.093866
vn 0.000000 0.034485 -0.093866
vn 0.000000 0.038962 -0.092097
vn 0.000000 0.038962 -0.092097
vn 0.000000 0.043350 -0.090116
vn 0.000000 0.043350 -0.090116
vn 0.000000 0.047637 -0.087925
vn 0.000000 0.047637 -0.087925
vn 0.000000 0.051813 -0.085530
vn 0.000000 0.051813 -0.085530
vn 0.000000 0.055869 -0.082937
vn 0.000000 0.055869 -0.082937
vn 0.000000 0.059796 -0.080152
vn 0.000000 0.059796 -0.080152
vn 0.000000 0.063585 -0.077182
vn 0.000000 0.063585 -0.077182
vn 0.000000 0.067226 -0.074032
vn 0.000000 0.067226 -0.074032
vn 0.000000 0.070711 -0.070711
vn 0.000000 0.070711 -0.070711
vn 0.000000 0.074032 -0.067226
vn 0.000000 0.074032 -0.067226
vn 0.000000 0.077182 -0.063585
vn 0.000000 0.077182 -0.063585
vn 0.000000 0.080152 -0.059796
vn 0.000000 0.080152 -0.059796
vn 0.000000 0.082937 -0.055869
vn 0.000000 0.082937 -0.055869
vn 0.000000 0.085530 -0.051813
vn 0.000000 0.085530 -0.051813
vn 0.000000 0.087925 -0.047637
vn 0.000000 0.087925 -0.047637
vn 0.000000 0.090116 -0.043350
vn 0.000000 0.090116 -0.043350
vn 0.000000 0.092097 -0.038962
vn 0.000000 0.092097 -0.038962
vn 0.000000 0.093866 -0.034485
vn 0.000000 0.093866 -0.034485
vn 0.000000 0.095417 -0.029927
vn 0.000000 0.095417 -0.029927
vn 0.000000 0.096747 -0.025300
vn 0.000000 0.096747 -0.025300
vn 0.000000 0.097852 -0.020615
vn 0.000000 0.097852 -0.020615
vn 0.000000 0.098731 -0.015881
vn 0.000000 0.098731 -0.015881
vn 0.000000 0.099381 -0.011111
vn 0.000000 0.099381 -0.011111
vn -0.000000 0.000000 0.100000
vn -0.000000 0.000000 0.100000
vn -0.000000 0.000000 0.100000
vn -0.000000 0.000000 0.100000
vn 0.000000 -0.099942 -0.003406
vn 0.000000 -0.099942 -0.003406
vn -0.000000 -0.099838 0.005695
vn -0.000000 -0.099838 0.005695
vn -0.000000 -0.098906 0.014749
vn -0.000000 -0.098906 0.014749
vn -0.000000 -0.097155 0.023682
vn -0.000000 -0.097155 0.023682
vn -0.000000 -0.094600 0.032417
vn -0.000000 -0.094600 0.032417
vn -0.000000 -0.091260 0.040885
vn -0.000000 -0.091260 0.040885
vn -0.000000 -0.087165 0.049013
vn -0.000000 -0.087165 0.049013
vn -0.000000 -0.082347 0.056736
vn -0.000000 -0.082347 0.056736
vn -0.000000 -0.076847 0.063988
vn -0.000000 -0.076847 0.063988
vn -0.000000 -0.070711 0.070711
vn -0.000000 -0.070711 0.070711
vn -0.000000 -0.063988 0.076847
vn -0.000000 -0.063988 0.076847
vn -0.000000 -0.056736 0.082347
vn -0.000000 -0.056736 0.082347
vn -0.000000 -0.049013 0.087165
vn -0.000000 -0.049013 0.087165
vn -0.000000 -0.040885 0.091260
vn -0.000000 -0.040885 0.091260
vn -0.000000 -0.032417 0.094600
vn -0.000000 -0.032417 0.094600
vn -0.000000 -0.023682 0.097155
vn -0.000000 -0.023682 0.097155
vn -0.000000 -0.014749 0.098906
vn -0.000000 -0.014749 0.098906
vn -0.000000 -0.005695 0.099838
vn -0.000000 -0.005695 0.099838
vn -0.000000 0.003406 0.099942
vn -0.000000 0.003406 0.099942
vn -0.100000 0.000000 -0.000000
vn -0.100000 0.000000 -0.000000
vn -0.100000 0.000000 -0.000000
vn -0.100000 0.000000 -0.000000
vn -0.100000 0.000000 -0.000000
vn -0.100000 0.000000 -0.000000
vn -0.100000 0.000000 -0.000000
vn -0.100000 0.000000 -0.000000
vn -0.100000 0.000000 -0.000000
vn -0.100000 0.000000 -0.000000
vn -0.100000 0.000000 -0.000000
vn -0.100000 0.000000 -0.000000
vn -0.100000 0.000000 -0.000000
vn -0.100000 0.000000 -0.000000
vn -0.100000 0.000000 -0.000000
vn -0.100000 0.000000 -0.000000
vn -0.100000 0.000000 -0.000000
vn -0.100000 0.000000 -0.000000
vn -0.100000 0.000000 -0.000000
vn -0.100000 0.000000 -0.000000
vn -0.100000 0.000000 -0.000000
vn -0.100000 0.000000 -0.000000
vn -0.100000 0.000000 -0.000000
vn -0.100000 0.000000 -0.000000
vn -0.100000 0.000000 -0.000000
vn -0.100000 0.000000 -0.000000
vn -0.100000 0.000000 -0.000000
vn -0.100000 0.000000 -0.000000
vn -0.100000 0.000000 -0.000000
vn -0.100000 0.000000 -0.000000
vn -0.100000 0.000000 -0.000000
vn -0.100000 0.000000 -0.000000
vn -0.100000 0.000000 -0.000000
vn -0.100000 0.000000 -0.000000
vn -0.100000 0.000000 -0.000000
vn -0.100000 0.000000 -0.000000
vn -0.100000 0.000000 -0.000000
vn -0.100000 0.000000 -0.000000
vn -0.100000 0.000000 -0.000000
vn -0.100000 0.000000 -0.000000
vn -0.100000 0.000000 -0.000000
vn -0.100000 0.000000 -0.000000
vn -0.100000 0.000000 -0.000000
vn -0.100000 0.000000 -0.000000
vn -0.100000 0.000000 -0.000000
vn -0.100000 0.000000 -0.000000
vn -0.100000 0.000000 -0.000000
vn -0.100000 0.000000 -0.000000
vn -0.100000 0.000000 -0.000000
vn -0.100000 0.000000 -0.000000
vn -0.100000 0.000000 -0.000000
vn -0.100000 0.000000 -0.000000
vn -0.100000 0.000000 -0.000000
vn -0.100000 0.000000 -0.000000
vn -0.100000 0.000000 -0.000000
vn -0.100000 0.000000 -0.000000
vn -0.100000 0.000000 -0.000000
vn -0.100000 0.000000 -0.000000
vn -0.100000 0.000000 -0.000000
vn -0.100000 0.000000 -0.000000
vn -0.100000 0.000000 -0.000000
vn -0.100000 0.000000 -0.000000
vn -0.100000 0.000000 -0.000000
vn -0.100000 0.000000 -0.000000
vn -0.100000 0.000000 -0.000000
vn -0.100000 0.000000 -0.000000
vn -0.100000 0.000000 -0.000000
vn -0.100000 0.000000 -0.000000
vn -0.100000 0.000000 -0.000000
vn -0.100000 0.000000 -0.000000
vn -0.100000 0.000000 -0.000000
vn -0.100000 0.000000 -0.000000
vn -0.100000 0.000000 -0.000000
vn -0.100000 0.000000 -0.000000
vn -0.100000 0.000000 -0.000000
vn -0.100000 0.000000 -0.000000
vn -0.100000 0.000000 -0.000000
vn -0.100000 0.000000 -0.000000
vn -0.100000 0.000000 -0.000000
vn -0.100000 0.000000 -0.000000
vn -0.100000 0.000000 -0.000000
vn -0.100000 0.000000 -0.000000
vn -0.100000 0.000000 -0.000000
vn -0.100000 0.000000 -0.000000
vn 0.000000 0.017365 -0.098481
vn 0.000000 0.017365 -0.098481
vn 0.000000 0.000000 -0.100000
vn 0.000000 0.000000 -0.100000
vn 0.000000 -0.017365 -0.098481
vn 0.000000 -0.017365 -0.098481
vn 0.000000 -0.034202 -0.093969
vn 0.000000 -0.034202 -0.093969
vn 0.000000 -0.050000 -0.086603
vn 0.000000 -0.050000 -0.086603
vn 0.000000 -0.064279 -0.076604
vn 0.000000 -0.064279 -0.076604
vn 0.000000 -0.076604 -0.064279
vn 0.000000 -0.076604 -0.064279
vn 0.000000 -0.086603 -0.050000
vn 0.000000 -0.086603 -0.050000
vn 0.000000 -0.093969 -0.034202
vn 0.000000 -0.093969 -0.034202
vn 0.000000 -0.098481 -0.017365
vn 0.000000 -0.098481 -0.017365
vn 0.000000 -0.100000 -0.000000
vn 0.000000 -0.100000 -0.000000
vn -0.000000 -0.098481 0.017365
vn -0.000000 -0.098481 0.017365
vn -0.000000 -0.093969 0.034202
vn -0.000000 -0.093969 0.034202
vn -0.000000 -0.086603 0.050000
vn -0.000000 -0.086603 0.050000
vn -0.000000 -0.076604 0.064279
vn -0.000000 -0.076604 0.064279
vn -0.000000 -0.064279 0.076604
vn -0.000000 -0.064279 0.076604
vn -0.000000 -0.050000 0.086603
vn -0.000000 -0.050000 0.086603
vn -0.000000 -0.034202 0.093969
vn -0.000000 -0.034202 0.093969
vn -0.000000 -0.017365 0.098481
vn -0.000000 -0.017365 0.098481
vn -0.000000 -0.000000 0.100000
vn -0.000000 -0.000000 0.100000
vn -0.000000 0.017365 0.098481
vn -0.000000 0.017365 0.098481
vn -0.000000 0.034202 0.093969
vn -0.000000 0.034202 0.093969
vn -0.000000 0.050000 0.086603
vn -0.000000 0.050000 0.086603
vn -0.000000 0.064279 0.076604
vn -0.000000 0.064279 0.076604
vn -0.000000 0.076604 0.064279
vn -0.000000 0.076604 0.064279
vn -0.000000 0.086603 0.050000
vn -0.000000 0.086603 0.050000
vn -0.000000 0.093969 0.034202
vn -0.000000 0.093969 0.034202
vn -0.000000 0.098481 0.017365
vn -0.000000 0.098481 0.017365
vn 0.000000 0.100000 -0.000000
vn 0.000000 0.100000 -0.000000
vn 0.000000 0.098481 -0.017365
vn 0.000000 0.098481 -0.017365
vn 0.000000 0.093969 -0.034202
vn 0.000000 0.093969 -0.034202
vn 0.000000 0.086603 -0.050000
vn 0.000000 0.086603 -0.050000
vn 0.000000 0.076604 -0.064279
vn 0.000000 0.076604 -0.064279
vn 0.000000 0.064279 -0.076604
vn 0.000000 0.064279 -0.076604
vn 0.000000 0.050000 -0.086603
vn 0.000000 0.050000 -0.086603
vn 0.000000 0.034202 -0.093969
vn 0.000000 0.034202 -0.093969
vn 0.000000 -0.017365 -0.098481
vn 0.000000 -0.017365 -0.098481
vn 0.000000 0.000000 -0.100000
vn 0.000000 0.000000 -0.100000
vn 0.000000 0.017365 -0.098481
vn 0.000000 0.017365 -0.098481
vn 0.000000 0.034202 -0.093969
vn 0.000000 0.034202 -0.093969
vn 0.000000 0.050000 -0.086603
vn 0.000000 0.050000 -0.086603
vn 0.000000 0.064279 -0.076604
vn 0.000000 0.064279 -0.076604
vn 0.000000 0.076604 -0.064279
vn 0.000000 0.076604 -0.064279
vn 0.000000 0.086603 -0.050000
vn 0.000000 0.086603 -0.050000
vn 0.000000 0.093969 -0.034202
vn 0.000000 0.093969 -0.034202
vn 0.000000 0.098481 -0.017365
vn 0.000000 0.098481 -0.017365
vn 0.000000 0.100000 -0.000000
vn 0.000000 0.100000 -0.000000
vn -0.000000 0.098481 0.017365
vn -0.000000 0.098481 0.017365
vn -0.000000 0.093969 0.034202
vn -0.000000 0.093969 0.034202
vn -0.000000 0.086603 0.050000
vn -0.000000 0.086603 0.050000
vn -0.000000 0.076604 0.064279
vn -0.000000 0.076604 0.064279
vn -0.000000 0.064279 0.076604
vn -0.000000 0.064279 0.076604
vn -0.000000 0.050000 0.086603
vn -0.000000 0.050000 0.086603
vn -0.000000 0.034202 0.093969
vn -0.000000 0.034202 0.093969
vn -0.000000 0.017365 0.098481
vn -0.000000 0.017365 0.098481
vn -0.000000 0.000000 0.100000
vn -0.000000 0.000000 0.100000
vn -0.000000 -0.017365 0.098481
vn -0.000000 -0.017365 0.098481
vn -0.000000 -0.034202 0.093969
vn -0.000000 -0.034202 0.093969
vn -0.000000 -0.050000 0.086603
vn -0.000000 -0.050000 0.086603
vn -0.000000 -0.064279 0.076604
vn -0.000000 -0.064279 0.076604
vn -0.000000 -0.076604 0.064279
vn -0.000000 -0.076604 0.064279
vn -0.000000 -0.086603 0.050000
vn -0.000000 -0.086603 0.050000
vn -0.000000 -0.093969 0.034202
vn -0.000000 -0.093969 0.034202
vn -0.000000 -0.098481 0.017365
vn -0.000000 -0.098481 0.017365
vn 0.000000 -0.100000 -0.000000
vn 0.000000 -0.100000 -0.000000
vn 0.000000 -0.098481 -0.017365
vn 0.000000 -0.098481 -0.017365
vn 0.000000 -0.093969 -0.034202
vn 0.000000 -0.093969 -0.034202
vn 0.000000 -0.086603 -0.050000
vn 0.000000 -0.086603 -0.050000
vn 0.000000 -0.076604 -0.064279
vn 0.000000 -0.076604 -0.064279
vn 0.000000 -0.064279 -0.076604
vn 0.000000 -0.064279 -0.076604
vn 0.000000 -0.050000 -0.086603
vn 0.000000 -0.050000 -0.086603
vn 0.000000 -0.034202 -0.093969
vn 0.000000 -0.034202 -0.093969
vn 0.100000 0.000000 0.000000
vn 0.100000 0.000000 0.000000
vn 0.100000 0.000000 0.000000
vn 0.100000 0.000000 0.000000
vn 0.100000 0.000000 0.000000
vn 0.100000 0.000000 0.000000
vn 0.100000 0.000000 0.000000
vn 0.100000 0.000000 0.000000
vn 0.100000 0.000000 0.000000
vn 0.100000 0.000000 0.000000
vn 0.100000 0.000000 0.000000
vn 0.100000 0.000000 0.000000
vn 0.100000 0.000000 0.000000
vn 0.100000 0.000000 0.000000
vn 0.100000 0.000000 0.000000
vn 0.100000 0.000000 0.000000
vn 0.100000 0.000000 0.000000
vn 0.100000 0.000000 0.000000
vn 0.100000 0.000000 0.000000
vn 0.100000 0.000000 0.000000
vn 0.100000 0.000000 0.000000
vn 0.100000 0.000000 0.000000
vn 0.100000 0.000000 0.000000
vn 0.100000 0.000000 0.000000
vn 0.100000 0.000000 0.000000
vn 0.100000 0.000000 0.000000
vn 0.100000 0.000000 0.000000
vn 0.100000 0.000000 0.000000
vn 0.100000 0.000000 0.000000
vn 0.100000 0.000000 0.000000
vn 0.100000 0.000000 0.000000
vn 0.100000 0.000000 0.000000
vn 0.100000 0.000000 0.000000
vn 0.100000 0.000000 0.000000
vn 0.100000 0.000000 0.000000
vn 0.100000 0.000000 0.000000
vn 0.100000 0.000000 0.000000
vn 0.100000 0.000000 0.000000
vn 0.100000 0.000000 0.000000
vn 0.100000 0.000000 0.000000
vn 0.100000 0.000000 0.000000
vn 0.100000 0.000000 0.000000
vn 0.100000 0.000000 0.000000
vn 0.100000 0.000000 0.000000
vn 0.100000 0.000000 0.000000
vn 0.100000 0.000000 0.000000
vn 0.100000 0.000000 0.000000
vn 0.100000 0.000000 0.000000
vn 0.100000 0.000000 0.000000
vn 0.100000 0.000000 0.000000
vn 0.100000 0.000000 0.000000
vn 0.100000 0.000000 0.000000
vn 0.100000 0.000000 0.000000
vn 0.100000 0.000000 0.000000
vn 0.100000 0.000000 0.000000
vn 0.100000 0.000000 0.000000
vn 0.100000 0.000000 0.000000
vn 0.100000 0.000000 0.000000
vn 0.100000 0.000000 0.000000
vn 0.100000 0.000000 0.000000
vn 0.100000 0.000000 0.000000
vn 0.100000 0.000000 0.000000
vn 0.100000 0.000000 0.000000
vn 0.100000 0.000000 0.000000
vn 0.100000 0.000000 0.000000
vn 0.100000 0.000000 0.000000
vn 0.100000 0.000000 0.000000
vn 0.100000 0.000000 0.000000
vn 0.100000 0.000000 0.000000
vn 0.100000 0.000000 0.000000
vn 0.100000 0.000000 0.000000
vn 0.100000 0.000000 0.000000
vn 0.100000 0.000000 0.000000
vn 0.100000 0.000000 0.000000
vn 0.100000 0.000000 0.000000
vn 0.100000 0.000000 0.000000
vn 0.100000 0.000000 0.000000
vn 0.100000 0.000000 0.000000
vn 0.100000 0.000000 0.000000
vn 0.100000 0.000000 0.000000
vn 0.100000 0.000000 0.000000
vn 0.100000 0.000000 0.000000
vn 0.100000 0.000000 0.000000
vn 0.100000 0.000000 0.000000
vn 0.000000 -0.100000 -0.000000
vn 0.000000 -0.100000 -0.000000
vn 0.000000 -0.100000 -0.000000
vn 0.000000 -0.100000 -0.000000
vn 0.000000 0.011111 -0.099381
vn 0.000000 0.011111 -0.099381
vn 0.000000 0.015881 -0.098731
vn 0.000000 0.015881 -0.098731
vn 0.000000 0.020615 -0.097852
vn 0.000000 0.020615 -0.097852
vn 0.000000 0.025300 -0.096747
vn 0.000000 0.025300 -0.096747
vn 0.000000 0.029927 -0.095417
vn 0.000000 0.029927 -0.095417
vn 0.000000 0.034485 -0.093866
vn 0.000000 0.034485 -0.093866
vn 0.000000 0.038962 -0.092097
vn 0.000000 0.038962 -0.092097
vn 0.000000 0.043350 -0.090116
vn 0.000000 0.043350 -0.090116
vn 0.000000 0.047637 -0.087925
vn 0.000000 0.047637 -0.087925
vn 0.000000 0.051813 -0.085530
vn 0.000000 0.051813 -0.085530
vn 0.000000 0.055869 -0.082937
vn 0.000000 0.055869 -0.082937
vn 0.000000 0.059796 -0.080152
vn 0.000000 0.059796 -0.080152
vn 0.000000 0.063585 -0.077182
vn 0.000000 0.063585 -0.077182
vn 0.000000 0.067226 -0.074032
vn 0.000000 0.067226 -0.074032
vn 0.000000 0.070711 -0.070711
vn 0.000000 0.070711 -0.070711
vn 0.000000 0.074032 -0.067226
vn 0.000000 0.074032 -0.067226
vn 0.000000 0.077182 -0.063585
vn 0.000000 0.077182 -0.063585
vn 0.000000 0.080152 -0.059796
vn 0.000000 0.080152 -0.059796
vn 0.000000 0.082937 -0.055869
vn 0.000000 0.082937 -0.055869
vn 0.000000 0.085530 -0.051813
vn 0.000000 0.085530 -0.051813
vn 0.000000 0.087925 -0.047637
vn 0.000000 0.087925 -0.047637
vn 0.000000 0.090116 -0.043350
vn 0.000000 0.090116 -0.043350
vn 0.000000 0.092097 -0.038962
vn 0.000000 0.092097 -0.038962
vn 0.000000 0.093866 -0.034485
vn 0.000000 0.093866 -0.034485
vn 0.000000 0.095417 -0.029927
vn 0.000000 0.095417 -0.029927
vn 0.000000 0.096747 -0.025300
vn 0.000000 0.096747 -0.025300
vn 0.000000 0.097852 -0.020615
vn 0.000000 0.097852 -0.020615
vn 0.000000 0.098731 -0.015881
vn 0.000000 0.098731 -0.015881
vn 0.000000 0.099381 -0.011111
vn 0.000000 0.099381 -0.011111
vn -0.000000 0.000000 0.100000
vn -0.000000 0.000000 0.100000
vn -0.000000 0.000000 0.100000
vn -0.000000 0.000000 0.100000
vn 0.000000 -0.099942 -0.003406
vn 0.000000 -0.099942 -0.003406
vn -0.000000 -0.099838 0.005695
vn -0.000000 -0.099838 0.005695
vn -0.000000 -0.098906 0.014749
vn -0.000000 -0.098906 0.014749
vn -0.000000 -0.097155 0.023682
vn -0.000000 -0.097155 0.023682
vn -0.000000 -0.094600 0.032417
vn -0.000000 -0.094600 0.032417
vn -0.000000 -0.091260 0.040885
vn -0.000000 -0.091260 0.040885
vn -0.000000 -0.087165 0.049013
vn -0.000000 -0.087165 0.049013
vn -0.000000 -0.082347 0.056736
vn -0.000000 -0.082347 0.056736
vn -0.000000 -0.076847 0.063988
vn -0.000000 -0.076847 0.063988
vn -0.000000 -0.070711 0.070711
vn -0.000000 -0.070711 0.070711
vn -0.000000 -0.063988 0.076847
vn -0.000000 -0.063988 0.076847
vn -0.000000 -0.056736 0.082347
vn -0.000000 -0.056736 0.082347
vn -0.000000 -0.049013 0.087165
vn -0.000000 -0.049013 0.087165
vn -0.000000 -0.040885 0.091260
vn -0.000000 -0.040885 0.091260
vn -0.000000 -0.032417 0.094600
vn -0.000000 -0.032417 0.094600
vn -0.000000 -0.023682 0.097155
vn -0.000000 -0.023682 0.097155
vn -0.000000 -0.014749 0.098906
vn -0.000000 -0.014749 0.098906
vn -0.000000 -0.005695 0.099838
vn -0.000000 -0.005695 0.099838
vn -0.000000 0.003406 0.099942
vn -0.000000 0.003406 0.099942
vn -0.100000 0.000000 -0.000000
vn -0.100000 0.000000 -0.000000
vn -0.100000 0.000000 -0.000000
vn -0.100000 0.000000 -0.000000
vn -0.100000 0.000000 -0.000000
vn -0.100000 0.000000 -0.000000
vn -0.100000 0.000000 -0.000000
vn -0.100000 0.000000 -0.000000
vn -0.100000 0.000000 -0.000000
vn -0.100000 0.000000 -0.000000
vn -0.100000 0.000000 -0.000000
vn -0.100000 0.000000 -0.000000
vn -0.100000 0.000000 -0.000000
vn -0.100000 0.000000 -0.000000
vn -0.100000 0.000000 -0.000000
vn -0.100000 0.000000 -0.000000
vn -0.100000 0.000000 -0.000000
vn -0.100000 0.000000 -0.000000
vn -0.100000 0.000000 -0.000000
vn -0.100000 0.000000 -0.000000
vn -0.100000 0.000000 -0.000000
vn -0.100000 0.000000 -0.000000
vn -0.100000 0.000000 -0.000000
vn -0.100000 0.000000 -0.000000
vn -0.100000 0.000000 -0.000000
vn -0.100000 0.000000 -0.000000
vn -0.100000 0.000000 -0.000000
vn -0.100000 0.000000 -0.000000
vn -0.100000 0.000000 -0.000000
vn -0.100000 0.000000 -0.000000
vn -0.100000 0.000000 -0.000000
vn -0.100000 0.000000 -0.000000
vn -0.100000 0.000000 -0.000000
vn -0.100000 0.000000 -0.000000
vn -0.100000 0.000000 -0.000000
vn -0.100000 0.000000 -0.000000
vn -0.100000 0.000000 -0.000000
vn -0.100000 0.000000 -0.000000
vn -0.100000 0.000000 -0.000000
vn -0.100000 0.000000 -0.000000
vn -0.100000 0.000000 -0.000000
vn -0.100000 0.000000 -0.000000
vn -0.100000 0.000000 -0.000000
vn -0.100000 0.000000 -0.000000
vn -0.100000 0.000000 -0.000000
vn -0.100000 0.000000 -0.000000
vn -0.100000 0.000000 -0.000000
vn -0.100000 0.000000 -0.000000
vn -0.100000 0.000000 -0.000000
vn -0.100000 0.000000 -0.000000
vn -0.100000 0.000000 -0.000000
vn -0.100000 0.000000 -0.000000
vn -0.100000 0.000000 -0.000000
vn -0.100000 0.000000 -0.000000
vn -0.100000 0.000000 -0.000000
vn -0.100000 0.000000 -0.000000
vn -0.100000 0.000000 -0.000000
vn -0.100000 0.000000 -0.000000
vn -0.100000 0.000000 -0.000000
vn -0.100000 0.000000 -0.000000
vn -0.100000 0.000000 -0.000000
vn -0.100000 0.000000 -0.000000
vn -0.100000 0.000000 -0.000000
vn -0.100000 0.000000 -0.000000
vn -0.100000 0.000000 -0.000000
vn -0.100000 0.000000 -0.000000
vn -0.100000 0.000000 -0.000000
vn -0.100000 0.000000 -0.000000
vn -0.100000 0.000000 -0.000000
vn -0.100000 0.000000 -0.000000
vn -0.100000 0.000000 -0.000000
vn -0.100000 0.000000 -0.000000
vn -0.100000 0.000000 -0.000000
vn -0.100000 0.000000 -0.000000
vn -0.100000 0.000000 -0.000000
vn -0.100000 0.000000 -0.000000
vn -0.100000 0.000000 -0.000000
vn -0.100000 0.000000 -0.000000
vn -0.100000 0.000000 -0.000000
vn -0.100000 0.000000 -0.000000
vn -0.100000 0.000000 -0.000000
vn -0.100000 0.000000 -0.000000
vn -0.100000 0.000000 -0.000000
vn -0.100000 0.000000 -0.000000
vn 0.000000 0.017365 -0.098481
vn 0.000000 0.017365 -0.098481
vn 0.000000 0.000000 -0.100000
vn 0.000000 0.000000 -0.100000
vn 0.000000 -0.017365 -0.098481
vn 0.000000 -0.017365 -0.098481
vn 0.000000 -0.034202 -0.093969
vn 0.000000 -0.034202 -0.093969
vn 0.000000 -0.050000 -0.086603
vn 0.000000 -0.050000 -0.086603
vn 0.000000 -0.064279 -0.076604
vn 0.000000 -0.064279 -0.076604
vn 0.000000 -0.076604 -0.064279
vn 0.000000 -0.076604 -0.064279
vn 0.000000 -0.086603 -0.050000
vn 0.000000 -0.086603 -0.050000
vn 0.000000 -0.093969 -0.034202
vn 0.000000 -0.093969 -0.034202
vn 0.000000 -0.098481 -0.017365
vn 0.000000 -0.098481 -0.017365
vn 0.000000 -0.100000 -0.000000
vn 0.000000 -0.100000 -0.000000
vn -0.000000 -0.098481 0.017365
vn -0.000000 -0.098481 0.017365
vn -0.000000 -0.093969 0.034202
vn -0.000000 -0.093969 0.034202
vn -0.000000 -0.086603 0.050000
vn -0.000000 -0.086603 0.050000
vn -0.000000 -0.076604 0.064279
vn -0.000000 -0.076604 0.064279
vn -0.000000 -0.064279 0.076604
vn -0.000000 -0.064279 0.076604
vn -0.000000 -0.050000 0.086603
vn -0.000000 -0.050000 0.086603
vn -0.000000 -0.034202 0.093969
vn -0.000000 -0.034202 0.093969
vn -0.000000 -0.017365 0.098481
vn -0.000000 -0.017365 0.098481
vn -0.000000 -0.000000 0.100000
vn -0.000000 -0.000000 0.100000
vn -0.000000 0.017365 0.098481
vn -0.000000 0.017365 0.098481
vn -0.000000 0.034202 0.093969
vn -0.000000 0.034202 0.093969
vn -0.000000 0.050000 0.086603
vn -0.000000 0.050000 0.086603
vn -0.000000 0.064279 0.076604
vn -0.000000 0.064279 0.076604
vn -0.000000 0.076604 0.064279
vn -0.000000 0.076604 0.064279
vn -0.000000 0.086603 0.050000
vn -0.000000 0.086603 0.050000
vn -0.000000 0.093969 0.034202
vn -0.000000 0.093969 0.034202
vn -0.000000 0.098481 0.017365
vn -0.000000 0.098481 0.017365
vn 0.000000 0.100000 -0.000000
vn 0.000000 0.100000 -0.000000
vn 0.000000 0.098481 -0.017365
vn 0.000000 0.098481 -0.017365
vn 0.000000 0.093969 -0.034202
vn 0.000000 0.093969 -0.034202
vn 0.000000 0.086603 -0.050000
vn 0.000000 0.086603 -0.050000
vn 0.000000 0.076604 -0.064279
vn 0.000000 0.076604 -0.064279
vn 0.000000 0.064279 -0.076604
vn 0.000000 0.064279 -0.076604
vn 0.000000 0.050000 -0.086603
vn 0.000000 0.050000 -0.086603
vn 0.000000 0.034202 -0.093969
vn 0.000000 0.034202 -0.093969
vn 0.000000 -0.017365 -0.098481
vn 0.000000 -0.017365 -0.098481
vn 0.000000 0.000000 -0.100000
vn 0.000000 0.000000 -0.100000
vn 0.000000 0.017365 -0.098481
vn 0.000000 0.017365 -0.098481
vn 0.000000 0.034202 -0.093969
vn 0.000000 0.034202 -0.093969
vn 0.000000 0.050000 -0.086603
vn 0.000000 0.050000 -0.086603
vn 0.000000 0.064279 -0.076604
vn 0.000000 0.064279 -0.076604
vn 0.000000 0.076604 -0.064279
vn 0.000000 0.076604 -0.064279
vn 0.000000 0.086603 -0.050000
vn 0.000000 0.086603 -0.050000
vn 0.000000 0.093969 -0.034202
vn 0.000000 0.093969 -0.034202
vn 0.000000 0.098481 -0.017365
vn 0.000000 0.098481 -0.017365
vn 0.000000 0.100000 -0.000000
vn 0.000000 0.100000 -0.000000
vn -0.000000 0.098481 0.017365
vn -0.000000 0.098481 0.017365
vn -0.000000 0.093969 0.034202
vn -0.000000 0.093969 0.034202
vn -0.000000 0.086603 0.050000
vn -0.000000 0.086603 0.050000
vn -0.000000 0.076604 0.064279
vn -0.000000 0.076604 0.064279
vn -0.000000 0.064279 0.076604
vn -0.000000 0.064279 0.076604
vn -0.000000 0.050000 0.086603
vn -0.000000 0.050000 0.086603
vn -0.000000 0.034202 0.093969
vn -0.000000 0.034202 0.093969
vn -0.000000 0.017365 0.098481
vn -0.000000 0.017365 0.098481
vn -0.000000 0.000000 0.100000
vn -0.000000 0.000000 0.100000
vn -0.000000 -0.017365 0.098481
vn -0.000000 -0.017365 0.098481
vn -0.000000 -0.034202 0.093969
vn -0.000000 -0.034202 0.093969
vn -0.000000 -0.050000 0.086603
vn -0.000000 -0.050000 0.086603
vn -0.000000 -0.064279 0.076604
vn -0.000000 -0.064279 0.076604
vn -0.000000 -0.076604 0.064279
vn -0.000000 -0.076604 0.064279
vn -0.000000 -0.086603 0.050000
vn -0.000000 -0.086603 0.050000
vn -0.000000 -0.093969 0.034202
vn -0.000000 -0.093969 0.034202
vn -0.000000 -0.098481 0.017365
vn -0.000000 -0.098481 0.017365
vn 0.000000 -0.100000 -0.000000
vn 0.000000 -0.100000 -0.000000
vn 0.000000 -0.098481 -0.017365
vn 0.000000 -0.098481 -0.017365
vn 0.000000 -0.093969 -0.034202
vn 0.000000 -0.093969 -0.034202
vn 0.000000 -0.086603 -0.050000
vn 0.000000 -0.086603 -0.050000
vn 0.000000 -0.076604 -0.064279
vn 0.000000 -0.076604 -0.064279
vn 0.000000 -0.064279 -0.076604
vn 0.000000 -0.064279 -0.076604
vn 0.000000 -0.050000 -0.086603
vn 0.000000 -0.050000 -0.086603
vn 0.000000 -0.034202 -0.093969
vn 0.000000 -0.034202 -0.093969
vn 0.100000 0.000000 0.000000
vn 0.100000 0.000000 0.000000
vn 0.100000 0.000000 0.000000
vn 0.100000 0.000000 0.000000
vn 0.100000 0.000000 0.000000
vn 0.100000 0.000000 0.000000
vn 0.100000 0.000000 0.000000
vn 0.100000 0.000000 0.000000
vn 0.100000 0.000000 0.000000
vn 0.100000 0.000000 0.000000
vn 0.100000 0.000000 0.000000
vn 0.100000 0.000000 0.000000
vn 0.100000 0.000000 0.000000
vn 0.100000 0.000000 0.000000
vn 0.100000 0.000000 0.000000
vn 0.100000 0.000000 0.000000
vn 0.100000 0.000000 0.000000
vn 0.100000 0.000000 0.000000
vn 0.100000 0.000000 0.000000
vn 0.100000 0.000000 0.000000
vn 0.100000 0.000000 0.000000
vn 0.100000 0.000000 0.000000
vn 0.100000 0.000000 0.000000
vn 0.100000 0.000000 0.000000
vn 0.100000 0.000000 0.000000
vn 0.100000 0.000000 0.000000
vn 0.100000 0.000000 0.000000
vn 0.100000 0.000000 0.000000
vn 0.100000 0.000000 0.000000
vn 0.100000 0.000000 0.000000
vn 0.100000 0.000000 0.000000
vn 0.100000 0.000000 0.000000
vn 0.100000 0.000000 0.000000
vn 0.100000 0.000000 0.000000
vn 0.100000 0.000000 0.000000
vn 0.100000 0.000000 0.000000
vn 0.100000 0.000000 0.000000
vn 0.100000 0.000000 0.000000
vn 0.100000 0.000000 0.000000
vn 0.100000 0.000000 0.000000
vn 0.100000 0.000000 0.000000
vn 0.100000 0.000000 0.000000
vn 0.100000 0.000000 0.000000
vn 0.100000 0.000000 0.000000
vn 0.100000 0.000000 0.000000
vn 0.100000 0.000000 0.000000
vn 0.100000 0.000000 0.000000
vn 0.100000 0.000000 0.000000
vn 0.100000 0.000000 0.000000
vn 0.100000 0.000000 0.000000
vn 0.100000 0.000000 0.000000
vn 0.100000 0.000000 0.000000
vn 0.100000 0.000000 0.000000
vn 0.100000 0.000000 0.000000
vn 0.100000 0.000000 0.000000
vn 0.100000 0.000000 0.000000
vn 0.100000 0.000000 0.000000
vn 0.100000 0.000000 0.000000
vn 0.100000 0.000000 0.000000
vn 0.100000 0.000000 0.000000
vn 0.100000 0.000000 0.000000
vn 0.100000 0.000000 0.000000
vn 0.100000 0.000000 0.000000
vn 0.100000 0.000000 0.000000
vn 0.100000 0.000000 0.000000
vn 0.100000 0.000000 0.000000
vn 0.100000 0.000000 0.000000
vn 0.100000 0.000000 0.000000
vn 0.100000 0.000000 0.000000
vn 0.100000 0.000000 0.000000
vn 0.100000 0.000000 0.000000
vn 0.100000 0.000000 0.000000
vn 0.100000 0.000000 0.000000
vn 0.100000 0.000000 0.000000
vn 0.100000 0.000000 0.000000
vn 0.100000 0.000000 0.000000
vn 0.100000 0.000000 0.000000
vn 0.100000 0.000000 0.000000
vn 0.100000 0.000000 0.000000
vn 0.100000 0.000000 0.000000
vn 0.100000 0.000000 0.000000
vn 0.100000 0.000000 0.000000
vn 0.100000 0.000000 0.000000
vn 0.100000 0.000000 0.000000
vn 0.000000 -0.100000 -0.000000
vn 0.000000 -0.100000 -0.000000
vn 0.000000 -0.100000 -0.000000
vn 0.000000 -0.100000 -0.000000
vn 0.000000 0.099381 -0.011111
vn 0.000000 0.099381 -0.011111
vn 0.000000 0.098731 -0.015881
vn 0.000000 0.098731 -0.015881
vn 0.000000 0.097852 -0.020615
vn 0.000000 0.097852 -0.020615
vn 0.000000 0.096747 -0.025300
vn 0.000000 0.096747 -0.025300
vn 0.000000 0.095417 -0.029927
vn 0.000000 0.095417 -0.029927
vn 0.000000 0.093866 -0.034485
vn 0.000000 0.093866 -0.034485
vn 0.000000 0.092097 -0.038962
vn 0.000000 0.092097 -0.038962
vn 0.000000 0.090116 -0.043350
vn 0.000000 0.090116 -0.043350
vn 0.000000 0.087925 -0.047637
vn 0.000000 0.087925 -0.047637
vn 0.000000 0.085530 -0.051813
vn 0.000000 0.085530 -0.051813
vn 0.000000 0.082937 -0.055869
vn 0.000000 0.082937 -0.055869
vn 0.000000 0.080152 -0.059796
vn 0.000000 0.080152 -0.059796
vn 0.000000 0.077182 -0.063585
vn 0.000000 0.077182 -0.063585
vn 0.000000 0.074032 -0.067226
vn 0.000000 0.074032 -0.067226
vn 0.000000 0.070711 -0.070711
vn 0.000000 0.070711 -0.070711
vn 0.000000 0.067226 -0.074032
vn 0.000000 0.067226 -0.074032
vn 0.000000 0.063585 -0.077182
vn 0.000000 0.063585 -0.077182
vn 0.000000 0.059796 -0.080152
vn 0.000000 0.059796 -0.080152
vn 0.000000 0.055869 -0.082937
vn 0.000000 0.055869 -0.082937
vn 0.000000 0.051813 -0.085530
vn 0.000000 0.051813 -0.085530
vn 0.000000 0.047637 -0.087925
vn 0.000000 0.047637 -0.087925
vn 0.000000 0.043350 -0.090116
vn 0.000000 0.043350 -0.090116
vn 0.000000 0.038962 -0.092097
vn 0.000000 0.038962 -0.092097
vn 0.000000 0.034485 -0.093866
vn 0.000000 0.034485 -0.093866
vn 0.000000 0.029927 -0.095417
vn 0.000000 0.029927 -0.095417
vn 0.000000 0.025300 -0.096747
vn 0.000000 0.025300 -0.096747
vn 0.000000 0.020615 -0.097852
vn 0.000000 0.020615 -0.097852
vn 0.000000 0.015881 -0.098731
vn 0.000000 0.015881 -0.098731
vn 0.000000 0.011111 -0.099381
vn 0.000000 0.011111 -0.099381
vn -0.000000 0.000000 0.100000
vn -0.000000 0.000000 0.100000
vn -0.000000 0.000000 0.100000
vn -0.000000 0.000000 0.100000
vn -0.000000 0.003406 0.099942
vn -0.000000 0.003406 0.099942
vn -0.000000 -0.005695 0.099838
vn -0.000000 -0.005695 0.099838
vn -0.000000 -0.014749 0.098906
vn -0.000000 -0.014749 0.098906
vn -0.000000 -0.023682 0.097155
vn -0.000000 -0.023682 0.097155
vn -0.000000 -0.032417 0.094600
vn -0.000000 -0.032417 0.094600
vn -0.000000 -0.040885 0.091260
vn -0.000000 -0.040885 0.091260
vn -0.000000 -0.049013 0.087165
vn -0.000000 -0.049013 0.087165
vn -0.000000 -0.056736 0.082347
vn -0.000000 -0.056736 0.082347
vn -0.000000 -0.063988 0.076847
vn -0.000000 -0.063988 0.076847
vn -0.000000 -0.070711 0.070711
vn -0.000000 -0.070711 0.070711
vn -0.000000 -0.076847 0.063988
vn -0.000000 -0.076847 0.063988
vn -0.000000 -0.082347 0.056736
vn -0.000000 -0.082347 0.056736
vn -0.000000 -0.087165 0.049013
vn -0.000000 -0.087165 0.049013
vn -0.000000 -0.091260 0.040885
vn -0.000000 -0.091260 0.040885
vn -0.000000 -0.094600 0.032417
vn -0.000000 -0.094600 0.032417
vn -0.000000 -0.097155 0.023682
vn -0.000000 -0.097155 0.023682
vn -0.000000 -0.098906 0.014749
vn -0.000000 -0.098906 0.014749
vn -0.000000 -0.099838 0.005695
vn -0.000000 -0.099838 0.005695
vn 0.000000 -0.099942 -0.003406
vn 0.000000 -0.099942 -0.003406
vn -0.100000 0.000000 -0.000000
vn -0.100000 0.000000 -0.000000
vn -0.100000 0.000000 -0.000000
vn -0.100000 0.000000 -0.000000
vn -0.100000 0.000000 -0.000000
vn -0.100000 0.000000 -0.000000
vn -0.100000 0.000000 -0.000000
vn -0.100000 0.000000 -0.000000
vn -0.100000 0.000000 -0.000000
vn -0.100000 0.000000 -0.000000
vn -0.100000 0.000000 -0.000000
vn -0.100000 0.000000 -0.000000
vn -0.100000 0.000000 -0.000000
vn -0.100000 0.000000 -0.000000
vn -0.100000 0.000000 -0.000000
vn -0.100000 0.000000 -0.000000
vn -0.100000 0.000000 -0.000000
vn -0.100000 0.000000 -0.000000
vn -0.100000 0.000000 -0.000000
vn -0.100000 0.000000 -0.000000
vn -0.100000 0.000000 -0.000000
vn -0.100000 0.000000 -0.000000
vn -0.100000 0.000000 -0.000000
vn -0.100000 0.000000 -0.000000
vn -0.100000 0.000000 -0.000000
vn -0.100000 0.000000 -0.000000
vn -0.100000 0.000000 -0.000000
vn -0.100000 0.000000 -0.000000
vn -0.100000 0.000000 -0.000000
vn -0.100000 0.000000 -0.000000
vn -0.100000 0.000000 -0.000000
vn -0.100000 0.000000 -0.000000
vn -0.100000 0.000000 -0.000000
vn -0.100000 0.000000 -0.000000
vn -0.100000 0.000000 -0.000000
vn -0.100000 0.000000 -0.000000
vn -0.100000 0.000000 -0.000000
vn -0.100000 0.000000 -0.000000
vn -0.100000 0.000000 -0.000000
vn -0.100000 0.000000 -0.000000
vn -0.100000 0.000000 -0.000000
vn -0.100000 0.000000 -0.000000
vn -0.100000 0.000000 -0.000000
vn -0.100000 0.000000 -0.000000
vn -0.100000 0.000000 -0.000000
vn -0.100000 0.000000 -0.000000
vn -0.100000 0.000000 -0.000000
vn -0.100000 0.000000 -0.000000
usemtl 224,0,201
f 1/1/1 2/2/2 48/3/3
f 48/3/3 2/2/2 3/4/4
f 48/3/3 3/4/4 47/5/5
f 47/5/5 3/4/4 46/6/6
f 46/6/6 3/4/4 4/7/7
f 46/6/6 4/7/7 73/8/8
f 73/8/8 4/7/7 72/9/9
f 72/9/9 4/7/7 5/10/10
f 72/9/9 5/10/10 71/11/11
f 71/11/11 5/10/10 6/12/12
f 71/11/11 6/12/12 70/13/13
f 70/13/13 6/12/12 7/14/14
f 70/13/13 7/14/14 69/15/15
f 69/15/15 7/14/14 68/16/16
f 68/16/16 7/14/14 8/17/17
f 68/16/16 8/17/17 67/18/18
f 67/18/18 8/17/17 9/19/19
f 67/18/18 9/19/19 66/20/20
f 66/20/20 9/19/19 65/21/21
f 65/21/21 9/19/19 10/22/22
f 65/21/21 10/22/22 64/23/23
f 64/23/23 10/22/22 63/24/24
f 63/24/24 10/22/22 11/25/25
f 63/24/24 11/25/25 62/26/26
f 62/26/26 11/25/25 12/27/27
f 62/26/26 12/27/27 61/28/28
f 61/28/28 12/27/27 60/29/29
f 60/29/29 12/27/27 13/30/30
f 60/29/29 13/30/30 59/31/31
f 59/31/31 13/30/30 58/32/32
f 58/32/32 13/30/30 14/33/33
f 58/32/32 14/33/33 57/34/34
f 57/34/34 14/33/33 15/35/35
f 57/34/34 15/35/35 56/36/36
f 56/36/36 15/35/35 55/37/37
f 55/37/37 15/35/35 16/38/38
f 55/37/37 16/38/38 54/39/39
f 54/39/39 16/38/38 17/40/40
f 54/39/39 17/40/40 53/41/41
f 53/41/41 17/40/40 18/42/42
f 53/41/41 18/42/42 52/43/43
f 52/43/43 18/42/42 24/44/44
f 52/43/43 24/44/44 25/45/45
f 18/42/42 19/46/46 24/44/44
f 24/44/44 19/46/46 23/47/47
f 23/47/47 19/46/46 22/48/48
f 22/48/48 19/46/46 20/49/49
f 22/48/48 20/49/49 21/50/50
f 25/45/45 26/51/51 52/43/43
f 52/43/43 26/51/51 51/52/52
f 51/52/52 26/51/51 27/53/53
f 51/52/52 27/53/53 28/54/54
f 51/52/52 28/54/54 50/55/55
f 50/55/55 28/54/54 29/56/56
f 50/55/55 29/56/56 49/57/57
f 49/57/57 29/56/56 30/58/58
f 49/57/57 30/58/58 84/59/59
f 84/59/59 30/58/58 31/60/60
f 84/59/59 31/60/60 83/61/61
f 83/61/61 31/60/60 32/62/62
f 83/61/61 32/62/62 33/63/63
f 83/61/61 33/63/63 82/64/64
f 82/64/64 33/63/63 34/65/65
f 82/64/64 34/65/65 81/66/66
f 81/66/66 34/65/65 35/67/67
f 81/66/66 35/67/67 80/68/68
f 80/68/68 35/67/67 36/69/69
f 80/68/68 36/69/69 79/70/70
f 79/70/70 36/69/69 37/71/71
f 79/70/70 37/71/71 78/72/72
f 78/72/72 37/71/71 38/73/73
f 78/72/72 38/73/73 39/74/74
f 78/72/72 39/74/74 77/75/75
f 77/75/75 39/74/74 40/76/76
f 77/75/75 40/76/76 76/77/77
f 76/77/77 40/76/76 41/78/78
f 76/77/77 41/78/78 75/79/79
f 75/79/79 41/78/78 42/80/80
f 75/79/79 42/80/80 74/81/81
f 74/81/81 42/80/80 43/82/82
f 74/81/81 43/82/82 44/83/83
f 74/81/81 44/83/83 73/8/8
f 73/8/8 44/83/83 45/84/84
f 73/8/8 45/84/84 46/6/6
f 2/85/85 1/86/86 86/87/87
f 86/87/87 1/86/86 85/88/88
f 104/89/89 20/90/90 103/91/91
f 103/91/91 20/90/90 19/92/92
f 103/91/91 19/92/92 18/93/93
f 103/91/91 18/93/93 102/94/94
f 102/94/94 18/93/93 17/95/95
f 102/94/94 17/95/95 101/96/96
f 101/96/96 17/95/95 16/97/97
f 101/96/96 16/97/97 100/98/98
f 100/98/98 16/97/97 15/99/99
f 100/98/98 15/99/99 99/100/100
f 99/100/100 15/99/99 14/101/101
f 99/100/100 14/101/101 98/102/102
f 98/102/102 14/101/101 13/103/103
f 98/102/102 13/103/103 97/104/104
f 97/104/104 13/103/103 12/105/105
f 97/104/104 12/105/105 96/106/106
f 96/106/106 12/105/105 11/107/107
f 96/106/106 11/107/107 95/108/108
f 95/108/108 11/107/107 10/109/109
f 95/108/108 10/109/109 94/110/110
f 94/110/110 10/109/109 9/111/111
f 94/110/110 9/111/111 93/112/112
f 93/112/112 9/111/111 8/113/113
f 93/112/112 8/113/113 92/114/114
f 92/114/114 8/113/113 7/115/115
f 92/114/114 7/115/115 91/116/116
f 91/116/116 7/115/115 6/117/117
f 91/116/116 6/117/117 90/118/118
f 90/118/118 6/117/117 5/119/119
f 90/118/118 5/119/119 89/120/120
f 89/120/120 5/119/119 4/121/121
f 89/120/120 4/121/121 88/122/122
f 88/122/122 4/121/121 3/123/123
f 88/122/122 3/123/123 87/124/124
f 87/124/124 3/123/123 86/125/125
f 86/125/125 3/123/123 2/126/126
f 21/127/127 20/128/128 105/129/129
f 105/129/129 20/128/128 104/130/130
f 85/131/131 1/132/132 132/133/133
f 132/133/133 1/132/132 48/134/134
f 132/133/133 48/134/134 47/135/135
f 132/133/133 47/135/135 131/136/136
f 131/136/136 47/135/135 46/137/137
f 131/136/136 46/137/137 130/138/138
f 130/138/138 46/137/137 45/139/139
f 130/138/138 45/139/139 129/140/140
f 129/140/140 45/139/139 44/141/141
f 129/140/140 44/141/141 128/142/142
f 128/142/142 44/141/141 43/143/143
f 128/142/142 43/143/143 127/144/144
f 127/144/144 43/143/143 42/145/145
f 127/144/144 42/145/145 126/146/146
f 126/146/146 42/145/145 41/147/147
f 126/146/146 41/147/147 125/148/148
f 125/148/148 41/147/147 40/149/149
f 125/148/148 40/149/149 124/150/150
f 124/150/150 40/149/149 39/151/151
f 124/150/150 39/151/151 123/152/152
f 123/152/152 39/151/151 38/153/153
f 123/152/152 38/153/153 122/154/154
f 122/154/154 38/153/153 37/155/155
f 122/154/154 37/155/155 121/156/156
f 121/156/156 37/155/155 36/157/157
f 121/156/156 36/157/157 120/158/158
f 120/158/158 36/157/157 35/159/159
f 120/158/158 35/159/159 119/160/160
f 119/160/160 35/159/159 34/161/161
f 119/160/160 34/161/161 118/162/162
f 118/162/162 34/161/161 33/163/163
f 118/162/162 33/163/163 117/164/164
f 117/164/164 33/163/163 32/165/165
f 117/164/164 32/165/165 116/166/166
f 116/166/166 32/165/165 31/167/167
f 116/166/166 31/167/167 115/168/168
f 115/168/168 31/167/167 30/169/169
f 115/168/168 30/169/169 114/170/170
f 114/170/170 30/169/169 29/171/171
f 114/170/170 29/171/171 113/172/172
f 113/172/172 29/171/171 28/173/173
f 113/172/172 28/173/173 112/174/174
f 112/174/174 28/173/173 27/175/175
f 112/174/174 27/175/175 111/176/176
f 111/176/176 27/175/175 26/177/177
f 111/176/176 26/177/177 110/178/178
f 110/178/178 26/177/177 25/179/179
f 110/178/178 25/179/179 109/180/180
f 109/180/180 25/179/179 24/181/181
f 109/180/180 24/181/181 108/182/182
f 108/182/182 24/181/181 23/183/183
f 108/182/182 23/183/183 107/184/184
f 107/184/184 23/183/183 22/185/185
f 107/184/184 22/185/185 106/186/186
f 106/186/186 22/185/185 105/187/187
f 105/187/187 22/185/185 21/188/188
f 84/189/189 171/190/190 49/191/191
f 49/191/191 171/190/190 174/192/192
f 49/191/191 174/192/192 50/193/193
f 50/193/193 174/192/192 239/194/194
f 50/193/193 239/194/194 51/195/195
f 51/195/195 239/194/194 237/196/196
f 51/195/195 237/196/196 52/197/197
f 52/197/197 237/196/196 235/198/198
f 52/197/197 235/198/198 53/199/199
f 53/199/199 235/198/198 233/200/200
f 53/199/199 233/200/200 54/201/201
f 54/201/201 233/200/200 231/202/202
f 54/201/201 231/202/202 55/203/203
f 55/203/203 231/202/202 229/204/204
f 55/203/203 229/204/204 56/205/205
f 56/205/205 229/204/204 227/206/206
f 56/205/205 227/206/206 57/207/207
f 57/207/207 227/206/206 225/208/208
f 57/207/207 225/208/208 58/209/209
f 58/209/209 225/208/208 223/210/210
f 58/209/209 223/210/210 59/211/211
f 59/211/211 223/210/210 221/212/212
f 59/211/211 221/212/212 60/213/213
f 60/213/213 221/212/212 219/214/214
f 60/213/213 219/214/214 61/215/215
f 61/215/215 219/214/214 217/216/216
f 61/215/215 217/216/216 62/217/217
f 62/217/217 217/216/216 215/218/218
f 62/217/217 215/218/218 63/219/219
f 63/219/219 215/218/218 213/220/220
f 63/219/219 213/220/220 64/221/221
f 64/221/221 213/220/220 211/222/222
f 64/221/221 211/222/222 65/223/223
f 65/223/223 211/222/222 209/224/224
f 65/223/223 209/224/224 66/225/225
f 66/225/225 209/224/224 207/226/226
f 66/225/225 207/226/226 67/227/227
f 67/227/227 207/226/226 169/228/228
f 67/229/227 169/230/228 68/231/229
f 68/231/229 169/230/228 205/232/230
f 68/231/229 205/232/230 69/233/231
f 69/233/231 205/232/230 203/234/232
f 69/233/231 203/234/232 70/235/233
f 70/235/233 203/234/232 201/236/234
f 70/235/233 201/236/234 71/237/235
f 71/237/235 201/236/234 199/238/236
f 71/237/235 199/238/236 72/239/237
f 72/239/237 199/238/236 197/240/238
f 72/239/237 197/240/238 73/241/239
f 73/241/239 197/240/238 195/242/240
f 73/241/239 195/242/240 74/243/241
f 74/243/241 195/242/240 193/244/242
f 74/243/241 193/244/242 75/245/243
f 75/245/243 193/244/242 191/246/244
f 75/245/243 191/246/244 76/247/245
f 76/247/245 191/246/244 189/248/246
f 76/247/245 189/248/246 77/249/247
f 77/249/247 189/248/246 187/250/248
f 77/249/247 187/250/248 78/251/249
f 78/251/249 187/250/248 185/252/250
f 78/251/249 185/252/250 79/253/251
f 79/253/251 185/252/250 183/254/252
f 79/253/251 183/254/252 80/255/253
f 80/255/253 183/254/252 181/256/254
f 80/255/253 181/256/254 81/257/255
f 81/257/255 181/256/254 179/258/256
f 81/257/255 179/258/256 82/259/257
f 82/259/257 179/258/256 177/260/258
f 82/259/257 177/260/258 83/261/259
f 83/261/259 177/260/258 175/262/260
f 83/261/259 175/262/260 84/189/189
f 84/189/189 175/262/260 171/190/190
f 134/263/261 240/264/262 133/265/263
f 133/265/263 240/264/262 173/266/264
f 133/265/263 173/266/264 168/267/265
f 168/267/265 173/266/264 172/268/266
f 168/267/265 172/268/266 167/269/267
f 167/269/267 172/268/266 176/270/268
f 167/269/267 176/270/268 166/271/269
f 166/271/269 176/270/268 178/272/270
f 166/271/269 178/272/270 165/273/271
f 165/273/271 178/272/270 180/274/272
f 165/273/271 180/274/272 164/275/273
f 164/275/273 180/274/272 182/276/274
f 164/275/273 182/276/274 163/277/275
f 163/277/275 182/276/274 184/278/276
f 163/277/275 184/278/276 162/279/277
f 162/279/277 184/278/276 186/280/278
f 162/279/277 186/280/278 161/281/279
f 161/281/279 186/280/278 188/282/280
f 161/281/279 188/282/280 160/283/281
f 160/283/281 188/282/280 190/284/282
f 160/283/281 190/284/282 159/285/283
f 159/285/283 190/284/282 192/286/284
f 159/285/283 192/286/284 158/287/285
f 158/287/285 192/286/284 194/288/286
f 158/287/285 194/288/286 157/289/287
f 157/289/287 194/288/286 196/290/288
f 157/289/287 196/290/288 156/291/289
f 156/291/289 196/290/288 198/292/290
f 156/291/289 198/292/290 155/293/291
f 155/293/291 198/292/290 200/294/292
f 155/293/291 200/294/292 154/295/293
f 154/295/293 200/294/292 202/296/294
f 154/295/293 202/296/294 153/297/295
f 153/297/295 202/296/294 204/298/296
f 153/297/295 204/298/296 152/299/297
f 152/299/297 204/298/296 206/300/298
f 152/299/297 206/300/298 151/301/299
f 151/301/299 206/300/298 170/302/300
f 151/303/299 170/304/300 150/305/301
f 150/305/301 170/304/300 208/306/302
f 150/305/301 208/306/302 149/307/303
f 149/307/303 208/306/302 210/308/304
f 149/307/303 210/308/304 148/309/305
f 148/309/305 210/308/304 212/310/306
f 148/309/305 212/310/306 147/311/307
f 147/311/307 212/310/306 214/312/308
f 147/311/307 214/312/308 146/313/309
f 146/313/309 214/312/308 216/314/310
f 146/313/309 216/314/310 145/315/311
f 145/315/311 216/314/310 218/316/312
f 145/315/311 218/316/312 144/317/313
f 144/317/313 218/316/312 220/318/314
f 144/317/313 220/318/314 143/319/315
f 143/319/315 220/318/314 222/320/316
f 143/319/315 222/320/316 142/321/317
f 142/321/317 222/320/316 224/322/318
f 142/321/317 224/322/318 141/323/319
f 141/323/319 224/322/318 226/324/320
f 141/323/319 226/324/320 140/325/321
f 140/325/321 226/324/320 228/326/322
f 140/325/321 228/326/322 139/327/323
f 139/327/323 228/326/322 230/328/324
f 139/327/323 230/328/324 138/329/325
f 138/329/325 230/328/324 232/330/326
f 138/329/325 232/330/326 137/331/327
f 137/331/327 232/330/326 234/332/328
f 137/331/327 234/332/328 136/333/329
f 136/333/329 234/332/328 236/334/330
f 136/333/329 236/334/330 135/335/331
f 135/335/331 236/334/330 238/336/332
f 135/335/331 238/336/332 134/263/261
f 134/263/261 238/336/332 240/264/262
f 169/230/228 170/302/300 205/232/230
f 205/232/230 170/302/300 206/300/298
f 205/232/230 206/300/298 203/234/232
f 203/234/232 206/300/298 204/298/296
f 203/234/232 204/298/296 201/236/234
f 201/236/234 204/298/296 202/296/294
f 201/236/234 202/296/294 199/238/236
f 199/238/236 202/296/294 200/294/292
f 199/238/236 200/294/292 197/240/238
f 197/240/238 200/294/292 198/292/290
f 197/240/238 198/292/290 195/242/240
f 195/242/240 198/292/290 196/290/288
f 195/242/240 196/290/288 193/244/242
f 193/244/242 196/290/288 194/288/286
f 193/244/242 194/288/286 191/246/244
f 191/246/244 194/288/286 192/286/284
f 191/246/244 192/286/284 189/248/246
f 189/248/246 192/286/284 190/284/282
f 189/248/246 190/284/282 187/250/248
f 187/250/248 190/284/282 188/282/280
f 187/250/248 188/282/280 185/252/250
f 185/252/250 188/282/280 186/280/278
f 185/252/250 186/280/278 183/254/252
f 183/254/252 186/280/278 184/278/276
f 183/254/252 184/278/276 181/256/254
f 181/256/254 184/278/276 182/276/274
f 181/256/254 182/276/274 179/258/256
f 179/258/256 182/276/274 180/274/272
f 179/258/256 180/274/272 177/260/258
f 177/260/258 180/274/272 178/272/270
f 177/260/258 178/272/270 175/262/260
f 175/262/260 178/272/270 176/270/268
f 175/262/260 176/270/268 171/190/190
f 171/190/190 176/270/268 172/268/266
f 171/190/190 172/268/266 174/192/192
f 174/192/192 172/268/266 173/266/264
f 174/192/192 173/266/264 239/194/194
f 239/194/194 173/266/264 240/264/262
f 239/194/194 240/264/262 237/196/196
f 237/196/196 240/264/262 238/336/332
f 237/196/196 238/336/332 235/198/198
f 235/198/198 238/336/332 236/334/330
f 235/198/198 236/334/330 233/200/200
f 233/200/200 236/334/330 234/332/328
f 233/200/200 234/332/328 231/202/202
f 231/202/202 234/332/328 232/330/326
f 231/202/202 232/330/326 229/204/204
f 229/204/204 232/330/326 230/328/324
f 229/204/204 230/328/324 227/206/206
f 227/206/206 230/328/324 228/326/322
f 227/206/206 228/326/322 225/208/208
f 225/208/208 228/326/322 226/324/320
f 225/208/208 226/324/320 223/210/210
f 223/210/210 226/324/320 224/322/318
f 223/210/210 224/322/318 221/212/212
f 221/212/212 224/322/318 222/320/316
f 221/212/212 222/320/316 219/214/214
f 219/214/214 222/320/316 220/318/314
f 219/214/214 220/318/314 217/216/216
f 217/216/216 220/318/314 218/316/312
f 217/216/216 218/316/312 215/218/218
f 215/218/218 218/316/312 216/314/310
f 215/218/218 216/314/310 213/220/220
f 213/220/220 216/314/310 214/312/308
f 213/220/220 214/312/308 211/222/222
f 211/222/222 214/312/308 212/310/306
f 211/222/222 212/310/306 209/224/224
f 209/224/224 212/310/306 210/308/304
f 209/224/224 210/308/304 207/226/226
f 207/226/226 210/308/304 208/306/302
f 207/226/226 208/306/302 169/228/228
f 169/228/228 208/306/302 170/304/300
f 85/337/333 132/338/334 86/339/335
f 86/339/335 132/338/334 87/340/336
f 87/340/336 132/338/334 131/341/337
f 87/340/336 131/341/337 130/342/338
f 87/340/336 130/342/338 88/343/339
f 88/343/339 130/342/338 129/344/340
f 88/343/339 129/344/340 89/345/341
f 89/345/341 129/344/340 128/346/342
f 89/345/341 128/346/342 127/347/343
f 89/345/341 127/347/343 90/348/344
f 90/348/344 127/347/343 126/349/345
f 90/348/344 126/349/345 91/350/346
f 91/350/346 126/349/345 125/351/347
f 91/350/346 125/351/347 124/352/348
f 91/350/346 124/352/348 92/353/349
f 92/353/349 124/352/348 123/354/350
f 92/353/349 123/354/350 93/355/351
f 93/355/351 123/354/350 122/356/352
f 93/355/351 122/356/352 121/357/353
f 93/355/351 121/357/353 94/358/354
f 94/358/354 121/357/353 120/359/355
f 94/358/354 120/359/355 95/360/356
f 95/360/356 120/359/355 119/361/357
f 95/360/356 119/361/357 118/362/358
f 95/360/356 118/362/358 96/363/359
f 96/363/359 118/362/358 117/364/360
f 96/363/359 117/364/360 97/365/361
f 97/365/361 117/364/360 116/366/362
f 97/365/361 116/366/362 115/367/363
f 97/365/361 115/367/363 98/368/364
f 98/368/364 115/367/363 114/369/365
f 98/368/364 114/369/365 99/370/366
f 99/370/366 114/369/365 113/371/367
f 99/370/366 113/371/367 112/372/368
f 99/370/366 112/372/368 100/373/369
f 100/373/369 112/372/368 111/374/370
f 100/373/369 111/374/370 101/375/371
f 101/375/371 111/374/370 110/376/372
f 101/375/371 110/376/372 109/377/373
f 101/375/371 109/377/373 102/378/374
f 102/378/374 109/377/373 108/379/375
f 102/378/374 108/379/375 103/380/376
f 103/380/376 108/379/375 107/381/377
f 103/380/376 107/381/377 106/382/378
f 105/383/379 104/384/380 106/382/378
f 106/382/378 104/384/380 103/380/376
f 242/385/381 243/386/382 241/387/383
f 241/387/383 243/386/382 288/388/384
f 288/388/384 243/386/382 244/389/385
f 288/388/384 244/389/385 245/390/386
f 246/391/387 157/392/388 245/390/386
f 245/390/386 157/392/388 287/393/389
f 245/390/386 287/393/389 288/388/384
f 246/391/387 247/394/390 157/392/388
f 157/392/388 247/394/390 158/395/391
f 158/395/391 247/394/390 248/396/392
f 158/395/391 248/396/392 249/397/393
f 158/395/391 249/397/393 159/398/394
f 159/398/394 249/397/393 250/399/395
f 159/398/394 250/399/395 160/400/396
f 160/400/396 250/399/395 251/401/397
f 160/400/396 251/401/397 161/402/398
f 161/402/398 251/401/397 252/403/399
f 161/402/398 252/403/399 162/404/400
f 162/404/400 252/403/399 253/405/401
f 162/404/400 253/405/401 254/406/402
f 162/404/400 254/406/402 163/407/403
f 163/407/403 254/406/402 255/408/404
f 163/407/403 255/408/404 164/409/405
f 164/409/405 255/408/404 256/410/406
f 164/409/405 256/410/406 165/411/407
f 165/411/407 256/410/406 257/412/408
f 165/411/407 257/412/408 166/413/409
f 166/413/409 257/412/408 258/414/410
f 166/413/409 258/414/410 167/415/411
f 167/415/411 258/414/410 259/416/412
f 167/415/411 259/416/412 260/417/413
f 167/415/411 260/417/413 168/418/414
f 168/418/414 260/417/413 261/419/415
f 168/418/414 261/419/415 133/420/416
f 133/420/416 261/419/415 262/421/417
f 133/420/416 262/421/417 134/422/418
f 134/422/418 262/421/417 263/423/419
f 134/422/418 263/423/419 135/424/420
f 135/424/420 263/423/419 264/425/421
f 135/424/420 264/425/421 265/426/422
f 135/424/420 265/426/422 136/427/423
f 136/427/423 265/426/422 266/428/424
f 136/427/423 266/428/424 267/429/425
f 268/430/426 272/431/427 267/429/425
f 267/429/425 272/431/427 273/432/428
f 267/429/425 273/432/428 136/427/423
f 136/427/423 273/432/428 137/433/429
f 137/433/429 273/432/428 274/434/430
f 137/433/429 274/434/430 138/435/431
f 138/435/431 274/434/430 275/436/432
f 138/435/431 275/436/432 139/437/433
f 139/437/433 275/436/432 276/438/434
f 139/437/433 276/438/434 140/439/435
f 140/439/435 276/438/434 141/440/436
f 141/440/436 276/438/434 277/441/437
f 141/440/436 277/441/437 142/442/438
f 142/442/438 277/441/437 278/443/439
f 142/442/438 278/443/439 143/444/440
f 143/444/440 278/443/439 144/445/441
f 144/445/441 278/443/439 279/446/442
f 144/445/441 279/446/442 145/447/443
f 145/447/443 279/446/442 146/448/444
f 146/448/444 279/446/442 280/449/445
f 146/448/444 280/449/445 147/450/446
f 147/450/446 280/449/445 281/451/447
f 147/450/446 281/451/447 148/452/448
f 148/452/448 281/451/447 149/453/449
f 149/453/449 281/451/447 282/454/450
f 149/453/449 282/454/450 150/455/451
f 150/455/451 282/454/450 151/456/452
f 151/456/452 282/454/450 283/457/453
f 151/456/452 283/457/453 152/458/454
f 152/458/454 283/457/453 284/459/455
f 152/458/454 284/459/455 153/460/456
f 153/460/456 284/459/455 154/461/457
f 154/461/457 284/459/455 285/462/458
f 154/461/457 285/462/458 155/463/459
f 155/463/459 285/462/458 286/464/460
f 155/463/459 286/464/460 156/465/461
f 156/465/461 286/464/460 287/393/389
f 156/465/461 287/393/389 157/392/388
f 268/430/426 269/466/462 272/431/427
f 272/431/427 269/466/462 271/467/463
f 271/467/463 269/466/462 270/468/464
f 289/469/465 290/470/466 241/471/467
f 241/471/467 290/470/466 242/472/468
f 242/473/469 290/474/470 243/475/471
f 243/475/471 290/474/470 291/476/472
f 243/475/471 291/476/472 292/477/473
f 243/475/471 292/477/473 244/478/474
f 244/478/474 292/477/473 293/479/475
f 244/478/474 293/479/475 245/480/476
f 245/480/476 293/479/475 294/481/477
f 245/480/476 294/481/477 246/482/478
f 246/482/478 294/481/477 295/483/479
f 246/482/478 295/483/479 247/484/480
f 247/484/480 295/483/479 296/485/481
f 247/484/480 296/485/481 248/486/482
f 248/486/482 296/485/481 297/487/483
f 248/486/482 297/487/483 249/488/484
f 249/488/484 297/487/483 298/489/485
f 249/488/484 298/489/485 250/490/486
f 250/490/486 298/489/485 299/491/487
f 250/490/486 299/491/487 251/492/488
f 251/492/488 299/491/487 300/493/489
f 251/492/488 300/493/489 252/494/490
f 252/494/490 300/493/489 301/495/491
f 252/494/490 301/495/491 253/496/492
f 253/496/492 301/495/491 302/497/493
f 253/496/492 302/497/493 254/498/494
f 254/498/494 302/497/493 303/499/495
f 254/498/494 303/499/495 255/500/496
f 255/500/496 303/499/495 304/501/497
f 255/500/496 304/501/497 256/502/498
f 256/502/498 304/501/497 305/503/499
f 256/502/498 305/503/499 257/504/500
f 257/504/500 305/503/499 306/505/501
f 257/504/500 306/505/501 258/506/502
f 258/506/502 306/505/501 307/507/503
f 258/506/502 307/507/503 259/508/504
f 259/508/504 307/507/503 308/509/505
f 259/508/504 308/509/505 260/510/506
f 260/510/506 308/509/505 309/511/507
f 260/510/506 309/511/507 261/512/508
f 261/512/508 309/511/507 310/513/509
f 261/512/508 310/513/509 262/514/510
f 262/514/510 310/513/509 311/515/511
f 262/514/510 311/515/511 263/516/512
f 263/516/512 311/515/511 312/517/513
f 263/516/512 312/517/513 264/518/514
f 264/518/514 312/517/513 313/519/515
f 264/518/514 313/519/515 265/520/516
f 265/520/516 313/519/515 314/521/517
f 265/520/516 314/521/517 266/522/518
f 266/522/518 314/521/517 315/523/519
f 266/522/518 315/523/519 267/524/520
f 267/524/520 315/523/519 316/525/521
f 267/524/520 316/525/521 268/526/522
f 268/526/522 316/525/521 317/527/523
f 268/526/522 317/527/523 269/528/524
f 269/528/524 317/527/523 270/529/525
f 270/529/525 317/527/523 318/530/526
f 318/531/527 319/532/528 270/533/529
f 270/533/529 319/532/528 271/534/530
f 271/535/531 319/536/532 272/537/533
f 272/537/533 319/536/532 320/538/534
f 272/537/533 320/538/534 321/539/535
f 272/537/533 321/539/535 273/540/536
f 273/540/536 321/539/535 322/541/537
f 273/540/536 322/541/537 274/542/538
f 274/542/538 322/541/537 323/543/539
f 274/542/538 323/543/539 275/544/540
f 275/544/540 323/543/539 324/545/541
f 275/544/540 324/545/541 276/546/542
f 276/546/542 324/545/541 325/547/543
f 276/546/542 325/547/543 277/548/544
f 277/548/544 325/547/543 326/549/545
f 277/548/544 326/549/545 278/550/546
f 278/550/546 326/549/545 327/551/547
f 278/550/546 327/551/547 279/552/548
f 279/552/548 327/551/547 328/553/549
f 279/552/548 328/553/549 280/554/550
f 280/554/550 328/553/549 329/555/551
f 280/554/550 329/555/551 281/556/552
f 281/556/552 329/555/551 330/557/553
f 281/556/552 330/557/553 282/558/554
f 282/558/554 330/557/553 331/559/555
f 282/558/554 331/559/555 283/560/556
f 283/560/556 331/559/555 332/561/557
f 283/560/556 332/561/557 284/562/558
f 284/562/558 332/561/557 333/563/559
f 284/562/558 333/563/559 285/564/560
f 285/564/560 333/563/559 334/565/561
f 285/564/560 334/565/561 286/566/562
f 286/566/562 334/565/561 335/567/563
f 286/566/562 335/567/563 287/568/564
f 287/568/564 335/567/563 336/569/565
f 287/568/564 336/569/565 288/570/566
f 288/570/566 336/569/565 241/571/567
f 241/571/567 336/569/565 289/572/568
f 290/573/569 289/574/570 291/575/571
f 291/575/571 289/574/570 336/576/572
f 291/575/571 336/576/572 292/577/573
f 292/577/573 336/576/572 293/578/574
f 293/578/574 336/576/572 335/579/575
f 293/578/574 335/579/575 361/580/576
f 361/580/576 335/579/575 360/581/577
f 360/581/577 335/579/575 334/582/578
f 360/581/577 334/582/578 359/583/579
f 359/583/579 334/582/578 333/584/580
f 359/583/579 333/584/580 358/585/581
f 358/585/581 333/584/580 332/586/582
f 358/585/581 332/586/582 357/587/583
f 357/587/583 332/586/582 356/588/584
f 356/588/584 332/586/582 331/589/585
f 356/588/584 331/589/585 355/590/586
f 355/590/586 331/589/585 330/591/587
f 355/590/586 330/591/587 354/592/588
f 354/592/588 330/591/587 353/593/589
f 353/593/589 330/591/587 329/594/590
f 353/593/589 329/594/590 352/595/591
f 352/595/591 329/594/590 351/596/592
f 351/596/592 329/594/590 328/597/593
f 351/596/592 328/597/593 350/598/594
f 350/598/594 328/597/593 327/599/595
f 350/598/594 327/599/595 349/600/596
f 349/600/596 327/599/595 348/601/597
f 348/601/597 327/599/595 326/602/598
f 348/601/597 326/602/598 347/603/599
f 347/603/599 326/602/598 346/604/600
f 346/604/600 326/602/598 325/605/601
f 346/604/600 325/605/601 345/606/602
f 345/606/602 325/605/601 324/607/603
f 345/606/602 324/607/603 344/608/604
f 344/608/604 324/607/603 343/609/605
f 343/609/605 324/607/603 323/610/606
f 343/609/605 323/610/606 342/611/607
f 342/611/607 323/610/606 322/612/608
f 342/611/607 322/612/608 341/613/609
f 341/613/609 322/612/608 321/614/610
f 341/613/609 321/614/610 340/615/611
f 340/615/611 321/614/610 315/616/612
f 340/615/611 315/616/612 314/617/613
f 321/614/610 320/618/614 315/616/612
f 315/616/612 320/618/614 316/619/615
f 316/619/615 320/618/614 317/620/616
f 317/620/616 320/618/614 319/621/617
f 317/620/616 319/621/617 318/622/618
f 314/617/613 313/623/619 340/615/611
f 340/615/611 313/623/619 339/624/620
f 339/624/620 313/623/619 312/625/621
f 339/624/620 312/625/621 311/626/622
f 339/624/620 311/626/622 338/627/623
f 338/627/623 311/626/622 310/628/624
f 338/627/623 310/628/624 337/629/625
f 337/629/625 310/628/624 309/630/626
f 337/629/625 309/630/626 372/631/627
f 372/631/627 309/630/626 308/632/628
f 372/631/627 308/632/628 371/633/629
f 371/633/629 308/632/628 307/634/630
f 371/633/629 307/634/630 306/635/631
f 371/633/629 306/635/631 370/636/632
f 370/636/632 306/635/631 305/637/633
f 370/636/632 305/637/633 369/638/634
f 369/638/634 305/637/633 304/639/635
f 369/638/634 304/639/635 368/640/636
f 368/640/636 304/639/635 303/641/637
f 368/640/636 303/641/637 367/642/638
f 367/642/638 303/641/637 302/643/639
f 367/642/638 302/643/639 366/644/640
f 366/644/640 302/643/639 301/645/641
f 366/644/640 301/645/641 300/646/642
f 366/644/640 300/646/642 365/647/643
f 365/647/643 300/646/642 299/648/644
f 365/647/643 299/648/644 364/649/645
f 364/649/645 299/648/644 298/650/646
f 364/649/645 298/650/646 363/651/647
f 363/651/647 298/650/646 297/652/648
f 363/651/647 297/652/648 362/653/649
f 362/653/649 297/652/648 296/654/650
f 362/653/649 296/654/650 295/655/651
f 362/653/649 295/655/651 361/580/576
f 361/580/576 295/655/651 294/656/652
f 361/580/576 294/656/652 293/578/574
f 374/657/653 411/658/654 373/659/655
f 373/659/655 411/658/654 414/660/656
f 373/659/655 414/660/656 408/661/657
f 408/661/657 414/660/656 479/662/658
f 408/661/657 479/662/658 407/663/659
f 407/663/659 479/662/658 477/664/660
f 407/663/659 477/664/660 406/665/661
f 406/665/661 477/664/660 475/666/662
f 406/665/661 475/666/662 405/667/663
f 405/667/663 475/666/662 473/668/664
f 405/667/663 473/668/664 404/669/665
f 404/669/665 473/668/664 471/670/666
f 404/669/665 471/670/666 403/671/667
f 403/671/667 471/670/666 469/672/668
f 403/671/667 469/672/668 402/673/669
f 402/673/669 469/672/668 467/674/670
f 402/673/669 467/674/670 401/675/671
f 401/675/671 467/674/670 465/676/672
f 401/675/671 465/676/672 400/677/673
f 400/677/673 465/676/672 463/678/674
f 400/677/673 463/678/674 399/679/675
f 399/679/675 463/678/674 461/680/676
f 399/679/675 461/680/676 398/681/677
f 398/681/677 461/680/676 459/682/678
f 398/681/677 459/682/678 397/683/679
f 397/683/679 459/682/678 457/684/680
f 397/683/679 457/684/680 396/685/681
f 396/685/681 457/684/680 455/686/682
f 396/685/681 455/686/682 395/687/683
f 395/687/683 455/686/682 453/688/684
f 395/687/683 453/688/684 394/689/685
f 394/689/685 453/688/684 451/690/686
f 394/689/685 451/690/686 393/691/687
f 393/691/687 451/690/686 449/692/688
f 393/691/687 449/692/688 392/693/689
f 392/693/689 449/692/688 447/694/690
f 392/693/689 447/694/690 391/695/691
f 391/695/691 447/694/690 409/696/692
f 391/697/691 409/698/692 390/699/693
f 390/699/693 409/698/692 445/700/694
f 390/699/693 445/700/694 389/701/695
f 389/701/695 445/700/694 443/702/696
f 389/701/695 443/702/696 388/703/697
f 388/703/697 443/702/696 441/704/698
f 388/703/697 441/704/698 387/705/699
f 387/705/699 441/704/698 439/706/700
f 387/705/699 439/706/700 386/707/701
f 386/707/701 439/706/700 437/708/702
f 386/707/701 437/708/702 385/709/703
f 385/709/703 437/708/702 435/710/704
f 385/709/703 435/710/704 384/711/705
f 384/711/705 435/710/704 433/712/706
f 384/711/705 433/712/706 383/713/707
f 383/713/707 433/712/706 431/714/708
f 383/713/707 431/714/708 382/715/709
f 382/715/709 431/714/708 429/716/710
f 382/715/709 429/716/710 381/717/711
f 381/717/711 429/716/710 427/718/712
f 381/717/711 427/718/712 380/719/713
f 380/719/713 427/718/712 425/720/714
f 380/719/713 425/720/714 379/721/715
f 379/721/715 425/720/714 423/722/716
f 379/721/715 423/722/716 378/723/717
f 378/723/717 423/722/716 421/724/718
f 378/723/717 421/724/718 377/725/719
f 377/725/719 421/724/718 419/726/720
f 377/725/719 419/726/720 376/727/721
f 376/727/721 419/726/720 417/728/722
f 376/727/721 417/728/722 375/729/723
f 375/729/723 417/728/722 415/730/724
f 375/729/723 415/730/724 374/657/653
f 374/657/653 415/730/724 411/658/654
f 372/731/725 480/732/726 337/733/727
f 337/733/727 480/732/726 413/734/728
f 337/733/727 413/734/728 338/735/729
f 338/735/729 413/734/728 412/736/730
f 338/735/729 412/736/730 339/737/731
f 339/737/731 412/736/730 416/738/732
f 339/737/731 416/738/732 340/739/733
f 340/739/733 416/738/732 418/740/734
f 340/739/733 418/740/734 341/741/735
f 341/741/735 418/740/734 420/742/736
f 341/741/735 420/742/736 342/743/737
f 342/743/737 420/742/736 422/744/738
f 342/743/737 422/744/738 343/745/739
f 343/745/739 422/744/738 424/746/740
f 343/745/739 424/746/740 344/747/741
f 344/747/741 424/746/740 426/748/742
f 344/747/741 426/748/742 345/749/743
f 345/749/743 426/748/742 428/750/744
f 345/749/743 428/750/744 346/751/745
f 346/751/745 428/750/744 430/752/746
f 346/751/745 430/752/746 347/753/747
f 347/753/747 430/752/746 432/754/748
f 347/753/747 432/754/748 348/755/749
f 348/755/749 432/754/748 434/756/750
f 348/755/749 434/756/750 349/757/751
f 349/757/751 434/756/750 436/758/752
f 349/757/751 436/758/752 350/759/753
f 350/759/753 436/758/752 438/760/754
f 350/759/753 438/760/754 351/761/755
f 351/761/755 438/760/754 440/762/756
f 351/761/755 440/762/756 352/763/757
f 352/763/757 440/762/756 442/764/758
f 352/763/757 442/764/758 353/765/759
f 353/765/759 442/764/758 444/766/760
f 353/765/759 444/766/760 354/767/761
f 354/767/761 444/766/760 446/768/762
f 354/767/761 446/768/762 355/769/763
f 355/769/763 446/768/762 410/770/764
f 355/771/763 410/772/764 356/773/765
f 356/773/765 410/772/764 448/774/766
f 356/773/765 448/774/766 357/775/767
f 357/775/767 448/774/766 450/776/768
f 357/775/767 450/776/768 358/777/769
f 358/777/769 450/776/768 452/778/770
f 358/777/769 452/778/770 359/779/771
f 359/779/771 452/778/770 454/780/772
f 359/779/771 454/780/772 360/781/773
f 360/781/773 454/780/772 456/782/774
f 360/781/773 456/782/774 361/783/775
f 361/783/775 456/782/774 458/784/776
f 361/783/775 458/784/776 362/785/777
f 362/785/777 458/784/776 460/786/778
f 362/785/777 460/786/778 363/787/779
f 363/787/779 460/786/778 462/788/780
f 363/787/779 462/788/780 364/789/781
f 364/789/781 462/788/780 464/790/782
f 364/789/781 464/790/782 365/791/783
f 365/791/783 464/790/782 466/792/784
f 365/791/783 466/792/784 366/793/785
f 366/793/785 466/792/784 468/794/786
f 366/793/785 468/794/786 367/795/787
f 367/795/787 468/794/786 470/796/788
f 367/795/787 470/796/788 368/797/789
f 368/797/789 470/796/788 472/798/790
f 368/797/789 472/798/790 369/799/791
f 369/799/791 472/798/790 474/800/792
f 369/799/791 474/800/792 370/801/793
f 370/801/793 474/800/792 476/802/794
f 370/801/793 476/802/794 371/803/795
f 371/803/795 476/802/794 478/804/796
f 371/803/795 478/804/796 372/731/725
f 372/731/725 478/804/796 480/732/726
f 409/698/692 410/770/764 445/700/694
f 445/700/694 410/770/764 446/768/762
f 445/700/694 446/768/762 443/702/696
f 443/702/696 446/768/762 444/766/760
f 443/702/696 444/766/760 441/704/698
f 441/704/698 444/766/760 442/764/758
f 441/704/698 442/764/758 439/706/700
f 439/706/700 442/764/758 440/762/756
f 439/706/700 440/762/756 437/708/702
f 437/708/702 440/762/756 438/760/754
f 437/708/702 438/760/754 435/710/704
f 435/710/704 438/760/754 436/758/752
f 435/710/704 436/758/752 433/712/706
f 433/712/706 436/758/752 434/756/750
f 433/712/706 434/756/750 431/714/708
f 431/714/708 434/756/750 432/754/748
f 431/714/708 432/754/748 429/716/710
f 429/716/710 432/754/748 430/752/746
f 429/716/710 430/752/746 427/718/712
f 427/718/712 430/752/746 428/750/744
f 427/718/712 428/750/744 425/720/714
f 425/720/714 428/750/744 426/748/742
f 425/720/714 426/748/742 423/722/716
f 423/722/716 426/748/742 424/746/740
f 423/722/716 424/746/740 421/724/718
f 421/724/718 424/746/740 422/744/738
f 421/724/718 422/744/738 419/726/720
f 419/726/720 422/744/738 420/742/736
f 419/726/720 420/742/736 417/728/722
f 417/728/722 420/742/736 418/740/734
f 417/728/722 418/740/734 415/730/724
f 415/730/724 418/740/734 416/738/732
f 415/730/724 416/738/732 411/658/654
f 411/658/654 416/738/732 412/736/730
f 411/658/654 412/736/730 414/660/656
f 414/660/656 412/736/730 413/734/728
f 414/660/656 413/734/728 479/662/658
f 479/662/658 413/734/728 480/732/726
f 479/662/658 480/732/726 477/664/660
f 477/664/660 480/732/726 478/804/796
f 477/664/660 478/804/796 475/666/662
f 475/666/662 478/804/796 476/802/794
f 475/666/662 476/802/794 473/668/664
f 473/668/664 476/802/794 474/800/792
f 473/668/664 474/800/792 471/670/666
f 471/670/666 474/800/792 472/798/790
f 471/670/666 472/798/790 469/672/668
f 469/672/668 472/798/790 470/796/788
f 469/672/668 470/796/788 467/674/670
f 467/674/670 470/796/788 468/794/786
f 467/674/670 468/794/786 465/676/672
f 465/676/672 468/794/786 466/792/784
f 465/676/672 466/792/784 463/678/674
f 463/678/674 466/792/784 464/790/782
f 463/678/674 464/790/782 461/680/676
f 461/680/676 464/790/782 462/788/780
f 461/680/676 462/788/780 459/682/678
f 459/682/678 462/788/780 460/786/778
f 459/682/678 460/786/778 457/684/680
f 457/684/680 460/786/778 458/784/776
f 457/684/680 458/784/776 455/686/682
f 455/686/682 458/784/776 456/782/774
f 455/686/682 456/782/774 453/688/684
f 453/688/684 456/782/774 454/780/772
f 453/688/684 454/780/772 451/690/686
f 451/690/686 454/780/772 452/778/770
f 451/690/686 452/778/770 449/692/688
f 449/692/688 452/778/770 450/776/768
f 449/692/688 450/776/768 447/694/690
f 447/694/690 450/776/768 448/774/766
f 447/694/690 448/774/766 409/696/692
f 409/696/692 448/774/766 410/772/764
f 482/805/797 483/806/798 481/807/799
f 481/807/799 483/806/798 528/808/800
f 528/808/800 483/806/798 484/809/801
f 528/808/800 484/809/801 485/810/802
f 486/811/803 397/812/804 485/810/802
f 485/810/802 397/812/804 527/813/805
f 485/810/802 527/813/805 528/808/800
f 486/811/803 487/814/806 397/812/804
f 397/812/804 487/814/806 398/815/807
f 398/815/807 487/814/806 488/816/808
f 398/815/807 488/816/808 489/817/809
f 398/815/807 489/817/809 399/818/810
f 399/818/810 489/817/809 490/819/811
f 399/818/810 490/819/811 400/820/812
f 400/820/812 490/819/811 491/821/813
f 400/820/812 491/821/813 401/822/814
f 401/822/814 491/821/813 492/823/815
f 401/822/814 492/823/815 402/824/816
f 402/824/816 492/823/815 493/825/817
f 402/824/816 493/825/817 494/826/818
f 402/824/816 494/826/818 403/827/819
f 403/827/819 494/826/818 495/828/820
f 403/827/819 495/828/820 404/829/821
f 404/829/821 495/828/820 496/830/822
f 404/829/821 496/830/822 405/831/823
f 405/831/823 496/830/822 497/832/824
f 405/831/823 497/832/824 406/833/825
f 406/833/825 497/832/824 498/834/826
f 406/833/825 498/834/826 407/835/827
f 407/835/827 498/834/826 499/836/828
f 407/835/827 499/836/828 500/837/829
f 407/835/827 500/837/829 408/838/830
f 408/838/830 500/837/829 501/839/831
f 408/838/830 501/839/831 373/840/832
f 373/840/832 501/839/831 502/841/833
f 373/840/832 502/841/833 374/842/834
f 374/842/834 502/841/833 503/843/835
f 374/842/834 503/843/835 375/844/836
f 375/844/836 503/843/835 504/845/837
f 375/844/836 504/845/837 505/846/838
f 375/844/836 505/846/838 376/847/839
f 376/847/839 505/846/838 506/848/840
f 376/847/839 506/848/840 507/849/841
f 508/850/842 512/851/843 507/849/841
f 507/849/841 512/851/843 513/852/844
f 507/849/841 513/852/844 376/847/839
f 376/847/839 513/852/844 377/853/845
f 377/853/845 513/852/844 514/854/846
f 377/853/845 514/854/846 378/855/847
f 378/855/847 514/854/846 515/856/848
f 378/855/847 515/856/848 379/857/849
f 379/857/849 515/856/848 516/858/850
f 379/857/849 516/858/850 380/859/851
f 380/859/851 516/858/850 381/860/852
f 381/860/852 516/858/850 517/861/853
f 381/860/852 517/861/853 382/862/854
f 382/862/854 517/861/853 518/863/855
f 382/862/854 518/863/855 383/864/856
f 383/864/856 518/863/855 384/865/857
f 384/865/857 518/863/855 519/866/858
f 384/865/857 519/866/858 385/867/859
f 385/867/859 519/866/858 386/868/860
f 386/868/860 519/866/858 520/869/861
f 386/868/860 520/869/861 387/870/862
f 387/870/862 520/869/861 521/871/863
f 387/870/862 521/871/863 388/872/864
f 388/872/864 521/871/863 389/873/865
f 389/873/865 521/871/863 522/874/866
f 389/873/865 522/874/866 390/875/867
f 390/875/867 522/874/866 391/876/868
f 391/876/868 522/874/866 523/877/869
f 391/876/868 523/877/869 392/878/870
f 392/878/870 523/877/869 524/879/871
f 392/878/870 524/879/871 393/880/872
f 393/880/872 524/879/871 394/881/873
f 394/881/873 524/879/871 525/882/874
f 394/881/873 525/882/874 395/883/875
f 395/883/875 525/882/874 526/884/876
f 395/883/875 526/884/876 396/885/877
f 396/885/877 526/884/876 527/813/805
f 396/885/877 527/813/805 397/812/804
f 508/850/842 509/886/878 512/851/843
f 512/851/843 509/886/878 511/887/879
f 511/887/879 509/886/878 510/888/880
f 529/889/881 530/890/882 481/891/883
f 481/891/883 530/890/882 482/892/884
f 482/893/885 530/894/886 483/895/887
f 483/895/887 530/894/886 531/896/888
f 483/895/887 531/896/888 532/897/889
f 483/895/887 532/897/889 484/898/890
f 484/898/890 532/897/889 533/899/891
f 484/898/890 533/899/891 485/900/892
f 485/900/892 533/899/891 534/901/893
f 485/900/892 534/901/893 486/902/894
f 486/902/894 534/901/893 535/903/895
f 486/902/894 535/903/895 487/904/896
f 487/904/896 535/903/895 536/905/897
f 487/904/896 536/905/897 488/906/898
f 488/906/898 536/905/897 537/907/899
f 488/906/898 537/907/899 489/908/900
f 489/908/900 537/907/899 538/909/901
f 489/908/900 538/909/901 490/910/902
f 490/910/902 538/909/901 539/911/903
f 490/910/902 539/911/903 491/912/904
f 491/912/904 539/911/903 540/913/905
f 491/912/904 540/913/905 492/914/906
f 492/914/906 540/913/905 541/915/907
f 492/914/906 541/915/907 493/916/908
f 493/916/908 541/915/907 542/917/909
f 493/916/908 542/917/909 494/918/910
f 494/918/910 542/917/909 543/919/911
f 494/918/910 543/919/911 495/920/912
f 495/920/912 543/919/911 544/921/913
f 495/920/912 544/921/913 496/922/914
f 496/922/914 544/921/913 545/923/915
f 496/922/914 545/923/915 497/924/916
f 497/924/916 545/923/915 546/925/917
f 497/924/916 546/925/917 498/926/918
f 498/926/918 546/925/917 547/927/919
f 498/926/918 547/927/919 499/928/920
f 499/928/920 547/927/919 548/929/921
f 499/928/920 548/929/921 500/930/922
f 500/930/922 548/929/921 549/931/923
f 500/930/922 549/931/923 501/932/924
f 501/932/924 549/931/923 550/933/925
f 501/932/924 550/933/925 502/934/926
f 502/934/926 550/933/925 551/935/927
f 502/934/926 551/935/927 503/936/928
f 503/936/928 551/935/927 552/937/929
f 503/936/928 552/937/929 504/938/930
f 504/938/930 552/937/929 553/939/931
f 504/938/930 553/939/931 505/940/932
f 505/940/932 553/939/931 554/941/933
f 505/940/932 554/941/933 506/942/934
f 506/942/934 554/941/933 555/943/935
f 506/942/934 555/943/935 507/944/936
f 507/944/936 555/943/935 556/945/937
f 507/944/936 556/945/937 508/946/938
f 508/946/938 556/945/937 557/947/939
f 508/946/938 557/947/939 509/948/940
f 509/948/940 557/947/939 510/949/941
f 510/949/941 557/947/939 558/950/942
f 558/951/943 559/952/944 510/953/945
f 510/953/945 559/952/944 511/954/946
f 511/955/947 559/956/948 512/957/949
f 512/957/949 559/956/948 560/958/950
f 512/957/949 560/958/950 561/959/951
f 512/957/949 561/959/951 513/960/952
f 513/960/952 561/959/951 562/961/953
f 513/960/952 562/961/953 514/962/954
f 514/962/954 562/961/953 563/963/955
f 514/962/954 563/963/955 515/964/956
f 515/964/956 563/963/955 564/965/957
f 515/964/956 564/965/957 516/966/958
f 516/966/958 564/965/957 565/967/959
f 516/966/958 565/967/959 517/968/960
f 517/968/960 565/967/959 566/969/961
f 517/968/960 566/969/961 518/970/962
f 518/970/962 566/969/961 567/971/963
f 518/970/962 567/971/963 519/972/964
f 519/972/964 567/971/963 568/973/965
f 519/972/964 568/973/965 520/974/966
f 520/974/966 568/973/965 569/975/967
f 520/974/966 569/975/967 521/976/968
f 521/976/968 569/975/967 570/977/969
f 521/976/968 570/977/969 522/978/970
f 522/978/970 570/977/969 571/979/971
f 522/978/970 571/979/971 523/980/972
f 523/980/972 571/979/971 572/981/973
f 523/980/972 572/981/973 524/982/974
f 524/982/974 572/981/973 573/983/975
f 524/982/974 573/983/975 525/984/976
f 525/984/976 573/983/975 574/985/977
f 525/984/976 574/985/977 526/986/978
f 526/986/978 574/985/977 575/987/979
f 526/986/978 575/987/979 527/988/980
f 527/988/980 575/987/979 576/989/981
f 527/988/980 576/989/981 528/990/982
f 528/990/982 576/989/981 481/991/983
f 481/991/983 576/989/981 529/992/984
f 530/993/985 529/994/986 531/995/987
f 531/995/987 529/994/986 576/996/988
f 531/995/987 576/996/988 532/997/989
f 532/997/989 576/996/988 533/998/990
f 533/998/990 576/996/988 575/999/991
f 533/998/990 575/999/991 601/1000/992
f 601/1000/992 575/999/991 600/1001/993
f 600/1001/993 575/999/991 574/1002/994
f 600/1001/993 574/1002/994 599/1003/995
f 599/1003/995 574/1002/994 573/1004/996
f 599/1003/995 573/1004/996 598/1005/997
f 598/1005/997 573/1004/996 572/1006/998
f 598/1005/997 572/1006/998 597/1007/999
f 597/1007/999 572/1006/998 596/1008/1000
f 596/1008/1000 572/1006/998 571/1009/1001
f 596/1008/1000 571/1009/1001 595/1010/1002
f 595/1010/1002 571/1009/1001 570/1011/1003
f 595/1010/1002 570/1011/1003 594/1012/1004
f 594/1012/1004 570/1011/1003 593/1013/1005
f 593/1013/1005 570/1011/1003 569/1014/1006
f 593/1013/1005 569/1014/1006 592/1015/1007
f 592/1015/1007 569/1014/1006 591/1016/1008
f 591/1016/1008 569/1014/1006 568/1017/1009
f 591/1016/1008 568/1017/1009 590/1018/1010
f 590/1018/1010 568/1017/1009 567/1019/1011
f 590/1018/1010 567/1019/1011 589/1020/1012
f 589/1020/1012 567/1019/1011 588/1021/1013
f 588/1021/1013 567/1019/1011 566/1022/1014
f 588/1021/1013 566/1022/1014 587/1023/1015
f 587/1023/1015 566/1022/1014 586/1024/1016
f 586/1024/1016 566/1022/1014 565/1025/1017
f 586/1024/1016 565/1025/1017 585/1026/1018
f 585/1026/1018 565/1025/1017 564/1027/1019
f 585/1026/1018 564/1027/1019 584/1028/1020
f 584/1028/1020 564/1027/1019 583/1029/1021
f 583/1029/1021 564/1027/1019 563/1030/1022
f 583/1029/1021 563/1030/1022 582/1031/1023
f 582/1031/1023 563/1030/1022 562/1032/1024
f 582/1031/1023 562/1032/1024 581/1033/1025
f 581/1033/1025 562/1032/1024 561/1034/1026
f 581/1033/1025 561/1034/1026 580/1035/1027
f 580/1035/1027 561/1034/1026 555/1036/1028
f 580/1035/1027 555/1036/1028 554/1037/1029
f 561/1034/1026 560/1038/1030 555/1036/1028
f 555/1036/1028 560/1038/1030 556/1039/1031
f 556/1039/1031 560/1038/1030 557/1040/1032
f 557/1040/1032 560/1038/1030 559/1041/1033
f 557/1040/1032 559/1041/1033 558/1042/1034
f 554/1037/1029 553/1043/1035 580/1035/1027
f 580/1035/1027 553/1043/1035 579/1044/1036
f 579/1044/1036 553/1043/1035 552/1045/1037
f 579/1044/1036 552/1045/1037 551/1046/1038
f 579/1044/1036 551/1046/1038 578/1047/1039
f 578/1047/1039 551/1046/1038 550/1048/1040
f 578/1047/1039 550/1048/1040 577/1049/1041
f 577/1049/1041 550/1048/1040 549/1050/1042
f 577/1049/1041 549/1050/1042 612/1051/1043
f 612/1051/1043 549/1050/1042 548/1052/1044
f 612/1051/1043 548/1052/1044 611/1053/1045
f 611/1053/1045 548/1052/1044 547/1054/1046
f 611/1053/1045 547/1054/1046 546/1055/1047
f 611/1053/1045 546/1055/1047 610/1056/1048
f 610/1056/1048 546/1055/1047 545/1057/1049
f 610/1056/1048 545/1057/1049 609/1058/1050
f 609/1058/1050 545/1057/1049 544/1059/1051
f 609/1058/1050 544/1059/1051 608/1060/1052
f 608/1060/1052 544/1059/1051 543/1061/1053
f 608/1060/1052 543/1061/1053 607/1062/1054
f 607/1062/1054 543/1061/1053 542/1063/1055
f 607/1062/1054 542/1063/1055 606/1064/1056
f 606/1064/1056 542/1063/1055 541/1065/1057
f 606/1064/1056 541/1065/1057 540/1066/1058
f 606/1064/1056 540/1066/1058 605/1067/1059
f 605/1067/1059 540/1066/1058 539/1068/1060
f 605/1067/1059 539/1068/1060 604/1069/1061
f 604/1069/1061 539/1068/1060 538/1070/1062
f 604/1069/1061 538/1070/1062 603/1071/1063
f 603/1071/1063 538/1070/1062 537/1072/1064
f 603/1071/1063 537/1072/1064 602/1073/1065
f 602/1073/1065 537/1072/1064 536/1074/1066
f 602/1073/1065 536/1074/1066 535/1075/1067
f 602/1073/1065 535/1075/1067 601/1000/992
f 601/1000/992 535/1075/1067 534/1076/1068
f 601/1000/992 534/1076/1068 533/998/990
f 614/1077/1069 651/1078/1070 613/1079/1071
f 613/1079/1071 651/1078/1070 654/1080/1072
f 613/1079/1071 654/1080/1072 648/1081/1073
f 648/1081/1073 654/1080/1072 719/1082/1074
f 648/1081/1073 719/1082/1074 647/1083/1075
f 647/1083/1075 719/1082/1074 717/1084/1076
f 647/1083/1075 717/1084/1076 646/1085/1077
f 646/1085/1077 717/1084/1076 715/1086/1078
f 646/1085/1077 715/1086/1078 645/1087/1079
f 645/1087/1079 715/1086/1078 713/1088/1080
f 645/1087/1079 713/1088/1080 644/1089/1081
f 644/1089/1081 713/1088/1080 711/1090/1082
f 644/1089/1081 711/1090/1082 643/1091/1083
f 643/1091/1083 711/1090/1082 709/1092/1084
f 643/1091/1083 709/1092/1084 642/1093/1085
f 642/1093/1085 709/1092/1084 707/1094/1086
f 642/1093/1085 707/1094/1086 641/1095/1087
f 641/1095/1087 707/1094/1086 705/1096/1088
f 641/1095/1087 705/1096/1088 640/1097/1089
f 640/1097/1089 705/1096/1088 703/1098/1090
f 640/1097/1089 703/1098/1090 639/1099/1091
f 639/1099/1091 703/1098/1090 701/1100/1092
f 639/1099/1091 701/1100/1092 638/1101/1093
f 638/1101/1093 701/1100/1092 699/1102/1094
f 638/1101/1093 699/1102/1094 637/1103/1095
f 637/1103/1095 699/1102/1094 697/1104/1096
f 637/1103/1095 697/1104/1096 636/1105/1097
f 636/1105/1097 697/1104/1096 695/1106/1098
f 636/1105/1097 695/1106/1098 635/1107/1099
f 635/1107/1099 695/1106/1098 693/1108/1100
f 635/1107/1099 693/1108/1100 634/1109/1101
f 634/1109/1101 693/1108/1100 691/1110/1102
f 634/1109/1101 691/1110/1102 633/1111/1103
f 633/1111/1103 691/1110/1102 689/1112/1104
f 633/1111/1103 689/1112/1104 632/1113/1105
f 632/1113/1105 689/1112/1104 687/1114/1106
f 632/1113/1105 687/1114/1106 631/1115/1107
f 631/1115/1107 687/1114/1106 649/1116/1108
f 631/1117/1107 649/1118/1108 630/1119/1109
f 630/1119/1109 649/1118/1108 685/1120/1110
f 630/1119/1109 685/1120/1110 629/1121/1111
f 629/1121/1111 685/1120/1110 683/1122/1112
f 629/1121/1111 683/1122/1112 628/1123/1113
f 628/1123/1113 683/1122/1112 681/1124/1114
f 628/1123/1113 681/1124/1114 627/1125/1115
f 627/1125/1115 681/1124/1114 679/1126/1116
f 627/1125/1115 679/1126/1116 626/1127/1117
f 626/1127/1117 679/1126/1116 677/1128/1118
f 626/1127/1117 677/1128/1118 625/1129/1119
f 625/1129/1119 677/1128/1118 675/1130/1120
f 625/1129/1119 675/1130/1120 624/1131/1121
f 624/1131/1121 675/1130/1120 673/1132/1122
f 624/1131/1121 673/1132/1122 623/1133/1123
f 623/1133/1123 673/1132/1122 671/1134/1124
f 623/1133/1123 671/1134/1124 622/1135/1125
f 622/1135/1125 671/1134/1124 669/1136/1126
f 622/1135/1125 669/1136/1126 621/1137/1127
f 621/1137/1127 669/1136/1126 667/1138/1128
f 621/1137/1127 667/1138/1128 620/1139/1129
f 620/1139/1129 667/1138/1128 665/1140/1130
f 620/1139/1129 665/1140/1130 619/1141/1131
f 619/1141/1131 665/1140/1130 663/1142/1132
f 619/1141/1131 663/1142/1132 618/1143/1133
f 618/1143/1133 663/1142/1132 661/1144/1134
f 618/1143/1133 661/1144/1134 617/1145/1135
f 617/1145/1135 661/1144/1134 659/1146/1136
f 617/1145/1135 659/1146/1136 616/1147/1137
f 616/1147/1137 659/1146/1136 657/1148/1138
f 616/1147/1137 657/1148/1138 615/1149/1139
f 615/1149/1139 657/1148/1138 655/1150/1140
f 615/1149/1139 655/1150/1140 614/1077/1069
f 614/1077/1069 655/1150/1140 651/1078/1070
f 612/1151/1141 720/1152/1142 577/1153/1143
f 577/1153/1143 720/1152/1142 653/1154/1144
f 577/1153/1143 653/1154/1144 578/1155/1145
f 578/1155/1145 653/1154/1144 652/1156/1146
f 578/1155/1145 652/1156/1146 579/1157/1147
f 579/1157/1147 652/1156/1146 656/1158/1148
f 579/1157/1147 656/1158/1148 580/1159/1149
f 580/1159/1149 656/1158/1148 658/1160/1150
f 580/1159/1149 658/1160/1150 581/1161/1151
f 581/1161/1151 658/1160/1150 660/1162/1152
f 581/1161/1151 660/1162/1152 582/1163/1153
f 582/1163/1153 660/1162/1152 662/1164/1154
f 582/1163/1153 662/1164/1154 583/1165/1155
f 583/1165/1155 662/1164/1154 664/1166/1156
f 583/1165/1155 664/1166/1156 584/1167/1157
f 584/1167/1157 664/1166/1156 666/1168/1158
f 584/1167/1157 666/1168/1158 585/1169/1159
f 585/1169/1159 666/1168/1158 668/1170/1160
f 585/1169/1159 668/1170/1160 586/1171/1161
f 586/1171/1161 668/1170/1160 670/1172/1162
f 586/1171/1161 670/1172/1162 587/1173/1163
f 587/1173/1163 670/1172/1162 672/1174/1164
f 587/1173/1163 672/1174/1164 588/1175/1165
f 588/1175/1165 672/1174/1164 674/1176/1166
f 588/1175/1165 674/1176/1166 589/1177/1167
f 589/1177/1167 674/1176/1166 676/1178/1168
f 589/1177/1167 676/1178/1168 590/1179/1169
f 590/1179/1169 676/1178/1168 678/1180/1170
f 590/1179/1169 678/1180/1170 591/1181/1171
f 591/1181/1171 678/1180/1170 680/1182/1172
f 591/1181/1171 680/1182/1172 592/1183/1173
f 592/1183/1173 680/1182/1172 682/1184/1174
f 592/1183/1173 682/1184/1174 593/1185/1175
f 593/1185/1175 682/1184/1174 684/1186/1176
f 593/1185/1175 684/1186/1176 594/1187/1177
f 594/1187/1177 684/1186/1176 686/1188/1178
f 594/1187/1177 686/1188/1178 595/1189/1179
f 595/1189/1179 686/1188/1178 650/1190/1180
f 595/1191/1179 650/1192/1180 596/1193/1181
f 596/1193/1181 650/1192/1180 688/1194/1182
f 596/1193/1181 688/1194/1182 597/1195/1183
f 597/1195/1183 688/1194/1182 690/1196/1184
f 597/1195/1183 690/1196/1184 598/1197/1185
f 598/1197/1185 690/1196/1184 692/1198/1186
f 598/1197/1185 692/1198/1186 599/1199/1187
f 599/1199/1187 692/1198/1186 694/1200/1188
f 599/1199/1187 694/1200/1188 600/1201/1189
f 600/1201/1189 694/1200/1188 696/1202/1190
f 600/1201/1189 696/1202/1190 601/1203/1191
f 601/1203/1191 696/1202/1190 698/1204/1192
f 601/1203/1191 698/1204/1192 602/1205/1193
f 602/1205/1193 698/1204/1192 700/1206/1194
f 602/1205/1193 700/1206/1194 603/1207/1195
f 603/1207/1195 700/1206/1194 702/1208/1196
f 603/1207/1195 702/1208/1196 604/1209/1197
f 604/1209/1197 702/1208/1196 704/1210/1198
f 604/1209/1197 704/1210/1198 605/1211/1199
f 605/1211/1199 704/1210/1198 706/1212/1200
f 605/1211/1199 706/1212/1200 606/1213/1201
f 606/1213/1201 706/1212/1200 708/1214/1202
f 606/1213/1201 708/1214/1202 607/1215/1203
f 607/1215/1203 708/1214/1202 710/1216/1204
f 607/1215/1203 710/1216/1204 608/1217/1205
f 608/1217/1205 710/1216/1204 712/1218/1206
f 608/1217/1205 712/1218/1206 609/1219/1207
f 609/1219/1207 712/1218/1206 714/1220/1208
f 609/1219/1207 714/1220/1208 610/1221/1209
f 610/1221/1209 714/1220/1208 716/1222/1210
f 610/1221/1209 716/1222/1210 611/1223/1211
f 611/1223/1211 716/1222/1210 718/1224/1212
f 611/1223/1211 718/1224/1212 612/1151/1141
f 612/1151/1141 718/1224/1212 720/1152/1142
f 649/1118/1108 650/1190/1180 685/1120/1110
f 685/1120/1110 650/1190/1180 686/1188/1178
f 685/1120/1110 686/1188/1178 683/1122/1112
f 683/1122/1112 686/1188/1178 684/1186/1176
f 683/1122/1112 684/1186/1176 681/1124/1114
f 681/1124/1114 684/1186/1176 682/1184/1174
f 681/1124/1114 682/1184/1174 679/1126/1116
f 679/1126/1116 682/1184/1174 680/1182/1172
f 679/1126/1116 680/1182/1172 677/1128/1118
f 677/1128/1118 680/1182/1172 678/1180/1170
f 677/1128/1118 678/1180/1170 675/1130/1120
f 675/1130/1120 678/1180/1170 676/1178/1168
f 675/1130/1120 676/1178/1168 673/1132/1122
f 673/1132/1122 676/1178/1168 674/1176/1166
f 673/1132/1122 674/1176/1166 671/1134/1124
f 671/1134/1124 674/1176/1166 672/1174/1164
f 671/1134/1124 672/1174/1164 669/1136/1126
f 669/1136/1126 672/1174/1164 670/1172/1162
f 669/1136/1126 670/1172/1162 667/1138/1128
f 667/1138/1128 670/1172/1162 668/1170/1160
f 667/1138/1128 668/1170/1160 665/1140/1130
f 665/1140/1130 668/1170/1160 666/1168/1158
f 665/1140/1130 666/1168/1158 663/1142/1132
f 663/1142/1132 666/1168/1158 664/1166/1156
f 663/1142/1132 664/1166/1156 661/1144/1134
f 661/1144/1134 664/1166/1156 662/1164/1154
f 661/1144/1134 662/1164/1154 659/1146/1136
f 659/1146/1136 662/1164/1154 660/1162/1152
f 659/1146/1136 660/1162/1152 657/1148/1138
f 657/1148/1138 660/1162/1152 658/1160/1150
f 657/1148/1138 658/1160/1150 655/1150/1140
f 655/1150/1140 658/1160/1150 656/1158/1148
f 655/1150/1140 656/1158/1148 651/1078/1070
f 651/1078/1070 656/1158/1148 652/1156/1146
f 651/1078/1070 652/1156/1146 654/1080/1072
f 654/1080/1072 652/1156/1146 653/1154/1144
f 654/1080/1072 653/1154/1144 719/1082/1074
f 719/1082/1074 653/1154/1144 720/1152/1142
f 719/1082/1074 720/1152/1142 717/1084/1076
f 717/1084/1076 720/1152/1142 718/1224/1212
f 717/1084/1076 718/1224/1212 715/1086/1078
f 715/1086/1078 718/1224/1212 716/1222/1210
f 715/1086/1078 716/1222/1210 713/1088/1080
f 713/1088/1080 716/1222/1210 714/1220/1208
f 713/1088/1080 714/1220/1208 711/1090/1082
f 711/1090/1082 714/1220/1208 712/1218/1206
f 711/1090/1082 712/1218/1206 709/1092/1084
f 709/1092/1084 712/1218/1206 710/1216/1204
f 709/1092/1084 710/1216/1204 707/1094/1086
f 707/1094/1086 710/1216/1204 708/1214/1202
f 707/1094/1086 708/1214/1202 705/1096/1088
f 705/1096/1088 708/1214/1202 706/1212/1200
f 705/1096/1088 706/1212/1200 703/1098/1090
f 703/1098/1090 706/1212/1200 704/1210/1198
f 703/1098/1090 704/1210/1198 701/1100/1092
f 701/1100/1092 704/1210/1198 702/1208/1196
f 701/1100/1092 702/1208/1196 699/1102/1094
f 699/1102/1094 702/1208/1196 700/1206/1194
f 699/1102/1094 700/1206/1194 697/1104/1096
f 697/1104/1096 700/1206/1194 698/1204/1192
f 697/1104/1096 698/1204/1192 695/1106/1098
f 695/1106/1098 698/1204/1192 696/1202/1190
f 695/1106/1098 696/1202/1190 693/1108/1100
f 693/1108/1100 696/1202/1190 694/1200/1188
f 693/1108/1100 694/1200/1188 691/1110/1102
f 691/1110/1102 694/1200/1188 692/1198/1186
f 691/1110/1102 692/1198/1186 689/1112/1104
f 689/1112/1104 692/1198/1186 690/1196/1184
f 689/1112/1104 690/1196/1184 687/1114/1106
f 687/1114/1106 690/1196/1184 688/1194/1182
f 687/1114/1106 688/1194/1182 649/1116/1108
f 649/1116/1108 688/1194/1182 650/1192/1180
f 722/1225/1213 723/1226/1214 721/1227/1215
f 721/1227/1215 723/1226/1214 768/1228/1216
f 768/1228/1216 723/1226/1214 724/1229/1217
f 768/1228/1216 724/1229/1217 725/1230/1218
f 726/1231/1219 637/1232/1220 725/1230/1218
f 725/1230/1218 637/1232/1220 767/1233/1221
f 725/1230/1218 767/1233/1221 768/1228/1216
f 726/1231/1219 727/1234/1222 637/1232/1220
f 637/1232/1220 727/1234/1222 638/1235/1223
f 638/1235/1223 727/1234/1222 728/1236/1224
f 638/1235/1223 728/1236/1224 729/1237/1225
f 638/1235/1223 729/1237/1225 639/1238/1226
f 639/1238/1226 729/1237/1225 730/1239/1227
f 639/1238/1226 730/1239/1227 640/1240/1228
f 640/1240/1228 730/1239/1227 731/1241/1229
f 640/1240/1228 731/1241/1229 641/1242/1230
f 641/1242/1230 731/1241/1229 732/1243/1231
f 641/1242/1230 732/1243/1231 642/1244/1232
f 642/1244/1232 732/1243/1231 733/1245/1233
f 642/1244/1232 733/1245/1233 734/1246/1234
f 642/1244/1232 734/1246/1234 643/1247/1235
f 643/1247/1235 734/1246/1234 735/1248/1236
f 643/1247/1235 735/1248/1236 644/1249/1237
f 644/1249/1237 735/1248/1236 736/1250/1238
f 644/1249/1237 736/1250/1238 645/1251/1239
f 645/1251/1239 736/1250/1238 737/1252/1240
f 645/1251/1239 737/1252/1240 646/1253/1241
f 646/1253/1241 737/1252/1240 738/1254/1242
f 646/1253/1241 738/1254/1242 647/1255/1243
f 647/1255/1243 738/1254/1242 739/1256/1244
f 647/1255/1243 739/1256/1244 740/1257/1245
f 647/1255/1243 740/1257/1245 648/1258/1246
f 648/1258/1246 740/1257/1245 741/1259/1247
f 648/1258/1246 741/1259/1247 613/1260/1248
f 613/1260/1248 741/1259/1247 742/1261/1249
f 613/1260/1248 742/1261/1249 614/1262/1250
f 614/1262/1250 742/1261/1249 743/1263/1251
f 614/1262/1250 743/1263/1251 615/1264/1252
f 615/1264/1252 743/1263/1251 744/1265/1253
f 615/1264/1252 744/1265/1253 745/1266/1254
f 615/1264/1252 745/1266/1254 616/1267/1255
f 616/1267/1255 745/1266/1254 746/1268/1256
f 616/1267/1255 746/1268/1256 747/1269/1257
f 748/1270/1258 752/1271/1259 747/1269/1257
f 747/1269/1257 752/1271/1259 753/1272/1260
f 747/1269/1257 753/1272/1260 616/1267/1255
f 616/1267/1255 753/1272/1260 617/1273/1261
f 617/1273/1261 753/1272/1260 754/1274/1262
f 617/1273/1261 754/1274/1262 618/1275/1263
f 618/1275/1263 754/1274/1262 755/1276/1264
f 618/1275/1263 755/1276/1264 619/1277/1265
f 619/1277/1265 755/1276/1264 756/1278/1266
f 619/1277/1265 756/1278/1266 620/1279/1267
f 620/1279/1267 756/1278/1266 621/1280/1268
f 621/1280/1268 756/1278/1266 757/1281/1269
f 621/1280/1268 757/1281/1269 622/1282/1270
f 622/1282/1270 757/1281/1269 758/1283/1271
f 622/1282/1270 758/1283/1271 623/1284/1272
f 623/1284/1272 758/1283/1271 624/1285/1273
f 624/1285/1273 758/1283/1271 759/1286/1274
f 624/1285/1273 759/1286/1274 625/1287/1275
f 625/1287/1275 759/1286/1274 626/1288/1276
f 626/1288/1276 759/1286/1274 760/1289/1277
f 626/1288/1276 760/1289/1277 627/1290/1278
f 627/1290/1278 760/1289/1277 761/1291/1279
f 627/1290/1278 761/1291/1279 628/1292/1280
f 628/1292/1280 761/1291/1279 629/1293/1281
f 629/1293/1281 761/1291/1279 762/1294/1282
f 629/1293/1281 762/1294/1282 630/1295/1283
f 630/1295/1283 762/1294/1282 631/1296/1284
f 631/1296/1284 762/1294/1282 763/1297/1285
f 631/1296/1284 763/1297/1285 632/1298/1286
f 632/1298/1286 763/1297/1285 764/1299/1287
f 632/1298/1286 764/1299/1287 633/1300/1288
f 633/1300/1288 764/1299/1287 634/1301/1289
f 634/1301/1289 764/1299/1287 765/1302/1290
f 634/1301/1289 765/1302/1290 635/1303/1291
f 635/1303/1291 765/1302/1290 766/1304/1292
f 635/1303/1291 766/1304/1292 636/1305/1293
f 636/1305/1293 766/1304/1292 767/1233/1221
f 636/1305/1293 767/1233/1221 637/1232/1220
f 748/1270/1258 749/1306/1294 752/1271/1259
f 752/1271/1259 749/1306/1294 751/1307/1295
f 751/1307/1295 749/1306/1294 750/1308/1296
f 769/1309/1297 770/1310/1298 721/1311/1299
f 721/1311/1299 770/1310/1298 722/1312/1300
f 722/1313/1301 770/1314/1302 723/1315/1303
f 723/1315/1303 770/1314/1302 771/1316/1304
f 723/1315/1303 771/1316/1304 772/1317/1305
f 723/1315/1303 772/1317/1305 724/1318/1306
f 724/1318/1306 772/1317/1305 773/1319/1307
f 724/1318/1306 773/1319/1307 725/1320/1308
f 725/1320/1308 773/1319/1307 774/1321/1309
f 725/1320/1308 774/1321/1309 726/1322/1310
f 726/1322/1310 774/1321/1309 775/1323/1311
f 726/1322/1310 775/1323/1311 727/1324/1312
f 727/1324/1312 775/1323/1311 776/1325/1313
f 727/1324/1312 776/1325/1313 728/1326/1314
f 728/1326/1314 776/1325/1313 777/1327/1315
f 728/1326/1314 777/1327/1315 729/1328/1316
f 729/1328/1316 777/1327/1315 778/1329/1317
f 729/1328/1316 778/1329/1317 730/1330/1318
f 730/1330/1318 778/1329/1317 779/1331/1319
f 730/1330/1318 779/1331/1319 731/1332/1320
f 731/1332/1320 779/1331/1319 780/1333/1321
f 731/1332/1320 780/1333/1321 732/1334/1322
f 732/1334/1322 780/1333/1321 781/1335/1323
f 732/1334/1322 781/1335/1323 733/1336/1324
f 733/1336/1324 781/1335/1323 782/1337/1325
f 733/1336/1324 782/1337/1325 734/1338/1326
f 734/1338/1326 782/1337/1325 783/1339/1327
f 734/1338/1326 783/1339/1327 735/1340/1328
f 735/1340/1328 783/1339/1327 784/1341/1329
f 735/1340/1328 784/1341/1329 736/1342/1330
f 736/1342/1330 784/1341/1329 785/1343/1331
f 736/1342/1330 785/1343/1331 737/1344/1332
f 737/1344/1332 785/1343/1331 786/1345/1333
f 737/1344/1332 786/1345/1333 738/1346/1334
f 738/1346/1334 786/1345/1333 787/1347/1335
f 738/1346/1334 787/1347/1335 739/1348/1336
f 739/1348/1336 787/1347/1335 788/1349/1337
f 739/1348/1336 788/1349/1337 740/1350/1338
f 740/1350/1338 788/1349/1337 789/1351/1339
f 740/1350/1338 789/1351/1339 741/1352/1340
f 741/1352/1340 789/1351/1339 790/1353/1341
f 741/1352/1340 790/1353/1341 742/1354/1342
f 742/1354/1342 790/1353/1341 791/1355/1343
f 742/1354/1342 791/1355/1343 743/1356/1344
f 743/1356/1344 791/1355/1343 792/1357/1345
f 743/1356/1344 792/1357/1345 744/1358/1346
f 744/1358/1346 792/1357/1345 793/1359/1347
f 744/1358/1346 793/1359/1347 745/1360/1348
f 745/1360/1348 793/1359/1347 794/1361/1349
f 745/1360/1348 794/1361/1349 746/1362/1350
f 746/1362/1350 794/1361/1349 795/1363/1351
f 746/1362/1350 795/1363/1351 747/1364/1352
f 747/1364/1352 795/1363/1351 796/1365/1353
f 747/1364/1352 796/1365/1353 748/1366/1354
f 748/1366/1354 796/1365/1353 797/1367/1355
f 748/1366/1354 797/1367/1355 749/1368/1356
f 749/1368/1356 797/1367/1355 750/1369/1357
f 750/1369/1357 797/1367/1355 798/1370/1358
f 798/1371/1359 799/1372/1360 750/1373/1361
f 750/1373/1361 799/1372/1360 751/1374/1362
f 751/1375/1363 799/1376/1364 752/1377/1365
f 752/1377/1365 799/1376/1364 800/1378/1366
f 752/1377/1365 800/1378/1366 801/1379/1367
f 752/1377/1365 801/1379/1367 753/1380/1368
f 753/1380/1368 801/1379/1367 802/1381/1369
f 753/1380/1368 802/1381/1369 754/1382/1370
f 754/1382/1370 802/1381/1369 803/1383/1371
f 754/1382/1370 803/1383/1371 755/1384/1372
f 755/1384/1372 803/1383/1371 804/1385/1373
f 755/1384/1372 804/1385/1373 756/1386/1374
f 756/1386/1374 804/1385/1373 805/1387/1375
f 756/1386/1374 805/1387/1375 757/1388/1376
f 757/1388/1376 805/1387/1375 806/1389/1377
f 757/1388/1376 806/1389/1377 758/1390/1378
f 758/1390/1378 806/1389/1377 807/1391/1379
f 758/1390/1378 807/1391/1379 759/1392/1380
f 759/1392/1380 807/1391/1379 808/1393/1381
f 759/1392/1380 808/1393/1381 760/1394/1382
f 760/1394/1382 808/1393/1381 809/1395/1383
f 760/1394/1382 809/1395/1383 761/1396/1384
f 761/1396/1384 809/1395/1383 810/1397/1385
f 761/1396/1384 810/1397/1385 762/1398/1386
f 762/1398/1386 810/1397/1385 811/1399/1387
f 762/1398/1386 811/1399/1387 763/1400/1388
f 763/1400/1388 811/1399/1387 812/1401/1389
f 763/1400/1388 812/1401/1389 764/1402/1390
f 764/1402/1390 812/1401/1389 813/1403/1391
f 764/1402/1390 813/1403/1391 765/1404/1392
f 765/1404/1392 813/1403/1391 814/1405/1393
f 765/1404/1392 814/1405/1393 766/1406/1394
f 766/1406/1394 814/1405/1393 815/1407/1395
f 766/1406/1394 815/1407/1395 767/1408/1396
f 767/1408/1396 815/1407/1395 816/1409/1397
f 767/1408/1396 816/1409/1397 768/1410/1398
f 768/1410/1398 816/1409/1397 721/1411/1399
f 721/1411/1399 816/1409/1397 769/1412/1400
f 770/1413/1401 769/1414/1402 771/1415/1403
f 771/1415/1403 769/1414/1402 816/1416/1404
f 771/1415/1403 816/1416/1404 772/1417/1405
f 772/1417/1405 816/1416/1404 773/1418/1406
f 773/1418/1406 816/1416/1404 815/1419/1407
f 773/1418/1406 815/1419/1407 841/1420/1408
f 841/1420/1408 815/1419/1407 840/1421/1409
f 840/1421/1409 815/1419/1407 814/1422/1410
f 840/1421/1409 814/1422/1410 839/1423/1411
f 839/1423/1411 814/1422/1410 813/1424/1412
f 839/1423/1411 813/1424/1412 838/1425/1413
f 838/1425/1413 813/1424/1412 812/1426/1414
f 838/1425/1413 812/1426/1414 837/1427/1415
f 837/1427/1415 812/1426/1414 836/1428/1416
f 836/1428/1416 812/1426/1414 811/1429/1417
f 836/1428/1416 811/1429/1417 835/1430/1418
f 835/1430/1418 811/1429/1417 810/1431/1419
f 835/1430/1418 810/1431/1419 834/1432/1420
f 834/1432/1420 810/1431/1419 833/1433/1421
f 833/1433/1421 810/1431/1419 809/1434/1422
f 833/1433/1421 809/1434/1422 832/1435/1423
f 832/1435/1423 809/1434/1422 831/1436/1424
f 831/1436/1424 809/1434/1422 808/1437/1425
f 831/1436/1424 808/1437/1425 830/1438/1426
f 830/1438/1426 808/1437/1425 807/1439/1427
f 830/1438/1426 807/1439/1427 829/1440/1428
f 829/1440/1428 807/1439/1427 828/1441/1429
f 828/1441/1429 807/1439/1427 806/1442/1430
f 828/1441/1429 806/1442/1430 827/1443/1431
f 827/1443/1431 806/1442/1430 826/1444/1432
f 826/1444/1432 806/1442/1430 805/1445/1433
f 826/1444/1432 805/1445/1433 825/1446/1434
f 825/1446/1434 805/1445/1433 804/1447/1435
f 825/1446/1434 804/1447/1435 824/1448/1436
f 824/1448/1436 804/1447/1435 823/1449/1437
f 823/1449/1437 804/1447/1435 803/1450/1438
f 823/1449/1437 803/1450/1438 822/1451/1439
f 822/1451/1439 803/1450/1438 802/1452/1440
f 822/1451/1439 802/1452/1440 821/1453/1441
f 821/1453/1441 802/1452/1440 801/1454/1442
f 821/1453/1441 801/1454/1442 820/1455/1443
f 820/1455/1443 801/1454/1442 795/1456/1444
f 820/1455/1443 795/1456/1444 794/1457/1445
f 801/1454/1442 800/1458/1446 795/1456/1444
f 795/1456/1444 800/1458/1446 796/1459/1447
f 796/1459/1447 800/1458/1446 797/1460/1448
f 797/1460/1448 800/1458/1446 799/1461/1449
f 797/1460/1448 799/1461/1449 798/1462/1450
f 794/1457/1445 793/1463/1451 820/1455/1443
f 820/1455/1443 793/1463/1451 819/1464/1452
f 819/1464/1452 793/1463/1451 792/1465/1453
f 819/1464/1452 792/1465/1453 791/1466/1454
f 819/1464/1452 791/1466/1454 818/1467/1455
f 818/1467/1455 791/1466/1454 790/1468/1456
f 818/1467/1455 790/1468/1456 817/1469/1457
f 817/1469/1457 790/1468/1456 789/1470/1458
f 817/1469/1457 789/1470/1458 852/1471/1459
f 852/1471/1459 789/1470/1458 788/1472/1460
f 852/1471/1459 788/1472/1460 851/1473/1461
f 851/1473/1461 788/1472/1460 787/1474/1462
f 851/1473/1461 787/1474/1462 786/1475/1463
f 851/1473/1461 786/1475/1463 850/1476/1464
f 850/1476/1464 786/1475/1463 785/1477/1465
f 850/1476/1464 785/1477/1465 849/1478/1466
f 849/1478/1466 785/1477/1465 784/1479/1467
f 849/1478/1466 784/1479/1467 848/1480/1468
f 848/1480/1468 784/1479/1467 783/1481/1469
f 848/1480/1468 783/1481/1469 847/1482/1470
f 847/1482/1470 783/1481/1469 782/1483/1471
f 847/1482/1470 782/1483/1471 846/1484/1472
f 846/1484/1472 782/1483/1471 781/1485/1473
f 846/1484/1472 781/1485/1473 780/1486/1474
f 846/1484/1472 780/1486/1474 845/1487/1475
f 845/1487/1475 780/1486/1474 779/1488/1476
f 845/1487/1475 779/1488/1476 844/1489/1477
f 844/1489/1477 779/1488/1476 778/1490/1478
f 844/1489/1477 778/1490/1478 843/1491/1479
f 843/1491/1479 778/1490/1478 777/1492/1480
f 843/1491/1479 777/1492/1480 842/1493/1481
f 842/1493/1481 777/1492/1480 776/1494/1482
f 842/1493/1481 776/1494/1482 775/1495/1483
f 842/1493/1481 775/1495/1483 841/1420/1408
f 841/1420/1408 775/1495/1483 774/1496/1484
f 841/1420/1408 774/1496/1484 773/1418/1406
f 854/1497/1485 891/1498/1486 853/1499/1487
f 853/1499/1487 891/1498/1486 894/1500/1488
f 853/1499/1487 894/1500/1488 888/1501/1489
f 888/1501/1489 894/1500/1488 959/1502/1490
f 888/1501/1489 959/1502/1490 887/1503/1491
f 887/1503/1491 959/1502/1490 957/1504/1492
f 887/1503/1491 957/1504/1492 886/1505/1493
f 886/1505/1493 957/1504/1492 955/1506/1494
f 886/1505/1493 955/1506/1494 885/1507/1495
f 885/1507/1495 955/1506/1494 953/1508/1496
f 885/1507/1495 953/1508/1496 884/1509/1497
f 884/1509/1497 953/1508/1496 951/1510/1498
f 884/1509/1497 951/1510/1498 883/1511/1499
f 883/1511/1499 951/1510/1498 949/1512/1500
f 883/1511/1499 949/1512/1500 882/1513/1501
f 882/1513/1501 949/1512/1500 947/1514/1502
f 882/1513/1501 947/1514/1502 881/1515/1503
f 881/1515/1503 947/1514/1502 945/1516/1504
f 881/1515/1503 945/1516/1504 880/1517/1505
f 880/1517/1505 945/1516/1504 943/1518/1506
f 880/1517/1505 943/1518/1506 879/1519/1507
f 879/1519/1507 943/1518/1506 941/1520/1508
f 879/1519/1507 941/1520/1508 878/1521/1509
f 878/1521/1509 941/1520/1508 939/1522/1510
f 878/1521/1509 939/1522/1510 877/1523/1511
f 877/1523/1511 939/1522/1510 937/1524/1512
f 877/1523/1511 937/1524/1512 876/1525/1513
f 876/1525/1513 937/1524/1512 935/1526/1514
f 876/1525/1513 935/1526/1514 875/1527/1515
f 875/1527/1515 935/1526/1514 933/1528/1516
f 875/1527/1515 933/1528/1516 874/1529/1517
f 874/1529/1517 933/1528/1516 931/1530/1518
f 874/1529/1517 931/1530/1518 873/1531/1519
f 873/1531/1519 931/1530/1518 929/1532/1520
f 873/1531/1519 929/1532/1520 872/1533/1521
f 872/1533/1521 929/1532/1520 927/1534/1522
f 872/1533/1521 927/1534/1522 871/1535/1523
f 871/1535/1523 927/1534/1522 889/1536/1524
f 871/1537/1523 889/1538/1524 870/1539/1525
f 870/1539/1525 889/1538/1524 925/1540/1526
f 870/1539/1525 925/1540/1526 869/1541/1527
f 869/1541/1527 925/1540/1526 923/1542/1528
f 869/1541/1527 923/1542/1528 868/1543/1529
f 868/1543/1529 923/1542/1528 921/1544/1530
f 868/1543/1529 921/1544/1530 867/1545/1531
f 867/1545/1531 921/1544/1530 919/1546/1532
f 867/1545/1531 919/1546/1532 866/1547/1533
f 866/1547/1533 919/1546/1532 917/1548/1534
f 866/1547/1533 917/1548/1534 865/1549/1535
f 865/1549/1535 917/1548/1534 915/1550/1536
f 865/1549/1535 915/1550/1536 864/1551/1537
f 864/1551/1537 915/1550/1536 913/1552/1538
f 864/1551/1537 913/1552/1538 863/1553/1539
f 863/1553/1539 913/1552/1538 911/1554/1540
f 863/1553/1539 911/1554/1540 862/1555/1541
f 862/1555/1541 911/1554/1540 909/1556/1542
f 862/1555/1541 909/1556/1542 861/1557/1543
f 861/1557/1543 909/1556/1542 907/1558/1544
f 861/1557/1543 907/1558/1544 860/1559/1545
f 860/1559/1545 907/1558/1544 905/1560/1546
f 860/1559/1545 905/1560/1546 859/1561/1547
f 859/1561/1547 905/1560/1546 903/1562/1548
f 859/1561/1547 903/1562/1548 858/1563/1549
f 858/1563/1549 903/1562/1548 901/1564/1550
f 858/1563/1549 901/1564/1550 857/1565/1551
f 857/1565/1551 901/1564/1550 899/1566/1552
f 857/1565/1551 899/1566/1552 856/1567/1553
f 856/1567/1553 899/1566/1552 897/1568/1554
f 856/1567/1553 897/1568/1554 855/1569/1555
f 855/1569/1555 897/1568/1554 895/1570/1556
f 855/1569/1555 895/1570/1556 854/1497/1485
f 854/1497/1485 895/1570/1556 891/1498/1486
f 852/1571/1557 960/1572/1558 817/1573/1559
f 817/1573/1559 960/1572/1558 893/1574/1560
f 817/1573/1559 893/1574/1560 818/1575/1561
f 818/1575/1561 893/1574/1560 892/1576/1562
f 818/1575/1561 892/1576/1562 819/1577/1563
f 819/1577/1563 892/1576/1562 896/1578/1564
f 819/1577/1563 896/1578/1564 820/1579/1565
f 820/1579/1565 896/1578/1564 898/1580/1566
f 820/1579/1565 898/1580/1566 821/1581/1567
f 821/1581/1567 898/1580/1566 900/1582/1568
f 821/1581/1567 900/1582/1568 822/1583/1569
f 822/1583/1569 900/1582/1568 902/1584/1570
f 822/1583/1569 902/1584/1570 823/1585/1571
f 823/1585/1571 902/1584/1570 904/1586/1572
f 823/1585/1571 904/1586/1572 824/1587/1573
f 824/1587/1573 904/1586/1572 906/1588/1574
f 824/1587/1573 906/1588/1574 825/1589/1575
f 825/1589/1575 906/1588/1574 908/1590/1576
f 825/1589/1575 908/1590/1576 826/1591/1577
f 826/1591/1577 908/1590/1576 910/1592/1578
f 826/1591/1577 910/1592/1578 827/1593/1579
f 827/1593/1579 910/1592/1578 912/1594/1580
f 827/1593/1579 912/1594/1580 828/1595/1581
f 828/1595/1581 912/1594/1580 914/1596/1582
f 828/1595/1581 914/1596/1582 829/1597/1583
f 829/1597/1583 914/1596/1582 916/1598/1584
f 829/1597/1583 916/1598/1584 830/1599/1585
f 830/1599/1585 916/1598/1584 918/1600/1586
f 830/1599/1585 918/1600/1586 831/1601/1587
f 831/1601/1587 918/1600/1586 920/1602/1588
f 831/1601/1587 920/1602/1588 832/1603/1589
f 832/1603/1589 920/1602/1588 922/1604/1590
f 832/1603/1589 922/1604/1590 833/1605/1591
f 833/1605/1591 922/1604/1590 924/1606/1592
f 833/1605/1591 924/1606/1592 834/1607/1593
f 834/1607/1593 924/1606/1592 926/1608/1594
f 834/1607/1593 926/1608/1594 835/1609/1595
f 835/1609/1595 926/1608/1594 890/1610/1596
f 835/1611/1595 890/1612/1596 836/1613/1597
f 836/1613/1597 890/1612/1596 928/1614/1598
f 836/1613/1597 928/1614/1598 837/1615/1599
f 837/1615/1599 928/1614/1598 930/1616/1600
f 837/1615/1599 930/1616/1600 838/1617/1601
f 838/1617/1601 930/1616/1600 932/1618/1602
f 838/1617/1601 932/1618/1602 839/1619/1603
f 839/1619/1603 932/1618/1602 934/1620/1604
f 839/1619/1603 934/1620/1604 840/1621/1605
f 840/1621/1605 934/1620/1604 936/1622/1606
f 840/1621/1605 936/1622/1606 841/1623/1607
f 841/1623/1607 936/1622/1606 938/1624/1608
f 841/1623/1607 938/1624/1608 842/1625/1609
f 842/1625/1609 938/1624/1608 940/1626/1610
f 842/1625/1609 940/1626/1610 843/1627/1611
f 843/1627/1611 940/1626/1610 942/1628/1612
f 843/1627/1611 942/1628/1612 844/1629/1613
f 844/1629/1613 942/1628/1612 944/1630/1614
f 844/1629/1613 944/1630/1614 845/1631/1615
f 845/1631/1615 944/1630/1614 946/1632/1616
f 845/1631/1615 946/1632/1616 846/1633/1617
f 846/1633/1617 946/1632/1616 948/1634/1618
f 846/1633/1617 948/1634/1618 847/1635/1619
f 847/1635/1619 948/1634/1618 950/1636/1620
f 847/1635/1619 950/1636/1620 848/1637/1621
f 848/1637/1621 950/1636/1620 952/1638/1622
f 848/1637/1621 952/1638/1622 849/1639/1623
f 849/1639/1623 952/1638/1622 954/1640/1624
f 849/1639/1623 954/1640/1624 850/1641/1625
f 850/1641/1625 954/1640/1624 956/1642/1626
f 850/1641/1625 956/1642/1626 851/1643/1627
f 851/1643/1627 956/1642/1626 958/1644/1628
f 851/1643/1627 958/1644/1628 852/1571/1557
f 852/1571/1557 958/1644/1628 960/1572/1558
f 889/1538/1524 890/1610/1596 925/1540/1526
f 925/1540/1526 890/1610/1596 926/1608/1594
f 925/1540/1526 926/1608/1594 923/1542/1528
f 923/1542/1528 926/1608/1594 924/1606/1592
f 923/1542/1528 924/1606/1592 921/1544/1530
f 921/1544/1530 924/1606/1592 922/1604/1590
f 921/1544/1530 922/1604/1590 919/1546/1532
f 919/1546/1532 922/1604/1590 920/1602/1588
f 919/1546/1532 920/1602/1588 917/1548/1534
f 917/1548/1534 920/1602/1588 918/1600/1586
f 917/1548/1534 918/1600/1586 915/1550/1536
f 915/1550/1536 918/1600/1586 916/1598/1584
f 915/1550/1536 916/1598/1584 913/1552/1538
f 913/1552/1538 916/1598/1584 914/1596/1582
f 913/1552/1538 914/1596/1582 911/1554/1540
f 911/1554/1540 914/1596/1582 912/1594/1580
f 911/1554/1540 912/1594/1580 909/1556/1542
f 909/1556/1542 912/1594/1580 910/1592/1578
f 909/1556/1542 910/1592/1578 907/1558/1544
f 907/1558/1544 910/1592/1578 908/1590/1576
f 907/1558/1544 908/1590/1576 905/1560/1546
f 905/1560/1546 908/1590/1576 906/1588/1574
f 905/1560/1546 906/1588/1574 903/1562/1548
f 903/1562/1548 906/1588/1574 904/1586/1572
f 903/1562/1548 904/1586/1572 901/1564/1550
f 901/1564/1550 904/1586/1572 902/1584/1570
f 901/1564/1550 902/1584/1570 899/1566/1552
f 899/1566/1552 902/1584/1570 900/1582/1568
f 899/1566/1552 900/1582/1568 897/1568/1554
f 897/1568/1554 900/1582/1568 898/1580/1566
f 897/1568/1554 898/1580/1566 895/1570/1556
f 895/1570/1556 898/1580/1566 896/1578/1564
f 895/1570/1556 896/1578/1564 891/1498/1486
f 891/1498/1486 896/1578/1564 892/1576/1562
f 891/1498/1486 892/1576/1562 894/1500/1488
f 894/1500/1488 892/1576/1562 893/1574/1560
f 894/1500/1488 893/1574/1560 959/1502/1490
f 959/1502/1490 893/1574/1560 960/1572/1558
f 959/1502/1490 960/1572/1558 957/1504/1492
f 957/1504/1492 960/1572/1558 958/1644/1628
f 957/1504/1492 958/1644/1628 955/1506/1494
f 955/1506/1494 958/1644/1628 956/1642/1626
f 955/1506/1494 956/1642/1626 953/1508/1496
f 953/1508/1496 956/1642/1626 954/1640/1624
f 953/1508/1496 954/1640/1624 951/1510/1498
f 951/1510/1498 954/1640/1624 952/1638/1622
f 951/1510/1498 952/1638/1622 949/1512/1500
f 949/1512/1500 952/1638/1622 950/1636/1620
f 949/1512/1500 950/1636/1620 947/1514/1502
f 947/1514/1502 950/1636/1620 948/1634/1618
f 947/1514/1502 948/1634/1618 945/1516/1504
f 945/1516/1504 948/1634/1618 946/1632/1616
f 945/1516/1504 946/1632/1616 943/1518/1506
f 943/1518/1506 946/1632/1616 944/1630/1614
f 943/1518/1506 944/1630/1614 941/1520/1508
f 941/1520/1508 944/1630/1614 942/1628/1612
f 941/1520/1508 942/1628/1612 939/1522/1510
f 939/1522/1510 942/1628/1612 940/1626/1610
f 939/1522/1510 940/1626/1610 937/1524/1512
f 937/1524/1512 940/1626/1610 938/1624/1608
f 937/1524/1512 938/1624/1608 935/1526/1514
f 935/1526/1514 938/1624/1608 936/1622/1606
f 935/1526/1514 936/1622/1606 933/1528/1516
f 933/1528/1516 936/1622/1606 934/1620/1604
f 933/1528/1516 934/1620/1604 931/1530/1518
f 931/1530/1518 934/1620/1604 932/1618/1602
f 931/1530/1518 932/1618/1602 929/1532/1520
f 929/1532/1520 932/1618/1602 930/1616/1600
f 929/1532/1520 930/1616/1600 927/1534/1522
f 927/1534/1522 930/1616/1600 928/1614/1598
f 927/1534/1522 928/1614/1598 889/1536/1524
f 889/1536/1524 928/1614/1598 890/1612/1596
f 962/1645/1629 963/1646/1630 961/1647/1631
f 961/1647/1631 963/1646/1630 1008/1648/1632
f 1008/1648/1632 963/1646/1630 964/1649/1633
f 1008/1648/1632 964/1649/1633 965/1650/1634
f 966/1651/1635 877/1652/1636 965/1650/1634
f 965/1650/1634 877/1652/1636 1007/1653/1637
f 965/1650/1634 1007/1653/1637 1008/1648/1632
f 966/1651/1635 967/1654/1638 877/1652/1636
f 877/1652/1636 967/1654/1638 878/1655/1639
f 878/1655/1639 967/1654/1638 968/1656/1640
f 878/1655/1639 968/1656/1640 969/1657/1641
f 878/1655/1639 969/1657/1641 879/1658/1642
f 879/1658/1642 969/1657/1641 970/1659/1643
f 879/1658/1642 970/1659/1643 880/1660/1644
f 880/1660/1644 970/1659/1643 971/1661/1645
f 880/1660/1644 971/1661/1645 881/1662/1646
f 881/1662/1646 971/1661/1645 972/1663/1647
f 881/1662/1646 972/1663/1647 882/1664/1648
f 882/1664/1648 972/1663/1647 973/1665/1649
f 882/1664/1648 973/1665/1649 974/1666/1650
f 882/1664/1648 974/1666/1650 883/1667/1651
f 883/1667/1651 974/1666/1650 975/1668/1652
f 883/1667/1651 975/1668/1652 884/1669/1653
f 884/1669/1653 975/1668/1652 976/1670/1654
f 884/1669/1653 976/1670/1654 885/1671/1655
f 885/1671/1655 976/1670/1654 977/1672/1656
f 885/1671/1655 977/1672/1656 886/1673/1657
f 886/1673/1657 977/1672/1656 978/1674/1658
f 886/1673/1657 978/1674/1658 887/1675/1659
f 887/1675/1659 978/1674/1658 979/1676/1660
f 887/1675/1659 979/1676/1660 980/1677/1661
f 887/1675/1659 980/1677/1661 888/1678/1662
f 888/1678/1662 980/1677/1661 981/1679/1663
f 888/1678/1662 981/1679/1663 853/1680/1664
f 853/1680/1664 981/1679/1663 982/1681/1665
f 853/1680/1664 982/1681/1665 854/1682/1666
f 854/1682/1666 982/1681/1665 983/1683/1667
f 854/1682/1666 983/1683/1667 855/1684/1668
f 855/1684/1668 983/1683/1667 984/1685/1669
f 855/1684/1668 984/1685/1669 985/1686/1670
f 855/1684/1668 985/1686/1670 856/1687/1671
f 856/1687/1671 985/1686/1670 986/1688/1672
f 856/1687/1671 986/1688/1672 987/1689/1673
f 988/1690/1674 992/1691/1675 987/1689/1673
f 987/1689/1673 992/1691/1675 993/1692/1676
f 987/1689/1673 993/1692/1676 856/1687/1671
f 856/1687/1671 993/1692/1676 857/1693/1677
f 857/1693/1677 993/1692/1676 994/1694/1678
f 857/1693/1677 994/1694/1678 858/1695/1679
f 858/1695/1679 994/1694/1678 995/1696/1680
f 858/1695/1679 995/1696/1680 859/1697/1681
f 859/1697/1681 995/1696/1680 996/1698/1682
f 859/1697/1681 996/1698/1682 860/1699/1683
f 860/1699/1683 996/1698/1682 861/1700/1684
f 861/1700/1684 996/1698/1682 997/1701/1685
f 861/1700/1684 997/1701/1685 862/1702/1686
f 862/1702/1686 997/1701/1685 998/1703/1687
f 862/1702/1686 998/1703/1687 863/1704/1688
f 863/1704/1688 998/1703/1687 864/1705/1689
f 864/1705/1689 998/1703/1687 999/1706/1690
f 864/1705/1689 999/1706/1690 865/1707/1691
f 865/1707/1691 999/1706/1690 866/1708/1692
f 866/1708/1692 999/1706/1690 1000/1709/1693
f 866/1708/1692 1000/1709/1693 867/1710/1694
f 867/1710/1694 1000/1709/1693 1001/1711/1695
f 867/1710/1694 1001/1711/1695 868/1712/1696
f 868/1712/1696 1001/1711/1695 869/1713/1697
f 869/1713/1697 1001/1711/1695 1002/1714/1698
f 869/1713/1697 1002/1714/1698 870/1715/1699
f 870/1715/1699 1002/1714/1698 871/1716/1700
f 871/1716/1700 1002/1714/1698 1003/1717/1701
f 871/1716/1700 1003/1717/1701 872/1718/1702
f 872/1718/1702 1003/1717/1701 1004/1719/1703
f 872/1718/1702 1004/1719/1703 873/1720/1704
f 873/1720/1704 1004/1719/1703 874/1721/1705
f 874/1721/1705 1004/1719/1703 1005/1722/1706
f 874/1721/1705 1005/1722/1706 875/1723/1707
f 875/1723/1707 1005/1722/1706 1006/1724/1708
f 875/1723/1707 1006/1724/1708 876/1725/1709
f 876/1725/1709 1006/1724/1708 1007/1653/1637
f 876/1725/1709 1007/1653/1637 877/1652/1636
f 988/1690/1674 989/1726/1710 992/1691/1675
f 992/1691/1675 989/1726/1710 991/1727/1711
f 991/1727/1711 989/1726/1710 990/1728/1712
f 1009/1729/1713 1010/1730/1714 961/1731/1715
f 961/1731/1715 1010/1730/1714 962/1732/1716
f 962/1733/1717 1010/1734/1718 963/1735/1719
f 963/1735/1719 1010/1734/1718 1011/1736/1720
f 963/1735/1719 1011/1736/1720 1012/1737/1721
f 963/1735/1719 1012/1737/1721 964/1738/1722
f 964/1738/1722 1012/1737/1721 1013/1739/1723
f 964/1738/1722 1013/1739/1723 965/1740/1724
f 965/1740/1724 1013/1739/1723 1014/1741/1725
f 965/1740/1724 1014/1741/1725 966/1742/1726
f 966/1742/1726 1014/1741/1725 1015/1743/1727
f 966/1742/1726 1015/1743/1727 967/1744/1728
f 967/1744/1728 1015/1743/1727 1016/1745/1729
f 967/1744/1728 1016/1745/1729 968/1746/1730
f 968/1746/1730 1016/1745/1729 1017/1747/1731
f 968/1746/1730 1017/1747/1731 969/1748/1732
f 969/1748/1732 1017/1747/1731 1018/1749/1733
f 969/1748/1732 1018/1749/1733 970/1750/1734
f 970/1750/1734 1018/1749/1733 1019/1751/1735
f 970/1750/1734 1019/1751/1735 971/1752/1736
f 971/1752/1736 1019/1751/1735 1020/1753/1737
f 971/1752/1736 1020/1753/1737 972/1754/1738
f 972/1754/1738 1020/1753/1737 1021/1755/1739
f 972/1754/1738 1021/1755/1739 973/1756/1740
f 973/1756/1740 1021/1755/1739 1022/1757/1741
f 973/1756/1740 1022/1757/1741 974/1758/1742
f 974/1758/1742 1022/1757/1741 1023/1759/1743
f 974/1758/1742 1023/1759/1743 975/1760/1744
f 975/1760/1744 1023/1759/1743 1024/1761/1745
f 975/1760/1744 1024/1761/1745 976/1762/1746
f 976/1762/1746 1024/1761/1745 1025/1763/1747
f 976/1762/1746 1025/1763/1747 977/1764/1748
f 977/1764/1748 1025/1763/1747 1026/1765/1749
f 977/1764/1748 1026/1765/1749 978/1766/1750
f 978/1766/1750 1026/1765/1749 1027/1767/1751
f 978/1766/1750 1027/1767/1751 979/1768/1752
f 979/1768/1752 1027/1767/1751 1028/1769/1753
f 979/1768/1752 1028/1769/1753 980/1770/1754
f 980/1770/1754 1028/1769/1753 1029/1771/1755
f 980/1770/1754 1029/1771/1755 981/1772/1756
f 981/1772/1756 1029/1771/1755 1030/1773/1757
f 981/1772/1756 1030/1773/1757 982/1774/1758
f 982/1774/1758 1030/1773/1757 1031/1775/1759
f 982/1774/1758 1031/1775/1759 983/1776/1760
f 983/1776/1760 1031/1775/1759 1032/1777/1761
f 983/1776/1760 1032/1777/1761 984/1778/1762
f 984/1778/1762 1032/1777/1761 1033/1779/1763
f 984/1778/1762 1033/1779/1763 985/1780/1764
f 985/1780/1764 1033/1779/1763 1034/1781/1765
f 985/1780/1764 1034/1781/1765 986/1782/1766
f 986/1782/1766 1034/1781/1765 1035/1783/1767
f 986/1782/1766 1035/1783/1767 987/1784/1768
f 987/1784/1768 1035/1783/1767 1036/1785/1769
f 987/1784/1768 1036/1785/1769 988/1786/1770
f 988/1786/1770 1036/1785/1769 1037/1787/1771
f 988/1786/1770 1037/1787/1771 989/1788/1772
f 989/1788/1772 1037/1787/1771 990/1789/1773
f 990/1789/1773 1037/1787/1771 1038/1790/1774
f 1038/1791/1775 1039/1792/1776 990/1793/1777
f 990/1793/1777 1039/1792/1776 991/1794/1778
f 991/1795/1779 1039/1796/1780 992/1797/1781
f 992/1797/1781 1039/1796/1780 1040/1798/1782
f 992/1797/1781 1040/1798/1782 1041/1799/1783
f 992/1797/1781 1041/1799/1783 993/1800/1784
f 993/1800/1784 1041/1799/1783 1042/1801/1785
f 993/1800/1784 1042/1801/1785 994/1802/1786
f 994/1802/1786 1042/1801/1785 1043/1803/1787
f 994/1802/1786 1043/1803/1787 995/1804/1788
f 995/1804/1788 1043/1803/1787 1044/1805/1789
f 995/1804/1788 1044/1805/1789 996/1806/1790
f 996/1806/1790 1044/1805/1789 1045/1807/1791
f 996/1806/1790 1045/1807/1791 997/1808/1792
f 997/1808/1792 1045/1807/1791 1046/1809/1793
f 997/1808/1792 1046/1809/1793 998/1810/1794
f 998/1810/1794 1046/1809/1793 1047/1811/1795
f 998/1810/1794 1047/1811/1795 999/1812/1796
f 999/1812/1796 1047/1811/1795 1048/1813/1797
f 999/1812/1796 1048/1813/1797 1000/1814/1798
f 1000/1814/1798 1048/1813/1797 1049/1815/1799
f 1000/1814/1798 1049/1815/1799 1001/1816/1800
f 1001/1816/1800 1049/1815/1799 1050/1817/1801
f 1001/1816/1800 1050/1817/1801 1002/1818/1802
f 1002/1818/1802 1050/1817/1801 1051/1819/1803
f 1002/1818/1802 1051/1819/1803 1003/1820/1804
f 1003/1820/1804 1051/1819/1803 1052/1821/1805
f 1003/1820/1804 1052/1821/1805 1004/1822/1806
f 1004/1822/1806 1052/1821/1805 1053/1823/1807
f 1004/1822/1806 1053/1823/1807 1005/1824/1808
f 1005/1824/1808 1053/1823/1807 1054/1825/1809
f 1005/1824/1808 1054/1825/1809 1006/1826/1810
f 1006/1826/1810 1054/1825/1809 1055/1827/1811
f 1006/1826/1810 1055/1827/1811 1007/1828/1812
f 1007/1828/1812 1055/1827/1811 1056/1829/1813
f 1007/1828/1812 1056/1829/1813 1008/1830/1814
f 1008/1830/1814 1056/1829/1813 961/1831/1815
f 961/1831/1815 1056/1829/1813 1009/1832/1816
f 1010/1833/1817 1009/1834/1818 1011/1835/1819
f 1011/1835/1819 1009/1834/1818 1056/1836/1820
f 1011/1835/1819 1056/1836/1820 1012/1837/1821
f 1012/1837/1821 1056/1836/1820 1013/1838/1822
f 1013/1838/1822 1056/1836/1820 1055/1839/1823
f 1013/1838/1822 1055/1839/1823 1081/1840/1824
f 1081/1840/1824 1055/1839/1823 1080/1841/1825
f 1080/1841/1825 1055/1839/1823 1054/1842/1826
f 1080/1841/1825 1054/1842/1826 1079/1843/1827
f 1079/1843/1827 1054/1842/1826 1053/1844/1828
f 1079/1843/1827 1053/1844/1828 1078/1845/1829
f 1078/1845/1829 1053/1844/1828 1052/1846/1830
f 1078/1845/1829 1052/1846/1830 1077/1847/1831
f 1077/1847/1831 1052/1846/1830 1076/1848/1832
f 1076/1848/1832 1052/1846/1830 1051/1849/1833
f 1076/1848/1832 1051/1849/1833 1075/1850/1834
f 1075/1850/1834 1051/1849/1833 1050/1851/1835
f 1075/1850/1834 1050/1851/1835 1074/1852/1836
f 1074/1852/1836 1050/1851/1835 1073/1853/1837
f 1073/1853/1837 1050/1851/1835 1049/1854/1838
f 1073/1853/1837 1049/1854/1838 1072/1855/1839
f 1072/1855/1839 1049/1854/1838 1071/1856/1840
f 1071/1856/1840 1049/1854/1838 1048/1857/1841
f 1071/1856/1840 1048/1857/1841 1070/1858/1842
f 1070/1858/1842 1048/1857/1841 1047/1859/1843
f 1070/1858/1842 1047/1859/1843 1069/1860/1844
f 1069/1860/1844 1047/1859/1843 1068/1861/1845
f 1068/1861/1845 1047/1859/1843 1046/1862/1846
f 1068/1861/1845 1046/1862/1846 1067/1863/1847
f 1067/1863/1847 1046/1862/1846 1066/1864/1848
f 1066/1864/1848 1046/1862/1846 1045/1865/1849
f 1066/1864/1848 1045/1865/1849 1065/1866/1850
f 1065/1866/1850 1045/1865/1849 1044/1867/1851
f 1065/1866/1850 1044/1867/1851 1064/1868/1852
f 1064/1868/1852 1044/1867/1851 1063/1869/1853
f 1063/1869/1853 1044/1867/1851 1043/1870/1854
f 1063/1869/1853 1043/1870/1854 1062/1871/1855
f 1062/1871/1855 1043/1870/1854 1042/1872/1856
f 1062/1871/1855 1042/1872/1856 1061/1873/1857
f 1061/1873/1857 1042/1872/1856 1041/1874/1858
f 1061/1873/1857 1041/1874/1858 1060/1875/1859
f 1060/1875/1859 1041/1874/1858 1035/1876/1860
f 1060/1875/1859 1035/1876/1860 1034/1877/1861
f 1041/1874/1858 1040/1878/1862 1035/1876/1860
f 1035/1876/1860 1040/1878/1862 1036/1879/1863
f 1036/1879/1863 1040/1878/1862 1037/1880/1864
f 1037/1880/1864 1040/1878/1862 1039/1881/1865
f 1037/1880/1864 1039/1881/1865 1038/1882/1866
f 1034/1877/1861 1033/1883/1867 1060/1875/1859
f 1060/1875/1859 1033/1883/1867 1059/1884/1868
f 1059/1884/1868 1033/1883/1867 1032/1885/1869
f 1059/1884/1868 1032/1885/1869 1031/1886/1870
f 1059/1884/1868 1031/1886/1870 1058/1887/1871
f 1058/1887/1871 1031/1886/1870 1030/1888/1872
f 1058/1887/1871 1030/1888/1872 1057/1889/1873
f 1057/1889/1873 1030/1888/1872 1029/1890/1874
f 1057/1889/1873 1029/1890/1874 1092/1891/1875
f 1092/1891/1875 1029/1890/1874 1028/1892/1876
f 1092/1891/1875 1028/1892/1876 1091/1893/1877
f 1091/1893/1877 1028/1892/1876 1027/1894/1878
f 1091/1893/1877 1027/1894/1878 1026/1895/1879
f 1091/1893/1877 1026/1895/1879 1090/1896/1880
f 1090/1896/1880 1026/1895/1879 1025/1897/1881
f 1090/1896/1880 1025/1897/1881 1089/1898/1882
f 1089/1898/1882 1025/1897/1881 1024/1899/1883
f 1089/1898/1882 1024/1899/1883 1088/1900/1884
f 1088/1900/1884 1024/1899/1883 1023/1901/1885
f 1088/1900/1884 1023/1901/1885 1087/1902/1886
f 1087/1902/1886 1023/1901/1885 1022/1903/1887
f 1087/1902/1886 1022/1903/1887 1086/1904/1888
f 1086/1904/1888 1022/1903/1887 1021/1905/1889
f 1086/1904/1888 1021/1905/1889 1020/1906/1890
f 1086/1904/1888 1020/1906/1890 1085/1907/1891
f 1085/1907/1891 1020/1906/1890 1019/1908/1892
f 1085/1907/1891 1019/1908/1892 1084/1909/1893
f 1084/1909/1893 1019/1908/1892 1018/1910/1894
f 1084/1909/1893 1018/1910/1894 1083/1911/1895
f 1083/1911/1895 1018/1910/1894 1017/1912/1896
f 1083/1911/1895 1017/1912/1896 1082/1913/1897
f 1082/1913/1897 1017/1912/1896 1016/1914/1898
f 1082/1913/1897 1016/1914/1898 1015/1915/1899
f 1082/1913/1897 1015/1915/1899 1081/1840/1824
f 1081/1840/1824 1015/1915/1899 1014/1916/1900
f 1081/1840/1824 1014/1916/1900 1013/1838/1822
f 1094/1917/1901 1131/1918/1902 1093/1919/1903
f 1093/1919/1903 1131/1918/1902 1134/1920/1904
f 1093/1919/1903 1134/1920/1904 1128/1921/1905
f 1128/1921/1905 1134/1920/1904 1199/1922/1906
f 1128/1921/1905 1199/1922/1906 1127/1923/1907
f 1127/1923/1907 1199/1922/1906 1197/1924/1908
f 1127/1923/1907 1197/1924/1908 1126/1925/1909
f 1126/1925/1909 1197/1924/1908 1195/1926/1910
f 1126/1925/1909 1195/1926/1910 1125/1927/1911
f 1125/1927/1911 1195/1926/1910 1193/1928/1912
f 1125/1927/1911 1193/1928/1912 1124/1929/1913
f 1124/1929/1913 1193/1928/1912 1191/1930/1914
f 1124/1929/1913 1191/1930/1914 1123/1931/1915
f 1123/1931/1915 1191/1930/1914 1189/1932/1916
f 1123/1931/1915 1189/1932/1916 1122/1933/1917
f 1122/1933/1917 1189/1932/1916 1187/1934/1918
f 1122/1933/1917 1187/1934/1918 1121/1935/1919
f 1121/1935/1919 1187/1934/1918 1185/1936/1920
f 1121/1935/1919 1185/1936/1920 1120/1937/1921
f 1120/1937/1921 1185/1936/1920 1183/1938/1922
f 1120/1937/1921 1183/1938/1922 1119/1939/1923
f 1119/1939/1923 1183/1938/1922 1181/1940/1924
f 1119/1939/1923 1181/1940/1924 1118/1941/1925
f 1118/1941/1925 1181/1940/1924 1179/1942/1926
f 1118/1941/1925 1179/1942/1926 1117/1943/1927
f 1117/1943/1927 1179/1942/1926 1177/1944/1928
f 1117/1943/1927 1177/1944/1928 1116/1945/1929
f 1116/1945/1929 1177/1944/1928 1175/1946/1930
f 1116/1945/1929 1175/1946/1930 1115/1947/1931
f 1115/1947/1931 1175/1946/1930 1173/1948/1932
f 1115/1947/1931 1173/1948/1932 1114/1949/1933
f 1114/1949/1933 1173/1948/1932 1171/1950/1934
f 1114/1949/1933 1171/1950/1934 1113/1951/1935
f 1113/1951/1935 1171/1950/1934 1169/1952/1936
f 1113/1951/1935 1169/1952/1936 1112/1953/1937
f 1112/1953/1937 1169/1952/1936 1167/1954/1938
f 1112/1953/1937 1167/1954/1938 1111/1955/1939
f 1111/1955/1939 1167/1954/1938 1129/1956/1940
f 1111/1957/1939 1129/1958/1940 1110/1959/1941
f 1110/1959/1941 1129/1958/1940 1165/1960/1942
f 1110/1959/1941 1165/1960/1942 1109/1961/1943
f 1109/1961/1943 1165/1960/1942 1163/1962/1944
f 1109/1961/1943 1163/1962/1944 1108/1963/1945
f 1108/1963/1945 1163/1962/1944 1161/1964/1946
f 1108/1963/1945 1161/1964/1946 1107/1965/1947
f 1107/1965/1947 1161/1964/1946 1159/1966/1948
f 1107/1965/1947 1159/1966/1948 1106/1967/1949
f 1106/1967/1949 1159/1966/1948 1157/1968/1950
f 1106/1967/1949 1157/1968/1950 1105/1969/1951
f 1105/1969/1951 1157/1968/1950 1155/1970/1952
f 1105/1969/1951 1155/1970/1952 1104/1971/1953
f 1104/1971/1953 1155/1970/1952 1153/1972/1954
f 1104/1971/1953 1153/1972/1954 1103/1973/1955
f 1103/1973/1955 1153/1972/1954 1151/1974/1956
f 1103/1973/1955 1151/1974/1956 1102/1975/1957
f 1102/1975/1957 1151/1974/1956 1149/1976/1958
f 1102/1975/1957 1149/1976/1958 1101/1977/1959
f 1101/1977/1959 1149/1976/1958 1147/1978/1960
f 1101/1977/1959 1147/1978/1960 1100/1979/1961
f 1100/1979/1961 1147/1978/1960 1145/1980/1962
f 1100/1979/1961 1145/1980/1962 1099/1981/1963
f 1099/1981/1963 1145/1980/1962 1143/1982/1964
f 1099/1981/1963 1143/1982/1964 1098/1983/1965
f 1098/1983/1965 1143/1982/1964 1141/1984/1966
f 1098/1983/1965 1141/1984/1966 1097/1985/1967
f 1097/1985/1967 1141/1984/1966 1139/1986/1968
f 1097/1985/1967 1139/1986/1968 1096/1987/1969
f 1096/1987/1969 1139/1986/1968 1137/1988/1970
f 1096/1987/1969 1137/1988/1970 1095/1989/1971
f 1095/1989/1971 1137/1988/1970 1135/1990/1972
f 1095/1989/1971 1135/1990/1972 1094/1917/1901
f 1094/1917/1901 1135/1990/1972 1131/1918/1902
f 1092/1991/1973 1200/1992/1974 1057/1993/1975
f 1057/1993/1975 1200/1992/1974 1133/1994/1976
f 1057/1993/1975 1133/1994/1976 1058/1995/1977
f 1058/1995/1977 1133/1994/1976 1132/1996/1978
f 1058/1995/1977 1132/1996/1978 1059/1997/1979
f 1059/1997/1979 1132/1996/1978 1136/1998/1980
f 1059/1997/1979 1136/1998/1980 1060/1999/1981
f 1060/1999/1981 1136/1998/1980 1138/2000/1982
f 1060/1999/1981 1138/2000/1982 1061/2001/1983
f 1061/2001/1983 1138/2000/1982 1140/2002/1984
f 1061/2001/1983 1140/2002/1984 1062/2003/1985
f 1062/2003/1985 1140/2002/1984 1142/2004/1986
f 1062/2003/1985 1142/2004/1986 1063/2005/1987
f 1063/2005/1987 1142/2004/1986 1144/2006/1988
f 1063/2005/1987 1144/2006/1988 1064/2007/1989
f 1064/2007/1989 1144/2006/1988 1146/2008/1990
f 1064/2007/1989 1146/2008/1990 1065/2009/1991
f 1065/2009/1991 1146/2008/1990 1148/2010/1992
f 1065/2009/1991 1148/2010/1992 1066/2011/1993
f 1066/2011/1993 1148/2010/1992 1150/2012/1994
f 1066/2011/1993 1150/2012/1994 1067/2013/1995
f 1067/2013/1995 1150/2012/1994 1152/2014/1996
f 1067/2013/1995 1152/2014/1996 1068/2015/1997
f 1068/2015/1997 1152/2014/1996 1154/2016/1998
f 1068/2015/1997 1154/2016/1998 1069/2017/1999
f 1069/2017/1999 1154/2016/1998 1156/2018/2000
f 1069/2017/1999 1156/2018/2000 1070/2019/2001
f 1070/2019/2001 1156/2018/2000 1158/2020/2002
f 1070/2019/2001 1158/2020/2002 1071/2021/2003
f 1071/2021/2003 1158/2020/2002 1160/2022/2004
f 1071/2021/2003 1160/2022/2004 1072/2023/2005
f 1072/2023/2005 1160/2022/2004 1162/2024/2006
f 1072/2023/2005 1162/2024/2006 1073/2025/2007
f 1073/2025/2007 1162/2024/2006 1164/2026/2008
f 1073/2025/2007 1164/2026/2008 1074/2027/2009
f 1074/2027/2009 1164/2026/2008 1166/2028/2010
f 1074/2027/2009 1166/2028/2010 1075/2029/2011
f 1075/2029/2011 1166/2028/2010 1130/2030/2012
f 1075/2031/2011 1130/2032/2012 1076/2033/2013
f 1076/2033/2013 1130/2032/2012 1168/2034/2014
f 1076/2033/2013 1168/2034/2014 1077/2035/2015
f 1077/2035/2015 1168/2034/2014 1170/2036/2016
f 1077/2035/2015 1170/2036/2016 1078/2037/2017
f 1078/2037/2017 1170/2036/2016 1172/2038/2018
f 1078/2037/2017 1172/2038/2018 1079/2039/2019
f 1079/2039/2019 1172/2038/2018 1174/2040/2020
f 1079/2039/2019 1174/2040/2020 1080/2041/2021
f 1080/2041/2021 1174/2040/2020 1176/2042/2022
f 1080/2041/2021 1176/2042/2022 1081/2043/2023
f 1081/2043/2023 1176/2042/2022 1178/2044/2024
f 1081/2043/2023 1178/2044/2024 1082/2045/2025
f 1082/2045/2025 1178/2044/2024 1180/2046/2026
f 1082/2045/2025 1180/2046/2026 1083/2047/2027
f 1083/2047/2027 1180/2046/2026 1182/2048/2028
f 1083/2047/2027 1182/2048/2028 1084/2049/2029
f 1084/2049/2029 1182/2048/2028 1184/2050/2030
f 1084/2049/2029 1184/2050/2030 1085/2051/2031
f 1085/2051/2031 1184/2050/2030 1186/2052/2032
f 1085/2051/2031 1186/2052/2032 1086/2053/2033
f 1086/2053/2033 1186/2052/2032 1188/2054/2034
f 1086/2053/2033 1188/2054/2034 1087/2055/2035
f 1087/2055/2035 1188/2054/2034 1190/2056/2036
f 1087/2055/2035 1190/2056/2036 1088/2057/2037
f 1088/2057/2037 1190/2056/2036 1192/2058/2038
f 1088/2057/2037 1192/2058/2038 1089/2059/2039
f 1089/2059/2039 1192/2058/2038 1194/2060/2040
f 1089/2059/2039 1194/2060/2040 1090/2061/2041
f 1090/2061/2041 1194/2060/2040 1196/2062/2042
f 1090/2061/2041 1196/2062/2042 1091/2063/2043
f 1091/2063/2043 1196/2062/2042 1198/2064/2044
f 1091/2063/2043 1198/2064/2044 1092/1991/1973
f 1092/1991/1973 1198/2064/2044 1200/1992/1974
f 1129/1958/1940 1130/2030/2012 1165/1960/1942
f 1165/1960/1942 1130/2030/2012 1166/2028/2010
f 1165/1960/1942 1166/2028/2010 1163/1962/1944
f 1163/1962/1944 1166/2028/2010 1164/2026/2008
f 1163/1962/1944 1164/2026/2008 1161/1964/1946
f 1161/1964/1946 1164/2026/2008 1162/2024/2006
f 1161/1964/1946 1162/2024/2006 1159/1966/1948
f 1159/1966/1948 1162/2024/2006 1160/2022/2004
f 1159/1966/1948 1160/2022/2004 1157/1968/1950
f 1157/1968/1950 1160/2022/2004 1158/2020/2002
f 1157/1968/1950 1158/2020/2002 1155/1970/1952
f 1155/1970/1952 1158/2020/2002 1156/2018/2000
f 1155/1970/1952 1156/2018/2000 1153/1972/1954
f 1153/1972/1954 1156/2018/2000 1154/2016/1998
f 1153/1972/1954 1154/2016/1998 1151/1974/1956
f 1151/1974/1956 1154/2016/1998 1152/2014/1996
f 1151/1974/1956 1152/2014/1996 1149/1976/1958
f 1149/1976/1958 1152/2014/1996 1150/2012/1994
f 1149/1976/1958 1150/2012/1994 1147/1978/1960
f 1147/1978/1960 1150/2012/1994 1148/2010/1992
f 1147/1978/1960 1148/2010/1992 1145/1980/1962
f 1145/1980/1962 1148/2010/1992 1146/2008/1990
f 1145/1980/1962 1146/2008/1990 1143/1982/1964
f 1143/1982/1964 1146/2008/1990 1144/2006/1988
f 1143/1982/1964 1144/2006/1988 1141/1984/1966
f 1141/1984/1966 1144/2006/1988 1142/2004/1986
f 1141/1984/1966 1142/2004/1986 1139/1986/1968
f 1139/1986/1968 1142/2004/1986 1140/2002/1984
f 1139/1986/1968 1140/2002/1984 1137/1988/1970
f 1137/1988/1970 1140/2002/1984 1138/2000/1982
f 1137/1988/1970 1138/2000/1982 1135/1990/1972
f 1135/1990/1972 1138/2000/1982 1136/1998/1980
f 1135/1990/1972 1136/1998/1980 1131/1918/1902
f 1131/1918/1902 1136/1998/1980 1132/1996/1978
f 1131/1918/1902 1132/1996/1978 1134/1920/1904
f 1134/1920/1904 1132/1996/1978 1133/1994/1976
f 1134/1920/1904 1133/1994/1976 1199/1922/1906
f 1199/1922/1906 1133/1994/1976 1200/1992/1974
f 1199/1922/1906 1200/1992/1974 1197/1924/1908
f 1197/1924/1908 1200/1992/1974 1198/2064/2044
f 1197/1924/1908 1198/2064/2044 1195/1926/1910
f 1195/1926/1910 1198/2064/2044 1196/2062/2042
f 1195/1926/1910 1196/2062/2042 1193/1928/1912
f 1193/1928/1912 1196/2062/2042 1194/2060/2040
f 1193/1928/1912 1194/2060/2040 1191/1930/1914
f 1191/1930/1914 1194/2060/2040 1192/2058/2038
f 1191/1930/1914 1192/2058/2038 1189/1932/1916
f 1189/1932/1916 1192/2058/2038 1190/2056/2036
f 1189/1932/1916 1190/2056/2036 1187/1934/1918
f 1187/1934/1918 1190/2056/2036 1188/2054/2034
f 1187/1934/1918 1188/2054/2034 1185/1936/1920
f 1185/1936/1920 1188/2054/2034 1186/2052/2032
f 1185/1936/1920 1186/2052/2032 1183/1938/1922
f 1183/1938/1922 1186/2052/2032 1184/2050/2030
f 1183/1938/1922 1184/2050/2030 1181/1940/1924
f 1181/1940/1924 1184/2050/2030 1182/2048/2028
f 1181/1940/1924 1182/2048/2028 1179/1942/1926
f 1179/1942/1926 1182/2048/2028 1180/2046/2026
f 1179/1942/1926 1180/2046/2026 1177/1944/1928
f 1177/1944/1928 1180/2046/2026 1178/2044/2024
f 1177/1944/1928 1178/2044/2024 1175/1946/1930
f 1175/1946/1930 1178/2044/2024 1176/2042/2022
f 1175/1946/1930 1176/2042/2022 1173/1948/1932
f 1173/1948/1932 1176/2042/2022 1174/2040/2020
f 1173/1948/1932 1174/2040/2020 1171/1950/1934
f 1171/1950/1934 1174/2040/2020 1172/2038/2018
f 1171/1950/1934 1172/2038/2018 1169/1952/1936
f 1169/1952/1936 1172/2038/2018 1170/2036/2016
f 1169/1952/1936 1170/2036/2016 1167/1954/1938
f 1167/1954/1938 1170/2036/2016 1168/2034/2014
f 1167/1954/1938 1168/2034/2014 1129/1956/1940
f 1129/1956/1940 1168/2034/2014 1130/2032/2012
f 1202/2065/2045 1203/2066/2046 1201/2067/2047
f 1201/2067/2047 1203/2066/2046 1248/2068/2048
f 1248/2068/2048 1203/2066/2046 1204/2069/2049
f 1248/2068/2048 1204/2069/2049 1205/2070/2050
f 1206/2071/2051 1117/2072/2052 1205/2070/2050
f 1205/2070/2050 1117/2072/2052 1247/2073/2053
f 1205/2070/2050 1247/2073/2053 1248/2068/2048
f 1206/2071/2051 1207/2074/2054 1117/2072/2052
f 1117/2072/2052 1207/2074/2054 1118/2075/2055
f 1118/2075/2055 1207/2074/2054 1208/2076/2056
f 1118/2075/2055 1208/2076/2056 1209/2077/2057
f 1118/2075/2055 1209/2077/2057 1119/2078/2058
f 1119/2078/2058 1209/2077/2057 1210/2079/2059
f 1119/2078/2058 1210/2079/2059 1120/2080/2060
f 1120/2080/2060 1210/2079/2059 1211/2081/2061
f 1120/2080/2060 1211/2081/2061 1121/2082/2062
f 1121/2082/2062 1211/2081/2061 1212/2083/2063
f 1121/2082/2062 1212/2083/2063 1122/2084/2064
f 1122/2084/2064 1212/2083/2063 1213/2085/2065
f 1122/2084/2064 1213/2085/2065 1214/2086/2066
f 1122/2084/2064 1214/2086/2066 1123/2087/2067
f 1123/2087/2067 1214/2086/2066 1215/2088/2068
f 1123/2087/2067 1215/2088/2068 1124/2089/2069
f 1124/2089/2069 1215/2088/2068 1216/2090/2070
f 1124/2089/2069 1216/2090/2070 1125/2091/2071
f 1125/2091/2071 1216/2090/2070 1217/2092/2072
f 1125/2091/2071 1217/2092/2072 1126/2093/2073
f 1126/2093/2073 1217/2092/2072 1218/2094/2074
f 1126/2093/2073 1218/2094/2074 1127/2095/2075
f 1127/2095/2075 1218/2094/2074 1219/2096/2076
f 1127/2095/2075 1219/2096/2076 1220/2097/2077
f 1127/2095/2075 1220/2097/2077 1128/2098/2078
f 1128/2098/2078 1220/2097/2077 1221/2099/2079
f 1128/2098/2078 1221/2099/2079 1093/2100/2080
f 1093/2100/2080 1221/2099/2079 1222/2101/2081
f 1093/2100/2080 1222/2101/2081 1094/2102/2082
f 1094/2102/2082 1222/2101/2081 1223/2103/2083
f 1094/2102/2082 1223/2103/2083 1095/2104/2084
f 1095/2104/2084 1223/2103/2083 1224/2105/2085
f 1095/2104/2084 1224/2105/2085 1225/2106/2086
f 1095/2104/2084 1225/2106/2086 1096/2107/2087
f 1096/2107/2087 1225/2106/2086 1226/2108/2088
f 1096/2107/2087 1226/2108/2088 1227/2109/2089
f 1228/2110/2090 1232/2111/2091 1227/2109/2089
f 1227/2109/2089 1232/2111/2091 1233/2112/2092
f 1227/2109/2089 1233/2112/2092 1096/2107/2087
f 1096/2107/2087 1233/2112/2092 1097/2113/2093
f 1097/2113/2093 1233/2112/2092 1234/2114/2094
f 1097/2113/2093 1234/2114/2094 1098/2115/2095
f 1098/2115/2095 1234/2114/2094 1235/2116/2096
f 1098/2115/2095 1235/2116/2096 1099/2117/2097
f 1099/2117/2097 1235/2116/2096 1236/2118/2098
f 1099/2117/2097 1236/2118/2098 1100/2119/2099
f 1100/2119/2099 1236/2118/2098 1101/2120/2100
f 1101/2120/2100 1236/2118/2098 1237/2121/2101
f 1101/2120/2100 1237/2121/2101 1102/2122/2102
f 1102/2122/2102 1237/2121/2101 1238/2123/2103
f 1102/2122/2102 1238/2123/2103 1103/2124/2104
f 1103/2124/2104 1238/2123/2103 1104/2125/2105
f 1104/2125/2105 1238/2123/2103 1239/2126/2106
f 1104/2125/2105 1239/2126/2106 1105/2127/2107
f 1105/2127/2107 1239/2126/2106 1106/2128/2108
f 1106/2128/2108 1239/2126/2106 1240/2129/2109
f 1106/2128/2108 1240/2129/2109 1107/2130/2110
f 1107/2130/2110 1240/2129/2109 1241/2131/2111
f 1107/2130/2110 1241/2131/2111 1108/2132/2112
f 1108/2132/2112 1241/2131/2111 1109/2133/2113
f 1109/2133/2113 1241/2131/2111 1242/2134/2114
f 1109/2133/2113 1242/2134/2114 1110/2135/2115
f 1110/2135/2115 1242/2134/2114 1111/2136/2116
f 1111/2136/2116 1242/2134/2114 1243/2137/2117
f 1111/2136/2116 1243/2137/2117 1112/2138/2118
f 1112/2138/2118 1243/2137/2117 1244/2139/2119
f 1112/2138/2118 1244/2139/2119 1113/2140/2120
f 1113/2140/2120 1244/2139/2119 1114/2141/2121
f 1114/2141/2121 1244/2139/2119 1245/2142/2122
f 1114/2141/2121 1245/2142/2122 1115/2143/2123
f 1115/2143/2123 1245/2142/2122 1246/2144/2124
f 1115/2143/2123 1246/2144/2124 1116/2145/2125
f 1116/2145/2125 1246/2144/2124 1247/2073/2053
f 1116/2145/2125 1247/2073/2053 1117/2072/2052
f 1228/2110/2090 1229/2146/2126 1232/2111/2091
f 1232/2111/2091 1229/2146/2126 1231/2147/2127
f 1231/2147/2127 1229/2146/2126 1230/2148/2128
f 1249/2149/2129 1250/2150/2130 1201/2151/2131
f 1201/2151/2131 1250/2150/2130 1202/2152/2132
f 1202/2153/2133 1250/2154/2134 1203/2155/2135
f 1203/2155/2135 1250/2154/2134 1251/2156/2136
f 1203/2155/2135 1251/2156/2136 1252/2157/2137
f 1203/2155/2135 1252/2157/2137 1204/2158/2138
f 1204/2158/2138 1252/2157/2137 1253/2159/2139
f 1204/2158/2138 1253/2159/2139 1205/2160/2140
f 1205/2160/2140 1253/2159/2139 1254/2161/2141
f 1205/2160/2140 1254/2161/2141 1206/2162/2142
f 1206/2162/2142 1254/2161/2141 1255/2163/2143
f 1206/2162/2142 1255/2163/2143 1207/2164/2144
f 1207/2164/2144 1255/2163/2143 1256/2165/2145
f 1207/2164/2144 1256/2165/2145 1208/2166/2146
f 1208/2166/2146 1256/2165/2145 1257/2167/2147
f 1208/2166/2146 1257/2167/2147 1209/2168/2148
f 1209/2168/2148 1257/2167/2147 1258/2169/2149
f 1209/2168/2148 1258/2169/2149 1210/2170/2150
f 1210/2170/2150 1258/2169/2149 1259/2171/2151
f 1210/2170/2150 1259/2171/2151 1211/2172/2152
f 1211/2172/2152 1259/2171/2151 1260/2173/2153
f 1211/2172/2152 1260/2173/2153 1212/2174/2154
f 1212/2174/2154 1260/2173/2153 1261/2175/2155
f 1212/2174/2154 1261/2175/2155 1213/2176/2156
f 1213/2176/2156 1261/2175/2155 1262/2177/2157
f 1213/2176/2156 1262/2177/2157 1214/2178/2158
f 1214/2178/2158 1262/2177/2157 1263/2179/2159
f 1214/2178/2158 1263/2179/2159 1215/2180/2160
f 1215/2180/2160 1263/2179/2159 1264/2181/2161
f 1215/2180/2160 1264/2181/2161 1216/2182/2162
f 1216/2182/2162 1264/2181/2161 1265/2183/2163
f 1216/2182/2162 1265/2183/2163 1217/2184/2164
f 1217/2184/2164 1265/2183/2163 1266/2185/2165
f 1217/2184/2164 1266/2185/2165 1218/2186/2166
f 1218/2186/2166 1266/2185/2165 1267/2187/2167
f 1218/2186/2166 1267/2187/2167 1219/2188/2168
f 1219/2188/2168 1267/2187/2167 1268/2189/2169
f 1219/2188/2168 1268/2189/2169 1220/2190/2170
f 1220/2190/2170 1268/2189/2169 1269/2191/2171
f 1220/2190/2170 1269/2191/2171 1221/2192/2172
f 1221/2192/2172 1269/2191/2171 1270/2193/2173
f 1221/2192/2172 1270/2193/2173 1222/2194/2174
f 1222/2194/2174 1270/2193/2173 1271/2195/2175
f 1222/2194/2174 1271/2195/2175 1223/2196/2176
f 1223/2196/2176 1271/2195/2175 1272/2197/2177
f 1223/2196/2176 1272/2197/2177 1224/2198/2178
f 1224/2198/2178 1272/2197/2177 1273/2199/2179
f 1224/2198/2178 1273/2199/2179 1225/2200/2180
f 1225/2200/2180 1273/2199/2179 1274/2201/2181
f 1225/2200/2180 1274/2201/2181 1226/2202/2182
f 1226/2202/2182 1274/2201/2181 1275/2203/2183
f 1226/2202/2182 1275/2203/2183 1227/2204/2184
f 1227/2204/2184 1275/2203/2183 1276/2205/2185
f 1227/2204/2184 1276/2205/2185 1228/2206/2186
f 1228/2206/2186 1276/2205/2185 1277/2207/2187
f 1228/2206/2186 1277/2207/2187 1229/2208/2188
f 1229/2208/2188 1277/2207/2187 1230/2209/2189
f 1230/2209/2189 1277/2207/2187 1278/2210/2190
f 1278/2211/2191 1279/2212/2192 1230/2213/2193
f 1230/2213/2193 1279/2212/2192 1231/2214/2194
f 1231/2215/2195 1279/2216/2196 1232/2217/2197
f 1232/2217/2197 1279/2216/2196 1280/2218/2198
f 1232/2217/2197 1280/2218/2198 1281/2219/2199
f 1232/2217/2197 1281/2219/2199 1233/2220/2200
f 1233/2220/2200 1281/2219/2199 1282/2221/2201
f 1233/2220/2200 1282/2221/2201 1234/2222/2202
f 1234/2222/2202 1282/2221/2201 1283/2223/2203
f 1234/2222/2202 1283/2223/2203 1235/2224/2204
f 1235/2224/2204 1283/2223/2203 1284/2225/2205
f 1235/2224/2204 1284/2225/2205 1236/2226/2206
f 1236/2226/2206 1284/2225/2205 1285/2227/2207
f 1236/2226/2206 1285/2227/2207 1237/2228/2208
f 1237/2228/2208 1285/2227/2207 1286/2229/2209
f 1237/2228/2208 1286/2229/2209 1238/2230/2210
f 1238/2230/2210 1286/2229/2209 1287/2231/2211
f 1238/2230/2210 1287/2231/2211 1239/2232/2212
f 1239/2232/2212 1287/2231/2211 1288/2233/2213
f 1239/2232/2212 1288/2233/2213 1240/2234/2214
f 1240/2234/2214 1288/2233/2213 1289/2235/2215
f 1240/2234/2214 1289/2235/2215 1241/2236/2216
f 1241/2236/2216 1289/2235/2215 1290/2237/2217
f 1241/2236/2216 1290/2237/2217 1242/2238/2218
f 1242/2238/2218 1290/2237/2217 1291/2239/2219
f 1242/2238/2218 1291/2239/2219 1243/2240/2220
f 1243/2240/2220 1291/2239/2219 1292/2241/2221
f 1243/2240/2220 1292/2241/2221 1244/2242/2222
f 1244/2242/2222 1292/2241/2221 1293/2243/2223
f 1244/2242/2222 1293/2243/2223 1245/2244/2224
f 1245/2244/2224 1293/2243/2223 1294/2245/2225
f 1245/2244/2224 1294/2245/2225 1246/2246/2226
f 1246/2246/2226 1294/2245/2225 1295/2247/2227
f 1246/2246/2226 1295/2247/2227 1247/2248/2228
f 1247/2248/2228 1295/2247/2227 1296/2249/2229
f 1247/2248/2228 1296/2249/2229 1248/2250/2230
f 1248/2250/2230 1296/2249/2229 1201/2251/2231
f 1201/2251/2231 1296/2249/2229 1249/2252/2232
f 1250/2253/2233 1249/2254/2234 1251/2255/2235
f 1251/2255/2235 1249/2254/2234 1296/2256/2236
f 1251/2255/2235 1296/2256/2236 1252/2257/2237
f 1252/2257/2237 1296/2256/2236 1253/2258/2238
f 1253/2258/2238 1296/2256/2236 1295/2259/2239
f 1253/2258/2238 1295/2259/2239 1321/2260/2240
f 1321/2260/2240 1295/2259/2239 1320/2261/2241
f 1320/2261/2241 1295/2259/2239 1294/2262/2242
f 1320/2261/2241 1294/2262/2242 1319/2263/2243
f 1319/2263/2243 1294/2262/2242 1293/2264/2244
f 1319/2263/2243 1293/2264/2244 1318/2265/2245
f 1318/2265/2245 1293/2264/2244 1292/2266/2246
f 1318/2265/2245 1292/2266/2246 1317/2267/2247
f 1317/2267/2247 1292/2266/2246 1316/2268/2248
f 1316/2268/2248 1292/2266/2246 1291/2269/2249
f 1316/2268/2248 1291/2269/2249 1315/2270/2250
f 1315/2270/2250 1291/2269/2249 1290/2271/2251
f 1315/2270/2250 1290/2271/2251 1314/2272/2252
f 1314/2272/2252 1290/2271/2251 1313/2273/2253
f 1313/2273/2253 1290/2271/2251 1289/2274/2254
f 1313/2273/2253 1289/2274/2254 1312/2275/2255
f 1312/2275/2255 1289/2274/2254 1311/2276/2256
f 1311/2276/2256 1289/2274/2254 1288/2277/2257
f 1311/2276/2256 1288/2277/2257 1310/2278/2258
f 1310/2278/2258 1288/2277/2257 1287/2279/2259
f 1310/2278/2258 1287/2279/2259 1309/2280/2260
f 1309/2280/2260 1287/2279/2259 1308/2281/2261
f 1308/2281/2261 1287/2279/2259 1286/2282/2262
f 1308/2281/2261 1286/2282/2262 1307/2283/2263
f 1307/2283/2263 1286/2282/2262 1306/2284/2264
f 1306/2284/2264 1286/2282/2262 1285/2285/2265
f 1306/2284/2264 1285/2285/2265 1305/2286/2266
f 1305/2286/2266 1285/2285/2265 1284/2287/2267
f 1305/2286/2266 1284/2287/2267 1304/2288/2268
f 1304/2288/2268 1284/2287/2267 1303/2289/2269
f 1303/2289/2269 1284/2287/2267 1283/2290/2270
f 1303/2289/2269 1283/2290/2270 1302/2291/2271
f 1302/2291/2271 1283/2290/2270 1282/2292/2272
f 1302/2291/2271 1282/2292/2272 1301/2293/2273
f 1301/2293/2273 1282/2292/2272 1281/2294/2274
f 1301/2293/2273 1281/2294/2274 1300/2295/2275
f 1300/2295/2275 1281/2294/2274 1275/2296/2276
f 1300/2295/2275 1275/2296/2276 1274/2297/2277
f 1281/2294/2274 1280/2298/2278 1275/2296/2276
f 1275/2296/2276 1280/2298/2278 1276/2299/2279
f 1276/2299/2279 1280/2298/2278 1277/2300/2280
f 1277/2300/2280 1280/2298/2278 1279/2301/2281
f 1277/2300/2280 1279/2301/2281 1278/2302/2282
f 1274/2297/2277 1273/2303/2283 1300/2295/2275
f 1300/2295/2275 1273/2303/2283 1299/2304/2284
f 1299/2304/2284 1273/2303/2283 1272/2305/2285
f 1299/2304/2284 1272/2305/2285 1271/2306/2286
f 1299/2304/2284 1271/2306/2286 1298/2307/2287
f 1298/2307/2287 1271/2306/2286 1270/2308/2288
f 1298/2307/2287 1270/2308/2288 1297/2309/2289
f 1297/2309/2289 1270/2308/2288 1269/2310/2290
f 1297/2309/2289 1269/2310/2290 1332/2311/2291
f 1332/2311/2291 1269/2310/2290 1268/2312/2292
f 1332/2311/2291 1268/2312/2292 1331/2313/2293
f 1331/2313/2293 1268/2312/2292 1267/2314/2294
f 1331/2313/2293 1267/2314/2294 1266/2315/2295
f 1331/2313/2293 1266/2315/2295 1330/2316/2296
f 1330/2316/2296 1266/2315/2295 1265/2317/2297
f 1330/2316/2296 1265/2317/2297 1329/2318/2298
f 1329/2318/2298 1265/2317/2297 1264/2319/2299
f 1329/2318/2298 1264/2319/2299 1328/2320/2300
f 1328/2320/2300 1264/2319/2299 1263/2321/2301
f 1328/2320/2300 1263/2321/2301 1327/2322/2302
f 1327/2322/2302 1263/2321/2301 1262/2323/2303
f 1327/2322/2302 1262/2323/2303 1326/2324/2304
f 1326/2324/2304 1262/2323/2303 1261/2325/2305
f 1326/2324/2304 1261/2325/2305 1260/2326/2306
f 1326/2324/2304 1260/2326/2306 1325/2327/2307
f 1325/2327/2307 1260/2326/2306 1259/2328/2308
f 1325/2327/2307 1259/2328/2308 1324/2329/2309
f 1324/2329/2309 1259/2328/2308 1258/2330/2310
f 1324/2329/2309 1258/2330/2310 1323/2331/2311
f 1323/2331/2311 1258/2330/2310 1257/2332/2312
f 1323/2331/2311 1257/2332/2312 1322/2333/2313
f 1322/2333/2313 1257/2332/2312 1256/2334/2314
f 1322/2333/2313 1256/2334/2314 1255/2335/2315
f 1322/2333/2313 1255/2335/2315 1321/2260/2240
f 1321/2260/2240 1255/2335/2315 1254/2336/2316
f 1321/2260/2240 1254/2336/2316 1253/2258/2238
f 1334/2337/2317 1371/2338/2318 1333/2339/2319
f 1333/2339/2319 1371/2338/2318 1374/2340/2320
f 1333/2339/2319 1374/2340/2320 1368/2341/2321
f 1368/2341/2321 1374/2340/2320 1439/2342/2322
f 1368/2341/2321 1439/2342/2322 1367/2343/2323
f 1367/2343/2323 1439/2342/2322 1437/2344/2324
f 1367/2343/2323 1437/2344/2324 1366/2345/2325
f 1366/2345/2325 1437/2344/2324 1435/2346/2326
f 1366/2345/2325 1435/2346/2326 1365/2347/2327
f 1365/2347/2327 1435/2346/2326 1433/2348/2328
f 1365/2347/2327 1433/2348/2328 1364/2349/2329
f 1364/2349/2329 1433/2348/2328 1431/2350/2330
f 1364/2349/2329 1431/2350/2330 1363/2351/2331
f 1363/2351/2331 1431/2350/2330 1429/2352/2332
f 1363/2351/2331 1429/2352/2332 1362/2353/2333
f 1362/2353/2333 1429/2352/2332 1427/2354/2334
f 1362/2353/2333 1427/2354/2334 1361/2355/2335
f 1361/2355/2335 1427/2354/2334 1425/2356/2336
f 1361/2355/2335 1425/2356/2336 1360/2357/2337
f 1360/2357/2337 1425/2356/2336 1423/2358/2338
f 1360/2357/2337 1423/2358/2338 1359/2359/2339
f 1359/2359/2339 1423/2358/2338 1421/2360/2340
f 1359/2359/2339 1421/2360/2340 1358/2361/2341
f 1358/2361/2341 1421/2360/2340 1419/2362/2342
f 1358/2361/2341 1419/2362/2342 1357/2363/2343
f 1357/2363/2343 1419/2362/2342 1417/2364/2344
f 1357/2363/2343 1417/2364/2344 1356/2365/2345
f 1356/2365/2345 1417/2364/2344 1415/2366/2346
f 1356/2365/2345 1415/2366/2346 1355/2367/2347
f 1355/2367/2347 1415/2366/2346 1413/2368/2348
f 1355/2367/2347 1413/2368/2348 1354/2369/2349
f 1354/2369/2349 1413/2368/2348 1411/2370/2350
f 1354/2369/2349 1411/2370/2350 1353/2371/2351
f 1353/2371/2351 1411/2370/2350 1409/2372/2352
f 1353/2371/2351 1409/2372/2352 1352/2373/2353
f 1352/2373/2353 1409/2372/2352 1407/2374/2354
f 1352/2373/2353 1407/2374/2354 1351/2375/2355
f 1351/2375/2355 1407/2374/2354 1369/2376/2356
f 1351/2377/2355 1369/2378/2356 1350/2379/2357
f 1350/2379/2357 1369/2378/2356 1405/2380/2358
f 1350/2379/2357 1405/2380/2358 1349/2381/2359
f 1349/2381/2359 1405/2380/2358 1403/2382/2360
f 1349/2381/2359 1403/2382/2360 1348/2383/2361
f 1348/2383/2361 1403/2382/2360 1401/2384/2362
f 1348/2383/2361 1401/2384/2362 1347/2385/2363
f 1347/2385/2363 1401/2384/2362 1399/2386/2364
f 1347/2385/2363 1399/2386/2364 1346/2387/2365
f 1346/2387/2365 1399/2386/2364 1397/2388/2366
f 1346/2387/2365 1397/2388/2366 1345/2389/2367
f 1345/2389/2367 1397/2388/2366 1395/2390/2368
f 1345/2389/2367 1395/2390/2368 1344/2391/2369
f 1344/2391/2369 1395/2390/2368 1393/2392/2370
f 1344/2391/2369 1393/2392/2370 1343/2393/2371
f 1343/2393/2371 1393/2392/2370 1391/2394/2372
f 1343/2393/2371 1391/2394/2372 1342/2395/2373
f 1342/2395/2373 1391/2394/2372 1389/2396/2374
f 1342/2395/2373 1389/2396/2374 1341/2397/2375
f 1341/2397/2375 1389/2396/2374 1387/2398/2376
f 1341/2397/2375 1387/2398/2376 1340/2399/2377
f 1340/2399/2377 1387/2398/2376 1385/2400/2378
f 1340/2399/2377 1385/2400/2378 1339/2401/2379
f 1339/2401/2379 1385/2400/2378 1383/2402/2380
f 1339/2401/2379 1383/2402/2380 1338/2403/2381
f 1338/2403/2381 1383/2402/2380 1381/2404/2382
f 1338/2403/2381 1381/2404/2382 1337/2405/2383
f 1337/2405/2383 1381/2404/2382 1379/2406/2384
f 1337/2405/2383 1379/2406/2384 1336/2407/2385
f 1336/2407/2385 1379/2406/2384 1377/2408/2386
f 1336/2407/2385 1377/2408/2386 1335/2409/2387
f 1335/2409/2387 1377/2408/2386 1375/2410/2388
f 1335/2409/2387 1375/2410/2388 1334/2337/2317
f 1334/2337/2317 1375/2410/2388 1371/2338/2318
f 1332/2411/2389 1440/2412/2390 1297/2413/2391
f 1297/2413/2391 1440/2412/2390 1373/2414/2392
f 1297/2413/2391 1373/2414/2392 1298/2415/2393
f 1298/2415/2393 1373/2414/2392 1372/2416/2394
f 1298/2415/2393 1372/2416/2394 1299/2417/2395
f 1299/2417/2395 1372/2416/2394 1376/2418/2396
f 1299/2417/2395 1376/2418/2396 1300/2419/2397
f 1300/2419/2397 1376/2418/2396 1378/2420/2398
f 1300/2419/2397 1378/2420/2398 1301/2421/2399
f 1301/2421/2399 1378/2420/2398 1380/2422/2400
f 1301/2421/2399 1380/2422/2400 1302/2423/2401
f 1302/2423/2401 1380/2422/2400 1382/2424/2402
f 1302/2423/2401 1382/2424/2402 1303/2425/2403
f 1303/2425/2403 1382/2424/2402 1384/2426/2404
f 1303/2425/2403 1384/2426/2404 1304/2427/2405
f 1304/2427/2405 1384/2426/2404 1386/2428/2406
f 1304/2427/2405 1386/2428/2406 1305/2429/2407
f 1305/2429/2407 1386/2428/2406 1388/2430/2408
f 1305/2429/2407 1388/2430/2408 1306/2431/2409
f 1306/2431/2409 1388/2430/2408 1390/2432/2410
f 1306/2431/2409 1390/2432/2410 1307/2433/2411
f 1307/2433/2411 1390/2432/2410 1392/2434/2412
f 1307/2433/2411 1392/2434/2412 1308/2435/2413
f 1308/2435/2413 1392/2434/2412 1394/2436/2414
f 1308/2435/2413 1394/2436/2414 1309/2437/2415
f 1309/2437/2415 1394/2436/2414 1396/2438/2416
f 1309/2437/2415 1396/2438/2416 1310/2439/2417
f 1310/2439/2417 1396/2438/2416 1398/2440/2418
f 1310/2439/2417 1398/2440/2418 1311/2441/2419
f 1311/2441/2419 1398/2440/2418 1400/2442/2420
f 1311/2441/2419 1400/2442/2420 1312/2443/2421
f 1312/2443/2421 1400/2442/2420 1402/2444/2422
f 1312/2443/2421 1402/2444/2422 1313/2445/2423
f 1313/2445/2423 1402/2444/2422 1404/2446/2424
f 1313/2445/2423 1404/2446/2424 1314/2447/2425
f 1314/2447/2425 1404/2446/2424 1406/2448/2426
f 1314/2447/2425 1406/2448/2426 1315/2449/2427
f 1315/2449/2427 1406/2448/2426 1370/2450/2428
f 1315/2451/2427 1370/2452/2428 1316/2453/2429
f 1316/2453/2429 1370/2452/2428 1408/2454/2430
f 1316/2453/2429 1408/2454/2430 1317/2455/2431
f 1317/2455/2431 1408/2454/2430 1410/2456/2432
f 1317/2455/2431 1410/2456/2432 1318/2457/2433
f 1318/2457/2433 1410/2456/2432 1412/2458/2434
f 1318/2457/2433 1412/2458/2434 1319/2459/2435
f 1319/2459/2435 1412/2458/2434 1414/2460/2436
f 1319/2459/2435 1414/2460/2436 1320/2461/2437
f 1320/2461/2437 1414/2460/2436 1416/2462/2438
f 1320/2461/2437 1416/2462/2438 1321/2463/2439
f 1321/2463/2439 1416/2462/2438 1418/2464/2440
f 1321/2463/2439 1418/2464/2440 1322/2465/2441
f 1322/2465/2441 1418/2464/2440 1420/2466/2442
f 1322/2465/2441 1420/2466/2442 1323/2467/2443
f 1323/2467/2443 1420/2466/2442 1422/2468/2444
f 1323/2467/2443 1422/2468/2444 1324/2469/2445
f 1324/2469/2445 1422/2468/2444 1424/2470/2446
f 1324/2469/2445 1424/2470/2446 1325/2471/2447
f 1325/2471/2447 1424/2470/2446 1426/2472/2448
f 1325/2471/2447 1426/2472/2448 1326/2473/2449
f 1326/2473/2449 1426/2472/2448 1428/2474/2450
f 1326/2473/2449 1428/2474/2450 1327/2475/2451
f 1327/2475/2451 1428/2474/2450 1430/2476/2452
f 1327/2475/2451 1430/2476/2452 1328/2477/2453
f 1328/2477/2453 1430/2476/2452 1432/2478/2454
f 1328/2477/2453 1432/2478/2454 1329/2479/2455
f 1329/2479/2455 1432/2478/2454 1434/2480/2456
f 1329/2479/2455 1434/2480/2456 1330/2481/2457
f 1330/2481/2457 1434/2480/2456 1436/2482/2458
f 1330/2481/2457 1436/2482/2458 1331/2483/2459
f 1331/2483/2459 1436/2482/2458 1438/2484/2460
f 1331/2483/2459 1438/2484/2460 1332/2411/2389
f 1332/2411/2389 1438/2484/2460 1440/2412/2390
f 1369/2378/2356 1370/2450/2428 1405/2380/2358
f 1405/2380/2358 1370/2450/2428 1406/2448/2426
f 1405/2380/2358 1406/2448/2426 1403/2382/2360
f 1403/2382/2360 1406/2448/2426 1404/2446/2424
f 1403/2382/2360 1404/2446/2424 1401/2384/2362
f 1401/2384/2362 1404/2446/2424 1402/2444/2422
f 1401/2384/2362 1402/2444/2422 1399/2386/2364
f 1399/2386/2364 1402/2444/2422 1400/2442/2420
f 1399/2386/2364 1400/2442/2420 1397/2388/2366
f 1397/2388/2366 1400/2442/2420 1398/2440/2418
f 1397/2388/2366 1398/2440/2418 1395/2390/2368
f 1395/2390/2368 1398/2440/2418 1396/2438/2416
f 1395/2390/2368 1396/2438/2416 1393/2392/2370
f 1393/2392/2370 1396/2438/2416 1394/2436/2414
f 1393/2392/2370 1394/2436/2414 1391/2394/2372
f 1391/2394/2372 1394/2436/2414 1392/2434/2412
f 1391/2394/2372 1392/2434/2412 1389/2396/2374
f 1389/2396/2374 1392/2434/2412 1390/2432/2410
f 1389/2396/2374 1390/2432/2410 1387/2398/2376
f 1387/2398/2376 1390/2432/2410 1388/2430/2408
f 1387/2398/2376 1388/2430/2408 1385/2400/2378
f 1385/2400/2378 1388/2430/2408 1386/2428/2406
f 1385/2400/2378 1386/2428/2406 1383/2402/2380
f 1383/2402/2380 1386/2428/2406 1384/2426/2404
f 1383/2402/2380 1384/2426/2404 1381/2404/2382
f 1381/2404/2382 1384/2426/2404 1382/2424/2402
f 1381/2404/2382 1382/2424/2402 1379/2406/2384
f 1379/2406/2384 1382/2424/2402 1380/2422/2400
f 1379/2406/2384 1380/2422/2400 1377/2408/2386
f 1377/2408/2386 1380/2422/2400 1378/2420/2398
f 1377/2408/2386 1378/2420/2398 1375/2410/2388
f 1375/2410/2388 1378/2420/2398 1376/2418/2396
f 1375/2410/2388 1376/2418/2396 1371/2338/2318
f 1371/2338/2318 1376/2418/2396 1372/2416/2394
f 1371/2338/2318 1372/2416/2394 1374/2340/2320
f 1374/2340/2320 1372/2416/2394 1373/2414/2392
f 1374/2340/2320 1373/2414/2392 1439/2342/2322
f 1439/2342/2322 1373/2414/2392 1440/2412/2390
f 1439/2342/2322 1440/2412/2390 1437/2344/2324
f 1437/2344/2324 1440/2412/2390 1438/2484/2460
f 1437/2344/2324 1438/2484/2460 1435/2346/2326
f 1435/2346/2326 1438/2484/2460 1436/2482/2458
f 1435/2346/2326 1436/2482/2458 1433/2348/2328
f 1433/2348/2328 1436/2482/2458 1434/2480/2456
f 1433/2348/2328 1434/2480/2456 1431/2350/2330
f 1431/2350/2330 1434/2480/2456 1432/2478/2454
f 1431/2350/2330 1432/2478/2454 1429/2352/2332
f 1429/2352/2332 1432/2478/2454 1430/2476/2452
f 1429/2352/2332 1430/2476/2452 1427/2354/2334
f 1427/2354/2334 1430/2476/2452 1428/2474/2450
f 1427/2354/2334 1428/2474/2450 1425/2356/2336
f 1425/2356/2336 1428/2474/2450 1426/2472/2448
f 1425/2356/2336 1426/2472/2448 1423/2358/2338
f 1423/2358/2338 1426/2472/2448 1424/2470/2446
f 1423/2358/2338 1424/2470/2446 1421/2360/2340
f 1421/2360/2340 1424/2470/2446 1422/2468/2444
f 1421/2360/2340 1422/2468/2444 1419/2362/2342
f 1419/2362/2342 1422/2468/2444 1420/2466/2442
f 1419/2362/2342 1420/2466/2442 1417/2364/2344
f 1417/2364/2344 1420/2466/2442 1418/2464/2440
f 1417/2364/2344 1418/2464/2440 1415/2366/2346
f 1415/2366/2346 1418/2464/2440 1416/2462/2438
f 1415/2366/2346 1416/2462/2438 1413/2368/2348
f 1413/2368/2348 1416/2462/2438 1414/2460/2436
f 1413/2368/2348 1414/2460/2436 1411/2370/2350
f 1411/2370/2350 1414/2460/2436 1412/2458/2434
f 1411/2370/2350 1412/2458/2434 1409/2372/2352
f 1409/2372/2352 1412/2458/2434 1410/2456/2432
f 1409/2372/2352 1410/2456/2432 1407/2374/2354
f 1407/2374/2354 1410/2456/2432 1408/2454/2430
f 1407/2374/2354 1408/2454/2430 1369/2376/2356
f 1369/2376/2356 1408/2454/2430 1370/2452/2428
f 1442/2485/2461 1443/2486/2462 1441/2487/2463
f 1441/2487/2463 1443/2486/2462 1488/2488/2464
f 1488/2488/2464 1443/2486/2462 1444/2489/2465
f 1488/2488/2464 1444/2489/2465 1445/2490/2466
f 1446/2491/2467 1357/2492/2468 1445/2490/2466
f 1445/2490/2466 1357/2492/2468 1487/2493/2469
f 1445/2490/2466 1487/2493/2469 1488/2488/2464
f 1446/2491/2467 1447/2494/2470 1357/2492/2468
f 1357/2492/2468 1447/2494/2470 1358/2495/2471
f 1358/2495/2471 1447/2494/2470 1448/2496/2472
f 1358/2495/2471 1448/2496/2472 1449/2497/2473
f 1358/2495/2471 1449/2497/2473 1359/2498/2474
f 1359/2498/2474 1449/2497/2473 1450/2499/2475
f 1359/2498/2474 1450/2499/2475 1360/2500/2476
f 1360/2500/2476 1450/2499/2475 1451/2501/2477
f 1360/2500/2476 1451/2501/2477 1361/2502/2478
f 1361/2502/2478 1451/2501/2477 1452/2503/2479
f 1361/2502/2478 1452/2503/2479 1362/2504/2480
f 1362/2504/2480 1452/2503/2479 1453/2505/2481
f 1362/2504/2480 1453/2505/2481 1454/2506/2482
f 1362/2504/2480 1454/2506/2482 1363/2507/2483
f 1363/2507/2483 1454/2506/2482 1455/2508/2484
f 1363/2507/2483 1455/2508/2484 1364/2509/2485
f 1364/2509/2485 1455/2508/2484 1456/2510/2486
f 1364/2509/2485 1456/2510/2486 1365/2511/2487
f 1365/2511/2487 1456/2510/2486 1457/2512/2488
f 1365/2511/2487 1457/2512/2488 1366/2513/2489
f 1366/2513/2489 1457/2512/2488 1458/2514/2490
f 1366/2513/2489 1458/2514/2490 1367/2515/2491
f 1367/2515/2491 1458/2514/2490 1459/2516/2492
f 1367/2515/2491 1459/2516/2492 1460/2517/2493
f 1367/2515/2491 1460/2517/2493 1368/2518/2494
f 1368/2518/2494 1460/2517/2493 1461/2519/2495
f 1368/2518/2494 1461/2519/2495 1333/2520/2496
f 1333/2520/2496 1461/2519/2495 1462/2521/2497
f 1333/2520/2496 1462/2521/2497 1334/2522/2498
f 1334/2522/2498 1462/2521/2497 1463/2523/2499
f 1334/2522/2498 1463/2523/2499 1335/2524/2500
f 1335/2524/2500 1463/2523/2499 1464/2525/2501
f 1335/2524/2500 1464/2525/2501 1465/2526/2502
f 1335/2524/2500 1465/2526/2502 1336/2527/2503
f 1336/2527/2503 1465/2526/2502 1466/2528/2504
f 1336/2527/2503 1466/2528/2504 1467/2529/2505
f 1468/2530/2506 1472/2531/2507 1467/2529/2505
f 1467/2529/2505 1472/2531/2507 1473/2532/2508
f 1467/2529/2505 1473/2532/2508 1336/2527/2503
f 1336/2527/2503 1473/2532/2508 1337/2533/2509
f 1337/2533/2509 1473/2532/2508 1474/2534/2510
f 1337/2533/2509 1474/2534/2510 1338/2535/2511
f 1338/2535/2511 1474/2534/2510 1475/2536/2512
f 1338/2535/2511 1475/2536/2512 1339/2537/2513
f 1339/2537/2513 1475/2536/2512 1476/2538/2514
f 1339/2537/2513 1476/2538/2514 1340/2539/2515
f 1340/2539/2515 1476/2538/2514 1341/2540/2516
f 1341/2540/2516 1476/2538/2514 1477/2541/2517
f 1341/2540/2516 1477/2541/2517 1342/2542/2518
f 1342/2542/2518 1477/2541/2517 1478/2543/2519
f 1342/2542/2518 1478/2543/2519 1343/2544/2520
f 1343/2544/2520 1478/2543/2519 1344/2545/2521
f 1344/2545/2521 1478/2543/2519 1479/2546/2522
f 1344/2545/2521 1479/2546/2522 1345/2547/2523
f 1345/2547/2523 1479/2546/2522 1346/2548/2524
f 1346/2548/2524 1479/2546/2522 1480/2549/2525
f 1346/2548/2524 1480/2549/2525 1347/2550/2526
f 1347/2550/2526 1480/2549/2525 1481/2551/2527
f 1347/2550/2526 1481/2551/2527 1348/2552/2528
f 1348/2552/2528 1481/2551/2527 1349/2553/2529
f 1349/2553/2529 1481/2551/2527 1482/2554/2530
f 1349/2553/2529 1482/2554/2530 1350/2555/2531
f 1350/2555/2531 1482/2554/2530 1351/2556/2532
f 1351/2556/2532 1482/2554/2530 1483/2557/2533
f 1351/2556/2532 1483/2557/2533 1352/2558/2534
f 1352/2558/2534 1483/2557/2533 1484/2559/2535
f 1352/2558/2534 1484/2559/2535 1353/2560/2536
f 1353/2560/2536 1484/2559/2535 1354/2561/2537
f 1354/2561/2537 1484/2559/2535 1485/2562/2538
f 1354/2561/2537 1485/2562/2538 1355/2563/2539
f 1355/2563/2539 1485/2562/2538 1486/2564/2540
f 1355/2563/2539 1486/2564/2540 1356/2565/2541
f 1356/2565/2541 1486/2564/2540 1487/2493/2469
f 1356/2565/2541 1487/2493/2469 1357/2492/2468
f 1468/2530/2506 1469/2566/2542 1472/2531/2507
f 1472/2531/2507 1469/2566/2542 1471/2567/2543
f 1471/2567/2543 1469/2566/2542 1470/2568/2544
f 1489/2569/2545 1490/2570/2546 1441/2571/2547
f 1441/2571/2547 1490/2570/2546 1442/2572/2548
f 1442/2573/2549 1490/2574/2550 1443/2575/2551
f 1443/2575/2551 1490/2574/2550 1491/2576/2552
f 1443/2575/2551 1491/2576/2552 1492/2577/2553
f 1443/2575/2551 1492/2577/2553 1444/2578/2554
f 1444/2578/2554 1492/2577/2553 1493/2579/2555
f 1444/2578/2554 1493/2579/2555 1445/2580/2556
f 1445/2580/2556 1493/2579/2555 1494/2581/2557
f 1445/2580/2556 1494/2581/2557 1446/2582/2558
f 1446/2582/2558 1494/2581/2557 1495/2583/2559
f 1446/2582/2558 1495/2583/2559 1447/2584/2560
f 1447/2584/2560 1495/2583/2559 1496/2585/2561
f 1447/2584/2560 1496/2585/2561 1448/2586/2562
f 1448/2586/2562 1496/2585/2561 1497/2587/2563
f 1448/2586/2562 1497/2587/2563 1449/2588/2564
f 1449/2588/2564 1497/2587/2563 1498/2589/2565
f 1449/2588/2564 1498/2589/2565 1450/2590/2566
f 1450/2590/2566 1498/2589/2565 1499/2591/2567
f 1450/2590/2566 1499/2591/2567 1451/2592/2568
f 1451/2592/2568 1499/2591/2567 1500/2593/2569
f 1451/2592/2568 1500/2593/2569 1452/2594/2570
f 1452/2594/2570 1500/2593/2569 1501/2595/2571
f 1452/2594/2570 1501/2595/2571 1453/2596/2572
f 1453/2596/2572 1501/2595/2571 1502/2597/2573
f 1453/2596/2572 1502/2597/2573 1454/2598/2574
f 1454/2598/2574 1502/2597/2573 1503/2599/2575
f 1454/2598/2574 1503/2599/2575 1455/2600/2576
f 1455/2600/2576 1503/2599/2575 1504/2601/2577
f 1455/2600/2576 1504/2601/2577 1456/2602/2578
f 1456/2602/2578 1504/2601/2577 1505/2603/2579
f 1456/2602/2578 1505/2603/2579 1457/2604/2580
f 1457/2604/2580 1505/2603/2579 1506/2605/2581
f 1457/2604/2580 1506/2605/2581 1458/2606/2582
f 1458/2606/2582 1506/2605/2581 1507/2607/2583
f 1458/2606/2582 1507/2607/2583 1459/2608/2584
f 1459/2608/2584 1507/2607/2583 1508/2609/2585
f 1459/2608/2584 1508/2609/2585 1460/2610/2586
f 1460/2610/2586 1508/2609/2585 1509/2611/2587
f 1460/2610/2586 1509/2611/2587 1461/2612/2588
f 1461/2612/2588 1509/2611/2587 1510/2613/2589
f 1461/2612/2588 1510/2613/2589 1462/2614/2590
f 1462/2614/2590 1510/2613/2589 1511/2615/2591
f 1462/2614/2590 1511/2615/2591 1463/2616/2592
f 1463/2616/2592 1511/2615/2591 1512/2617/2593
f 1463/2616/2592 1512/2617/2593 1464/2618/2594
f 1464/2618/2594 1512/2617/2593 1513/2619/2595
f 1464/2618/2594 1513/2619/2595 1465/2620/2596
f 1465/2620/2596 1513/2619/2595 1514/2621/2597
f 1465/2620/2596 1514/2621/2597 1466/2622/2598
f 1466/2622/2598 1514/2621/2597 1515/2623/2599
f 1466/2622/2598 1515/2623/2599 1467/2624/2600
f 1467/2624/2600 1515/2623/2599 1516/2625/2601
f 1467/2624/2600 1516/2625/2601 1468/2626/2602
f 1468/2626/2602 1516/2625/2601 1517/2627/2603
f 1468/2626/2602 1517/2627/2603 1469/2628/2604
f 1469/2628/2604 1517/2627/2603 1470/2629/2605
f 1470/2629/2605 1517/2627/2603 1518/2630/2606
f 1518/2631/2607 1519/2632/2608 1470/2633/2609
f 1470/2633/2609 1519/2632/2608 1471/2634/2610
f 1471/2635/2611 1519/2636/2612 1472/2637/2613
f 1472/2637/2613 1519/2636/2612 1520/2638/2614
f 1472/2637/2613 1520/2638/2614 1521/2639/2615
f 1472/2637/2613 1521/2639/2615 1473/2640/2616
f 1473/2640/2616 1521/2639/2615 1522/2641/2617
f 1473/2640/2616 1522/2641/2617 1474/2642/2618
f 1474/2642/2618 1522/2641/2617 1523/2643/2619
f 1474/2642/2618 1523/2643/2619 1475/2644/2620
f 1475/2644/2620 1523/2643/2619 1524/2645/2621
f 1475/2644/2620 1524/2645/2621 1476/2646/2622
f 1476/2646/2622 1524/2645/2621 1525/2647/2623
f 1476/2646/2622 1525/2647/2623 1477/2648/2624
f 1477/2648/2624 1525/2647/2623 1526/2649/2625
f 1477/2648/2624 1526/2649/2625 1478/2650/2626
f 1478/2650/2626 1526/2649/2625 1527/2651/2627
f 1478/2650/2626 1527/2651/2627 1479/2652/2628
f 1479/2652/2628 1527/2651/2627 1528/2653/2629
f 1479/2652/2628 1528/2653/2629 1480/2654/2630
f 1480/2654/2630 1528/2653/2629 1529/2655/2631
f 1480/2654/2630 1529/2655/2631 1481/2656/2632
f 1481/2656/2632 1529/2655/2631 1530/2657/2633
f 1481/2656/2632 1530/2657/2633 1482/2658/2634
f 1482/2658/2634 1530/2657/2633 1531/2659/2635
f 1482/2658/2634 1531/2659/2635 1483/2660/2636
f 1483/2660/2636 1531/2659/2635 1532/2661/2637
f 1483/2660/2636 1532/2661/2637 1484/2662/2638
f 1484/2662/2638 1532/2661/2637 1533/2663/2639
f 1484/2662/2638 1533/2663/2639 1485/2664/2640
f 1485/2664/2640 1533/2663/2639 1534/2665/2641
f 1485/2664/2640 1534/2665/2641 1486/2666/2642
f 1486/2666/2642 1534/2665/2641 1535/2667/2643
f 1486/2666/2642 1535/2667/2643 1487/2668/2644
f 1487/2668/2644 1535/2667/2643 1536/2669/2645
f 1487/2668/2644 1536/2669/2645 1488/2670/2646
f 1488/2670/2646 1536/2669/2645 1441/2671/2647
f 1441/2671/2647 1536/2669/2645 1489/2672/2648
f 1490/2673/2649 1489/2674/2650 1491/2675/2651
f 1491/2675/2651 1489/2674/2650 1536/2676/2652
f 1491/2675/2651 1536/2676/2652 1492/2677/2653
f 1492/2677/2653 1536/2676/2652 1493/2678/2654
f 1493/2678/2654 1536/2676/2652 1535/2679/2655
f 1493/2678/2654 1535/2679/2655 1561/2680/2656
f 1561/2680/2656 1535/2679/2655 1560/2681/2657
f 1560/2681/2657 1535/2679/2655 1534/2682/2658
f 1560/2681/2657 1534/2682/2658 1559/2683/2659
f 1559/2683/2659 1534/2682/2658 1533/2684/2660
f 1559/2683/2659 1533/2684/2660 1558/2685/2661
f 1558/2685/2661 1533/2684/2660 1532/2686/2662
f 1558/2685/2661 1532/2686/2662 1557/2687/2663
f 1557/2687/2663 1532/2686/2662 1556/2688/2664
f 1556/2688/2664 1532/2686/2662 1531/2689/2665
f 1556/2688/2664 1531/2689/2665 1555/2690/2666
f 1555/2690/2666 1531/2689/2665 1530/2691/2667
f 1555/2690/2666 1530/2691/2667 1554/2692/2668
f 1554/2692/2668 1530/2691/2667 1553/2693/2669
f 1553/2693/2669 1530/2691/2667 1529/2694/2670
f 1553/2693/2669 1529/2694/2670 1552/2695/2671
f 1552/2695/2671 1529/2694/2670 1551/2696/2672
f 1551/2696/2672 1529/2694/2670 1528/2697/2673
f 1551/2696/2672 1528/2697/2673 1550/2698/2674
f 1550/2698/2674 1528/2697/2673 1527/2699/2675
f 1550/2698/2674 1527/2699/2675 1549/2700/2676
f 1549/2700/2676 1527/2699/2675 1548/2701/2677
f 1548/2701/2677 1527/2699/2675 1526/2702/2678
f 1548/2701/2677 1526/2702/2678 1547/2703/2679
f 1547/2703/2679 1526/2702/2678 1546/2704/2680
f 1546/2704/2680 1526/2702/2678 1525/2705/2681
f 1546/2704/2680 1525/2705/2681 1545/2706/2682
f 1545/2706/2682 1525/2705/2681 1524/2707/2683
f 1545/2706/2682 1524/2707/2683 1544/2708/2684
f 1544/2708/2684 1524/2707/2683 1543/2709/2685
f 1543/2709/2685 1524/2707/2683 1523/2710/2686
f 1543/2709/2685 1523/2710/2686 1542/2711/2687
f 1542/2711/2687 1523/2710/2686 1522/2712/2688
f 1542/2711/2687 1522/2712/2688 1541/2713/2689
f 1541/2713/2689 1522/2712/2688 1521/2714/2690
f 1541/2713/2689 1521/2714/2690 1540/2715/2691
f 1540/2715/2691 1521/2714/2690 1515/2716/2692
f 1540/2715/2691 1515/2716/2692 1514/2717/2693
f 1521/2714/2690 1520/2718/2694 1515/2716/2692
f 1515/2716/2692 1520/2718/2694 1516/2719/2695
f 1516/2719/2695 1520/2718/2694 1517/2720/2696
f 1517/2720/2696 1520/2718/2694 1519/2721/2697
f 1517/2720/2696 1519/2721/2697 1518/2722/2698
f 1514/2717/2693 1513/2723/2699 1540/2715/2691
f 1540/2715/2691 1513/2723/2699 1539/2724/2700
f 1539/2724/2700 1513/2723/2699 1512/2725/2701
f 1539/2724/2700 1512/2725/2701 1511/2726/2702
f 1539/2724/2700 1511/2726/2702 1538/2727/2703
f 1538/2727/2703 1511/2726/2702 1510/2728/2704
f 1538/2727/2703 1510/2728/2704 1537/2729/2705
f 1537/2729/2705 1510/2728/2704 1509/2730/2706
f 1537/2729/2705 1509/2730/2706 1572/2731/2707
f 1572/2731/2707 1509/2730/2706 1508/2732/2708
f 1572/2731/2707 1508/2732/2708 1571/2733/2709
f 1571/2733/2709 1508/2732/2708 1507/2734/2710
f 1571/2733/2709 1507/2734/2710 1506/2735/2711
f 1571/2733/2709 1506/2735/2711 1570/2736/2712
f 1570/2736/2712 1506/2735/2711 1505/2737/2713
f 1570/2736/2712 1505/2737/2713 1569/2738/2714
f 1569/2738/2714 1505/2737/2713 1504/2739/2715
f 1569/2738/2714 1504/2739/2715 1568/2740/2716
f 1568/2740/2716 1504/2739/2715 1503/2741/2717
f 1568/2740/2716 1503/2741/2717 1567/2742/2718
f 1567/2742/2718 1503/2741/2717 1502/2743/2719
f 1567/2742/2718 1502/2743/2719 1566/2744/2720
f 1566/2744/2720 1502/2743/2719 1501/2745/2721
f 1566/2744/2720 1501/2745/2721 1500/2746/2722
f 1566/2744/2720 1500/2746/2722 1565/2747/2723
f 1565/2747/2723 1500/2746/2722 1499/2748/2724
f 1565/2747/2723 1499/2748/2724 1564/2749/2725
f 1564/2749/2725 1499/2748/2724 1498/2750/2726
f 1564/2749/2725 1498/2750/2726 1563/2751/2727
f 1563/2751/2727 1498/2750/2726 1497/2752/2728
f 1563/2751/2727 1497/2752/2728 1562/2753/2729
f 1562/2753/2729 1497/2752/2728 1496/2754/2730
f 1562/2753/2729 1496/2754/2730 1495/2755/2731
f 1562/2753/2729 1495/2755/2731 1561/2680/2656
f 1561/2680/2656 1495/2755/2731 1494/2756/2732
f 1561/2680/2656 1494/2756/2732 1493/2678/2654
f 1574/2757/2733 1611/2758/2734 1573/2759/2735
f 1573/2759/2735 1611/2758/2734 1614/2760/2736
f 1573/2759/2735 1614/2760/2736 1608/2761/2737
f 1608/2761/2737 1614/2760/2736 1679/2762/2738
f 1608/2761/2737 1679/2762/2738 1607/2763/2739
f 1607/2763/2739 1679/2762/2738 1677/2764/2740
f 1607/2763/2739 1677/2764/2740 1606/2765/2741
f 1606/2765/2741 1677/2764/2740 1675/2766/2742
f 1606/2765/2741 1675/2766/2742 1605/2767/2743
f 1605/2767/2743 1675/2766/2742 1673/2768/2744
f 1605/2767/2743 1673/2768/2744 1604/2769/2745
f 1604/2769/2745 1673/2768/2744 1671/2770/2746
f 1604/2769/2745 1671/2770/2746 1603/2771/2747
f 1603/2771/2747 1671/2770/2746 1669/2772/2748
f 1603/2771/2747 1669/2772/2748 1602/2773/2749
f 1602/2773/2749 1669/2772/2748 1667/2774/2750
f 1602/2773/2749 1667/2774/2750 1601/2775/2751
f 1601/2775/2751 1667/2774/2750 1665/2776/2752
f 1601/2775/2751 1665/2776/2752 1600/2777/2753
f 1600/2777/2753 1665/2776/2752 1663/2778/2754
f 1600/2777/2753 1663/2778/2754 1599/2779/2755
f 1599/2779/2755 1663/2778/2754 1661/2780/2756
f 1599/2779/2755 1661/2780/2756 1598/2781/2757
f 1598/2781/2757 1661/2780/2756 1659/2782/2758
f 1598/2781/2757 1659/2782/2758 1597/2783/2759
f 1597/2783/2759 1659/2782/2758 1657/2784/2760
f 1597/2783/2759 1657/2784/2760 1596/2785/2761
f 1596/2785/2761 1657/2784/2760 1655/2786/2762
f 1596/2785/2761 1655/2786/2762 1595/2787/2763
f 1595/2787/2763 1655/2786/2762 1653/2788/2764
f 1595/2787/2763 1653/2788/2764 1594/2789/2765
f 1594/2789/2765 1653/2788/2764 1651/2790/2766
f 1594/2789/2765 1651/2790/2766 1593/2791/2767
f 1593/2791/2767 1651/2790/2766 1649/2792/2768
f 1593/2791/2767 1649/2792/2768 1592/2793/2769
f 1592/2793/2769 1649/2792/2768 1647/2794/2770
f 1592/2793/2769 1647/2794/2770 1591/2795/2771
f 1591/2795/2771 1647/2794/2770 1609/2796/2772
f 1591/2797/2771 1609/2798/2772 1590/2799/2773
f 1590/2799/2773 1609/2798/2772 1645/2800/2774
f 1590/2799/2773 1645/2800/2774 1589/2801/2775
f 1589/2801/2775 1645/2800/2774 1643/2802/2776
f 1589/2801/2775 1643/2802/2776 1588/2803/2777
f 1588/2803/2777 1643/2802/2776 1641/2804/2778
f 1588/2803/2777 1641/2804/2778 1587/2805/2779
f 1587/2805/2779 1641/2804/2778 1639/2806/2780
f 1587/2805/2779 1639/2806/2780 1586/2807/2781
f 1586/2807/2781 1639/2806/2780 1637/2808/2782
f 1586/2807/2781 1637/2808/2782 1585/2809/2783
f 1585/2809/2783 1637/2808/2782 1635/2810/2784
f 1585/2809/2783 1635/2810/2784 1584/2811/2785
f 1584/2811/2785 1635/2810/2784 1633/2812/2786
f 1584/2811/2785 1633/2812/2786 1583/2813/2787
f 1583/2813/2787 1633/2812/2786 1631/2814/2788
f 1583/2813/2787 1631/2814/2788 1582/2815/2789
f 1582/2815/2789 1631/2814/2788 1629/2816/2790
f 1582/2815/2789 1629/2816/2790 1581/2817/2791
f 1581/2817/2791 1629/2816/2790 1627/2818/2792
f 1581/2817/2791 1627/2818/2792 1580/2819/2793
f 1580/2819/2793 1627/2818/2792 1625/2820/2794
f 1580/2819/2793 1625/2820/2794 1579/2821/2795
f 1579/2821/2795 1625/2820/2794 1623/2822/2796
f 1579/2821/2795 1623/2822/2796 1578/2823/2797
f 1578/2823/2797 1623/2822/2796 1621/2824/2798
f 1578/2823/2797 1621/2824/2798 1577/2825/2799
f 1577/2825/2799 1621/2824/2798 1619/2826/2800
f 1577/2825/2799 1619/2826/2800 1576/2827/2801
f 1576/2827/2801 1619/2826/2800 1617/2828/2802
f 1576/2827/2801 1617/2828/2802 1575/2829/2803
f 1575/2829/2803 1617/2828/2802 1615/2830/2804
f 1575/2829/2803 1615/2830/2804 1574/2757/2733
f 1574/2757/2733 1615/2830/2804 1611/2758/2734
f 1572/2831/2805 1680/2832/2806 1537/2833/2807
f 1537/2833/2807 1680/2832/2806 1613/2834/2808
f 1537/2833/2807 1613/2834/2808 1538/2835/2809
f 1538/2835/2809 1613/2834/2808 1612/2836/2810
f 1538/2835/2809 1612/2836/2810 1539/2837/2811
f 1539/2837/2811 1612/2836/2810 1616/2838/2812
f 1539/2837/2811 1616/2838/2812 1540/2839/2813
f 1540/2839/2813 1616/2838/2812 1618/2840/2814
f 1540/2839/2813 1618/2840/2814 1541/2841/2815
f 1541/2841/2815 1618/2840/2814 1620/2842/2816
f 1541/2841/2815 1620/2842/2816 1542/2843/2817
f 1542/2843/2817 1620/2842/2816 1622/2844/2818
f 1542/2843/2817 1622/2844/2818 1543/2845/2819
f 1543/2845/2819 1622/2844/2818 1624/2846/2820
f 1543/2845/2819 1624/2846/2820 1544/2847/2821
f 1544/2847/2821 1624/2846/2820 1626/2848/2822
f 1544/2847/2821 1626/2848/2822 1545/2849/2823
f 1545/2849/2823 1626/2848/2822 1628/2850/2824
f 1545/2849/2823 1628/2850/2824 1546/2851/2825
f 1546/2851/2825 1628/2850/2824 1630/2852/2826
f 1546/2851/2825 1630/2852/2826 1547/2853/2827
f 1547/2853/2827 1630/2852/2826 1632/2854/2828
f 1547/2853/2827 1632/2854/2828 1548/2855/2829
f 1548/2855/2829 1632/2854/2828 1634/2856/2830
f 1548/2855/2829 1634/2856/2830 1549/2857/2831
f 1549/2857/2831 1634/2856/2830 1636/2858/2832
f 1549/2857/2831 1636/2858/2832 1550/2859/2833
f 1550/2859/2833 1636/2858/2832 1638/2860/2834
f 1550/2859/2833 1638/2860/2834 1551/2861/2835
f 1551/2861/2835 1638/2860/2834 1640/2862/2836
f 1551/2861/2835 1640/2862/2836 1552/2863/2837
f 1552/2863/2837 1640/2862/2836 1642/2864/2838
f 1552/2863/2837 1642/2864/2838 1553/2865/2839
f 1553/2865/2839 1642/2864/2838 1644/2866/2840
f 1553/2865/2839 1644/2866/2840 1554/2867/2841
f 1554/2867/2841 1644/2866/2840 1646/2868/2842
f 1554/2867/2841 1646/2868/2842 1555/2869/2843
f 1555/2869/2843 1646/2868/2842 1610/2870/2844
f 1555/2871/2843 1610/2872/2844 1556/2873/2845
f 1556/2873/2845 1610/2872/2844 1648/2874/2846
f 1556/2873/2845 1648/2874/2846 1557/2875/2847
f 1557/2875/2847 1648/2874/2846 1650/2876/2848
f 1557/2875/2847 1650/2876/2848 1558/2877/2849
f 1558/2877/2849 1650/2876/2848 1652/2878/2850
f 1558/2877/2849 1652/2878/2850 1559/2879/2851
f 1559/2879/2851 1652/2878/2850 1654/2880/2852
f 1559/2879/2851 1654/2880/2852 1560/2881/2853
f 1560/2881/2853 1654/2880/2852 1656/2882/2854
f 1560/2881/2853 1656/2882/2854 1561/2883/2855
f 1561/2883/2855 1656/2882/2854 1658/2884/2856
f 1561/2883/2855 1658/2884/2856 1562/2885/2857
f 1562/2885/2857 1658/2884/2856 1660/2886/2858
f 1562/2885/2857 1660/2886/2858 1563/2887/2859
f 1563/2887/2859 1660/2886/2858 1662/2888/2860
f 1563/2887/2859 1662/2888/2860 1564/2889/2861
f 1564/2889/2861 1662/2888/2860 1664/2890/2862
f 1564/2889/2861 1664/2890/2862 1565/2891/2863
f 1565/2891/2863 1664/2890/2862 1666/2892/2864
f 1565/2891/2863 1666/2892/2864 1566/2893/2865
f 1566/2893/2865 1666/2892/2864 1668/2894/2866
f 1566/2893/2865 1668/2894/2866 1567/2895/2867
f 1567/2895/2867 1668/2894/2866 1670/2896/2868
f 1567/2895/2867 1670/2896/2868 1568/2897/2869
f 1568/2897/2869 1670/2896/2868 1672/2898/2870
f 1568/2897/2869 1672/2898/2870 1569/2899/2871
f 1569/2899/2871 1672/2898/2870 1674/2900/2872
f 1569/2899/2871 1674/2900/2872 1570/2901/2873
f 1570/2901/2873 1674/2900/2872 1676/2902/2874
f 1570/2901/2873 1676/2902/2874 1571/2903/2875
f 1571/2903/2875 1676/2902/2874 1678/2904/2876
f 1571/2903/2875 1678/2904/2876 1572/2831/2805
f 1572/2831/2805 1678/2904/2876 1680/2832/2806
f 1609/2798/2772 1610/2870/2844 1645/2800/2774
f 1645/2800/2774 1610/2870/2844 1646/2868/2842
f 1645/2800/2774 1646/2868/2842 1643/2802/2776
f 1643/2802/2776 1646/2868/2842 1644/2866/2840
f 1643/2802/2776 1644/2866/2840 1641/2804/2778
f 1641/2804/2778 1644/2866/2840 1642/2864/2838
f 1641/2804/2778 1642/2864/2838 1639/2806/2780
f 1639/2806/2780 1642/2864/2838 1640/2862/2836
f 1639/2806/2780 1640/2862/2836 1637/2808/2782
f 1637/2808/2782 1640/2862/2836 1638/2860/2834
f 1637/2808/2782 1638/2860/2834 1635/2810/2784
f 1635/2810/2784 1638/2860/2834 1636/2858/2832
f 1635/2810/2784 1636/2858/2832 1633/2812/2786
f 1633/2812/2786 1636/2858/2832 1634/2856/2830
f 1633/2812/2786 1634/2856/2830 1631/2814/2788
f 1631/2814/2788 1634/2856/2830 1632/2854/2828
f 1631/2814/2788 1632/2854/2828 1629/2816/2790
f 1629/2816/2790 1632/2854/2828 1630/2852/2826
f 1629/2816/2790 1630/2852/2826 1627/2818/2792
f 1627/2818/2792 1630/2852/2826 1628/2850/2824
f 1627/2818/2792 1628/2850/2824 1625/2820/2794
f 1625/2820/2794 1628/2850/2824 1626/2848/2822
f 1625/2820/2794 1626/2848/2822 1623/2822/2796
f 1623/2822/2796 1626/2848/2822 1624/2846/2820
f 1623/2822/2796 1624/2846/2820 1621/2824/2798
f 1621/2824/2798 1624/2846/2820 1622/2844/2818
f 1621/2824/2798 1622/2844/2818 1619/2826/2800
f 1619/2826/2800 1622/2844/2818 1620/2842/2816
f 1619/2826/2800 1620/2842/2816 1617/2828/2802
f 1617/2828/2802 1620/2842/2816 1618/2840/2814
f 1617/2828/2802 1618/2840/2814 1615/2830/2804
f 1615/2830/2804 1618/2840/2814 1616/2838/2812
f 1615/2830/2804 1616/2838/2812 1611/2758/2734
f 1611/2758/2734 1616/2838/2812 1612/2836/2810
f 1611/2758/2734 1612/2836/2810 1614/2760/2736
f 1614/2760/2736 1612/2836/2810 1613/2834/2808
f 1614/2760/2736 1613/2834/2808 1679/2762/2738
f 1679/2762/2738 1613/2834/2808 1680/2832/2806
f 1679/2762/2738 1680/2832/2806 1677/2764/2740
f 1677/2764/2740 1680/2832/2806 1678/2904/2876
f 1677/2764/2740 1678/2904/2876 1675/2766/2742
f 1675/2766/2742 1678/2904/2876 1676/2902/2874
f 1675/2766/2742 1676/2902/2874 1673/2768/2744
f 1673/2768/2744 1676/2902/2874 1674/2900/2872
f 1673/2768/2744 1674/2900/2872 1671/2770/2746
f 1671/2770/2746 1674/2900/2872 1672/2898/2870
f 1671/2770/2746 1672/2898/2870 1669/2772/2748
f 1669/2772/2748 1672/2898/2870 1670/2896/2868
f 1669/2772/2748 1670/2896/2868 1667/2774/2750
f 1667/2774/2750 1670/2896/2868 1668/2894/2866
f 1667/2774/2750 1668/2894/2866 1665/2776/2752
f 1665/2776/2752 1668/2894/2866 1666/2892/2864
f 1665/2776/2752 1666/2892/2864 1663/2778/2754
f 1663/2778/2754 1666/2892/2864 1664/2890/2862
f 1663/2778/2754 1664/2890/2862 1661/2780/2756
f 1661/2780/2756 1664/2890/2862 1662/2888/2860
f 1661/2780/2756 1662/2888/2860 1659/2782/2758
f 1659/2782/2758 1662/2888/2860 1660/2886/2858
f 1659/2782/2758 1660/2886/2858 1657/2784/2760
f 1657/2784/2760 1660/2886/2858 1658/2884/2856
f 1657/2784/2760 1658/2884/2856 1655/2786/2762
f 1655/2786/2762 1658/2884/2856 1656/2882/2854
f 1655/2786/2762 1656/2882/2854 1653/2788/2764
f 1653/2788/2764 1656/2882/2854 1654/2880/2852
f 1653/2788/2764 1654/2880/2852 1651/2790/2766
f 1651/2790/2766 1654/2880/2852 1652/2878/2850
f 1651/2790/2766 1652/2878/2850 1649/2792/2768
f 1649/2792/2768 1652/2878/2850 1650/2876/2848
f 1649/2792/2768 1650/2876/2848 1647/2794/2770
f 1647/2794/2770 1650/2876/2848 1648/2874/2846
f 1647/2794/2770 1648/2874/2846 1609/2796/2772
f 1609/2796/2772 1648/2874/2846 1610/2872/2844
f 1682/2905/2877 1683/2906/2878 1681/2907/2879
f 1681/2907/2879 1683/2906/2878 1728/2908/2880
f 1728/2908/2880 1683/2906/2878 1684/2909/2881
f 1728/2908/2880 1684/2909/2881 1685/2910/2882
f 1686/2911/2883 1597/2912/2884 1685/2910/2882
f 1685/2910/2882 1597/2912/2884 1727/2913/2885
f 1685/2910/2882 1727/2913/2885 1728/2908/2880
f 1686/2911/2883 1687/2914/2886 1597/2912/2884
f 1597/2912/2884 1687/2914/2886 1598/2915/2887
f 1598/2915/2887 1687/2914/2886 1688/2916/2888
f 1598/2915/2887 1688/2916/2888 1689/2917/2889
f 1598/2915/2887 1689/2917/2889 1599/2918/2890
f 1599/2918/2890 1689/2917/2889 1690/2919/2891
f 1599/2918/2890 1690/2919/2891 1600/2920/2892
f 1600/2920/2892 1690/2919/2891 1691/2921/2893
f 1600/2920/2892 1691/2921/2893 1601/2922/2894
f 1601/2922/2894 1691/2921/2893 1692/2923/2895
f 1601/2922/2894 1692/2923/2895 1602/2924/2896
f 1602/2924/2896 1692/2923/2895 1693/2925/2897
f 1602/2924/2896 1693/2925/2897 1694/2926/2898
f 1602/2924/2896 1694/2926/2898 1603/2927/2899
f 1603/2927/2899 1694/2926/2898 1695/2928/2900
f 1603/2927/2899 1695/2928/2900 1604/2929/2901
f 1604/2929/2901 1695/2928/2900 1696/2930/2902
f 1604/2929/2901 1696/2930/2902 1605/2931/2903
f 1605/2931/2903 1696/2930/2902 1697/2932/2904
f 1605/2931/2903 1697/2932/2904 1606/2933/2905
f 1606/2933/2905 1697/2932/2904 1698/2934/2906
f 1606/2933/2905 1698/2934/2906 1607/2935/2907
f 1607/2935/2907 1698/2934/2906 1699/2936/2908
f 1607/2935/2907 1699/2936/2908 1700/2937/2909
f 1607/2935/2907 1700/2937/2909 1608/2938/2910
f 1608/2938/2910 1700/2937/2909 1701/2939/2911
f 1608/2938/2910 1701/2939/2911 1573/2940/2912
f 1573/2940/2912 1701/2939/2911 1702/2941/2913
f 1573/2940/2912 1702/2941/2913 1574/2942/2914
f 1574/2942/2914 1702/2941/2913 1703/2943/2915
f 1574/2942/2914 1703/2943/2915 1575/2944/2916
f 1575/2944/2916 1703/2943/2915 1704/2945/2917
f 1575/2944/2916 1704/2945/2917 1705/2946/2918
f 1575/2944/2916 1705/2946/2918 1576/2947/2919
f 1576/2947/2919 1705/2946/2918 1706/2948/2920
f 1576/2947/2919 1706/2948/2920 1707/2949/2921
f 1708/2950/2922 1712/2951/2923 1707/2949/2921
f 1707/2949/2921 1712/2951/2923 1713/2952/2924
f 1707/2949/2921 1713/2952/2924 1576/2947/2919
f 1576/2947/2919 1713/2952/2924 1577/2953/2925
f 1577/2953/2925 1713/2952/2924 1714/2954/2926
f 1577/2953/2925 1714/2954/2926 1578/2955/2927
f 1578/2955/2927 1714/2954/2926 1715/2956/2928
f 1578/2955/2927 1715/2956/2928 1579/2957/2929
f 1579/2957/2929 1715/2956/2928 1716/2958/2930
f 1579/2957/2929 1716/2958/2930 1580/2959/2931
f 1580/2959/2931 1716/2958/2930 1581/2960/2932
f 1581/2960/2932 1716/2958/2930 1717/2961/2933
f 1581/2960/2932 1717/2961/2933 1582/2962/2934
f 1582/2962/2934 1717/2961/2933 1718/2963/2935
f 1582/2962/2934 1718/2963/2935 1583/2964/2936
f 1583/2964/2936 1718/2963/2935 1584/2965/2937
f 1584/2965/2937 1718/2963/2935 1719/2966/2938
f 1584/2965/2937 1719/2966/2938 1585/2967/2939
f 1585/2967/2939 1719/2966/2938 1586/2968/2940
f 1586/2968/2940 1719/2966/2938 1720/2969/2941
f 1586/2968/2940 1720/2969/2941 1587/2970/2942
f 1587/2970/2942 1720/2969/2941 1721/2971/2943
f 1587/2970/2942 1721/2971/2943 1588/2972/2944
f 1588/2972/2944 1721/2971/2943 1589/2973/2945
f 1589/2973/2945 1721/2971/2943 1722/2974/2946
f 1589/2973/2945 1722/2974/2946 1590/2975/2947
f 1590/2975/2947 1722/2974/2946 1591/2976/2948
f 1591/2976/2948 1722/2974/2946 1723/2977/2949
f 1591/2976/2948 1723/2977/2949 1592/2978/2950
f 1592/2978/2950 1723/2977/2949 1724/2979/2951
f 1592/2978/2950 1724/2979/2951 1593/2980/2952
f 1593/2980/2952 1724/2979/2951 1594/2981/2953
f 1594/2981/2953 1724/2979/2951 1725/2982/2954
f 1594/2981/2953 1725/2982/2954 1595/2983/2955
f 1595/2983/2955 1725/2982/2954 1726/2984/2956
f 1595/2983/2955 1726/2984/2956 1596/2985/2957
f 1596/2985/2957 1726/2984/2956 1727/2913/2885
f 1596/2985/2957 1727/2913/2885 1597/2912/2884
f 1708/2950/2922 1709/2986/2958 1712/2951/2923
f 1712/2951/2923 1709/2986/2958 1711/2987/2959
f 1711/2987/2959 1709/2986/2958 1710/2988/2960
f 1729/2989/2961 1730/2990/2962 1681/2991/2963
f 1681/2991/2963 1730/2990/2962 1682/2992/2964
f 1682/2993/2965 1730/2994/2966 1683/2995/2967
f 1683/2995/2967 1730/2994/2966 1731/2996/2968
f 1683/2995/2967 1731/2996/2968 1732/2997/2969
f 1683/2995/2967 1732/2997/2969 1684/2998/2970
f 1684/2998/2970 1732/2997/2969 1733/2999/2971
f 1684/2998/2970 1733/2999/2971 1685/3000/2972
f 1685/3000/2972 1733/2999/2971 1734/3001/2973
f 1685/3000/2972 1734/3001/2973 1686/3002/2974
f 1686/3002/2974 1734/3001/2973 1735/3003/2975
f 1686/3002/2974 1735/3003/2975 1687/3004/2976
f 1687/3004/2976 1735/3003/2975 1736/3005/2977
f 1687/3004/2976 1736/3005/2977 1688/3006/2978
f 1688/3006/2978 1736/3005/2977 1737/3007/2979
f 1688/3006/2978 1737/3007/2979 1689/3008/2980
f 1689/3008/2980 1737/3007/2979 1738/3009/2981
f 1689/3008/2980 1738/3009/2981 1690/3010/2982
f 1690/3010/2982 1738/3009/2981 1739/3011/2983
f 1690/3010/2982 1739/3011/2983 1691/3012/2984
f 1691/3012/2984 1739/3011/2983 1740/3013/2985
f 1691/3012/2984 1740/3013/2985 1692/3014/2986
f 1692/3014/2986 1740/3013/2985 1741/3015/2987
f 1692/3014/2986 1741/3015/2987 1693/3016/2988
f 1693/3016/2988 1741/3015/2987 1742/3017/2989
f 1693/3016/2988 1742/3017/2989 1694/3018/2990
f 1694/3018/2990 1742/3017/2989 1743/3019/2991
f 1694/3018/2990 1743/3019/2991 1695/3020/2992
f 1695/3020/2992 1743/3019/2991 1744/3021/2993
f 1695/3020/2992 1744/3021/2993 1696/3022/2994
f 1696/3022/2994 1744/3021/2993 1745/3023/2995
f 1696/3022/2994 1745/3023/2995 1697/3024/2996
f 1697/3024/2996 1745/3023/2995 1746/3025/2997
f 1697/3024/2996 1746/3025/2997 1698/3026/2998
f 1698/3026/2998 1746/3025/2997 1747/3027/2999
f 1698/3026/2998 1747/3027/2999 1699/3028/3000
f 1699/3028/3000 1747/3027/2999 1748/3029/3001
f 1699/3028/3000 1748/3029/3001 1700/3030/3002
f 1700/3030/3002 1748/3029/3001 1749/3031/3003
f 1700/3030/3002 1749/3031/3003 1701/3032/3004
f 1701/3032/3004 1749/3031/3003 1750/3033/3005
f 1701/3032/3004 1750/3033/3005 1702/3034/3006
f 1702/3034/3006 1750/3033/3005 1751/3035/3007
f 1702/3034/3006 1751/3035/3007 1703/3036/3008
f 1703/3036/3008 1751/3035/3007 1752/3037/3009
f 1703/3036/3008 1752/3037/3009 1704/3038/3010
f 1704/3038/3010 1752/3037/3009 1753/3039/3011
f 1704/3038/3010 1753/3039/3011 1705/3040/3012
f 1705/3040/3012 1753/3039/3011 1754/3041/3013
f 1705/3040/3012 1754/3041/3013 1706/3042/3014
f 1706/3042/3014 1754/3041/3013 1755/3043/3015
f 1706/3042/3014 1755/3043/3015 1707/3044/3016
f 1707/3044/3016 1755/3043/3015 1756/3045/3017
f 1707/3044/3016 1756/3045/3017 1708/3046/3018
f 1708/3046/3018 1756/3045/3017 1757/3047/3019
f 1708/3046/3018 1757/3047/3019 1709/3048/3020
f 1709/3048/3020 1757/3047/3019 1710/3049/3021
f 1710/3049/3021 1757/3047/3019 1758/3050/3022
f 1758/3051/3023 1759/3052/3024 1710/3053/3025
f 1710/3053/3025 1759/3052/3024 1711/3054/3026
f 1711/3055/3027 1759/3056/3028 1712/3057/3029
f 1712/3057/3029 1759/3056/3028 1760/3058/3030
f 1712/3057/3029 1760/3058/3030 1761/3059/3031
f 1712/3057/3029 1761/3059/3031 1713/3060/3032
f 1713/3060/3032 1761/3059/3031 1762/3061/3033
f 1713/3060/3032 1762/3061/3033 1714/3062/3034
f 1714/3062/3034 1762/3061/3033 1763/3063/3035
f 1714/3062/3034 1763/3063/3035 1715/3064/3036
f 1715/3064/3036 1763/3063/3035 1764/3065/3037
f 1715/3064/3036 1764/3065/3037 1716/3066/3038
f 1716/3066/3038 1764/3065/3037 1765/3067/3039
f 1716/3066/3038 1765/3067/3039 1717/3068/3040
f 1717/3068/3040 1765/3067/3039 1766/3069/3041
f 1717/3068/3040 1766/3069/3041 1718/3070/3042
f 1718/3070/3042 1766/3069/3041 1767/3071/3043
f 1718/3070/3042 1767/3071/3043 1719/3072/3044
f 1719/3072/3044 1767/3071/3043 1768/3073/3045
f 1719/3072/3044 1768/3073/3045 1720/3074/3046
f 1720/3074/3046 1768/3073/3045 1769/3075/3047
f 1720/3074/3046 1769/3075/3047 1721/3076/3048
f 1721/3076/3048 1769/3075/3047 1770/3077/3049
f 1721/3076/3048 1770/3077/3049 1722/3078/3050
f 1722/3078/3050 1770/3077/3049 1771/3079/3051
f 1722/3078/3050 1771/3079/3051 1723/3080/3052
f 1723/3080/3052 1771/3079/3051 1772/3081/3053
f 1723/3080/3052 1772/3081/3053 1724/3082/3054
f 1724/3082/3054 1772/3081/3053 1773/3083/3055
f 1724/3082/3054 1773/3083/3055 1725/3084/3056
f 1725/3084/3056 1773/3083/3055 1774/3085/3057
f 1725/3084/3056 1774/3085/3057 1726/3086/3058
f 1726/3086/3058 1774/3085/3057 1775/3087/3059
f 1726/3086/3058 1775/3087/3059 1727/3088/3060
f 1727/3088/3060 1775/3087/3059 1776/3089/3061
f 1727/3088/3060 1776/3089/3061 1728/3090/3062
f 1728/3090/3062 1776/3089/3061 1681/3091/3063
f 1681/3091/3063 1776/3089/3061 1729/3092/3064
f 1730/3093/3065 1729/3094/3066 1731/3095/3067
f 1731/3095/3067 1729/3094/3066 1776/3096/3068
f 1731/3095/3067 1776/3096/3068 1732/3097/3069
f 1732/3097/3069 1776/3096/3068 1733/3098/3070
f 1733/3098/3070 1776/3096/3068 1775/3099/3071
f 1733/3098/3070 1775/3099/3071 1801/3100/3072
f 1801/3100/3072 1775/3099/3071 1800/3101/3073
f 1800/3101/3073 1775/3099/3071 1774/3102/3074
f 1800/3101/3073 1774/3102/3074 1799/3103/3075
f 1799/3103/3075 1774/3102/3074 1773/3104/3076
f 1799/3103/3075 1773/3104/3076 1798/3105/3077
f 1798/3105/3077 1773/3104/3076 1772/3106/3078
f 1798/3105/3077 1772/3106/3078 1797/3107/3079
f 1797/3107/3079 1772/3106/3078 1796/3108/3080
f 1796/3108/3080 1772/3106/3078 1771/3109/3081
f 1796/3108/3080 1771/3109/3081 1795/3110/3082
f 1795/3110/3082 1771/3109/3081 1770/3111/3083
f 1795/3110/3082 1770/3111/3083 1794/3112/3084
f 1794/3112/3084 1770/3111/3083 1793/3113/3085
f 1793/3113/3085 1770/3111/3083 1769/3114/3086
f 1793/3113/3085 1769/3114/3086 1792/3115/3087
f 1792/3115/3087 1769/3114/3086 1791/3116/3088
f 1791/3116/3088 1769/3114/3086 1768/3117/3089
f 1791/3116/3088 1768/3117/3089 1790/3118/3090
f 1790/3118/3090 1768/3117/3089 1767/3119/3091
f 1790/3118/3090 1767/3119/3091 1789/3120/3092
f 1789/3120/3092 1767/3119/3091 1788/3121/3093
f 1788/3121/3093 1767/3119/3091 1766/3122/3094
f 1788/3121/3093 1766/3122/3094 1787/3123/3095
f 1787/3123/3095 1766/3122/3094 1786/3124/3096
f 1786/3124/3096 1766/3122/3094 1765/3125/3097
f 1786/3124/3096 1765/3125/3097 1785/3126/3098
f 1785/3126/3098 1765/3125/3097 1764/3127/3099
f 1785/3126/3098 1764/3127/3099 1784/3128/3100
f 1784/3128/3100 1764/3127/3099 1783/3129/3101
f 1783/3129/3101 1764/3127/3099 1763/3130/3102
f 1783/3129/3101 1763/3130/3102 1782/3131/3103
f 1782/3131/3103 1763/3130/3102 1762/3132/3104
f 1782/3131/3103 1762/3132/3104 1781/3133/3105
f 1781/3133/3105 1762/3132/3104 1761/3134/3106
f 1781/3133/3105 1761/3134/3106 1780/3135/3107
f 1780/3135/3107 1761/3134/3106 1755/3136/3108
f 1780/3135/3107 1755/3136/3108 1754/3137/3109
f 1761/3134/3106 1760/3138/3110 1755/3136/3108
f 1755/3136/3108 1760/3138/3110 1756/3139/3111
f 1756/3139/3111 1760/3138/3110 1757/3140/3112
f 1757/3140/3112 1760/3138/3110 1759/3141/3113
f 1757/3140/3112 1759/3141/3113 1758/3142/3114
f 1754/3137/3109 1753/3143/3115 1780/3135/3107
f 1780/3135/3107 1753/3143/3115 1779/3144/3116
f 1779/3144/3116 1753/3143/3115 1752/3145/3117
f 1779/3144/3116 1752/3145/3117 1751/3146/3118
f 1779/3144/3116 1751/3146/3118 1778/3147/3119
f 1778/3147/3119 1751/3146/3118 1750/3148/3120
f 1778/3147/3119 1750/3148/3120 1777/3149/3121
f 1777/3149/3121 1750/3148/3120 1749/3150/3122
f 1777/3149/3121 1749/3150/3122 1812/3151/3123
f 1812/3151/3123 1749/3150/3122 1748/3152/3124
f 1812/3151/3123 1748/3152/3124 1811/3153/3125
f 1811/3153/3125 1748/3152/3124 1747/3154/3126
f 1811/3153/3125 1747/3154/3126 1746/3155/3127
f 1811/3153/3125 1746/3155/3127 1810/3156/3128
f 1810/3156/3128 1746/3155/3127 1745/3157/3129
f 1810/3156/3128 1745/3157/3129 1809/3158/3130
f 1809/3158/3130 1745/3157/3129 1744/3159/3131
f 1809/3158/3130 1744/3159/3131 1808/3160/3132
f 1808/3160/3132 1744/3159/3131 1743/3161/3133
f 1808/3160/3132 1743/3161/3133 1807/3162/3134
f 1807/3162/3134 1743/3161/3133 1742/3163/3135
f 1807/3162/3134 1742/3163/3135 1806/3164/3136
f 1806/3164/3136 1742/3163/3135 1741/3165/3137
f 1806/3164/3136 1741/3165/3137 1740/3166/3138
f 1806/3164/3136 1740/3166/3138 1805/3167/3139
f 1805/3167/3139 1740/3166/3138 1739/3168/3140
f 1805/3167/3139 1739/3168/3140 1804/3169/3141
f 1804/3169/3141 1739/3168/3140 1738/3170/3142
f 1804/3169/3141 1738/3170/3142 1803/3171/3143
f 1803/3171/3143 1738/3170/3142 1737/3172/3144
f 1803/3171/3143 1737/3172/3144 1802/3173/3145
f 1802/3173/3145 1737/3172/3144 1736/3174/3146
f 1802/3173/3145 1736/3174/3146 1735/3175/3147
f 1802/3173/3145 1735/3175/3147 1801/3100/3072
f 1801/3100/3072 1735/3175/3147 1734/3176/3148
f 1801/3100/3072 1734/3176/3148 1733/3098/3070
f 1814/3177/3149 1851/3178/3150 1813/3179/3151
f 1813/3179/3151 1851/3178/3150 1854/3180/3152
f 1813/3179/3151 1854/3180/3152 1848/3181/3153
f 1848/3181/3153 1854/3180/3152 1919/3182/3154
f 1848/3181/3153 1919/3182/3154 1847/3183/3155
f 1847/3183/3155 1919/3182/3154 1917/3184/3156
f 1847/3183/3155 1917/3184/3156 1846/3185/3157
f 1846/3185/3157 1917/3184/3156 1915/3186/3158
f 1846/3185/3157 1915/3186/3158 1845/3187/3159
f 1845/3187/3159 1915/3186/3158 1913/3188/3160
f 1845/3187/3159 1913/3188/3160 1844/3189/3161
f 1844/3189/3161 1913/3188/3160 1911/3190/3162
f 1844/3189/3161 1911/3190/3162 1843/3191/3163
f 1843/3191/3163 1911/3190/3162 1909/3192/3164
f 1843/3191/3163 1909/3192/3164 1842/3193/3165
f 1842/3193/3165 1909/3192/3164 1907/3194/3166
f 1842/3193/3165 1907/3194/3166 1841/3195/3167
f 1841/3195/3167 1907/3194/3166 1905/3196/3168
f 1841/3195/3167 1905/3196/3168 1840/3197/3169
f 1840/3197/3169 1905/3196/3168 1903/3198/3170
f 1840/3197/3169 1903/3198/3170 1839/3199/3171
f 1839/3199/3171 1903/3198/3170 1901/3200/3172
f 1839/3199/3171 1901/3200/3172 1838/3201/3173
f 1838/3201/3173 1901/3200/3172 1899/3202/3174
f 1838/3201/3173 1899/3202/3174 1837/3203/3175
f 1837/3203/3175 1899/3202/3174 1897/3204/3176
f 1837/3203/3175 1897/3204/3176 1836/3205/3177
f 1836/3205/3177 1897/3204/3176 1895/3206/3178
f 1836/3205/3177 1895/3206/3178 1835/3207/3179
f 1835/3207/3179 1895/3206/3178 1893/3208/3180
f 1835/3207/3179 1893/3208/3180 1834/3209/3181
f 1834/3209/3181 1893/3208/3180 1891/3210/3182
f 1834/3209/3181 1891/3210/3182 1833/3211/3183
f 1833/3211/3183 1891/3210/3182 1889/3212/3184
f 1833/3211/3183 1889/3212/3184 1832/3213/3185
f 1832/3213/3185 1889/3212/3184 1887/3214/3186
f 1832/3213/3185 1887/3214/3186 1831/3215/3187
f 1831/3215/3187 1887/3214/3186 1849/3216/3188
f 1831/3217/3187 1849/3218/3188 1830/3219/3189
f 1830/3219/3189 1849/3218/3188 1885/3220/3190
f 1830/3219/3189 1885/3220/3190 1829/3221/3191
f 1829/3221/3191 1885/3220/3190 1883/3222/3192
f 1829/3221/3191 1883/3222/3192 1828/3223/3193
f 1828/3223/3193 1883/3222/3192 1881/3224/3194
f 1828/3223/3193 1881/3224/3194 1827/3225/3195
f 1827/3225/3195 1881/3224/3194 1879/3226/3196
f 1827/3225/3195 1879/3226/3196 1826/3227/3197
f 1826/3227/3197 1879/3226/3196 1877/3228/3198
f 1826/3227/3197 1877/3228/3198 1825/3229/3199
f 1825/3229/3199 1877/3228/3198 1875/3230/3200
f 1825/3229/3199 1875/3230/3200 1824/3231/3201
f 1824/3231/3201 1875/3230/3200 1873/3232/3202
f 1824/3231/3201 1873/3232/3202 1823/3233/3203
f 1823/3233/3203 1873/3232/3202 1871/3234/3204
f 1823/3233/3203 1871/3234/3204 1822/3235/3205
f 1822/3235/3205 1871/3234/3204 1869/3236/3206
f 1822/3235/3205 1869/3236/3206 1821/3237/3207
f 1821/3237/3207 1869/3236/3206 1867/3238/3208
f 1821/3237/3207 1867/3238/3208 1820/3239/3209
f 1820/3239/3209 1867/3238/3208 1865/3240/3210
f 1820/3239/3209 1865/3240/3210 1819/3241/3211
f 1819/3241/3211 1865/3240/3210 1863/3242/3212
f 1819/3241/3211 1863/3242/3212 1818/3243/3213
f 1818/3243/3213 1863/3242/3212 1861/3244/3214
f 1818/3243/3213 1861/3244/3214 1817/3245/3215
f 1817/3245/3215 1861/3244/3214 1859/3246/3216
f 1817/3245/3215 1859/3246/3216 1816/3247/3217
f 1816/3247/3217 1859/3246/3216 1857/3248/3218
f 1816/3247/3217 1857/3248/3218 1815/3249/3219
f 1815/3249/3219 1857/3248/3218 1855/3250/3220
f 1815/3249/3219 1855/3250/3220 1814/3177/3149
f 1814/3177/3149 1855/3250/3220 1851/3178/3150
f 1812/3251/3221 1920/3252/3222 1777/3253/3223
f 1777/3253/3223 1920/3252/3222 1853/3254/3224
f 1777/3253/3223 1853/3254/3224 1778/3255/3225
f 1778/3255/3225 1853/3254/3224 1852/3256/3226
f 1778/3255/3225 1852/3256/3226 1779/3257/3227
f 1779/3257/3227 1852/3256/3226 1856/3258/3228
f 1779/3257/3227 1856/3258/3228 1780/3259/3229
f 1780/3259/3229 1856/3258/3228 1858/3260/3230
f 1780/3259/3229 1858/3260/3230 1781/3261/3231
f 1781/3261/3231 1858/3260/3230 1860/3262/3232
f 1781/3261/3231 1860/3262/3232 1782/3263/3233
f 1782/3263/3233 1860/3262/3232 1862/3264/3234
f 1782/3263/3233 1862/3264/3234 1783/3265/3235
f 1783/3265/3235 1862/3264/3234 1864/3266/3236
f 1783/3265/3235 1864/3266/3236 1784/3267/3237
f 1784/3267/3237 1864/3266/3236 1866/3268/3238
f 1784/3267/3237 1866/3268/3238 1785/3269/3239
f 1785/3269/3239 1866/3268/3238 1868/3270/3240
f 1785/3269/3239 1868/3270/3240 1786/3271/3241
f 1786/3271/3241 1868/3270/3240 1870/3272/3242
f 1786/3271/3241 1870/3272/3242 1787/3273/3243
f 1787/3273/3243 1870/3272/3242 1872/3274/3244
f 1787/3273/3243 1872/3274/3244 1788/3275/3245
f 1788/3275/3245 1872/3274/3244 1874/3276/3246
f 1788/3275/3245 1874/3276/3246 1789/3277/3247
f 1789/3277/3247 1874/3276/3246 1876/3278/3248
f 1789/3277/3247 1876/3278/3248 1790/3279/3249
f 1790/3279/3249 1876/3278/3248 1878/3280/3250
f 1790/3279/3249 1878/3280/3250 1791/3281/3251
f 1791/3281/3251 1878/3280/3250 1880/3282/3252
f 1791/3281/3251 1880/3282/3252 1792/3283/3253
f 1792/3283/3253 1880/3282/3252 1882/3284/3254
f 1792/3283/3253 1882/3284/3254 1793/3285/3255
f 1793/3285/3255 1882/3284/3254 1884/3286/3256
f 1793/3285/3255 1884/3286/3256 1794/3287/3257
f 1794/3287/3257 1884/3286/3256 1886/3288/3258
f 1794/3287/3257 1886/3288/3258 1795/3289/3259
f 1795/3289/3259 1886/3288/3258 1850/3290/3260
f 1795/3291/3259 1850/3292/3260 1796/3293/3261
f 1796/3293/3261 1850/3292/3260 1888/3294/3262
f 1796/3293/3261 1888/3294/3262 1797/3295/3263
f 1797/3295/3263 1888/3294/3262 1890/3296/3264
f 1797/3295/3263 1890/3296/3264 1798/3297/3265
f 1798/3297/3265 1890/3296/3264 1892/3298/3266
f 1798/3297/3265 1892/3298/3266 1799/3299/3267
f 1799/3299/3267 1892/3298/3266 1894/3300/3268
f 1799/3299/3267 1894/3300/3268 1800/3301/3269
f 1800/3301/3269 1894/3300/3268 1896/3302/3270
f 1800/3301/3269 1896/3302/3270 1801/3303/3271
f 1801/3303/3271 1896/3302/3270 1898/3304/3272
f 1801/3303/3271 1898/3304/3272 1802/3305/3273
f 1802/3305/3273 1898/3304/3272 1900/3306/3274
f 1802/3305/3273 1900/3306/3274 1803/3307/3275
f 1803/3307/3275 1900/3306/3274 1902/3308/3276
f 1803/3307/3275 1902/3308/3276 1804/3309/3277
f 1804/3309/3277 1902/3308/3276 1904/3310/3278
f 1804/3309/3277 1904/3310/3278 1805/3311/3279
f 1805/3311/3279 1904/3310/3278 1906/3312/3280
f 1805/3311/3279 1906/3312/3280 1806/3313/3281
f 1806/3313/3281 1906/3312/3280 1908/3314/3282
f 1806/3313/3281 1908/3314/3282 1807/3315/3283
f 1807/3315/3283 1908/3314/3282 1910/3316/3284
f 1807/3315/3283 1910/3316/3284 1808/3317/3285
f 1808/3317/3285 1910/3316/3284 1912/3318/3286
f 1808/3317/3285 1912/3318/3286 1809/3319/3287
f 1809/3319/3287 1912/3318/3286 1914/3320/3288
f 1809/3319/3287 1914/3320/3288 1810/3321/3289
f 1810/3321/3289 1914/3320/3288 1916/3322/3290
f 1810/3321/3289 1916/3322/3290 1811/3323/3291
f 1811/3323/3291 1916/3322/3290 1918/3324/3292
f 1811/3323/3291 1918/3324/3292 1812/3251/3221
f 1812/3251/3221 1918/3324/3292 1920/3252/3222
f 1849/3218/3188 1850/3290/3260 1885/3220/3190
f 1885/3220/3190 1850/3290/3260 1886/3288/3258
f 1885/3220/3190 1886/3288/3258 1883/3222/3192
f 1883/3222/3192 1886/3288/3258 1884/3286/3256
f 1883/3222/3192 1884/3286/3256 1881/3224/3194
f 1881/3224/3194 1884/3286/3256 1882/3284/3254
f 1881/3224/3194 1882/3284/3254 1879/3226/3196
f 1879/3226/3196 1882/3284/3254 1880/3282/3252
f 1879/3226/3196 1880/3282/3252 1877/3228/3198
f 1877/3228/3198 1880/3282/3252 1878/3280/3250
f 1877/3228/3198 1878/3280/3250 1875/3230/3200
f 1875/3230/3200 1878/3280/3250 1876/3278/3248
f 1875/3230/3200 1876/3278/3248 1873/3232/3202
f 1873/3232/3202 1876/3278/3248 1874/3276/3246
f 1873/3232/3202 1874/3276/3246 1871/3234/3204
f 1871/3234/3204 1874/3276/3246 1872/3274/3244
f 1871/3234/3204 1872/3274/3244 1869/3236/3206
f 1869/3236/3206 1872/3274/3244 1870/3272/3242
f 1869/3236/3206 1870/3272/3242 1867/3238/3208
f 1867/3238/3208 1870/3272/3242 1868/3270/3240
f 1867/3238/3208 1868/3270/3240 1865/3240/3210
f 1865/3240/3210 1868/3270/3240 1866/3268/3238
f 1865/3240/3210 1866/3268/3238 1863/3242/3212
f 1863/3242/3212 1866/3268/3238 1864/3266/3236
f 1863/3242/3212 1864/3266/3236 1861/3244/3214
f 1861/3244/3214 1864/3266/3236 1862/3264/3234
f 1861/3244/3214 1862/3264/3234 1859/3246/3216
f 1859/3246/3216 1862/3264/3234 1860/3262/3232
f 1859/3246/3216 1860/3262/3232 1857/3248/3218
f 1857/3248/3218 1860/3262/3232 1858/3260/3230
f 1857/3248/3218 1858/3260/3230 1855/3250/3220
f 1855/3250/3220 1858/3260/3230 1856/3258/3228
f 1855/3250/3220 1856/3258/3228 1851/3178/3150
f 1851/3178/3150 1856/3258/3228 1852/3256/3226
f 1851/3178/3150 1852/3256/3226 1854/3180/3152
f 1854/3180/3152 1852/3256/3226 1853/3254/3224
f 1854/3180/3152 1853/3254/3224 1919/3182/3154
f 1919/3182/3154 1853/3254/3224 1920/3252/3222
f 1919/3182/3154 1920/3252/3222 1917/3184/3156
f 1917/3184/3156 1920/3252/3222 1918/3324/3292
f 1917/3184/3156 1918/3324/3292 1915/3186/3158
f 1915/3186/3158 1918/3324/3292 1916/3322/3290
f 1915/3186/3158 1916/3322/3290 1913/3188/3160
f 1913/3188/3160 1916/3322/3290 1914/3320/3288
f 1913/3188/3160 1914/3320/3288 1911/3190/3162
f 1911/3190/3162 1914/3320/3288 1912/3318/3286
f 1911/3190/3162 1912/3318/3286 1909/3192/3164
f 1909/3192/3164 1912/3318/3286 1910/3316/3284
f 1909/3192/3164 1910/3316/3284 1907/3194/3166
f 1907/3194/3166 1910/3316/3284 1908/3314/3282
f 1907/3194/3166 1908/3314/3282 1905/3196/3168
f 1905/3196/3168 1908/3314/3282 1906/3312/3280
f 1905/3196/3168 1906/3312/3280 1903/3198/3170
f 1903/3198/3170 1906/3312/3280 1904/3310/3278
f 1903/3198/3170 1904/3310/3278 1901/3200/3172
f 1901/3200/3172 1904/3310/3278 1902/3308/3276
f 1901/3200/3172 1902/3308/3276 1899/3202/3174
f 1899/3202/3174 1902/3308/3276 1900/3306/3274
f 1899/3202/3174 1900/3306/3274 1897/3204/3176
f 1897/3204/3176 1900/3306/3274 1898/3304/3272
f 1897/3204/3176 1898/3304/3272 1895/3206/3178
f 1895/3206/3178 1898/3304/3272 1896/3302/3270
f 1895/3206/3178 1896/3302/3270 1893/3208/3180
f 1893/3208/3180 1896/3302/3270 1894/3300/3268
f 1893/3208/3180 1894/3300/3268 1891/3210/3182
f 1891/3210/3182 1894/3300/3268 1892/3298/3266
f 1891/3210/3182 1892/3298/3266 1889/3212/3184
f 1889/3212/3184 1892/3298/3266 1890/3296/3264
f 1889/3212/3184 1890/3296/3264 1887/3214/3186
f 1887/3214/3186 1890/3296/3264 1888/3294/3262
f 1887/3214/3186 1888/3294/3262 1849/3216/3188
f 1849/3216/3188 1888/3294/3262 1850/3292/3260
f 1922/3325/3293 1923/3326/3294 1921/3327/3295
f 1921/3327/3295 1923/3326/3294 1968/3328/3296
f 1968/3328/3296 1923/3326/3294 1924/3329/3297
f 1968/3328/3296 1924/3329/3297 1925/3330/3298
f 1926/3331/3299 1837/3332/3300 1925/3330/3298
f 1925/3330/3298 1837/3332/3300 1967/3333/3301
f 1925/3330/3298 1967/3333/3301 1968/3328/3296
f 1926/3331/3299 1927/3334/3302 1837/3332/3300
f 1837/3332/3300 1927/3334/3302 1838/3335/3303
f 1838/3335/3303 1927/3334/3302 1928/3336/3304
f 1838/3335/3303 1928/3336/3304 1929/3337/3305
f 1838/3335/3303 1929/3337/3305 1839/3338/3306
f 1839/3338/3306 1929/3337/3305 1930/3339/3307
f 1839/3338/3306 1930/3339/3307 1840/3340/3308
f 1840/3340/3308 1930/3339/3307 1931/3341/3309
f 1840/3340/3308 1931/3341/3309 1841/3342/3310
f 1841/3342/3310 1931/3341/3309 1932/3343/3311
f 1841/3342/3310 1932/3343/3311 1842/3344/3312
f 1842/3344/3312 1932/3343/3311 1933/3345/3313
f 1842/3344/3312 1933/3345/3313 1934/3346/3314
f 1842/3344/3312 1934/3346/3314 1843/3347/3315
f 1843/3347/3315 1934/3346/3314 1935/3348/3316
f 1843/3347/3315 1935/3348/3316 1844/3349/3317
f 1844/3349/3317 1935/3348/3316 1936/3350/3318
f 1844/3349/3317 1936/3350/3318 1845/3351/3319
f 1845/3351/3319 1936/3350/3318 1937/3352/3320
f 1845/3351/3319 1937/3352/3320 1846/3353/3321
f 1846/3353/3321 1937/3352/3320 1938/3354/3322
f 1846/3353/3321 1938/3354/3322 1847/3355/3323
f 1847/3355/3323 1938/3354/3322 1939/3356/3324
f 1847/3355/3323 1939/3356/3324 1940/3357/3325
f 1847/3355/3323 1940/3357/3325 1848/3358/3326
f 1848/3358/3326 1940/3357/3325 1941/3359/3327
f 1848/3358/3326 1941/3359/3327 1813/3360/3328
f 1813/3360/3328 1941/3359/3327 1942/3361/3329
f 1813/3360/3328 1942/3361/3329 1814/3362/3330
f 1814/3362/3330 1942/3361/3329 1943/3363/3331
f 1814/3362/3330 1943/3363/3331 1815/3364/3332
f 1815/3364/3332 1943/3363/3331 1944/3365/3333
f 1815/3364/3332 1944/3365/3333 1945/3366/3334
f 1815/3364/3332 1945/3366/3334 1816/3367/3335
f 1816/3367/3335 1945/3366/3334 1946/3368/3336
f 1816/3367/3335 1946/3368/3336 1947/3369/3337
f 1948/3370/3338 1952/3371/3339 1947/3369/3337
f 1947/3369/3337 1952/3371/3339 1953/3372/3340
f 1947/3369/3337 1953/3372/3340 1816/3367/3335
f 1816/3367/3335 1953/3372/3340 1817/3373/3341
f 1817/3373/3341 1953/3372/3340 1954/3374/3342
f 1817/3373/3341 1954/3374/3342 1818/3375/3343
f 1818/3375/3343 1954/3374/3342 1955/3376/3344
f 1818/3375/3343 1955/3376/3344 1819/3377/3345
f 1819/3377/3345 1955/3376/3344 1956/3378/3346
f 1819/3377/3345 1956/3378/3346 1820/3379/3347
f 1820/3379/3347 1956/3378/3346 1821/3380/3348
f 1821/3380/3348 1956/3378/3346 1957/3381/3349
f 1821/3380/3348 1957/3381/3349 1822/3382/3350
f 1822/3382/3350 1957/3381/3349 1958/3383/3351
f 1822/3382/3350 1958/3383/3351 1823/3384/3352
f 1823/3384/3352 1958/3383/3351 1824/3385/3353
f 1824/3385/3353 1958/3383/3351 1959/3386/3354
f 1824/3385/3353 1959/3386/3354 1825/3387/3355
f 1825/3387/3355 1959/3386/3354 1826/3388/3356
f 1826/3388/3356 1959/3386/3354 1960/3389/3357
f 1826/3388/3356 1960/3389/3357 1827/3390/3358
f 1827/3390/3358 1960/3389/3357 1961/3391/3359
f 1827/3390/3358 1961/3391/3359 1828/3392/3360
f 1828/3392/3360 1961/3391/3359 1829/3393/3361
f 1829/3393/3361 1961/3391/3359 1962/3394/3362
f 1829/3393/3361 1962/3394/3362 1830/3395/3363
f 1830/3395/3363 1962/3394/3362 1831/3396/3364
f 1831/3396/3364 1962/3394/3362 1963/3397/3365
f 1831/3396/3364 1963/3397/3365 1832/3398/3366
f 1832/3398/3366 1963/3397/3365 1964/3399/3367
f 1832/3398/3366 1964/3399/3367 1833/3400/3368
f 1833/3400/3368 1964/3399/3367 1834/3401/3369
f 1834/3401/3369 1964/3399/3367 1965/3402/3370
f 1834/3401/3369 1965/3402/3370 1835/3403/3371
f 1835/3403/3371 1965/3402/3370 1966/3404/3372
f 1835/3403/3371 1966/3404/3372 1836/3405/3373
f 1836/3405/3373 1966/3404/3372 1967/3333/3301
f 1836/3405/3373 1967/3333/3301 1837/3332/3300
f 1948/3370/3338 1949/3406/3374 1952/3371/3339
f 1952/3371/3339 1949/3406/3374 1951/3407/3375
f 1951/3407/3375 1949/3406/3374 1950/3408/3376
f 1922/3409/3377 1921/3410/3378 1970/3411/3379
f 1970/3411/3379 1921/3410/3378 1969/3412/3380
f 1998/3413/3381 1950/3414/3382 1997/3415/3383
f 1997/3415/3383 1950/3414/3382 1949/3416/3384
f 1997/3415/3383 1949/3416/3384 1948/3417/3385
f 1997/3415/3383 1948/3417/3385 1996/3418/3386
f 1996/3418/3386 1948/3417/3385 1947/3419/3387
f 1996/3418/3386 1947/3419/3387 1995/3420/3388
f 1995/3420/3388 1947/3419/3387 1946/3421/3389
f 1995/3420/3388 1946/3421/3389 1994/3422/3390
f 1994/3422/3390 1946/3421/3389 1945/3423/3391
f 1994/3422/3390 1945/3423/3391 1993/3424/3392
f 1993/3424/3392 1945/3423/3391 1944/3425/3393
f 1993/3424/3392 1944/3425/3393 1992/3426/3394
f 1992/3426/3394 1944/3425/3393 1943/3427/3395
f 1992/3426/3394 1943/3427/3395 1991/3428/3396
f 1991/3428/3396 1943/3427/3395 1942/3429/3397
f 1991/3428/3396 1942/3429/3397 1990/3430/3398
f 1990/3430/3398 1942/3429/3397 1941/3431/3399
f 1990/3430/3398 1941/3431/3399 1989/3432/3400
f 1989/3432/3400 1941/3431/3399 1940/3433/3401
f 1989/3432/3400 1940/3433/3401 1988/3434/3402
f 1988/3434/3402 1940/3433/3401 1939/3435/3403
f 1988/3434/3402 1939/3435/3403 1987/3436/3404
f 1987/3436/3404 1939/3435/3403 1938/3437/3405
f 1987/3436/3404 1938/3437/3405 1986/3438/3406
f 1986/3438/3406 1938/3437/3405 1937/3439/3407
f 1986/3438/3406 1937/3439/3407 1985/3440/3408
f 1985/3440/3408 1937/3439/3407 1936/3441/3409
f 1985/3440/3408 1936/3441/3409 1984/3442/3410
f 1984/3442/3410 1936/3441/3409 1935/3443/3411
f 1984/3442/3410 1935/3443/3411 1983/3444/3412
f 1983/3444/3412 1935/3443/3411 1934/3445/3413
f 1983/3444/3412 1934/3445/3413 1982/3446/3414
f 1982/3446/3414 1934/3445/3413 1933/3447/3415
f 1982/3446/3414 1933/3447/3415 1981/3448/3416
f 1981/3448/3416 1933/3447/3415 1932/3449/3417
f 1981/3448/3416 1932/3449/3417 1980/3450/3418
f 1980/3450/3418 1932/3449/3417 1931/3451/3419
f 1980/3450/3418 1931/3451/3419 1979/3452/3420
f 1979/3452/3420 1931/3451/3419 1930/3453/3421
f 1979/3452/3420 1930/3453/3421 1978/3454/3422
f 1978/3454/3422 1930/3453/3421 1929/3455/3423
f 1978/3454/3422 1929/3455/3423 1977/3456/3424
f 1977/3456/3424 1929/3455/3423 1928/3457/3425
f 1977/3456/3424 1928/3457/3425 1976/3458/3426
f 1976/3458/3426 1928/3457/3425 1927/3459/3427
f 1976/3458/3426 1927/3459/3427 1975/3460/3428
f 1975/3460/3428 1927/3459/3427 1926/3461/3429
f 1975/3460/3428 1926/3461/3429 1974/3462/3430
f 1974/3462/3430 1926/3461/3429 1925/3463/3431
f 1974/3462/3430 1925/3463/3431 1973/3464/3432
f 1973/3464/3432 1925/3463/3431 1924/3465/3433
f 1973/3464/3432 1924/3465/3433 1972/3466/3434
f 1972/3466/3434 1924/3465/3433 1923/3467/3435
f 1972/3466/3434 1923/3467/3435 1971/3468/3436
f 1971/3468/3436 1923/3467/3435 1970/3469/3437
f 1970/3469/3437 1923/3467/3435 1922/3470/3438
f 1951/3471/3439 1950/3472/3440 1999/3473/3441
f 1999/3473/3441 1950/3472/3440 1998/3474/3442
f 1969/3475/3443 1921/3476/3444 2016/3477/3445
f 2016/3477/3445 1921/3476/3444 1968/3478/3446
f 2016/3477/3445 1968/3478/3446 1967/3479/3447
f 2016/3477/3445 1967/3479/3447 2015/3480/3448
f 2015/3480/3448 1967/3479/3447 1966/3481/3449
f 2015/3480/3448 1966/3481/3449 2014/3482/3450
f 2014/3482/3450 1966/3481/3449 1965/3483/3451
f 2014/3482/3450 1965/3483/3451 2013/3484/3452
f 2013/3484/3452 1965/3483/3451 1964/3485/3453
f 2013/3484/3452 1964/3485/3453 2012/3486/3454
f 2012/3486/3454 1964/3485/3453 1963/3487/3455
f 2012/3486/3454 1963/3487/3455 2011/3488/3456
f 2011/3488/3456 1963/3487/3455 1962/3489/3457
f 2011/3488/3456 1962/3489/3457 2010/3490/3458
f 2010/3490/3458 1962/3489/3457 1961/3491/3459
f 2010/3490/3458 1961/3491/3459 2009/3492/3460
f 2009/3492/3460 1961/3491/3459 1960/3493/3461
f 2009/3492/3460 1960/3493/3461 2008/3494/3462
f 2008/3494/3462 1960/3493/3461 1959/3495/3463
f 2008/3494/3462 1959/3495/3463 2007/3496/3464
f 2007/3496/3464 1959/3495/3463 1958/3497/3465
f 2007/3496/3464 1958/3497/3465 2006/3498/3466
f 2006/3498/3466 1958/3497/3465 1957/3499/3467
f 2006/3498/3466 1957/3499/3467 2005/3500/3468
f 2005/3500/3468 1957/3499/3467 1956/3501/3469
f 2005/3500/3468 1956/3501/3469 2004/3502/3470
f 2004/3502/3470 1956/3501/3469 1955/3503/3471
f 2004/3502/3470 1955/3503/3471 2003/3504/3472
f 2003/3504/3472 1955/3503/3471 1954/3505/3473
f 2003/3504/3472 1954/3505/3473 2002/3506/3474
f 2002/3506/3474 1954/3505/3473 1953/3507/3475
f 2002/3506/3474 1953/3507/3475 2001/3508/3476
f 2001/3508/3476 1953/3507/3475 1952/3509/3477
f 2001/3508/3476 1952/3509/3477 2000/3510/3478
f 2000/3510/3478 1952/3509/3477 1999/3511/3479
f 1999/3511/3479 1952/3509/3477 1951/3512/3480
f 1970/3513/3481 1969/3514/3482 1971/3515/3483
f 1971/3515/3483 1969/3514/3482 2016/3516/3484
f 1971/3515/3483 2016/3516/3484 1972/3517/3485
f 1972/3517/3485 2016/3516/3484 1973/3518/3486
f 1973/3518/3486 2016/3516/3484 2015/3519/3487
f 1973/3518/3486 2015/3519/3487 1974/3520/3488
f 1974/3520/3488 2015/3519/3487 2014/3521/3489
f 1974/3520/3488 2014/3521/3489 1975/3522/3490
f 1975/3522/3490 2014/3521/3489 1976/3523/3491
f 1976/3523/3491 2014/3521/3489 2013/3524/3492
f 1976/3523/3491 2013/3524/3492 1977/3525/3493
f 1977/3525/3493 2013/3524/3492 2012/3526/3494
f 1977/3525/3493 2012/3526/3494 1978/3527/3495
f 1978/3527/3495 2012/3526/3494 1979/3528/3496
f 1979/3528/3496 2012/3526/3494 2011/3529/3497
f 1979/3528/3496 2011/3529/3497 1980/3530/3498
f 1980/3530/3498 2011/3529/3497 2010/3531/3499
f 1980/3530/3498 2010/3531/3499 1981/3532/3500
f 1981/3532/3500 2010/3531/3499 1982/3533/3501
f 1982/3533/3501 2010/3531/3499 2009/3534/3502
f 1982/3533/3501 2009/3534/3502 1983/3535/3503
f 1983/3535/3503 2009/3534/3502 2008/3536/3504
f 1983/3535/3503 2008/3536/3504 1984/3537/3505
f 1984/3537/3505 2008/3536/3504 1985/3538/3506
f 1985/3538/3506 2008/3536/3504 2007/3539/3507
f 1985/3538/3506 2007/3539/3507 1986/3540/3508
f 1986/3540/3508 2007/3539/3507 2006/3541/3509
f 1986/3540/3508 2006/3541/3509 1987/3542/3510
f 1987/3542/3510 2006/3541/3509 1988/3543/3511
f 1988/3543/3511 2006/3541/3509 2005/3544/3512
f 1988/3543/3511 2005/3544/3512 1989/3545/3513
f 1989/3545/3513 2005/3544/3512 2004/3546/3514
f 1989/3545/3513 2004/3546/3514 1990/3547/3515
f 1990/3547/3515 2004/3546/3514 1991/3548/3516
f 1991/3548/3516 2004/3546/3514 2003/3549/3517
f 1991/3548/3516 2003/3549/3517 1992/3550/3518
f 1992/3550/3518 2003/3549/3517 2002/3551/3519
f 1992/3550/3518 2002/3551/3519 1993/3552/3520
f 1993/3552/3520 2002/3551/3519 1994/3553/3521
f 1994/3553/3521 2002/3551/3519 2001/3554/3522
f 1994/3553/3521 2001/3554/3522 1995/3555/3523
f 1995/3555/3523 2001/3554/3522 2000/3556/3524
f 1995/3555/3523 2000/3556/3524 1996/3557/3525
f 1996/3557/3525 2000/3556/3524 1997/3558/3526
f 1997/3558/3526 2000/3556/3524 1999/3559/3527
f 1997/3558/3526 1999/3559/3527 1998/3560/3528
f 2017/3561/3529 2018/3562/3530 2064/3563/3531
f 2064/3563/3531 2018/3562/3530 2019/3564/3532
f 2064/3563/3531 2019/3564/3532 2063/3565/3533
f 2063/3565/3533 2019/3564/3532 2062/3566/3534
f 2062/3566/3534 2019/3564/3532 2020/3567/3535
f 2062/3566/3534 2020/3567/3535 2098/3568/3536
f 2098/3568/3536 2020/3567/3535 2097/3569/3537
f 2097/3569/3537 2020/3567/3535 2021/3570/3538
f 2097/3569/3537 2021/3570/3538 2096/3571/3539
f 2096/3571/3539 2021/3570/3538 2022/3572/3540
f 2096/3571/3539 2022/3572/3540 2095/3573/3541
f 2095/3573/3541 2022/3572/3540 2023/3574/3542
f 2095/3573/3541 2023/3574/3542 2094/3575/3543
f 2094/3575/3543 2023/3574/3542 2093/3576/3544
f 2093/3576/3544 2023/3574/3542 2024/3577/3545
f 2093/3576/3544 2024/3577/3545 2092/3578/3546
f 2092/3578/3546 2024/3577/3545 2025/3579/3547
f 2092/3578/3546 2025/3579/3547 2091/3580/3548
f 2091/3580/3548 2025/3579/3547 2090/3581/3549
f 2090/3581/3549 2025/3579/3547 2026/3582/3550
f 2090/3581/3549 2026/3582/3550 2089/3583/3551
f 2089/3583/3551 2026/3582/3550 2088/3584/3552
f 2088/3584/3552 2026/3582/3550 2027/3585/3553
f 2088/3584/3552 2027/3585/3553 2087/3586/3554
f 2087/3586/3554 2027/3585/3553 2028/3587/3555
f 2087/3586/3554 2028/3587/3555 2086/3588/3556
f 2086/3588/3556 2028/3587/3555 2085/3589/3557
f 2085/3589/3557 2028/3587/3555 2029/3590/3558
f 2085/3589/3557 2029/3590/3558 2084/3591/3559
f 2084/3591/3559 2029/3590/3558 2083/3592/3560
f 2083/3592/3560 2029/3590/3558 2030/3593/3561
f 2083/3592/3560 2030/3593/3561 2082/3594/3562
f 2082/3594/3562 2030/3593/3561 2031/3595/3563
f 2082/3594/3562 2031/3595/3563 2081/3596/3564
f 2081/3596/3564 2031/3595/3563 2080/3597/3565
f 2080/3597/3565 2031/3595/3563 2032/3598/3566
f 2080/3597/3565 2032/3598/3566 2079/3599/3567
f 2079/3599/3567 2032/3598/3566 2033/3600/3568
f 2079/3599/3567 2033/3600/3568 2078/3601/3569
f 2078/3601/3569 2033/3600/3568 2034/3602/3570
f 2078/3601/3569 2034/3602/3570 2077/3603/3571
f 2077/3603/3571 2034/3602/3570 2040/3604/3572
f 2077/3603/3571 2040/3604/3572 2041/3605/3573
f 2034/3602/3570 2035/3606/3574 2040/3604/3572
f 2040/3604/3572 2035/3606/3574 2039/3607/3575
f 2039/3607/3575 2035/3606/3574 2038/3608/3576
f 2038/3608/3576 2035/3606/3574 2036/3609/3577
f 2038/3608/3576 2036/3609/3577 2037/3610/3578
f 2041/3605/3573 2042/3611/3579 2077/3603/3571
f 2077/3603/3571 2042/3611/3579 2076/3612/3580
f 2076/3612/3580 2042/3611/3579 2043/3613/3581
f 2076/3612/3580 2043/3613/3581 2044/3614/3582
f 2076/3612/3580 2044/3614/3582 2075/3615/3583
f 2075/3615/3583 2044/3614/3582 2045/3616/3584
f 2075/3615/3583 2045/3616/3584 2074/3617/3585
f 2074/3617/3585 2045/3616/3584 2046/3618/3586
f 2074/3617/3585 2046/3618/3586 2073/3619/3587
f 2073/3619/3587 2046/3618/3586 2047/3620/3588
f 2073/3619/3587 2047/3620/3588 2072/3621/3589
f 2072/3621/3589 2047/3620/3588 2048/3622/3590
f 2072/3621/3589 2048/3622/3590 2049/3623/3591
f 2072/3621/3589 2049/3623/3591 2071/3624/3592
f 2071/3624/3592 2049/3623/3591 2050/3625/3593
f 2071/3624/3592 2050/3625/3593 2070/3626/3594
f 2070/3626/3594 2050/3625/3593 2051/3627/3595
f 2070/3626/3594 2051/3627/3595 2069/3628/3596
f 2069/3628/3596 2051/3627/3595 2052/3629/3597
f 2069/3628/3596 2052/3629/3597 2068/3630/3598
f 2068/3630/3598 2052/3629/3597 2053/3631/3599
f 2068/3630/3598 2053/3631/3599 2067/3632/3600
f 2067/3632/3600 2053/3631/3599 2054/3633/3601
f 2067/3632/3600 2054/3633/3601 2055/3634/3602
f 2067/3632/3600 2055/3634/3602 2066/3635/3603
f 2066/3635/3603 2055/3634/3602 2056/3636/3604
f 2066/3635/3603 2056/3636/3604 2065/3637/3605
f 2065/3637/3605 2056/3636/3604 2057/3638/3606
f 2065/3637/3605 2057/3638/3606 2100/3639/3607
f 2100/3639/3607 2057/3638/3606 2058/3640/3608
f 2100/3639/3607 2058/3640/3608 2099/3641/3609
f 2099/3641/3609 2058/3640/3608 2059/3642/3610
f 2099/3641/3609 2059/3642/3610 2060/3643/3611
f 2099/3641/3609 2060/3643/3611 2098/3568/3536
f 2098/3568/3536 2060/3643/3611 2061/3644/3612
f 2098/3568/3536 2061/3644/3612 2062/3566/3534
f 2018/3645/3613 2017/3646/3614 2102/3647/3615
f 2102/3647/3615 2017/3646/3614 2101/3648/3616
f 2120/3649/3617 2036/3650/3618 2119/3651/3619
f 2119/3651/3619 2036/3650/3618 2035/3652/3620
f 2119/3651/3619 2035/3652/3620 2034/3653/3621
f 2119/3651/3619 2034/3653/3621 2118/3654/3622
f 2118/3654/3622 2034/3653/3621 2033/3655/3623
f 2118/3654/3622 2033/3655/3623 2117/3656/3624
f 2117/3656/3624 2033/3655/3623 2032/3657/3625
f 2117/3656/3624 2032/3657/3625 2116/3658/3626
f 2116/3658/3626 2032/3657/3625 2031/3659/3627
f 2116/3658/3626 2031/3659/3627 2115/3660/3628
f 2115/3660/3628 2031/3659/3627 2030/3661/3629
f 2115/3660/3628 2030/3661/3629 2114/3662/3630
f 2114/3662/3630 2030/3661/3629 2029/3663/3631
f 2114/3662/3630 2029/3663/3631 2113/3664/3632
f 2113/3664/3632 2029/3663/3631 2028/3665/3633
f 2113/3664/3632 2028/3665/3633 2112/3666/3634
f 2112/3666/3634 2028/3665/3633 2027/3667/3635
f 2112/3666/3634 2027/3667/3635 2111/3668/3636
f 2111/3668/3636 2027/3667/3635 2026/3669/3637
f 2111/3668/3636 2026/3669/3637 2110/3670/3638
f 2110/3670/3638 2026/3669/3637 2025/3671/3639
f 2110/3670/3638 2025/3671/3639 2109/3672/3640
f 2109/3672/3640 2025/3671/3639 2024/3673/3641
f 2109/3672/3640 2024/3673/3641 2108/3674/3642
f 2108/3674/3642 2024/3673/3641 2023/3675/3643
f 2108/3674/3642 2023/3675/3643 2107/3676/3644
f 2107/3676/3644 2023/3675/3643 2022/3677/3645
f 2107/3676/3644 2022/3677/3645 2106/3678/3646
f 2106/3678/3646 2022/3677/3645 2021/3679/3647
f 2106/3678/3646 2021/3679/3647 2105/3680/3648
f 2105/3680/3648 2021/3679/3647 2020/3681/3649
f 2105/3680/3648 2020/3681/3649 2104/3682/3650
f 2104/3682/3650 2020/3681/3649 2019/3683/3651
f 2104/3682/3650 2019/3683/3651 2103/3684/3652
f 2103/3684/3652 2019/3683/3651 2102/3685/3653
f 2102/3685/3653 2019/3683/3651 2018/3686/3654
f 2037/3687/3655 2036/3688/3656 2121/3689/3657
f 2121/3689/3657 2036/3688/3656 2120/3690/3658
f 2101/3691/3659 2017/3692/3660 2148/3693/3661
f 2148/3693/3661 2017/3692/3660 2064/3694/3662
f 2148/3693/3661 2064/3694/3662 2063/3695/3663
f 2148/3693/3661 2063/3695/3663 2147/3696/3664
f 2147/3696/3664 2063/3695/3663 2062/3697/3665
f 2147/3696/3664 2062/3697/3665 2146/3698/3666
f 2146/3698/3666 2062/3697/3665 2061/3699/3667
f 2146/3698/3666 2061/3699/3667 2145/3700/3668
f 2145/3700/3668 2061/3699/3667 2060/3701/3669
f 2145/3700/3668 2060/3701/3669 2144/3702/3670
f 2144/3702/3670 2060/3701/3669 2059/3703/3671
f 2144/3702/3670 2059/3703/3671 2143/3704/3672
f 2143/3704/3672 2059/3703/3671 2058/3705/3673
f 2143/3704/3672 2058/3705/3673 2142/3706/3674
f 2142/3706/3674 2058/3705/3673 2057/3707/3675
f 2142/3706/3674 2057/3707/3675 2141/3708/3676
f 2141/3708/3676 2057/3707/3675 2056/3709/3677
f 2141/3708/3676 2056/3709/3677 2140/3710/3678
f 2140/3710/3678 2056/3709/3677 2055/3711/3679
f 2140/3710/3678 2055/3711/3679 2139/3712/3680
f 2139/3712/3680 2055/3711/3679 2054/3713/3681
f 2139/3712/3680 2054/3713/3681 2138/3714/3682
f 2138/3714/3682 2054/3713/3681 2053/3715/3683
f 2138/3714/3682 2053/3715/3683 2137/3716/3684
f 2137/3716/3684 2053/3715/3683 2052/3717/3685
f 2137/3716/3684 2052/3717/3685 2136/3718/3686
f 2136/3718/3686 2052/3717/3685 2051/3719/3687
f 2136/3718/3686 2051/3719/3687 2135/3720/3688
f 2135/3720/3688 2051/3719/3687 2050/3721/3689
f 2135/3720/3688 2050/3721/3689 2134/3722/3690
f 2134/3722/3690 2050/3721/3689 2049/3723/3691
f 2134/3722/3690 2049/3723/3691 2133/3724/3692
f 2133/3724/3692 2049/3723/3691 2048/3725/3693
f 2133/3724/3692 2048/3725/3693 2132/3726/3694
f 2132/3726/3694 2048/3725/3693 2047/3727/3695
f 2132/3726/3694 2047/3727/3695 2131/3728/3696
f 2131/3728/3696 2047/3727/3695 2046/3729/3697
f 2131/3728/3696 2046/3729/3697 2130/3730/3698
f 2130/3730/3698 2046/3729/3697 2045/3731/3699
f 2130/3730/3698 2045/3731/3699 2129/3732/3700
f 2129/3732/3700 2045/3731/3699 2044/3733/3701
f 2129/3732/3700 2044/3733/3701 2128/3734/3702
f 2128/3734/3702 2044/3733/3701 2043/3735/3703
f 2128/3734/3702 2043/3735/3703 2127/3736/3704
f 2127/3736/3704 2043/3735/3703 2042/3737/3705
f 2127/3736/3704 2042/3737/3705 2126/3738/3706
f 2126/3738/3706 2042/3737/3705 2041/3739/3707
f 2126/3738/3706 2041/3739/3707 2125/3740/3708
f 2125/3740/3708 2041/3739/3707 2040/3741/3709
f 2125/3740/3708 2040/3741/3709 2124/3742/3710
f 2124/3742/3710 2040/3741/3709 2039/3743/3711
f 2124/3742/3710 2039/3743/3711 2123/3744/3712
f 2123/3744/3712 2039/3743/3711 2038/3745/3713
f 2123/3744/3712 2038/3745/3713 2122/3746/3714
f 2122/3746/3714 2038/3745/3713 2121/3747/3715
f 2121/3747/3715 2038/3745/3713 2037/3748/3716
f 2100/3749/3717 2187/3750/3718 2065/3751/3719
f 2065/3751/3719 2187/3750/3718 2190/3752/3720
f 2065/3751/3719 2190/3752/3720 2066/3753/3721
f 2066/3753/3721 2190/3752/3720 2255/3754/3722
f 2066/3753/3721 2255/3754/3722 2067/3755/3723
f 2067/3755/3723 2255/3754/3722 2253/3756/3724
f 2067/3755/3723 2253/3756/3724 2068/3757/3725
f 2068/3757/3725 2253/3756/3724 2251/3758/3726
f 2068/3757/3725 2251/3758/3726 2069/3759/3727
f 2069/3759/3727 2251/3758/3726 2249/3760/3728
f 2069/3759/3727 2249/3760/3728 2070/3761/3729
f 2070/3761/3729 2249/3760/3728 2247/3762/3730
f 2070/3761/3729 2247/3762/3730 2071/3763/3731
f 2071/3763/3731 2247/3762/3730 2245/3764/3732
f 2071/3763/3731 2245/3764/3732 2072/3765/3733
f 2072/3765/3733 2245/3764/3732 2243/3766/3734
f 2072/3765/3733 2243/3766/3734 2073/3767/3735
f 2073/3767/3735 2243/3766/3734 2241/3768/3736
f 2073/3767/3735 2241/3768/3736 2074/3769/3737
f 2074/3769/3737 2241/3768/3736 2239/3770/3738
f 2074/3769/3737 2239/3770/3738 2075/3771/3739
f 2075/3771/3739 2239/3770/3738 2237/3772/3740
f 2075/3771/3739 2237/3772/3740 2076/3773/3741
f 2076/3773/3741 2237/3772/3740 2235/3774/3742
f 2076/3773/3741 2235/3774/3742 2077/3775/3743
f 2077/3775/3743 2235/3774/3742 2233/3776/3744
f 2077/3775/3743 2233/3776/3744 2078/3777/3745
f 2078/3777/3745 2233/3776/3744 2231/3778/3746
f 2078/3777/3745 2231/3778/3746 2079/3779/3747
f 2079/3779/3747 2231/3778/3746 2229/3780/3748
f 2079/3779/3747 2229/3780/3748 2080/3781/3749
f 2080/3781/3749 2229/3780/3748 2227/3782/3750
f 2080/3781/3749 2227/3782/3750 2081/3783/3751
f 2081/3783/3751 2227/3782/3750 2225/3784/3752
f 2081/3783/3751 2225/3784/3752 2082/3785/3753
f 2082/3785/3753 2225/3784/3752 2223/3786/3754
f 2082/3785/3753 2223/3786/3754 2083/3787/3755
f 2083/3787/3755 2223/3786/3754 2185/3788/3756
f 2083/3789/3755 2185/3790/3756 2084/3791/3757
f 2084/3791/3757 2185/3790/3756 2221/3792/3758
f 2084/3791/3757 2221/3792/3758 2085/3793/3759
f 2085/3793/3759 2221/3792/3758 2219/3794/3760
f 2085/3793/3759 2219/3794/3760 2086/3795/3761
f 2086/3795/3761 2219/3794/3760 2217/3796/3762
f 2086/3795/3761 2217/3796/3762 2087/3797/3763
f 2087/3797/3763 2217/3796/3762 2215/3798/3764
f 2087/3797/3763 2215/3798/3764 2088/3799/3765
f 2088/3799/3765 2215/3798/3764 2213/3800/3766
f 2088/3799/3765 2213/3800/3766 2089/3801/3767
f 2089/3801/3767 2213/3800/3766 2211/3802/3768
f 2089/3801/3767 2211/3802/3768 2090/3803/3769
f 2090/3803/3769 2211/3802/3768 2209/3804/3770
f 2090/3803/3769 2209/3804/3770 2091/3805/3771
f 2091/3805/3771 2209/3804/3770 2207/3806/3772
f 2091/3805/3771 2207/3806/3772 2092/3807/3773
f 2092/3807/3773 2207/3806/3772 2205/3808/3774
f 2092/3807/3773 2205/3808/3774 2093/3809/3775
f 2093/3809/3775 2205/3808/3774 2203/3810/3776
f 2093/3809/3775 2203/3810/3776 2094/3811/3777
f 2094/3811/3777 2203/3810/3776 2201/3812/3778
f 2094/3811/3777 2201/3812/3778 2095/3813/3779
f 2095/3813/3779 2201/3812/3778 2199/3814/3780
f 2095/3813/3779 2199/3814/3780 2096/3815/3781
f 2096/3815/3781 2199/3814/3780 2197/3816/3782
f 2096/3815/3781 2197/3816/3782 2097/3817/3783
f 2097/3817/3783 2197/3816/3782 2195/3818/3784
f 2097/3817/3783 2195/3818/3784 2098/3819/3785
f 2098/3819/3785 2195/3818/3784 2193/3820/3786
f 2098/3819/3785 2193/3820/3786 2099/3821/3787
f 2099/3821/3787 2193/3820/3786 2191/3822/3788
f 2099/3821/3787 2191/3822/3788 2100/3749/3717
f 2100/3749/3717 2191/3822/3788 2187/3750/3718
f 2150/3823/3789 2256/3824/3790 2149/3825/3791
f 2149/3825/3791 2256/3824/3790 2189/3826/3792
f 2149/3825/3791 2189/3826/3792 2184/3827/3793
f 2184/3827/3793 2189/3826/3792 2188/3828/3794
f 2184/3827/3793 2188/3828/3794 2183/3829/3795
f 2183/3829/3795 2188/3828/3794 2192/3830/3796
f 2183/3829/3795 2192/3830/3796 2182/3831/3797
f 2182/3831/3797 2192/3830/3796 2194/3832/3798
f 2182/3831/3797 2194/3832/3798 2181/3833/3799
f 2181/3833/3799 2194/3832/3798 2196/3834/3800
f 2181/3833/3799 2196/3834/3800 2180/3835/3801
f 2180/3835/3801 2196/3834/3800 2198/3836/3802
f 2180/3835/3801 2198/3836/3802 2179/3837/3803
f 2179/3837/3803 2198/3836/3802 2200/3838/3804
f 2179/3837/3803 2200/3838/3804 2178/3839/3805
f 2178/3839/3805 2200/3838/3804 2202/3840/3806
f 2178/3839/3805 2202/3840/3806 2177/3841/3807
f 2177/3841/3807 2202/3840/3806 2204/3842/3808
f 2177/3841/3807 2204/3842/3808 2176/3843/3809
f 2176/3843/3809 2204/3842/3808 2206/3844/3810
f 2176/3843/3809 2206/3844/3810 2175/3845/3811
f 2175/3845/3811 2206/3844/3810 2208/3846/3812
f 2175/3845/3811 2208/3846/3812 2174/3847/3813
f 2174/3847/3813 2208/3846/3812 2210/3848/3814
f 2174/3847/3813 2210/3848/3814 2173/3849/3815
f 2173/3849/3815 2210/3848/3814 2212/3850/3816
f 2173/3849/3815 2212/3850/3816 2172/3851/3817
f 2172/3851/3817 2212/3850/3816 2214/3852/3818
f 2172/3851/3817 2214/3852/3818 2171/3853/3819
f 2171/3853/3819 2214/3852/3818 2216/3854/3820
f 2171/3853/3819 2216/3854/3820 2170/3855/3821
f 2170/3855/3821 2216/3854/3820 2218/3856/3822
f 2170/3855/3821 2218/3856/3822 2169/3857/3823
f 2169/3857/3823 2218/3856/3822 2220/3858/3824
f 2169/3857/3823 2220/3858/3824 2168/3859/3825
f 2168/3859/3825 2220/3858/3824 2222/3860/3826
f 2168/3859/3825 2222/3860/3826 2167/3861/3827
f 2167/3861/3827 2222/3860/3826 2186/3862/3828
f 2167/3863/3827 2186/3864/3828 2166/3865/3829
f 2166/3865/3829 2186/3864/3828 2224/3866/3830
f 2166/3865/3829 2224/3866/3830 2165/3867/3831
f 2165/3867/3831 2224/3866/3830 2226/3868/3832
f 2165/3867/3831 2226/3868/3832 2164/3869/3833
f 2164/3869/3833 2226/3868/3832 2228/3870/3834
f 2164/3869/3833 2228/3870/3834 2163/3871/3835
f 2163/3871/3835 2228/3870/3834 2230/3872/3836
f 2163/3871/3835 2230/3872/3836 2162/3873/3837
f 2162/3873/3837 2230/3872/3836 2232/3874/3838
f 2162/3873/3837 2232/3874/3838 2161/3875/3839
f 2161/3875/3839 2232/3874/3838 2234/3876/3840
f 2161/3875/3839 2234/3876/3840 2160/3877/3841
f 2160/3877/3841 2234/3876/3840 2236/3878/3842
f 2160/3877/3841 2236/3878/3842 2159/3879/3843
f 2159/3879/3843 2236/3878/3842 2238/3880/3844
f 2159/3879/3843 2238/3880/3844 2158/3881/3845
f 2158/3881/3845 2238/3880/3844 2240/3882/3846
f 2158/3881/3845 2240/3882/3846 2157/3883/3847
f 2157/3883/3847 2240/3882/3846 2242/3884/3848
f 2157/3883/3847 2242/3884/3848 2156/3885/3849
f 2156/3885/3849 2242/3884/3848 2244/3886/3850
f 2156/3885/3849 2244/3886/3850 2155/3887/3851
f 2155/3887/3851 2244/3886/3850 2246/3888/3852
f 2155/3887/3851 2246/3888/3852 2154/3889/3853
f 2154/3889/3853 2246/3888/3852 2248/3890/3854
f 2154/3889/3853 2248/3890/3854 2153/3891/3855
f 2153/3891/3855 2248/3890/3854 2250/3892/3856
f 2153/3891/3855 2250/3892/3856 2152/3893/3857
f 2152/3893/3857 2250/3892/3856 2252/3894/3858
f 2152/3893/3857 2252/3894/3858 2151/3895/3859
f 2151/3895/3859 2252/3894/3858 2254/3896/3860
f 2151/3895/3859 2254/3896/3860 2150/3823/3789
f 2150/3823/3789 2254/3896/3860 2256/3824/3790
f 2185/3790/3756 2186/3862/3828 2221/3792/3758
f 2221/3792/3758 2186/3862/3828 2222/3860/3826
f 2221/3792/3758 2222/3860/3826 2219/3794/3760
f 2219/3794/3760 2222/3860/3826 2220/3858/3824
f 2219/3794/3760 2220/3858/3824 2217/3796/3762
f 2217/3796/3762 2220/3858/3824 2218/3856/3822
f 2217/3796/3762 2218/3856/3822 2215/3798/3764
f 2215/3798/3764 2218/3856/3822 2216/3854/3820
f 2215/3798/3764 2216/3854/3820 2213/3800/3766
f 2213/3800/3766 2216/3854/3820 2214/3852/3818
f 2213/3800/3766 2214/3852/3818 2211/3802/3768
f 2211/3802/3768 2214/3852/3818 2212/3850/3816
f 2211/3802/3768 2212/3850/3816 2209/3804/3770
f 2209/3804/3770 2212/3850/3816 2210/3848/3814
f 2209/3804/3770 2210/3848/3814 2207/3806/3772
f 2207/3806/3772 2210/3848/3814 2208/3846/3812
f 2207/3806/3772 2208/3846/3812 2205/3808/3774
f 2205/3808/3774 2208/3846/3812 2206/3844/3810
f 2205/3808/3774 2206/3844/3810 2203/3810/3776
f 2203/3810/3776 2206/3844/3810 2204/3842/3808
f 2203/3810/3776 2204/3842/3808 2201/3812/3778
f 2201/3812/3778 2204/3842/3808 2202/3840/3806
f 2201/3812/3778 2202/3840/3806 2199/3814/3780
f 2199/3814/3780 2202/3840/3806 2200/3838/3804
f 2199/3814/3780 2200/3838/3804 2197/3816/3782
f 2197/3816/3782 2200/3838/3804 2198/3836/3802
f 2197/3816/3782 2198/3836/3802 2195/3818/3784
f 2195/3818/3784 2198/3836/3802 2196/3834/3800
f 2195/3818/3784 2196/3834/3800 2193/3820/3786
f 2193/3820/3786 2196/3834/3800 2194/3832/3798
f 2193/3820/3786 2194/3832/3798 2191/3822/3788
f 2191/3822/3788 2194/3832/3798 2192/3830/3796
f 2191/3822/3788 2192/3830/3796 2187/3750/3718
f 2187/3750/3718 2192/3830/3796 2188/3828/3794
f 2187/3750/3718 2188/3828/3794 2190/3752/3720
f 2190/3752/3720 2188/3828/3794 2189/3826/3792
f 2190/3752/3720 2189/3826/3792 2255/3754/3722
f 2255/3754/3722 2189/3826/3792 2256/3824/3790
f 2255/3754/3722 2256/3824/3790 2253/3756/3724
f 2253/3756/3724 2256/3824/3790 2254/3896/3860
f 2253/3756/3724 2254/3896/3860 2251/3758/3726
f 2251/3758/3726 2254/3896/3860 2252/3894/3858
f 2251/3758/3726 2252/3894/3858 2249/3760/3728
f 2249/3760/3728 2252/3894/3858 2250/3892/3856
f 2249/3760/3728 2250/3892/3856 2247/3762/3730
f 2247/3762/3730 2250/3892/3856 2248/3890/3854
f 2247/3762/3730 2248/3890/3854 2245/3764/3732
f 2245/3764/3732 2248/3890/3854 2246/3888/3852
f 2245/3764/3732 2246/3888/3852 2243/3766/3734
f 2243/3766/3734 2246/3888/3852 2244/3886/3850
f 2243/3766/3734 2244/3886/3850 2241/3768/3736
f 2241/3768/3736 2244/3886/3850 2242/3884/3848
f 2241/3768/3736 2242/3884/3848 2239/3770/3738
f 2239/3770/3738 2242/3884/3848 2240/3882/3846
f 2239/3770/3738 2240/3882/3846 2237/3772/3740
f 2237/3772/3740 2240/3882/3846 2238/3880/3844
f 2237/3772/3740 2238/3880/3844 2235/3774/3742
f 2235/3774/3742 2238/3880/3844 2236/3878/3842
f 2235/3774/3742 2236/3878/3842 2233/3776/3744
f 2233/3776/3744 2236/3878/3842 2234/3876/3840
f 2233/3776/3744 2234/3876/3840 2231/3778/3746
f 2231/3778/3746 2234/3876/3840 2232/3874/3838
f 2231/3778/3746 2232/3874/3838 2229/3780/3748
f 2229/3780/3748 2232/3874/3838 2230/3872/3836
f 2229/3780/3748 2230/3872/3836 2227/3782/3750
f 2227/3782/3750 2230/3872/3836 2228/3870/3834
f 2227/3782/3750 2228/3870/3834 2225/3784/3752
f 2225/3784/3752 2228/3870/3834 2226/3868/3832
f 2225/3784/3752 2226/3868/3832 2223/3786/3754
f 2223/3786/3754 2226/3868/3832 2224/3866/3830
f 2223/3786/3754 2224/3866/3830 2185/3788/3756
f 2185/3788/3756 2224/3866/3830 2186/3864/3828
f 2102/3897/3861 2101/3898/3862 2103/3899/3863
f 2103/3899/3863 2101/3898/3862 2148/3900/3864
f 2103/3899/3863 2148/3900/3864 2104/3901/3865
f 2104/3901/3865 2148/3900/3864 2105/3902/3866
f 2105/3902/3866 2148/3900/3864 2147/3903/3867
f 2105/3902/3866 2147/3903/3867 2106/3904/3868
f 2106/3904/3868 2147/3903/3867 2107/3905/3869
f 2107/3905/3869 2147/3903/3867 2108/3906/3870
f 2108/3906/3870 2147/3903/3867 2146/3907/3871
f 2108/3906/3870 2146/3907/3871 2109/3908/3872
f 2109/3908/3872 2146/3907/3871 2145/3909/3873
f 2109/3908/3872 2145/3909/3873 2144/3910/3874
f 2144/3910/3874 2143/3911/3875 2109/3908/3872
f 2109/3908/3872 2143/3911/3875 2142/3912/3876
f 2109/3908/3872 2142/3912/3876 2141/3913/3877
f 2141/3913/3877 2140/3914/3878 2109/3908/3872
f 2109/3908/3872 2140/3914/3878 2139/3915/3879
f 2109/3908/3872 2139/3915/3879 2138/3916/3880
f 2138/3916/3880 2137/3917/3881 2109/3908/3872
f 2109/3908/3872 2137/3917/3881 2110/3918/3882
f 2110/3918/3882 2137/3917/3881 2136/3919/3883
f 2110/3918/3882 2136/3919/3883 2111/3920/3884
f 2111/3920/3884 2136/3919/3883 2135/3921/3885
f 2111/3920/3884 2135/3921/3885 2134/3922/3886
f 2111/3920/3884 2134/3922/3886 2112/3923/3887
f 2112/3923/3887 2134/3922/3886 2133/3924/3888
f 2112/3923/3887 2133/3924/3888 2113/3925/3889
f 2113/3925/3889 2133/3924/3888 2132/3926/3890
f 2113/3925/3889 2132/3926/3890 2131/3927/3891
f 2113/3925/3889 2131/3927/3891 2114/3928/3892
f 2114/3928/3892 2131/3927/3891 2130/3929/3893
f 2114/3928/3892 2130/3929/3893 2115/3930/3894
f 2115/3930/3894 2130/3929/3893 2129/3931/3895
f 2115/3930/3894 2129/3931/3895 2128/3932/3896
f 2115/3930/3894 2128/3932/3896 2116/3933/3897
f 2116/3933/3897 2128/3932/3896 2127/3934/3898
f 2116/3933/3897 2127/3934/3898 2117/3935/3899
f 2117/3935/3899 2127/3934/3898 2126/3936/3900
f 2117/3935/3899 2126/3936/3900 2125/3937/3901
f 2117/3935/3899 2125/3937/3901 2118/3938/3902
f 2118/3938/3902 2125/3937/3901 2124/3939/3903
f 2118/3938/3902 2124/3939/3903 2119/3940/3904
f 2119/3940/3904 2124/3939/3903 2123/3941/3905
f 2119/3940/3904 2123/3941/3905 2122/3942/3906
f 2121/3943/3907 2120/3944/3908 2122/3942/3906
f 2122/3942/3906 2120/3944/3908 2119/3940/3904
f 2258/3945/3909 2259/3946/3910 2257/3947/3911
f 2257/3947/3911 2259/3946/3910 2304/3948/3912
f 2304/3948/3912 2259/3946/3910 2260/3949/3913
f 2304/3948/3912 2260/3949/3913 2261/3950/3914
f 2262/3951/3915 2182/3952/3916 2261/3950/3914
f 2261/3950/3914 2182/3952/3916 2303/3953/3917
f 2261/3950/3914 2303/3953/3917 2304/3948/3912
f 2262/3951/3915 2263/3954/3918 2182/3952/3916
f 2182/3952/3916 2263/3954/3918 2183/3955/3919
f 2183/3955/3919 2263/3954/3918 2264/3956/3920
f 2183/3955/3919 2264/3956/3920 2265/3957/3921
f 2183/3955/3919 2265/3957/3921 2184/3958/3922
f 2184/3958/3922 2265/3957/3921 2266/3959/3923
f 2184/3958/3922 2266/3959/3923 2149/3960/3924
f 2149/3960/3924 2266/3959/3923 2267/3961/3925
f 2149/3960/3924 2267/3961/3925 2150/3962/3926
f 2150/3962/3926 2267/3961/3925 2268/3963/3927
f 2150/3962/3926 2268/3963/3927 2151/3964/3928
f 2151/3964/3928 2268/3963/3927 2269/3965/3929
f 2151/3964/3928 2269/3965/3929 2270/3966/3930
f 2151/3964/3928 2270/3966/3930 2152/3967/3931
f 2152/3967/3931 2270/3966/3930 2271/3968/3932
f 2152/3967/3931 2271/3968/3932 2153/3969/3933
f 2153/3969/3933 2271/3968/3932 2272/3970/3934
f 2153/3969/3933 2272/3970/3934 2154/3971/3935
f 2154/3971/3935 2272/3970/3934 2273/3972/3936
f 2154/3971/3935 2273/3972/3936 2155/3973/3937
f 2155/3973/3937 2273/3972/3936 2274/3974/3938
f 2155/3973/3937 2274/3974/3938 2156/3975/3939
f 2156/3975/3939 2274/3974/3938 2275/3976/3940
f 2156/3975/3939 2275/3976/3940 2276/3977/3941
f 2156/3975/3939 2276/3977/3941 2157/3978/3942
f 2157/3978/3942 2276/3977/3941 2277/3979/3943
f 2157/3978/3942 2277/3979/3943 2158/3980/3944
f 2158/3980/3944 2277/3979/3943 2278/3981/3945
f 2158/3980/3944 2278/3981/3945 2159/3982/3946
f 2159/3982/3946 2278/3981/3945 2279/3983/3947
f 2159/3982/3946 2279/3983/3947 2160/3984/3948
f 2160/3984/3948 2279/3983/3947 2280/3985/3949
f 2160/3984/3948 2280/3985/3949 2281/3986/3950
f 2160/3984/3948 2281/3986/3950 2161/3987/3951
f 2161/3987/3951 2281/3986/3950 2282/3988/3952
f 2161/3987/3951 2282/3988/3952 2283/3989/3953
f 2284/3990/3954 2288/3991/3955 2283/3989/3953
f 2283/3989/3953 2288/3991/3955 2289/3992/3956
f 2283/3989/3953 2289/3992/3956 2161/3987/3951
f 2161/3987/3951 2289/3992/3956 2162/3993/3957
f 2162/3993/3957 2289/3992/3956 2290/3994/3958
f 2162/3993/3957 2290/3994/3958 2163/3995/3959
f 2163/3995/3959 2290/3994/3958 2291/3996/3960
f 2163/3995/3959 2291/3996/3960 2164/3997/3961
f 2164/3997/3961 2291/3996/3960 2292/3998/3962
f 2164/3997/3961 2292/3998/3962 2165/3999/3963
f 2165/3999/3963 2292/3998/3962 2166/4000/3964
f 2166/4000/3964 2292/3998/3962 2293/4001/3965
f 2166/4000/3964 2293/4001/3965 2167/4002/3966
f 2167/4002/3966 2293/4001/3965 2294/4003/3967
f 2167/4002/3966 2294/4003/3967 2168/4004/3968
f 2168/4004/3968 2294/4003/3967 2169/4005/3969
f 2169/4005/3969 2294/4003/3967 2295/4006/3970
f 2169/4005/3969 2295/4006/3970 2170/4007/3971
f 2170/4007/3971 2295/4006/3970 2171/4008/3972
f 2171/4008/3972 2295/4006/3970 2296/4009/3973
f 2171/4008/3972 2296/4009/3973 2172/4010/3974
f 2172/4010/3974 2296/4009/3973 2297/4011/3975
f 2172/4010/3974 2297/4011/3975 2173/4012/3976
f 2173/4012/3976 2297/4011/3975 2174/4013/3977
f 2174/4013/3977 2297/4011/3975 2298/4014/3978
f 2174/4013/3977 2298/4014/3978 2175/4015/3979
f 2175/4015/3979 2298/4014/3978 2176/4016/3980
f 2176/4016/3980 2298/4014/3978 2299/4017/3981
f 2176/4016/3980 2299/4017/3981 2177/4018/3982
f 2177/4018/3982 2299/4017/3981 2300/4019/3983
f 2177/4018/3982 2300/4019/3983 2178/4020/3984
f 2178/4020/3984 2300/4019/3983 2179/4021/3985
f 2179/4021/3985 2300/4019/3983 2301/4022/3986
f 2179/4021/3985 2301/4022/3986 2180/4023/3987
f 2180/4023/3987 2301/4022/3986 2302/4024/3988
f 2180/4023/3987 2302/4024/3988 2181/4025/3989
f 2181/4025/3989 2302/4024/3988 2303/3953/3917
f 2181/4025/3989 2303/3953/3917 2182/3952/3916
f 2284/3990/3954 2285/4026/3990 2288/3991/3955
f 2288/3991/3955 2285/4026/3990 2287/4027/3991
f 2287/4027/3991 2285/4026/3990 2286/4028/3992
f 2305/4029/3993 2306/4030/3994 2257/4031/3995
f 2257/4031/3995 2306/4030/3994 2258/4032/3996
f 2258/4033/3997 2306/4034/3998 2259/4035/3999
f 2259/4035/3999 2306/4034/3998 2307/4036/4000
f 2259/4035/3999 2307/4036/4000 2308/4037/4001
f 2259/4035/3999 2308/4037/4001 2260/4038/4002
f 2260/4038/4002 2308/4037/4001 2309/4039/4003
f 2260/4038/4002 2309/4039/4003 2261/4040/4004
f 2261/4040/4004 2309/4039/4003 2310/4041/4005
f 2261/4040/4004 2310/4041/4005 2262/4042/4006
f 2262/4042/4006 2310/4041/4005 2311/4043/4007
f 2262/4042/4006 2311/4043/4007 2263/4044/4008
f 2263/4044/4008 2311/4043/4007 2312/4045/4009
f 2263/4044/4008 2312/4045/4009 2264/4046/4010
f 2264/4046/4010 2312/4045/4009 2313/4047/4011
f 2264/4046/4010 2313/4047/4011 2265/4048/4012
f 2265/4048/4012 2313/4047/4011 2314/4049/4013
f 2265/4048/4012 2314/4049/4013 2266/4050/4014
f 2266/4050/4014 2314/4049/4013 2315/4051/4015
f 2266/4050/4014 2315/4051/4015 2267/4052/4016
f 2267/4052/4016 2315/4051/4015 2316/4053/4017
f 2267/4052/4016 2316/4053/4017 2268/4054/4018
f 2268/4054/4018 2316/4053/4017 2317/4055/4019
f 2268/4054/4018 2317/4055/4019 2269/4056/4020
f 2269/4056/4020 2317/4055/4019 2318/4057/4021
f 2269/4056/4020 2318/4057/4021 2270/4058/4022
f 2270/4058/4022 2318/4057/4021 2319/4059/4023
f 2270/4058/4022 2319/4059/4023 2271/4060/4024
f 2271/4060/4024 2319/4059/4023 2320/4061/4025
f 2271/4060/4024 2320/4061/4025 2272/4062/4026
f 2272/4062/4026 2320/4061/4025 2321/4063/4027
f 2272/4062/4026 2321/4063/4027 2273/4064/4028
f 2273/4064/4028 2321/4063/4027 2322/4065/4029
f 2273/4064/4028 2322/4065/4029 2274/4066/4030
f 2274/4066/4030 2322/4065/4029 2323/4067/4031
f 2274/4066/4030 2323/4067/4031 2275/4068/4032
f 2275/4068/4032 2323/4067/4031 2324/4069/4033
f 2275/4068/4032 2324/4069/4033 2276/4070/4034
f 2276/4070/4034 2324/4069/4033 2325/4071/4035
f 2276/4070/4034 2325/4071/4035 2277/4072/4036
f 2277/4072/4036 2325/4071/4035 2326/4073/4037
f 2277/4072/4036 2326/4073/4037 2278/4074/4038
f 2278/4074/4038 2326/4073/4037 2327/4075/4039
f 2278/4074/4038 2327/4075/4039 2279/4076/4040
f 2279/4076/4040 2327/4075/4039 2328/4077/4041
f 2279/4076/4040 2328/4077/4041 2280/4078/4042
f 2280/4078/4042 2328/4077/4041 2329/4079/4043
f 2280/4078/4042 2329/4079/4043 2281/4080/4044
f 2281/4080/4044 2329/4079/4043 2330/4081/4045
f 2281/4080/4044 2330/4081/4045 2282/4082/4046
f 2282/4082/4046 2330/4081/4045 2331/4083/4047
f 2282/4082/4046 2331/4083/4047 2283/4084/4048
f 2283/4084/4048 2331/4083/4047 2332/4085/4049
f 2283/4084/4048 2332/4085/4049 2284/4086/4050
f 2284/4086/4050 2332/4085/4049 2333/4087/4051
f 2284/4086/4050 2333/4087/4051 2285/4088/4052
f 2285/4088/4052 2333/4087/4051 2286/4089/4053
f 2286/4089/4053 2333/4087/4051 2334/4090/4054
f 2334/4091/4055 2335/4092/4056 2286/4093/4057
f 2286/4093/4057 2335/4092/4056 2287/4094/4058
f 2287/4095/4059 2335/4096/4060 2288/4097/4061
f 2288/4097/4061 2335/4096/4060 2336/4098/4062
f 2288/4097/4061 2336/4098/4062 2337/4099/4063
f 2288/4097/4061 2337/4099/4063 2289/4100/4064
f 2289/4100/4064 2337/4099/4063 2338/4101/4065
f 2289/4100/4064 2338/4101/4065 2290/4102/4066
f 2290/4102/4066 2338/4101/4065 2339/4103/4067
f 2290/4102/4066 2339/4103/4067 2291/4104/4068
f 2291/4104/4068 2339/4103/4067 2340/4105/4069
f 2291/4104/4068 2340/4105/4069 2292/4106/4070
f 2292/4106/4070 2340/4105/4069 2341/4107/4071
f 2292/4106/4070 2341/4107/4071 2293/4108/4072
f 2293/4108/4072 2341/4107/4071 2342/4109/4073
f 2293/4108/4072 2342/4109/4073 2294/4110/4074
f 2294/4110/4074 2342/4109/4073 2343/4111/4075
f 2294/4110/4074 2343/4111/4075 2295/4112/4076
f 2295/4112/4076 2343/4111/4075 2344/4113/4077
f 2295/4112/4076 2344/4113/4077 2296/4114/4078
f 2296/4114/4078 2344/4113/4077 2345/4115/4079
f 2296/4114/4078 2345/4115/4079 2297/4116/4080
f 2297/4116/4080 2345/4115/4079 2346/4117/4081
f 2297/4116/4080 2346/4117/4081 2298/4118/4082
f 2298/4118/4082 2346/4117/4081 2347/4119/4083
f 2298/4118/4082 2347/4119/4083 2299/4120/4084
f 2299/4120/4084 2347/4119/4083 2348/4121/4085
f 2299/4120/4084 2348/4121/4085 2300/4122/4086
f 2300/4122/4086 2348/4121/4085 2349/4123/4087
f 2300/4122/4086 2349/4123/4087 2301/4124/4088
f 2301/4124/4088 2349/4123/4087 2350/4125/4089
f 2301/4124/4088 2350/4125/4089 2302/4126/4090
f 2302/4126/4090 2350/4125/4089 2351/4127/4091
f 2302/4126/4090 2351/4127/4091 2303/4128/4092
f 2303/4128/4092 2351/4127/4091 2352/4129/4093
f 2303/4128/4092 2352/4129/4093 2304/4130/4094
f 2304/4130/4094 2352/4129/4093 2257/4131/4095
f 2257/4131/4095 2352/4129/4093 2305/4132/4096
f 2306/4133/4097 2305/4134/4098 2307/4135/4099
f 2307/4135/4099 2305/4134/4098 2352/4136/4100
f 2307/4135/4099 2352/4136/4100 2308/4137/4101
f 2308/4137/4101 2352/4136/4100 2309/4138/4102
f 2309/4138/4102 2352/4136/4100 2351/4139/4103
f 2309/4138/4102 2351/4139/4103 2386/4140/4104
f 2386/4140/4104 2351/4139/4103 2385/4141/4105
f 2385/4141/4105 2351/4139/4103 2350/4142/4106
f 2385/4141/4105 2350/4142/4106 2384/4143/4107
f 2384/4143/4107 2350/4142/4106 2349/4144/4108
f 2384/4143/4107 2349/4144/4108 2383/4145/4109
f 2383/4145/4109 2349/4144/4108 2348/4146/4110
f 2383/4145/4109 2348/4146/4110 2382/4147/4111
f 2382/4147/4111 2348/4146/4110 2381/4148/4112
f 2381/4148/4112 2348/4146/4110 2347/4149/4113
f 2381/4148/4112 2347/4149/4113 2380/4150/4114
f 2380/4150/4114 2347/4149/4113 2346/4151/4115
f 2380/4150/4114 2346/4151/4115 2379/4152/4116
f 2379/4152/4116 2346/4151/4115 2378/4153/4117
f 2378/4153/4117 2346/4151/4115 2345/4154/4118
f 2378/4153/4117 2345/4154/4118 2377/4155/4119
f 2377/4155/4119 2345/4154/4118 2376/4156/4120
f 2376/4156/4120 2345/4154/4118 2344/4157/4121
f 2376/4156/4120 2344/4157/4121 2375/4158/4122
f 2375/4158/4122 2344/4157/4121 2343/4159/4123
f 2375/4158/4122 2343/4159/4123 2374/4160/4124
f 2374/4160/4124 2343/4159/4123 2373/4161/4125
f 2373/4161/4125 2343/4159/4123 2342/4162/4126
f 2373/4161/4125 2342/4162/4126 2372/4163/4127
f 2372/4163/4127 2342/4162/4126 2371/4164/4128
f 2371/4164/4128 2342/4162/4126 2341/4165/4129
f 2371/4164/4128 2341/4165/4129 2370/4166/4130
f 2370/4166/4130 2341/4165/4129 2340/4167/4131
f 2370/4166/4130 2340/4167/4131 2369/4168/4132
f 2369/4168/4132 2340/4167/4131 2368/4169/4133
f 2368/4169/4133 2340/4167/4131 2339/4170/4134
f 2368/4169/4133 2339/4170/4134 2367/4171/4135
f 2367/4171/4135 2339/4170/4134 2338/4172/4136
f 2367/4171/4135 2338/4172/4136 2366/4173/4137
f 2366/4173/4137 2338/4172/4136 2337/4174/4138
f 2366/4173/4137 2337/4174/4138 2365/4175/4139
f 2365/4175/4139 2337/4174/4138 2331/4176/4140
f 2365/4175/4139 2331/4176/4140 2330/4177/4141
f 2337/4174/4138 2336/4178/4142 2331/4176/4140
f 2331/4176/4140 2336/4178/4142 2332/4179/4143
f 2332/4179/4143 2336/4178/4142 2333/4180/4144
f 2333/4180/4144 2336/4178/4142 2335/4181/4145
f 2333/4180/4144 2335/4181/4145 2334/4182/4146
f 2330/4177/4141 2329/4183/4147 2365/4175/4139
f 2365/4175/4139 2329/4183/4147 2364/4184/4148
f 2364/4184/4148 2329/4183/4147 2328/4185/4149
f 2364/4184/4148 2328/4185/4149 2327/4186/4150
f 2364/4184/4148 2327/4186/4150 2363/4187/4151
f 2363/4187/4151 2327/4186/4150 2326/4188/4152
f 2363/4187/4151 2326/4188/4152 2362/4189/4153
f 2362/4189/4153 2326/4188/4152 2325/4190/4154
f 2362/4189/4153 2325/4190/4154 2361/4191/4155
f 2361/4191/4155 2325/4190/4154 2324/4192/4156
f 2361/4191/4155 2324/4192/4156 2360/4193/4157
f 2360/4193/4157 2324/4192/4156 2323/4194/4158
f 2360/4193/4157 2323/4194/4158 2322/4195/4159
f 2360/4193/4157 2322/4195/4159 2359/4196/4160
f 2359/4196/4160 2322/4195/4159 2321/4197/4161
f 2359/4196/4160 2321/4197/4161 2358/4198/4162
f 2358/4198/4162 2321/4197/4161 2320/4199/4163
f 2358/4198/4162 2320/4199/4163 2357/4200/4164
f 2357/4200/4164 2320/4199/4163 2319/4201/4165
f 2357/4200/4164 2319/4201/4165 2356/4202/4166
f 2356/4202/4166 2319/4201/4165 2318/4203/4167
f 2356/4202/4166 2318/4203/4167 2355/4204/4168
f 2355/4204/4168 2318/4203/4167 2317/4205/4169
f 2355/4204/4168 2317/4205/4169 2316/4206/4170
f 2355/4204/4168 2316/4206/4170 2354/4207/4171
f 2354/4207/4171 2316/4206/4170 2315/4208/4172
f 2354/4207/4171 2315/4208/4172 2353/4209/4173
f 2353/4209/4173 2315/4208/4172 2314/4210/4174
f 2353/4209/4173 2314/4210/4174 2388/4211/4175
f 2388/4211/4175 2314/4210/4174 2313/4212/4176
f 2388/4211/4175 2313/4212/4176 2387/4213/4177
f 2387/4213/4177 2313/4212/4176 2312/4214/4178
f 2387/4213/4177 2312/4214/4178 2311/4215/4179
f 2387/4213/4177 2311/4215/4179 2386/4140/4104
f 2386/4140/4104 2311/4215/4179 2310/4216/4180
f 2386/4140/4104 2310/4216/4180 2309/4138/4102
f 2390/4217/4181 2427/4218/4182 2389/4219/4183
f 2389/4219/4183 2427/4218/4182 2430/4220/4184
f 2389/4219/4183 2430/4220/4184 2424/4221/4185
f 2424/4221/4185 2430/4220/4184 2495/4222/4186
f 2424/4221/4185 2495/4222/4186 2423/4223/4187
f 2423/4223/4187 2495/4222/4186 2493/4224/4188
f 2423/4223/4187 2493/4224/4188 2422/4225/4189
f 2422/4225/4189 2493/4224/4188 2491/4226/4190
f 2422/4225/4189 2491/4226/4190 2421/4227/4191
f 2421/4227/4191 2491/4226/4190 2489/4228/4192
f 2421/4227/4191 2489/4228/4192 2420/4229/4193
f 2420/4229/4193 2489/4228/4192 2487/4230/4194
f 2420/4229/4193 2487/4230/4194 2419/4231/4195
f 2419/4231/4195 2487/4230/4194 2485/4232/4196
f 2419/4231/4195 2485/4232/4196 2418/4233/4197
f 2418/4233/4197 2485/4232/4196 2483/4234/4198
f 2418/4233/4197 2483/4234/4198 2417/4235/4199
f 2417/4235/4199 2483/4234/4198 2481/4236/4200
f 2417/4235/4199 2481/4236/4200 2416/4237/4201
f 2416/4237/4201 2481/4236/4200 2479/4238/4202
f 2416/4237/4201 2479/4238/4202 2415/4239/4203
f 2415/4239/4203 2479/4238/4202 2477/4240/4204
f 2415/4239/4203 2477/4240/4204 2414/4241/4205
f 2414/4241/4205 2477/4240/4204 2475/4242/4206
f 2414/4241/4205 2475/4242/4206 2413/4243/4207
f 2413/4243/4207 2475/4242/4206 2473/4244/4208
f 2413/4243/4207 2473/4244/4208 2412/4245/4209
f 2412/4245/4209 2473/4244/4208 2471/4246/4210
f 2412/4245/4209 2471/4246/4210 2411/4247/4211
f 2411/4247/4211 2471/4246/4210 2469/4248/4212
f 2411/4247/4211 2469/4248/4212 2410/4249/4213
f 2410/4249/4213 2469/4248/4212 2467/4250/4214
f 2410/4249/4213 2467/4250/4214 2409/4251/4215
f 2409/4251/4215 2467/4250/4214 2465/4252/4216
f 2409/4251/4215 2465/4252/4216 2408/4253/4217
f 2408/4253/4217 2465/4252/4216 2463/4254/4218
f 2408/4253/4217 2463/4254/4218 2407/4255/4219
f 2407/4255/4219 2463/4254/4218 2425/4256/4220
f 2407/4257/4219 2425/4258/4220 2406/4259/4221
f 2406/4259/4221 2425/4258/4220 2461/4260/4222
f 2406/4259/4221 2461/4260/4222 2405/4261/4223
f 2405/4261/4223 2461/4260/4222 2459/4262/4224
f 2405/4261/4223 2459/4262/4224 2404/4263/4225
f 2404/4263/4225 2459/4262/4224 2457/4264/4226
f 2404/4263/4225 2457/4264/4226 2403/4265/4227
f 2403/4265/4227 2457/4264/4226 2455/4266/4228
f 2403/4265/4227 2455/4266/4228 2402/4267/4229
f 2402/4267/4229 2455/4266/4228 2453/4268/4230
f 2402/4267/4229 2453/4268/4230 2401/4269/4231
f 2401/4269/4231 2453/4268/4230 2451/4270/4232
f 2401/4269/4231 2451/4270/4232 2400/4271/4233
f 2400/4271/4233 2451/4270/4232 2449/4272/4234
f 2400/4271/4233 2449/4272/4234 2399/4273/4235
f 2399/4273/4235 2449/4272/4234 2447/4274/4236
f 2399/4273/4235 2447/4274/4236 2398/4275/4237
f 2398/4275/4237 2447/4274/4236 2445/4276/4238
f 2398/4275/4237 2445/4276/4238 2397/4277/4239
f 2397/4277/4239 2445/4276/4238 2443/4278/4240
f 2397/4277/4239 2443/4278/4240 2396/4279/4241
f 2396/4279/4241 2443/4278/4240 2441/4280/4242
f 2396/4279/4241 2441/4280/4242 2395/4281/4243
f 2395/4281/4243 2441/4280/4242 2439/4282/4244
f 2395/4281/4243 2439/4282/4244 2394/4283/4245
f 2394/4283/4245 2439/4282/4244 2437/4284/4246
f 2394/4283/4245 2437/4284/4246 2393/4285/4247
f 2393/4285/4247 2437/4284/4246 2435/4286/4248
f 2393/4285/4247 2435/4286/4248 2392/4287/4249
f 2392/4287/4249 2435/4286/4248 2433/4288/4250
f 2392/4287/4249 2433/4288/4250 2391/4289/4251
f 2391/4289/4251 2433/4288/4250 2431/4290/4252
f 2391/4289/4251 2431/4290/4252 2390/4217/4181
f 2390/4217/4181 2431/4290/4252 2427/4218/4182
f 2388/4291/4253 2496/4292/4254 2353/4293/4255
f 2353/4293/4255 2496/4292/4254 2429/4294/4256
f 2353/4293/4255 2429/4294/4256 2354/4295/4257
f 2354/4295/4257 2429/4294/4256 2428/4296/4258
f 2354/4295/4257 2428/4296/4258 2355/4297/4259
f 2355/4297/4259 2428/4296/4258 2432/4298/4260
f 2355/4297/4259 2432/4298/4260 2356/4299/4261
f 2356/4299/4261 2432/4298/4260 2434/4300/4262
f 2356/4299/4261 2434/4300/4262 2357/4301/4263
f 2357/4301/4263 2434/4300/4262 2436/4302/4264
f 2357/4301/4263 2436/4302/4264 2358/4303/4265
f 2358/4303/4265 2436/4302/4264 2438/4304/4266
f 2358/4303/4265 2438/4304/4266 2359/4305/4267
f 2359/4305/4267 2438/4304/4266 2440/4306/4268
f 2359/4305/4267 2440/4306/4268 2360/4307/4269
f 2360/4307/4269 2440/4306/4268 2442/4308/4270
f 2360/4307/4269 2442/4308/4270 2361/4309/4271
f 2361/4309/4271 2442/4308/4270 2444/4310/4272
f 2361/4309/4271 2444/4310/4272 2362/4311/4273
f 2362/4311/4273 2444/4310/4272 2446/4312/4274
f 2362/4311/4273 2446/4312/4274 2363/4313/4275
f 2363/4313/4275 2446/4312/4274 2448/4314/4276
f 2363/4313/4275 2448/4314/4276 2364/4315/4277
f 2364/4315/4277 2448/4314/4276 2450/4316/4278
f 2364/4315/4277 2450/4316/4278 2365/4317/4279
f 2365/4317/4279 2450/4316/4278 2452/4318/4280
f 2365/4317/4279 2452/4318/4280 2366/4319/4281
f 2366/4319/4281 2452/4318/4280 2454/4320/4282
f 2366/4319/4281 2454/4320/4282 2367/4321/4283
f 2367/4321/4283 2454/4320/4282 2456/4322/4284
f 2367/4321/4283 2456/4322/4284 2368/4323/4285
f 2368/4323/4285 2456/4322/4284 2458/4324/4286
f 2368/4323/4285 2458/4324/4286 2369/4325/4287
f 2369/4325/4287 2458/4324/4286 2460/4326/4288
f 2369/4325/4287 2460/4326/4288 2370/4327/4289
f 2370/4327/4289 2460/4326/4288 2462/4328/4290
f 2370/4327/4289 2462/4328/4290 2371/4329/4291
f 2371/4329/4291 2462/4328/4290 2426/4330/4292
f 2371/4331/4291 2426/4332/4292 2372/4333/4293
f 2372/4333/4293 2426/4332/4292 2464/4334/4294
f 2372/4333/4293 2464/4334/4294 2373/4335/4295
f 2373/4335/4295 2464/4334/4294 2466/4336/4296
f 2373/4335/4295 2466/4336/4296 2374/4337/4297
f 2374/4337/4297 2466/4336/4296 2468/4338/4298
f 2374/4337/4297 2468/4338/4298 2375/4339/4299
f 2375/4339/4299 2468/4338/4298 2470/4340/4300
f 2375/4339/4299 2470/4340/4300 2376/4341/4301
f 2376/4341/4301 2470/4340/4300 2472/4342/4302
f 2376/4341/4301 2472/4342/4302 2377/4343/4303
f 2377/4343/4303 2472/4342/4302 2474/4344/4304
f 2377/4343/4303 2474/4344/4304 2378/4345/4305
f 2378/4345/4305 2474/4344/4304 2476/4346/4306
f 2378/4345/4305 2476/4346/4306 2379/4347/4307
f 2379/4347/4307 2476/4346/4306 2478/4348/4308
f 2379/4347/4307 2478/4348/4308 2380/4349/4309
f 2380/4349/4309 2478/4348/4308 2480/4350/4310
f 2380/4349/4309 2480/4350/4310 2381/4351/4311
f 2381/4351/4311 2480/4350/4310 2482/4352/4312
f 2381/4351/4311 2482/4352/4312 2382/4353/4313
f 2382/4353/4313 2482/4352/4312 2484/4354/4314
f 2382/4353/4313 2484/4354/4314 2383/4355/4315
f 2383/4355/4315 2484/4354/4314 2486/4356/4316
f 2383/4355/4315 2486/4356/4316 2384/4357/4317
f 2384/4357/4317 2486/4356/4316 2488/4358/4318
f 2384/4357/4317 2488/4358/4318 2385/4359/4319
f 2385/4359/4319 2488/4358/4318 2490/4360/4320
f 2385/4359/4319 2490/4360/4320 2386/4361/4321
f 2386/4361/4321 2490/4360/4320 2492/4362/4322
f 2386/4361/4321 2492/4362/4322 2387/4363/4323
f 2387/4363/4323 2492/4362/4322 2494/4364/4324
f 2387/4363/4323 2494/4364/4324 2388/4291/4253
f 2388/4291/4253 2494/4364/4324 2496/4292/4254
f 2425/4258/4220 2426/4330/4292 2461/4260/4222
f 2461/4260/4222 2426/4330/4292 2462/4328/4290
f 2461/4260/4222 2462/4328/4290 2459/4262/4224
f 2459/4262/4224 2462/4328/4290 2460/4326/4288
f 2459/4262/4224 2460/4326/4288 2457/4264/4226
f 2457/4264/4226 2460/4326/4288 2458/4324/4286
f 2457/4264/4226 2458/4324/4286 2455/4266/4228
f 2455/4266/4228 2458/4324/4286 2456/4322/4284
f 2455/4266/4228 2456/4322/4284 2453/4268/4230
f 2453/4268/4230 2456/4322/4284 2454/4320/4282
f 2453/4268/4230 2454/4320/4282 2451/4270/4232
f 2451/4270/4232 2454/4320/4282 2452/4318/4280
f 2451/4270/4232 2452/4318/4280 2449/4272/4234
f 2449/4272/4234 2452/4318/4280 2450/4316/4278
f 2449/4272/4234 2450/4316/4278 2447/4274/4236
f 2447/4274/4236 2450/4316/4278 2448/4314/4276
f 2447/4274/4236 2448/4314/4276 2445/4276/4238
f 2445/4276/4238 2448/4314/4276 2446/4312/4274
f 2445/4276/4238 2446/4312/4274 2443/4278/4240
f 2443/4278/4240 2446/4312/4274 2444/4310/4272
f 2443/4278/4240 2444/4310/4272 2441/4280/4242
f 2441/4280/4242 2444/4310/4272 2442/4308/4270
f 2441/4280/4242 2442/4308/4270 2439/4282/4244
f 2439/4282/4244 2442/4308/4270 2440/4306/4268
f 2439/4282/4244 2440/4306/4268 2437/4284/4246
f 2437/4284/4246 2440/4306/4268 2438/4304/4266
f 2437/4284/4246 2438/4304/4266 2435/4286/4248
f 2435/4286/4248 2438/4304/4266 2436/4302/4264
f 2435/4286/4248 2436/4302/4264 2433/4288/4250
f 2433/4288/4250 2436/4302/4264 2434/4300/4262
f 2433/4288/4250 2434/4300/4262 2431/4290/4252
f 2431/4290/4252 2434/4300/4262 2432/4298/4260
f 2431/4290/4252 2432/4298/4260 2427/4218/4182
f 2427/4218/4182 2432/4298/4260 2428/4296/4258
f 2427/4218/4182 2428/4296/4258 2430/4220/4184
f 2430/4220/4184 2428/4296/4258 2429/4294/4256
f 2430/4220/4184 2429/4294/4256 2495/4222/4186
f 2495/4222/4186 2429/4294/4256 2496/4292/4254
f 2495/4222/4186 2496/4292/4254 2493/4224/4188
f 2493/4224/4188 2496/4292/4254 2494/4364/4324
f 2493/4224/4188 2494/4364/4324 2491/4226/4190
f 2491/4226/4190 2494/4364/4324 2492/4362/4322
f 2491/4226/4190 2492/4362/4322 2489/4228/4192
f 2489/4228/4192 2492/4362/4322 2490/4360/4320
f 2489/4228/4192 2490/4360/4320 2487/4230/4194
f 2487/4230/4194 2490/4360/4320 2488/4358/4318
f 2487/4230/4194 2488/4358/4318 2485/4232/4196
f 2485/4232/4196 2488/4358/4318 2486/4356/4316
f 2485/4232/4196 2486/4356/4316 2483/4234/4198
f 2483/4234/4198 2486/4356/4316 2484/4354/4314
f 2483/4234/4198 2484/4354/4314 2481/4236/4200
f 2481/4236/4200 2484/4354/4314 2482/4352/4312
f 2481/4236/4200 2482/4352/4312 2479/4238/4202
f 2479/4238/4202 2482/4352/4312 2480/4350/4310
f 2479/4238/4202 2480/4350/4310 2477/4240/4204
f 2477/4240/4204 2480/4350/4310 2478/4348/4308
f 2477/4240/4204 2478/4348/4308 2475/4242/4206
f 2475/4242/4206 2478/4348/4308 2476/4346/4306
f 2475/4242/4206 2476/4346/4306 2473/4244/4208
f 2473/4244/4208 2476/4346/4306 2474/4344/4304
f 2473/4244/4208 2474/4344/4304 2471/4246/4210
f 2471/4246/4210 2474/4344/4304 2472/4342/4302
f 2471/4246/4210 2472/4342/4302 2469/4248/4212
f 2469/4248/4212 2472/4342/4302 2470/4340/4300
f 2469/4248/4212 2470/4340/4300 2467/4250/4214
f 2467/4250/4214 2470/4340/4300 2468/4338/4298
f 2467/4250/4214 2468/4338/4298 2465/4252/4216
f 2465/4252/4216 2468/4338/4298 2466/4336/4296
f 2465/4252/4216 2466/4336/4296 2463/4254/4218
f 2463/4254/4218 2466/4336/4296 2464/4334/4294
f 2463/4254/4218 2464/4334/4294 2425/4256/4220
f 2425/4256/4220 2464/4334/4294 2426/4332/4292
f 2498/4365/4325 2499/4366/4326 2497/4367/4327
f 2497/4367/4327 2499/4366/4326 2544/4368/4328
f 2544/4368/4328 2499/4366/4326 2500/4369/4329
f 2544/4368/4328 2500/4369/4329 2501/4370/4330
f 2502/4371/4331 2422/4372/4332 2501/4370/4330
f 2501/4370/4330 2422/4372/4332 2543/4373/4333
f 2501/4370/4330 2543/4373/4333 2544/4368/4328
f 2502/4371/4331 2503/4374/4334 2422/4372/4332
f 2422/4372/4332 2503/4374/4334 2423/4375/4335
f 2423/4375/4335 2503/4374/4334 2504/4376/4336
f 2423/4375/4335 2504/4376/4336 2505/4377/4337
f 2423/4375/4335 2505/4377/4337 2424/4378/4338
f 2424/4378/4338 2505/4377/4337 2506/4379/4339
f 2424/4378/4338 2506/4379/4339 2389/4380/4340
f 2389/4380/4340 2506/4379/4339 2507/4381/4341
f 2389/4380/4340 2507/4381/4341 2390/4382/4342
f 2390/4382/4342 2507/4381/4341 2508/4383/4343
f 2390/4382/4342 2508/4383/4343 2391/4384/4344
f 2391/4384/4344 2508/4383/4343 2509/4385/4345
f 2391/4384/4344 2509/4385/4345 2510/4386/4346
f 2391/4384/4344 2510/4386/4346 2392/4387/4347
f 2392/4387/4347 2510/4386/4346 2511/4388/4348
f 2392/4387/4347 2511/4388/4348 2393/4389/4349
f 2393/4389/4349 2511/4388/4348 2512/4390/4350
f 2393/4389/4349 2512/4390/4350 2394/4391/4351
f 2394/4391/4351 2512/4390/4350 2513/4392/4352
f 2394/4391/4351 2513/4392/4352 2395/4393/4353
f 2395/4393/4353 2513/4392/4352 2514/4394/4354
f 2395/4393/4353 2514/4394/4354 2396/4395/4355
f 2396/4395/4355 2514/4394/4354 2515/4396/4356
f 2396/4395/4355 2515/4396/4356 2516/4397/4357
f 2396/4395/4355 2516/4397/4357 2397/4398/4358
f 2397/4398/4358 2516/4397/4357 2517/4399/4359
f 2397/4398/4358 2517/4399/4359 2398/4400/4360
f 2398/4400/4360 2517/4399/4359 2518/4401/4361
f 2398/4400/4360 2518/4401/4361 2399/4402/4362
f 2399/4402/4362 2518/4401/4361 2519/4403/4363
f 2399/4402/4362 2519/4403/4363 2400/4404/4364
f 2400/4404/4364 2519/4403/4363 2520/4405/4365
f 2400/4404/4364 2520/4405/4365 2521/4406/4366
f 2400/4404/4364 2521/4406/4366 2401/4407/4367
f 2401/4407/4367 2521/4406/4366 2522/4408/4368
f 2401/4407/4367 2522/4408/4368 2523/4409/4369
f 2524/4410/4370 2528/4411/4371 2523/4409/4369
f 2523/4409/4369 2528/4411/4371 2529/4412/4372
f 2523/4409/4369 2529/4412/4372 2401/4407/4367
f 2401/4407/4367 2529/4412/4372 2402/4413/4373
f 2402/4413/4373 2529/4412/4372 2530/4414/4374
f 2402/4413/4373 2530/4414/4374 2403/4415/4375
f 2403/4415/4375 2530/4414/4374 2531/4416/4376
f 2403/4415/4375 2531/4416/4376 2404/4417/4377
f 2404/4417/4377 2531/4416/4376 2532/4418/4378
f 2404/4417/4377 2532/4418/4378 2405/4419/4379
f 2405/4419/4379 2532/4418/4378 2406/4420/4380
f 2406/4420/4380 2532/4418/4378 2533/4421/4381
f 2406/4420/4380 2533/4421/4381 2407/4422/4382
f 2407/4422/4382 2533/4421/4381 2534/4423/4383
f 2407/4422/4382 2534/4423/4383 2408/4424/4384
f 2408/4424/4384 2534/4423/4383 2409/4425/4385
f 2409/4425/4385 2534/4423/4383 2535/4426/4386
f 2409/4425/4385 2535/4426/4386 2410/4427/4387
f 2410/4427/4387 2535/4426/4386 2411/4428/4388
f 2411/4428/4388 2535/4426/4386 2536/4429/4389
f 2411/4428/4388 2536/4429/4389 2412/4430/4390
f 2412/4430/4390 2536/4429/4389 2537/4431/4391
f 2412/4430/4390 2537/4431/4391 2413/4432/4392
f 2413/4432/4392 2537/4431/4391 2414/4433/4393
f 2414/4433/4393 2537/4431/4391 2538/4434/4394
f 2414/4433/4393 2538/4434/4394 2415/4435/4395
f 2415/4435/4395 2538/4434/4394 2416/4436/4396
f 2416/4436/4396 2538/4434/4394 2539/4437/4397
f 2416/4436/4396 2539/4437/4397 2417/4438/4398
f 2417/4438/4398 2539/4437/4397 2540/4439/4399
f 2417/4438/4398 2540/4439/4399 2418/4440/4400
f 2418/4440/4400 2540/4439/4399 2419/4441/4401
f 2419/4441/4401 2540/4439/4399 2541/4442/4402
f 2419/4441/4401 2541/4442/4402 2420/4443/4403
f 2420/4443/4403 2541/4442/4402 2542/4444/4404
f 2420/4443/4403 2542/4444/4404 2421/4445/4405
f 2421/4445/4405 2542/4444/4404 2543/4373/4333
f 2421/4445/4405 2543/4373/4333 2422/4372/4332
f 2524/4410/4370 2525/4446/4406 2528/4411/4371
f 2528/4411/4371 2525/4446/4406 2527/4447/4407
f 2527/4447/4407 2525/4446/4406 2526/4448/4408
f 2545/4449/4409 2546/4450/4410 2497/4451/4411
f 2497/4451/4411 2546/4450/4410 2498/4452/4412
f 2498/4453/4413 2546/4454/4414 2499/4455/4415
f 2499/4455/4415 2546/4454/4414 2547/4456/4416
f 2499/4455/4415 2547/4456/4416 2548/4457/4417
f 2499/4455/4415 2548/4457/4417 2500/4458/4418
f 2500/4458/4418 2548/4457/4417 2549/4459/4419
f 2500/4458/4418 2549/4459/4419 2501/4460/4420
f 2501/4460/4420 2549/4459/4419 2550/4461/4421
f 2501/4460/4420 2550/4461/4421 2502/4462/4422
f 2502/4462/4422 2550/4461/4421 2551/4463/4423
f 2502/4462/4422 2551/4463/4423 2503/4464/4424
f 2503/4464/4424 2551/4463/4423 2552/4465/4425
f 2503/4464/4424 2552/4465/4425 2504/4466/4426
f 2504/4466/4426 2552/4465/4425 2553/4467/4427
f 2504/4466/4426 2553/4467/4427 2505/4468/4428
f 2505/4468/4428 2553/4467/4427 2554/4469/4429
f 2505/4468/4428 2554/4469/4429 2506/4470/4430
f 2506/4470/4430 2554/4469/4429 2555/4471/4431
f 2506/4470/4430 2555/4471/4431 2507/4472/4432
f 2507/4472/4432 2555/4471/4431 2556/4473/4433
f 2507/4472/4432 2556/4473/4433 2508/4474/4434
f 2508/4474/4434 2556/4473/4433 2557/4475/4435
f 2508/4474/4434 2557/4475/4435 2509/4476/4436
f 2509/4476/4436 2557/4475/4435 2558/4477/4437
f 2509/4476/4436 2558/4477/4437 2510/4478/4438
f 2510/4478/4438 2558/4477/4437 2559/4479/4439
f 2510/4478/4438 2559/4479/4439 2511/4480/4440
f 2511/4480/4440 2559/4479/4439 2560/4481/4441
f 2511/4480/4440 2560/4481/4441 2512/4482/4442
f 2512/4482/4442 2560/4481/4441 2561/4483/4443
f 2512/4482/4442 2561/4483/4443 2513/4484/4444
f 2513/4484/4444 2561/4483/4443 2562/4485/4445
f 2513/4484/4444 2562/4485/4445 2514/4486/4446
f 2514/4486/4446 2562/4485/4445 2563/4487/4447
f 2514/4486/4446 2563/4487/4447 2515/4488/4448
f 2515/4488/4448 2563/4487/4447 2564/4489/4449
f 2515/4488/4448 2564/4489/4449 2516/4490/4450
f 2516/4490/4450 2564/4489/4449 2565/4491/4451
f 2516/4490/4450 2565/4491/4451 2517/4492/4452
f 2517/4492/4452 2565/4491/4451 2566/4493/4453
f 2517/4492/4452 2566/4493/4453 2518/4494/4454
f 2518/4494/4454 2566/4493/4453 2567/4495/4455
f 2518/4494/4454 2567/4495/4455 2519/4496/4456
f 2519/4496/4456 2567/4495/4455 2568/4497/4457
f 2519/4496/4456 2568/4497/4457 2520/4498/4458
f 2520/4498/4458 2568/4497/4457 2569/4499/4459
f 2520/4498/4458 2569/4499/4459 2521/4500/4460
f 2521/4500/4460 2569/4499/4459 2570/4501/4461
f 2521/4500/4460 2570/4501/4461 2522/4502/4462
f 2522/4502/4462 2570/4501/4461 2571/4503/4463
f 2522/4502/4462 2571/4503/4463 2523/4504/4464
f 2523/4504/4464 2571/4503/4463 2572/4505/4465
f 2523/4504/4464 2572/4505/4465 2524/4506/4466
f 2524/4506/4466 2572/4505/4465 2573/4507/4467
f 2524/4506/4466 2573/4507/4467 2525/4508/4468
f 2525/4508/4468 2573/4507/4467 2526/4509/4469
f 2526/4509/4469 2573/4507/4467 2574/4510/4470
f 2574/4511/4471 2575/4512/4472 2526/4513/4473
f 2526/4513/4473 2575/4512/4472 2527/4514/4474
f 2527/4515/4475 2575/4516/4476 2528/4517/4477
f 2528/4517/4477 2575/4516/4476 2576/4518/4478
f 2528/4517/4477 2576/4518/4478 2577/4519/4479
f 2528/4517/4477 2577/4519/4479 2529/4520/4480
f 2529/4520/4480 2577/4519/4479 2578/4521/4481
f 2529/4520/4480 2578/4521/4481 2530/4522/4482
f 2530/4522/4482 2578/4521/4481 2579/4523/4483
f 2530/4522/4482 2579/4523/4483 2531/4524/4484
f 2531/4524/4484 2579/4523/4483 2580/4525/4485
f 2531/4524/4484 2580/4525/4485 2532/4526/4486
f 2532/4526/4486 2580/4525/4485 2581/4527/4487
f 2532/4526/4486 2581/4527/4487 2533/4528/4488
f 2533/4528/4488 2581/4527/4487 2582/4529/4489
f 2533/4528/4488 2582/4529/4489 2534/4530/4490
f 2534/4530/4490 2582/4529/4489 2583/4531/4491
f 2534/4530/4490 2583/4531/4491 2535/4532/4492
f 2535/4532/4492 2583/4531/4491 2584/4533/4493
f 2535/4532/4492 2584/4533/4493 2536/4534/4494
f 2536/4534/4494 2584/4533/4493 2585/4535/4495
f 2536/4534/4494 2585/4535/4495 2537/4536/4496
f 2537/4536/4496 2585/4535/4495 2586/4537/4497
f 2537/4536/4496 2586/4537/4497 2538/4538/4498
f 2538/4538/4498 2586/4537/4497 2587/4539/4499
f 2538/4538/4498 2587/4539/4499 2539/4540/4500
f 2539/4540/4500 2587/4539/4499 2588/4541/4501
f 2539/4540/4500 2588/4541/4501 2540/4542/4502
f 2540/4542/4502 2588/4541/4501 2589/4543/4503
f 2540/4542/4502 2589/4543/4503 2541/4544/4504
f 2541/4544/4504 2589/4543/4503 2590/4545/4505
f 2541/4544/4504 2590/4545/4505 2542/4546/4506
f 2542/4546/4506 2590/4545/4505 2591/4547/4507
f 2542/4546/4506 2591/4547/4507 2543/4548/4508
f 2543/4548/4508 2591/4547/4507 2592/4549/4509
f 2543/4548/4508 2592/4549/4509 2544/4550/4510
f 2544/4550/4510 2592/4549/4509 2497/4551/4511
f 2497/4551/4511 2592/4549/4509 2545/4552/4512
f 2546/4553/4513 2545/4554/4514 2547/4555/4515
f 2547/4555/4515 2545/4554/4514 2592/4556/4516
f 2547/4555/4515 2592/4556/4516 2548/4557/4517
f 2548/4557/4517 2592/4556/4516 2549/4558/4518
f 2549/4558/4518 2592/4556/4516 2591/4559/4519
f 2549/4558/4518 2591/4559/4519 2626/4560/4520
f 2626/4560/4520 2591/4559/4519 2625/4561/4521
f 2625/4561/4521 2591/4559/4519 2590/4562/4522
f 2625/4561/4521 2590/4562/4522 2624/4563/4523
f 2624/4563/4523 2590/4562/4522 2589/4564/4524
f 2624/4563/4523 2589/4564/4524 2623/4565/4525
f 2623/4565/4525 2589/4564/4524 2588/4566/4526
f 2623/4565/4525 2588/4566/4526 2622/4567/4527
f 2622/4567/4527 2588/4566/4526 2621/4568/4528
f 2621/4568/4528 2588/4566/4526 2587/4569/4529
f 2621/4568/4528 2587/4569/4529 2620/4570/4530
f 2620/4570/4530 2587/4569/4529 2586/4571/4531
f 2620/4570/4530 2586/4571/4531 2619/4572/4532
f 2619/4572/4532 2586/4571/4531 2618/4573/4533
f 2618/4573/4533 2586/4571/4531 2585/4574/4534
f 2618/4573/4533 2585/4574/4534 2617/4575/4535
f 2617/4575/4535 2585/4574/4534 2616/4576/4536
f 2616/4576/4536 2585/4574/4534 2584/4577/4537
f 2616/4576/4536 2584/4577/4537 2615/4578/4538
f 2615/4578/4538 2584/4577/4537 2583/4579/4539
f 2615/4578/4538 2583/4579/4539 2614/4580/4540
f 2614/4580/4540 2583/4579/4539 2613/4581/4541
f 2613/4581/4541 2583/4579/4539 2582/4582/4542
f 2613/4581/4541 2582/4582/4542 2612/4583/4543
f 2612/4583/4543 2582/4582/4542 2611/4584/4544
f 2611/4584/4544 2582/4582/4542 2581/4585/4545
f 2611/4584/4544 2581/4585/4545 2610/4586/4546
f 2610/4586/4546 2581/4585/4545 2580/4587/4547
f 2610/4586/4546 2580/4587/4547 2609/4588/4548
f 2609/4588/4548 2580/4587/4547 2608/4589/4549
f 2608/4589/4549 2580/4587/4547 2579/4590/4550
f 2608/4589/4549 2579/4590/4550 2607/4591/4551
f 2607/4591/4551 2579/4590/4550 2578/4592/4552
f 2607/4591/4551 2578/4592/4552 2606/4593/4553
f 2606/4593/4553 2578/4592/4552 2577/4594/4554
f 2606/4593/4553 2577/4594/4554 2605/4595/4555
f 2605/4595/4555 2577/4594/4554 2571/4596/4556
f 2605/4595/4555 2571/4596/4556 2570/4597/4557
f 2577/4594/4554 2576/4598/4558 2571/4596/4556
f 2571/4596/4556 2576/4598/4558 2572/4599/4559
f 2572/4599/4559 2576/4598/4558 2573/4600/4560
f 2573/4600/4560 2576/4598/4558 2575/4601/4561
f 2573/4600/4560 2575/4601/4561 2574/4602/4562
f 2570/4597/4557 2569/4603/4563 2605/4595/4555
f 2605/4595/4555 2569/4603/4563 2604/4604/4564
f 2604/4604/4564 2569/4603/4563 2568/4605/4565
f 2604/4604/4564 2568/4605/4565 2567/4606/4566
f 2604/4604/4564 2567/4606/4566 2603/4607/4567
f 2603/4607/4567 2567/4606/4566 2566/4608/4568
f 2603/4607/4567 2566/4608/4568 2602/4609/4569
f 2602/4609/4569 2566/4608/4568 2565/4610/4570
f 2602/4609/4569 2565/4610/4570 2601/4611/4571
f 2601/4611/4571 2565/4610/4570 2564/4612/4572
f 2601/4611/4571 2564/4612/4572 2600/4613/4573
f 2600/4613/4573 2564/4612/4572 2563/4614/4574
f 2600/4613/4573 2563/4614/4574 2562/4615/4575
f 2600/4613/4573 2562/4615/4575 2599/4616/4576
f 2599/4616/4576 2562/4615/4575 2561/4617/4577
f 2599/4616/4576 2561/4617/4577 2598/4618/4578
f 2598/4618/4578 2561/4617/4577 2560/4619/4579
f 2598/4618/4578 2560/4619/4579 2597/4620/4580
f 2597/4620/4580 2560/4619/4579 2559/4621/4581
f 2597/4620/4580 2559/4621/4581 2596/4622/4582
f 2596/4622/4582 2559/4621/4581 2558/4623/4583
f 2596/4622/4582 2558/4623/4583 2595/4624/4584
f 2595/4624/4584 2558/4623/4583 2557/4625/4585
f 2595/4624/4584 2557/4625/4585 2556/4626/4586
f 2595/4624/4584 2556/4626/4586 2594/4627/4587
f 2594/4627/4587 2556/4626/4586 2555/4628/4588
f 2594/4627/4587 2555/4628/4588 2593/4629/4589
f 2593/4629/4589 2555/4628/4588 2554/4630/4590
f 2593/4629/4589 2554/4630/4590 2628/4631/4591
f 2628/4631/4591 2554/4630/4590 2553/4632/4592
f 2628/4631/4591 2553/4632/4592 2627/4633/4593
f 2627/4633/4593 2553/4632/4592 2552/4634/4594
f 2627/4633/4593 2552/4634/4594 2551/4635/4595
f 2627/4633/4593 2551/4635/4595 2626/4560/4520
f 2626/4560/4520 2551/4635/4595 2550/4636/4596
f 2626/4560/4520 2550/4636/4596 2549/4558/4518
f 2630/4637/4597 2667/4638/4598 2629/4639/4599
f 2629/4639/4599 2667/4638/4598 2670/4640/4600
f 2629/4639/4599 2670/4640/4600 2664/4641/4601
f 2664/4641/4601 2670/4640/4600 2735/4642/4602
f 2664/4641/4601 2735/4642/4602 2663/4643/4603
f 2663/4643/4603 2735/4642/4602 2733/4644/4604
f 2663/4643/4603 2733/4644/4604 2662/4645/4605
f 2662/4645/4605 2733/4644/4604 2731/4646/4606
f 2662/4645/4605 2731/4646/4606 2661/4647/4607
f 2661/4647/4607 2731/4646/4606 2729/4648/4608
f 2661/4647/4607 2729/4648/4608 2660/4649/4609
f 2660/4649/4609 2729/4648/4608 2727/4650/4610
f 2660/4649/4609 2727/4650/4610 2659/4651/4611
f 2659/4651/4611 2727/4650/4610 2725/4652/4612
f 2659/4651/4611 2725/4652/4612 2658/4653/4613
f 2658/4653/4613 2725/4652/4612 2723/4654/4614
f 2658/4653/4613 2723/4654/4614 2657/4655/4615
f 2657/4655/4615 2723/4654/4614 2721/4656/4616
f 2657/4655/4615 2721/4656/4616 2656/4657/4617
f 2656/4657/4617 2721/4656/4616 2719/4658/4618
f 2656/4657/4617 2719/4658/4618 2655/4659/4619
f 2655/4659/4619 2719/4658/4618 2717/4660/4620
f 2655/4659/4619 2717/4660/4620 2654/4661/4621
f 2654/4661/4621 2717/4660/4620 2715/4662/4622
f 2654/4661/4621 2715/4662/4622 2653/4663/4623
f 2653/4663/4623 2715/4662/4622 2713/4664/4624
f 2653/4663/4623 2713/4664/4624 2652/4665/4625
f 2652/4665/4625 2713/4664/4624 2711/4666/4626
f 2652/4665/4625 2711/4666/4626 2651/4667/4627
f 2651/4667/4627 2711/4666/4626 2709/4668/4628
f 2651/4667/4627 2709/4668/4628 2650/4669/4629
f 2650/4669/4629 2709/4668/4628 2707/4670/4630
f 2650/4669/4629 2707/4670/4630 2649/4671/4631
f 2649/4671/4631 2707/4670/4630 2705/4672/4632
f 2649/4671/4631 2705/4672/4632 2648/4673/4633
f 2648/4673/4633 2705/4672/4632 2703/4674/4634
f 2648/4673/4633 2703/4674/4634 2647/4675/4635
f 2647/4675/4635 2703/4674/4634 2665/4676/4636
f 2647/4677/4635 2665/4678/4636 2646/4679/4637
f 2646/4679/4637 2665/4678/4636 2701/4680/4638
f 2646/4679/4637 2701/4680/4638 2645/4681/4639
f 2645/4681/4639 2701/4680/4638 2699/4682/4640
f 2645/4681/4639 2699/4682/4640 2644/4683/4641
f 2644/4683/4641 2699/4682/4640 2697/4684/4642
f 2644/4683/4641 2697/4684/4642 2643/4685/4643
f 2643/4685/4643 2697/4684/4642 2695/4686/4644
f 2643/4685/4643 2695/4686/4644 2642/4687/4645
f 2642/4687/4645 2695/4686/4644 2693/4688/4646
f 2642/4687/4645 2693/4688/4646 2641/4689/4647
f 2641/4689/4647 2693/4688/4646 2691/4690/4648
f 2641/4689/4647 2691/4690/4648 2640/4691/4649
f 2640/4691/4649 2691/4690/4648 2689/4692/4650
f 2640/4691/4649 2689/4692/4650 2639/4693/4651
f 2639/4693/4651 2689/4692/4650 2687/4694/4652
f 2639/4693/4651 2687/4694/4652 2638/4695/4653
f 2638/4695/4653 2687/4694/4652 2685/4696/4654
f 2638/4695/4653 2685/4696/4654 2637/4697/4655
f 2637/4697/4655 2685/4696/4654 2683/4698/4656
f 2637/4697/4655 2683/4698/4656 2636/4699/4657
f 2636/4699/4657 2683/4698/4656 2681/4700/4658
f 2636/4699/4657 2681/4700/4658 2635/4701/4659
f 2635/4701/4659 2681/4700/4658 2679/4702/4660
f 2635/4701/4659 2679/4702/4660 2634/4703/4661
f 2634/4703/4661 2679/4702/4660 2677/4704/4662
f 2634/4703/4661 2677/4704/4662 2633/4705/4663
f 2633/4705/4663 2677/4704/4662 2675/4706/4664
f 2633/4705/4663 2675/4706/4664 2632/4707/4665
f 2632/4707/4665 2675/4706/4664 2673/4708/4666
f 2632/4707/4665 2673/4708/4666 2631/4709/4667
f 2631/4709/4667 2673/4708/4666 2671/4710/4668
f 2631/4709/4667 2671/4710/4668 2630/4637/4597
f 2630/4637/4597 2671/4710/4668 2667/4638/4598
f 2628/4711/4669 2736/4712/4670 2593/4713/4671
f 2593/4713/4671 2736/4712/4670 2669/4714/4672
f 2593/4713/4671 2669/4714/4672 2594/4715/4673
f 2594/4715/4673 2669/4714/4672 2668/4716/4674
f 2594/4715/4673 2668/4716/4674 2595/4717/4675
f 2595/4717/4675 2668/4716/4674 2672/4718/4676
f 2595/4717/4675 2672/4718/4676 2596/4719/4677
f 2596/4719/4677 2672/4718/4676 2674/4720/4678
f 2596/4719/4677 2674/4720/4678 2597/4721/4679
f 2597/4721/4679 2674/4720/4678 2676/4722/4680
f 2597/4721/4679 2676/4722/4680 2598/4723/4681
f 2598/4723/4681 2676/4722/4680 2678/4724/4682
f 2598/4723/4681 2678/4724/4682 2599/4725/4683
f 2599/4725/4683 2678/4724/4682 2680/4726/4684
f 2599/4725/4683 2680/4726/4684 2600/4727/4685
f 2600/4727/4685 2680/4726/4684 2682/4728/4686
f 2600/4727/4685 2682/4728/4686 2601/4729/4687
f 2601/4729/4687 2682/4728/4686 2684/4730/4688
f 2601/4729/4687 2684/4730/4688 2602/4731/4689
f 2602/4731/4689 2684/4730/4688 2686/4732/4690
f 2602/4731/4689 2686/4732/4690 2603/4733/4691
f 2603/4733/4691 2686/4732/4690 2688/4734/4692
f 2603/4733/4691 2688/4734/4692 2604/4735/4693
f 2604/4735/4693 2688/4734/4692 2690/4736/4694
f 2604/4735/4693 2690/4736/4694 2605/4737/4695
f 2605/4737/4695 2690/4736/4694 2692/4738/4696
f 2605/4737/4695 2692/4738/4696 2606/4739/4697
f 2606/4739/4697 2692/4738/4696 2694/4740/4698
f 2606/4739/4697 2694/4740/4698 2607/4741/4699
f 2607/4741/4699 2694/4740/4698 2696/4742/4700
f 2607/4741/4699 2696/4742/4700 2608/4743/4701
f 2608/4743/4701 2696/4742/4700 2698/4744/4702
f 2608/4743/4701 2698/4744/4702 2609/4745/4703
f 2609/4745/4703 2698/4744/4702 2700/4746/4704
f 2609/4745/4703 2700/4746/4704 2610/4747/4705
f 2610/4747/4705 2700/4746/4704 2702/4748/4706
f 2610/4747/4705 2702/4748/4706 2611/4749/4707
f 2611/4749/4707 2702/4748/4706 2666/4750/4708
f 2611/4751/4707 2666/4752/4708 2612/4753/4709
f 2612/4753/4709 2666/4752/4708 2704/4754/4710
f 2612/4753/4709 2704/4754/4710 2613/4755/4711
f 2613/4755/4711 2704/4754/4710 2706/4756/4712
f 2613/4755/4711 2706/4756/4712 2614/4757/4713
f 2614/4757/4713 2706/4756/4712 2708/4758/4714
f 2614/4757/4713 2708/4758/4714 2615/4759/4715
f 2615/4759/4715 2708/4758/4714 2710/4760/4716
f 2615/4759/4715 2710/4760/4716 2616/4761/4717
f 2616/4761/4717 2710/4760/4716 2712/4762/4718
f 2616/4761/4717 2712/4762/4718 2617/4763/4719
f 2617/4763/4719 2712/4762/4718 2714/4764/4720
f 2617/4763/4719 2714/4764/4720 2618/4765/4721
f 2618/4765/4721 2714/4764/4720 2716/4766/4722
f 2618/4765/4721 2716/4766/4722 2619/4767/4723
f 2619/4767/4723 2716/4766/4722 2718/4768/4724
f 2619/4767/4723 2718/4768/4724 2620/4769/4725
f 2620/4769/4725 2718/4768/4724 2720/4770/4726
f 2620/4769/4725 2720/4770/4726 2621/4771/4727
f 2621/4771/4727 2720/4770/4726 2722/4772/4728
f 2621/4771/4727 2722/4772/4728 2622/4773/4729
f 2622/4773/4729 2722/4772/4728 2724/4774/4730
f 2622/4773/4729 2724/4774/4730 2623/4775/4731
f 2623/4775/4731 2724/4774/4730 2726/4776/4732
f 2623/4775/4731 2726/4776/4732 2624/4777/4733
f 2624/4777/4733 2726/4776/4732 2728/4778/4734
f 2624/4777/4733 2728/4778/4734 2625/4779/4735
f 2625/4779/4735 2728/4778/4734 2730/4780/4736
f 2625/4779/4735 2730/4780/4736 2626/4781/4737
f 2626/4781/4737 2730/4780/4736 2732/4782/4738
f 2626/4781/4737 2732/4782/4738 2627/4783/4739
f 2627/4783/4739 2732/4782/4738 2734/4784/4740
f 2627/4783/4739 2734/4784/4740 2628/4711/4669
f 2628/4711/4669 2734/4784/4740 2736/4712/4670
f 2665/4678/4636 2666/4750/4708 2701/4680/4638
f 2701/4680/4638 2666/4750/4708 2702/4748/4706
f 2701/4680/4638 2702/4748/4706 2699/4682/4640
f 2699/4682/4640 2702/4748/4706 2700/4746/4704
f 2699/4682/4640 2700/4746/4704 2697/4684/4642
f 2697/4684/4642 2700/4746/4704 2698/4744/4702
f 2697/4684/4642 2698/4744/4702 2695/4686/4644
f 2695/4686/4644 2698/4744/4702 2696/4742/4700
f 2695/4686/4644 2696/4742/4700 2693/4688/4646
f 2693/4688/4646 2696/4742/4700 2694/4740/4698
f 2693/4688/4646 2694/4740/4698 2691/4690/4648
f 2691/4690/4648 2694/4740/4698 2692/4738/4696
f 2691/4690/4648 2692/4738/4696 2689/4692/4650
f 2689/4692/4650 2692/4738/4696 2690/4736/4694
f 2689/4692/4650 2690/4736/4694 2687/4694/4652
f 2687/4694/4652 2690/4736/4694 2688/4734/4692
f 2687/4694/4652 2688/4734/4692 2685/4696/4654
f 2685/4696/4654 2688/4734/4692 2686/4732/4690
f 2685/4696/4654 2686/4732/4690 2683/4698/4656
f 2683/4698/4656 2686/4732/4690 2684/4730/4688
f 2683/4698/4656 2684/4730/4688 2681/4700/4658
f 2681/4700/4658 2684/4730/4688 2682/4728/4686
f 2681/4700/4658 2682/4728/4686 2679/4702/4660
f 2679/4702/4660 2682/4728/4686 2680/4726/4684
f 2679/4702/4660 2680/4726/4684 2677/4704/4662
f 2677/4704/4662 2680/4726/4684 2678/4724/4682
f 2677/4704/4662 2678/4724/4682 2675/4706/4664
f 2675/4706/4664 2678/4724/4682 2676/4722/4680
f 2675/4706/4664 2676/4722/4680 2673/4708/4666
f 2673/4708/4666 2676/4722/4680 2674/4720/4678
f 2673/4708/4666 2674/4720/4678 2671/4710/4668
f 2671/4710/4668 2674/4720/4678 2672/4718/4676
f 2671/4710/4668 2672/4718/4676 2667/4638/4598
f 2667/4638/4598 2672/4718/4676 2668/4716/4674
f 2667/4638/4598 2668/4716/4674 2670/4640/4600
f 2670/4640/4600 2668/4716/4674 2669/4714/4672
f 2670/4640/4600 2669/4714/4672 2735/4642/4602
f 2735/4642/4602 2669/4714/4672 2736/4712/4670
f 2735/4642/4602 2736/4712/4670 2733/4644/4604
f 2733/4644/4604 2736/4712/4670 2734/4784/4740
f 2733/4644/4604 2734/4784/4740 2731/4646/4606
f 2731/4646/4606 2734/4784/4740 2732/4782/4738
f 2731/4646/4606 2732/4782/4738 2729/4648/4608
f 2729/4648/4608 2732/4782/4738 2730/4780/4736
f 2729/4648/4608 2730/4780/4736 2727/4650/4610
f 2727/4650/4610 2730/4780/4736 2728/4778/4734
f 2727/4650/4610 2728/4778/4734 2725/4652/4612
f 2725/4652/4612 2728/4778/4734 2726/4776/4732
f 2725/4652/4612 2726/4776/4732 2723/4654/4614
f 2723/4654/4614 2726/4776/4732 2724/4774/4730
f 2723/4654/4614 2724/4774/4730 2721/4656/4616
f 2721/4656/4616 2724/4774/4730 2722/4772/4728
f 2721/4656/4616 2722/4772/4728 2719/4658/4618
f 2719/4658/4618 2722/4772/4728 2720/4770/4726
f 2719/4658/4618 2720/4770/4726 2717/4660/4620
f 2717/4660/4620 2720/4770/4726 2718/4768/4724
f 2717/4660/4620 2718/4768/4724 2715/4662/4622
f 2715/4662/4622 2718/4768/4724 2716/4766/4722
f 2715/4662/4622 2716/4766/4722 2713/4664/4624
f 2713/4664/4624 2716/4766/4722 2714/4764/4720
f 2713/4664/4624 2714/4764/4720 2711/4666/4626
f 2711/4666/4626 2714/4764/4720 2712/4762/4718
f 2711/4666/4626 2712/4762/4718 2709/4668/4628
f 2709/4668/4628 2712/4762/4718 2710/4760/4716
f 2709/4668/4628 2710/4760/4716 2707/4670/4630
f 2707/4670/4630 2710/4760/4716 2708/4758/4714
f 2707/4670/4630 2708/4758/4714 2705/4672/4632
f 2705/4672/4632 2708/4758/4714 2706/4756/4712
f 2705/4672/4632 2706/4756/4712 2703/4674/4634
f 2703/4674/4634 2706/4756/4712 2704/4754/4710
f 2703/4674/4634 2704/4754/4710 2665/4676/4636
f 2665/4676/4636 2704/4754/4710 2666/4752/4708
f 2738/4785/4741 2739/4786/4742 2737/4787/4743
f 2737/4787/4743 2739/4786/4742 2784/4788/4744
f 2784/4788/4744 2739/4786/4742 2740/4789/4745
f 2784/4788/4744 2740/4789/4745 2741/4790/4746
f 2742/4791/4747 2662/4792/4748 2741/4790/4746
f 2741/4790/4746 2662/4792/4748 2783/4793/4749
f 2741/4790/4746 2783/4793/4749 2784/4788/4744
f 2742/4791/4747 2743/4794/4750 2662/4792/4748
f 2662/4792/4748 2743/4794/4750 2663/4795/4751
f 2663/4795/4751 2743/4794/4750 2744/4796/4752
f 2663/4795/4751 2744/4796/4752 2745/4797/4753
f 2663/4795/4751 2745/4797/4753 2664/4798/4754
f 2664/4798/4754 2745/4797/4753 2746/4799/4755
f 2664/4798/4754 2746/4799/4755 2629/4800/4756
f 2629/4800/4756 2746/4799/4755 2747/4801/4757
f 2629/4800/4756 2747/4801/4757 2630/4802/4758
f 2630/4802/4758 2747/4801/4757 2748/4803/4759
f 2630/4802/4758 2748/4803/4759 2631/4804/4760
f 2631/4804/4760 2748/4803/4759 2749/4805/4761
f 2631/4804/4760 2749/4805/4761 2750/4806/4762
f 2631/4804/4760 2750/4806/4762 2632/4807/4763
f 2632/4807/4763 2750/4806/4762 2751/4808/4764
f 2632/4807/4763 2751/4808/4764 2633/4809/4765
f 2633/4809/4765 2751/4808/4764 2752/4810/4766
f 2633/4809/4765 2752/4810/4766 2634/4811/4767
f 2634/4811/4767 2752/4810/4766 2753/4812/4768
f 2634/4811/4767 2753/4812/4768 2635/4813/4769
f 2635/4813/4769 2753/4812/4768 2754/4814/4770
f 2635/4813/4769 2754/4814/4770 2636/4815/4771
f 2636/4815/4771 2754/4814/4770 2755/4816/4772
f 2636/4815/4771 2755/4816/4772 2756/4817/4773
f 2636/4815/4771 2756/4817/4773 2637/4818/4774
f 2637/4818/4774 2756/4817/4773 2757/4819/4775
f 2637/4818/4774 2757/4819/4775 2638/4820/4776
f 2638/4820/4776 2757/4819/4775 2758/4821/4777
f 2638/4820/4776 2758/4821/4777 2639/4822/4778
f 2639/4822/4778 2758/4821/4777 2759/4823/4779
f 2639/4822/4778 2759/4823/4779 2640/4824/4780
f 2640/4824/4780 2759/4823/4779 2760/4825/4781
f 2640/4824/4780 2760/4825/4781 2761/4826/4782
f 2640/4824/4780 2761/4826/4782 2641/4827/4783
f 2641/4827/4783 2761/4826/4782 2762/4828/4784
f 2641/4827/4783 2762/4828/4784 2763/4829/4785
f 2764/4830/4786 2768/4831/4787 2763/4829/4785
f 2763/4829/4785 2768/4831/4787 2769/4832/4788
f 2763/4829/4785 2769/4832/4788 2641/4827/4783
f 2641/4827/4783 2769/4832/4788 2642/4833/4789
f 2642/4833/4789 2769/4832/4788 2770/4834/4790
f 2642/4833/4789 2770/4834/4790 2643/4835/4791
f 2643/4835/4791 2770/4834/4790 2771/4836/4792
f 2643/4835/4791 2771/4836/4792 2644/4837/4793
f 2644/4837/4793 2771/4836/4792 2772/4838/4794
f 2644/4837/4793 2772/4838/4794 2645/4839/4795
f 2645/4839/4795 2772/4838/4794 2646/4840/4796
f 2646/4840/4796 2772/4838/4794 2773/4841/4797
f 2646/4840/4796 2773/4841/4797 2647/4842/4798
f 2647/4842/4798 2773/4841/4797 2774/4843/4799
f 2647/4842/4798 2774/4843/4799 2648/4844/4800
f 2648/4844/4800 2774/4843/4799 2649/4845/4801
f 2649/4845/4801 2774/4843/4799 2775/4846/4802
f 2649/4845/4801 2775/4846/4802 2650/4847/4803
f 2650/4847/4803 2775/4846/4802 2651/4848/4804
f 2651/4848/4804 2775/4846/4802 2776/4849/4805
f 2651/4848/4804 2776/4849/4805 2652/4850/4806
f 2652/4850/4806 2776/4849/4805 2777/4851/4807
f 2652/4850/4806 2777/4851/4807 2653/4852/4808
f 2653/4852/4808 2777/4851/4807 2654/4853/4809
f 2654/4853/4809 2777/4851/4807 2778/4854/4810
f 2654/4853/4809 2778/4854/4810 2655/4855/4811
f 2655/4855/4811 2778/4854/4810 2656/4856/4812
f 2656/4856/4812 2778/4854/4810 2779/4857/4813
f 2656/4856/4812 2779/4857/4813 2657/4858/4814
f 2657/4858/4814 2779/4857/4813 2780/4859/4815
f 2657/4858/4814 2780/4859/4815 2658/4860/4816
f 2658/4860/4816 2780/4859/4815 2659/4861/4817
f 2659/4861/4817 2780/4859/4815 2781/4862/4818
f 2659/4861/4817 2781/4862/4818 2660/4863/4819
f 2660/4863/4819 2781/4862/4818 2782/4864/4820
f 2660/4863/4819 2782/4864/4820 2661/4865/4821
f 2661/4865/4821 2782/4864/4820 2783/4793/4749
f 2661/4865/4821 2783/4793/4749 2662/4792/4748
f 2764/4830/4786 2765/4866/4822 2768/4831/4787
f 2768/4831/4787 2765/4866/4822 2767/4867/4823
f 2767/4867/4823 2765/4866/4822 2766/4868/4824
f 2785/4869/4825 2786/4870/4826 2737/4871/4827
f 2737/4871/4827 2786/4870/4826 2738/4872/4828
f 2738/4873/4829 2786/4874/4830 2739/4875/4831
f 2739/4875/4831 2786/4874/4830 2787/4876/4832
f 2739/4875/4831 2787/4876/4832 2788/4877/4833
f 2739/4875/4831 2788/4877/4833 2740/4878/4834
f 2740/4878/4834 2788/4877/4833 2789/4879/4835
f 2740/4878/4834 2789/4879/4835 2741/4880/4836
f 2741/4880/4836 2789/4879/4835 2790/4881/4837
f 2741/4880/4836 2790/4881/4837 2742/4882/4838
f 2742/4882/4838 2790/4881/4837 2791/4883/4839
f 2742/4882/4838 2791/4883/4839 2743/4884/4840
f 2743/4884/4840 2791/4883/4839 2792/4885/4841
f 2743/4884/4840 2792/4885/4841 2744/4886/4842
f 2744/4886/4842 2792/4885/4841 2793/4887/4843
f 2744/4886/4842 2793/4887/4843 2745/4888/4844
f 2745/4888/4844 2793/4887/4843 2794/4889/4845
f 2745/4888/4844 2794/4889/4845 2746/4890/4846
f 2746/4890/4846 2794/4889/4845 2795/4891/4847
f 2746/4890/4846 2795/4891/4847 2747/4892/4848
f 2747/4892/4848 2795/4891/4847 2796/4893/4849
f 2747/4892/4848 2796/4893/4849 2748/4894/4850
f 2748/4894/4850 2796/4893/4849 2797/4895/4851
f 2748/4894/4850 2797/4895/4851 2749/4896/4852
f 2749/4896/4852 2797/4895/4851 2798/4897/4853
f 2749/4896/4852 2798/4897/4853 2750/4898/4854
f 2750/4898/4854 2798/4897/4853 2799/4899/4855
f 2750/4898/4854 2799/4899/4855 2751/4900/4856
f 2751/4900/4856 2799/4899/4855 2800/4901/4857
f 2751/4900/4856 2800/4901/4857 2752/4902/4858
f 2752/4902/4858 2800/4901/4857 2801/4903/4859
f 2752/4902/4858 2801/4903/4859 2753/4904/4860
f 2753/4904/4860 2801/4903/4859 2802/4905/4861
f 2753/4904/4860 2802/4905/4861 2754/4906/4862
f 2754/4906/4862 2802/4905/4861 2803/4907/4863
f 2754/4906/4862 2803/4907/4863 2755/4908/4864
f 2755/4908/4864 2803/4907/4863 2804/4909/4865
f 2755/4908/4864 2804/4909/4865 2756/4910/4866
f 2756/4910/4866 2804/4909/4865 2805/4911/4867
f 2756/4910/4866 2805/4911/4867 2757/4912/4868
f 2757/4912/4868 2805/4911/4867 2806/4913/4869
f 2757/4912/4868 2806/4913/4869 2758/4914/4870
f 2758/4914/4870 2806/4913/4869 2807/4915/4871
f 2758/4914/4870 2807/4915/4871 2759/4916/4872
f 2759/4916/4872 2807/4915/4871 2808/4917/4873
f 2759/4916/4872 2808/4917/4873 2760/4918/4874
f 2760/4918/4874 2808/4917/4873 2809/4919/4875
f 2760/4918/4874 2809/4919/4875 2761/4920/4876
f 2761/4920/4876 2809/4919/4875 2810/4921/4877
f 2761/4920/4876 2810/4921/4877 2762/4922/4878
f 2762/4922/4878 2810/4921/4877 2811/4923/4879
f 2762/4922/4878 2811/4923/4879 2763/4924/4880
f 2763/4924/4880 2811/4923/4879 2812/4925/4881
f 2763/4924/4880 2812/4925/4881 2764/4926/4882
f 2764/4926/4882 2812/4925/4881 2813/4927/4883
f 2764/4926/4882 2813/4927/4883 2765/4928/4884
f 2765/4928/4884 2813/4927/4883 2766/4929/4885
f 2766/4929/4885 2813/4927/4883 2814/4930/4886
f 2814/4931/4887 2815/4932/4888 2766/4933/4889
f 2766/4933/4889 2815/4932/4888 2767/4934/4890
f 2767/4935/4891 2815/4936/4892 2768/4937/4893
f 2768/4937/4893 2815/4936/4892 2816/4938/4894
f 2768/4937/4893 2816/4938/4894 2817/4939/4895
f 2768/4937/4893 2817/4939/4895 2769/4940/4896
f 2769/4940/4896 2817/4939/4895 2818/4941/4897
f 2769/4940/4896 2818/4941/4897 2770/4942/4898
f 2770/4942/4898 2818/4941/4897 2819/4943/4899
f 2770/4942/4898 2819/4943/4899 2771/4944/4900
f 2771/4944/4900 2819/4943/4899 2820/4945/4901
f 2771/4944/4900 2820/4945/4901 2772/4946/4902
f 2772/4946/4902 2820/4945/4901 2821/4947/4903
f 2772/4946/4902 2821/4947/4903 2773/4948/4904
f 2773/4948/4904 2821/4947/4903 2822/4949/4905
f 2773/4948/4904 2822/4949/4905 2774/4950/4906
f 2774/4950/4906 2822/4949/4905 2823/4951/4907
f 2774/4950/4906 2823/4951/4907 2775/4952/4908
f 2775/4952/4908 2823/4951/4907 2824/4953/4909
f 2775/4952/4908 2824/4953/4909 2776/4954/4910
f 2776/4954/4910 2824/4953/4909 2825/4955/4911
f 2776/4954/4910 2825/4955/4911 2777/4956/4912
f 2777/4956/4912 2825/4955/4911 2826/4957/4913
f 2777/4956/4912 2826/4957/4913 2778/4958/4914
f 2778/4958/4914 2826/4957/4913 2827/4959/4915
f 2778/4958/4914 2827/4959/4915 2779/4960/4916
f 2779/4960/4916 2827/4959/4915 2828/4961/4917
f 2779/4960/4916 2828/4961/4917 2780/4962/4918
f 2780/4962/4918 2828/4961/4917 2829/4963/4919
f 2780/4962/4918 2829/4963/4919 2781/4964/4920
f 2781/4964/4920 2829/4963/4919 2830/4965/4921
f 2781/4964/4920 2830/4965/4921 2782/4966/4922
f 2782/4966/4922 2830/4965/4921 2831/4967/4923
f 2782/4966/4922 2831/4967/4923 2783/4968/4924
f 2783/4968/4924 2831/4967/4923 2832/4969/4925
f 2783/4968/4924 2832/4969/4925 2784/4970/4926
f 2784/4970/4926 2832/4969/4925 2737/4971/4927
f 2737/4971/4927 2832/4969/4925 2785/4972/4928
f 2786/4973/4929 2785/4974/4930 2787/4975/4931
f 2787/4975/4931 2785/4974/4930 2832/4976/4932
f 2787/4975/4931 2832/4976/4932 2788/4977/4933
f 2788/4977/4933 2832/4976/4932 2789/4978/4934
f 2789/4978/4934 2832/4976/4932 2831/4979/4935
f 2789/4978/4934 2831/4979/4935 2866/4980/4936
f 2866/4980/4936 2831/4979/4935 2865/4981/4937
f 2865/4981/4937 2831/4979/4935 2830/4982/4938
f 2865/4981/4937 2830/4982/4938 2864/4983/4939
f 2864/4983/4939 2830/4982/4938 2829/4984/4940
f 2864/4983/4939 2829/4984/4940 2863/4985/4941
f 2863/4985/4941 2829/4984/4940 2828/4986/4942
f 2863/4985/4941 2828/4986/4942 2862/4987/4943
f 2862/4987/4943 2828/4986/4942 2861/4988/4944
f 2861/4988/4944 2828/4986/4942 2827/4989/4945
f 2861/4988/4944 2827/4989/4945 2860/4990/4946
f 2860/4990/4946 2827/4989/4945 2826/4991/4947
f 2860/4990/4946 2826/4991/4947 2859/4992/4948
f 2859/4992/4948 2826/4991/4947 2858/4993/4949
f 2858/4993/4949 2826/4991/4947 2825/4994/4950
f 2858/4993/4949 2825/4994/4950 2857/4995/4951
f 2857/4995/4951 2825/4994/4950 2856/4996/4952
f 2856/4996/4952 2825/4994/4950 2824/4997/4953
f 2856/4996/4952 2824/4997/4953 2855/4998/4954
f 2855/4998/4954 2824/4997/4953 2823/4999/4955
f 2855/4998/4954 2823/4999/4955 2854/5000/4956
f 2854/5000/4956 2823/4999/4955 2853/5001/4957
f 2853/5001/4957 2823/4999/4955 2822/5002/4958
f 2853/5001/4957 2822/5002/4958 2852/5003/4959
f 2852/5003/4959 2822/5002/4958 2851/5004/4960
f 2851/5004/4960 2822/5002/4958 2821/5005/4961
f 2851/5004/4960 2821/5005/4961 2850/5006/4962
f 2850/5006/4962 2821/5005/4961 2820/5007/4963
f 2850/5006/4962 2820/5007/4963 2849/5008/4964
f 2849/5008/4964 2820/5007/4963 2848/5009/4965
f 2848/5009/4965 2820/5007/4963 2819/5010/4966
f 2848/5009/4965 2819/5010/4966 2847/5011/4967
f 2847/5011/4967 2819/5010/4966 2818/5012/4968
f 2847/5011/4967 2818/5012/4968 2846/5013/4969
f 2846/5013/4969 2818/5012/4968 2817/5014/4970
f 2846/5013/4969 2817/5014/4970 2845/5015/4971
f 2845/5015/4971 2817/5014/4970 2811/5016/4972
f 2845/5015/4971 2811/5016/4972 2810/5017/4973
f 2817/5014/4970 2816/5018/4974 2811/5016/4972
f 2811/5016/4972 2816/5018/4974 2812/5019/4975
f 2812/5019/4975 2816/5018/4974 2813/5020/4976
f 2813/5020/4976 2816/5018/4974 2815/5021/4977
f 2813/5020/4976 2815/5021/4977 2814/5022/4978
f 2810/5017/4973 2809/5023/4979 2845/5015/4971
f 2845/5015/4971 2809/5023/4979 2844/5024/4980
f 2844/5024/4980 2809/5023/4979 2808/5025/4981
f 2844/5024/4980 2808/5025/4981 2807/5026/4982
f 2844/5024/4980 2807/5026/4982 2843/5027/4983
f 2843/5027/4983 2807/5026/4982 2806/5028/4984
f 2843/5027/4983 2806/5028/4984 2842/5029/4985
f 2842/5029/4985 2806/5028/4984 2805/5030/4986
f 2842/5029/4985 2805/5030/4986 2841/5031/4987
f 2841/5031/4987 2805/5030/4986 2804/5032/4988
f 2841/5031/4987 2804/5032/4988 2840/5033/4989
f 2840/5033/4989 2804/5032/4988 2803/5034/4990
f 2840/5033/4989 2803/5034/4990 2802/5035/4991
f 2840/5033/4989 2802/5035/4991 2839/5036/4992
f 2839/5036/4992 2802/5035/4991 2801/5037/4993
f 2839/5036/4992 2801/5037/4993 2838/5038/4994
f 2838/5038/4994 2801/5037/4993 2800/5039/4995
f 2838/5038/4994 2800/5039/4995 2837/5040/4996
f 2837/5040/4996 2800/5039/4995 2799/5041/4997
f 2837/5040/4996 2799/5041/4997 2836/5042/4998
f 2836/5042/4998 2799/5041/4997 2798/5043/4999
f 2836/5042/4998 2798/5043/4999 2835/5044/5000
f 2835/5044/5000 2798/5043/4999 2797/5045/5001
f 2835/5044/5000 2797/5045/5001 2796/5046/5002
f 2835/5044/5000 2796/5046/5002 2834/5047/5003
f 2834/5047/5003 2796/5046/5002 2795/5048/5004
f 2834/5047/5003 2795/5048/5004 2833/5049/5005
f 2833/5049/5005 2795/5048/5004 2794/5050/5006
f 2833/5049/5005 2794/5050/5006 2868/5051/5007
f 2868/5051/5007 2794/5050/5006 2793/5052/5008
f 2868/5051/5007 2793/5052/5008 2867/5053/5009
f 2867/5053/5009 2793/5052/5008 2792/5054/5010
f 2867/5053/5009 2792/5054/5010 2791/5055/5011
f 2867/5053/5009 2791/5055/5011 2866/4980/4936
f 2866/4980/4936 2791/5055/5011 2790/5056/5012
f 2866/4980/4936 2790/5056/5012 2789/4978/4934
f 2870/5057/5013 2907/5058/5014 2869/5059/5015
f 2869/5059/5015 2907/5058/5014 2910/5060/5016
f 2869/5059/5015 2910/5060/5016 2904/5061/5017
f 2904/5061/5017 2910/5060/5016 2975/5062/5018
f 2904/5061/5017 2975/5062/5018 2903/5063/5019
f 2903/5063/5019 2975/5062/5018 2973/5064/5020
f 2903/5063/5019 2973/5064/5020 2902/5065/5021
f 2902/5065/5021 2973/5064/5020 2971/5066/5022
f 2902/5065/5021 2971/5066/5022 2901/5067/5023
f 2901/5067/5023 2971/5066/5022 2969/5068/5024
f 2901/5067/5023 2969/5068/5024 2900/5069/5025
f 2900/5069/5025 2969/5068/5024 2967/5070/5026
f 2900/5069/5025 2967/5070/5026 2899/5071/5027
f 2899/5071/5027 2967/5070/5026 2965/5072/5028
f 2899/5071/5027 2965/5072/5028 2898/5073/5029
f 2898/5073/5029 2965/5072/5028 2963/5074/5030
f 2898/5073/5029 2963/5074/5030 2897/5075/5031
f 2897/5075/5031 2963/5074/5030 2961/5076/5032
f 2897/5075/5031 2961/5076/5032 2896/5077/5033
f 2896/5077/5033 2961/5076/5032 2959/5078/5034
f 2896/5077/5033 2959/5078/5034 2895/5079/5035
f 2895/5079/5035 2959/5078/5034 2957/5080/5036
f 2895/5079/5035 2957/5080/5036 2894/5081/5037
f 2894/5081/5037 2957/5080/5036 2955/5082/5038
f 2894/5081/5037 2955/5082/5038 2893/5083/5039
f 2893/5083/5039 2955/5082/5038 2953/5084/5040
f 2893/5083/5039 2953/5084/5040 2892/5085/5041
f 2892/5085/5041 2953/5084/5040 2951/5086/5042
f 2892/5085/5041 2951/5086/5042 2891/5087/5043
f 2891/5087/5043 2951/5086/5042 2949/5088/5044
f 2891/5087/5043 2949/5088/5044 2890/5089/5045
f 2890/5089/5045 2949/5088/5044 2947/5090/5046
f 2890/5089/5045 2947/5090/5046 2889/5091/5047
f 2889/5091/5047 2947/5090/5046 2945/5092/5048
f 2889/5091/5047 2945/5092/5048 2888/5093/5049
f 2888/5093/5049 2945/5092/5048 2943/5094/5050
f 2888/5093/5049 2943/5094/5050 2887/5095/5051
f 2887/5095/5051 2943/5094/5050 2905/5096/5052
f 2887/5097/5051 2905/5098/5052 2886/5099/5053
f 2886/5099/5053 2905/5098/5052 2941/5100/5054
f 2886/5099/5053 2941/5100/5054 2885/5101/5055
f 2885/5101/5055 2941/5100/5054 2939/5102/5056
f 2885/5101/5055 2939/5102/5056 2884/5103/5057
f 2884/5103/5057 2939/5102/5056 2937/5104/5058
f 2884/5103/5057 2937/5104/5058 2883/5105/5059
f 2883/5105/5059 2937/5104/5058 2935/5106/5060
f 2883/5105/5059 2935/5106/5060 2882/5107/5061
f 2882/5107/5061 2935/5106/5060 2933/5108/5062
f 2882/5107/5061 2933/5108/5062 2881/5109/5063
f 2881/5109/5063 2933/5108/5062 2931/5110/5064
f 2881/5109/5063 2931/5110/5064 2880/5111/5065
f 2880/5111/5065 2931/5110/5064 2929/5112/5066
f 2880/5111/5065 2929/5112/5066 2879/5113/5067
f 2879/5113/5067 2929/5112/5066 2927/5114/5068
f 2879/5113/5067 2927/5114/5068 2878/5115/5069
f 2878/5115/5069 2927/5114/5068 2925/5116/5070
f 2878/5115/5069 2925/5116/5070 2877/5117/5071
f 2877/5117/5071 2925/5116/5070 2923/5118/5072
f 2877/5117/5071 2923/5118/5072 2876/5119/5073
f 2876/5119/5073 2923/5118/5072 2921/5120/5074
f 2876/5119/5073 2921/5120/5074 2875/5121/5075
f 2875/5121/5075 2921/5120/5074 2919/5122/5076
f 2875/5121/5075 2919/5122/5076 2874/5123/5077
f 2874/5123/5077 2919/5122/5076 2917/5124/5078
f 2874/5123/5077 2917/5124/5078 2873/5125/5079
f 2873/5125/5079 2917/5124/5078 2915/5126/5080
f 2873/5125/5079 2915/5126/5080 2872/5127/5081
f 2872/5127/5081 2915/5126/5080 2913/5128/5082
f 2872/5127/5081 2913/5128/5082 2871/5129/5083
f 2871/5129/5083 2913/5128/5082 2911/5130/5084
f 2871/5129/5083 2911/5130/5084 2870/5057/5013
f 2870/5057/5013 2911/5130/5084 2907/5058/5014
f 2868/5131/5085 2976/5132/5086 2833/5133/5087
f 2833/5133/5087 2976/5132/5086 2909/5134/5088
f 2833/5133/5087 2909/5134/5088 2834/5135/5089
f 2834/5135/5089 2909/5134/5088 2908/5136/5090
f 2834/5135/5089 2908/5136/5090 2835/5137/5091
f 2835/5137/5091 2908/5136/5090 2912/5138/5092
f 2835/5137/5091 2912/5138/5092 2836/5139/5093
f 2836/5139/5093 2912/5138/5092 2914/5140/5094
f 2836/5139/5093 2914/5140/5094 2837/5141/5095
f 2837/5141/5095 2914/5140/5094 2916/5142/5096
f 2837/5141/5095 2916/5142/5096 2838/5143/5097
f 2838/5143/5097 2916/5142/5096 2918/5144/5098
f 2838/5143/5097 2918/5144/5098 2839/5145/5099
f 2839/5145/5099 2918/5144/5098 2920/5146/5100
f 2839/5145/5099 2920/5146/5100 2840/5147/5101
f 2840/5147/5101 2920/5146/5100 2922/5148/5102
f 2840/5147/5101 2922/5148/5102 2841/5149/5103
f 2841/5149/5103 2922/5148/5102 2924/5150/5104
f 2841/5149/5103 2924/5150/5104 2842/5151/5105
f 2842/5151/5105 2924/5150/5104 2926/5152/5106
f 2842/5151/5105 2926/5152/5106 2843/5153/5107
f 2843/5153/5107 2926/5152/5106 2928/5154/5108
f 2843/5153/5107 2928/5154/5108 2844/5155/5109
f 2844/5155/5109 2928/5154/5108 2930/5156/5110
f 2844/5155/5109 2930/5156/5110 2845/5157/5111
f 2845/5157/5111 2930/5156/5110 2932/5158/5112
f 2845/5157/5111 2932/5158/5112 2846/5159/5113
f 2846/5159/5113 2932/5158/5112 2934/5160/5114
f 2846/5159/5113 2934/5160/5114 2847/5161/5115
f 2847/5161/5115 2934/5160/5114 2936/5162/5116
f 2847/5161/5115 2936/5162/5116 2848/5163/5117
f 2848/5163/5117 2936/5162/5116 2938/5164/5118
f 2848/5163/5117 2938/5164/5118 2849/5165/5119
f 2849/5165/5119 2938/5164/5118 2940/5166/5120
f 2849/5165/5119 2940/5166/5120 2850/5167/5121
f 2850/5167/5121 2940/5166/5120 2942/5168/5122
f 2850/5167/5121 2942/5168/5122 2851/5169/5123
f 2851/5169/5123 2942/5168/5122 2906/5170/5124
f 2851/5171/5123 2906/5172/5124 2852/5173/5125
f 2852/5173/5125 2906/5172/5124 2944/5174/5126
f 2852/5173/5125 2944/5174/5126 2853/5175/5127
f 2853/5175/5127 2944/5174/5126 2946/5176/5128
f 2853/5175/5127 2946/5176/5128 2854/5177/5129
f 2854/5177/5129 2946/5176/5128 2948/5178/5130
f 2854/5177/5129 2948/5178/5130 2855/5179/5131
f 2855/5179/5131 2948/5178/5130 2950/5180/5132
f 2855/5179/5131 2950/5180/5132 2856/5181/5133
f 2856/5181/5133 2950/5180/5132 2952/5182/5134
f 2856/5181/5133 2952/5182/5134 2857/5183/5135
f 2857/5183/5135 2952/5182/5134 2954/5184/5136
f 2857/5183/5135 2954/5184/5136 2858/5185/5137
f 2858/5185/5137 2954/5184/5136 2956/5186/5138
f 2858/5185/5137 2956/5186/5138 2859/5187/5139
f 2859/5187/5139 2956/5186/5138 2958/5188/5140
f 2859/5187/5139 2958/5188/5140 2860/5189/5141
f 2860/5189/5141 2958/5188/5140 2960/5190/5142
f 2860/5189/5141 2960/5190/5142 2861/5191/5143
f 2861/5191/5143 2960/5190/5142 2962/5192/5144
f 2861/5191/5143 2962/5192/5144 2862/5193/5145
f 2862/5193/5145 2962/5192/5144 2964/5194/5146
f 2862/5193/5145 2964/5194/5146 2863/5195/5147
f 2863/5195/5147 2964/5194/5146 2966/5196/5148
f 2863/5195/5147 2966/5196/5148 2864/5197/5149
f 2864/5197/5149 2966/5196/5148 2968/5198/5150
f 2864/5197/5149 2968/5198/5150 2865/5199/5151
f 2865/5199/5151 2968/5198/5150 2970/5200/5152
f 2865/5199/5151 2970/5200/5152 2866/5201/5153
f 2866/5201/5153 2970/5200/5152 2972/5202/5154
f 2866/5201/5153 2972/5202/5154 2867/5203/5155
f 2867/5203/5155 2972/5202/5154 2974/5204/5156
f 2867/5203/5155 2974/5204/5156 2868/5131/5085
f 2868/5131/5085 2974/5204/5156 2976/5132/5086
f 2905/5098/5052 2906/5170/5124 2941/5100/5054
f 2941/5100/5054 2906/5170/5124 2942/5168/5122
f 2941/5100/5054 2942/5168/5122 2939/5102/5056
f 2939/5102/5056 2942/5168/5122 2940/5166/5120
f 2939/5102/5056 2940/5166/5120 2937/5104/5058
f 2937/5104/5058 2940/5166/5120 2938/5164/5118
f 2937/5104/5058 2938/5164/5118 2935/5106/5060
f 2935/5106/5060 2938/5164/5118 2936/5162/5116
f 2935/5106/5060 2936/5162/5116 2933/5108/5062
f 2933/5108/5062 2936/5162/5116 2934/5160/5114
f 2933/5108/5062 2934/5160/5114 2931/5110/5064
f 2931/5110/5064 2934/5160/5114 2932/5158/5112
f 2931/5110/5064 2932/5158/5112 2929/5112/5066
f 2929/5112/5066 2932/5158/5112 2930/5156/5110
f 2929/5112/5066 2930/5156/5110 2927/5114/5068
f 2927/5114/5068 2930/5156/5110 2928/5154/5108
f 2927/5114/5068 2928/5154/5108 2925/5116/5070
f 2925/5116/5070 2928/5154/5108 2926/5152/5106
f 2925/5116/5070 2926/5152/5106 2923/5118/5072
f 2923/5118/5072 2926/5152/5106 2924/5150/5104
f 2923/5118/5072 2924/5150/5104 2921/5120/5074
f 2921/5120/5074 2924/5150/5104 2922/5148/5102
f 2921/5120/5074 2922/5148/5102 2919/5122/5076
f 2919/5122/5076 2922/5148/5102 2920/5146/5100
f 2919/5122/5076 2920/5146/5100 2917/5124/5078
f 2917/5124/5078 2920/5146/5100 2918/5144/5098
f 2917/5124/5078 2918/5144/5098 2915/5126/5080
f 2915/5126/5080 2918/5144/5098 2916/5142/5096
f 2915/5126/5080 2916/5142/5096 2913/5128/5082
f 2913/5128/5082 2916/5142/5096 2914/5140/5094
f 2913/5128/5082 2914/5140/5094 2911/5130/5084
f 2911/5130/5084 2914/5140/5094 2912/5138/5092
f 2911/5130/5084 2912/5138/5092 2907/5058/5014
f 2907/5058/5014 2912/5138/5092 2908/5136/5090
f 2907/5058/5014 2908/5136/5090 2910/5060/5016
f 2910/5060/5016 2908/5136/5090 2909/5134/5088
f 2910/5060/5016 2909/5134/5088 2975/5062/5018
f 2975/5062/5018 2909/5134/5088 2976/5132/5086
f 2975/5062/5018 2976/5132/5086 2973/5064/5020
f 2973/5064/5020 2976/5132/5086 2974/5204/5156
f 2973/5064/5020 2974/5204/5156 2971/5066/5022
f 2971/5066/5022 2974/5204/5156 2972/5202/5154
f 2971/5066/5022 2972/5202/5154 2969/5068/5024
f 2969/5068/5024 2972/5202/5154 2970/5200/5152
f 2969/5068/5024 2970/5200/5152 2967/5070/5026
f 2967/5070/5026 2970/5200/5152 2968/5198/5150
f 2967/5070/5026 2968/5198/5150 2965/5072/5028
f 2965/5072/5028 2968/5198/5150 2966/5196/5148
f 2965/5072/5028 2966/5196/5148 2963/5074/5030
f 2963/5074/5030 2966/5196/5148 2964/5194/5146
f 2963/5074/5030 2964/5194/5146 2961/5076/5032
f 2961/5076/5032 2964/5194/5146 2962/5192/5144
f 2961/5076/5032 2962/5192/5144 2959/5078/5034
f 2959/5078/5034 2962/5192/5144 2960/5190/5142
f 2959/5078/5034 2960/5190/5142 2957/5080/5036
f 2957/5080/5036 2960/5190/5142 2958/5188/5140
f 2957/5080/5036 2958/5188/5140 2955/5082/5038
f 2955/5082/5038 2958/5188/5140 2956/5186/5138
f 2955/5082/5038 2956/5186/5138 2953/5084/5040
f 2953/5084/5040 2956/5186/5138 2954/5184/5136
f 2953/5084/5040 2954/5184/5136 2951/5086/5042
f 2951/5086/5042 2954/5184/5136 2952/5182/5134
f 2951/5086/5042 2952/5182/5134 2949/5088/5044
f 2949/5088/5044 2952/5182/5134 2950/5180/5132
f 2949/5088/5044 2950/5180/5132 2947/5090/5046
f 2947/5090/5046 2950/5180/5132 2948/5178/5130
f 2947/5090/5046 2948/5178/5130 2945/5092/5048
f 2945/5092/5048 2948/5178/5130 2946/5176/5128
f 2945/5092/5048 2946/5176/5128 2943/5094/5050
f 2943/5094/5050 2946/5176/5128 2944/5174/5126
f 2943/5094/5050 2944/5174/5126 2905/5096/5052
f 2905/5096/5052 2944/5174/5126 2906/5172/5124
f 2978/5205/5157 2979/5206/5158 2977/5207/5159
f 2977/5207/5159 2979/5206/5158 3024/5208/5160
f 3024/5208/5160 2979/5206/5158 2980/5209/5161
f 3024/5208/5160 2980/5209/5161 2981/5210/5162
f 2982/5211/5163 2902/5212/5164 2981/5210/5162
f 2981/5210/5162 2902/5212/5164 3023/5213/5165
f 2981/5210/5162 3023/5213/5165 3024/5208/5160
f 2982/5211/5163 2983/5214/5166 2902/5212/5164
f 2902/5212/5164 2983/5214/5166 2903/5215/5167
f 2903/5215/5167 2983/5214/5166 2984/5216/5168
f 2903/5215/5167 2984/5216/5168 2985/5217/5169
f 2903/5215/5167 2985/5217/5169 2904/5218/5170
f 2904/5218/5170 2985/5217/5169 2986/5219/5171
f 2904/5218/5170 2986/5219/5171 2869/5220/5172
f 2869/5220/5172 2986/5219/5171 2987/5221/5173
f 2869/5220/5172 2987/5221/5173 2870/5222/5174
f 2870/5222/5174 2987/5221/5173 2988/5223/5175
f 2870/5222/5174 2988/5223/5175 2871/5224/5176
f 2871/5224/5176 2988/5223/5175 2989/5225/5177
f 2871/5224/5176 2989/5225/5177 2990/5226/5178
f 2871/5224/5176 2990/5226/5178 2872/5227/5179
f 2872/5227/5179 2990/5226/5178 2991/5228/5180
f 2872/5227/5179 2991/5228/5180 2873/5229/5181
f 2873/5229/5181 2991/5228/5180 2992/5230/5182
f 2873/5229/5181 2992/5230/5182 2874/5231/5183
f 2874/5231/5183 2992/5230/5182 2993/5232/5184
f 2874/5231/5183 2993/5232/5184 2875/5233/5185
f 2875/5233/5185 2993/5232/5184 2994/5234/5186
f 2875/5233/5185 2994/5234/5186 2876/5235/5187
f 2876/5235/5187 2994/5234/5186 2995/5236/5188
f 2876/5235/5187 2995/5236/5188 2996/5237/5189
f 2876/5235/5187 2996/5237/5189 2877/5238/5190
f 2877/5238/5190 2996/5237/5189 2997/5239/5191
f 2877/5238/5190 2997/5239/5191 2878/5240/5192
f 2878/5240/5192 2997/5239/5191 2998/5241/5193
f 2878/5240/5192 2998/5241/5193 2879/5242/5194
f 2879/5242/5194 2998/5241/5193 2999/5243/5195
f 2879/5242/5194 2999/5243/5195 2880/5244/5196
f 2880/5244/5196 2999/5243/5195 3000/5245/5197
f 2880/5244/5196 3000/5245/5197 3001/5246/5198
f 2880/5244/5196 3001/5246/5198 2881/5247/5199
f 2881/5247/5199 3001/5246/5198 3002/5248/5200
f 2881/5247/5199 3002/5248/5200 3003/5249/5201
f 3004/5250/5202 3008/5251/5203 3003/5249/5201
f 3003/5249/5201 3008/5251/5203 3009/5252/5204
f 3003/5249/5201 3009/5252/5204 2881/5247/5199
f 2881/5247/5199 3009/5252/5204 2882/5253/5205
f 2882/5253/5205 3009/5252/5204 3010/5254/5206
f 2882/5253/5205 3010/5254/5206 2883/5255/5207
f 2883/5255/5207 3010/5254/5206 3011/5256/5208
f 2883/5255/5207 3011/5256/5208 2884/5257/5209
f 2884/5257/5209 3011/5256/5208 3012/5258/5210
f 2884/5257/5209 3012/5258/5210 2885/5259/5211
f 2885/5259/5211 3012/5258/5210 2886/5260/5212
f 2886/5260/5212 3012/5258/5210 3013/5261/5213
f 2886/5260/5212 3013/5261/5213 2887/5262/5214
f 2887/5262/5214 3013/5261/5213 3014/5263/5215
f 2887/5262/5214 3014/5263/5215 2888/5264/5216
f 2888/5264/5216 3014/5263/5215 2889/5265/5217
f 2889/5265/5217 3014/5263/5215 3015/5266/5218
f 2889/5265/5217 3015/5266/5218 2890/5267/5219
f 2890/5267/5219 3015/5266/5218 2891/5268/5220
f 2891/5268/5220 3015/5266/5218 3016/5269/5221
f 2891/5268/5220 3016/5269/5221 2892/5270/5222
f 2892/5270/5222 3016/5269/5221 3017/5271/5223
f 2892/5270/5222 3017/5271/5223 2893/5272/5224
f 2893/5272/5224 3017/5271/5223 2894/5273/5225
f 2894/5273/5225 3017/5271/5223 3018/5274/5226
f 2894/5273/5225 3018/5274/5226 2895/5275/5227
f 2895/5275/5227 3018/5274/5226 2896/5276/5228
f 2896/5276/5228 3018/5274/5226 3019/5277/5229
f 2896/5276/5228 3019/5277/5229 2897/5278/5230
f 2897/5278/5230 3019/5277/5229 3020/5279/5231
f 2897/5278/5230 3020/5279/5231 2898/5280/5232
f 2898/5280/5232 3020/5279/5231 2899/5281/5233
f 2899/5281/5233 3020/5279/5231 3021/5282/5234
f 2899/5281/5233 3021/5282/5234 2900/5283/5235
f 2900/5283/5235 3021/5282/5234 3022/5284/5236
f 2900/5283/5235 3022/5284/5236 2901/5285/5237
f 2901/5285/5237 3022/5284/5236 3023/5213/5165
f 2901/5285/5237 3023/5213/5165 2902/5212/5164
f 3004/5250/5202 3005/5286/5238 3008/5251/5203
f 3008/5251/5203 3005/5286/5238 3007/5287/5239
f 3007/5287/5239 3005/5286/5238 3006/5288/5240
f 3025/5289/5241 3026/5290/5242 2977/5291/5243
f 2977/5291/5243 3026/5290/5242 2978/5292/5244
f 2978/5293/5245 3026/5294/5246 2979/5295/5247
f 2979/5295/5247 3026/5294/5246 3027/5296/5248
f 2979/5295/5247 3027/5296/5248 3028/5297/5249
f 2979/5295/5247 3028/5297/5249 2980/5298/5250
f 2980/5298/5250 3028/5297/5249 3029/5299/5251
f 2980/5298/5250 3029/5299/5251 2981/5300/5252
f 2981/5300/5252 3029/5299/5251 3030/5301/5253
f 2981/5300/5252 3030/5301/5253 2982/5302/5254
f 2982/5302/5254 3030/5301/5253 3031/5303/5255
f 2982/5302/5254 3031/5303/5255 2983/5304/5256
f 2983/5304/5256 3031/5303/5255 3032/5305/5257
f 2983/5304/5256 3032/5305/5257 2984/5306/5258
f 2984/5306/5258 3032/5305/5257 3033/5307/5259
f 2984/5306/5258 3033/5307/5259 2985/5308/5260
f 2985/5308/5260 3033/5307/5259 3034/5309/5261
f 2985/5308/5260 3034/5309/5261 2986/5310/5262
f 2986/5310/5262 3034/5309/5261 3035/5311/5263
f 2986/5310/5262 3035/5311/5263 2987/5312/5264
f 2987/5312/5264 3035/5311/5263 3036/5313/5265
f 2987/5312/5264 3036/5313/5265 2988/5314/5266
f 2988/5314/5266 3036/5313/5265 3037/5315/5267
f 2988/5314/5266 3037/5315/5267 2989/5316/5268
f 2989/5316/5268 3037/5315/5267 3038/5317/5269
f 2989/5316/5268 3038/5317/5269 2990/5318/5270
f 2990/5318/5270 3038/5317/5269 3039/5319/5271
f 2990/5318/5270 3039/5319/5271 2991/5320/5272
f 2991/5320/5272 3039/5319/5271 3040/5321/5273
f 2991/5320/5272 3040/5321/5273 2992/5322/5274
f 2992/5322/5274 3040/5321/5273 3041/5323/5275
f 2992/5322/5274 3041/5323/5275 2993/5324/5276
f 2993/5324/5276 3041/5323/5275 3042/5325/5277
f 2993/5324/5276 3042/5325/5277 2994/5326/5278
f 2994/5326/5278 3042/5325/5277 3043/5327/5279
f 2994/5326/5278 3043/5327/5279 2995/5328/5280
f 2995/5328/5280 3043/5327/5279 3044/5329/5281
f 2995/5328/5280 3044/5329/5281 2996/5330/5282
f 2996/5330/5282 3044/5329/5281 3045/5331/5283
f 2996/5330/5282 3045/5331/5283 2997/5332/5284
f 2997/5332/5284 3045/5331/5283 3046/5333/5285
f 2997/5332/5284 3046/5333/5285 2998/5334/5286
f 2998/5334/5286 3046/5333/5285 3047/5335/5287
f 2998/5334/5286 3047/5335/5287 2999/5336/5288
f 2999/5336/5288 3047/5335/5287 3048/5337/5289
f 2999/5336/5288 3048/5337/5289 3000/5338/5290
f 3000/5338/5290 3048/5337/5289 3049/5339/5291
f 3000/5338/5290 3049/5339/5291 3001/5340/5292
f 3001/5340/5292 3049/5339/5291 3050/5341/5293
f 3001/5340/5292 3050/5341/5293 3002/5342/5294
f 3002/5342/5294 3050/5341/5293 3051/5343/5295
f 3002/5342/5294 3051/5343/5295 3003/5344/5296
f 3003/5344/5296 3051/5343/5295 3052/5345/5297
f 3003/5344/5296 3052/5345/5297 3004/5346/5298
f 3004/5346/5298 3052/5345/5297 3053/5347/5299
f 3004/5346/5298 3053/5347/5299 3005/5348/5300
f 3005/5348/5300 3053/5347/5299 3006/5349/5301
f 3006/5349/5301 3053/5347/5299 3054/5350/5302
f 3054/5351/5303 3055/5352/5304 3006/5353/5305
f 3006/5353/5305 3055/5352/5304 3007/5354/5306
f 3007/5355/5307 3055/5356/5308 3008/5357/5309
f 3008/5357/5309 3055/5356/5308 3056/5358/5310
f 3008/5357/5309 3056/5358/5310 3057/5359/5311
f 3008/5357/5309 3057/5359/5311 3009/5360/5312
f 3009/5360/5312 3057/5359/5311 3058/5361/5313
f 3009/5360/5312 3058/5361/5313 3010/5362/5314
f 3010/5362/5314 3058/5361/5313 3059/5363/5315
f 3010/5362/5314 3059/5363/5315 3011/5364/5316
f 3011/5364/5316 3059/5363/5315 3060/5365/5317
f 3011/5364/5316 3060/5365/5317 3012/5366/5318
f 3012/5366/5318 3060/5365/5317 3061/5367/5319
f 3012/5366/5318 3061/5367/5319 3013/5368/5320
f 3013/5368/5320 3061/5367/5319 3062/5369/5321
f 3013/5368/5320 3062/5369/5321 3014/5370/5322
f 3014/5370/5322 3062/5369/5321 3063/5371/5323
f 3014/5370/5322 3063/5371/5323 3015/5372/5324
f 3015/5372/5324 3063/5371/5323 3064/5373/5325
f 3015/5372/5324 3064/5373/5325 3016/5374/5326
f 3016/5374/5326 3064/5373/5325 3065/5375/5327
f 3016/5374/5326 3065/5375/5327 3017/5376/5328
f 3017/5376/5328 3065/5375/5327 3066/5377/5329
f 3017/5376/5328 3066/5377/5329 3018/5378/5330
f 3018/5378/5330 3066/5377/5329 3067/5379/5331
f 3018/5378/5330 3067/5379/5331 3019/5380/5332
f 3019/5380/5332 3067/5379/5331 3068/5381/5333
f 3019/5380/5332 3068/5381/5333 3020/5382/5334
f 3020/5382/5334 3068/5381/5333 3069/5383/5335
f 3020/5382/5334 3069/5383/5335 3021/5384/5336
f 3021/5384/5336 3069/5383/5335 3070/5385/5337
f 3021/5384/5336 3070/5385/5337 3022/5386/5338
f 3022/5386/5338 3070/5385/5337 3071/5387/5339
f 3022/5386/5338 3071/5387/5339 3023/5388/5340
f 3023/5388/5340 3071/5387/5339 3072/5389/5341
f 3023/5388/5340 3072/5389/5341 3024/5390/5342
f 3024/5390/5342 3072/5389/5341 2977/5391/5343
f 2977/5391/5343 3072/5389/5341 3025/5392/5344
f 3026/5393/5345 3025/5394/5346 3027/5395/5347
f 3027/5395/5347 3025/5394/5346 3072/5396/5348
f 3027/5395/5347 3072/5396/5348 3028/5397/5349
f 3028/5397/5349 3072/5396/5348 3029/5398/5350
f 3029/5398/5350 3072/5396/5348 3071/5399/5351
f 3029/5398/5350 3071/5399/5351 3106/5400/5352
f 3106/5400/5352 3071/5399/5351 3105/5401/5353
f 3105/5401/5353 3071/5399/5351 3070/5402/5354
f 3105/5401/5353 3070/5402/5354 3104/5403/5355
f 3104/5403/5355 3070/5402/5354 3069/5404/5356
f 3104/5403/5355 3069/5404/5356 3103/5405/5357
f 3103/5405/5357 3069/5404/5356 3068/5406/5358
f 3103/5405/5357 3068/5406/5358 3102/5407/5359
f 3102/5407/5359 3068/5406/5358 3101/5408/5360
f 3101/5408/5360 3068/5406/5358 3067/5409/5361
f 3101/5408/5360 3067/5409/5361 3100/5410/5362
f 3100/5410/5362 3067/5409/5361 3066/5411/5363
f 3100/5410/5362 3066/5411/5363 3099/5412/5364
f 3099/5412/5364 3066/5411/5363 3098/5413/5365
f 3098/5413/5365 3066/5411/5363 3065/5414/5366
f 3098/5413/5365 3065/5414/5366 3097/5415/5367
f 3097/5415/5367 3065/5414/5366 3096/5416/5368
f 3096/5416/5368 3065/5414/5366 3064/5417/5369
f 3096/5416/5368 3064/5417/5369 3095/5418/5370
f 3095/5418/5370 3064/5417/5369 3063/5419/5371
f 3095/5418/5370 3063/5419/5371 3094/5420/5372
f 3094/5420/5372 3063/5419/5371 3093/5421/5373
f 3093/5421/5373 3063/5419/5371 3062/5422/5374
f 3093/5421/5373 3062/5422/5374 3092/5423/5375
f 3092/5423/5375 3062/5422/5374 3091/5424/5376
f 3091/5424/5376 3062/5422/5374 3061/5425/5377
f 3091/5424/5376 3061/5425/5377 3090/5426/5378
f 3090/5426/5378 3061/5425/5377 3060/5427/5379
f 3090/5426/5378 3060/5427/5379 3089/5428/5380
f 3089/5428/5380 3060/5427/5379 3088/5429/5381
f 3088/5429/5381 3060/5427/5379 3059/5430/5382
f 3088/5429/5381 3059/5430/5382 3087/5431/5383
f 3087/5431/5383 3059/5430/5382 3058/5432/5384
f 3087/5431/5383 3058/5432/5384 3086/5433/5385
f 3086/5433/5385 3058/5432/5384 3057/5434/5386
f 3086/5433/5385 3057/5434/5386 3085/5435/5387
f 3085/5435/5387 3057/5434/5386 3051/5436/5388
f 3085/5435/5387 3051/5436/5388 3050/5437/5389
f 3057/5434/5386 3056/5438/5390 3051/5436/5388
f 3051/5436/5388 3056/5438/5390 3052/5439/5391
f 3052/5439/5391 3056/5438/5390 3053/5440/5392
f 3053/5440/5392 3056/5438/5390 3055/5441/5393
f 3053/5440/5392 3055/5441/5393 3054/5442/5394
f 3050/5437/5389 3049/5443/5395 3085/5435/5387
f 3085/5435/5387 3049/5443/5395 3084/5444/5396
f 3084/5444/5396 3049/5443/5395 3048/5445/5397
f 3084/5444/5396 3048/5445/5397 3047/5446/5398
f 3084/5444/5396 3047/5446/5398 3083/5447/5399
f 3083/5447/5399 3047/5446/5398 3046/5448/5400
f 3083/5447/5399 3046/5448/5400 3082/5449/5401
f 3082/5449/5401 3046/5448/5400 3045/5450/5402
f 3082/5449/5401 3045/5450/5402 3081/5451/5403
f 3081/5451/5403 3045/5450/5402 3044/5452/5404
f 3081/5451/5403 3044/5452/5404 3080/5453/5405
f 3080/5453/5405 3044/5452/5404 3043/5454/5406
f 3080/5453/5405 3043/5454/5406 3042/5455/5407
f 3080/5453/5405 3042/5455/5407 3079/5456/5408
f 3079/5456/5408 3042/5455/5407 3041/5457/5409
f 3079/5456/5408 3041/5457/5409 3078/5458/5410
f 3078/5458/5410 3041/5457/5409 3040/5459/5411
f 3078/5458/5410 3040/5459/5411 3077/5460/5412
f 3077/5460/5412 3040/5459/5411 3039/5461/5413
f 3077/5460/5412 3039/5461/5413 3076/5462/5414
f 3076/5462/5414 3039/5461/5413 3038/5463/5415
f 3076/5462/5414 3038/5463/5415 3075/5464/5416
f 3075/5464/5416 3038/5463/5415 3037/5465/5417
f 3075/5464/5416 3037/5465/5417 3036/5466/5418
f 3075/5464/5416 3036/5466/5418 3074/5467/5419
f 3074/5467/5419 3036/5466/5418 3035/5468/5420
f 3074/5467/5419 3035/5468/5420 3073/5469/5421
f 3073/5469/5421 3035/5468/5420 3034/5470/5422
f 3073/5469/5421 3034/5470/5422 3108/5471/5423
f 3108/5471/5423 3034/5470/5422 3033/5472/5424
f 3108/5471/5423 3033/5472/5424 3107/5473/5425
f 3107/5473/5425 3033/5472/5424 3032/5474/5426
f 3107/5473/5425 3032/5474/5426 3031/5475/5427
f 3107/5473/5425 3031/5475/5427 3106/5400/5352
f 3106/5400/5352 3031/5475/5427 3030/5476/5428
f 3106/5400/5352 3030/5476/5428 3029/5398/5350
f 3110/5477/5429 3147/5478/5430 3109/5479/5431
f 3109/5479/5431 3147/5478/5430 3150/5480/5432
f 3109/5479/5431 3150/5480/5432 3144/5481/5433
f 3144/5481/5433 3150/5480/5432 3215/5482/5434
f 3144/5481/5433 3215/5482/5434 3143/5483/5435
f 3143/5483/5435 3215/5482/5434 3213/5484/5436
f 3143/5483/5435 3213/5484/5436 3142/5485/5437
f 3142/5485/5437 3213/5484/5436 3211/5486/5438
f 3142/5485/5437 3211/5486/5438 3141/5487/5439
f 3141/5487/5439 3211/5486/5438 3209/5488/5440
f 3141/5487/5439 3209/5488/5440 3140/5489/5441
f 3140/5489/5441 3209/5488/5440 3207/5490/5442
f 3140/5489/5441 3207/5490/5442 3139/5491/5443
f 3139/5491/5443 3207/5490/5442 3205/5492/5444
f 3139/5491/5443 3205/5492/5444 3138/5493/5445
f 3138/5493/5445 3205/5492/5444 3203/5494/5446
f 3138/5493/5445 3203/5494/5446 3137/5495/5447
f 3137/5495/5447 3203/5494/5446 3201/5496/5448
f 3137/5495/5447 3201/5496/5448 3136/5497/5449
f 3136/5497/5449 3201/5496/5448 3199/5498/5450
f 3136/5497/5449 3199/5498/5450 3135/5499/5451
f 3135/5499/5451 3199/5498/5450 3197/5500/5452
f 3135/5499/5451 3197/5500/5452 3134/5501/5453
f 3134/5501/5453 3197/5500/5452 3195/5502/5454
f 3134/5501/5453 3195/5502/5454 3133/5503/5455
f 3133/5503/5455 3195/5502/5454 3193/5504/5456
f 3133/5503/5455 3193/5504/5456 3132/5505/5457
f 3132/5505/5457 3193/5504/5456 3191/5506/5458
f 3132/5505/5457 3191/5506/5458 3131/5507/5459
f 3131/5507/5459 3191/5506/5458 3189/5508/5460
f 3131/5507/5459 3189/5508/5460 3130/5509/5461
f 3130/5509/5461 3189/5508/5460 3187/5510/5462
f 3130/5509/5461 3187/5510/5462 3129/5511/5463
f 3129/5511/5463 3187/5510/5462 3185/5512/5464
f 3129/5511/5463 3185/5512/5464 3128/5513/5465
f 3128/5513/5465 3185/5512/5464 3183/5514/5466
f 3128/5513/5465 3183/5514/5466 3127/5515/5467
f 3127/5515/5467 3183/5514/5466 3145/5516/5468
f 3127/5517/5467 3145/5518/5468 3126/5519/5469
f 3126/5519/5469 3145/5518/5468 3181/5520/5470
f 3126/5519/5469 3181/5520/5470 3125/5521/5471
f 3125/5521/5471 3181/5520/5470 3179/5522/5472
f 3125/5521/5471 3179/5522/5472 3124/5523/5473
f 3124/5523/5473 3179/5522/5472 3177/5524/5474
f 3124/5523/5473 3177/5524/5474 3123/5525/5475
f 3123/5525/5475 3177/5524/5474 3175/5526/5476
f 3123/5525/5475 3175/5526/5476 3122/5527/5477
f 3122/5527/5477 3175/5526/5476 3173/5528/5478
f 3122/5527/5477 3173/5528/5478 3121/5529/5479
f 3121/5529/5479 3173/5528/5478 3171/5530/5480
f 3121/5529/5479 3171/5530/5480 3120/5531/5481
f 3120/5531/5481 3171/5530/5480 3169/5532/5482
f 3120/5531/5481 3169/5532/5482 3119/5533/5483
f 3119/5533/5483 3169/5532/5482 3167/5534/5484
f 3119/5533/5483 3167/5534/5484 3118/5535/5485
f 3118/5535/5485 3167/5534/5484 3165/5536/5486
f 3118/5535/5485 3165/5536/5486 3117/5537/5487
f 3117/5537/5487 3165/5536/5486 3163/5538/5488
f 3117/5537/5487 3163/5538/5488 3116/5539/5489
f 3116/5539/5489 3163/5538/5488 3161/5540/5490
f 3116/5539/5489 3161/5540/5490 3115/5541/5491
f 3115/5541/5491 3161/5540/5490 3159/5542/5492
f 3115/5541/5491 3159/5542/5492 3114/5543/5493
f 3114/5543/5493 3159/5542/5492 3157/5544/5494
f 3114/5543/5493 3157/5544/5494 3113/5545/5495
f 3113/5545/5495 3157/5544/5494 3155/5546/5496
f 3113/5545/5495 3155/5546/5496 3112/5547/5497
f 3112/5547/5497 3155/5546/5496 3153/5548/5498
f 3112/5547/5497 3153/5548/5498 3111/5549/5499
f 3111/5549/5499 3153/5548/5498 3151/5550/5500
f 3111/5549/5499 3151/5550/5500 3110/5477/5429
f 3110/5477/5429 3151/5550/5500 3147/5478/5430
f 3108/5551/5501 3216/5552/5502 3073/5553/5503
f 3073/5553/5503 3216/5552/5502 3149/5554/5504
f 3073/5553/5503 3149/5554/5504 3074/5555/5505
f 3074/5555/5505 3149/5554/5504 3148/5556/5506
f 3074/5555/5505 3148/5556/5506 3075/5557/5507
f 3075/5557/5507 3148/5556/5506 3152/5558/5508
f 3075/5557/5507 3152/5558/5508 3076/5559/5509
f 3076/5559/5509 3152/5558/5508 3154/5560/5510
f 3076/5559/5509 3154/5560/5510 3077/5561/5511
f 3077/5561/5511 3154/5560/5510 3156/5562/5512
f 3077/5561/5511 3156/5562/5512 3078/5563/5513
f 3078/5563/5513 3156/5562/5512 3158/5564/5514
f 3078/5563/5513 3158/5564/5514 3079/5565/5515
f 3079/5565/5515 3158/5564/5514 3160/5566/5516
f 3079/5565/5515 3160/5566/5516 3080/5567/5517
f 3080/5567/5517 3160/5566/5516 3162/5568/5518
f 3080/5567/5517 3162/5568/5518 3081/5569/5519
f 3081/5569/5519 3162/5568/5518 3164/5570/5520
f 3081/5569/5519 3164/5570/5520 3082/5571/5521
f 3082/5571/5521 3164/5570/5520 3166/5572/5522
f 3082/5571/5521 3166/5572/5522 3083/5573/5523
f 3083/5573/5523 3166/5572/5522 3168/5574/5524
f 3083/5573/5523 3168/5574/5524 3084/5575/5525
f 3084/5575/5525 3168/5574/5524 3170/5576/5526
f 3084/5575/5525 3170/5576/5526 3085/5577/5527
f 3085/5577/5527 3170/5576/5526 3172/5578/5528
f 3085/5577/5527 3172/5578/5528 3086/5579/5529
f 3086/5579/5529 3172/5578/5528 3174/5580/5530
f 3086/5579/5529 3174/5580/5530 3087/5581/5531
f 3087/5581/5531 3174/5580/5530 3176/5582/5532
f 3087/5581/5531 3176/5582/5532 3088/5583/5533
f 3088/5583/5533 3176/5582/5532 3178/5584/5534
f 3088/5583/5533 3178/5584/5534 3089/5585/5535
f 3089/5585/5535 3178/5584/5534 3180/5586/5536
f 3089/5585/5535 3180/5586/5536 3090/5587/5537
f 3090/5587/5537 3180/5586/5536 3182/5588/5538
f 3090/5587/5537 3182/5588/5538 3091/5589/5539
f 3091/5589/5539 3182/5588/5538 3146/5590/5540
f 3091/5591/5539 3146/5592/5540 3092/5593/5541
f 3092/5593/5541 3146/5592/5540 3184/5594/5542
f 3092/5593/5541 3184/5594/5542 3093/5595/5543
f 3093/5595/5543 3184/5594/5542 3186/5596/5544
f 3093/5595/5543 3186/5596/5544 3094/5597/5545
f 3094/5597/5545 3186/5596/5544 3188/5598/5546
f 3094/5597/5545 3188/5598/5546 3095/5599/5547
f 3095/5599/5547 3188/5598/5546 3190/5600/5548
f 3095/5599/5547 3190/5600/5548 3096/5601/5549
f 3096/5601/5549 3190/5600/5548 3192/5602/5550
f 3096/5601/5549 3192/5602/5550 3097/5603/5551
f 3097/5603/5551 3192/5602/5550 3194/5604/5552
f 3097/5603/5551 3194/5604/5552 3098/5605/5553
f 3098/5605/5553 3194/5604/5552 3196/5606/5554
f 3098/5605/5553 3196/5606/5554 3099/5607/5555
f 3099/5607/5555 3196/5606/5554 3198/5608/5556
f 3099/5607/5555 3198/5608/5556 3100/5609/5557
f 3100/5609/5557 3198/5608/5556 3200/5610/5558
f 3100/5609/5557 3200/5610/5558 3101/5611/5559
f 3101/5611/5559 3200/5610/5558 3202/5612/5560
f 3101/5611/5559 3202/5612/5560 3102/5613/5561
f 3102/5613/5561 3202/5612/5560 3204/5614/5562
f 3102/5613/5561 3204/5614/5562 3103/5615/5563
f 3103/5615/5563 3204/5614/5562 3206/5616/5564
f 3103/5615/5563 3206/5616/5564 3104/5617/5565
f 3104/5617/5565 3206/5616/5564 3208/5618/5566
f 3104/5617/5565 3208/5618/5566 3105/5619/5567
f 3105/5619/5567 3208/5618/5566 3210/5620/5568
f 3105/5619/5567 3210/5620/5568 3106/5621/5569
f 3106/5621/5569 3210/5620/5568 3212/5622/5570
f 3106/5621/5569 3212/5622/5570 3107/5623/5571
f 3107/5623/5571 3212/5622/5570 3214/5624/5572
f 3107/5623/5571 3214/5624/5572 3108/5551/5501
f 3108/5551/5501 3214/5624/5572 3216/5552/5502
f 3145/5518/5468 3146/5590/5540 3181/5520/5470
f 3181/5520/5470 3146/5590/5540 3182/5588/5538
f 3181/5520/5470 3182/5588/5538 3179/5522/5472
f 3179/5522/5472 3182/5588/5538 3180/5586/5536
f 3179/5522/5472 3180/5586/5536 3177/5524/5474
f 3177/5524/5474 3180/5586/5536 3178/5584/5534
f 3177/5524/5474 3178/5584/5534 3175/5526/5476
f 3175/5526/5476 3178/5584/5534 3176/5582/5532
f 3175/5526/5476 3176/5582/5532 3173/5528/5478
f 3173/5528/5478 3176/5582/5532 3174/5580/5530
f 3173/5528/5478 3174/5580/5530 3171/5530/5480
f 3171/5530/5480 3174/5580/5530 3172/5578/5528
f 3171/5530/5480 3172/5578/5528 3169/5532/5482
f 3169/5532/5482 3172/5578/5528 3170/5576/5526
f 3169/5532/5482 3170/5576/5526 3167/5534/5484
f 3167/5534/5484 3170/5576/5526 3168/5574/5524
f 3167/5534/5484 3168/5574/5524 3165/5536/5486
f 3165/5536/5486 3168/5574/5524 3166/5572/5522
f 3165/5536/5486 3166/5572/5522 3163/5538/5488
f 3163/5538/5488 3166/5572/5522 3164/5570/5520
f 3163/5538/5488 3164/5570/5520 3161/5540/5490
f 3161/5540/5490 3164/5570/5520 3162/5568/5518
f 3161/5540/5490 3162/5568/5518 3159/5542/5492
f 3159/5542/5492 3162/5568/5518 3160/5566/5516
f 3159/5542/5492 3160/5566/5516 3157/5544/5494
f 3157/5544/5494 3160/5566/5516 3158/5564/5514
f 3157/5544/5494 3158/5564/5514 3155/5546/5496
f 3155/5546/5496 3158/5564/5514 3156/5562/5512
f 3155/5546/5496 3156/5562/5512 3153/5548/5498
f 3153/5548/5498 3156/5562/5512 3154/5560/5510
f 3153/5548/5498 3154/5560/5510 3151/5550/5500
f 3151/5550/5500 3154/5560/5510 3152/5558/5508
f 3151/5550/5500 3152/5558/5508 3147/5478/5430
f 3147/5478/5430 3152/5558/5508 3148/5556/5506
f 3147/5478/5430 3148/5556/5506 3150/5480/5432
f 3150/5480/5432 3148/5556/5506 3149/5554/5504
f 3150/5480/5432 3149/5554/5504 3215/5482/5434
f 3215/5482/5434 3149/5554/5504 3216/5552/5502
f 3215/5482/5434 3216/5552/5502 3213/5484/5436
f 3213/5484/5436 3216/5552/5502 3214/5624/5572
f 3213/5484/5436 3214/5624/5572 3211/5486/5438
f 3211/5486/5438 3214/5624/5572 3212/5622/5570
f 3211/5486/5438 3212/5622/5570 3209/5488/5440
f 3209/5488/5440 3212/5622/5570 3210/5620/5568
f 3209/5488/5440 3210/5620/5568 3207/5490/5442
f 3207/5490/5442 3210/5620/5568 3208/5618/5566
f 3207/5490/5442 3208/5618/5566 3205/5492/5444
f 3205/5492/5444 3208/5618/5566 3206/5616/5564
f 3205/5492/5444 3206/5616/5564 3203/5494/5446
f 3203/5494/5446 3206/5616/5564 3204/5614/5562
f 3203/5494/5446 3204/5614/5562 3201/5496/5448
f 3201/5496/5448 3204/5614/5562 3202/5612/5560
f 3201/5496/5448 3202/5612/5560 3199/5498/5450
f 3199/5498/5450 3202/5612/5560 3200/5610/5558
f 3199/5498/5450 3200/5610/5558 3197/5500/5452
f 3197/5500/5452 3200/5610/5558 3198/5608/5556
f 3197/5500/5452 3198/5608/5556 3195/5502/5454
f 3195/5502/5454 3198/5608/5556 3196/5606/5554
f 3195/5502/5454 3196/5606/5554 3193/5504/5456
f 3193/5504/5456 3196/5606/5554 3194/5604/5552
f 3193/5504/5456 3194/5604/5552 3191/5506/5458
f 3191/5506/5458 3194/5604/5552 3192/5602/5550
f 3191/5506/5458 3192/5602/5550 3189/5508/5460
f 3189/5508/5460 3192/5602/5550 3190/5600/5548
f 3189/5508/5460 3190/5600/5548 3187/5510/5462
f 3187/5510/5462 3190/5600/5548 3188/5598/5546
f 3187/5510/5462 3188/5598/5546 3185/5512/5464
f 3185/5512/5464 3188/5598/5546 3186/5596/5544
f 3185/5512/5464 3186/5596/5544 3183/5514/5466
f 3183/5514/5466 3186/5596/5544 3184/5594/5542
f 3183/5514/5466 3184/5594/5542 3145/5516/5468
f 3145/5516/5468 3184/5594/5542 3146/5592/5540
f 3218/5625/5573 3219/5626/5574 3217/5627/5575
f 3217/5627/5575 3219/5626/5574 3264/5628/5576
f 3264/5628/5576 3219/5626/5574 3220/5629/5577
f 3264/5628/5576 3220/5629/5577 3221/5630/5578
f 3222/5631/5579 3142/5632/5580 3221/5630/5578
f 3221/5630/5578 3142/5632/5580 3263/5633/5581
f 3221/5630/5578 3263/5633/5581 3264/5628/5576
f 3222/5631/5579 3223/5634/5582 3142/5632/5580
f 3142/5632/5580 3223/5634/5582 3143/5635/5583
f 3143/5635/5583 3223/5634/5582 3224/5636/5584
f 3143/5635/5583 3224/5636/5584 3225/5637/5585
f 3143/5635/5583 3225/5637/5585 3144/5638/5586
f 3144/5638/5586 3225/5637/5585 3226/5639/5587
f 3144/5638/5586 3226/5639/5587 3109/5640/5588
f 3109/5640/5588 3226/5639/5587 3227/5641/5589
f 3109/5640/5588 3227/5641/5589 3110/5642/5590
f 3110/5642/5590 3227/5641/5589 3228/5643/5591
f 3110/5642/5590 3228/5643/5591 3111/5644/5592
f 3111/5644/5592 3228/5643/5591 3229/5645/5593
f 3111/5644/5592 3229/5645/5593 3230/5646/5594
f 3111/5644/5592 3230/5646/5594 3112/5647/5595
f 3112/5647/5595 3230/5646/5594 3231/5648/5596
f 3112/5647/5595 3231/5648/5596 3113/5649/5597
f 3113/5649/5597 3231/5648/5596 3232/5650/5598
f 3113/5649/5597 3232/5650/5598 3114/5651/5599
f 3114/5651/5599 3232/5650/5598 3233/5652/5600
f 3114/5651/5599 3233/5652/5600 3115/5653/5601
f 3115/5653/5601 3233/5652/5600 3234/5654/5602
f 3115/5653/5601 3234/5654/5602 3116/5655/5603
f 3116/5655/5603 3234/5654/5602 3235/5656/5604
f 3116/5655/5603 3235/5656/5604 3236/5657/5605
f 3116/5655/5603 3236/5657/5605 3117/5658/5606
f 3117/5658/5606 3236/5657/5605 3237/5659/5607
f 3117/5658/5606 3237/5659/5607 3118/5660/5608
f 3118/5660/5608 3237/5659/5607 3238/5661/5609
f 3118/5660/5608 3238/5661/5609 3119/5662/5610
f 3119/5662/5610 3238/5661/5609 3239/5663/5611
f 3119/5662/5610 3239/5663/5611 3120/5664/5612
f 3120/5664/5612 3239/5663/5611 3240/5665/5613
f 3120/5664/5612 3240/5665/5613 3241/5666/5614
f 3120/5664/5612 3241/5666/5614 3121/5667/5615
f 3121/5667/5615 3241/5666/5614 3242/5668/5616
f 3121/5667/5615 3242/5668/5616 3243/5669/5617
f 3244/5670/5618 3248/5671/5619 3243/5669/5617
f 3243/5669/5617 3248/5671/5619 3249/5672/5620
f 3243/5669/5617 3249/5672/5620 3121/5667/5615
f 3121/5667/5615 3249/5672/5620 3122/5673/5621
f 3122/5673/5621 3249/5672/5620 3250/5674/5622
f 3122/5673/5621 3250/5674/5622 3123/5675/5623
f 3123/5675/5623 3250/5674/5622 3251/5676/5624
f 3123/5675/5623 3251/5676/5624 3124/5677/5625
f 3124/5677/5625 3251/5676/5624 3252/5678/5626
f 3124/5677/5625 3252/5678/5626 3125/5679/5627
f 3125/5679/5627 3252/5678/5626 3126/5680/5628
f 3126/5680/5628 3252/5678/5626 3253/5681/5629
f 3126/5680/5628 3253/5681/5629 3127/5682/5630
f 3127/5682/5630 3253/5681/5629 3254/5683/5631
f 3127/5682/5630 3254/5683/5631 3128/5684/5632
f 3128/5684/5632 3254/5683/5631 3129/5685/5633
f 3129/5685/5633 3254/5683/5631 3255/5686/5634
f 3129/5685/5633 3255/5686/5634 3130/5687/5635
f 3130/5687/5635 3255/5686/5634 3131/5688/5636
f 3131/5688/5636 3255/5686/5634 3256/5689/5637
f 3131/5688/5636 3256/5689/5637 3132/5690/5638
f 3132/5690/5638 3256/5689/5637 3257/5691/5639
f 3132/5690/5638 3257/5691/5639 3133/5692/5640
f 3133/5692/5640 3257/5691/5639 3134/5693/5641
f 3134/5693/5641 3257/5691/5639 3258/5694/5642
f 3134/5693/5641 3258/5694/5642 3135/5695/5643
f 3135/5695/5643 3258/5694/5642 3136/5696/5644
f 3136/5696/5644 3258/5694/5642 3259/5697/5645
f 3136/5696/5644 3259/5697/5645 3137/5698/5646
f 3137/5698/5646 3259/5697/5645 3260/5699/5647
f 3137/5698/5646 3260/5699/5647 3138/5700/5648
f 3138/5700/5648 3260/5699/5647 3139/5701/5649
f 3139/5701/5649 3260/5699/5647 3261/5702/5650
f 3139/5701/5649 3261/5702/5650 3140/5703/5651
f 3140/5703/5651 3261/5702/5650 3262/5704/5652
f 3140/5703/5651 3262/5704/5652 3141/5705/5653
f 3141/5705/5653 3262/5704/5652 3263/5633/5581
f 3141/5705/5653 3263/5633/5581 3142/5632/5580
f 3244/5670/5618 3245/5706/5654 3248/5671/5619
f 3248/5671/5619 3245/5706/5654 3247/5707/5655
f 3247/5707/5655 3245/5706/5654 3246/5708/5656
f 3265/5709/5657 3266/5710/5658 3217/5711/5659
f 3217/5711/5659 3266/5710/5658 3218/5712/5660
f 3218/5713/5661 3266/5714/5662 3219/5715/5663
f 3219/5715/5663 3266/5714/5662 3267/5716/5664
f 3219/5715/5663 3267/5716/5664 3268/5717/5665
f 3219/5715/5663 3268/5717/5665 3220/5718/5666
f 3220/5718/5666 3268/5717/5665 3269/5719/5667
f 3220/5718/5666 3269/5719/5667 3221/5720/5668
f 3221/5720/5668 3269/5719/5667 3270/5721/5669
f 3221/5720/5668 3270/5721/5669 3222/5722/5670
f 3222/5722/5670 3270/5721/5669 3271/5723/5671
f 3222/5722/5670 3271/5723/5671 3223/5724/5672
f 3223/5724/5672 3271/5723/5671 3272/5725/5673
f 3223/5724/5672 3272/5725/5673 3224/5726/5674
f 3224/5726/5674 3272/5725/5673 3273/5727/5675
f 3224/5726/5674 3273/5727/5675 3225/5728/5676
f 3225/5728/5676 3273/5727/5675 3274/5729/5677
f 3225/5728/5676 3274/5729/5677 3226/5730/5678
f 3226/5730/5678 3274/5729/5677 3275/5731/5679
f 3226/5730/5678 3275/5731/5679 3227/5732/5680
f 3227/5732/5680 3275/5731/5679 3276/5733/5681
f 3227/5732/5680 3276/5733/5681 3228/5734/5682
f 3228/5734/5682 3276/5733/5681 3277/5735/5683
f 3228/5734/5682 3277/5735/5683 3229/5736/5684
f 3229/5736/5684 3277/5735/5683 3278/5737/5685
f 3229/5736/5684 3278/5737/5685 3230/5738/5686
f 3230/5738/5686 3278/5737/5685 3279/5739/5687
f 3230/5738/5686 3279/5739/5687 3231/5740/5688
f 3231/5740/5688 3279/5739/5687 3280/5741/5689
f 3231/5740/5688 3280/5741/5689 3232/5742/5690
f 3232/5742/5690 3280/5741/5689 3281/5743/5691
f 3232/5742/5690 3281/5743/5691 3233/5744/5692
f 3233/5744/5692 3281/5743/5691 3282/5745/5693
f 3233/5744/5692 3282/5745/5693 3234/5746/5694
f 3234/5746/5694 3282/5745/5693 3283/5747/5695
f 3234/5746/5694 3283/5747/5695 3235/5748/5696
f 3235/5748/5696 3283/5747/5695 3284/5749/5697
f 3235/5748/5696 3284/5749/5697 3236/5750/5698
f 3236/5750/5698 3284/5749/5697 3285/5751/5699
f 3236/5750/5698 3285/5751/5699 3237/5752/5700
f 3237/5752/5700 3285/5751/5699 3286/5753/5701
f 3237/5752/5700 3286/5753/5701 3238/5754/5702
f 3238/5754/5702 3286/5753/5701 3287/5755/5703
f 3238/5754/5702 3287/5755/5703 3239/5756/5704
f 3239/5756/5704 3287/5755/5703 3288/5757/5705
f 3239/5756/5704 3288/5757/5705 3240/5758/5706
f 3240/5758/5706 3288/5757/5705 3289/5759/5707
f 3240/5758/5706 3289/5759/5707 3241/5760/5708
f 3241/5760/5708 3289/5759/5707 3290/5761/5709
f 3241/5760/5708 3290/5761/5709 3242/5762/5710
f 3242/5762/5710 3290/5761/5709 3291/5763/5711
f 3242/5762/5710 3291/5763/5711 3243/5764/5712
f 3243/5764/5712 3291/5763/5711 3292/5765/5713
f 3243/5764/5712 3292/5765/5713 3244/5766/5714
f 3244/5766/5714 3292/5765/5713 3293/5767/5715
f 3244/5766/5714 3293/5767/5715 3245/5768/5716
f 3245/5768/5716 3293/5767/5715 3246/5769/5717
f 3246/5769/5717 3293/5767/5715 3294/5770/5718
f 3294/5771/5719 3295/5772/5720 3246/5773/5721
f 3246/5773/5721 3295/5772/5720 3247/5774/5722
f 3247/5775/5723 3295/5776/5724 3248/5777/5725
f 3248/5777/5725 3295/5776/5724 3296/5778/5726
f 3248/5777/5725 3296/5778/5726 3297/5779/5727
f 3248/5777/5725 3297/5779/5727 3249/5780/5728
f 3249/5780/5728 3297/5779/5727 3298/5781/5729
f 3249/5780/5728 3298/5781/5729 3250/5782/5730
f 3250/5782/5730 3298/5781/5729 3299/5783/5731
f 3250/5782/5730 3299/5783/5731 3251/5784/5732
f 3251/5784/5732 3299/5783/5731 3300/5785/5733
f 3251/5784/5732 3300/5785/5733 3252/5786/5734
f 3252/5786/5734 3300/5785/5733 3301/5787/5735
f 3252/5786/5734 3301/5787/5735 3253/5788/5736
f 3253/5788/5736 3301/5787/5735 3302/5789/5737
f 3253/5788/5736 3302/5789/5737 3254/5790/5738
f 3254/5790/5738 3302/5789/5737 3303/5791/5739
f 3254/5790/5738 3303/5791/5739 3255/5792/5740
f 3255/5792/5740 3303/5791/5739 3304/5793/5741
f 3255/5792/5740 3304/5793/5741 3256/5794/5742
f 3256/5794/5742 3304/5793/5741 3305/5795/5743
f 3256/5794/5742 3305/5795/5743 3257/5796/5744
f 3257/5796/5744 3305/5795/5743 3306/5797/5745
f 3257/5796/5744 3306/5797/5745 3258/5798/5746
f 3258/5798/5746 3306/5797/5745 3307/5799/5747
f 3258/5798/5746 3307/5799/5747 3259/5800/5748
f 3259/5800/5748 3307/5799/5747 3308/5801/5749
f 3259/5800/5748 3308/5801/5749 3260/5802/5750
f 3260/5802/5750 3308/5801/5749 3309/5803/5751
f 3260/5802/5750 3309/5803/5751 3261/5804/5752
f 3261/5804/5752 3309/5803/5751 3310/5805/5753
f 3261/5804/5752 3310/5805/5753 3262/5806/5754
f 3262/5806/5754 3310/5805/5753 3311/5807/5755
f 3262/5806/5754 3311/5807/5755 3263/5808/5756
f 3263/5808/5756 3311/5807/5755 3312/5809/5757
f 3263/5808/5756 3312/5809/5757 3264/5810/5758
f 3264/5810/5758 3312/5809/5757 3217/5811/5759
f 3217/5811/5759 3312/5809/5757 3265/5812/5760
f 3266/5813/5761 3265/5814/5762 3267/5815/5763
f 3267/5815/5763 3265/5814/5762 3312/5816/5764
f 3267/5815/5763 3312/5816/5764 3268/5817/5765
f 3268/5817/5765 3312/5816/5764 3269/5818/5766
f 3269/5818/5766 3312/5816/5764 3311/5819/5767
f 3269/5818/5766 3311/5819/5767 3346/5820/5768
f 3346/5820/5768 3311/5819/5767 3345/5821/5769
f 3345/5821/5769 3311/5819/5767 3310/5822/5770
f 3345/5821/5769 3310/5822/5770 3344/5823/5771
f 3344/5823/5771 3310/5822/5770 3309/5824/5772
f 3344/5823/5771 3309/5824/5772 3343/5825/5773
f 3343/5825/5773 3309/5824/5772 3308/5826/5774
f 3343/5825/5773 3308/5826/5774 3342/5827/5775
f 3342/5827/5775 3308/5826/5774 3341/5828/5776
f 3341/5828/5776 3308/5826/5774 3307/5829/5777
f 3341/5828/5776 3307/5829/5777 3340/5830/5778
f 3340/5830/5778 3307/5829/5777 3306/5831/5779
f 3340/5830/5778 3306/5831/5779 3339/5832/5780
f 3339/5832/5780 3306/5831/5779 3338/5833/5781
f 3338/5833/5781 3306/5831/5779 3305/5834/5782
f 3338/5833/5781 3305/5834/5782 3337/5835/5783
f 3337/5835/5783 3305/5834/5782 3336/5836/5784
f 3336/5836/5784 3305/5834/5782 3304/5837/5785
f 3336/5836/5784 3304/5837/5785 3335/5838/5786
f 3335/5838/5786 3304/5837/5785 3303/5839/5787
f 3335/5838/5786 3303/5839/5787 3334/5840/5788
f 3334/5840/5788 3303/5839/5787 3333/5841/5789
f 3333/5841/5789 3303/5839/5787 3302/5842/5790
f 3333/5841/5789 3302/5842/5790 3332/5843/5791
f 3332/5843/5791 3302/5842/5790 3331/5844/5792
f 3331/5844/5792 3302/5842/5790 3301/5845/5793
f 3331/5844/5792 3301/5845/5793 3330/5846/5794
f 3330/5846/5794 3301/5845/5793 3300/5847/5795
f 3330/5846/5794 3300/5847/5795 3329/5848/5796
f 3329/5848/5796 3300/5847/5795 3328/5849/5797
f 3328/5849/5797 3300/5847/5795 3299/5850/5798
f 3328/5849/5797 3299/5850/5798 3327/5851/5799
f 3327/5851/5799 3299/5850/5798 3298/5852/5800
f 3327/5851/5799 3298/5852/5800 3326/5853/5801
f 3326/5853/5801 3298/5852/5800 3297/5854/5802
f 3326/5853/5801 3297/5854/5802 3325/5855/5803
f 3325/5855/5803 3297/5854/5802 3291/5856/5804
f 3325/5855/5803 3291/5856/5804 3290/5857/5805
f 3297/5854/5802 3296/5858/5806 3291/5856/5804
f 3291/5856/5804 3296/5858/5806 3292/5859/5807
f 3292/5859/5807 3296/5858/5806 3293/5860/5808
f 3293/5860/5808 3296/5858/5806 3295/5861/5809
f 3293/5860/5808 3295/5861/5809 3294/5862/5810
f 3290/5857/5805 3289/5863/5811 3325/5855/5803
f 3325/5855/5803 3289/5863/5811 3324/5864/5812
f 3324/5864/5812 3289/5863/5811 3288/5865/5813
f 3324/5864/5812 3288/5865/5813 3287/5866/5814
f 3324/5864/5812 3287/5866/5814 3323/5867/5815
f 3323/5867/5815 3287/5866/5814 3286/5868/5816
f 3323/5867/5815 3286/5868/5816 3322/5869/5817
f 3322/5869/5817 3286/5868/5816 3285/5870/5818
f 3322/5869/5817 3285/5870/5818 3321/5871/5819
f 3321/5871/5819 3285/5870/5818 3284/5872/5820
f 3321/5871/5819 3284/5872/5820 3320/5873/5821
f 3320/5873/5821 3284/5872/5820 3283/5874/5822
f 3320/5873/5821 3283/5874/5822 3282/5875/5823
f 3320/5873/5821 3282/5875/5823 3319/5876/5824
f 3319/5876/5824 3282/5875/5823 3281/5877/5825
f 3319/5876/5824 3281/5877/5825 3318/5878/5826
f 3318/5878/5826 3281/5877/5825 3280/5879/5827
f 3318/5878/5826 3280/5879/5827 3317/5880/5828
f 3317/5880/5828 3280/5879/5827 3279/5881/5829
f 3317/5880/5828 3279/5881/5829 3316/5882/5830
f 3316/5882/5830 3279/5881/5829 3278/5883/5831
f 3316/5882/5830 3278/5883/5831 3315/5884/5832
f 3315/5884/5832 3278/5883/5831 3277/5885/5833
f 3315/5884/5832 3277/5885/5833 3276/5886/5834
f 3315/5884/5832 3276/5886/5834 3314/5887/5835
f 3314/5887/5835 3276/5886/5834 3275/5888/5836
f 3314/5887/5835 3275/5888/5836 3313/5889/5837
f 3313/5889/5837 3275/5888/5836 3274/5890/5838
f 3313/5889/5837 3274/5890/5838 3348/5891/5839
f 3348/5891/5839 3274/5890/5838 3273/5892/5840
f 3348/5891/5839 3273/5892/5840 3347/5893/5841
f 3347/5893/5841 3273/5892/5840 3272/5894/5842
f 3347/5893/5841 3272/5894/5842 3271/5895/5843
f 3347/5893/5841 3271/5895/5843 3346/5820/5768
f 3346/5820/5768 3271/5895/5843 3270/5896/5844
f 3346/5820/5768 3270/5896/5844 3269/5818/5766
f 3350/5897/5845 3387/5898/5846 3349/5899/5847
f 3349/5899/5847 3387/5898/5846 3390/5900/5848
f 3349/5899/5847 3390/5900/5848 3384/5901/5849
f 3384/5901/5849 3390/5900/5848 3455/5902/5850
f 3384/5901/5849 3455/5902/5850 3383/5903/5851
f 3383/5903/5851 3455/5902/5850 3453/5904/5852
f 3383/5903/5851 3453/5904/5852 3382/5905/5853
f 3382/5905/5853 3453/5904/5852 3451/5906/5854
f 3382/5905/5853 3451/5906/5854 3381/5907/5855
f 3381/5907/5855 3451/5906/5854 3449/5908/5856
f 3381/5907/5855 3449/5908/5856 3380/5909/5857
f 3380/5909/5857 3449/5908/5856 3447/5910/5858
f 3380/5909/5857 3447/5910/5858 3379/5911/5859
f 3379/5911/5859 3447/5910/5858 3445/5912/5860
f 3379/5911/5859 3445/5912/5860 3378/5913/5861
f 3378/5913/5861 3445/5912/5860 3443/5914/5862
f 3378/5913/5861 3443/5914/5862 3377/5915/5863
f 3377/5915/5863 3443/5914/5862 3441/5916/5864
f 3377/5915/5863 3441/5916/5864 3376/5917/5865
f 3376/5917/5865 3441/5916/5864 3439/5918/5866
f 3376/5917/5865 3439/5918/5866 3375/5919/5867
f 3375/5919/5867 3439/5918/5866 3437/5920/5868
f 3375/5919/5867 3437/5920/5868 3374/5921/5869
f 3374/5921/5869 3437/5920/5868 3435/5922/5870
f 3374/5921/5869 3435/5922/5870 3373/5923/5871
f 3373/5923/5871 3435/5922/5870 3433/5924/5872
f 3373/5923/5871 3433/5924/5872 3372/5925/5873
f 3372/5925/5873 3433/5924/5872 3431/5926/5874
f 3372/5925/5873 3431/5926/5874 3371/5927/5875
f 3371/5927/5875 3431/5926/5874 3429/5928/5876
f 3371/5927/5875 3429/5928/5876 3370/5929/5877
f 3370/5929/5877 3429/5928/5876 3427/5930/5878
f 3370/5929/5877 3427/5930/5878 3369/5931/5879
f 3369/5931/5879 3427/5930/5878 3425/5932/5880
f 3369/5931/5879 3425/5932/5880 3368/5933/5881
f 3368/5933/5881 3425/5932/5880 3423/5934/5882
f 3368/5933/5881 3423/5934/5882 3367/5935/5883
f 3367/5935/5883 3423/5934/5882 3385/5936/5884
f 3367/5937/5883 3385/5938/5884 3366/5939/5885
f 3366/5939/5885 3385/5938/5884 3421/5940/5886
f 3366/5939/5885 3421/5940/5886 3365/5941/5887
f 3365/5941/5887 3421/5940/5886 3419/5942/5888
f 3365/5941/5887 3419/5942/5888 3364/5943/5889
f 3364/5943/5889 3419/5942/5888 3417/5944/5890
f 3364/5943/5889 3417/5944/5890 3363/5945/5891
f 3363/5945/5891 3417/5944/5890 3415/5946/5892
f 3363/5945/5891 3415/5946/5892 3362/5947/5893
f 3362/5947/5893 3415/5946/5892 3413/5948/5894
f 3362/5947/5893 3413/5948/5894 3361/5949/5895
f 3361/5949/5895 3413/5948/5894 3411/5950/5896
f 3361/5949/5895 3411/5950/5896 3360/5951/5897
f 3360/5951/5897 3411/5950/5896 3409/5952/5898
f 3360/5951/5897 3409/5952/5898 3359/5953/5899
f 3359/5953/5899 3409/5952/5898 3407/5954/5900
f 3359/5953/5899 3407/5954/5900 3358/5955/5901
f 3358/5955/5901 3407/5954/5900 3405/5956/5902
f 3358/5955/5901 3405/5956/5902 3357/5957/5903
f 3357/5957/5903 3405/5956/5902 3403/5958/5904
f 3357/5957/5903 3403/5958/5904 3356/5959/5905
f 3356/5959/5905 3403/5958/5904 3401/5960/5906
f 3356/5959/5905 3401/5960/5906 3355/5961/5907
f 3355/5961/5907 3401/5960/5906 3399/5962/5908
f 3355/5961/5907 3399/5962/5908 3354/5963/5909
f 3354/5963/5909 3399/5962/5908 3397/5964/5910
f 3354/5963/5909 3397/5964/5910 3353/5965/5911
f 3353/5965/5911 3397/5964/5910 3395/5966/5912
f 3353/5965/5911 3395/5966/5912 3352/5967/5913
f 3352/5967/5913 3395/5966/5912 3393/5968/5914
f 3352/5967/5913 3393/5968/5914 3351/5969/5915
f 3351/5969/5915 3393/5968/5914 3391/5970/5916
f 3351/5969/5915 3391/5970/5916 3350/5897/5845
f 3350/5897/5845 3391/5970/5916 3387/5898/5846
f 3348/5971/5917 3456/5972/5918 3313/5973/5919
f 3313/5973/5919 3456/5972/5918 3389/5974/5920
f 3313/5973/5919 3389/5974/5920 3314/5975/5921
f 3314/5975/5921 3389/5974/5920 3388/5976/5922
f 3314/5975/5921 3388/5976/5922 3315/5977/5923
f 3315/5977/5923 3388/5976/5922 3392/5978/5924
f 3315/5977/5923 3392/5978/5924 3316/5979/5925
f 3316/5979/5925 3392/5978/5924 3394/5980/5926
f 3316/5979/5925 3394/5980/5926 3317/5981/5927
f 3317/5981/5927 3394/5980/5926 3396/5982/5928
f 3317/5981/5927 3396/5982/5928 3318/5983/5929
f 3318/5983/5929 3396/5982/5928 3398/5984/5930
f 3318/5983/5929 3398/5984/5930 3319/5985/5931
f 3319/5985/5931 3398/5984/5930 3400/5986/5932
f 3319/5985/5931 3400/5986/5932 3320/5987/5933
f 3320/5987/5933 3400/5986/5932 3402/5988/5934
f 3320/5987/5933 3402/5988/5934 3321/5989/5935
f 3321/5989/5935 3402/5988/5934 3404/5990/5936
f 3321/5989/5935 3404/5990/5936 3322/5991/5937
f 3322/5991/5937 3404/5990/5936 3406/5992/5938
f 3322/5991/5937 3406/5992/5938 3323/5993/5939
f 3323/5993/5939 3406/5992/5938 3408/5994/5940
f 3323/5993/5939 3408/5994/5940 3324/5995/5941
f 3324/5995/5941 3408/5994/5940 3410/5996/5942
f 3324/5995/5941 3410/5996/5942 3325/5997/5943
f 3325/5997/5943 3410/5996/5942 3412/5998/5944
f 3325/5997/5943 3412/5998/5944 3326/5999/5945
f 3326/5999/5945 3412/5998/5944 3414/6000/5946
f 3326/5999/5945 3414/6000/5946 3327/6001/5947
f 3327/6001/5947 3414/6000/5946 3416/6002/5948
f 3327/6001/5947 3416/6002/5948 3328/6003/5949
f 3328/6003/5949 3416/6002/5948 3418/6004/5950
f 3328/6003/5949 3418/6004/5950 3329/6005/5951
f 3329/6005/5951 3418/6004/5950 3420/6006/5952
f 3329/6005/5951 3420/6006/5952 3330/6007/5953
f 3330/6007/5953 3420/6006/5952 3422/6008/5954
f 3330/6007/5953 3422/6008/5954 3331/6009/5955
f 3331/6009/5955 3422/6008/5954 3386/6010/5956
f 3331/6011/5955 3386/6012/5956 3332/6013/5957
f 3332/6013/5957 3386/6012/5956 3424/6014/5958
f 3332/6013/5957 3424/6014/5958 3333/6015/5959
f 3333/6015/5959 3424/6014/5958 3426/6016/5960
f 3333/6015/5959 3426/6016/5960 3334/6017/5961
f 3334/6017/5961 3426/6016/5960 3428/6018/5962
f 3334/6017/5961 3428/6018/5962 3335/6019/5963
f 3335/6019/5963 3428/6018/5962 3430/6020/5964
f 3335/6019/5963 3430/6020/5964 3336/6021/5965
f 3336/6021/5965 3430/6020/5964 3432/6022/5966
f 3336/6021/5965 3432/6022/5966 3337/6023/5967
f 3337/6023/5967 3432/6022/5966 3434/6024/5968
f 3337/6023/5967 3434/6024/5968 3338/6025/5969
f 3338/6025/5969 3434/6024/5968 3436/6026/5970
f 3338/6025/5969 3436/6026/5970 3339/6027/5971
f 3339/6027/5971 3436/6026/5970 3438/6028/5972
f 3339/6027/5971 3438/6028/5972 3340/6029/5973
f 3340/6029/5973 3438/6028/5972 3440/6030/5974
f 3340/6029/5973 3440/6030/5974 3341/6031/5975
f 3341/6031/5975 3440/6030/5974 3442/6032/5976
f 3341/6031/5975 3442/6032/5976 3342/6033/5977
f 3342/6033/5977 3442/6032/5976 3444/6034/5978
f 3342/6033/5977 3444/6034/5978 3343/6035/5979
f 3343/6035/5979 3444/6034/5978 3446/6036/5980
f 3343/6035/5979 3446/6036/5980 3344/6037/5981
f 3344/6037/5981 3446/6036/5980 3448/6038/5982
f 3344/6037/5981 3448/6038/5982 3345/6039/5983
f 3345/6039/5983 3448/6038/5982 3450/6040/5984
f 3345/6039/5983 3450/6040/5984 3346/6041/5985
f 3346/6041/5985 3450/6040/5984 3452/6042/5986
f 3346/6041/5985 3452/6042/5986 3347/6043/5987
f 3347/6043/5987 3452/6042/5986 3454/6044/5988
f 3347/6043/5987 3454/6044/5988 3348/5971/5917
f 3348/5971/5917 3454/6044/5988 3456/5972/5918
f 3385/5938/5884 3386/6010/5956 3421/5940/5886
f 3421/5940/5886 3386/6010/5956 3422/6008/5954
f 3421/5940/5886 3422/6008/5954 3419/5942/5888
f 3419/5942/5888 3422/6008/5954 3420/6006/5952
f 3419/5942/5888 3420/6006/5952 3417/5944/5890
f 3417/5944/5890 3420/6006/5952 3418/6004/5950
f 3417/5944/5890 3418/6004/5950 3415/5946/5892
f 3415/5946/5892 3418/6004/5950 3416/6002/5948
f 3415/5946/5892 3416/6002/5948 3413/5948/5894
f 3413/5948/5894 3416/6002/5948 3414/6000/5946
f 3413/5948/5894 3414/6000/5946 3411/5950/5896
f 3411/5950/5896 3414/6000/5946 3412/5998/5944
f 3411/5950/5896 3412/5998/5944 3409/5952/5898
f 3409/5952/5898 3412/5998/5944 3410/5996/5942
f 3409/5952/5898 3410/5996/5942 3407/5954/5900
f 3407/5954/5900 3410/5996/5942 3408/5994/5940
f 3407/5954/5900 3408/5994/5940 3405/5956/5902
f 3405/5956/5902 3408/5994/5940 3406/5992/5938
f 3405/5956/5902 3406/5992/5938 3403/5958/5904
f 3403/5958/5904 3406/5992/5938 3404/5990/5936
f 3403/5958/5904 3404/5990/5936 3401/5960/5906
f 3401/5960/5906 3404/5990/5936 3402/5988/5934
f 3401/5960/5906 3402/5988/5934 3399/5962/5908
f 3399/5962/5908 3402/5988/5934 3400/5986/5932
f 3399/5962/5908 3400/5986/5932 3397/5964/5910
f 3397/5964/5910 3400/5986/5932 3398/5984/5930
f 3397/5964/5910 3398/5984/5930 3395/5966/5912
f 3395/5966/5912 3398/5984/5930 3396/5982/5928
f 3395/5966/5912 3396/5982/5928 3393/5968/5914
f 3393/5968/5914 3396/5982/5928 3394/5980/5926
f 3393/5968/5914 3394/5980/5926 3391/5970/5916
f 3391/5970/5916 3394/5980/5926 3392/5978/5924
f 3391/5970/5916 3392/5978/5924 3387/5898/5846
f 3387/5898/5846 3392/5978/5924 3388/5976/5922
f 3387/5898/5846 3388/5976/5922 3390/5900/5848
f 3390/5900/5848 3388/5976/5922 3389/5974/5920
f 3390/5900/5848 3389/5974/5920 3455/5902/5850
f 3455/5902/5850 3389/5974/5920 3456/5972/5918
f 3455/5902/5850 3456/5972/5918 3453/5904/5852
f 3453/5904/5852 3456/5972/5918 3454/6044/5988
f 3453/5904/5852 3454/6044/5988 3451/5906/5854
f 3451/5906/5854 3454/6044/5988 3452/6042/5986
f 3451/5906/5854 3452/6042/5986 3449/5908/5856
f 3449/5908/5856 3452/6042/5986 3450/6040/5984
f 3449/5908/5856 3450/6040/5984 3447/5910/5858
f 3447/5910/5858 3450/6040/5984 3448/6038/5982
f 3447/5910/5858 3448/6038/5982 3445/5912/5860
f 3445/5912/5860 3448/6038/5982 3446/6036/5980
f 3445/5912/5860 3446/6036/5980 3443/5914/5862
f 3443/5914/5862 3446/6036/5980 3444/6034/5978
f 3443/5914/5862 3444/6034/5978 3441/5916/5864
f 3441/5916/5864 3444/6034/5978 3442/6032/5976
f 3441/5916/5864 3442/6032/5976 3439/5918/5866
f 3439/5918/5866 3442/6032/5976 3440/6030/5974
f 3439/5918/5866 3440/6030/5974 3437/5920/5868
f 3437/5920/5868 3440/6030/5974 3438/6028/5972
f 3437/5920/5868 3438/6028/5972 3435/5922/5870
f 3435/5922/5870 3438/6028/5972 3436/6026/5970
f 3435/5922/5870 3436/6026/5970 3433/5924/5872
f 3433/5924/5872 3436/6026/5970 3434/6024/5968
f 3433/5924/5872 3434/6024/5968 3431/5926/5874
f 3431/5926/5874 3434/6024/5968 3432/6022/5966
f 3431/5926/5874 3432/6022/5966 3429/5928/5876
f 3429/5928/5876 3432/6022/5966 3430/6020/5964
f 3429/5928/5876 3430/6020/5964 3427/5930/5878
f 3427/5930/5878 3430/6020/5964 3428/6018/5962
f 3427/5930/5878 3428/6018/5962 3425/5932/5880
f 3425/5932/5880 3428/6018/5962 3426/6016/5960
f 3425/5932/5880 3426/6016/5960 3423/5934/5882
f 3423/5934/5882 3426/6016/5960 3424/6014/5958
f 3423/5934/5882 3424/6014/5958 3385/5936/5884
f 3385/5936/5884 3424/6014/5958 3386/6012/5956
f 3458/6045/5989 3459/6046/5990 3457/6047/5991
f 3457/6047/5991 3459/6046/5990 3504/6048/5992
f 3504/6048/5992 3459/6046/5990 3460/6049/5993
f 3504/6048/5992 3460/6049/5993 3461/6050/5994
f 3462/6051/5995 3382/6052/5996 3461/6050/5994
f 3461/6050/5994 3382/6052/5996 3503/6053/5997
f 3461/6050/5994 3503/6053/5997 3504/6048/5992
f 3462/6051/5995 3463/6054/5998 3382/6052/5996
f 3382/6052/5996 3463/6054/5998 3383/6055/5999
f 3383/6055/5999 3463/6054/5998 3464/6056/6000
f 3383/6055/5999 3464/6056/6000 3465/6057/6001
f 3383/6055/5999 3465/6057/6001 3384/6058/6002
f 3384/6058/6002 3465/6057/6001 3466/6059/6003
f 3384/6058/6002 3466/6059/6003 3349/6060/6004
f 3349/6060/6004 3466/6059/6003 3467/6061/6005
f 3349/6060/6004 3467/6061/6005 3350/6062/6006
f 3350/6062/6006 3467/6061/6005 3468/6063/6007
f 3350/6062/6006 3468/6063/6007 3351/6064/6008
f 3351/6064/6008 3468/6063/6007 3469/6065/6009
f 3351/6064/6008 3469/6065/6009 3470/6066/6010
f 3351/6064/6008 3470/6066/6010 3352/6067/6011
f 3352/6067/6011 3470/6066/6010 3471/6068/6012
f 3352/6067/6011 3471/6068/6012 3353/6069/6013
f 3353/6069/6013 3471/6068/6012 3472/6070/6014
f 3353/6069/6013 3472/6070/6014 3354/6071/6015
f 3354/6071/6015 3472/6070/6014 3473/6072/6016
f 3354/6071/6015 3473/6072/6016 3355/6073/6017
f 3355/6073/6017 3473/6072/6016 3474/6074/6018
f 3355/6073/6017 3474/6074/6018 3356/6075/6019
f 3356/6075/6019 3474/6074/6018 3475/6076/6020
f 3356/6075/6019 3475/6076/6020 3476/6077/6021
f 3356/6075/6019 3476/6077/6021 3357/6078/6022
f 3357/6078/6022 3476/6077/6021 3477/6079/6023
f 3357/6078/6022 3477/6079/6023 3358/6080/6024
f 3358/6080/6024 3477/6079/6023 3478/6081/6025
f 3358/6080/6024 3478/6081/6025 3359/6082/6026
f 3359/6082/6026 3478/6081/6025 3479/6083/6027
f 3359/6082/6026 3479/6083/6027 3360/6084/6028
f 3360/6084/6028 3479/6083/6027 3480/6085/6029
f 3360/6084/6028 3480/6085/6029 3481/6086/6030
f 3360/6084/6028 3481/6086/6030 3361/6087/6031
f 3361/6087/6031 3481/6086/6030 3482/6088/6032
f 3361/6087/6031 3482/6088/6032 3483/6089/6033
f 3484/6090/6034 3488/6091/6035 3483/6089/6033
f 3483/6089/6033 3488/6091/6035 3489/6092/6036
f 3483/6089/6033 3489/6092/6036 3361/6087/6031
f 3361/6087/6031 3489/6092/6036 3362/6093/6037
f 3362/6093/6037 3489/6092/6036 3490/6094/6038
f 3362/6093/6037 3490/6094/6038 3363/6095/6039
f 3363/6095/6039 3490/6094/6038 3491/6096/6040
f 3363/6095/6039 3491/6096/6040 3364/6097/6041
f 3364/6097/6041 3491/6096/6040 3492/6098/6042
f 3364/6097/6041 3492/6098/6042 3365/6099/6043
f 3365/6099/6043 3492/6098/6042 3366/6100/6044
f 3366/6100/6044 3492/6098/6042 3493/6101/6045
f 3366/6100/6044 3493/6101/6045 3367/6102/6046
f 3367/6102/6046 3493/6101/6045 3494/6103/6047
f 3367/6102/6046 3494/6103/6047 3368/6104/6048
f 3368/6104/6048 3494/6103/6047 3369/6105/6049
f 3369/6105/6049 3494/6103/6047 3495/6106/6050
f 3369/6105/6049 3495/6106/6050 3370/6107/6051
f 3370/6107/6051 3495/6106/6050 3371/6108/6052
f 3371/6108/6052 3495/6106/6050 3496/6109/6053
f 3371/6108/6052 3496/6109/6053 3372/6110/6054
f 3372/6110/6054 3496/6109/6053 3497/6111/6055
f 3372/6110/6054 3497/6111/6055 3373/6112/6056
f 3373/6112/6056 3497/6111/6055 3374/6113/6057
f 3374/6113/6057 3497/6111/6055 3498/6114/6058
f 3374/6113/6057 3498/6114/6058 3375/6115/6059
f 3375/6115/6059 3498/6114/6058 3376/6116/6060
f 3376/6116/6060 3498/6114/6058 3499/6117/6061
f 3376/6116/6060 3499/6117/6061 3377/6118/6062
f 3377/6118/6062 3499/6117/6061 3500/6119/6063
f 3377/6118/6062 3500/6119/6063 3378/6120/6064
f 3378/6120/6064 3500/6119/6063 3379/6121/6065
f 3379/6121/6065 3500/6119/6063 3501/6122/6066
f 3379/6121/6065 3501/6122/6066 3380/6123/6067
f 3380/6123/6067 3501/6122/6066 3502/6124/6068
f 3380/6123/6067 3502/6124/6068 3381/6125/6069
f 3381/6125/6069 3502/6124/6068 3503/6053/5997
f 3381/6125/6069 3503/6053/5997 3382/6052/5996
f 3484/6090/6034 3485/6126/6070 3488/6091/6035
f 3488/6091/6035 3485/6126/6070 3487/6127/6071
f 3487/6127/6071 3485/6126/6070 3486/6128/6072
f 3505/6129/6073 3506/6130/6074 3457/6131/6075
f 3457/6131/6075 3506/6130/6074 3458/6132/6076
f 3458/6133/6077 3506/6134/6078 3459/6135/6079
f 3459/6135/6079 3506/6134/6078 3507/6136/6080
f 3459/6135/6079 3507/6136/6080 3508/6137/6081
f 3459/6135/6079 3508/6137/6081 3460/6138/6082
f 3460/6138/6082 3508/6137/6081 3509/6139/6083
f 3460/6138/6082 3509/6139/6083 3461/6140/6084
f 3461/6140/6084 3509/6139/6083 3510/6141/6085
f 3461/6140/6084 3510/6141/6085 3462/6142/6086
f 3462/6142/6086 3510/6141/6085 3511/6143/6087
f 3462/6142/6086 3511/6143/6087 3463/6144/6088
f 3463/6144/6088 3511/6143/6087 3512/6145/6089
f 3463/6144/6088 3512/6145/6089 3464/6146/6090
f 3464/6146/6090 3512/6145/6089 3513/6147/6091
f 3464/6146/6090 3513/6147/6091 3465/6148/6092
f 3465/6148/6092 3513/6147/6091 3514/6149/6093
f 3465/6148/6092 3514/6149/6093 3466/6150/6094
f 3466/6150/6094 3514/6149/6093 3515/6151/6095
f 3466/6150/6094 3515/6151/6095 3467/6152/6096
f 3467/6152/6096 3515/6151/6095 3516/6153/6097
f 3467/6152/6096 3516/6153/6097 3468/6154/6098
f 3468/6154/6098 3516/6153/6097 3517/6155/6099
f 3468/6154/6098 3517/6155/6099 3469/6156/6100
f 3469/6156/6100 3517/6155/6099 3518/6157/6101
f 3469/6156/6100 3518/6157/6101 3470/6158/6102
f 3470/6158/6102 3518/6157/6101 3519/6159/6103
f 3470/6158/6102 3519/6159/6103 3471/6160/6104
f 3471/6160/6104 3519/6159/6103 3520/6161/6105
f 3471/6160/6104 3520/6161/6105 3472/6162/6106
f 3472/6162/6106 3520/6161/6105 3521/6163/6107
f 3472/6162/6106 3521/6163/6107 3473/6164/6108
f 3473/6164/6108 3521/6163/6107 3522/6165/6109
f 3473/6164/6108 3522/6165/6109 3474/6166/6110
f 3474/6166/6110 3522/6165/6109 3523/6167/6111
f 3474/6166/6110 3523/6167/6111 3475/6168/6112
f 3475/6168/6112 3523/6167/6111 3524/6169/6113
f 3475/6168/6112 3524/6169/6113 3476/6170/6114
f 3476/6170/6114 3524/6169/6113 3525/6171/6115
f 3476/6170/6114 3525/6171/6115 3477/6172/6116
f 3477/6172/6116 3525/6171/6115 3526/6173/6117
f 3477/6172/6116 3526/6173/6117 3478/6174/6118
f 3478/6174/6118 3526/6173/6117 3527/6175/6119
f 3478/6174/6118 3527/6175/6119 3479/6176/6120
f 3479/6176/6120 3527/6175/6119 3528/6177/6121
f 3479/6176/6120 3528/6177/6121 3480/6178/6122
f 3480/6178/6122 3528/6177/6121 3529/6179/6123
f 3480/6178/6122 3529/6179/6123 3481/6180/6124
f 3481/6180/6124 3529/6179/6123 3530/6181/6125
f 3481/6180/6124 3530/6181/6125 3482/6182/6126
f 3482/6182/6126 3530/6181/6125 3531/6183/6127
f 3482/6182/6126 3531/6183/6127 3483/6184/6128
f 3483/6184/6128 3531/6183/6127 3532/6185/6129
f 3483/6184/6128 3532/6185/6129 3484/6186/6130
f 3484/6186/6130 3532/6185/6129 3533/6187/6131
f 3484/6186/6130 3533/6187/6131 3485/6188/6132
f 3485/6188/6132 3533/6187/6131 3486/6189/6133
f 3486/6189/6133 3533/6187/6131 3534/6190/6134
f 3534/6191/6135 3535/6192/6136 3486/6193/6137
f 3486/6193/6137 3535/6192/6136 3487/6194/6138
f 3487/6195/6139 3535/6196/6140 3488/6197/6141
f 3488/6197/6141 3535/6196/6140 3536/6198/6142
f 3488/6197/6141 3536/6198/6142 3537/6199/6143
f 3488/6197/6141 3537/6199/6143 3489/6200/6144
f 3489/6200/6144 3537/6199/6143 3538/6201/6145
f 3489/6200/6144 3538/6201/6145 3490/6202/6146
f 3490/6202/6146 3538/6201/6145 3539/6203/6147
f 3490/6202/6146 3539/6203/6147 3491/6204/6148
f 3491/6204/6148 3539/6203/6147 3540/6205/6149
f 3491/6204/6148 3540/6205/6149 3492/6206/6150
f 3492/6206/6150 3540/6205/6149 3541/6207/6151
f 3492/6206/6150 3541/6207/6151 3493/6208/6152
f 3493/6208/6152 3541/6207/6151 3542/6209/6153
f 3493/6208/6152 3542/6209/6153 3494/6210/6154
f 3494/6210/6154 3542/6209/6153 3543/6211/6155
f 3494/6210/6154 3543/6211/6155 3495/6212/6156
f 3495/6212/6156 3543/6211/6155 3544/6213/6157
f 3495/6212/6156 3544/6213/6157 3496/6214/6158
f 3496/6214/6158 3544/6213/6157 3545/6215/6159
f 3496/6214/6158 3545/6215/6159 3497/6216/6160
f 3497/6216/6160 3545/6215/6159 3546/6217/6161
f 3497/6216/6160 3546/6217/6161 3498/6218/6162
f 3498/6218/6162 3546/6217/6161 3547/6219/6163
f 3498/6218/6162 3547/6219/6163 3499/6220/6164
f 3499/6220/6164 3547/6219/6163 3548/6221/6165
f 3499/6220/6164 3548/6221/6165 3500/6222/6166
f 3500/6222/6166 3548/6221/6165 3549/6223/6167
f 3500/6222/6166 3549/6223/6167 3501/6224/6168
f 3501/6224/6168 3549/6223/6167 3550/6225/6169
f 3501/6224/6168 3550/6225/6169 3502/6226/6170
f 3502/6226/6170 3550/6225/6169 3551/6227/6171
f 3502/6226/6170 3551/6227/6171 3503/6228/6172
f 3503/6228/6172 3551/6227/6171 3552/6229/6173
f 3503/6228/6172 3552/6229/6173 3504/6230/6174
f 3504/6230/6174 3552/6229/6173 3457/6231/6175
f 3457/6231/6175 3552/6229/6173 3505/6232/6176
f 3506/6233/6177 3505/6234/6178 3507/6235/6179
f 3507/6235/6179 3505/6234/6178 3552/6236/6180
f 3507/6235/6179 3552/6236/6180 3508/6237/6181
f 3508/6237/6181 3552/6236/6180 3509/6238/6182
f 3509/6238/6182 3552/6236/6180 3551/6239/6183
f 3509/6238/6182 3551/6239/6183 3586/6240/6184
f 3586/6240/6184 3551/6239/6183 3585/6241/6185
f 3585/6241/6185 3551/6239/6183 3550/6242/6186
f 3585/6241/6185 3550/6242/6186 3584/6243/6187
f 3584/6243/6187 3550/6242/6186 3549/6244/6188
f 3584/6243/6187 3549/6244/6188 3583/6245/6189
f 3583/6245/6189 3549/6244/6188 3548/6246/6190
f 3583/6245/6189 3548/6246/6190 3582/6247/6191
f 3582/6247/6191 3548/6246/6190 3581/6248/6192
f 3581/6248/6192 3548/6246/6190 3547/6249/6193
f 3581/6248/6192 3547/6249/6193 3580/6250/6194
f 3580/6250/6194 3547/6249/6193 3546/6251/6195
f 3580/6250/6194 3546/6251/6195 3579/6252/6196
f 3579/6252/6196 3546/6251/6195 3578/6253/6197
f 3578/6253/6197 3546/6251/6195 3545/6254/6198
f 3578/6253/6197 3545/6254/6198 3577/6255/6199
f 3577/6255/6199 3545/6254/6198 3576/6256/6200
f 3576/6256/6200 3545/6254/6198 3544/6257/6201
f 3576/6256/6200 3544/6257/6201 3575/6258/6202
f 3575/6258/6202 3544/6257/6201 3543/6259/6203
f 3575/6258/6202 3543/6259/6203 3574/6260/6204
f 3574/6260/6204 3543/6259/6203 3573/6261/6205
f 3573/6261/6205 3543/6259/6203 3542/6262/6206
f 3573/6261/6205 3542/6262/6206 3572/6263/6207
f 3572/6263/6207 3542/6262/6206 3571/6264/6208
f 3571/6264/6208 3542/6262/6206 3541/6265/6209
f 3571/6264/6208 3541/6265/6209 3570/6266/6210
f 3570/6266/6210 3541/6265/6209 3540/6267/6211
f 3570/6266/6210 3540/6267/6211 3569/6268/6212
f 3569/6268/6212 3540/6267/6211 3568/6269/6213
f 3568/6269/6213 3540/6267/6211 3539/6270/6214
f 3568/6269/6213 3539/6270/6214 3567/6271/6215
f 3567/6271/6215 3539/6270/6214 3538/6272/6216
f 3567/6271/6215 3538/6272/6216 3566/6273/6217
f 3566/6273/6217 3538/6272/6216 3537/6274/6218
f 3566/6273/6217 3537/6274/6218 3565/6275/6219
f 3565/6275/6219 3537/6274/6218 3531/6276/6220
f 3565/6275/6219 3531/6276/6220 3530/6277/6221
f 3537/6274/6218 3536/6278/6222 3531/6276/6220
f 3531/6276/6220 3536/6278/6222 3532/6279/6223
f 3532/6279/6223 3536/6278/6222 3533/6280/6224
f 3533/6280/6224 3536/6278/6222 3535/6281/6225
f 3533/6280/6224 3535/6281/6225 3534/6282/6226
f 3530/6277/6221 3529/6283/6227 3565/6275/6219
f 3565/6275/6219 3529/6283/6227 3564/6284/6228
f 3564/6284/6228 3529/6283/6227 3528/6285/6229
f 3564/6284/6228 3528/6285/6229 3527/6286/6230
f 3564/6284/6228 3527/6286/6230 3563/6287/6231
f 3563/6287/6231 3527/6286/6230 3526/6288/6232
f 3563/6287/6231 3526/6288/6232 3562/6289/6233
f 3562/6289/6233 3526/6288/6232 3525/6290/6234
f 3562/6289/6233 3525/6290/6234 3561/6291/6235
f 3561/6291/6235 3525/6290/6234 3524/6292/6236
f 3561/6291/6235 3524/6292/6236 3560/6293/6237
f 3560/6293/6237 3524/6292/6236 3523/6294/6238
f 3560/6293/6237 3523/6294/6238 3522/6295/6239
f 3560/6293/6237 3522/6295/6239 3559/6296/6240
f 3559/6296/6240 3522/6295/6239 3521/6297/6241
f 3559/6296/6240 3521/6297/6241 3558/6298/6242
f 3558/6298/6242 3521/6297/6241 3520/6299/6243
f 3558/6298/6242 3520/6299/6243 3557/6300/6244
f 3557/6300/6244 3520/6299/6243 3519/6301/6245
f 3557/6300/6244 3519/6301/6245 3556/6302/6246
f 3556/6302/6246 3519/6301/6245 3518/6303/6247
f 3556/6302/6246 3518/6303/6247 3555/6304/6248
f 3555/6304/6248 3518/6303/6247 3517/6305/6249
f 3555/6304/6248 3517/6305/6249 3516/6306/6250
f 3555/6304/6248 3516/6306/6250 3554/6307/6251
f 3554/6307/6251 3516/6306/6250 3515/6308/6252
f 3554/6307/6251 3515/6308/6252 3553/6309/6253
f 3553/6309/6253 3515/6308/6252 3514/6310/6254
f 3553/6309/6253 3514/6310/6254 3588/6311/6255
f 3588/6311/6255 3514/6310/6254 3513/6312/6256
f 3588/6311/6255 3513/6312/6256 3587/6313/6257
f 3587/6313/6257 3513/6312/6256 3512/6314/6258
f 3587/6313/6257 3512/6314/6258 3511/6315/6259
f 3587/6313/6257 3511/6315/6259 3586/6240/6184
f 3586/6240/6184 3511/6315/6259 3510/6316/6260
f 3586/6240/6184 3510/6316/6260 3509/6238/6182
f 3590/6317/6261 3627/6318/6262 3589/6319/6263
f 3589/6319/6263 3627/6318/6262 3630/6320/6264
f 3589/6319/6263 3630/6320/6264 3624/6321/6265
f 3624/6321/6265 3630/6320/6264 3695/6322/6266
f 3624/6321/6265 3695/6322/6266 3623/6323/6267
f 3623/6323/6267 3695/6322/6266 3693/6324/6268
f 3623/6323/6267 3693/6324/6268 3622/6325/6269
f 3622/6325/6269 3693/6324/6268 3691/6326/6270
f 3622/6325/6269 3691/6326/6270 3621/6327/6271
f 3621/6327/6271 3691/6326/6270 3689/6328/6272
f 3621/6327/6271 3689/6328/6272 3620/6329/6273
f 3620/6329/6273 3689/6328/6272 3687/6330/6274
f 3620/6329/6273 3687/6330/6274 3619/6331/6275
f 3619/6331/6275 3687/6330/6274 3685/6332/6276
f 3619/6331/6275 3685/6332/6276 3618/6333/6277
f 3618/6333/6277 3685/6332/6276 3683/6334/6278
f 3618/6333/6277 3683/6334/6278 3617/6335/6279
f 3617/6335/6279 3683/6334/6278 3681/6336/6280
f 3617/6335/6279 3681/6336/6280 3616/6337/6281
f 3616/6337/6281 3681/6336/6280 3679/6338/6282
f 3616/6337/6281 3679/6338/6282 3615/6339/6283
f 3615/6339/6283 3679/6338/6282 3677/6340/6284
f 3615/6339/6283 3677/6340/6284 3614/6341/6285
f 3614/6341/6285 3677/6340/6284 3675/6342/6286
f 3614/6341/6285 3675/6342/6286 3613/6343/6287
f 3613/6343/6287 3675/6342/6286 3673/6344/6288
f 3613/6343/6287 3673/6344/6288 3612/6345/6289
f 3612/6345/6289 3673/6344/6288 3671/6346/6290
f 3612/6345/6289 3671/6346/6290 3611/6347/6291
f 3611/6347/6291 3671/6346/6290 3669/6348/6292
f 3611/6347/6291 3669/6348/6292 3610/6349/6293
f 3610/6349/6293 3669/6348/6292 3667/6350/6294
f 3610/6349/6293 3667/6350/6294 3609/6351/6295
f 3609/6351/6295 3667/6350/6294 3665/6352/6296
f 3609/6351/6295 3665/6352/6296 3608/6353/6297
f 3608/6353/6297 3665/6352/6296 3663/6354/6298
f 3608/6353/6297 3663/6354/6298 3607/6355/6299
f 3607/6355/6299 3663/6354/6298 3625/6356/6300
f 3607/6357/6299 3625/6358/6300 3606/6359/6301
f 3606/6359/6301 3625/6358/6300 3661/6360/6302
f 3606/6359/6301 3661/6360/6302 3605/6361/6303
f 3605/6361/6303 3661/6360/6302 3659/6362/6304
f 3605/6361/6303 3659/6362/6304 3604/6363/6305
f 3604/6363/6305 3659/6362/6304 3657/6364/6306
f 3604/6363/6305 3657/6364/6306 3603/6365/6307
f 3603/6365/6307 3657/6364/6306 3655/6366/6308
f 3603/6365/6307 3655/6366/6308 3602/6367/6309
f 3602/6367/6309 3655/6366/6308 3653/6368/6310
f 3602/6367/6309 3653/6368/6310 3601/6369/6311
f 3601/6369/6311 3653/6368/6310 3651/6370/6312
f 3601/6369/6311 3651/6370/6312 3600/6371/6313
f 3600/6371/6313 3651/6370/6312 3649/6372/6314
f 3600/6371/6313 3649/6372/6314 3599/6373/6315
f 3599/6373/6315 3649/6372/6314 3647/6374/6316
f 3599/6373/6315 3647/6374/6316 3598/6375/6317
f 3598/6375/6317 3647/6374/6316 3645/6376/6318
f 3598/6375/6317 3645/6376/6318 3597/6377/6319
f 3597/6377/6319 3645/6376/6318 3643/6378/6320
f 3597/6377/6319 3643/6378/6320 3596/6379/6321
f 3596/6379/6321 3643/6378/6320 3641/6380/6322
f 3596/6379/6321 3641/6380/6322 3595/6381/6323
f 3595/6381/6323 3641/6380/6322 3639/6382/6324
f 3595/6381/6323 3639/6382/6324 3594/6383/6325
f 3594/6383/6325 3639/6382/6324 3637/6384/6326
f 3594/6383/6325 3637/6384/6326 3593/6385/6327
f 3593/6385/6327 3637/6384/6326 3635/6386/6328
f 3593/6385/6327 3635/6386/6328 3592/6387/6329
f 3592/6387/6329 3635/6386/6328 3633/6388/6330
f 3592/6387/6329 3633/6388/6330 3591/6389/6331
f 3591/6389/6331 3633/6388/6330 3631/6390/6332
f 3591/6389/6331 3631/6390/6332 3590/6317/6261
f 3590/6317/6261 3631/6390/6332 3627/6318/6262
f 3588/6391/6333 3696/6392/6334 3553/6393/6335
f 3553/6393/6335 3696/6392/6334 3629/6394/6336
f 3553/6393/6335 3629/6394/6336 3554/6395/6337
f 3554/6395/6337 3629/6394/6336 3628/6396/6338
f 3554/6395/6337 3628/6396/6338 3555/6397/6339
f 3555/6397/6339 3628/6396/6338 3632/6398/6340
f 3555/6397/6339 3632/6398/6340 3556/6399/6341
f 3556/6399/6341 3632/6398/6340 3634/6400/6342
f 3556/6399/6341 3634/6400/6342 3557/6401/6343
f 3557/6401/6343 3634/6400/6342 3636/6402/6344
f 3557/6401/6343 3636/6402/6344 3558/6403/6345
f 3558/6403/6345 3636/6402/6344 3638/6404/6346
f 3558/6403/6345 3638/6404/6346 3559/6405/6347
f 3559/6405/6347 3638/6404/6346 3640/6406/6348
f 3559/6405/6347 3640/6406/6348 3560/6407/6349
f 3560/6407/6349 3640/6406/6348 3642/6408/6350
f 3560/6407/6349 3642/6408/6350 3561/6409/6351
f 3561/6409/6351 3642/6408/6350 3644/6410/6352
f 3561/6409/6351 3644/6410/6352 3562/6411/6353
f 3562/6411/6353 3644/6410/6352 3646/6412/6354
f 3562/6411/6353 3646/6412/6354 3563/6413/6355
f 3563/6413/6355 3646/6412/6354 3648/6414/6356
f 3563/6413/6355 3648/6414/6356 3564/6415/6357
f 3564/6415/6357 3648/6414/6356 3650/6416/6358
f 3564/6415/6357 3650/6416/6358 3565/6417/6359
f 3565/6417/6359 3650/6416/6358 3652/6418/6360
f 3565/6417/6359 3652/6418/6360 3566/6419/6361
f 3566/6419/6361 3652/6418/6360 3654/6420/6362
f 3566/6419/6361 3654/6420/6362 3567/6421/6363
f 3567/6421/6363 3654/6420/6362 3656/6422/6364
f 3567/6421/6363 3656/6422/6364 3568/6423/6365
f 3568/6423/6365 3656/6422/6364 3658/6424/6366
f 3568/6423/6365 3658/6424/6366 3569/6425/6367
f 3569/6425/6367 3658/6424/6366 3660/6426/6368
f 3569/6425/6367 3660/6426/6368 3570/6427/6369
f 3570/6427/6369 3660/6426/6368 3662/6428/6370
f 3570/6427/6369 3662/6428/6370 3571/6429/6371
f 3571/6429/6371 3662/6428/6370 3626/6430/6372
f 3571/6431/6371 3626/6432/6372 3572/6433/6373
f 3572/6433/6373 3626/6432/6372 3664/6434/6374
f 3572/6433/6373 3664/6434/6374 3573/6435/6375
f 3573/6435/6375 3664/6434/6374 3666/6436/6376
f 3573/6435/6375 3666/6436/6376 3574/6437/6377
f 3574/6437/6377 3666/6436/6376 3668/6438/6378
f 3574/6437/6377 3668/6438/6378 3575/6439/6379
f 3575/6439/6379 3668/6438/6378 3670/6440/6380
f 3575/6439/6379 3670/6440/6380 3576/6441/6381
f 3576/6441/6381 3670/6440/6380 3672/6442/6382
f 3576/6441/6381 3672/6442/6382 3577/6443/6383
f 3577/6443/6383 3672/6442/6382 3674/6444/6384
f 3577/6443/6383 3674/6444/6384 3578/6445/6385
f 3578/6445/6385 3674/6444/6384 3676/6446/6386
f 3578/6445/6385 3676/6446/6386 3579/6447/6387
f 3579/6447/6387 3676/6446/6386 3678/6448/6388
f 3579/6447/6387 3678/6448/6388 3580/6449/6389
f 3580/6449/6389 3678/6448/6388 3680/6450/6390
f 3580/6449/6389 3680/6450/6390 3581/6451/6391
f 3581/6451/6391 3680/6450/6390 3682/6452/6392
f 3581/6451/6391 3682/6452/6392 3582/6453/6393
f 3582/6453/6393 3682/6452/6392 3684/6454/6394
f 3582/6453/6393 3684/6454/6394 3583/6455/6395
f 3583/6455/6395 3684/6454/6394 3686/6456/6396
f 3583/6455/6395 3686/6456/6396 3584/6457/6397
f 3584/6457/6397 3686/6456/6396 3688/6458/6398
f 3584/6457/6397 3688/6458/6398 3585/6459/6399
f 3585/6459/6399 3688/6458/6398 3690/6460/6400
f 3585/6459/6399 3690/6460/6400 3586/6461/6401
f 3586/6461/6401 3690/6460/6400 3692/6462/6402
f 3586/6461/6401 3692/6462/6402 3587/6463/6403
f 3587/6463/6403 3692/6462/6402 3694/6464/6404
f 3587/6463/6403 3694/6464/6404 3588/6391/6333
f 3588/6391/6333 3694/6464/6404 3696/6392/6334
f 3625/6358/6300 3626/6430/6372 3661/6360/6302
f 3661/6360/6302 3626/6430/6372 3662/6428/6370
f 3661/6360/6302 3662/6428/6370 3659/6362/6304
f 3659/6362/6304 3662/6428/6370 3660/6426/6368
f 3659/6362/6304 3660/6426/6368 3657/6364/6306
f 3657/6364/6306 3660/6426/6368 3658/6424/6366
f 3657/6364/6306 3658/6424/6366 3655/6366/6308
f 3655/6366/6308 3658/6424/6366 3656/6422/6364
f 3655/6366/6308 3656/6422/6364 3653/6368/6310
f 3653/6368/6310 3656/6422/6364 3654/6420/6362
f 3653/6368/6310 3654/6420/6362 3651/6370/6312
f 3651/6370/6312 3654/6420/6362 3652/6418/6360
f 3651/6370/6312 3652/6418/6360 3649/6372/6314
f 3649/6372/6314 3652/6418/6360 3650/6416/6358
f 3649/6372/6314 3650/6416/6358 3647/6374/6316
f 3647/6374/6316 3650/6416/6358 3648/6414/6356
f 3647/6374/6316 3648/6414/6356 3645/6376/6318
f 3645/6376/6318 3648/6414/6356 3646/6412/6354
f 3645/6376/6318 3646/6412/6354 3643/6378/6320
f 3643/6378/6320 3646/6412/6354 3644/6410/6352
f 3643/6378/6320 3644/6410/6352 3641/6380/6322
f 3641/6380/6322 3644/6410/6352 3642/6408/6350
f 3641/6380/6322 3642/6408/6350 3639/6382/6324
f 3639/6382/6324 3642/6408/6350 3640/6406/6348
f 3639/6382/6324 3640/6406/6348 3637/6384/6326
f 3637/6384/6326 3640/6406/6348 3638/6404/6346
f 3637/6384/6326 3638/6404/6346 3635/6386/6328
f 3635/6386/6328 3638/6404/6346 3636/6402/6344
f 3635/6386/6328 3636/6402/6344 3633/6388/6330
f 3633/6388/6330 3636/6402/6344 3634/6400/6342
f 3633/6388/6330 3634/6400/6342 3631/6390/6332
f 3631/6390/6332 3634/6400/6342 3632/6398/6340
f 3631/6390/6332 3632/6398/6340 3627/6318/6262
f 3627/6318/6262 3632/6398/6340 3628/6396/6338
f 3627/6318/6262 3628/6396/6338 3630/6320/6264
f 3630/6320/6264 3628/6396/6338 3629/6394/6336
f 3630/6320/6264 3629/6394/6336 3695/6322/6266
f 3695/6322/6266 3629/6394/6336 3696/6392/6334
f 3695/6322/6266 3696/6392/6334 3693/6324/6268
f 3693/6324/6268 3696/6392/6334 3694/6464/6404
f 3693/6324/6268 3694/6464/6404 3691/6326/6270
f 3691/6326/6270 3694/6464/6404 3692/6462/6402
f 3691/6326/6270 3692/6462/6402 3689/6328/6272
f 3689/6328/6272 3692/6462/6402 3690/6460/6400
f 3689/6328/6272 3690/6460/6400 3687/6330/6274
f 3687/6330/6274 3690/6460/6400 3688/6458/6398
f 3687/6330/6274 3688/6458/6398 3685/6332/6276
f 3685/6332/6276 3688/6458/6398 3686/6456/6396
f 3685/6332/6276 3686/6456/6396 3683/6334/6278
f 3683/6334/6278 3686/6456/6396 3684/6454/6394
f 3683/6334/6278 3684/6454/6394 3681/6336/6280
f 3681/6336/6280 3684/6454/6394 3682/6452/6392
f 3681/6336/6280 3682/6452/6392 3679/6338/6282
f 3679/6338/6282 3682/6452/6392 3680/6450/6390
f 3679/6338/6282 3680/6450/6390 3677/6340/6284
f 3677/6340/6284 3680/6450/6390 3678/6448/6388
f 3677/6340/6284 3678/6448/6388 3675/6342/6286
f 3675/6342/6286 3678/6448/6388 3676/6446/6386
f 3675/6342/6286 3676/6446/6386 3673/6344/6288
f 3673/6344/6288 3676/6446/6386 3674/6444/6384
f 3673/6344/6288 3674/6444/6384 3671/6346/6290
f 3671/6346/6290 3674/6444/6384 3672/6442/6382
f 3671/6346/6290 3672/6442/6382 3669/6348/6292
f 3669/6348/6292 3672/6442/6382 3670/6440/6380
f 3669/6348/6292 3670/6440/6380 3667/6350/6294
f 3667/6350/6294 3670/6440/6380 3668/6438/6378
f 3667/6350/6294 3668/6438/6378 3665/6352/6296
f 3665/6352/6296 3668/6438/6378 3666/6436/6376
f 3665/6352/6296 3666/6436/6376 3663/6354/6298
f 3663/6354/6298 3666/6436/6376 3664/6434/6374
f 3663/6354/6298 3664/6434/6374 3625/6356/6300
f 3625/6356/6300 3664/6434/6374 3626/6432/6372
f 3698/6465/6405 3699/6466/6406 3697/6467/6407
f 3697/6467/6407 3699/6466/6406 3744/6468/6408
f 3744/6468/6408 3699/6466/6406 3700/6469/6409
f 3744/6468/6408 3700/6469/6409 3701/6470/6410
f 3702/6471/6411 3622/6472/6412 3701/6470/6410
f 3701/6470/6410 3622/6472/6412 3743/6473/6413
f 3701/6470/6410 3743/6473/6413 3744/6468/6408
f 3702/6471/6411 3703/6474/6414 3622/6472/6412
f 3622/6472/6412 3703/6474/6414 3623/6475/6415
f 3623/6475/6415 3703/6474/6414 3704/6476/6416
f 3623/6475/6415 3704/6476/6416 3705/6477/6417
f 3623/6475/6415 3705/6477/6417 3624/6478/6418
f 3624/6478/6418 3705/6477/6417 3706/6479/6419
f 3624/6478/6418 3706/6479/6419 3589/6480/6420
f 3589/6480/6420 3706/6479/6419 3707/6481/6421
f 3589/6480/6420 3707/6481/6421 3590/6482/6422
f 3590/6482/6422 3707/6481/6421 3708/6483/6423
f 3590/6482/6422 3708/6483/6423 3591/6484/6424
f 3591/6484/6424 3708/6483/6423 3709/6485/6425
f 3591/6484/6424 3709/6485/6425 3710/6486/6426
f 3591/6484/6424 3710/6486/6426 3592/6487/6427
f 3592/6487/6427 3710/6486/6426 3711/6488/6428
f 3592/6487/6427 3711/6488/6428 3593/6489/6429
f 3593/6489/6429 3711/6488/6428 3712/6490/6430
f 3593/6489/6429 3712/6490/6430 3594/6491/6431
f 3594/6491/6431 3712/6490/6430 3713/6492/6432
f 3594/6491/6431 3713/6492/6432 3595/6493/6433
f 3595/6493/6433 3713/6492/6432 3714/6494/6434
f 3595/6493/6433 3714/6494/6434 3596/6495/6435
f 3596/6495/6435 3714/6494/6434 3715/6496/6436
f 3596/6495/6435 3715/6496/6436 3716/6497/6437
f 3596/6495/6435 3716/6497/6437 3597/6498/6438
f 3597/6498/6438 3716/6497/6437 3717/6499/6439
f 3597/6498/6438 3717/6499/6439 3598/6500/6440
f 3598/6500/6440 3717/6499/6439 3718/6501/6441
f 3598/6500/6440 3718/6501/6441 3599/6502/6442
f 3599/6502/6442 3718/6501/6441 3719/6503/6443
f 3599/6502/6442 3719/6503/6443 3600/6504/6444
f 3600/6504/6444 3719/6503/6443 3720/6505/6445
f 3600/6504/6444 3720/6505/6445 3721/6506/6446
f 3600/6504/6444 3721/6506/6446 3601/6507/6447
f 3601/6507/6447 3721/6506/6446 3722/6508/6448
f 3601/6507/6447 3722/6508/6448 3723/6509/6449
f 3724/6510/6450 3728/6511/6451 3723/6509/6449
f 3723/6509/6449 3728/6511/6451 3729/6512/6452
f 3723/6509/6449 3729/6512/6452 3601/6507/6447
f 3601/6507/6447 3729/6512/6452 3602/6513/6453
f 3602/6513/6453 3729/6512/6452 3730/6514/6454
f 3602/6513/6453 3730/6514/6454 3603/6515/6455
f 3603/6515/6455 3730/6514/6454 3731/6516/6456
f 3603/6515/6455 3731/6516/6456 3604/6517/6457
f 3604/6517/6457 3731/6516/6456 3732/6518/6458
f 3604/6517/6457 3732/6518/6458 3605/6519/6459
f 3605/6519/6459 3732/6518/6458 3606/6520/6460
f 3606/6520/6460 3732/6518/6458 3733/6521/6461
f 3606/6520/6460 3733/6521/6461 3607/6522/6462
f 3607/6522/6462 3733/6521/6461 3734/6523/6463
f 3607/6522/6462 3734/6523/6463 3608/6524/6464
f 3608/6524/6464 3734/6523/6463 3609/6525/6465
f 3609/6525/6465 3734/6523/6463 3735/6526/6466
f 3609/6525/6465 3735/6526/6466 3610/6527/6467
f 3610/6527/6467 3735/6526/6466 3611/6528/6468
f 3611/6528/6468 3735/6526/6466 3736/6529/6469
f 3611/6528/6468 3736/6529/6469 3612/6530/6470
f 3612/6530/6470 3736/6529/6469 3737/6531/6471
f 3612/6530/6470 3737/6531/6471 3613/6532/6472
f 3613/6532/6472 3737/6531/6471 3614/6533/6473
f 3614/6533/6473 3737/6531/6471 3738/6534/6474
f 3614/6533/6473 3738/6534/6474 3615/6535/6475
f 3615/6535/6475 3738/6534/6474 3616/6536/6476
f 3616/6536/6476 3738/6534/6474 3739/6537/6477
f 3616/6536/6476 3739/6537/6477 3617/6538/6478
f 3617/6538/6478 3739/6537/6477 3740/6539/6479
f 3617/6538/6478 3740/6539/6479 3618/6540/6480
f 3618/6540/6480 3740/6539/6479 3619/6541/6481
f 3619/6541/6481 3740/6539/6479 3741/6542/6482
f 3619/6541/6481 3741/6542/6482 3620/6543/6483
f 3620/6543/6483 3741/6542/6482 3742/6544/6484
f 3620/6543/6483 3742/6544/6484 3621/6545/6485
f 3621/6545/6485 3742/6544/6484 3743/6473/6413
f 3621/6545/6485 3743/6473/6413 3622/6472/6412
f 3724/6510/6450 3725/6546/6486 3728/6511/6451
f 3728/6511/6451 3725/6546/6486 3727/6547/6487
f 3727/6547/6487 3725/6546/6486 3726/6548/6488
f 3745/6549/6489 3746/6550/6490 3697/6551/6491
f 3697/6551/6491 3746/6550/6490 3698/6552/6492
f 3698/6553/6493 3746/6554/6494 3699/6555/6495
f 3699/6555/6495 3746/6554/6494 3747/6556/6496
f 3699/6555/6495 3747/6556/6496 3748/6557/6497
f 3699/6555/6495 3748/6557/6497 3700/6558/6498
f 3700/6558/6498 3748/6557/6497 3749/6559/6499
f 3700/6558/6498 3749/6559/6499 3701/6560/6500
f 3701/6560/6500 3749/6559/6499 3750/6561/6501
f 3701/6560/6500 3750/6561/6501 3702/6562/6502
f 3702/6562/6502 3750/6561/6501 3751/6563/6503
f 3702/6562/6502 3751/6563/6503 3703/6564/6504
f 3703/6564/6504 3751/6563/6503 3752/6565/6505
f 3703/6564/6504 3752/6565/6505 3704/6566/6506
f 3704/6566/6506 3752/6565/6505 3753/6567/6507
f 3704/6566/6506 3753/6567/6507 3705/6568/6508
f 3705/6568/6508 3753/6567/6507 3754/6569/6509
f 3705/6568/6508 3754/6569/6509 3706/6570/6510
f 3706/6570/6510 3754/6569/6509 3755/6571/6511
f 3706/6570/6510 3755/6571/6511 3707/6572/6512
f 3707/6572/6512 3755/6571/6511 3756/6573/6513
f 3707/6572/6512 3756/6573/6513 3708/6574/6514
f 3708/6574/6514 3756/6573/6513 3757/6575/6515
f 3708/6574/6514 3757/6575/6515 3709/6576/6516
f 3709/6576/6516 3757/6575/6515 3758/6577/6517
f 3709/6576/6516 3758/6577/6517 3710/6578/6518
f 3710/6578/6518 3758/6577/6517 3759/6579/6519
f 3710/6578/6518 3759/6579/6519 3711/6580/6520
f 3711/6580/6520 3759/6579/6519 3760/6581/6521
f 3711/6580/6520 3760/6581/6521 3712/6582/6522
f 3712/6582/6522 3760/6581/6521 3761/6583/6523
f 3712/6582/6522 3761/6583/6523 3713/6584/6524
f 3713/6584/6524 3761/6583/6523 3762/6585/6525
f 3713/6584/6524 3762/6585/6525 3714/6586/6526
f 3714/6586/6526 3762/6585/6525 3763/6587/6527
f 3714/6586/6526 3763/6587/6527 3715/6588/6528
f 3715/6588/6528 3763/6587/6527 3764/6589/6529
f 3715/6588/6528 3764/6589/6529 3716/6590/6530
f 3716/6590/6530 3764/6589/6529 3765/6591/6531
f 3716/6590/6530 3765/6591/6531 3717/6592/6532
f 3717/6592/6532 3765/6591/6531 3766/6593/6533
f 3717/6592/6532 3766/6593/6533 3718/6594/6534
f 3718/6594/6534 3766/6593/6533 3767/6595/6535
f 3718/6594/6534 3767/6595/6535 3719/6596/6536
f 3719/6596/6536 3767/6595/6535 3768/6597/6537
f 3719/6596/6536 3768/6597/6537 3720/6598/6538
f 3720/6598/6538 3768/6597/6537 3769/6599/6539
f 3720/6598/6538 3769/6599/6539 3721/6600/6540
f 3721/6600/6540 3769/6599/6539 3770/6601/6541
f 3721/6600/6540 3770/6601/6541 3722/6602/6542
f 3722/6602/6542 3770/6601/6541 3771/6603/6543
f 3722/6602/6542 3771/6603/6543 3723/6604/6544
f 3723/6604/6544 3771/6603/6543 3772/6605/6545
f 3723/6604/6544 3772/6605/6545 3724/6606/6546
f 3724/6606/6546 3772/6605/6545 3773/6607/6547
f 3724/6606/6546 3773/6607/6547 3725/6608/6548
f 3725/6608/6548 3773/6607/6547 3726/6609/6549
f 3726/6609/6549 3773/6607/6547 3774/6610/6550
f 3774/6611/6551 3775/6612/6552 3726/6613/6553
f 3726/6613/6553 3775/6612/6552 3727/6614/6554
f 3727/6615/6555 3775/6616/6556 3728/6617/6557
f 3728/6617/6557 3775/6616/6556 3776/6618/6558
f 3728/6617/6557 3776/6618/6558 3777/6619/6559
f 3728/6617/6557 3777/6619/6559 3729/6620/6560
f 3729/6620/6560 3777/6619/6559 3778/6621/6561
f 3729/6620/6560 3778/6621/6561 3730/6622/6562
f 3730/6622/6562 3778/6621/6561 3779/6623/6563
f 3730/6622/6562 3779/6623/6563 3731/6624/6564
f 3731/6624/6564 3779/6623/6563 3780/6625/6565
f 3731/6624/6564 3780/6625/6565 3732/6626/6566
f 3732/6626/6566 3780/6625/6565 3781/6627/6567
f 3732/6626/6566 3781/6627/6567 3733/6628/6568
f 3733/6628/6568 3781/6627/6567 3782/6629/6569
f 3733/6628/6568 3782/6629/6569 3734/6630/6570
f 3734/6630/6570 3782/6629/6569 3783/6631/6571
f 3734/6630/6570 3783/6631/6571 3735/6632/6572
f 3735/6632/6572 3783/6631/6571 3784/6633/6573
f 3735/6632/6572 3784/6633/6573 3736/6634/6574
f 3736/6634/6574 3784/6633/6573 3785/6635/6575
f 3736/6634/6574 3785/6635/6575 3737/6636/6576
f 3737/6636/6576 3785/6635/6575 3786/6637/6577
f 3737/6636/6576 3786/6637/6577 3738/6638/6578
f 3738/6638/6578 3786/6637/6577 3787/6639/6579
f 3738/6638/6578 3787/6639/6579 3739/6640/6580
f 3739/6640/6580 3787/6639/6579 3788/6641/6581
f 3739/6640/6580 3788/6641/6581 3740/6642/6582
f 3740/6642/6582 3788/6641/6581 3789/6643/6583
f 3740/6642/6582 3789/6643/6583 3741/6644/6584
f 3741/6644/6584 3789/6643/6583 3790/6645/6585
f 3741/6644/6584 3790/6645/6585 3742/6646/6586
f 3742/6646/6586 3790/6645/6585 3791/6647/6587
f 3742/6646/6586 3791/6647/6587 3743/6648/6588
f 3743/6648/6588 3791/6647/6587 3792/6649/6589
f 3743/6648/6588 3792/6649/6589 3744/6650/6590
f 3744/6650/6590 3792/6649/6589 3697/6651/6591
f 3697/6651/6591 3792/6649/6589 3745/6652/6592
f 3746/6653/6593 3745/6654/6594 3747/6655/6595
f 3747/6655/6595 3745/6654/6594 3792/6656/6596
f 3747/6655/6595 3792/6656/6596 3748/6657/6597
f 3748/6657/6597 3792/6656/6596 3749/6658/6598
f 3749/6658/6598 3792/6656/6596 3791/6659/6599
f 3749/6658/6598 3791/6659/6599 3826/6660/6600
f 3826/6660/6600 3791/6659/6599 3825/6661/6601
f 3825/6661/6601 3791/6659/6599 3790/6662/6602
f 3825/6661/6601 3790/6662/6602 3824/6663/6603
f 3824/6663/6603 3790/6662/6602 3789/6664/6604
f 3824/6663/6603 3789/6664/6604 3823/6665/6605
f 3823/6665/6605 3789/6664/6604 3788/6666/6606
f 3823/6665/6605 3788/6666/6606 3822/6667/6607
f 3822/6667/6607 3788/6666/6606 3821/6668/6608
f 3821/6668/6608 3788/6666/6606 3787/6669/6609
f 3821/6668/6608 3787/6669/6609 3820/6670/6610
f 3820/6670/6610 3787/6669/6609 3786/6671/6611
f 3820/6670/6610 3786/6671/6611 3819/6672/6612
f 3819/6672/6612 3786/6671/6611 3818/6673/6613
f 3818/6673/6613 3786/6671/6611 3785/6674/6614
f 3818/6673/6613 3785/6674/6614 3817/6675/6615
f 3817/6675/6615 3785/6674/6614 3816/6676/6616
f 3816/6676/6616 3785/6674/6614 3784/6677/6617
f 3816/6676/6616 3784/6677/6617 3815/6678/6618
f 3815/6678/6618 3784/6677/6617 3783/6679/6619
f 3815/6678/6618 3783/6679/6619 3814/6680/6620
f 3814/6680/6620 3783/6679/6619 3813/6681/6621
f 3813/6681/6621 3783/6679/6619 3782/6682/6622
f 3813/6681/6621 3782/6682/6622 3812/6683/6623
f 3812/6683/6623 3782/6682/6622 3811/6684/6624
f 3811/6684/6624 3782/6682/6622 3781/6685/6625
f 3811/6684/6624 3781/6685/6625 3810/6686/6626
f 3810/6686/6626 3781/6685/6625 3780/6687/6627
f 3810/6686/6626 3780/6687/6627 3809/6688/6628
f 3809/6688/6628 3780/6687/6627 3808/6689/6629
f 3808/6689/6629 3780/6687/6627 3779/6690/6630
f 3808/6689/6629 3779/6690/6630 3807/6691/6631
f 3807/6691/6631 3779/6690/6630 3778/6692/6632
f 3807/6691/6631 3778/6692/6632 3806/6693/6633
f 3806/6693/6633 3778/6692/6632 3777/6694/6634
f 3806/6693/6633 3777/6694/6634 3805/6695/6635
f 3805/6695/6635 3777/6694/6634 3771/6696/6636
f 3805/6695/6635 3771/6696/6636 3770/6697/6637
f 3777/6694/6634 3776/6698/6638 3771/6696/6636
f 3771/6696/6636 3776/6698/6638 3772/6699/6639
f 3772/6699/6639 3776/6698/6638 3773/6700/6640
f 3773/6700/6640 3776/6698/6638 3775/6701/6641
f 3773/6700/6640 3775/6701/6641 3774/6702/6642
f 3770/6697/6637 3769/6703/6643 3805/6695/6635
f 3805/6695/6635 3769/6703/6643 3804/6704/6644
f 3804/6704/6644 3769/6703/6643 3768/6705/6645
f 3804/6704/6644 3768/6705/6645 3767/6706/6646
f 3804/6704/6644 3767/6706/6646 3803/6707/6647
f 3803/6707/6647 3767/6706/6646 3766/6708/6648
f 3803/6707/6647 3766/6708/6648 3802/6709/6649
f 3802/6709/6649 3766/6708/6648 3765/6710/6650
f 3802/6709/6649 3765/6710/6650 3801/6711/6651
f 3801/6711/6651 3765/6710/6650 3764/6712/6652
f 3801/6711/6651 3764/6712/6652 3800/6713/6653
f 3800/6713/6653 3764/6712/6652 3763/6714/6654
f 3800/6713/6653 3763/6714/6654 3762/6715/6655
f 3800/6713/6653 3762/6715/6655 3799/6716/6656
f 3799/6716/6656 3762/6715/6655 3761/6717/6657
f 3799/6716/6656 3761/6717/6657 3798/6718/6658
f 3798/6718/6658 3761/6717/6657 3760/6719/6659
f 3798/6718/6658 3760/6719/6659 3797/6720/6660
f 3797/6720/6660 3760/6719/6659 3759/6721/6661
f 3797/6720/6660 3759/6721/6661 3796/6722/6662
f 3796/6722/6662 3759/6721/6661 3758/6723/6663
f 3796/6722/6662 3758/6723/6663 3795/6724/6664
f 3795/6724/6664 3758/6723/6663 3757/6725/6665
f 3795/6724/6664 3757/6725/6665 3756/6726/6666
f 3795/6724/6664 3756/6726/6666 3794/6727/6667
f 3794/6727/6667 3756/6726/6666 3755/6728/6668
f 3794/6727/6667 3755/6728/6668 3793/6729/6669
f 3793/6729/6669 3755/6728/6668 3754/6730/6670
f 3793/6729/6669 3754/6730/6670 3828/6731/6671
f 3828/6731/6671 3754/6730/6670 3753/6732/6672
f 3828/6731/6671 3753/6732/6672 3827/6733/6673
f 3827/6733/6673 3753/6732/6672 3752/6734/6674
f 3827/6733/6673 3752/6734/6674 3751/6735/6675
f 3827/6733/6673 3751/6735/6675 3826/6660/6600
f 3826/6660/6600 3751/6735/6675 3750/6736/6676
f 3826/6660/6600 3750/6736/6676 3749/6658/6598
f 3830/6737/6677 3867/6738/6678 3829/6739/6679
f 3829/6739/6679 3867/6738/6678 3870/6740/6680
f 3829/6739/6679 3870/6740/6680 3864/6741/6681
f 3864/6741/6681 3870/6740/6680 3935/6742/6682
f 3864/6741/6681 3935/6742/6682 3863/6743/6683
f 3863/6743/6683 3935/6742/6682 3933/6744/6684
f 3863/6743/6683 3933/6744/6684 3862/6745/6685
f 3862/6745/6685 3933/6744/6684 3931/6746/6686
f 3862/6745/6685 3931/6746/6686 3861/6747/6687
f 3861/6747/6687 3931/6746/6686 3929/6748/6688
f 3861/6747/6687 3929/6748/6688 3860/6749/6689
f 3860/6749/6689 3929/6748/6688 3927/6750/6690
f 3860/6749/6689 3927/6750/6690 3859/6751/6691
f 3859/6751/6691 3927/6750/6690 3925/6752/6692
f 3859/6751/6691 3925/6752/6692 3858/6753/6693
f 3858/6753/6693 3925/6752/6692 3923/6754/6694
f 3858/6753/6693 3923/6754/6694 3857/6755/6695
f 3857/6755/6695 3923/6754/6694 3921/6756/6696
f 3857/6755/6695 3921/6756/6696 3856/6757/6697
f 3856/6757/6697 3921/6756/6696 3919/6758/6698
f 3856/6757/6697 3919/6758/6698 3855/6759/6699
f 3855/6759/6699 3919/6758/6698 3917/6760/6700
f 3855/6759/6699 3917/6760/6700 3854/6761/6701
f 3854/6761/6701 3917/6760/6700 3915/6762/6702
f 3854/6761/6701 3915/6762/6702 3853/6763/6703
f 3853/6763/6703 3915/6762/6702 3913/6764/6704
f 3853/6763/6703 3913/6764/6704 3852/6765/6705
f 3852/6765/6705 3913/6764/6704 3911/6766/6706
f 3852/6765/6705 3911/6766/6706 3851/6767/6707
f 3851/6767/6707 3911/6766/6706 3909/6768/6708
f 3851/6767/6707 3909/6768/6708 3850/6769/6709
f 3850/6769/6709 3909/6768/6708 3907/6770/6710
f 3850/6769/6709 3907/6770/6710 3849/6771/6711
f 3849/6771/6711 3907/6770/6710 3905/6772/6712
f 3849/6771/6711 3905/6772/6712 3848/6773/6713
f 3848/6773/6713 3905/6772/6712 3903/6774/6714
f 3848/6773/6713 3903/6774/6714 3847/6775/6715
f 3847/6775/6715 3903/6774/6714 3865/6776/6716
f 3847/6777/6715 3865/6778/6716 3846/6779/6717
f 3846/6779/6717 3865/6778/6716 3901/6780/6718
f 3846/6779/6717 3901/6780/6718 3845/6781/6719
f 3845/6781/6719 3901/6780/6718 3899/6782/6720
f 3845/6781/6719 3899/6782/6720 3844/6783/6721
f 3844/6783/6721 3899/6782/6720 3897/6784/6722
f 3844/6783/6721 3897/6784/6722 3843/6785/6723
f 3843/6785/6723 3897/6784/6722 3895/6786/6724
f 3843/6785/6723 3895/6786/6724 3842/6787/6725
f 3842/6787/6725 3895/6786/6724 3893/6788/6726
f 3842/6787/6725 3893/6788/6726 3841/6789/6727
f 3841/6789/6727 3893/6788/6726 3891/6790/6728
f 3841/6789/6727 3891/6790/6728 3840/6791/6729
f 3840/6791/6729 3891/6790/6728 3889/6792/6730
f 3840/6791/6729 3889/6792/6730 3839/6793/6731
f 3839/6793/6731 3889/6792/6730 3887/6794/6732
f 3839/6793/6731 3887/6794/6732 3838/6795/6733
f 3838/6795/6733 3887/6794/6732 3885/6796/6734
f 3838/6795/6733 3885/6796/6734 3837/6797/6735
f 3837/6797/6735 3885/6796/6734 3883/6798/6736
f 3837/6797/6735 3883/6798/6736 3836/6799/6737
f 3836/6799/6737 3883/6798/6736 3881/6800/6738
f 3836/6799/6737 3881/6800/6738 3835/6801/6739
f 3835/6801/6739 3881/6800/6738 3879/6802/6740
f 3835/6801/6739 3879/6802/6740 3834/6803/6741
f 3834/6803/6741 3879/6802/6740 3877/6804/6742
f 3834/6803/6741 3877/6804/6742 3833/6805/6743
f 3833/6805/6743 3877/6804/6742 3875/6806/6744
f 3833/6805/6743 3875/6806/6744 3832/6807/6745
f 3832/6807/6745 3875/6806/6744 3873/6808/6746
f 3832/6807/6745 3873/6808/6746 3831/6809/6747
f 3831/6809/6747 3873/6808/6746 3871/6810/6748
f 3831/6809/6747 3871/6810/6748 3830/6737/6677
f 3830/6737/6677 3871/6810/6748 3867/6738/6678
f 3828/6811/6749 3936/6812/6750 3793/6813/6751
f 3793/6813/6751 3936/6812/6750 3869/6814/6752
f 3793/6813/6751 3869/6814/6752 3794/6815/6753
f 3794/6815/6753 3869/6814/6752 3868/6816/6754
f 3794/6815/6753 3868/6816/6754 3795/6817/6755
f 3795/6817/6755 3868/6816/6754 3872/6818/6756
f 3795/6817/6755 3872/6818/6756 3796/6819/6757
f 3796/6819/6757 3872/6818/6756 3874/6820/6758
f 3796/6819/6757 3874/6820/6758 3797/6821/6759
f 3797/6821/6759 3874/6820/6758 3876/6822/6760
f 3797/6821/6759 3876/6822/6760 3798/6823/6761
f 3798/6823/6761 3876/6822/6760 3878/6824/6762
f 3798/6823/6761 3878/6824/6762 3799/6825/6763
f 3799/6825/6763 3878/6824/6762 3880/6826/6764
f 3799/6825/6763 3880/6826/6764 3800/6827/6765
f 3800/6827/6765 3880/6826/6764 3882/6828/6766
f 3800/6827/6765 3882/6828/6766 3801/6829/6767
f 3801/6829/6767 3882/6828/6766 3884/6830/6768
f 3801/6829/6767 3884/6830/6768 3802/6831/6769
f 3802/6831/6769 3884/6830/6768 3886/6832/6770
f 3802/6831/6769 3886/6832/6770 3803/6833/6771
f 3803/6833/6771 3886/6832/6770 3888/6834/6772
f 3803/6833/6771 3888/6834/6772 3804/6835/6773
f 3804/6835/6773 3888/6834/6772 3890/6836/6774
f 3804/6835/6773 3890/6836/6774 3805/6837/6775
f 3805/6837/6775 3890/6836/6774 3892/6838/6776
f 3805/6837/6775 3892/6838/6776 3806/6839/6777
f 3806/6839/6777 3892/6838/6776 3894/6840/6778
f 3806/6839/6777 3894/6840/6778 3807/6841/6779
f 3807/6841/6779 3894/6840/6778 3896/6842/6780
f 3807/6841/6779 3896/6842/6780 3808/6843/6781
f 3808/6843/6781 3896/6842/6780 3898/6844/6782
f 3808/6843/6781 3898/6844/6782 3809/6845/6783
f 3809/6845/6783 3898/6844/6782 3900/6846/6784
f 3809/6845/6783 3900/6846/6784 3810/6847/6785
f 3810/6847/6785 3900/6846/6784 3902/6848/6786
f 3810/6847/6785 3902/6848/6786 3811/6849/6787
f 3811/6849/6787 3902/6848/6786 3866/6850/6788
f 3811/6851/6787 3866/6852/6788 3812/6853/6789
f 3812/6853/6789 3866/6852/6788 3904/6854/6790
f 3812/6853/6789 3904/6854/6790 3813/6855/6791
f 3813/6855/6791 3904/6854/6790 3906/6856/6792
f 3813/6855/6791 3906/6856/6792 3814/6857/6793
f 3814/6857/6793 3906/6856/6792 3908/6858/6794
f 3814/6857/6793 3908/6858/6794 3815/6859/6795
f 3815/6859/6795 3908/6858/6794 3910/6860/6796
f 3815/6859/6795 3910/6860/6796 3816/6861/6797
f 3816/6861/6797 3910/6860/6796 3912/6862/6798
f 3816/6861/6797 3912/6862/6798 3817/6863/6799
f 3817/6863/6799 3912/6862/6798 3914/6864/6800
f 3817/6863/6799 3914/6864/6800 3818/6865/6801
f 3818/6865/6801 3914/6864/6800 3916/6866/6802
f 3818/6865/6801 3916/6866/6802 3819/6867/6803
f 3819/6867/6803 3916/6866/6802 3918/6868/6804
f 3819/6867/6803 3918/6868/6804 3820/6869/6805
f 3820/6869/6805 3918/6868/6804 3920/6870/6806
f 3820/6869/6805 3920/6870/6806 3821/6871/6807
f 3821/6871/6807 3920/6870/6806 3922/6872/6808
f 3821/6871/6807 3922/6872/6808 3822/6873/6809
f 3822/6873/6809 3922/6872/6808 3924/6874/6810
f 3822/6873/6809 3924/6874/6810 3823/6875/6811
f 3823/6875/6811 3924/6874/6810 3926/6876/6812
f 3823/6875/6811 3926/6876/6812 3824/6877/6813
f 3824/6877/6813 3926/6876/6812 3928/6878/6814
f 3824/6877/6813 3928/6878/6814 3825/6879/6815
f 3825/6879/6815 3928/6878/6814 3930/6880/6816
f 3825/6879/6815 3930/6880/6816 3826/6881/6817
f 3826/6881/6817 3930/6880/6816 3932/6882/6818
f 3826/6881/6817 3932/6882/6818 3827/6883/6819
f 3827/6883/6819 3932/6882/6818 3934/6884/6820
f 3827/6883/6819 3934/6884/6820 3828/6811/6749
f 3828/6811/6749 3934/6884/6820 3936/6812/6750
f 3865/6778/6716 3866/6850/6788 3901/6780/6718
f 3901/6780/6718 3866/6850/6788 3902/6848/6786
f 3901/6780/6718 3902/6848/6786 3899/6782/6720
f 3899/6782/6720 3902/6848/6786 3900/6846/6784
f 3899/6782/6720 3900/6846/6784 3897/6784/6722
f 3897/6784/6722 3900/6846/6784 3898/6844/6782
f 3897/6784/6722 3898/6844/6782 3895/6786/6724
f 3895/6786/6724 3898/6844/6782 3896/6842/6780
f 3895/6786/6724 3896/6842/6780 3893/6788/6726
f 3893/6788/6726 3896/6842/6780 3894/6840/6778
f 3893/6788/6726 3894/6840/6778 3891/6790/6728
f 3891/6790/6728 3894/6840/6778 3892/6838/6776
f 3891/6790/6728 3892/6838/6776 3889/6792/6730
f 3889/6792/6730 3892/6838/6776 3890/6836/6774
f 3889/6792/6730 3890/6836/6774 3887/6794/6732
f 3887/6794/6732 3890/6836/6774 3888/6834/6772
f 3887/6794/6732 3888/6834/6772 3885/6796/6734
f 3885/6796/6734 3888/6834/6772 3886/6832/6770
f 3885/6796/6734 3886/6832/6770 3883/6798/6736
f 3883/6798/6736 3886/6832/6770 3884/6830/6768
f 3883/6798/6736 3884/6830/6768 3881/6800/6738
f 3881/6800/6738 3884/6830/6768 3882/6828/6766
f 3881/6800/6738 3882/6828/6766 3879/6802/6740
f 3879/6802/6740 3882/6828/6766 3880/6826/6764
f 3879/6802/6740 3880/6826/6764 3877/6804/6742
f 3877/6804/6742 3880/6826/6764 3878/6824/6762
f 3877/6804/6742 3878/6824/6762 3875/6806/6744
f 3875/6806/6744 3878/6824/6762 3876/6822/6760
f 3875/6806/6744 3876/6822/6760 3873/6808/6746
f 3873/6808/6746 3876/6822/6760 3874/6820/6758
f 3873/6808/6746 3874/6820/6758 3871/6810/6748
f 3871/6810/6748 3874/6820/6758 3872/6818/6756
f 3871/6810/6748 3872/6818/6756 3867/6738/6678
f 3867/6738/6678 3872/6818/6756 3868/6816/6754
f 3867/6738/6678 3868/6816/6754 3870/6740/6680
f 3870/6740/6680 3868/6816/6754 3869/6814/6752
f 3870/6740/6680 3869/6814/6752 3935/6742/6682
f 3935/6742/6682 3869/6814/6752 3936/6812/6750
f 3935/6742/6682 3936/6812/6750 3933/6744/6684
f 3933/6744/6684 3936/6812/6750 3934/6884/6820
f 3933/6744/6684 3934/6884/6820 3931/6746/6686
f 3931/6746/6686 3934/6884/6820 3932/6882/6818
f 3931/6746/6686 3932/6882/6818 3929/6748/6688
f 3929/6748/6688 3932/6882/6818 3930/6880/6816
f 3929/6748/6688 3930/6880/6816 3927/6750/6690
f 3927/6750/6690 3930/6880/6816 3928/6878/6814
f 3927/6750/6690 3928/6878/6814 3925/6752/6692
f 3925/6752/6692 3928/6878/6814 3926/6876/6812
f 3925/6752/6692 3926/6876/6812 3923/6754/6694
f 3923/6754/6694 3926/6876/6812 3924/6874/6810
f 3923/6754/6694 3924/6874/6810 3921/6756/6696
f 3921/6756/6696 3924/6874/6810 3922/6872/6808
f 3921/6756/6696 3922/6872/6808 3919/6758/6698
f 3919/6758/6698 3922/6872/6808 3920/6870/6806
f 3919/6758/6698 3920/6870/6806 3917/6760/6700
f 3917/6760/6700 3920/6870/6806 3918/6868/6804
f 3917/6760/6700 3918/6868/6804 3915/6762/6702
f 3915/6762/6702 3918/6868/6804 3916/6866/6802
f 3915/6762/6702 3916/6866/6802 3913/6764/6704
f 3913/6764/6704 3916/6866/6802 3914/6864/6800
f 3913/6764/6704 3914/6864/6800 3911/6766/6706
f 3911/6766/6706 3914/6864/6800 3912/6862/6798
f 3911/6766/6706 3912/6862/6798 3909/6768/6708
f 3909/6768/6708 3912/6862/6798 3910/6860/6796
f 3909/6768/6708 3910/6860/6796 3907/6770/6710
f 3907/6770/6710 3910/6860/6796 3908/6858/6794
f 3907/6770/6710 3908/6858/6794 3905/6772/6712
f 3905/6772/6712 3908/6858/6794 3906/6856/6792
f 3905/6772/6712 3906/6856/6792 3903/6774/6714
f 3903/6774/6714 3906/6856/6792 3904/6854/6790
f 3903/6774/6714 3904/6854/6790 3865/6776/6716
f 3865/6776/6716 3904/6854/6790 3866/6852/6788
f 3938/6885/6821 3939/6886/6822 3937/6887/6823
f 3937/6887/6823 3939/6886/6822 3984/6888/6824
f 3984/6888/6824 3939/6886/6822 3940/6889/6825
f 3984/6888/6824 3940/6889/6825 3941/6890/6826
f 3942/6891/6827 3862/6892/6828 3941/6890/6826
f 3941/6890/6826 3862/6892/6828 3983/6893/6829
f 3941/6890/6826 3983/6893/6829 3984/6888/6824
f 3942/6891/6827 3943/6894/6830 3862/6892/6828
f 3862/6892/6828 3943/6894/6830 3863/6895/6831
f 3863/6895/6831 3943/6894/6830 3944/6896/6832
f 3863/6895/6831 3944/6896/6832 3945/6897/6833
f 3863/6895/6831 3945/6897/6833 3864/6898/6834
f 3864/6898/6834 3945/6897/6833 3946/6899/6835
f 3864/6898/6834 3946/6899/6835 3829/6900/6836
f 3829/6900/6836 3946/6899/6835 3947/6901/6837
f 3829/6900/6836 3947/6901/6837 3830/6902/6838
f 3830/6902/6838 3947/6901/6837 3948/6903/6839
f 3830/6902/6838 3948/6903/6839 3831/6904/6840
f 3831/6904/6840 3948/6903/6839 3949/6905/6841
f 3831/6904/6840 3949/6905/6841 3950/6906/6842
f 3831/6904/6840 3950/6906/6842 3832/6907/6843
f 3832/6907/6843 3950/6906/6842 3951/6908/6844
f 3832/6907/6843 3951/6908/6844 3833/6909/6845
f 3833/6909/6845 3951/6908/6844 3952/6910/6846
f 3833/6909/6845 3952/6910/6846 3834/6911/6847
f 3834/6911/6847 3952/6910/6846 3953/6912/6848
f 3834/6911/6847 3953/6912/6848 3835/6913/6849
f 3835/6913/6849 3953/6912/6848 3954/6914/6850
f 3835/6913/6849 3954/6914/6850 3836/6915/6851
f 3836/6915/6851 3954/6914/6850 3955/6916/6852
f 3836/6915/6851 3955/6916/6852 3956/6917/6853
f 3836/6915/6851 3956/6917/6853 3837/6918/6854
f 3837/6918/6854 3956/6917/6853 3957/6919/6855
f 3837/6918/6854 3957/6919/6855 3838/6920/6856
f 3838/6920/6856 3957/6919/6855 3958/6921/6857
f 3838/6920/6856 3958/6921/6857 3839/6922/6858
f 3839/6922/6858 3958/6921/6857 3959/6923/6859
f 3839/6922/6858 3959/6923/6859 3840/6924/6860
f 3840/6924/6860 3959/6923/6859 3960/6925/6861
f 3840/6924/6860 3960/6925/6861 3961/6926/6862
f 3840/6924/6860 3961/6926/6862 3841/6927/6863
f 3841/6927/6863 3961/6926/6862 3962/6928/6864
f 3841/6927/6863 3962/6928/6864 3963/6929/6865
f 3964/6930/6866 3968/6931/6867 3963/6929/6865
f 3963/6929/6865 3968/6931/6867 3969/6932/6868
f 3963/6929/6865 3969/6932/6868 3841/6927/6863
f 3841/6927/6863 3969/6932/6868 3842/6933/6869
f 3842/6933/6869 3969/6932/6868 3970/6934/6870
f 3842/6933/6869 3970/6934/6870 3843/6935/6871
f 3843/6935/6871 3970/6934/6870 3971/6936/6872
f 3843/6935/6871 3971/6936/6872 3844/6937/6873
f 3844/6937/6873 3971/6936/6872 3972/6938/6874
f 3844/6937/6873 3972/6938/6874 3845/6939/6875
f 3845/6939/6875 3972/6938/6874 3846/6940/6876
f 3846/6940/6876 3972/6938/6874 3973/6941/6877
f 3846/6940/6876 3973/6941/6877 3847/6942/6878
f 3847/6942/6878 3973/6941/6877 3974/6943/6879
f 3847/6942/6878 3974/6943/6879 3848/6944/6880
f 3848/6944/6880 3974/6943/6879 3849/6945/6881
f 3849/6945/6881 3974/6943/6879 3975/6946/6882
f 3849/6945/6881 3975/6946/6882 3850/6947/6883
f 3850/6947/6883 3975/6946/6882 3851/6948/6884
f 3851/6948/6884 3975/6946/6882 3976/6949/6885
f 3851/6948/6884 3976/6949/6885 3852/6950/6886
f 3852/6950/6886 3976/6949/6885 3977/6951/6887
f 3852/6950/6886 3977/6951/6887 3853/6952/6888
f 3853/6952/6888 3977/6951/6887 3854/6953/6889
f 3854/6953/6889 3977/6951/6887 3978/6954/6890
f 3854/6953/6889 3978/6954/6890 3855/6955/6891
f 3855/6955/6891 3978/6954/6890 3856/6956/6892
f 3856/6956/6892 3978/6954/6890 3979/6957/6893
f 3856/6956/6892 3979/6957/6893 3857/6958/6894
f 3857/6958/6894 3979/6957/6893 3980/6959/6895
f 3857/6958/6894 3980/6959/6895 3858/6960/6896
f 3858/6960/6896 3980/6959/6895 3859/6961/6897
f 3859/6961/6897 3980/6959/6895 3981/6962/6898
f 3859/6961/6897 3981/6962/6898 3860/6963/6899
f 3860/6963/6899 3981/6962/6898 3982/6964/6900
f 3860/6963/6899 3982/6964/6900 3861/6965/6901
f 3861/6965/6901 3982/6964/6900 3983/6893/6829
f 3861/6965/6901 3983/6893/6829 3862/6892/6828
f 3964/6930/6866 3965/6966/6902 3968/6931/6867
f 3968/6931/6867 3965/6966/6902 3967/6967/6903
f 3967/6967/6903 3965/6966/6902 3966/6968/6904
f 3938/6969/6905 3937/6970/6906 3986/6971/6907
f 3986/6971/6907 3937/6970/6906 3985/6972/6908
f 4014/6973/6909 3966/6974/6910 4013/6975/6911
f 4013/6975/6911 3966/6974/6910 3965/6976/6912
f 4013/6975/6911 3965/6976/6912 3964/6977/6913
f 4013/6975/6911 3964/6977/6913 4012/6978/6914
f 4012/6978/6914 3964/6977/6913 3963/6979/6915
f 4012/6978/6914 3963/6979/6915 4011/6980/6916
f 4011/6980/6916 3963/6979/6915 3962/6981/6917
f 4011/6980/6916 3962/6981/6917 4010/6982/6918
f 4010/6982/6918 3962/6981/6917 3961/6983/6919
f 4010/6982/6918 3961/6983/6919 4009/6984/6920
f 4009/6984/6920 3961/6983/6919 3960/6985/6921
f 4009/6984/6920 3960/6985/6921 4008/6986/6922
f 4008/6986/6922 3960/6985/6921 3959/6987/6923
f 4008/6986/6922 3959/6987/6923 4007/6988/6924
f 4007/6988/6924 3959/6987/6923 3958/6989/6925
f 4007/6988/6924 3958/6989/6925 4006/6990/6926
f 4006/6990/6926 3958/6989/6925 3957/6991/6927
f 4006/6990/6926 3957/6991/6927 4005/6992/6928
f 4005/6992/6928 3957/6991/6927 3956/6993/6929
f 4005/6992/6928 3956/6993/6929 4004/6994/6930
f 4004/6994/6930 3956/6993/6929 3955/6995/6931
f 4004/6994/6930 3955/6995/6931 4003/6996/6932
f 4003/6996/6932 3955/6995/6931 3954/6997/6933
f 4003/6996/6932 3954/6997/6933 4002/6998/6934
f 4002/6998/6934 3954/6997/6933 3953/6999/6935
f 4002/6998/6934 3953/6999/6935 4001/7000/6936
f 4001/7000/6936 3953/6999/6935 3952/7001/6937
f 4001/7000/6936 3952/7001/6937 4000/7002/6938
f 4000/7002/6938 3952/7001/6937 3951/7003/6939
f 4000/7002/6938 3951/7003/6939 3999/7004/6940
f 3999/7004/6940 3951/7003/6939 3950/7005/6941
f 3999/7004/6940 3950/7005/6941 3998/7006/6942
f 3998/7006/6942 3950/7005/6941 3949/7007/6943
f 3998/7006/6942 3949/7007/6943 3997/7008/6944
f 3997/7008/6944 3949/7007/6943 3948/7009/6945
f 3997/7008/6944 3948/7009/6945 3996/7010/6946
f 3996/7010/6946 3948/7009/6945 3947/7011/6947
f 3996/7010/6946 3947/7011/6947 3995/7012/6948
f 3995/7012/6948 3947/7011/6947 3946/7013/6949
f 3995/7012/6948 3946/7013/6949 3994/7014/6950
f 3994/7014/6950 3946/7013/6949 3945/7015/6951
f 3994/7014/6950 3945/7015/6951 3993/7016/6952
f 3993/7016/6952 3945/7015/6951 3944/7017/6953
f 3993/7016/6952 3944/7017/6953 3992/7018/6954
f 3992/7018/6954 3944/7017/6953 3943/7019/6955
f 3992/7018/6954 3943/7019/6955 3991/7020/6956
f 3991/7020/6956 3943/7019/6955 3942/7021/6957
f 3991/7020/6956 3942/7021/6957 3990/7022/6958
f 3990/7022/6958 3942/7021/6957 3941/7023/6959
f 3990/7022/6958 3941/7023/6959 3989/7024/6960
f 3989/7024/6960 3941/7023/6959 3940/7025/6961
f 3989/7024/6960 3940/7025/6961 3988/7026/6962
f 3988/7026/6962 3940/7025/6961 3939/7027/6963
f 3988/7026/6962 3939/7027/6963 3987/7028/6964
f 3987/7028/6964 3939/7027/6963 3986/7029/6965
f 3986/7029/6965 3939/7027/6963 3938/7030/6966
f 3967/7031/6967 3966/7032/6968 4015/7033/6969
f 4015/7033/6969 3966/7032/6968 4014/7034/6970
f 3985/7035/6971 3937/7036/6972 4032/7037/6973
f 4032/7037/6973 3937/7036/6972 3984/7038/6974
f 4032/7037/6973 3984/7038/6974 3983/7039/6975
f 4032/7037/6973 3983/7039/6975 4031/7040/6976
f 4031/7040/6976 3983/7039/6975 3982/7041/6977
f 4031/7040/6976 3982/7041/6977 4030/7042/6978
f 4030/7042/6978 3982/7041/6977 3981/7043/6979
f 4030/7042/6978 3981/7043/6979 4029/7044/6980
f 4029/7044/6980 3981/7043/6979 3980/7045/6981
f 4029/7044/6980 3980/7045/6981 4028/7046/6982
f 4028/7046/6982 3980/7045/6981 3979/7047/6983
f 4028/7046/6982 3979/7047/6983 4027/7048/6984
f 4027/7048/6984 3979/7047/6983 3978/7049/6985
f 4027/7048/6984 3978/7049/6985 4026/7050/6986
f 4026/7050/6986 3978/7049/6985 3977/7051/6987
f 4026/7050/6986 3977/7051/6987 4025/7052/6988
f 4025/7052/6988 3977/7051/6987 3976/7053/6989
f 4025/7052/6988 3976/7053/6989 4024/7054/6990
f 4024/7054/6990 3976/7053/6989 3975/7055/6991
f 4024/7054/6990 3975/7055/6991 4023/7056/6992
f 4023/7056/6992 3975/7055/6991 3974/7057/6993
f 4023/7056/6992 3974/7057/6993 4022/7058/6994
f 4022/7058/6994 3974/7057/6993 3973/7059/6995
f 4022/7058/6994 3973/7059/6995 4021/7060/6996
f 4021/7060/6996 3973/7059/6995 3972/7061/6997
f 4021/7060/6996 3972/7061/6997 4020/7062/6998
f 4020/7062/6998 3972/7061/6997 3971/7063/6999
f 4020/7062/6998 3971/7063/6999 4019/7064/7000
f 4019/7064/7000 3971/7063/6999 3970/7065/7001
f 4019/7064/7000 3970/7065/7001 4018/7066/7002
f 4018/7066/7002 3970/7065/7001 3969/7067/7003
f 4018/7066/7002 3969/7067/7003 4017/7068/7004
f 4017/7068/7004 3969/7067/7003 3968/7069/7005
f 4017/7068/7004 3968/7069/7005 4016/7070/7006
f 4016/7070/7006 3968/7069/7005 4015/7071/7007
f 4015/7071/7007 3968/7069/7005 3967/7072/7008
f 3985/7073/7009 4032/7074/7010 3986/7075/7011
f 3986/7075/7011 4032/7074/7010 3987/7076/7012
f 3987/7076/7012 4032/7074/7010 4031/7077/7013
f 3987/7076/7012 4031/7077/7013 4030/7078/7014
f 3987/7076/7012 4030/7078/7014 3988/7079/7015
f 3988/7079/7015 4030/7078/7014 4029/7080/7016
f 3988/7079/7015 4029/7080/7016 4028/7081/7017
f 4028/7081/7017 4027/7082/7018 3988/7079/7015
f 3988/7079/7015 4027/7082/7018 3989/7083/7019
f 3989/7083/7019 4027/7082/7018 4026/7084/7020
f 3989/7083/7019 4026/7084/7020 3990/7085/7021
f 3990/7085/7021 4026/7084/7020 3991/7086/7022
f 3991/7086/7022 4026/7084/7020 3992/7087/7023
f 3992/7087/7023 4026/7084/7020 3993/7088/7024
f 3993/7088/7024 4026/7084/7020 3994/7089/7025
f 3994/7089/7025 4026/7084/7020 3995/7090/7026
f 3995/7090/7026 4026/7084/7020 3996/7091/7027
f 3996/7091/7027 4026/7084/7020 3997/7092/7028
f 3997/7092/7028 4026/7084/7020 3998/7093/7029
f 3998/7093/7029 4026/7084/7020 4025/7094/7030
f 3998/7093/7029 4025/7094/7030 3999/7095/7031
f 3999/7095/7031 4025/7094/7030 4024/7096/7032
f 3999/7095/7031 4024/7096/7032 4000/7097/7033
f 4000/7097/7033 4024/7096/7032 4001/7098/7034
f 4001/7098/7034 4024/7096/7032 4023/7099/7035
f 4001/7098/7034 4023/7099/7035 4002/7100/7036
f 4002/7100/7036 4023/7099/7035 4022/7101/7037
f 4002/7100/7036 4022/7101/7037 4003/7102/7038
f 4003/7102/7038 4022/7101/7037 4004/7103/7039
f 4004/7103/7039 4022/7101/7037 4021/7104/7040
f 4004/7103/7039 4021/7104/7040 4005/7105/7041
f 4005/7105/7041 4021/7104/7040 4020/7106/7042
f 4005/7105/7041 4020/7106/7042 4006/7107/7043
f 4006/7107/7043 4020/7106/7042 4007/7108/7044
f 4007/7108/7044 4020/7106/7042 4019/7109/7045
f 4007/7108/7044 4019/7109/7045 4008/7110/7046
f 4008/7110/7046 4019/7109/7045 4018/7111/7047
f 4008/7110/7046 4018/7111/7047 4009/7112/7048
f 4009/7112/7048 4018/7111/7047 4010/7113/7049
f 4010/7113/7049 4018/7111/7047 4017/7114/7050
f 4010/7113/7049 4017/7114/7050 4011/7115/7051
f 4011/7115/7051 4017/7114/7050 4016/7116/7052
f 4011/7115/7051 4016/7116/7052 4012/7117/7053
f 4012/7117/7053 4016/7116/7052 4013/7118/7054
f 4013/7118/7054 4016/7116/7052 4015/7119/7055
f 4013/7118/7054 4015/7119/7055 4014/7120/7056
# 4032 vertices
# 7120 texture params
# 7056 normals
# 8056 facets

# 1 groups
