# Blender 5.0.0
# www.blender.org
mtllib cavity_upper_left.mtl
o SPA05-Cavity-left
v -231.000000 2.000001 16.888544
v -231.000000 2.858629 16.771557
v -231.000000 3.710632 16.613382
v -231.000000 4.554036 16.414385
v -231.000000 5.386883 16.175026
v -231.000000 6.207246 15.895861
v -231.000000 7.013222 15.577536
v -231.000000 7.802944 15.220790
v -231.000000 8.574582 14.826450
v -231.000000 9.326346 14.395430
v -231.000000 10.056495 13.928727
v -231.000000 10.763336 13.427425
v -231.000000 11.445230 12.892685
v -231.000000 12.100600 12.325745
v -231.000000 12.727923 11.727921
v -231.000000 13.325747 11.100598
v -231.000000 13.892687 10.445229
v -231.000000 14.427427 9.763334
v -231.000000 14.928729 9.056493
v -231.000000 15.395432 8.326344
v -231.000000 15.826452 7.574580
v -231.000000 16.220791 6.802942
v -231.000000 16.577538 6.013219
v -231.000000 16.895861 5.207243
v -231.000000 17.175026 4.386880
v -231.000000 17.414385 3.554033
v -231.000000 17.613382 2.710629
v -231.000000 17.771557 1.858627
v -231.000000 17.888544 0.999999
v -235.500000 17.888544 0.999999
v -235.500000 17.771557 1.858627
v -235.500000 17.613382 2.710629
v -235.500000 17.414385 3.554033
v -235.500000 17.175026 4.386880
v -235.500000 16.895861 5.207243
v -235.500000 16.577538 6.013219
v -235.500000 16.220791 6.802942
v -235.500000 15.826452 7.574580
v -235.500000 15.395432 8.326344
v -235.500000 14.928729 9.056493
v -235.500000 14.427427 9.763334
v -235.500000 13.892687 10.445229
v -235.500000 13.325747 11.100598
v -235.500000 12.727923 11.727921
v -235.500000 12.100600 12.325745
v -235.500000 11.445230 12.892685
v -235.500000 10.763336 13.427425
v -235.500000 10.056495 13.928727
v -235.500000 9.326346 14.395430
v -235.500000 8.574582 14.826450
v -235.500000 7.802944 15.220790
v -235.500000 7.013222 15.577536
v -235.500000 6.207246 15.895861
v -235.500000 5.386883 16.175026
v -235.500000 4.554036 16.414385
v -235.500000 3.710632 16.613382
v -235.500000 2.858629 16.771557
v -235.500000 2.000001 16.888544
v -231.000000 7.000000 0.999999
v -231.000000 2.000000 6.000000
v -231.000000 2.440330 5.994955
v -231.000000 2.878376 5.949893
v -231.000000 3.310512 5.865189
v -231.000000 3.733154 5.741541
v -231.000000 4.142804 5.579978
v -231.000000 4.536066 5.381836
v -231.000000 4.909682 5.148757
v -231.000000 5.260559 4.882672
v -231.000000 5.585786 4.585785
v -231.000000 5.882673 4.260558
v -231.000000 6.148758 3.909682
v -231.000000 6.381837 3.536065
v -231.000000 6.579979 3.142802
v -231.000000 6.741542 2.733153
v -231.000000 6.865189 2.310511
v -231.000000 6.949893 1.878376
v -231.000000 6.994955 1.440328
v -231.000000 7.000000 5.000000
v -231.000000 6.826353 5.015192
v -231.000000 6.657980 5.060307
v -231.000000 6.500000 5.133975
v -231.000000 6.357213 5.233955
v -231.000000 6.233956 5.357212
v -231.000000 6.133976 5.500000
v -231.000000 6.060308 5.657979
v -231.000000 6.015193 5.826352
v -231.000000 6.000000 6.000000
v -231.000000 6.015193 6.173647
v -231.000000 6.060308 6.342020
v -231.000000 6.133976 6.500000
v -231.000000 6.233956 6.642787
v -231.000000 6.357213 6.766044
v -231.000000 6.500000 6.866024
v -231.000000 6.657980 6.939692
v -231.000000 6.826353 6.984807
v -231.000000 7.000000 7.000000
v -231.000000 7.173648 6.984807
v -231.000000 7.342021 6.939692
v -231.000000 7.500000 6.866024
v -231.000000 7.642788 6.766044
v -231.000000 7.766045 6.642787
v -231.000000 7.866025 6.500000
v -231.000000 7.939693 6.342020
v -231.000000 7.984808 6.173647
v -231.000000 8.000000 6.000000
v -231.000000 7.984808 5.826352
v -231.000000 7.939693 5.657979
v -231.000000 7.866025 5.500000
v -231.000000 7.766045 5.357212
v -231.000000 7.642788 5.233955
v -231.000000 7.500000 5.133975
v -231.000000 7.342021 5.060307
v -231.000000 7.173648 5.015192
v -235.500000 7.000000 0.999999
v -235.500000 6.994955 1.440328
v -235.500000 6.949893 1.878376
v -235.500000 6.865189 2.310511
v -235.500000 6.741542 2.733153
v -235.500000 6.579979 3.142802
v -235.500000 6.381837 3.536065
v -235.500000 6.148758 3.909682
v -235.500000 5.882673 4.260558
v -235.500000 5.585786 4.585785
v -235.500000 5.260559 4.882672
v -235.500000 4.909682 5.148757
v -235.500000 4.536066 5.381836
v -235.500000 4.142804 5.579978
v -235.500000 3.733154 5.741541
v -235.500000 3.310512 5.865189
v -235.500000 2.878376 5.949893
v -235.500000 2.440330 5.994955
v -235.500000 2.000000 6.000000
v -223.000000 7.000000 5.000000
v -223.000000 6.826353 5.015192
v -223.000000 6.657980 5.060307
v -223.000000 6.500000 5.133975
v -223.000000 6.357213 5.233955
v -223.000000 6.233956 5.357212
v -223.000000 6.133976 5.500000
v -223.000000 6.060308 5.657979
v -223.000000 6.015193 5.826352
v -223.000000 6.000000 6.000000
v -223.000000 6.015193 6.173647
v -223.000000 6.060308 6.342020
v -223.000000 6.133976 6.500000
v -223.000000 6.233956 6.642787
v -223.000000 6.357213 6.766044
v -223.000000 6.500000 6.866024
v -223.000000 6.657980 6.939692
v -223.000000 6.826353 6.984807
v -223.000000 7.000000 7.000000
v -223.000000 7.173648 6.984807
v -223.000000 7.342021 6.939692
v -223.000000 7.500000 6.866024
v -223.000000 7.642788 6.766044
v -223.000000 7.766045 6.642787
v -223.000000 7.866025 6.500000
v -223.000000 7.939693 6.342020
v -223.000000 7.984808 6.173647
v -223.000000 8.000000 6.000000
v -223.000000 7.984808 5.826352
v -223.000000 7.939693 5.657979
v -223.000000 7.866025 5.500000
v -223.000000 7.766045 5.357212
v -223.000000 7.642788 5.233955
v -223.000000 7.500000 5.133975
v -223.000000 7.342021 5.060307
v -223.000000 7.173648 5.015192
v -228.333344 7.000000 7.000000
v -225.666656 7.000000 7.000000
v -228.333344 7.173648 5.015192
v -225.666656 7.173648 5.015192
v -225.666656 7.000000 5.000000
v -228.333344 7.000000 5.000000
v -228.333344 7.342021 5.060307
v -225.666656 7.342021 5.060307
v -228.333344 7.500000 5.133975
v -225.666656 7.500000 5.133975
v -228.333344 7.642788 5.233955
v -225.666656 7.642788 5.233955
v -228.333344 7.766045 5.357212
v -225.666656 7.766045 5.357212
v -228.333344 7.866025 5.500000
v -225.666656 7.866025 5.500000
v -228.333344 7.939693 5.657979
v -225.666656 7.939693 5.657979
v -228.333344 7.984808 5.826352
v -225.666656 7.984808 5.826352
v -228.333344 8.000000 6.000000
v -225.666656 8.000000 6.000000
v -228.333344 7.984808 6.173647
v -225.666656 7.984808 6.173647
v -228.333344 7.939693 6.342020
v -225.666656 7.939693 6.342020
v -228.333344 7.866025 6.500000
v -225.666656 7.866025 6.500000
v -228.333344 7.766045 6.642787
v -225.666656 7.766045 6.642787
v -228.333344 7.642788 6.766044
v -225.666656 7.642788 6.766044
v -228.333344 7.500000 6.866024
v -225.666656 7.500000 6.866024
v -228.333344 7.342021 6.939692
v -225.666656 7.342021 6.939692
v -228.333344 7.173648 6.984807
v -225.666656 7.173648 6.984807
v -228.333344 6.826353 6.984807
v -225.666656 6.826353 6.984807
v -228.333344 6.657980 6.939692
v -225.666656 6.657980 6.939692
v -228.333344 6.500000 6.866024
v -225.666656 6.500000 6.866024
v -228.333344 6.357213 6.766044
v -225.666656 6.357213 6.766044
v -228.333344 6.233956 6.642787
v -225.666656 6.233956 6.642787
v -228.333344 6.133976 6.500000
v -225.666656 6.133976 6.500000
v -228.333344 6.060308 6.342020
v -225.666656 6.060308 6.342020
v -228.333344 6.015193 6.173647
v -225.666656 6.015193 6.173647
v -228.333344 6.000000 6.000000
v -225.666656 6.000000 6.000000
v -228.333344 6.015193 5.826352
v -225.666656 6.015193 5.826352
v -228.333344 6.060308 5.657979
v -225.666656 6.060308 5.657979
v -228.333344 6.133976 5.500000
v -225.666656 6.133976 5.500000
v -228.333344 6.233956 5.357212
v -225.666656 6.233956 5.357212
v -228.333344 6.357213 5.233955
v -225.666656 6.357213 5.233955
v -228.333344 6.500000 5.133975
v -225.666656 6.500000 5.133975
v -228.333344 6.657980 5.060307
v -225.666656 6.657980 5.060307
v -228.333344 6.826353 5.015192
v -225.666656 6.826353 5.015192
v -223.000000 17.888544 0.999999
v -223.000000 7.000000 0.999999
v -223.000000 6.994955 1.440328
v -223.000000 6.949893 1.878376
v -223.000000 6.865189 2.310511
v -223.000000 6.741542 2.733153
v -223.000000 6.579979 3.142802
v -223.000000 6.381837 3.536065
v -223.000000 6.148758 3.909682
v -223.000000 5.882673 4.260558
v -223.000000 5.585786 4.585785
v -223.000000 5.260559 4.882672
v -223.000000 4.909682 5.148757
v -223.000000 4.536066 5.381836
v -223.000000 4.142804 5.579978
v -223.000000 3.733154 5.741541
v -223.000000 3.310512 5.865189
v -223.000000 2.878376 5.949893
v -223.000000 2.440330 5.994955
v -223.000000 2.000000 6.000000
v -223.000000 2.000001 16.888544
v -223.000000 2.858629 16.771557
v -223.000000 3.710632 16.613382
v -223.000000 4.554036 16.414385
v -223.000000 5.386883 16.175026
v -223.000000 6.207246 15.895861
v -223.000000 7.013222 15.577536
v -223.000000 7.802944 15.220790
v -223.000000 8.574582 14.826450
v -223.000000 9.326346 14.395430
v -223.000000 10.056495 13.928727
v -223.000000 10.763336 13.427425
v -223.000000 11.445230 12.892685
v -223.000000 12.100600 12.325745
v -223.000000 12.727923 11.727921
v -223.000000 13.325747 11.100598
v -223.000000 13.892687 10.445229
v -223.000000 14.427427 9.763334
v -223.000000 14.928729 9.056493
v -223.000000 15.395432 8.326344
v -223.000000 15.826452 7.574580
v -223.000000 16.220791 6.802942
v -223.000000 16.577538 6.013219
v -223.000000 16.895861 5.207243
v -223.000000 17.175026 4.386880
v -223.000000 17.414385 3.554033
v -223.000000 17.613382 2.710629
v -223.000000 17.771557 1.858627
v -218.500000 17.888544 0.999999
v -218.500000 7.000000 0.999999
v -218.500000 6.994955 1.440328
v -218.500000 6.949893 1.878376
v -218.500000 6.865189 2.310511
v -218.500000 6.741542 2.733153
v -218.500000 6.579979 3.142802
v -218.500000 6.381837 3.536065
v -218.500000 6.148758 3.909682
v -218.500000 5.882673 4.260558
v -218.500000 5.585786 4.585785
v -218.500000 5.260559 4.882672
v -218.500000 4.909682 5.148757
v -218.500000 4.536066 5.381836
v -218.500000 4.142804 5.579978
v -218.500000 3.733154 5.741541
v -218.500000 3.310512 5.865189
v -218.500000 2.878376 5.949893
v -218.500000 2.440330 5.994955
v -218.500000 2.000000 6.000000
v -218.500000 2.000001 16.888544
v -218.500000 2.858629 16.771557
v -218.500000 3.710632 16.613382
v -218.500000 4.554036 16.414385
v -218.500000 5.386883 16.175026
v -218.500000 6.207246 15.895861
v -218.500000 7.013222 15.577536
v -218.500000 7.802944 15.220790
v -218.500000 8.574582 14.826450
v -218.500000 9.326346 14.395430
v -218.500000 10.056495 13.928727
v -218.500000 10.763336 13.427425
v -218.500000 11.445230 12.892685
v -218.500000 12.100600 12.325745
v -218.500000 12.727923 11.727921
v -218.500000 13.325747 11.100598
v -218.500000 13.892687 10.445229
v -218.500000 14.427427 9.763334
v -218.500000 14.928729 9.056493
v -218.500000 15.395432 8.326344
v -218.500000 15.826452 7.574580
v -218.500000 16.220791 6.802942
v -218.500000 16.577538 6.013219
v -218.500000 16.895861 5.207243
v -218.500000 17.175026 4.386880
v -218.500000 17.414385 3.554033
v -218.500000 17.613382 2.710629
v -218.500000 17.771557 1.858627
v -218.500000 7.000000 5.000000
v -218.500000 6.826353 5.015192
v -218.500000 6.657980 5.060307
v -218.500000 6.500000 5.133975
v -218.500000 6.357213 5.233955
v -218.500000 6.233956 5.357212
v -218.500000 6.133976 5.500000
v -218.500000 6.060308 5.657979
v -218.500000 6.015193 5.826352
v -218.500000 6.000000 6.000000
v -218.500000 6.015193 6.173647
v -218.500000 6.060308 6.342020
v -218.500000 6.133976 6.500000
v -218.500000 6.233956 6.642787
v -218.500000 6.357213 6.766044
v -218.500000 6.500000 6.866024
v -218.500000 6.657980 6.939692
v -218.500000 6.826353 6.984807
v -218.500000 7.000000 7.000000
v -218.500000 7.173648 6.984807
v -218.500000 7.342021 6.939692
v -218.500000 7.500000 6.866024
v -218.500000 7.642788 6.766044
v -218.500000 7.766045 6.642787
v -218.500000 7.866025 6.500000
v -218.500000 7.939693 6.342020
v -218.500000 7.984808 6.173647
v -218.500000 8.000000 6.000000
v -218.500000 7.984808 5.826352
v -218.500000 7.939693 5.657979
v -218.500000 7.866025 5.500000
v -218.500000 7.766045 5.357212
v -218.500000 7.642788 5.233955
v -218.500000 7.500000 5.133975
v -218.500000 7.342021 5.060307
v -218.500000 7.173648 5.015192
v -210.500000 7.000000 5.000000
v -210.500000 6.826353 5.015192
v -210.500000 6.657980 5.060307
v -210.500000 6.500000 5.133975
v -210.500000 6.357213 5.233955
v -210.500000 6.233956 5.357212
v -210.500000 6.133976 5.500000
v -210.500000 6.060308 5.657979
v -210.500000 6.015193 5.826352
v -210.500000 6.000000 6.000000
v -210.500000 6.015193 6.173647
v -210.500000 6.060308 6.342020
v -210.500000 6.133976 6.500000
v -210.500000 6.233956 6.642787
v -210.500000 6.357213 6.766044
v -210.500000 6.500000 6.866024
v -210.500000 6.657980 6.939692
v -210.500000 6.826353 6.984807
v -210.500000 7.000000 7.000000
v -210.500000 7.173648 6.984807
v -210.500000 7.342021 6.939692
v -210.500000 7.500000 6.866024
v -210.500000 7.642788 6.766044
v -210.500000 7.766045 6.642787
v -210.500000 7.866025 6.500000
v -210.500000 7.939693 6.342020
v -210.500000 7.984808 6.173647
v -210.500000 8.000000 6.000000
v -210.500000 7.984808 5.826352
v -210.500000 7.939693 5.657979
v -210.500000 7.866025 5.500000
v -210.500000 7.766045 5.357212
v -210.500000 7.642788 5.233955
v -210.500000 7.500000 5.133975
v -210.500000 7.342021 5.060307
v -210.500000 7.173648 5.015192
v -215.833344 7.000000 7.000000
v -213.166656 7.000000 7.000000
v -215.833344 7.173648 5.015192
v -213.166656 7.173648 5.015192
v -213.166656 7.000000 5.000000
v -215.833344 7.000000 5.000000
v -215.833344 7.342021 5.060307
v -213.166656 7.342021 5.060307
v -215.833344 7.500000 5.133975
v -213.166656 7.500000 5.133975
v -215.833344 7.642788 5.233955
v -213.166656 7.642788 5.233955
v -215.833344 7.766045 5.357212
v -213.166656 7.766045 5.357212
v -215.833344 7.866025 5.500000
v -213.166656 7.866025 5.500000
v -215.833344 7.939693 5.657979
v -213.166656 7.939693 5.657979
v -215.833344 7.984808 5.826352
v -213.166656 7.984808 5.826352
v -215.833344 8.000000 6.000000
v -213.166656 8.000000 6.000000
v -215.833344 7.984808 6.173647
v -213.166656 7.984808 6.173647
v -215.833344 7.939693 6.342020
v -213.166656 7.939693 6.342020
v -215.833344 7.866025 6.500000
v -213.166656 7.866025 6.500000
v -215.833344 7.766045 6.642787
v -213.166656 7.766045 6.642787
v -215.833344 7.642788 6.766044
v -213.166656 7.642788 6.766044
v -215.833344 7.500000 6.866024
v -213.166656 7.500000 6.866024
v -215.833344 7.342021 6.939692
v -213.166656 7.342021 6.939692
v -215.833344 7.173648 6.984807
v -213.166656 7.173648 6.984807
v -215.833344 6.826353 6.984807
v -213.166656 6.826353 6.984807
v -215.833344 6.657980 6.939692
v -213.166656 6.657980 6.939692
v -215.833344 6.500000 6.866024
v -213.166656 6.500000 6.866024
v -215.833344 6.357213 6.766044
v -213.166656 6.357213 6.766044
v -215.833344 6.233956 6.642787
v -213.166656 6.233956 6.642787
v -215.833344 6.133976 6.500000
v -213.166656 6.133976 6.500000
v -215.833344 6.060308 6.342020
v -213.166656 6.060308 6.342020
v -215.833344 6.015193 6.173647
v -213.166656 6.015193 6.173647
v -215.833344 6.000000 6.000000
v -213.166656 6.000000 6.000000
v -215.833344 6.015193 5.826352
v -213.166656 6.015193 5.826352
v -215.833344 6.060308 5.657979
v -213.166656 6.060308 5.657979
v -215.833344 6.133976 5.500000
v -213.166656 6.133976 5.500000
v -215.833344 6.233956 5.357212
v -213.166656 6.233956 5.357212
v -215.833344 6.357213 5.233955
v -213.166656 6.357213 5.233955
v -215.833344 6.500000 5.133975
v -213.166656 6.500000 5.133975
v -215.833344 6.657980 5.060307
v -213.166656 6.657980 5.060307
v -215.833344 6.826353 5.015192
v -213.166656 6.826353 5.015192
v -210.500000 17.888544 0.999999
v -210.500000 7.000000 0.999999
v -210.500000 6.994955 1.440328
v -210.500000 6.949893 1.878376
v -210.500000 6.865189 2.310511
v -210.500000 6.741542 2.733153
v -210.500000 6.579979 3.142802
v -210.500000 6.381837 3.536065
v -210.500000 6.148758 3.909682
v -210.500000 5.882673 4.260558
v -210.500000 5.585786 4.585785
v -210.500000 5.260559 4.882672
v -210.500000 4.909682 5.148757
v -210.500000 4.536066 5.381836
v -210.500000 4.142804 5.579978
v -210.500000 3.733154 5.741541
v -210.500000 3.310512 5.865189
v -210.500000 2.878376 5.949893
v -210.500000 2.440330 5.994955
v -210.500000 2.000000 6.000000
v -210.500000 2.000001 16.888544
v -210.500000 2.858629 16.771557
v -210.500000 3.710632 16.613382
v -210.500000 4.554036 16.414385
v -210.500000 5.386883 16.175026
v -210.500000 6.207246 15.895861
v -210.500000 7.013222 15.577536
v -210.500000 7.802944 15.220790
v -210.500000 8.574582 14.826450
v -210.500000 9.326346 14.395430
v -210.500000 10.056495 13.928727
v -210.500000 10.763336 13.427425
v -210.500000 11.445230 12.892685
v -210.500000 12.100600 12.325745
v -210.500000 12.727923 11.727921
v -210.500000 13.325747 11.100598
v -210.500000 13.892687 10.445229
v -210.500000 14.427427 9.763334
v -210.500000 14.928729 9.056493
v -210.500000 15.395432 8.326344
v -210.500000 15.826452 7.574580
v -210.500000 16.220791 6.802942
v -210.500000 16.577538 6.013219
v -210.500000 16.895861 5.207243
v -210.500000 17.175026 4.386880
v -210.500000 17.414385 3.554033
v -210.500000 17.613382 2.710629
v -210.500000 17.771557 1.858627
v -206.000000 17.888544 0.999999
v -206.000000 7.000000 0.999999
v -206.000000 6.994955 1.440328
v -206.000000 6.949893 1.878376
v -206.000000 6.865189 2.310511
v -206.000000 6.741542 2.733153
v -206.000000 6.579979 3.142802
v -206.000000 6.381837 3.536065
v -206.000000 6.148758 3.909682
v -206.000000 5.882673 4.260558
v -206.000000 5.585786 4.585785
v -206.000000 5.260559 4.882672
v -206.000000 4.909682 5.148757
v -206.000000 4.536066 5.381836
v -206.000000 4.142804 5.579978
v -206.000000 3.733154 5.741541
v -206.000000 3.310512 5.865189
v -206.000000 2.878376 5.949893
v -206.000000 2.440330 5.994955
v -206.000000 2.000000 6.000000
v -206.000000 2.000001 16.888544
v -206.000000 2.858629 16.771557
v -206.000000 3.710632 16.613382
v -206.000000 4.554036 16.414385
v -206.000000 5.386883 16.175026
v -206.000000 6.207246 15.895861
v -206.000000 7.013222 15.577536
v -206.000000 7.802944 15.220790
v -206.000000 8.574582 14.826450
v -206.000000 9.326346 14.395430
v -206.000000 10.056495 13.928727
v -206.000000 10.763336 13.427425
v -206.000000 11.445230 12.892685
v -206.000000 12.100600 12.325745
v -206.000000 12.727923 11.727921
v -206.000000 13.325747 11.100598
v -206.000000 13.892687 10.445229
v -206.000000 14.427427 9.763334
v -206.000000 14.928729 9.056493
v -206.000000 15.395432 8.326344
v -206.000000 15.826452 7.574580
v -206.000000 16.220791 6.802942
v -206.000000 16.577538 6.013219
v -206.000000 16.895861 5.207243
v -206.000000 17.175026 4.386880
v -206.000000 17.414385 3.554033
v -206.000000 17.613382 2.710629
v -206.000000 17.771557 1.858627
v -206.000000 7.000000 5.000000
v -206.000000 6.826353 5.015192
v -206.000000 6.657980 5.060307
v -206.000000 6.500000 5.133975
v -206.000000 6.357213 5.233955
v -206.000000 6.233956 5.357212
v -206.000000 6.133976 5.500000
v -206.000000 6.060308 5.657979
v -206.000000 6.015193 5.826352
v -206.000000 6.000000 6.000000
v -206.000000 6.015193 6.173647
v -206.000000 6.060308 6.342020
v -206.000000 6.133976 6.500000
v -206.000000 6.233956 6.642787
v -206.000000 6.357213 6.766044
v -206.000000 6.500000 6.866024
v -206.000000 6.657980 6.939692
v -206.000000 6.826353 6.984807
v -206.000000 7.000000 7.000000
v -206.000000 7.173648 6.984807
v -206.000000 7.342021 6.939692
v -206.000000 7.500000 6.866024
v -206.000000 7.642788 6.766044
v -206.000000 7.766045 6.642787
v -206.000000 7.866025 6.500000
v -206.000000 7.939693 6.342020
v -206.000000 7.984808 6.173647
v -206.000000 8.000000 6.000000
v -206.000000 7.984808 5.826352
v -206.000000 7.939693 5.657979
v -206.000000 7.866025 5.500000
v -206.000000 7.766045 5.357212
v -206.000000 7.642788 5.233955
v -206.000000 7.500000 5.133975
v -206.000000 7.342021 5.060307
v -206.000000 7.173648 5.015192
v -198.000000 7.000000 5.000000
v -198.000000 6.826353 5.015192
v -198.000000 6.657980 5.060307
v -198.000000 6.500000 5.133975
v -198.000000 6.357213 5.233955
v -198.000000 6.233956 5.357212
v -198.000000 6.133976 5.500000
v -198.000000 6.060308 5.657979
v -198.000000 6.015193 5.826352
v -198.000000 6.000000 6.000000
v -198.000000 6.015193 6.173647
v -198.000000 6.060308 6.342020
v -198.000000 6.133976 6.500000
v -198.000000 6.233956 6.642787
v -198.000000 6.357213 6.766044
v -198.000000 6.500000 6.866024
v -198.000000 6.657980 6.939692
v -198.000000 6.826353 6.984807
v -198.000000 7.000000 7.000000
v -198.000000 7.173648 6.984807
v -198.000000 7.342021 6.939692
v -198.000000 7.500000 6.866024
v -198.000000 7.642788 6.766044
v -198.000000 7.766045 6.642787
v -198.000000 7.866025 6.500000
v -198.000000 7.939693 6.342020
v -198.000000 7.984808 6.173647
v -198.000000 8.000000 6.000000
v -198.000000 7.984808 5.826352
v -198.000000 7.939693 5.657979
v -198.000000 7.866025 5.500000
v -198.000000 7.766045 5.357212
v -198.000000 7.642788 5.233955
v -198.000000 7.500000 5.133975
v -198.000000 7.342021 5.060307
v -198.000000 7.173648 5.015192
v -203.333344 7.000000 7.000000
v -200.666656 7.000000 7.000000
v -203.333344 7.173648 5.015192
v -200.666656 7.173648 5.015192
v -200.666656 7.000000 5.000000
v -203.333344 7.000000 5.000000
v -203.333344 7.342021 5.060307
v -200.666656 7.342021 5.060307
v -203.333344 7.500000 5.133975
v -200.666656 7.500000 5.133975
v -203.333344 7.642788 5.233955
v -200.666656 7.642788 5.233955
v -203.333344 7.766045 5.357212
v -200.666656 7.766045 5.357212
v -203.333344 7.866025 5.500000
v -200.666656 7.866025 5.500000
v -203.333344 7.939693 5.657979
v -200.666656 7.939693 5.657979
v -203.333344 7.984808 5.826352
v -200.666656 7.984808 5.826352
v -203.333344 8.000000 6.000000
v -200.666656 8.000000 6.000000
v -203.333344 7.984808 6.173647
v -200.666656 7.984808 6.173647
v -203.333344 7.939693 6.342020
v -200.666656 7.939693 6.342020
v -203.333344 7.866025 6.500000
v -200.666656 7.866025 6.500000
v -203.333344 7.766045 6.642787
v -200.666656 7.766045 6.642787
v -203.333344 7.642788 6.766044
v -200.666656 7.642788 6.766044
v -203.333344 7.500000 6.866024
v -200.666656 7.500000 6.866024
v -203.333344 7.342021 6.939692
v -200.666656 7.342021 6.939692
v -203.333344 7.173648 6.984807
v -200.666656 7.173648 6.984807
v -203.333344 6.826353 6.984807
v -200.666656 6.826353 6.984807
v -203.333344 6.657980 6.939692
v -200.666656 6.657980 6.939692
v -203.333344 6.500000 6.866024
v -200.666656 6.500000 6.866024
v -203.333344 6.357213 6.766044
v -200.666656 6.357213 6.766044
v -203.333344 6.233956 6.642787
v -200.666656 6.233956 6.642787
v -203.333344 6.133976 6.500000
v -200.666656 6.133976 6.500000
v -203.333344 6.060308 6.342020
v -200.666656 6.060308 6.342020
v -203.333344 6.015193 6.173647
v -200.666656 6.015193 6.173647
v -203.333344 6.000000 6.000000
v -200.666656 6.000000 6.000000
v -203.333344 6.015193 5.826352
v -200.666656 6.015193 5.826352
v -203.333344 6.060308 5.657979
v -200.666656 6.060308 5.657979
v -203.333344 6.133976 5.500000
v -200.666656 6.133976 5.500000
v -203.333344 6.233956 5.357212
v -200.666656 6.233956 5.357212
v -203.333344 6.357213 5.233955
v -200.666656 6.357213 5.233955
v -203.333344 6.500000 5.133975
v -200.666656 6.500000 5.133975
v -203.333344 6.657980 5.060307
v -200.666656 6.657980 5.060307
v -203.333344 6.826353 5.015192
v -200.666656 6.826353 5.015192
v -198.000000 17.888544 0.999999
v -198.000000 7.000000 0.999999
v -198.000000 6.994955 1.440328
v -198.000000 6.949893 1.878376
v -198.000000 6.865189 2.310511
v -198.000000 6.741542 2.733153
v -198.000000 6.579979 3.142802
v -198.000000 6.381837 3.536065
v -198.000000 6.148758 3.909682
v -198.000000 5.882673 4.260558
v -198.000000 5.585786 4.585785
v -198.000000 5.260559 4.882672
v -198.000000 4.909682 5.148757
v -198.000000 4.536066 5.381836
v -198.000000 4.142804 5.579978
v -198.000000 3.733154 5.741541
v -198.000000 3.310512 5.865189
v -198.000000 2.878376 5.949893
v -198.000000 2.440330 5.994955
v -198.000000 2.000000 6.000000
v -198.000000 2.000001 16.888544
v -198.000000 2.858629 16.771557
v -198.000000 3.710632 16.613382
v -198.000000 4.554036 16.414385
v -198.000000 5.386883 16.175026
v -198.000000 6.207246 15.895861
v -198.000000 7.013222 15.577536
v -198.000000 7.802944 15.220790
v -198.000000 8.574582 14.826450
v -198.000000 9.326346 14.395430
v -198.000000 10.056495 13.928727
v -198.000000 10.763336 13.427425
v -198.000000 11.445230 12.892685
v -198.000000 12.100600 12.325745
v -198.000000 12.727923 11.727921
v -198.000000 13.325747 11.100598
v -198.000000 13.892687 10.445229
v -198.000000 14.427427 9.763334
v -198.000000 14.928729 9.056493
v -198.000000 15.395432 8.326344
v -198.000000 15.826452 7.574580
v -198.000000 16.220791 6.802942
v -198.000000 16.577538 6.013219
v -198.000000 16.895861 5.207243
v -198.000000 17.175026 4.386880
v -198.000000 17.414385 3.554033
v -198.000000 17.613382 2.710629
v -198.000000 17.771557 1.858627
v -193.500000 17.888544 0.999999
v -193.500000 7.000000 0.999999
v -193.500000 6.994955 1.440328
v -193.500000 6.949893 1.878376
v -193.500000 6.865189 2.310511
v -193.500000 6.741542 2.733153
v -193.500000 6.579979 3.142802
v -193.500000 6.381837 3.536065
v -193.500000 6.148758 3.909682
v -193.500000 5.882673 4.260558
v -193.500000 5.585786 4.585785
v -193.500000 5.260559 4.882672
v -193.500000 4.909682 5.148757
v -193.500000 4.536066 5.381836
v -193.500000 4.142804 5.579978
v -193.500000 3.733154 5.741541
v -193.500000 3.310512 5.865189
v -193.500000 2.878376 5.949893
v -193.500000 2.440330 5.994955
v -193.500000 2.000000 6.000000
v -193.500000 2.000001 16.888544
v -193.500000 2.858629 16.771557
v -193.500000 3.710632 16.613382
v -193.500000 4.554036 16.414385
v -193.500000 5.386883 16.175026
v -193.500000 6.207246 15.895861
v -193.500000 7.013222 15.577536
v -193.500000 7.802944 15.220790
v -193.500000 8.574582 14.826450
v -193.500000 9.326346 14.395430
v -193.500000 10.056495 13.928727
v -193.500000 10.763336 13.427425
v -193.500000 11.445230 12.892685
v -193.500000 12.100600 12.325745
v -193.500000 12.727923 11.727921
v -193.500000 13.325747 11.100598
v -193.500000 13.892687 10.445229
v -193.500000 14.427427 9.763334
v -193.500000 14.928729 9.056493
v -193.500000 15.395432 8.326344
v -193.500000 15.826452 7.574580
v -193.500000 16.220791 6.802942
v -193.500000 16.577538 6.013219
v -193.500000 16.895861 5.207243
v -193.500000 17.175026 4.386880
v -193.500000 17.414385 3.554033
v -193.500000 17.613382 2.710629
v -193.500000 17.771557 1.858627
v -193.500000 7.000000 5.000000
v -193.500000 6.826353 5.015192
v -193.500000 6.657980 5.060307
v -193.500000 6.500000 5.133975
v -193.500000 6.357213 5.233955
v -193.500000 6.233956 5.357212
v -193.500000 6.133976 5.500000
v -193.500000 6.060308 5.657979
v -193.500000 6.015193 5.826352
v -193.500000 6.000000 6.000000
v -193.500000 6.015193 6.173647
v -193.500000 6.060308 6.342020
v -193.500000 6.133976 6.500000
v -193.500000 6.233956 6.642787
v -193.500000 6.357213 6.766044
v -193.500000 6.500000 6.866024
v -193.500000 6.657980 6.939692
v -193.500000 6.826353 6.984807
v -193.500000 7.000000 7.000000
v -193.500000 7.173648 6.984807
v -193.500000 7.342021 6.939692
v -193.500000 7.500000 6.866024
v -193.500000 7.642788 6.766044
v -193.500000 7.766045 6.642787
v -193.500000 7.866025 6.500000
v -193.500000 7.939693 6.342020
v -193.500000 7.984808 6.173647
v -193.500000 8.000000 6.000000
v -193.500000 7.984808 5.826352
v -193.500000 7.939693 5.657979
v -193.500000 7.866025 5.500000
v -193.500000 7.766045 5.357212
v -193.500000 7.642788 5.233955
v -193.500000 7.500000 5.133975
v -193.500000 7.342021 5.060307
v -193.500000 7.173648 5.015192
v -185.500000 7.000000 5.000000
v -185.500000 6.826353 5.015192
v -185.500000 6.657980 5.060307
v -185.500000 6.500000 5.133975
v -185.500000 6.357213 5.233955
v -185.500000 6.233956 5.357212
v -185.500000 6.133976 5.500000
v -185.500000 6.060308 5.657979
v -185.500000 6.015193 5.826352
v -185.500000 6.000000 6.000000
v -185.500000 6.015193 6.173647
v -185.500000 6.060308 6.342020
v -185.500000 6.133976 6.500000
v -185.500000 6.233956 6.642787
v -185.500000 6.357213 6.766044
v -185.500000 6.500000 6.866024
v -185.500000 6.657980 6.939692
v -185.500000 6.826353 6.984807
v -185.500000 7.000000 7.000000
v -185.500000 7.173648 6.984807
v -185.500000 7.342021 6.939692
v -185.500000 7.500000 6.866024
v -185.500000 7.642788 6.766044
v -185.500000 7.766045 6.642787
v -185.500000 7.866025 6.500000
v -185.500000 7.939693 6.342020
v -185.500000 7.984808 6.173647
v -185.500000 8.000000 6.000000
v -185.500000 7.984808 5.826352
v -185.500000 7.939693 5.657979
v -185.500000 7.866025 5.500000
v -185.500000 7.766045 5.357212
v -185.500000 7.642788 5.233955
v -185.500000 7.500000 5.133975
v -185.500000 7.342021 5.060307
v -185.500000 7.173648 5.015192
v -190.833344 7.000000 7.000000
v -188.166656 7.000000 7.000000
v -190.833344 7.173648 5.015192
v -188.166656 7.173648 5.015192
v -188.166656 7.000000 5.000000
v -190.833344 7.000000 5.000000
v -190.833344 7.342021 5.060307
v -188.166656 7.342021 5.060307
v -190.833344 7.500000 5.133975
v -188.166656 7.500000 5.133975
v -190.833344 7.642788 5.233955
v -188.166656 7.642788 5.233955
v -190.833344 7.766045 5.357212
v -188.166656 7.766045 5.357212
v -190.833344 7.866025 5.500000
v -188.166656 7.866025 5.500000
v -190.833344 7.939693 5.657979
v -188.166656 7.939693 5.657979
v -190.833344 7.984808 5.826352
v -188.166656 7.984808 5.826352
v -190.833344 8.000000 6.000000
v -188.166656 8.000000 6.000000
v -190.833344 7.984808 6.173647
v -188.166656 7.984808 6.173647
v -190.833344 7.939693 6.342020
v -188.166656 7.939693 6.342020
v -190.833344 7.866025 6.500000
v -188.166656 7.866025 6.500000
v -190.833344 7.766045 6.642787
v -188.166656 7.766045 6.642787
v -190.833344 7.642788 6.766044
v -188.166656 7.642788 6.766044
v -190.833344 7.500000 6.866024
v -188.166656 7.500000 6.866024
v -190.833344 7.342021 6.939692
v -188.166656 7.342021 6.939692
v -190.833344 7.173648 6.984807
v -188.166656 7.173648 6.984807
v -190.833344 6.826353 6.984807
v -188.166656 6.826353 6.984807
v -190.833344 6.657980 6.939692
v -188.166656 6.657980 6.939692
v -190.833344 6.500000 6.866024
v -188.166656 6.500000 6.866024
v -190.833344 6.357213 6.766044
v -188.166656 6.357213 6.766044
v -190.833344 6.233956 6.642787
v -188.166656 6.233956 6.642787
v -190.833344 6.133976 6.500000
v -188.166656 6.133976 6.500000
v -190.833344 6.060308 6.342020
v -188.166656 6.060308 6.342020
v -190.833344 6.015193 6.173647
v -188.166656 6.015193 6.173647
v -190.833344 6.000000 6.000000
v -188.166656 6.000000 6.000000
v -190.833344 6.015193 5.826352
v -188.166656 6.015193 5.826352
v -190.833344 6.060308 5.657979
v -188.166656 6.060308 5.657979
v -190.833344 6.133976 5.500000
v -188.166656 6.133976 5.500000
v -190.833344 6.233956 5.357212
v -188.166656 6.233956 5.357212
v -190.833344 6.357213 5.233955
v -188.166656 6.357213 5.233955
v -190.833344 6.500000 5.133975
v -188.166656 6.500000 5.133975
v -190.833344 6.657980 5.060307
v -188.166656 6.657980 5.060307
v -190.833344 6.826353 5.015192
v -188.166656 6.826353 5.015192
v -185.500000 17.888544 0.999999
v -185.500000 7.000000 0.999999
v -185.500000 6.994955 1.440328
v -185.500000 6.949893 1.878376
v -185.500000 6.865189 2.310511
v -185.500000 6.741542 2.733153
v -185.500000 6.579979 3.142802
v -185.500000 6.381837 3.536065
v -185.500000 6.148758 3.909682
v -185.500000 5.882673 4.260558
v -185.500000 5.585786 4.585785
v -185.500000 5.260559 4.882672
v -185.500000 4.909682 5.148757
v -185.500000 4.536066 5.381836
v -185.500000 4.142804 5.579978
v -185.500000 3.733154 5.741541
v -185.500000 3.310512 5.865189
v -185.500000 2.878376 5.949893
v -185.500000 2.440330 5.994955
v -185.500000 2.000000 6.000000
v -185.500000 2.000001 16.888544
v -185.500000 2.858629 16.771557
v -185.500000 3.710632 16.613382
v -185.500000 4.554036 16.414385
v -185.500000 5.386883 16.175026
v -185.500000 6.207246 15.895861
v -185.500000 7.013222 15.577536
v -185.500000 7.802944 15.220790
v -185.500000 8.574582 14.826450
v -185.500000 9.326346 14.395430
v -185.500000 10.056495 13.928727
v -185.500000 10.763336 13.427425
v -185.500000 11.445230 12.892685
v -185.500000 12.100600 12.325745
v -185.500000 12.727923 11.727921
v -185.500000 13.325747 11.100598
v -185.500000 13.892687 10.445229
v -185.500000 14.427427 9.763334
v -185.500000 14.928729 9.056493
v -185.500000 15.395432 8.326344
v -185.500000 15.826452 7.574580
v -185.500000 16.220791 6.802942
v -185.500000 16.577538 6.013219
v -185.500000 16.895861 5.207243
v -185.500000 17.175026 4.386880
v -185.500000 17.414385 3.554033
v -185.500000 17.613382 2.710629
v -185.500000 17.771557 1.858627
v -181.000000 17.888544 0.999999
v -181.000000 7.000000 0.999999
v -181.000000 6.994955 1.440328
v -181.000000 6.949893 1.878376
v -181.000000 6.865189 2.310511
v -181.000000 6.741542 2.733153
v -181.000000 6.579979 3.142802
v -181.000000 6.381837 3.536065
v -181.000000 6.148758 3.909682
v -181.000000 5.882673 4.260558
v -181.000000 5.585786 4.585785
v -181.000000 5.260559 4.882672
v -181.000000 4.909682 5.148757
v -181.000000 4.536066 5.381836
v -181.000000 4.142804 5.579978
v -181.000000 3.733154 5.741541
v -181.000000 3.310512 5.865189
v -181.000000 2.878376 5.949893
v -181.000000 2.440330 5.994955
v -181.000000 2.000000 6.000000
v -181.000000 2.000001 16.888544
v -181.000000 2.858629 16.771557
v -181.000000 3.710632 16.613382
v -181.000000 4.554036 16.414385
v -181.000000 5.386883 16.175026
v -181.000000 6.207246 15.895861
v -181.000000 7.013222 15.577536
v -181.000000 7.802944 15.220790
v -181.000000 8.574582 14.826450
v -181.000000 9.326346 14.395430
v -181.000000 10.056495 13.928727
v -181.000000 10.763336 13.427425
v -181.000000 11.445230 12.892685
v -181.000000 12.100600 12.325745
v -181.000000 12.727923 11.727921
v -181.000000 13.325747 11.100598
v -181.000000 13.892687 10.445229
v -181.000000 14.427427 9.763334
v -181.000000 14.928729 9.056493
v -181.000000 15.395432 8.326344
v -181.000000 15.826452 7.574580
v -181.000000 16.220791 6.802942
v -181.000000 16.577538 6.013219
v -181.000000 16.895861 5.207243
v -181.000000 17.175026 4.386880
v -181.000000 17.414385 3.554033
v -181.000000 17.613382 2.710629
v -181.000000 17.771557 1.858627
v -181.000000 7.000000 5.000000
v -181.000000 6.826353 5.015192
v -181.000000 6.657980 5.060307
v -181.000000 6.500000 5.133975
v -181.000000 6.357213 5.233955
v -181.000000 6.233956 5.357212
v -181.000000 6.133976 5.500000
v -181.000000 6.060308 5.657979
v -181.000000 6.015193 5.826352
v -181.000000 6.000000 6.000000
v -181.000000 6.015193 6.173647
v -181.000000 6.060308 6.342020
v -181.000000 6.133976 6.500000
v -181.000000 6.233956 6.642787
v -181.000000 6.357213 6.766044
v -181.000000 6.500000 6.866024
v -181.000000 6.657980 6.939692
v -181.000000 6.826353 6.984807
v -181.000000 7.000000 7.000000
v -181.000000 7.173648 6.984807
v -181.000000 7.342021 6.939692
v -181.000000 7.500000 6.866024
v -181.000000 7.642788 6.766044
v -181.000000 7.766045 6.642787
v -181.000000 7.866025 6.500000
v -181.000000 7.939693 6.342020
v -181.000000 7.984808 6.173647
v -181.000000 8.000000 6.000000
v -181.000000 7.984808 5.826352
v -181.000000 7.939693 5.657979
v -181.000000 7.866025 5.500000
v -181.000000 7.766045 5.357212
v -181.000000 7.642788 5.233955
v -181.000000 7.500000 5.133975
v -181.000000 7.342021 5.060307
v -181.000000 7.173648 5.015192
v -173.000000 7.000000 5.000000
v -173.000000 6.826353 5.015192
v -173.000000 6.657980 5.060307
v -173.000000 6.500000 5.133975
v -173.000000 6.357213 5.233955
v -173.000000 6.233956 5.357212
v -173.000000 6.133976 5.500000
v -173.000000 6.060308 5.657979
v -173.000000 6.015193 5.826352
v -173.000000 6.000000 6.000000
v -173.000000 6.015193 6.173647
v -173.000000 6.060308 6.342020
v -173.000000 6.133976 6.500000
v -173.000000 6.233956 6.642787
v -173.000000 6.357213 6.766044
v -173.000000 6.500000 6.866024
v -173.000000 6.657980 6.939692
v -173.000000 6.826353 6.984807
v -173.000000 7.000000 7.000000
v -173.000000 7.173648 6.984807
v -173.000000 7.342021 6.939692
v -173.000000 7.500000 6.866024
v -173.000000 7.642788 6.766044
v -173.000000 7.766045 6.642787
v -173.000000 7.866025 6.500000
v -173.000000 7.939693 6.342020
v -173.000000 7.984808 6.173647
v -173.000000 8.000000 6.000000
v -173.000000 7.984808 5.826352
v -173.000000 7.939693 5.657979
v -173.000000 7.866025 5.500000
v -173.000000 7.766045 5.357212
v -173.000000 7.642788 5.233955
v -173.000000 7.500000 5.133975
v -173.000000 7.342021 5.060307
v -173.000000 7.173648 5.015192
v -178.333328 7.000000 7.000000
v -175.666672 7.000000 7.000000
v -178.333328 7.173648 5.015192
v -175.666672 7.173648 5.015192
v -175.666672 7.000000 5.000000
v -178.333328 7.000000 5.000000
v -178.333328 7.342021 5.060307
v -175.666672 7.342021 5.060307
v -178.333328 7.500000 5.133975
v -175.666672 7.500000 5.133975
v -178.333328 7.642788 5.233955
v -175.666672 7.642788 5.233955
v -178.333328 7.766045 5.357212
v -175.666672 7.766045 5.357212
v -178.333328 7.866025 5.500000
v -175.666672 7.866025 5.500000
v -178.333328 7.939693 5.657979
v -175.666672 7.939693 5.657979
v -178.333328 7.984808 5.826352
v -175.666672 7.984808 5.826352
v -178.333328 8.000000 6.000000
v -175.666672 8.000000 6.000000
v -178.333328 7.984808 6.173647
v -175.666672 7.984808 6.173647
v -178.333328 7.939693 6.342020
v -175.666672 7.939693 6.342020
v -178.333328 7.866025 6.500000
v -175.666672 7.866025 6.500000
v -178.333328 7.766045 6.642787
v -175.666672 7.766045 6.642787
v -178.333328 7.642788 6.766044
v -175.666672 7.642788 6.766044
v -178.333328 7.500000 6.866024
v -175.666672 7.500000 6.866024
v -178.333328 7.342021 6.939692
v -175.666672 7.342021 6.939692
v -178.333328 7.173648 6.984807
v -175.666672 7.173648 6.984807
v -178.333328 6.826353 6.984807
v -175.666672 6.826353 6.984807
v -178.333328 6.657980 6.939692
v -175.666672 6.657980 6.939692
v -178.333328 6.500000 6.866024
v -175.666672 6.500000 6.866024
v -178.333328 6.357213 6.766044
v -175.666672 6.357213 6.766044
v -178.333328 6.233956 6.642787
v -175.666672 6.233956 6.642787
v -178.333328 6.133976 6.500000
v -175.666672 6.133976 6.500000
v -178.333328 6.060308 6.342020
v -175.666672 6.060308 6.342020
v -178.333328 6.015193 6.173647
v -175.666672 6.015193 6.173647
v -178.333328 6.000000 6.000000
v -175.666672 6.000000 6.000000
v -178.333328 6.015193 5.826352
v -175.666672 6.015193 5.826352
v -178.333328 6.060308 5.657979
v -175.666672 6.060308 5.657979
v -178.333328 6.133976 5.500000
v -175.666672 6.133976 5.500000
v -178.333328 6.233956 5.357212
v -175.666672 6.233956 5.357212
v -178.333328 6.357213 5.233955
v -175.666672 6.357213 5.233955
v -178.333328 6.500000 5.133975
v -175.666672 6.500000 5.133975
v -178.333328 6.657980 5.060307
v -175.666672 6.657980 5.060307
v -178.333328 6.826353 5.015192
v -175.666672 6.826353 5.015192
v -173.000000 17.888544 0.999999
v -173.000000 7.000000 0.999999
v -173.000000 6.994955 1.440328
v -173.000000 6.949893 1.878376
v -173.000000 6.865189 2.310511
v -173.000000 6.741542 2.733153
v -173.000000 6.579979 3.142802
v -173.000000 6.381837 3.536065
v -173.000000 6.148758 3.909682
v -173.000000 5.882673 4.260558
v -173.000000 5.585786 4.585785
v -173.000000 5.260559 4.882672
v -173.000000 4.909682 5.148757
v -173.000000 4.536066 5.381836
v -173.000000 4.142804 5.579978
v -173.000000 3.733154 5.741541
v -173.000000 3.310512 5.865189
v -173.000000 2.878376 5.949893
v -173.000000 2.440330 5.994955
v -173.000000 2.000000 6.000000
v -173.000000 2.000001 16.888544
v -173.000000 2.858629 16.771557
v -173.000000 3.710632 16.613382
v -173.000000 4.554036 16.414385
v -173.000000 5.386883 16.175026
v -173.000000 6.207246 15.895861
v -173.000000 7.013222 15.577536
v -173.000000 7.802944 15.220790
v -173.000000 8.574582 14.826450
v -173.000000 9.326346 14.395430
v -173.000000 10.056495 13.928727
v -173.000000 10.763336 13.427425
v -173.000000 11.445230 12.892685
v -173.000000 12.100600 12.325745
v -173.000000 12.727923 11.727921
v -173.000000 13.325747 11.100598
v -173.000000 13.892687 10.445229
v -173.000000 14.427427 9.763334
v -173.000000 14.928729 9.056493
v -173.000000 15.395432 8.326344
v -173.000000 15.826452 7.574580
v -173.000000 16.220791 6.802942
v -173.000000 16.577538 6.013219
v -173.000000 16.895861 5.207243
v -173.000000 17.175026 4.386880
v -173.000000 17.414385 3.554033
v -173.000000 17.613382 2.710629
v -173.000000 17.771557 1.858627
v -168.500000 17.888544 0.999999
v -168.500000 7.000000 0.999999
v -168.500000 6.994955 1.440328
v -168.500000 6.949893 1.878376
v -168.500000 6.865189 2.310511
v -168.500000 6.741542 2.733153
v -168.500000 6.579979 3.142802
v -168.500000 6.381837 3.536065
v -168.500000 6.148758 3.909682
v -168.500000 5.882673 4.260558
v -168.500000 5.585786 4.585785
v -168.500000 5.260559 4.882672
v -168.500000 4.909682 5.148757
v -168.500000 4.536066 5.381836
v -168.500000 4.142804 5.579978
v -168.500000 3.733154 5.741541
v -168.500000 3.310512 5.865189
v -168.500000 2.878376 5.949893
v -168.500000 2.440330 5.994955
v -168.500000 2.000000 6.000000
v -168.500000 2.000001 16.888544
v -168.500000 2.858629 16.771557
v -168.500000 3.710632 16.613382
v -168.500000 4.554036 16.414385
v -168.500000 5.386883 16.175026
v -168.500000 6.207246 15.895861
v -168.500000 7.013222 15.577536
v -168.500000 7.802944 15.220790
v -168.500000 8.574582 14.826450
v -168.500000 9.326346 14.395430
v -168.500000 10.056495 13.928727
v -168.500000 10.763336 13.427425
v -168.500000 11.445230 12.892685
v -168.500000 12.100600 12.325745
v -168.500000 12.727923 11.727921
v -168.500000 13.325747 11.100598
v -168.500000 13.892687 10.445229
v -168.500000 14.427427 9.763334
v -168.500000 14.928729 9.056493
v -168.500000 15.395432 8.326344
v -168.500000 15.826452 7.574580
v -168.500000 16.220791 6.802942
v -168.500000 16.577538 6.013219
v -168.500000 16.895861 5.207243
v -168.500000 17.175026 4.386880
v -168.500000 17.414385 3.554033
v -168.500000 17.613382 2.710629
v -168.500000 17.771557 1.858627
v -168.500000 7.000000 5.000000
v -168.500000 6.826353 5.015192
v -168.500000 6.657980 5.060307
v -168.500000 6.500000 5.133975
v -168.500000 6.357213 5.233955
v -168.500000 6.233956 5.357212
v -168.500000 6.133976 5.500000
v -168.500000 6.060308 5.657979
v -168.500000 6.015193 5.826352
v -168.500000 6.000000 6.000000
v -168.500000 6.015193 6.173647
v -168.500000 6.060308 6.342020
v -168.500000 6.133976 6.500000
v -168.500000 6.233956 6.642787
v -168.500000 6.357213 6.766044
v -168.500000 6.500000 6.866024
v -168.500000 6.657980 6.939692
v -168.500000 6.826353 6.984807
v -168.500000 7.000000 7.000000
v -168.500000 7.173648 6.984807
v -168.500000 7.342021 6.939692
v -168.500000 7.500000 6.866024
v -168.500000 7.642788 6.766044
v -168.500000 7.766045 6.642787
v -168.500000 7.866025 6.500000
v -168.500000 7.939693 6.342020
v -168.500000 7.984808 6.173647
v -168.500000 8.000000 6.000000
v -168.500000 7.984808 5.826352
v -168.500000 7.939693 5.657979
v -168.500000 7.866025 5.500000
v -168.500000 7.766045 5.357212
v -168.500000 7.642788 5.233955
v -168.500000 7.500000 5.133975
v -168.500000 7.342021 5.060307
v -168.500000 7.173648 5.015192
v -160.500000 7.000000 5.000000
v -160.500000 6.826353 5.015192
v -160.500000 6.657980 5.060307
v -160.500000 6.500000 5.133975
v -160.500000 6.357213 5.233955
v -160.500000 6.233956 5.357212
v -160.500000 6.133976 5.500000
v -160.500000 6.060308 5.657979
v -160.500000 6.015193 5.826352
v -160.500000 6.000000 6.000000
v -160.500000 6.015193 6.173647
v -160.500000 6.060308 6.342020
v -160.500000 6.133976 6.500000
v -160.500000 6.233956 6.642787
v -160.500000 6.357213 6.766044
v -160.500000 6.500000 6.866024
v -160.500000 6.657980 6.939692
v -160.500000 6.826353 6.984807
v -160.500000 7.000000 7.000000
v -160.500000 7.173648 6.984807
v -160.500000 7.342021 6.939692
v -160.500000 7.500000 6.866024
v -160.500000 7.642788 6.766044
v -160.500000 7.766045 6.642787
v -160.500000 7.866025 6.500000
v -160.500000 7.939693 6.342020
v -160.500000 7.984808 6.173647
v -160.500000 8.000000 6.000000
v -160.500000 7.984808 5.826352
v -160.500000 7.939693 5.657979
v -160.500000 7.866025 5.500000
v -160.500000 7.766045 5.357212
v -160.500000 7.642788 5.233955
v -160.500000 7.500000 5.133975
v -160.500000 7.342021 5.060307
v -160.500000 7.173648 5.015192
v -165.833328 7.000000 7.000000
v -163.166672 7.000000 7.000000
v -165.833328 7.173648 5.015192
v -163.166672 7.173648 5.015192
v -163.166672 7.000000 5.000000
v -165.833328 7.000000 5.000000
v -165.833328 7.342021 5.060307
v -163.166672 7.342021 5.060307
v -165.833328 7.500000 5.133975
v -163.166672 7.500000 5.133975
v -165.833328 7.642788 5.233955
v -163.166672 7.642788 5.233955
v -165.833328 7.766045 5.357212
v -163.166672 7.766045 5.357212
v -165.833328 7.866025 5.500000
v -163.166672 7.866025 5.500000
v -165.833328 7.939693 5.657979
v -163.166672 7.939693 5.657979
v -165.833328 7.984808 5.826352
v -163.166672 7.984808 5.826352
v -165.833328 8.000000 6.000000
v -163.166672 8.000000 6.000000
v -165.833328 7.984808 6.173647
v -163.166672 7.984808 6.173647
v -165.833328 7.939693 6.342020
v -163.166672 7.939693 6.342020
v -165.833328 7.866025 6.500000
v -163.166672 7.866025 6.500000
v -165.833328 7.766045 6.642787
v -163.166672 7.766045 6.642787
v -165.833328 7.642788 6.766044
v -163.166672 7.642788 6.766044
v -165.833328 7.500000 6.866024
v -163.166672 7.500000 6.866024
v -165.833328 7.342021 6.939692
v -163.166672 7.342021 6.939692
v -165.833328 7.173648 6.984807
v -163.166672 7.173648 6.984807
v -165.833328 6.826353 6.984807
v -163.166672 6.826353 6.984807
v -165.833328 6.657980 6.939692
v -163.166672 6.657980 6.939692
v -165.833328 6.500000 6.866024
v -163.166672 6.500000 6.866024
v -165.833328 6.357213 6.766044
v -163.166672 6.357213 6.766044
v -165.833328 6.233956 6.642787
v -163.166672 6.233956 6.642787
v -165.833328 6.133976 6.500000
v -163.166672 6.133976 6.500000
v -165.833328 6.060308 6.342020
v -163.166672 6.060308 6.342020
v -165.833328 6.015193 6.173647
v -163.166672 6.015193 6.173647
v -165.833328 6.000000 6.000000
v -163.166672 6.000000 6.000000
v -165.833328 6.015193 5.826352
v -163.166672 6.015193 5.826352
v -165.833328 6.060308 5.657979
v -163.166672 6.060308 5.657979
v -165.833328 6.133976 5.500000
v -163.166672 6.133976 5.500000
v -165.833328 6.233956 5.357212
v -163.166672 6.233956 5.357212
v -165.833328 6.357213 5.233955
v -163.166672 6.357213 5.233955
v -165.833328 6.500000 5.133975
v -163.166672 6.500000 5.133975
v -165.833328 6.657980 5.060307
v -163.166672 6.657980 5.060307
v -165.833328 6.826353 5.015192
v -163.166672 6.826353 5.015192
v -160.500000 17.888544 0.999999
v -160.500000 7.000000 0.999999
v -160.500000 6.994955 1.440328
v -160.500000 6.949893 1.878376
v -160.500000 6.865189 2.310511
v -160.500000 6.741542 2.733153
v -160.500000 6.579979 3.142802
v -160.500000 6.381837 3.536065
v -160.500000 6.148758 3.909682
v -160.500000 5.882673 4.260558
v -160.500000 5.585786 4.585785
v -160.500000 5.260559 4.882672
v -160.500000 4.909682 5.148757
v -160.500000 4.536066 5.381836
v -160.500000 4.142804 5.579978
v -160.500000 3.733154 5.741541
v -160.500000 3.310512 5.865189
v -160.500000 2.878376 5.949893
v -160.500000 2.440330 5.994955
v -160.500000 2.000000 6.000000
v -160.500000 2.000001 16.888544
v -160.500000 2.858629 16.771557
v -160.500000 3.710632 16.613382
v -160.500000 4.554036 16.414385
v -160.500000 5.386883 16.175026
v -160.500000 6.207246 15.895861
v -160.500000 7.013222 15.577536
v -160.500000 7.802944 15.220790
v -160.500000 8.574582 14.826450
v -160.500000 9.326346 14.395430
v -160.500000 10.056495 13.928727
v -160.500000 10.763336 13.427425
v -160.500000 11.445230 12.892685
v -160.500000 12.100600 12.325745
v -160.500000 12.727923 11.727921
v -160.500000 13.325747 11.100598
v -160.500000 13.892687 10.445229
v -160.500000 14.427427 9.763334
v -160.500000 14.928729 9.056493
v -160.500000 15.395432 8.326344
v -160.500000 15.826452 7.574580
v -160.500000 16.220791 6.802942
v -160.500000 16.577538 6.013219
v -160.500000 16.895861 5.207243
v -160.500000 17.175026 4.386880
v -160.500000 17.414385 3.554033
v -160.500000 17.613382 2.710629
v -160.500000 17.771557 1.858627
v -156.000000 17.888544 0.999999
v -156.000000 7.000000 0.999999
v -156.000000 6.994955 1.440328
v -156.000000 6.949893 1.878376
v -156.000000 6.865189 2.310511
v -156.000000 6.741542 2.733153
v -156.000000 6.579979 3.142802
v -156.000000 6.381837 3.536065
v -156.000000 6.148758 3.909682
v -156.000000 5.882673 4.260558
v -156.000000 5.585786 4.585785
v -156.000000 5.260559 4.882672
v -156.000000 4.909682 5.148757
v -156.000000 4.536066 5.381836
v -156.000000 4.142804 5.579978
v -156.000000 3.733154 5.741541
v -156.000000 3.310512 5.865189
v -156.000000 2.878376 5.949893
v -156.000000 2.440330 5.994955
v -156.000000 2.000000 6.000000
v -156.000000 2.000001 16.888544
v -156.000000 2.858629 16.771557
v -156.000000 3.710632 16.613382
v -156.000000 4.554036 16.414385
v -156.000000 5.386883 16.175026
v -156.000000 6.207246 15.895861
v -156.000000 7.013222 15.577536
v -156.000000 7.802944 15.220790
v -156.000000 8.574582 14.826450
v -156.000000 9.326346 14.395430
v -156.000000 10.056495 13.928727
v -156.000000 10.763336 13.427425
v -156.000000 11.445230 12.892685
v -156.000000 12.100600 12.325745
v -156.000000 12.727923 11.727921
v -156.000000 13.325747 11.100598
v -156.000000 13.892687 10.445229
v -156.000000 14.427427 9.763334
v -156.000000 14.928729 9.056493
v -156.000000 15.395432 8.326344
v -156.000000 15.826452 7.574580
v -156.000000 16.220791 6.802942
v -156.000000 16.577538 6.013219
v -156.000000 16.895861 5.207243
v -156.000000 17.175026 4.386880
v -156.000000 17.414385 3.554033
v -156.000000 17.613382 2.710629
v -156.000000 17.771557 1.858627
v -156.000000 7.000000 5.000000
v -156.000000 6.826353 5.015192
v -156.000000 6.657980 5.060307
v -156.000000 6.500000 5.133975
v -156.000000 6.357213 5.233955
v -156.000000 6.233956 5.357212
v -156.000000 6.133976 5.500000
v -156.000000 6.060308 5.657979
v -156.000000 6.015193 5.826352
v -156.000000 6.000000 6.000000
v -156.000000 6.015193 6.173647
v -156.000000 6.060308 6.342020
v -156.000000 6.133976 6.500000
v -156.000000 6.233956 6.642787
v -156.000000 6.357213 6.766044
v -156.000000 6.500000 6.866024
v -156.000000 6.657980 6.939692
v -156.000000 6.826353 6.984807
v -156.000000 7.000000 7.000000
v -156.000000 7.173648 6.984807
v -156.000000 7.342021 6.939692
v -156.000000 7.500000 6.866024
v -156.000000 7.642788 6.766044
v -156.000000 7.766045 6.642787
v -156.000000 7.866025 6.500000
v -156.000000 7.939693 6.342020
v -156.000000 7.984808 6.173647
v -156.000000 8.000000 6.000000
v -156.000000 7.984808 5.826352
v -156.000000 7.939693 5.657979
v -156.000000 7.866025 5.500000
v -156.000000 7.766045 5.357212
v -156.000000 7.642788 5.233955
v -156.000000 7.500000 5.133975
v -156.000000 7.342021 5.060307
v -156.000000 7.173648 5.015192
v -148.000000 7.000000 5.000000
v -148.000000 6.826353 5.015192
v -148.000000 6.657980 5.060307
v -148.000000 6.500000 5.133975
v -148.000000 6.357213 5.233955
v -148.000000 6.233956 5.357212
v -148.000000 6.133976 5.500000
v -148.000000 6.060308 5.657979
v -148.000000 6.015193 5.826352
v -148.000000 6.000000 6.000000
v -148.000000 6.015193 6.173647
v -148.000000 6.060308 6.342020
v -148.000000 6.133976 6.500000
v -148.000000 6.233956 6.642787
v -148.000000 6.357213 6.766044
v -148.000000 6.500000 6.866024
v -148.000000 6.657980 6.939692
v -148.000000 6.826353 6.984807
v -148.000000 7.000000 7.000000
v -148.000000 7.173648 6.984807
v -148.000000 7.342021 6.939692
v -148.000000 7.500000 6.866024
v -148.000000 7.642788 6.766044
v -148.000000 7.766045 6.642787
v -148.000000 7.866025 6.500000
v -148.000000 7.939693 6.342020
v -148.000000 7.984808 6.173647
v -148.000000 8.000000 6.000000
v -148.000000 7.984808 5.826352
v -148.000000 7.939693 5.657979
v -148.000000 7.866025 5.500000
v -148.000000 7.766045 5.357212
v -148.000000 7.642788 5.233955
v -148.000000 7.500000 5.133975
v -148.000000 7.342021 5.060307
v -148.000000 7.173648 5.015192
v -153.333328 7.000000 7.000000
v -150.666672 7.000000 7.000000
v -153.333328 7.173648 5.015192
v -150.666672 7.173648 5.015192
v -150.666672 7.000000 5.000000
v -153.333328 7.000000 5.000000
v -153.333328 7.342021 5.060307
v -150.666672 7.342021 5.060307
v -153.333328 7.500000 5.133975
v -150.666672 7.500000 5.133975
v -153.333328 7.642788 5.233955
v -150.666672 7.642788 5.233955
v -153.333328 7.766045 5.357212
v -150.666672 7.766045 5.357212
v -153.333328 7.866025 5.500000
v -150.666672 7.866025 5.500000
v -153.333328 7.939693 5.657979
v -150.666672 7.939693 5.657979
v -153.333328 7.984808 5.826352
v -150.666672 7.984808 5.826352
v -153.333328 8.000000 6.000000
v -150.666672 8.000000 6.000000
v -153.333328 7.984808 6.173647
v -150.666672 7.984808 6.173647
v -153.333328 7.939693 6.342020
v -150.666672 7.939693 6.342020
v -153.333328 7.866025 6.500000
v -150.666672 7.866025 6.500000
v -153.333328 7.766045 6.642787
v -150.666672 7.766045 6.642787
v -153.333328 7.642788 6.766044
v -150.666672 7.642788 6.766044
v -153.333328 7.500000 6.866024
v -150.666672 7.500000 6.866024
v -153.333328 7.342021 6.939692
v -150.666672 7.342021 6.939692
v -153.333328 7.173648 6.984807
v -150.666672 7.173648 6.984807
v -153.333328 6.826353 6.984807
v -150.666672 6.826353 6.984807
v -153.333328 6.657980 6.939692
v -150.666672 6.657980 6.939692
v -153.333328 6.500000 6.866024
v -150.666672 6.500000 6.866024
v -153.333328 6.357213 6.766044
v -150.666672 6.357213 6.766044
v -153.333328 6.233956 6.642787
v -150.666672 6.233956 6.642787
v -153.333328 6.133976 6.500000
v -150.666672 6.133976 6.500000
v -153.333328 6.060308 6.342020
v -150.666672 6.060308 6.342020
v -153.333328 6.015193 6.173647
v -150.666672 6.015193 6.173647
v -153.333328 6.000000 6.000000
v -150.666672 6.000000 6.000000
v -153.333328 6.015193 5.826352
v -150.666672 6.015193 5.826352
v -153.333328 6.060308 5.657979
v -150.666672 6.060308 5.657979
v -153.333328 6.133976 5.500000
v -150.666672 6.133976 5.500000
v -153.333328 6.233956 5.357212
v -150.666672 6.233956 5.357212
v -153.333328 6.357213 5.233955
v -150.666672 6.357213 5.233955
v -153.333328 6.500000 5.133975
v -150.666672 6.500000 5.133975
v -153.333328 6.657980 5.060307
v -150.666672 6.657980 5.060307
v -153.333328 6.826353 5.015192
v -150.666672 6.826353 5.015192
v -148.000000 17.888544 0.999999
v -148.000000 7.000000 0.999999
v -148.000000 6.994955 1.440328
v -148.000000 6.949893 1.878376
v -148.000000 6.865189 2.310511
v -148.000000 6.741542 2.733153
v -148.000000 6.579979 3.142802
v -148.000000 6.381837 3.536065
v -148.000000 6.148758 3.909682
v -148.000000 5.882673 4.260558
v -148.000000 5.585786 4.585785
v -148.000000 5.260559 4.882672
v -148.000000 4.909682 5.148757
v -148.000000 4.536066 5.381836
v -148.000000 4.142804 5.579978
v -148.000000 3.733154 5.741541
v -148.000000 3.310512 5.865189
v -148.000000 2.878376 5.949893
v -148.000000 2.440330 5.994955
v -148.000000 2.000000 6.000000
v -148.000000 2.000001 16.888544
v -148.000000 2.858629 16.771557
v -148.000000 3.710632 16.613382
v -148.000000 4.554036 16.414385
v -148.000000 5.386883 16.175026
v -148.000000 6.207246 15.895861
v -148.000000 7.013222 15.577536
v -148.000000 7.802944 15.220790
v -148.000000 8.574582 14.826450
v -148.000000 9.326346 14.395430
v -148.000000 10.056495 13.928727
v -148.000000 10.763336 13.427425
v -148.000000 11.445230 12.892685
v -148.000000 12.100600 12.325745
v -148.000000 12.727923 11.727921
v -148.000000 13.325747 11.100598
v -148.000000 13.892687 10.445229
v -148.000000 14.427427 9.763334
v -148.000000 14.928729 9.056493
v -148.000000 15.395432 8.326344
v -148.000000 15.826452 7.574580
v -148.000000 16.220791 6.802942
v -148.000000 16.577538 6.013219
v -148.000000 16.895861 5.207243
v -148.000000 17.175026 4.386880
v -148.000000 17.414385 3.554033
v -148.000000 17.613382 2.710629
v -148.000000 17.771557 1.858627
v -143.500000 17.888544 0.999999
v -143.500000 7.000000 0.999999
v -143.500000 6.994955 1.440328
v -143.500000 6.949893 1.878376
v -143.500000 6.865189 2.310511
v -143.500000 6.741542 2.733153
v -143.500000 6.579979 3.142802
v -143.500000 6.381837 3.536065
v -143.500000 6.148758 3.909682
v -143.500000 5.882673 4.260558
v -143.500000 5.585786 4.585785
v -143.500000 5.260559 4.882672
v -143.500000 4.909682 5.148757
v -143.500000 4.536066 5.381836
v -143.500000 4.142804 5.579978
v -143.500000 3.733154 5.741541
v -143.500000 3.310512 5.865189
v -143.500000 2.878376 5.949893
v -143.500000 2.440330 5.994955
v -143.500000 2.000000 6.000000
v -143.500000 2.000001 16.888544
v -143.500000 2.858629 16.771557
v -143.500000 3.710632 16.613382
v -143.500000 4.554036 16.414385
v -143.500000 5.386883 16.175026
v -143.500000 6.207246 15.895861
v -143.500000 7.013222 15.577536
v -143.500000 7.802944 15.220790
v -143.500000 8.574582 14.826450
v -143.500000 9.326346 14.395430
v -143.500000 10.056495 13.928727
v -143.500000 10.763336 13.427425
v -143.500000 11.445230 12.892685
v -143.500000 12.100600 12.325745
v -143.500000 12.727923 11.727921
v -143.500000 13.325747 11.100598
v -143.500000 13.892687 10.445229
v -143.500000 14.427427 9.763334
v -143.500000 14.928729 9.056493
v -143.500000 15.395432 8.326344
v -143.500000 15.826452 7.574580
v -143.500000 16.220791 6.802942
v -143.500000 16.577538 6.013219
v -143.500000 16.895861 5.207243
v -143.500000 17.175026 4.386880
v -143.500000 17.414385 3.554033
v -143.500000 17.613382 2.710629
v -143.500000 17.771557 1.858627
v -143.500000 7.000000 5.000000
v -143.500000 6.826353 5.015192
v -143.500000 6.657980 5.060307
v -143.500000 6.500000 5.133975
v -143.500000 6.357213 5.233955
v -143.500000 6.233956 5.357212
v -143.500000 6.133976 5.500000
v -143.500000 6.060308 5.657979
v -143.500000 6.015193 5.826352
v -143.500000 6.000000 6.000000
v -143.500000 6.015193 6.173647
v -143.500000 6.060308 6.342020
v -143.500000 6.133976 6.500000
v -143.500000 6.233956 6.642787
v -143.500000 6.357213 6.766044
v -143.500000 6.500000 6.866024
v -143.500000 6.657980 6.939692
v -143.500000 6.826353 6.984807
v -143.500000 7.000000 7.000000
v -143.500000 7.173648 6.984807
v -143.500000 7.342021 6.939692
v -143.500000 7.500000 6.866024
v -143.500000 7.642788 6.766044
v -143.500000 7.766045 6.642787
v -143.500000 7.866025 6.500000
v -143.500000 7.939693 6.342020
v -143.500000 7.984808 6.173647
v -143.500000 8.000000 6.000000
v -143.500000 7.984808 5.826352
v -143.500000 7.939693 5.657979
v -143.500000 7.866025 5.500000
v -143.500000 7.766045 5.357212
v -143.500000 7.642788 5.233955
v -143.500000 7.500000 5.133975
v -143.500000 7.342021 5.060307
v -143.500000 7.173648 5.015192
v -135.500000 7.000000 5.000000
v -135.500000 6.826353 5.015192
v -135.500000 6.657980 5.060307
v -135.500000 6.500000 5.133975
v -135.500000 6.357213 5.233955
v -135.500000 6.233956 5.357212
v -135.500000 6.133976 5.500000
v -135.500000 6.060308 5.657979
v -135.500000 6.015193 5.826352
v -135.500000 6.000000 6.000000
v -135.500000 6.015193 6.173647
v -135.500000 6.060308 6.342020
v -135.500000 6.133976 6.500000
v -135.500000 6.233956 6.642787
v -135.500000 6.357213 6.766044
v -135.500000 6.500000 6.866024
v -135.500000 6.657980 6.939692
v -135.500000 6.826353 6.984807
v -135.500000 7.000000 7.000000
v -135.500000 7.173648 6.984807
v -135.500000 7.342021 6.939692
v -135.500000 7.500000 6.866024
v -135.500000 7.642788 6.766044
v -135.500000 7.766045 6.642787
v -135.500000 7.866025 6.500000
v -135.500000 7.939693 6.342020
v -135.500000 7.984808 6.173647
v -135.500000 8.000000 6.000000
v -135.500000 7.984808 5.826352
v -135.500000 7.939693 5.657979
v -135.500000 7.866025 5.500000
v -135.500000 7.766045 5.357212
v -135.500000 7.642788 5.233955
v -135.500000 7.500000 5.133975
v -135.500000 7.342021 5.060307
v -135.500000 7.173648 5.015192
v -138.166672 7.000000 7.000000
v -140.833328 7.000000 7.000000
v -138.166672 6.826353 5.015192
v -140.833328 6.826353 5.015192
v -140.833328 7.000000 5.000000
v -138.166672 7.000000 5.000000
v -138.166672 6.657980 5.060307
v -140.833328 6.657980 5.060307
v -138.166672 6.500000 5.133975
v -140.833328 6.500000 5.133975
v -138.166672 6.357213 5.233955
v -140.833328 6.357213 5.233955
v -138.166672 6.233956 5.357212
v -140.833328 6.233956 5.357212
v -138.166672 6.133976 5.500000
v -140.833328 6.133976 5.500000
v -138.166672 6.060308 5.657979
v -140.833328 6.060308 5.657979
v -138.166672 6.015193 5.826352
v -140.833328 6.015193 5.826352
v -138.166672 6.000000 6.000000
v -140.833328 6.000000 6.000000
v -138.166672 6.015193 6.173647
v -140.833328 6.015193 6.173647
v -138.166672 6.060308 6.342020
v -140.833328 6.060308 6.342020
v -138.166672 6.133976 6.500000
v -140.833328 6.133976 6.500000
v -138.166672 6.233956 6.642787
v -140.833328 6.233956 6.642787
v -138.166672 6.357213 6.766044
v -140.833328 6.357213 6.766044
v -138.166672 6.500000 6.866024
v -140.833328 6.500000 6.866024
v -138.166672 6.657980 6.939692
v -140.833328 6.657980 6.939692
v -138.166672 6.826353 6.984807
v -140.833328 6.826353 6.984807
v -138.166672 7.173648 6.984807
v -140.833328 7.173648 6.984807
v -138.166672 7.342021 6.939692
v -140.833328 7.342021 6.939692
v -138.166672 7.500000 6.866024
v -140.833328 7.500000 6.866024
v -138.166672 7.642788 6.766044
v -140.833328 7.642788 6.766044
v -138.166672 7.766045 6.642787
v -140.833328 7.766045 6.642787
v -138.166672 7.866025 6.500000
v -140.833328 7.866025 6.500000
v -138.166672 7.939693 6.342020
v -140.833328 7.939693 6.342020
v -138.166672 7.984808 6.173647
v -140.833328 7.984808 6.173647
v -138.166672 8.000000 6.000000
v -140.833328 8.000000 6.000000
v -138.166672 7.984808 5.826352
v -140.833328 7.984808 5.826352
v -138.166672 7.939693 5.657979
v -140.833328 7.939693 5.657979
v -138.166672 7.866025 5.500000
v -140.833328 7.866025 5.500000
v -138.166672 7.766045 5.357212
v -140.833328 7.766045 5.357212
v -138.166672 7.642788 5.233955
v -140.833328 7.642788 5.233955
v -138.166672 7.500000 5.133975
v -140.833328 7.500000 5.133975
v -138.166672 7.342021 5.060307
v -140.833328 7.342021 5.060307
v -138.166672 7.173648 5.015192
v -140.833328 7.173648 5.015192
v -135.500000 17.888544 0.999999
v -135.500000 7.000000 0.999999
v -135.500000 6.994955 1.440328
v -135.500000 6.949893 1.878376
v -135.500000 6.865189 2.310511
v -135.500000 6.741542 2.733153
v -135.500000 6.579979 3.142802
v -135.500000 6.381837 3.536065
v -135.500000 6.148758 3.909682
v -135.500000 5.882673 4.260558
v -135.500000 5.585786 4.585785
v -135.500000 5.260559 4.882672
v -135.500000 4.909682 5.148757
v -135.500000 4.536066 5.381836
v -135.500000 4.142804 5.579978
v -135.500000 3.733154 5.741541
v -135.500000 3.310512 5.865189
v -135.500000 2.878376 5.949893
v -135.500000 2.440330 5.994955
v -135.500000 2.000000 6.000000
v -135.500000 2.000001 16.888544
v -135.500000 2.858629 16.771557
v -135.500000 3.710632 16.613382
v -135.500000 4.554036 16.414385
v -135.500000 5.386883 16.175026
v -135.500000 6.207246 15.895861
v -135.500000 7.013222 15.577536
v -135.500000 7.802944 15.220790
v -135.500000 8.574582 14.826450
v -135.500000 9.326346 14.395430
v -135.500000 10.056495 13.928727
v -135.500000 10.763336 13.427425
v -135.500000 11.445230 12.892685
v -135.500000 12.100600 12.325745
v -135.500000 12.727923 11.727921
v -135.500000 13.325747 11.100598
v -135.500000 13.892687 10.445229
v -135.500000 14.427427 9.763334
v -135.500000 14.928729 9.056493
v -135.500000 15.395432 8.326344
v -135.500000 15.826452 7.574580
v -135.500000 16.220791 6.802942
v -135.500000 16.577538 6.013219
v -135.500000 16.895861 5.207243
v -135.500000 17.175026 4.386880
v -135.500000 17.414385 3.554033
v -135.500000 17.613382 2.710629
v -135.500000 17.771557 1.858627
v -131.000000 17.888544 0.999999
v -131.000000 7.000000 0.999999
v -131.000000 6.994955 1.440328
v -131.000000 6.949893 1.878376
v -131.000000 6.865189 2.310511
v -131.000000 6.741542 2.733153
v -131.000000 6.579979 3.142802
v -131.000000 6.381837 3.536065
v -131.000000 6.148758 3.909682
v -131.000000 5.882673 4.260558
v -131.000000 5.585786 4.585785
v -131.000000 5.260559 4.882672
v -131.000000 4.909682 5.148757
v -131.000000 4.536066 5.381836
v -131.000000 4.142804 5.579978
v -131.000000 3.733154 5.741541
v -131.000000 3.310512 5.865189
v -131.000000 2.878376 5.949893
v -131.000000 2.440330 5.994955
v -131.000000 2.000000 6.000000
v -131.000000 2.000001 16.888544
v -131.000000 2.858629 16.771557
v -131.000000 3.710632 16.613382
v -131.000000 4.554036 16.414385
v -131.000000 5.386883 16.175026
v -131.000000 6.207246 15.895861
v -131.000000 7.013222 15.577536
v -131.000000 7.802944 15.220790
v -131.000000 8.574582 14.826450
v -131.000000 9.326346 14.395430
v -131.000000 10.056495 13.928727
v -131.000000 10.763336 13.427425
v -131.000000 11.445230 12.892685
v -131.000000 12.100600 12.325745
v -131.000000 12.727923 11.727921
v -131.000000 13.325747 11.100598
v -131.000000 13.892687 10.445229
v -131.000000 14.427427 9.763334
v -131.000000 14.928729 9.056493
v -131.000000 15.395432 8.326344
v -131.000000 15.826452 7.574580
v -131.000000 16.220791 6.802942
v -131.000000 16.577538 6.013219
v -131.000000 16.895861 5.207243
v -131.000000 17.175026 4.386880
v -131.000000 17.414385 3.554033
v -131.000000 17.613382 2.710629
v -131.000000 17.771557 1.858627
vn -0.0000 0.1111 0.9938
vn -0.0000 0.1588 0.9873
vn -0.0000 0.2061 0.9785
vn -0.0000 0.2530 0.9675
vn -0.0000 0.2993 0.9542
vn -0.0000 0.3448 0.9387
vn -0.0000 0.3896 0.9210
vn -0.0000 0.4335 0.9012
vn -0.0000 0.4764 0.8792
vn -0.0000 0.5181 0.8553
vn -0.0000 0.5587 0.8294
vn -0.0000 0.5980 0.8015
vn -0.0000 0.6358 0.7718
vn -0.0000 0.6723 0.7403
vn -0.0000 0.7071 0.7071
vn -0.0000 0.7403 0.6723
vn -0.0000 0.7718 0.6358
vn -0.0000 0.8015 0.5980
vn -0.0000 0.8294 0.5587
vn -0.0000 0.8553 0.5181
vn -0.0000 0.8792 0.4764
vn -0.0000 0.9012 0.4335
vn -0.0000 0.9210 0.3896
vn -0.0000 0.9387 0.3448
vn -0.0000 0.9542 0.2993
vn -0.0000 0.9675 0.2530
vn -0.0000 0.9785 0.2061
vn -0.0000 0.9873 0.1588
vn -0.0000 0.9938 0.1111
vn 1.0000 -0.0000 0.0001
vn 1.0000 -0.0000 -0.0000
vn 1.0000 -0.0000 0.0002
vn 1.0000 -0.0000 -0.0001
vn 1.0000 -0.0000 -0.0002
vn -0.0000 -0.0000 -1.0000
vn -1.0000 -0.0000 -0.0000
vn -1.0000 -0.0000 -0.0001
vn -1.0000 -0.0000 0.0001
vn -0.0000 -1.0000 -0.0000
vn -0.0000 -0.9994 0.0340
vn -0.0000 -0.9984 -0.0570
vn -0.0000 -0.9891 -0.1475
vn -0.0000 -0.9716 -0.2368
vn -0.0000 -0.9460 -0.3242
vn -0.0000 -0.9126 -0.4088
vn -0.0000 -0.8716 -0.4901
vn -0.0000 -0.8235 -0.5674
vn -0.0000 -0.7685 -0.6399
vn -0.0000 -0.7071 -0.7071
vn -0.0000 -0.6399 -0.7685
vn -0.0000 -0.5674 -0.8235
vn -0.0000 -0.4901 -0.8716
vn -0.0000 -0.4088 -0.9126
vn -0.0000 -0.3242 -0.9460
vn -0.0000 -0.2368 -0.9716
vn -0.0000 -0.1475 -0.9891
vn -0.0000 -0.0570 -0.9984
vn -0.0000 0.0340 -0.9994
vn -0.0000 0.1736 -0.9848
vn -0.0000 -0.1736 -0.9848
vn -0.0000 -0.3420 -0.9397
vn -0.0000 -0.5000 -0.8660
vn -0.0000 -0.6428 -0.7660
vn -0.0000 -0.7660 -0.6428
vn -0.0000 -0.8660 -0.5000
vn -0.0000 -0.9397 -0.3420
vn -0.0000 -0.9848 -0.1737
vn -0.0000 -0.9848 -0.1736
vn -0.0000 -0.9848 0.1736
vn -0.0000 -0.9397 0.3420
vn -0.0000 -0.8660 0.5000
vn -0.0000 -0.7660 0.6428
vn -0.0000 -0.6428 0.7660
vn -0.0000 -0.5000 0.8660
vn -0.0000 -0.3420 0.9397
vn -0.0000 -0.1736 0.9848
vn -0.0000 -0.0000 1.0000
vn -0.0000 0.1736 0.9848
vn -0.0000 0.3420 0.9397
vn -0.0000 0.5000 0.8660
vn -0.0000 0.6428 0.7660
vn -0.0000 0.7660 0.6428
vn -0.0000 0.8660 0.5000
vn -0.0000 0.9397 0.3420
vn -0.0000 0.9848 0.1736
vn -0.0000 1.0000 -0.0000
vn -0.0000 0.9848 -0.1736
vn -0.0000 0.9397 -0.3420
vn -0.0000 0.8660 -0.5000
vn -0.0000 0.7660 -0.6428
vn -0.0000 0.6428 -0.7660
vn -0.0000 0.5000 -0.8660
vn -0.0000 0.3420 -0.9397
vn -1.0000 -0.0000 0.0002
vn -1.0000 -0.0000 0.0004
vn -1.0000 -0.0000 -0.0002
vn 1.0000 0.0003 -0.0000
vn -1.0000 -0.0000 -0.0003
vn 1.0000 -0.0000 -0.0004
vt -0.450000 -5.454453
vt 0.000000 -5.454453
vt -0.450000 -5.367788
vt 0.000000 -5.367788
vt 0.000000 -5.281124
vt -0.450000 -5.281124
vt 0.000000 -5.194459
vt -0.450000 -5.194459
vt 0.000000 -5.107795
vt -0.450000 -5.107795
vt 0.000000 -5.021130
vt -0.450000 -5.021130
vt 0.000000 -4.934466
vt -0.450000 -4.934466
vt 0.000000 -4.847802
vt -0.450000 -4.847802
vt 0.000000 -4.761137
vt -0.450000 -4.761137
vt 0.000000 -4.674473
vt -0.450000 -4.674473
vt 0.000000 -4.587808
vt -0.450000 -4.587808
vt 0.000000 -4.501144
vt -0.450000 -4.501144
vt 0.000000 -4.414479
vt -0.450000 -4.414479
vt 0.000000 -4.327815
vt -0.450000 -4.327815
vt 0.000000 -4.241150
vt -0.450000 -4.241150
vt 0.000000 -4.154486
vt -0.450000 -4.154486
vt 0.000000 -4.067821
vt -0.450000 -4.067821
vt 0.000000 -3.981157
vt -0.450000 -3.981157
vt 0.000000 -3.894492
vt -0.450000 -3.894492
vt 0.000000 -3.807828
vt -0.450000 -3.807828
vt 0.000000 -3.721163
vt -0.450000 -3.721163
vt 0.000000 -3.634499
vt -0.450000 -3.634499
vt 0.000000 -3.547834
vt -0.450000 -3.547834
vt 0.000000 -3.461170
vt -0.450000 -3.461170
vt 0.000000 -3.374505
vt -0.450000 -3.374505
vt 0.000000 -3.287841
vt -0.450000 -3.287841
vt 0.000000 -3.201176
vt -0.450000 -3.201176
vt 0.000000 -3.114512
vt -0.450000 -3.114512
vt -0.450000 -3.027847
vt 0.000000 -3.027847
vt 0.794427 0.794427
vt 0.708564 0.782729
vt 0.794427 -0.294427
vt 0.750394 -0.294932
vt 0.623364 0.766911
vt 0.539024 0.747011
vt 0.455739 0.723075
vt 0.344427 -0.207825
vt 0.706590 -0.299438
vt 0.373703 0.695159
vt 0.328629 -0.200458
vt 0.293105 0.663326
vt 0.214133 0.627652
vt 0.311792 -0.195946
vt 0.136969 0.588218
vt 0.294427 -0.194427
vt 0.061793 0.545116
vt 0.277062 -0.195946
vt -0.011222 0.498446
vt 0.260225 -0.200458
vt -0.081906 0.448315
vt -0.150096 0.394841
vt 0.244427 -0.207825
vt -0.215633 0.338147
vt 0.230148 -0.217823
vt -0.278365 0.278365
vt 0.217823 -0.230148
vt -0.338147 0.215633
vt 0.207825 -0.244427
vt -0.394841 0.150096
vt 0.200458 -0.260225
vt -0.448315 0.081906
vt -0.498446 0.011222
vt 0.195946 -0.277062
vt -0.545116 -0.061793
vt 0.194427 -0.294427
vt -0.588218 -0.136969
vt 0.195946 -0.311792
vt -0.627652 -0.214133
vt 0.200458 -0.328629
vt -0.663326 -0.293105
vt -0.695159 -0.373703
vt 0.207825 -0.344427
vt -0.723075 -0.455739
vt -0.747011 -0.539024
vt -0.766911 -0.623364
vt 0.294932 -0.750394
vt 0.299438 -0.706590
vt 0.217823 -0.358706
vt 0.307908 -0.663376
vt 0.230148 -0.371032
vt 0.320273 -0.621112
vt 0.244427 -0.381030
vt 0.336429 -0.580147
vt 0.260225 -0.388396
vt 0.277062 -0.392908
vt 0.356243 -0.540821
vt 0.294427 -0.394427
vt 0.379551 -0.503459
vt 0.311792 -0.392908
vt 0.328629 -0.388396
vt 0.406160 -0.468371
vt 0.344427 -0.381030
vt 0.358706 -0.371032
vt 0.435849 -0.435849
vt 0.371032 -0.358706
vt 0.468371 -0.406160
vt 0.381030 -0.344427
vt 0.388396 -0.328629
vt 0.503459 -0.379551
vt 0.392908 -0.311792
vt 0.394427 -0.294427
vt 0.540821 -0.356243
vt 0.392908 -0.277062
vt 0.580147 -0.336429
vt 0.388396 -0.260225
vt 0.381030 -0.244427
vt 0.621112 -0.320273
vt 0.371032 -0.230148
vt 0.663376 -0.307908
vt 0.358706 -0.217823
vt -0.782729 -0.708564
vt 0.294427 -0.794427
vt -0.794427 -0.794427
vt 0.000000 -0.000000
vt 1.088854 0.000000
vt -0.000000 0.450000
vt 1.088854 0.450000
vt -0.794427 0.794427
vt -0.794427 -0.294427
vt -0.708564 0.782729
vt -0.750394 -0.294932
vt -0.623364 0.766911
vt -0.539024 0.747011
vt -0.706590 -0.299438
vt -0.455739 0.723075
vt -0.663376 -0.307908
vt -0.373703 0.695159
vt -0.293105 0.663326
vt -0.621112 -0.320273
vt -0.214133 0.627652
vt -0.580147 -0.336429
vt -0.136969 0.588218
vt -0.061793 0.545116
vt -0.540821 -0.356243
vt 0.011222 0.498446
vt -0.503459 -0.379551
vt 0.081906 0.448315
vt 0.150096 0.394841
vt -0.468371 -0.406160
vt 0.215633 0.338147
vt -0.435849 -0.435849
vt 0.278365 0.278365
vt 0.338147 0.215633
vt -0.406160 -0.468371
vt 0.394841 0.150096
vt -0.379551 -0.503459
vt 0.448315 0.081906
vt 0.498446 0.011222
vt 0.545116 -0.061793
vt 0.588218 -0.136969
vt 0.627652 -0.214133
vt 0.663326 -0.293105
vt 0.695159 -0.373703
vt 0.723075 -0.455739
vt 0.747011 -0.539024
vt -0.356243 -0.540821
vt 0.766911 -0.623364
vt -0.336429 -0.580147
vt -0.320273 -0.621112
vt -0.307908 -0.663376
vt 0.782729 -0.708564
vt -0.299438 -0.706590
vt -0.294932 -0.750394
vt -0.294427 -0.794427
vt 0.794427 -0.794427
vt 0.450000 -1.519906
vt 0.000000 -1.519906
vt 0.450000 -1.563957
vt -0.000000 -1.563957
vt -0.000000 -1.608009
vt 0.450000 -1.608009
vt -0.000000 -1.652060
vt 0.450000 -1.652060
vt -0.000000 -1.696111
vt 0.450000 -1.696111
vt -0.000000 -1.740162
vt 0.450000 -1.740162
vt -0.000000 -1.784213
vt 0.450000 -1.784213
vt -0.000000 -1.828264
vt 0.450000 -1.828264
vt -0.000000 -1.872315
vt 0.450000 -1.872315
vt -0.000000 -1.916366
vt 0.450000 -1.916366
vt -0.000000 -1.960417
vt 0.450000 -1.960417
vt -0.000000 -2.004468
vt 0.450000 -2.004468
vt -0.000000 -2.048519
vt 0.450000 -2.048519
vt -0.000000 -2.092570
vt 0.450000 -2.092570
vt -0.000000 -2.136621
vt 0.450000 -2.136621
vt -0.000000 -2.180672
vt 0.450000 -2.180672
vt -0.000000 -2.224723
vt 0.450000 -2.224723
vt -0.000000 -2.268774
vt 0.450000 -2.268774
vt 0.450000 -2.312825
vt -0.000000 -2.312825
vt -10.600000 -0.017453
vt -10.333333 -0.017453
vt -10.600000 0.000000
vt -10.333333 0.000000
vt -10.600000 0.017453
vt -10.333333 0.017453
vt -10.600000 0.034907
vt -10.333333 0.034907
vt -10.600000 0.052360
vt -10.333333 0.052360
vt -10.600000 0.069813
vt -10.333333 0.069813
vt -10.600000 0.087266
vt -10.333333 0.087266
vt -10.600000 0.104720
vt -10.333333 0.104720
vt -10.600000 0.122173
vt -10.333333 0.122173
vt -10.600000 0.139626
vt -10.333333 0.139626
vt -10.600000 0.157080
vt -10.333333 0.157080
vt -10.600000 0.174533
vt -10.333333 0.174533
vt -10.600000 0.191986
vt -10.333333 0.191986
vt -10.600000 0.209440
vt -10.333333 0.209440
vt -10.600000 0.226893
vt -10.333333 0.226893
vt -10.600000 0.244346
vt -10.333333 0.244346
vt -10.600000 0.261799
vt -10.333333 0.261799
vt -10.600000 0.279253
vt -10.333333 0.279253
vt -10.600000 0.296706
vt -10.333333 0.296706
vt -10.600000 0.314159
vt -10.333333 0.314159
vt -10.600000 -0.314159
vt -10.333333 -0.314159
vt -10.600000 -0.296706
vt -10.333333 -0.296706
vt -10.600000 -0.279253
vt -10.333333 -0.279253
vt -10.600000 -0.261799
vt -10.333333 -0.261799
vt -10.600000 -0.244346
vt -10.333333 -0.244346
vt -10.600000 -0.226893
vt -10.333333 -0.226893
vt -10.600000 -0.209440
vt -10.333333 -0.209440
vt -10.600000 -0.191986
vt -10.333333 -0.191986
vt -10.600000 -0.174533
vt -10.333333 -0.174533
vt -10.600000 -0.157080
vt -10.333333 -0.157080
vt -10.600000 -0.139626
vt -10.333333 -0.139626
vt -10.600000 -0.122173
vt -10.333333 -0.122173
vt -10.600000 -0.104720
vt -10.333333 -0.104720
vt -10.600000 -0.087266
vt -10.333333 -0.087266
vt -10.600000 -0.069813
vt -10.333333 -0.069813
vt -10.600000 -0.052360
vt -10.333333 -0.052360
vt -10.600000 -0.034907
vt -10.333333 -0.034907
vt -9.800000 0.017453
vt -10.066667 0.017453
vt -9.800000 0.000000
vt -10.066667 0.000000
vt -9.800000 -0.017453
vt -10.066667 -0.017453
vt -9.800000 -0.034907
vt -10.066667 -0.034907
vt -9.800000 -0.052360
vt -10.066667 -0.052360
vt -9.800000 -0.069813
vt -10.066667 -0.069813
vt -9.800000 -0.087266
vt -10.066667 -0.087266
vt -9.800000 -0.104720
vt -10.066667 -0.104720
vt -9.800000 -0.122173
vt -10.066667 -0.122173
vt -9.800000 -0.139626
vt -10.066667 -0.139626
vt -9.800000 -0.157080
vt -10.066667 -0.157080
vt -9.800000 -0.174533
vt -10.066667 -0.174533
vt -9.800000 -0.191986
vt -10.066667 -0.191986
vt -9.800000 -0.209440
vt -10.066667 -0.209440
vt -9.800000 -0.226893
vt -10.066667 -0.226893
vt -9.800000 -0.244346
vt -10.066667 -0.244346
vt -9.800000 -0.261799
vt -10.066667 -0.261799
vt -9.800000 -0.279253
vt -10.066667 -0.279253
vt -9.800000 -0.296706
vt -10.066667 -0.296706
vt -9.800000 -0.314159
vt -10.066667 -0.314159
vt -9.800000 0.314159
vt -10.066667 0.314159
vt -9.800000 0.296706
vt -10.066667 0.296706
vt -9.800000 0.279253
vt -10.066667 0.279253
vt -9.800000 0.261799
vt -10.066667 0.261799
vt -9.800000 0.244346
vt -10.066667 0.244346
vt -9.800000 0.226893
vt -10.066667 0.226893
vt -9.800000 0.209440
vt -10.066667 0.209440
vt -9.800000 0.191986
vt -10.066667 0.191986
vt -9.800000 0.174533
vt -10.066667 0.174533
vt -9.800000 0.157080
vt -10.066667 0.157080
vt -9.800000 0.139626
vt -10.066667 0.139626
vt -9.800000 0.122173
vt -10.066667 0.122173
vt -9.800000 0.104720
vt -10.066667 0.104720
vt -9.800000 0.087266
vt -10.066667 0.087266
vt -9.800000 0.069813
vt -10.066667 0.069813
vt -9.800000 0.052360
vt -10.066667 0.052360
vt -9.800000 0.034907
vt -10.066667 0.034907
vt -0.344427 -0.207825
vt -0.358706 -0.217823
vt -0.371032 -0.230148
vt -0.381030 -0.244427
vt -0.388396 -0.260225
vt -0.392908 -0.277062
vt -0.394427 -0.294427
vt -0.392908 -0.311792
vt -0.388396 -0.328629
vt -0.381030 -0.344427
vt -0.371032 -0.358706
vt -0.358706 -0.371032
vt -0.344427 -0.381030
vt -0.328629 -0.388396
vt -0.311792 -0.392908
vt -0.294427 -0.394427
vt -0.277062 -0.392908
vt -0.260225 -0.388396
vt -0.244427 -0.381030
vt -0.230148 -0.371032
vt -0.217823 -0.358706
vt -0.207825 -0.344427
vt -0.200458 -0.328629
vt -0.195946 -0.311792
vt -0.194427 -0.294427
vt -0.195946 -0.277062
vt -0.200458 -0.260225
vt -0.207825 -0.244427
vt -0.217823 -0.230148
vt -0.230148 -0.217823
vt -0.244427 -0.207825
vt -0.260225 -0.200458
vt -0.277062 -0.195946
vt -0.294427 -0.194427
vt -0.311792 -0.195946
vt -0.328629 -0.200458
vt 0.450000 -0.726988
vt 0.000000 -0.726988
vt 0.450000 -0.771039
vt 0.000000 -0.771039
vt 0.000000 -0.815090
vt 0.450000 -0.815090
vt 0.000000 -0.859141
vt 0.450000 -0.859141
vt 0.000000 -0.903192
vt 0.450000 -0.903192
vt 0.000000 -0.947243
vt 0.450000 -0.947243
vt 0.000000 -0.991294
vt 0.450000 -0.991294
vt 0.000000 -1.035345
vt 0.450000 -1.035345
vt 0.000000 -1.079396
vt 0.450000 -1.079396
vt 0.000000 -1.123447
vt 0.450000 -1.123447
vt 0.000000 -1.167498
vt 0.450000 -1.167498
vt 0.000000 -1.211549
vt 0.450000 -1.211549
vt 0.000000 -1.255600
vt 0.450000 -1.255600
vt 0.000000 -1.299651
vt 0.450000 -1.299651
vt 0.000000 -1.343702
vt 0.450000 -1.343702
vt 0.000000 -1.387753
vt 0.450000 -1.387753
vt 0.000000 -1.431804
vt 0.450000 -1.431804
vt 0.000000 -1.475855
vt 0.450000 -1.475855
vt -0.450000 3.027847
vt -0.000000 3.027847
vt -0.450000 3.114512
vt -0.000000 3.114512
vt -0.000000 3.201176
vt -0.450000 3.201176
vt -0.000000 3.287841
vt -0.450000 3.287841
vt -0.000000 3.374505
vt -0.450000 3.374505
vt -0.000000 3.461170
vt -0.450000 3.461170
vt -0.000000 3.547834
vt -0.450000 3.547834
vt -0.000000 3.634499
vt -0.450000 3.634499
vt -0.000000 3.721163
vt -0.450000 3.721163
vt -0.000000 3.807828
vt -0.450000 3.807828
vt -0.000000 3.894492
vt -0.450000 3.894492
vt -0.000000 3.981157
vt -0.450000 3.981157
vt -0.000000 4.067821
vt -0.450000 4.067821
vt -0.000000 4.154486
vt -0.450000 4.154486
vt -0.000000 4.241150
vt -0.450000 4.241150
vt -0.000000 4.327815
vt -0.450000 4.327815
vt -0.000000 4.414479
vt -0.450000 4.414479
vt -0.000000 4.501144
vt -0.450000 4.501144
vt -0.000000 4.587808
vt -0.450000 4.587808
vt -0.000000 4.674473
vt -0.450000 4.674473
vt -0.000000 4.761137
vt -0.450000 4.761137
vt -0.000000 4.847802
vt -0.450000 4.847802
vt -0.000000 4.934466
vt -0.450000 4.934466
vt -0.000000 5.021130
vt -0.450000 5.021130
vt -0.000000 5.107795
vt -0.450000 5.107795
vt -0.000000 5.194459
vt -0.450000 5.194459
vt -0.000000 5.281124
vt -0.450000 5.281124
vt -0.000000 5.367788
vt -0.450000 5.367788
vt -0.450000 5.454453
vt -0.000000 5.454453
vt -9.350000 -0.017453
vt -9.083333 -0.017453
vt -9.350000 0.000000
vt -9.083333 0.000000
vt -9.350000 0.017453
vt -9.083333 0.017453
vt -9.350000 0.034907
vt -9.083333 0.034907
vt -9.350000 0.052360
vt -9.083333 0.052360
vt -9.350000 0.069813
vt -9.083333 0.069813
vt -9.350000 0.087266
vt -9.083333 0.087266
vt -9.350000 0.104720
vt -9.083333 0.104720
vt -9.350000 0.122173
vt -9.083333 0.122173
vt -9.350000 0.139626
vt -9.083333 0.139626
vt -9.350000 0.157080
vt -9.083333 0.157080
vt -9.350000 0.174533
vt -9.083333 0.174533
vt -9.350000 0.191986
vt -9.083333 0.191986
vt -9.350000 0.209440
vt -9.083333 0.209440
vt -9.350000 0.226893
vt -9.083333 0.226893
vt -9.350000 0.244346
vt -9.083333 0.244346
vt -9.350000 0.261799
vt -9.083333 0.261799
vt -9.350000 0.279253
vt -9.083333 0.279253
vt -9.350000 0.296706
vt -9.083333 0.296706
vt -9.350000 0.314159
vt -9.083333 0.314159
vt -9.350000 -0.314159
vt -9.083333 -0.314159
vt -9.350000 -0.296706
vt -9.083333 -0.296706
vt -9.350000 -0.279253
vt -9.083333 -0.279253
vt -9.350000 -0.261799
vt -9.083333 -0.261799
vt -9.350000 -0.244346
vt -9.083333 -0.244346
vt -9.350000 -0.226893
vt -9.083333 -0.226893
vt -9.350000 -0.209440
vt -9.083333 -0.209440
vt -9.350000 -0.191986
vt -9.083333 -0.191986
vt -9.350000 -0.174533
vt -9.083333 -0.174533
vt -9.350000 -0.157080
vt -9.083333 -0.157080
vt -9.350000 -0.139626
vt -9.083333 -0.139626
vt -9.350000 -0.122173
vt -9.083333 -0.122173
vt -9.350000 -0.104720
vt -9.083333 -0.104720
vt -9.350000 -0.087266
vt -9.083333 -0.087266
vt -9.350000 -0.069813
vt -9.083333 -0.069813
vt -9.350000 -0.052360
vt -9.083333 -0.052360
vt -9.350000 -0.034907
vt -9.083333 -0.034907
vt -8.550000 0.017453
vt -8.816667 0.017453
vt -8.550000 0.000000
vt -8.816667 0.000000
vt -8.550000 -0.017453
vt -8.816667 -0.017453
vt -8.550000 -0.034907
vt -8.816667 -0.034907
vt -8.550000 -0.052360
vt -8.816667 -0.052360
vt -8.550000 -0.069813
vt -8.816667 -0.069813
vt -8.550000 -0.087266
vt -8.816667 -0.087266
vt -8.550000 -0.104720
vt -8.816667 -0.104720
vt -8.550000 -0.122173
vt -8.816667 -0.122173
vt -8.550000 -0.139626
vt -8.816667 -0.139626
vt -8.550000 -0.157080
vt -8.816667 -0.157080
vt -8.550000 -0.174533
vt -8.816667 -0.174533
vt -8.550000 -0.191986
vt -8.816667 -0.191986
vt -8.550000 -0.209440
vt -8.816667 -0.209440
vt -8.550000 -0.226893
vt -8.816667 -0.226893
vt -8.550000 -0.244346
vt -8.816667 -0.244346
vt -8.550000 -0.261799
vt -8.816667 -0.261799
vt -8.550000 -0.279253
vt -8.816667 -0.279253
vt -8.550000 -0.296706
vt -8.816667 -0.296706
vt -8.550000 -0.314159
vt -8.816667 -0.314159
vt -8.550000 0.314159
vt -8.816667 0.314159
vt -8.550000 0.296706
vt -8.816667 0.296706
vt -8.550000 0.279253
vt -8.816667 0.279253
vt -8.550000 0.261799
vt -8.816667 0.261799
vt -8.550000 0.244346
vt -8.816667 0.244346
vt -8.550000 0.226893
vt -8.816667 0.226893
vt -8.550000 0.209440
vt -8.816667 0.209440
vt -8.550000 0.191986
vt -8.816667 0.191986
vt -8.550000 0.174533
vt -8.816667 0.174533
vt -8.550000 0.157080
vt -8.816667 0.157080
vt -8.550000 0.139626
vt -8.816667 0.139626
vt -8.550000 0.122173
vt -8.816667 0.122173
vt -8.550000 0.104720
vt -8.816667 0.104720
vt -8.550000 0.087266
vt -8.816667 0.087266
vt -8.550000 0.069813
vt -8.816667 0.069813
vt -8.550000 0.052360
vt -8.816667 0.052360
vt -8.550000 0.034907
vt -8.816667 0.034907
vt -8.100000 -0.017453
vt -7.833333 -0.017453
vt -8.100000 0.000000
vt -7.833333 0.000000
vt -8.100000 0.017453
vt -7.833333 0.017453
vt -8.100000 0.034907
vt -7.833333 0.034907
vt -8.100000 0.052360
vt -7.833333 0.052360
vt -8.100000 0.069813
vt -7.833333 0.069813
vt -8.100000 0.087266
vt -7.833333 0.087266
vt -8.100000 0.104720
vt -7.833333 0.104720
vt -8.100000 0.122173
vt -7.833333 0.122173
vt -8.100000 0.139626
vt -7.833333 0.139626
vt -8.100000 0.157080
vt -7.833333 0.157080
vt -8.100000 0.174533
vt -7.833333 0.174533
vt -8.100000 0.191986
vt -7.833333 0.191986
vt -8.100000 0.209440
vt -7.833333 0.209440
vt -8.100000 0.226893
vt -7.833333 0.226893
vt -8.100000 0.244346
vt -7.833333 0.244346
vt -8.100000 0.261799
vt -7.833333 0.261799
vt -8.100000 0.279253
vt -7.833333 0.279253
vt -8.100000 0.296706
vt -7.833333 0.296706
vt -8.100000 0.314159
vt -7.833333 0.314159
vt -8.100000 -0.314159
vt -7.833333 -0.314159
vt -8.100000 -0.296706
vt -7.833333 -0.296706
vt -8.100000 -0.279253
vt -7.833333 -0.279253
vt -8.100000 -0.261799
vt -7.833333 -0.261799
vt -8.100000 -0.244346
vt -7.833333 -0.244346
vt -8.100000 -0.226893
vt -7.833333 -0.226893
vt -8.100000 -0.209440
vt -7.833333 -0.209440
vt -8.100000 -0.191986
vt -7.833333 -0.191986
vt -8.100000 -0.174533
vt -7.833333 -0.174533
vt -8.100000 -0.157080
vt -7.833333 -0.157080
vt -8.100000 -0.139626
vt -7.833333 -0.139626
vt -8.100000 -0.122173
vt -7.833333 -0.122173
vt -8.100000 -0.104720
vt -7.833333 -0.104720
vt -8.100000 -0.087266
vt -7.833333 -0.087266
vt -8.100000 -0.069813
vt -7.833333 -0.069813
vt -8.100000 -0.052360
vt -7.833333 -0.052360
vt -8.100000 -0.034907
vt -7.833333 -0.034907
vt -7.300000 0.017453
vt -7.566667 0.017453
vt -7.300000 0.000000
vt -7.566667 0.000000
vt -7.300000 -0.017453
vt -7.566667 -0.017453
vt -7.300000 -0.034907
vt -7.566667 -0.034907
vt -7.300000 -0.052360
vt -7.566667 -0.052360
vt -7.300000 -0.069813
vt -7.566667 -0.069813
vt -7.300000 -0.087266
vt -7.566667 -0.087266
vt -7.300000 -0.104720
vt -7.566667 -0.104720
vt -7.300000 -0.122173
vt -7.566667 -0.122173
vt -7.300000 -0.139626
vt -7.566667 -0.139626
vt -7.300000 -0.157080
vt -7.566667 -0.157080
vt -7.300000 -0.174533
vt -7.566667 -0.174533
vt -7.300000 -0.191986
vt -7.566667 -0.191986
vt -7.300000 -0.209440
vt -7.566667 -0.209440
vt -7.300000 -0.226893
vt -7.566667 -0.226893
vt -7.300000 -0.244346
vt -7.566667 -0.244346
vt -7.300000 -0.261799
vt -7.566667 -0.261799
vt -7.300000 -0.279253
vt -7.566667 -0.279253
vt -7.300000 -0.296706
vt -7.566667 -0.296706
vt -7.300000 -0.314159
vt -7.566667 -0.314159
vt -7.300000 0.314159
vt -7.566667 0.314159
vt -7.300000 0.296706
vt -7.566667 0.296706
vt -7.300000 0.279253
vt -7.566667 0.279253
vt -7.300000 0.261799
vt -7.566667 0.261799
vt -7.300000 0.244346
vt -7.566667 0.244346
vt -7.300000 0.226893
vt -7.566667 0.226893
vt -7.300000 0.209440
vt -7.566667 0.209440
vt -7.300000 0.191986
vt -7.566667 0.191986
vt -7.300000 0.174533
vt -7.566667 0.174533
vt -7.300000 0.157080
vt -7.566667 0.157080
vt -7.300000 0.139626
vt -7.566667 0.139626
vt -7.300000 0.122173
vt -7.566667 0.122173
vt -7.300000 0.104720
vt -7.566667 0.104720
vt -7.300000 0.087266
vt -7.566667 0.087266
vt -7.300000 0.069813
vt -7.566667 0.069813
vt -7.300000 0.052360
vt -7.566667 0.052360
vt -7.300000 0.034907
vt -7.566667 0.034907
vt -6.850000 -0.017453
vt -6.583333 -0.017453
vt -6.850000 0.000000
vt -6.583333 0.000000
vt -6.850000 0.017453
vt -6.583333 0.017453
vt -6.850000 0.034907
vt -6.583333 0.034907
vt -6.850000 0.052360
vt -6.583333 0.052360
vt -6.850000 0.069813
vt -6.583333 0.069813
vt -6.850000 0.087266
vt -6.583333 0.087266
vt -6.850000 0.104720
vt -6.583333 0.104720
vt -6.850000 0.122173
vt -6.583333 0.122173
vt -6.850000 0.139626
vt -6.583333 0.139626
vt -6.850000 0.157080
vt -6.583333 0.157080
vt -6.850000 0.174533
vt -6.583333 0.174533
vt -6.850000 0.191986
vt -6.583333 0.191986
vt -6.850000 0.209440
vt -6.583333 0.209440
vt -6.850000 0.226893
vt -6.583333 0.226893
vt -6.850000 0.244346
vt -6.583333 0.244346
vt -6.850000 0.261799
vt -6.583333 0.261799
vt -6.850000 0.279253
vt -6.583333 0.279253
vt -6.850000 0.296706
vt -6.583333 0.296706
vt -6.850000 0.314159
vt -6.583333 0.314159
vt -6.850000 -0.314159
vt -6.583333 -0.314159
vt -6.850000 -0.296706
vt -6.583333 -0.296706
vt -6.850000 -0.279253
vt -6.583333 -0.279253
vt -6.850000 -0.261799
vt -6.583333 -0.261799
vt -6.850000 -0.244346
vt -6.583333 -0.244346
vt -6.850000 -0.226893
vt -6.583333 -0.226893
vt -6.850000 -0.209440
vt -6.583333 -0.209440
vt -6.850000 -0.191986
vt -6.583333 -0.191986
vt -6.850000 -0.174533
vt -6.583333 -0.174533
vt -6.850000 -0.157080
vt -6.583333 -0.157080
vt -6.850000 -0.139626
vt -6.583333 -0.139626
vt -6.850000 -0.122173
vt -6.583333 -0.122173
vt -6.850000 -0.104720
vt -6.583333 -0.104720
vt -6.850000 -0.087266
vt -6.583333 -0.087266
vt -6.850000 -0.069813
vt -6.583333 -0.069813
vt -6.850000 -0.052360
vt -6.583333 -0.052360
vt -6.850000 -0.034907
vt -6.583333 -0.034907
vt -6.050000 0.017453
vt -6.316667 0.017453
vt -6.050000 0.000000
vt -6.316667 0.000000
vt -6.050000 -0.017453
vt -6.316667 -0.017453
vt -6.050000 -0.034907
vt -6.316667 -0.034907
vt -6.050000 -0.052360
vt -6.316667 -0.052360
vt -6.050000 -0.069813
vt -6.316667 -0.069813
vt -6.050000 -0.087266
vt -6.316667 -0.087266
vt -6.050000 -0.104720
vt -6.316667 -0.104720
vt -6.050000 -0.122173
vt -6.316667 -0.122173
vt -6.050000 -0.139626
vt -6.316667 -0.139626
vt -6.050000 -0.157080
vt -6.316667 -0.157080
vt -6.050000 -0.174533
vt -6.316667 -0.174533
vt -6.050000 -0.191986
vt -6.316667 -0.191986
vt -6.050000 -0.209440
vt -6.316667 -0.209440
vt -6.050000 -0.226893
vt -6.316667 -0.226893
vt -6.050000 -0.244346
vt -6.316667 -0.244346
vt -6.050000 -0.261799
vt -6.316667 -0.261799
vt -6.050000 -0.279253
vt -6.316667 -0.279253
vt -6.050000 -0.296706
vt -6.316667 -0.296706
vt -6.050000 -0.314159
vt -6.316667 -0.314159
vt -6.050000 0.314159
vt -6.316667 0.314159
vt -6.050000 0.296706
vt -6.316667 0.296706
vt -6.050000 0.279253
vt -6.316667 0.279253
vt -6.050000 0.261799
vt -6.316667 0.261799
vt -6.050000 0.244346
vt -6.316667 0.244346
vt -6.050000 0.226893
vt -6.316667 0.226893
vt -6.050000 0.209440
vt -6.316667 0.209440
vt -6.050000 0.191986
vt -6.316667 0.191986
vt -6.050000 0.174533
vt -6.316667 0.174533
vt -6.050000 0.157080
vt -6.316667 0.157080
vt -6.050000 0.139626
vt -6.316667 0.139626
vt -6.050000 0.122173
vt -6.316667 0.122173
vt -6.050000 0.104720
vt -6.316667 0.104720
vt -6.050000 0.087266
vt -6.316667 0.087266
vt -6.050000 0.069813
vt -6.316667 0.069813
vt -6.050000 0.052360
vt -6.316667 0.052360
vt -6.050000 0.034907
vt -6.316667 0.034907
vt -5.600000 -0.017453
vt -5.333333 -0.017453
vt -5.600000 0.000000
vt -5.333333 0.000000
vt -5.600000 0.017453
vt -5.333333 0.017453
vt -5.600000 0.034907
vt -5.333333 0.034907
vt -5.600000 0.052360
vt -5.333333 0.052360
vt -5.600000 0.069813
vt -5.333333 0.069813
vt -5.600000 0.087266
vt -5.333333 0.087266
vt -5.600000 0.104720
vt -5.333333 0.104720
vt -5.600000 0.122173
vt -5.333333 0.122173
vt -5.600000 0.139626
vt -5.333333 0.139626
vt -5.600000 0.157080
vt -5.333333 0.157080
vt -5.600000 0.174533
vt -5.333333 0.174533
vt -5.600000 0.191986
vt -5.333333 0.191986
vt -5.600000 0.209440
vt -5.333333 0.209440
vt -5.600000 0.226893
vt -5.333333 0.226893
vt -5.600000 0.244346
vt -5.333333 0.244346
vt -5.600000 0.261799
vt -5.333333 0.261799
vt -5.600000 0.279253
vt -5.333333 0.279253
vt -5.600000 0.296706
vt -5.333333 0.296706
vt -5.600000 0.314159
vt -5.333333 0.314159
vt -5.600000 -0.314159
vt -5.333333 -0.314159
vt -5.600000 -0.296706
vt -5.333333 -0.296706
vt -5.600000 -0.279253
vt -5.333333 -0.279253
vt -5.600000 -0.261799
vt -5.333333 -0.261799
vt -5.600000 -0.244346
vt -5.333333 -0.244346
vt -5.600000 -0.226893
vt -5.333333 -0.226893
vt -5.600000 -0.209440
vt -5.333333 -0.209440
vt -5.600000 -0.191986
vt -5.333333 -0.191986
vt -5.600000 -0.174533
vt -5.333333 -0.174533
vt -5.600000 -0.157080
vt -5.333333 -0.157080
vt -5.600000 -0.139626
vt -5.333333 -0.139626
vt -5.600000 -0.122173
vt -5.333333 -0.122173
vt -5.600000 -0.104720
vt -5.333333 -0.104720
vt -5.600000 -0.087266
vt -5.333333 -0.087266
vt -5.600000 -0.069813
vt -5.333333 -0.069813
vt -5.600000 -0.052360
vt -5.333333 -0.052360
vt -5.600000 -0.034907
vt -5.333333 -0.034907
vt -4.800000 0.017453
vt -5.066667 0.017453
vt -4.800000 0.000000
vt -5.066667 0.000000
vt -4.800000 -0.017453
vt -5.066667 -0.017453
vt -4.800000 -0.034907
vt -5.066667 -0.034907
vt -4.800000 -0.052360
vt -5.066667 -0.052360
vt -4.800000 -0.069813
vt -5.066667 -0.069813
vt -4.800000 -0.087266
vt -5.066667 -0.087266
vt -4.800000 -0.104720
vt -5.066667 -0.104720
vt -4.800000 -0.122173
vt -5.066667 -0.122173
vt -4.800000 -0.139626
vt -5.066667 -0.139626
vt -4.800000 -0.157080
vt -5.066667 -0.157080
vt -4.800000 -0.174533
vt -5.066667 -0.174533
vt -4.800000 -0.191986
vt -5.066667 -0.191986
vt -4.800000 -0.209440
vt -5.066667 -0.209440
vt -4.800000 -0.226893
vt -5.066667 -0.226893
vt -4.800000 -0.244346
vt -5.066667 -0.244346
vt -4.800000 -0.261799
vt -5.066667 -0.261799
vt -4.800000 -0.279253
vt -5.066667 -0.279253
vt -4.800000 -0.296706
vt -5.066667 -0.296706
vt -4.800000 -0.314159
vt -5.066667 -0.314159
vt -4.800000 0.314159
vt -5.066667 0.314159
vt -4.800000 0.296706
vt -5.066667 0.296706
vt -4.800000 0.279253
vt -5.066667 0.279253
vt -4.800000 0.261799
vt -5.066667 0.261799
vt -4.800000 0.244346
vt -5.066667 0.244346
vt -4.800000 0.226893
vt -5.066667 0.226893
vt -4.800000 0.209440
vt -5.066667 0.209440
vt -4.800000 0.191986
vt -5.066667 0.191986
vt -4.800000 0.174533
vt -5.066667 0.174533
vt -4.800000 0.157080
vt -5.066667 0.157080
vt -4.800000 0.139626
vt -5.066667 0.139626
vt -4.800000 0.122173
vt -5.066667 0.122173
vt -4.800000 0.104720
vt -5.066667 0.104720
vt -4.800000 0.087266
vt -5.066667 0.087266
vt -4.800000 0.069813
vt -5.066667 0.069813
vt -4.800000 0.052360
vt -5.066667 0.052360
vt -4.800000 0.034907
vt -5.066667 0.034907
vt -4.350000 -0.017453
vt -4.083333 -0.017453
vt -4.350000 0.000000
vt -4.083333 0.000000
vt -4.350000 0.017453
vt -4.083333 0.017453
vt -4.350000 0.034907
vt -4.083333 0.034907
vt -4.350000 0.052360
vt -4.083333 0.052360
vt -4.350000 0.069813
vt -4.083333 0.069813
vt -4.350000 0.087266
vt -4.083333 0.087266
vt -4.350000 0.104720
vt -4.083333 0.104720
vt -4.350000 0.122173
vt -4.083333 0.122173
vt -4.350000 0.139626
vt -4.083333 0.139626
vt -4.350000 0.157080
vt -4.083333 0.157080
vt -4.350000 0.174533
vt -4.083333 0.174533
vt -4.350000 0.191986
vt -4.083333 0.191986
vt -4.350000 0.209440
vt -4.083333 0.209440
vt -4.350000 0.226893
vt -4.083333 0.226893
vt -4.350000 0.244346
vt -4.083333 0.244346
vt -4.350000 0.261799
vt -4.083333 0.261799
vt -4.350000 0.279253
vt -4.083333 0.279253
vt -4.350000 0.296706
vt -4.083333 0.296706
vt -4.350000 0.314159
vt -4.083333 0.314159
vt -4.350000 -0.314159
vt -4.083333 -0.314159
vt -4.350000 -0.296706
vt -4.083333 -0.296706
vt -4.350000 -0.279253
vt -4.083333 -0.279253
vt -4.350000 -0.261799
vt -4.083333 -0.261799
vt -4.350000 -0.244346
vt -4.083333 -0.244346
vt -4.350000 -0.226893
vt -4.083333 -0.226893
vt -4.350000 -0.209440
vt -4.083333 -0.209440
vt -4.350000 -0.191986
vt -4.083333 -0.191986
vt -4.350000 -0.174533
vt -4.083333 -0.174533
vt -4.350000 -0.157080
vt -4.083333 -0.157080
vt -4.350000 -0.139626
vt -4.083333 -0.139626
vt -4.350000 -0.122173
vt -4.083333 -0.122173
vt -4.350000 -0.104720
vt -4.083333 -0.104720
vt -4.350000 -0.087266
vt -4.083333 -0.087266
vt -4.350000 -0.069813
vt -4.083333 -0.069813
vt -4.350000 -0.052360
vt -4.083333 -0.052360
vt -4.350000 -0.034907
vt -4.083333 -0.034907
vt -3.550000 0.017453
vt -3.816667 0.017453
vt -3.550000 0.000000
vt -3.816667 0.000000
vt -3.550000 -0.017453
vt -3.816667 -0.017453
vt -3.550000 -0.034907
vt -3.816667 -0.034907
vt -3.550000 -0.052360
vt -3.816667 -0.052360
vt -3.550000 -0.069813
vt -3.816667 -0.069813
vt -3.550000 -0.087266
vt -3.816667 -0.087266
vt -3.550000 -0.104720
vt -3.816667 -0.104720
vt -3.550000 -0.122173
vt -3.816667 -0.122173
vt -3.550000 -0.139626
vt -3.816667 -0.139626
vt -3.550000 -0.157080
vt -3.816667 -0.157080
vt -3.550000 -0.174533
vt -3.816667 -0.174533
vt -3.550000 -0.191986
vt -3.816667 -0.191986
vt -3.550000 -0.209440
vt -3.816667 -0.209440
vt -3.550000 -0.226893
vt -3.816667 -0.226893
vt -3.550000 -0.244346
vt -3.816667 -0.244346
vt -3.550000 -0.261799
vt -3.816667 -0.261799
vt -3.550000 -0.279253
vt -3.816667 -0.279253
vt -3.550000 -0.296706
vt -3.816667 -0.296706
vt -3.550000 -0.314159
vt -3.816667 -0.314159
vt -3.550000 0.314159
vt -3.816667 0.314159
vt -3.550000 0.296706
vt -3.816667 0.296706
vt -3.550000 0.279253
vt -3.816667 0.279253
vt -3.550000 0.261799
vt -3.816667 0.261799
vt -3.550000 0.244346
vt -3.816667 0.244346
vt -3.550000 0.226893
vt -3.816667 0.226893
vt -3.550000 0.209440
vt -3.816667 0.209440
vt -3.550000 0.191986
vt -3.816667 0.191986
vt -3.550000 0.174533
vt -3.816667 0.174533
vt -3.550000 0.157080
vt -3.816667 0.157080
vt -3.550000 0.139626
vt -3.816667 0.139626
vt -3.550000 0.122173
vt -3.816667 0.122173
vt -3.550000 0.104720
vt -3.816667 0.104720
vt -3.550000 0.087266
vt -3.816667 0.087266
vt -3.550000 0.069813
vt -3.816667 0.069813
vt -3.550000 0.052360
vt -3.816667 0.052360
vt -3.550000 0.034907
vt -3.816667 0.034907
vt -3.100000 -0.017453
vt -2.833333 -0.017453
vt -3.100000 0.000000
vt -2.833333 0.000000
vt -3.100000 0.017453
vt -2.833333 0.017453
vt -3.100000 0.034907
vt -2.833333 0.034907
vt -3.100000 0.052360
vt -2.833333 0.052360
vt -3.100000 0.069813
vt -2.833333 0.069813
vt -3.100000 0.087266
vt -2.833333 0.087266
vt -3.100000 0.104720
vt -2.833333 0.104720
vt -3.100000 0.122173
vt -2.833333 0.122173
vt -3.100000 0.139626
vt -2.833333 0.139626
vt -3.100000 0.157080
vt -2.833333 0.157080
vt -3.100000 0.174533
vt -2.833333 0.174533
vt -3.100000 0.191986
vt -2.833333 0.191986
vt -3.100000 0.209440
vt -2.833333 0.209440
vt -3.100000 0.226893
vt -2.833333 0.226893
vt -3.100000 0.244346
vt -2.833333 0.244346
vt -3.100000 0.261799
vt -2.833333 0.261799
vt -3.100000 0.279253
vt -2.833333 0.279253
vt -3.100000 0.296706
vt -2.833333 0.296706
vt -3.100000 0.314159
vt -2.833333 0.314159
vt -3.100000 -0.314159
vt -2.833333 -0.314159
vt -3.100000 -0.296706
vt -2.833333 -0.296706
vt -3.100000 -0.279253
vt -2.833333 -0.279253
vt -3.100000 -0.261799
vt -2.833333 -0.261799
vt -3.100000 -0.244346
vt -2.833333 -0.244346
vt -3.100000 -0.226893
vt -2.833333 -0.226893
vt -3.100000 -0.209440
vt -2.833333 -0.209440
vt -3.100000 -0.191986
vt -2.833333 -0.191986
vt -3.100000 -0.174533
vt -2.833333 -0.174533
vt -3.100000 -0.157080
vt -2.833333 -0.157080
vt -3.100000 -0.139626
vt -2.833333 -0.139626
vt -3.100000 -0.122173
vt -2.833333 -0.122173
vt -3.100000 -0.104720
vt -2.833333 -0.104720
vt -3.100000 -0.087266
vt -2.833333 -0.087266
vt -3.100000 -0.069813
vt -2.833333 -0.069813
vt -3.100000 -0.052360
vt -2.833333 -0.052360
vt -3.100000 -0.034907
vt -2.833333 -0.034907
vt -2.300000 0.017453
vt -2.566667 0.017453
vt -2.300000 0.000000
vt -2.566667 0.000000
vt -2.300000 -0.017453
vt -2.566667 -0.017453
vt -2.300000 -0.034907
vt -2.566667 -0.034907
vt -2.300000 -0.052360
vt -2.566667 -0.052360
vt -2.300000 -0.069813
vt -2.566667 -0.069813
vt -2.300000 -0.087266
vt -2.566667 -0.087266
vt -2.300000 -0.104720
vt -2.566667 -0.104720
vt -2.300000 -0.122173
vt -2.566667 -0.122173
vt -2.300000 -0.139626
vt -2.566667 -0.139626
vt -2.300000 -0.157080
vt -2.566667 -0.157080
vt -2.300000 -0.174533
vt -2.566667 -0.174533
vt -2.300000 -0.191986
vt -2.566667 -0.191986
vt -2.300000 -0.209440
vt -2.566667 -0.209440
vt -2.300000 -0.226893
vt -2.566667 -0.226893
vt -2.300000 -0.244346
vt -2.566667 -0.244346
vt -2.300000 -0.261799
vt -2.566667 -0.261799
vt -2.300000 -0.279253
vt -2.566667 -0.279253
vt -2.300000 -0.296706
vt -2.566667 -0.296706
vt -2.300000 -0.314159
vt -2.566667 -0.314159
vt -2.300000 0.314159
vt -2.566667 0.314159
vt -2.300000 0.296706
vt -2.566667 0.296706
vt -2.300000 0.279253
vt -2.566667 0.279253
vt -2.300000 0.261799
vt -2.566667 0.261799
vt -2.300000 0.244346
vt -2.566667 0.244346
vt -2.300000 0.226893
vt -2.566667 0.226893
vt -2.300000 0.209440
vt -2.566667 0.209440
vt -2.300000 0.191986
vt -2.566667 0.191986
vt -2.300000 0.174533
vt -2.566667 0.174533
vt -2.300000 0.157080
vt -2.566667 0.157080
vt -2.300000 0.139626
vt -2.566667 0.139626
vt -2.300000 0.122173
vt -2.566667 0.122173
vt -2.300000 0.104720
vt -2.566667 0.104720
vt -2.300000 0.087266
vt -2.566667 0.087266
vt -2.300000 0.069813
vt -2.566667 0.069813
vt -2.300000 0.052360
vt -2.566667 0.052360
vt -2.300000 0.034907
vt -2.566667 0.034907
vt -1.050000 0.017453
vt -1.316667 0.017453
vt -1.050000 0.000000
vt -1.316667 0.000000
vt -1.050000 -0.017453
vt -1.316667 -0.017453
vt -1.050000 -0.034907
vt -1.316667 -0.034907
vt -1.050000 -0.052360
vt -1.316667 -0.052360
vt -1.050000 -0.069813
vt -1.316667 -0.069813
vt -1.050000 -0.087266
vt -1.316667 -0.087266
vt -1.050000 -0.104720
vt -1.316667 -0.104720
vt -1.050000 -0.122173
vt -1.316667 -0.122173
vt -1.050000 -0.139626
vt -1.316667 -0.139626
vt -1.050000 -0.157080
vt -1.316667 -0.157080
vt -1.050000 -0.174533
vt -1.316667 -0.174533
vt -1.050000 -0.191986
vt -1.316667 -0.191986
vt -1.050000 -0.209440
vt -1.316667 -0.209440
vt -1.050000 -0.226893
vt -1.316667 -0.226893
vt -1.050000 -0.244346
vt -1.316667 -0.244346
vt -1.050000 -0.261799
vt -1.316667 -0.261799
vt -1.050000 -0.279253
vt -1.316667 -0.279253
vt -1.050000 -0.296706
vt -1.316667 -0.296706
vt -1.050000 -0.314159
vt -1.316667 -0.314159
vt -1.050000 0.314159
vt -1.316667 0.314159
vt -1.050000 0.296706
vt -1.316667 0.296706
vt -1.050000 0.279253
vt -1.316667 0.279253
vt -1.050000 0.261799
vt -1.316667 0.261799
vt -1.050000 0.244346
vt -1.316667 0.244346
vt -1.050000 0.226893
vt -1.316667 0.226893
vt -1.050000 0.209440
vt -1.316667 0.209440
vt -1.050000 0.191986
vt -1.316667 0.191986
vt -1.050000 0.174533
vt -1.316667 0.174533
vt -1.050000 0.157080
vt -1.316667 0.157080
vt -1.050000 0.139626
vt -1.316667 0.139626
vt -1.050000 0.122173
vt -1.316667 0.122173
vt -1.050000 0.104720
vt -1.316667 0.104720
vt -1.050000 0.087266
vt -1.316667 0.087266
vt -1.050000 0.069813
vt -1.316667 0.069813
vt -1.050000 0.052360
vt -1.316667 0.052360
vt -1.050000 0.034907
vt -1.316667 0.034907
vt -1.850000 -0.017453
vt -1.583333 -0.017453
vt -1.850000 0.000000
vt -1.583333 0.000000
vt -1.850000 0.017453
vt -1.583333 0.017453
vt -1.850000 0.034907
vt -1.583333 0.034907
vt -1.850000 0.052360
vt -1.583333 0.052360
vt -1.850000 0.069813
vt -1.583333 0.069813
vt -1.850000 0.087266
vt -1.583333 0.087266
vt -1.850000 0.104720
vt -1.583333 0.104720
vt -1.850000 0.122173
vt -1.583333 0.122173
vt -1.850000 0.139626
vt -1.583333 0.139626
vt -1.850000 0.157080
vt -1.583333 0.157080
vt -1.850000 0.174533
vt -1.583333 0.174533
vt -1.850000 0.191986
vt -1.583333 0.191986
vt -1.850000 0.209440
vt -1.583333 0.209440
vt -1.850000 0.226893
vt -1.583333 0.226893
vt -1.850000 0.244346
vt -1.583333 0.244346
vt -1.850000 0.261799
vt -1.583333 0.261799
vt -1.850000 0.279253
vt -1.583333 0.279253
vt -1.850000 0.296706
vt -1.583333 0.296706
vt -1.850000 0.314159
vt -1.583333 0.314159
vt -1.850000 -0.314159
vt -1.583333 -0.314159
vt -1.850000 -0.296706
vt -1.583333 -0.296706
vt -1.850000 -0.279253
vt -1.583333 -0.279253
vt -1.850000 -0.261799
vt -1.583333 -0.261799
vt -1.850000 -0.244346
vt -1.583333 -0.244346
vt -1.850000 -0.226893
vt -1.583333 -0.226893
vt -1.850000 -0.209440
vt -1.583333 -0.209440
vt -1.850000 -0.191986
vt -1.583333 -0.191986
vt -1.850000 -0.174533
vt -1.583333 -0.174533
vt -1.850000 -0.157080
vt -1.583333 -0.157080
vt -1.850000 -0.139626
vt -1.583333 -0.139626
vt -1.850000 -0.122173
vt -1.583333 -0.122173
vt -1.850000 -0.104720
vt -1.583333 -0.104720
vt -1.850000 -0.087266
vt -1.583333 -0.087266
vt -1.850000 -0.069813
vt -1.583333 -0.069813
vt -1.850000 -0.052360
vt -1.583333 -0.052360
vt -1.850000 -0.034907
vt -1.583333 -0.034907
s 1
usemtl 178,0,0
f 58/1/1 1/2/1 57/3/2
f 57/3/2 1/2/1 2/4/2
f 57/3/2 2/4/2 3/5/3
f 57/3/2 3/5/3 56/6/3
f 56/6/3 3/5/3 4/7/4
f 56/6/3 4/7/4 55/8/4
f 55/8/4 4/7/4 5/9/5
f 55/8/4 5/9/5 54/10/5
f 54/10/5 5/9/5 6/11/6
f 54/10/5 6/11/6 53/12/6
f 53/12/6 6/11/6 7/13/7
f 53/12/6 7/13/7 52/14/7
f 52/14/7 7/13/7 8/15/8
f 52/14/7 8/15/8 51/16/8
f 51/16/8 8/15/8 9/17/9
f 51/16/8 9/17/9 50/18/9
f 50/18/9 9/17/9 10/19/10
f 50/18/9 10/19/10 49/20/10
f 49/20/10 10/19/10 11/21/11
f 49/20/10 11/21/11 48/22/11
f 48/22/11 11/21/11 12/23/12
f 48/22/11 12/23/12 47/24/12
f 47/24/12 12/23/12 13/25/13
f 47/24/12 13/25/13 46/26/13
f 46/26/13 13/25/13 14/27/14
f 46/26/13 14/27/14 45/28/14
f 45/28/14 14/27/14 15/29/15
f 45/28/14 15/29/15 44/30/15
f 44/30/15 15/29/15 16/31/16
f 44/30/15 16/31/16 43/32/16
f 43/32/16 16/31/16 17/33/17
f 43/32/16 17/33/17 42/34/17
f 42/34/17 17/33/17 18/35/18
f 42/34/17 18/35/18 41/36/18
f 41/36/18 18/35/18 19/37/19
f 41/36/18 19/37/19 40/38/19
f 40/38/19 19/37/19 20/39/20
f 40/38/19 20/39/20 39/40/20
f 39/40/20 20/39/20 21/41/21
f 39/40/20 21/41/21 38/42/21
f 38/42/21 21/41/21 22/43/22
f 38/42/21 22/43/22 37/44/22
f 37/44/22 22/43/22 23/45/23
f 37/44/22 23/45/23 36/46/23
f 36/46/23 23/45/23 24/47/24
f 36/46/23 24/47/24 35/48/24
f 35/48/24 24/47/24 25/49/25
f 35/48/24 25/49/25 34/50/25
f 34/50/25 25/49/25 26/51/26
f 34/50/25 26/51/26 33/52/26
f 33/52/26 26/51/26 27/53/27
f 33/52/26 27/53/27 32/54/27
f 32/54/27 27/53/27 28/55/28
f 32/54/27 28/55/28 31/56/28
f 31/56/28 28/55/28 30/57/29
f 30/57/29 28/55/28 29/58/29
f 29/59/30 28/60/31 59/61/31
f 59/61/31 28/60/31 77/62/31
f 77/62/31 28/60/31 27/63/31
f 77/62/31 27/63/31 26/64/31
f 25/65/31 108/66/31 26/64/31
f 26/64/31 108/66/31 76/67/31
f 26/64/31 76/67/31 77/62/31
f 25/65/31 24/68/31 108/66/31
f 108/66/31 24/68/31 107/69/30
f 107/69/30 24/68/31 23/70/31
f 107/69/30 23/70/31 22/71/31
f 107/69/30 22/71/31 106/72/32
f 106/72/32 22/71/31 21/73/31
f 106/72/32 21/73/31 105/74/31
f 105/74/31 21/73/31 20/75/31
f 105/74/31 20/75/31 104/76/31
f 104/76/31 20/75/31 19/77/31
f 104/76/31 19/77/31 103/78/30
f 103/78/30 19/77/31 18/79/31
f 103/78/30 18/79/31 17/80/31
f 103/78/30 17/80/31 102/81/31
f 102/81/31 17/80/31 16/82/31
f 102/81/31 16/82/31 101/83/31
f 101/83/31 16/82/31 15/84/31
f 101/83/31 15/84/31 100/85/31
f 100/85/31 15/84/31 14/86/31
f 100/85/31 14/86/31 99/87/31
f 99/87/31 14/86/31 13/88/31
f 99/87/31 13/88/31 98/89/31
f 98/89/31 13/88/31 12/90/31
f 98/89/31 12/90/31 11/91/31
f 98/89/31 11/91/31 97/92/31
f 97/92/31 11/91/31 10/93/31
f 97/92/31 10/93/31 96/94/31
f 96/94/31 10/93/31 9/95/31
f 96/94/31 9/95/31 95/96/31
f 95/96/31 9/95/31 8/97/31
f 95/96/31 8/97/31 94/98/31
f 94/98/31 8/97/31 7/99/31
f 94/98/31 7/99/31 6/100/31
f 94/98/31 6/100/31 93/101/31
f 93/101/31 6/100/31 5/102/31
f 93/101/31 5/102/31 4/103/31
f 3/104/31 61/105/31 4/103/31
f 4/103/31 61/105/31 62/106/31
f 4/103/31 62/106/31 93/101/31
f 93/101/31 62/106/31 92/107/31
f 92/107/31 62/106/31 63/108/30
f 92/107/31 63/108/30 91/109/31
f 91/109/31 63/108/30 64/110/31
f 91/109/31 64/110/31 90/111/31
f 90/111/31 64/110/31 65/112/31
f 90/111/31 65/112/31 89/113/31
f 89/113/31 65/112/31 88/114/33
f 88/114/33 65/112/31 66/115/31
f 88/114/33 66/115/31 87/116/34
f 87/116/34 66/115/31 67/117/31
f 87/116/34 67/117/31 86/118/31
f 86/118/31 67/117/31 85/119/33
f 85/119/33 67/117/31 68/120/31
f 85/119/33 68/120/31 84/121/33
f 84/121/33 68/120/31 83/122/31
f 83/122/31 68/120/31 69/123/31
f 83/122/31 69/123/31 82/124/31
f 82/124/31 69/123/31 70/125/31
f 82/124/31 70/125/31 81/126/33
f 81/126/33 70/125/31 80/127/33
f 80/127/33 70/125/31 71/128/31
f 80/127/33 71/128/31 79/129/31
f 79/129/31 71/128/31 78/130/31
f 78/130/31 71/128/31 72/131/31
f 78/130/31 72/131/31 113/132/31
f 113/132/31 72/131/31 73/133/31
f 113/132/31 73/133/31 112/134/33
f 112/134/33 73/133/31 111/135/33
f 111/135/33 73/133/31 74/136/31
f 111/135/33 74/136/31 110/137/31
f 110/137/31 74/136/31 75/138/31
f 110/137/31 75/138/31 109/139/33
f 109/139/33 75/138/31 76/67/31
f 109/139/33 76/67/31 108/66/31
f 3/104/31 2/140/31 61/105/31
f 61/105/31 2/140/31 60/141/31
f 60/141/31 2/140/31 1/142/31
f 29/143/35 59/144/35 30/145/35
f 30/145/35 59/144/35 114/146/35
f 30/147/36 114/148/36 31/149/36
f 31/149/36 114/148/36 115/150/36
f 31/149/36 115/150/36 32/151/36
f 32/151/36 115/150/36 33/152/36
f 33/152/36 115/150/36 116/153/37
f 33/152/36 116/153/37 34/154/36
f 34/154/36 116/153/37 117/155/36
f 34/154/36 117/155/36 35/156/36
f 35/156/36 117/155/36 36/157/36
f 36/157/36 117/155/36 118/158/36
f 36/157/36 118/158/36 37/159/36
f 37/159/36 118/158/36 119/160/36
f 37/159/36 119/160/36 38/161/36
f 38/161/36 119/160/36 39/162/36
f 39/162/36 119/160/36 120/163/38
f 39/162/36 120/163/38 40/164/36
f 40/164/36 120/163/38 121/165/38
f 40/164/36 121/165/38 41/166/36
f 41/166/36 121/165/38 42/167/36
f 42/167/36 121/165/38 122/168/36
f 42/167/36 122/168/36 43/169/36
f 43/169/36 122/168/36 123/170/36
f 43/169/36 123/170/36 44/171/36
f 44/171/36 123/170/36 45/172/36
f 45/172/36 123/170/36 124/173/36
f 45/172/36 124/173/36 46/174/36
f 46/174/36 124/173/36 125/175/36
f 46/174/36 125/175/36 47/176/36
f 47/176/36 125/175/36 48/177/36
f 48/177/36 125/175/36 49/178/36
f 49/178/36 125/175/36 50/179/36
f 50/179/36 125/175/36 51/180/36
f 51/180/36 125/175/36 52/181/36
f 52/181/36 125/175/36 53/182/36
f 53/182/36 125/175/36 54/183/36
f 54/183/36 125/175/36 55/184/36
f 55/184/36 125/175/36 126/185/36
f 55/184/36 126/185/36 56/186/36
f 56/186/36 126/185/36 127/187/36
f 56/186/36 127/187/36 128/188/36
f 128/188/36 129/189/36 56/186/36
f 56/186/36 129/189/36 57/190/36
f 57/190/36 129/189/36 130/191/36
f 57/190/36 130/191/36 131/192/36
f 132/193/36 58/194/36 131/192/36
f 131/192/36 58/194/36 57/190/36
f 60/143/39 1/144/39 132/145/39
f 132/145/39 1/144/39 58/146/39
f 114/195/40 59/196/40 115/197/41
f 115/197/41 59/196/40 77/198/41
f 115/197/41 77/198/41 76/199/42
f 115/197/41 76/199/42 116/200/42
f 116/200/42 76/199/42 75/201/43
f 116/200/42 75/201/43 117/202/43
f 117/202/43 75/201/43 74/203/44
f 117/202/43 74/203/44 118/204/44
f 118/204/44 74/203/44 73/205/45
f 118/204/44 73/205/45 119/206/45
f 119/206/45 73/205/45 72/207/46
f 119/206/45 72/207/46 120/208/46
f 120/208/46 72/207/46 71/209/47
f 120/208/46 71/209/47 121/210/47
f 121/210/47 71/209/47 70/211/48
f 121/210/47 70/211/48 122/212/48
f 122/212/48 70/211/48 69/213/49
f 122/212/48 69/213/49 123/214/49
f 123/214/49 69/213/49 68/215/50
f 123/214/49 68/215/50 124/216/50
f 124/216/50 68/215/50 67/217/51
f 124/216/50 67/217/51 125/218/51
f 125/218/51 67/217/51 66/219/52
f 125/218/51 66/219/52 126/220/52
f 126/220/52 66/219/52 65/221/53
f 126/220/52 65/221/53 127/222/53
f 127/222/53 65/221/53 64/223/54
f 127/222/53 64/223/54 128/224/54
f 128/224/54 64/223/54 63/225/55
f 128/224/54 63/225/55 129/226/55
f 129/226/55 63/225/55 62/227/56
f 129/226/55 62/227/56 130/228/56
f 130/228/56 62/227/56 61/229/57
f 130/228/56 61/229/57 131/230/57
f 131/230/57 61/229/57 132/231/58
f 132/231/58 61/229/57 60/232/58
f 113/233/59 171/234/59 78/235/35
f 78/235/35 171/234/59 174/236/35
f 78/235/35 174/236/35 79/237/60
f 79/237/60 174/236/35 239/238/60
f 79/237/60 239/238/60 80/239/61
f 80/239/61 239/238/60 237/240/61
f 80/239/61 237/240/61 81/241/62
f 81/241/62 237/240/61 235/242/62
f 81/241/62 235/242/62 82/243/63
f 82/243/63 235/242/62 233/244/63
f 82/243/63 233/244/63 83/245/64
f 83/245/64 233/244/63 231/246/64
f 83/245/64 231/246/64 84/247/65
f 84/247/65 231/246/64 229/248/65
f 84/247/65 229/248/65 85/249/66
f 85/249/66 229/248/65 227/250/66
f 85/249/66 227/250/66 86/251/67
f 86/251/67 227/250/66 225/252/68
f 86/251/67 225/252/68 87/253/39
f 87/253/39 225/252/68 223/254/39
f 87/253/39 223/254/39 88/255/69
f 88/255/69 223/254/39 221/256/69
f 88/255/69 221/256/69 89/257/70
f 89/257/70 221/256/69 219/258/70
f 89/257/70 219/258/70 90/259/71
f 90/259/71 219/258/70 217/260/71
f 90/259/71 217/260/71 91/261/72
f 91/261/72 217/260/71 215/262/72
f 91/261/72 215/262/72 92/263/73
f 92/263/73 215/262/72 213/264/73
f 92/263/73 213/264/73 93/265/74
f 93/265/74 213/264/73 211/266/74
f 93/265/74 211/266/74 94/267/75
f 94/267/75 211/266/74 209/268/75
f 94/267/75 209/268/75 95/269/76
f 95/269/76 209/268/75 207/270/76
f 95/269/76 207/270/76 96/271/77
f 96/271/77 207/270/76 169/272/77
f 96/273/77 169/274/77 97/275/78
f 97/275/78 169/274/77 205/276/78
f 97/275/78 205/276/78 98/277/79
f 98/277/79 205/276/78 203/278/79
f 98/277/79 203/278/79 99/279/80
f 99/279/80 203/278/79 201/280/80
f 99/279/80 201/280/80 100/281/81
f 100/281/81 201/280/80 199/282/81
f 100/281/81 199/282/81 101/283/82
f 101/283/82 199/282/81 197/284/82
f 101/283/82 197/284/82 102/285/83
f 102/285/83 197/284/82 195/286/83
f 102/285/83 195/286/83 103/287/84
f 103/287/84 195/286/83 193/288/84
f 103/287/84 193/288/84 104/289/85
f 104/289/85 193/288/84 191/290/85
f 104/289/85 191/290/85 105/291/86
f 105/291/86 191/290/85 189/292/86
f 105/291/86 189/292/86 106/293/87
f 106/293/87 189/292/86 187/294/87
f 106/293/87 187/294/87 107/295/88
f 107/295/88 187/294/87 185/296/88
f 107/295/88 185/296/88 108/297/89
f 108/297/89 185/296/88 183/298/89
f 108/297/89 183/298/89 109/299/90
f 109/299/90 183/298/89 181/300/90
f 109/299/90 181/300/90 110/301/91
f 110/301/91 181/300/90 179/302/91
f 110/301/91 179/302/91 111/303/92
f 111/303/92 179/302/91 177/304/92
f 111/303/92 177/304/92 112/305/93
f 112/305/93 177/304/92 175/306/93
f 112/305/93 175/306/93 113/233/59
f 113/233/59 175/306/93 171/234/59
f 134/307/60 240/308/60 133/309/35
f 133/309/35 240/308/60 173/310/35
f 133/309/35 173/310/35 168/311/59
f 168/311/59 173/310/35 172/312/59
f 168/311/59 172/312/59 167/313/93
f 167/313/93 172/312/59 176/314/93
f 167/313/93 176/314/93 166/315/92
f 166/315/92 176/314/93 178/316/92
f 166/315/92 178/316/92 165/317/91
f 165/317/91 178/316/92 180/318/91
f 165/317/91 180/318/91 164/319/90
f 164/319/90 180/318/91 182/320/90
f 164/319/90 182/320/90 163/321/89
f 163/321/89 182/320/90 184/322/89
f 163/321/89 184/322/89 162/323/88
f 162/323/88 184/322/89 186/324/88
f 162/323/88 186/324/88 161/325/87
f 161/325/87 186/324/88 188/326/87
f 161/325/87 188/326/87 160/327/86
f 160/327/86 188/326/87 190/328/86
f 160/327/86 190/328/86 159/329/85
f 159/329/85 190/328/86 192/330/85
f 159/329/85 192/330/85 158/331/84
f 158/331/84 192/330/85 194/332/84
f 158/331/84 194/332/84 157/333/83
f 157/333/83 194/332/84 196/334/83
f 157/333/83 196/334/83 156/335/82
f 156/335/82 196/334/83 198/336/82
f 156/335/82 198/336/82 155/337/81
f 155/337/81 198/336/82 200/338/81
f 155/337/81 200/338/81 154/339/80
f 154/339/80 200/338/81 202/340/80
f 154/339/80 202/340/80 153/341/79
f 153/341/79 202/340/80 204/342/79
f 153/341/79 204/342/79 152/343/78
f 152/343/78 204/342/79 206/344/78
f 152/343/78 206/344/78 151/345/77
f 151/345/77 206/344/78 170/346/77
f 151/347/77 170/348/77 150/349/76
f 150/349/76 170/348/77 208/350/76
f 150/349/76 208/350/76 149/351/75
f 149/351/75 208/350/76 210/352/75
f 149/351/75 210/352/75 148/353/74
f 148/353/74 210/352/75 212/354/74
f 148/353/74 212/354/74 147/355/73
f 147/355/73 212/354/74 214/356/73
f 147/355/73 214/356/73 146/357/72
f 146/357/72 214/356/73 216/358/72
f 146/357/72 216/358/72 145/359/71
f 145/359/71 216/358/72 218/360/71
f 145/359/71 218/360/71 144/361/70
f 144/361/70 218/360/71 220/362/70
f 144/361/70 220/362/70 143/363/69
f 143/363/69 220/362/70 222/364/69
f 143/363/69 222/364/69 142/365/39
f 142/365/39 222/364/69 224/366/39
f 142/365/39 224/366/39 141/367/68
f 141/367/68 224/366/39 226/368/68
f 141/367/68 226/368/68 140/369/66
f 140/369/66 226/368/68 228/370/66
f 140/369/66 228/370/66 139/371/65
f 139/371/65 228/370/66 230/372/65
f 139/371/65 230/372/65 138/373/64
f 138/373/64 230/372/65 232/374/64
f 138/373/64 232/374/64 137/375/63
f 137/375/63 232/374/64 234/376/63
f 137/375/63 234/376/63 136/377/62
f 136/377/62 234/376/63 236/378/62
f 136/377/62 236/378/62 135/379/61
f 135/379/61 236/378/62 238/380/61
f 135/379/61 238/380/61 134/307/60
f 134/307/60 238/380/61 240/308/60
f 169/274/77 170/346/77 205/276/78
f 205/276/78 170/346/77 206/344/78
f 205/276/78 206/344/78 203/278/79
f 203/278/79 206/344/78 204/342/79
f 203/278/79 204/342/79 201/280/80
f 201/280/80 204/342/79 202/340/80
f 201/280/80 202/340/80 199/282/81
f 199/282/81 202/340/80 200/338/81
f 199/282/81 200/338/81 197/284/82
f 197/284/82 200/338/81 198/336/82
f 197/284/82 198/336/82 195/286/83
f 195/286/83 198/336/82 196/334/83
f 195/286/83 196/334/83 193/288/84
f 193/288/84 196/334/83 194/332/84
f 193/288/84 194/332/84 191/290/85
f 191/290/85 194/332/84 192/330/85
f 191/290/85 192/330/85 189/292/86
f 189/292/86 192/330/85 190/328/86
f 189/292/86 190/328/86 187/294/87
f 187/294/87 190/328/86 188/326/87
f 187/294/87 188/326/87 185/296/88
f 185/296/88 188/326/87 186/324/88
f 185/296/88 186/324/88 183/298/89
f 183/298/89 186/324/88 184/322/89
f 183/298/89 184/322/89 181/300/90
f 181/300/90 184/322/89 182/320/90
f 181/300/90 182/320/90 179/302/91
f 179/302/91 182/320/90 180/318/91
f 179/302/91 180/318/91 177/304/92
f 177/304/92 180/318/91 178/316/92
f 177/304/92 178/316/92 175/306/93
f 175/306/93 178/316/92 176/314/93
f 175/306/93 176/314/93 171/234/59
f 171/234/59 176/314/93 172/312/59
f 171/234/59 172/312/59 174/236/35
f 174/236/35 172/312/59 173/310/35
f 174/236/35 173/310/35 239/238/60
f 239/238/60 173/310/35 240/308/60
f 239/238/60 240/308/60 237/240/61
f 237/240/61 240/308/60 238/380/61
f 237/240/61 238/380/61 235/242/62
f 235/242/62 238/380/61 236/378/62
f 235/242/62 236/378/62 233/244/63
f 233/244/63 236/378/62 234/376/63
f 233/244/63 234/376/63 231/246/64
f 231/246/64 234/376/63 232/374/64
f 231/246/64 232/374/64 229/248/65
f 229/248/65 232/374/64 230/372/65
f 229/248/65 230/372/65 227/250/66
f 227/250/66 230/372/65 228/370/66
f 227/250/66 228/370/66 225/252/68
f 225/252/68 228/370/66 226/368/68
f 225/252/68 226/368/68 223/254/39
f 223/254/39 226/368/68 224/366/39
f 223/254/39 224/366/39 221/256/69
f 221/256/69 224/366/39 222/364/69
f 221/256/69 222/364/69 219/258/70
f 219/258/70 222/364/69 220/362/70
f 219/258/70 220/362/70 217/260/71
f 217/260/71 220/362/70 218/360/71
f 217/260/71 218/360/71 215/262/72
f 215/262/72 218/360/71 216/358/72
f 215/262/72 216/358/72 213/264/73
f 213/264/73 216/358/72 214/356/73
f 213/264/73 214/356/73 211/266/74
f 211/266/74 214/356/73 212/354/74
f 211/266/74 212/354/74 209/268/75
f 209/268/75 212/354/74 210/352/75
f 209/268/75 210/352/75 207/270/76
f 207/270/76 210/352/75 208/350/76
f 207/270/76 208/350/76 169/272/77
f 169/272/77 208/350/76 170/348/77
f 241/147/36 242/148/36 288/149/36
f 288/149/36 242/148/36 243/150/36
f 288/149/36 243/150/36 287/151/36
f 287/151/36 243/150/36 286/152/36
f 286/152/36 243/150/36 244/153/36
f 286/152/36 244/153/36 163/381/37
f 163/381/37 244/153/36 164/382/37
f 164/382/37 244/153/36 245/155/36
f 164/382/37 245/155/36 165/383/38
f 165/383/38 245/155/36 246/158/36
f 165/383/38 246/158/36 166/384/36
f 166/384/36 246/158/36 247/160/36
f 166/384/36 247/160/36 167/385/36
f 167/385/36 247/160/36 168/386/36
f 168/386/36 247/160/36 248/163/36
f 168/386/36 248/163/36 133/387/36
f 133/387/36 248/163/36 249/165/36
f 133/387/36 249/165/36 134/388/36
f 134/388/36 249/165/36 135/389/36
f 135/389/36 249/165/36 250/168/36
f 135/389/36 250/168/36 136/390/36
f 136/390/36 250/168/36 137/391/36
f 137/391/36 250/168/36 251/170/36
f 137/391/36 251/170/36 138/392/37
f 138/392/37 251/170/36 252/173/38
f 138/392/37 252/173/38 139/393/37
f 139/393/37 252/173/38 140/394/36
f 140/394/36 252/173/38 253/175/36
f 140/394/36 253/175/36 141/395/36
f 141/395/36 253/175/36 142/396/36
f 142/396/36 253/175/36 254/185/36
f 142/396/36 254/185/36 143/397/36
f 143/397/36 254/185/36 255/187/37
f 143/397/36 255/187/37 144/398/94
f 144/398/94 255/187/37 145/399/36
f 145/399/36 255/187/37 256/188/36
f 145/399/36 256/188/36 146/400/36
f 146/400/36 256/188/36 257/189/37
f 146/400/36 257/189/37 147/401/95
f 147/401/95 257/189/37 258/191/36
f 147/401/95 258/191/36 148/402/38
f 148/402/38 258/191/36 264/184/36
f 148/402/38 264/184/36 265/183/36
f 258/191/36 259/192/36 264/184/36
f 264/184/36 259/192/36 263/186/36
f 263/186/36 259/192/36 262/190/36
f 262/190/36 259/192/36 260/193/36
f 262/190/36 260/193/36 261/194/36
f 265/183/36 266/182/36 148/402/38
f 148/402/38 266/182/36 149/403/36
f 149/403/36 266/182/36 267/181/36
f 149/403/36 267/181/36 268/180/36
f 149/403/36 268/180/36 150/404/36
f 150/404/36 268/180/36 269/179/36
f 150/404/36 269/179/36 151/405/36
f 151/405/36 269/179/36 270/178/36
f 151/405/36 270/178/36 152/406/36
f 152/406/36 270/178/36 271/177/36
f 152/406/36 271/177/36 153/407/36
f 153/407/36 271/177/36 272/176/36
f 153/407/36 272/176/36 273/174/36
f 153/407/36 273/174/36 154/408/38
f 154/408/38 273/174/36 274/172/36
f 154/408/38 274/172/36 155/409/36
f 155/409/36 274/172/36 275/171/36
f 155/409/36 275/171/36 156/410/38
f 156/410/38 275/171/36 276/169/36
f 156/410/38 276/169/36 157/411/94
f 157/411/94 276/169/36 277/167/36
f 157/411/94 277/167/36 158/412/38
f 158/412/38 277/167/36 278/166/36
f 158/412/38 278/166/36 279/164/36
f 158/412/38 279/164/36 159/413/36
f 159/413/36 279/164/36 280/162/36
f 159/413/36 280/162/36 160/414/36
f 160/414/36 280/162/36 281/161/36
f 160/414/36 281/161/36 161/415/37
f 161/415/37 281/161/36 282/159/36
f 161/415/37 282/159/36 162/416/96
f 162/416/96 282/159/36 283/157/36
f 162/416/96 283/157/36 284/156/36
f 162/416/96 284/156/36 163/381/37
f 163/381/37 284/156/36 285/154/36
f 163/381/37 285/154/36 286/152/36
f 242/143/35 241/144/35 290/145/35
f 290/145/35 241/144/35 289/146/35
f 308/417/58 260/418/58 307/419/57
f 307/419/57 260/418/58 259/420/57
f 307/419/57 259/420/57 258/421/56
f 307/419/57 258/421/56 306/422/56
f 306/422/56 258/421/56 257/423/55
f 306/422/56 257/423/55 305/424/55
f 305/424/55 257/423/55 256/425/54
f 305/424/55 256/425/54 304/426/54
f 304/426/54 256/425/54 255/427/53
f 304/426/54 255/427/53 303/428/53
f 303/428/53 255/427/53 254/429/52
f 303/428/53 254/429/52 302/430/52
f 302/430/52 254/429/52 253/431/51
f 302/430/52 253/431/51 301/432/51
f 301/432/51 253/431/51 252/433/50
f 301/432/51 252/433/50 300/434/50
f 300/434/50 252/433/50 251/435/49
f 300/434/50 251/435/49 299/436/49
f 299/436/49 251/435/49 250/437/48
f 299/436/49 250/437/48 298/438/48
f 298/438/48 250/437/48 249/439/47
f 298/438/48 249/439/47 297/440/47
f 297/440/47 249/439/47 248/441/46
f 297/440/47 248/441/46 296/442/46
f 296/442/46 248/441/46 247/443/45
f 296/442/46 247/443/45 295/444/45
f 295/444/45 247/443/45 246/445/44
f 295/444/45 246/445/44 294/446/44
f 294/446/44 246/445/44 245/447/43
f 294/446/44 245/447/43 293/448/43
f 293/448/43 245/447/43 244/449/42
f 293/448/43 244/449/42 292/450/42
f 292/450/42 244/449/42 243/451/41
f 292/450/42 243/451/41 291/452/41
f 291/452/41 243/451/41 290/195/40
f 290/195/40 243/451/41 242/196/40
f 261/143/39 260/144/39 309/145/39
f 309/145/39 260/144/39 308/146/39
f 289/453/29 241/454/29 336/455/28
f 336/455/28 241/454/29 288/456/28
f 336/455/28 288/456/28 287/457/27
f 336/455/28 287/457/27 335/458/27
f 335/458/27 287/457/27 286/459/26
f 335/458/27 286/459/26 334/460/26
f 334/460/26 286/459/26 285/461/25
f 334/460/26 285/461/25 333/462/25
f 333/462/25 285/461/25 284/463/24
f 333/462/25 284/463/24 332/464/24
f 332/464/24 284/463/24 283/465/23
f 332/464/24 283/465/23 331/466/23
f 331/466/23 283/465/23 282/467/22
f 331/466/23 282/467/22 330/468/22
f 330/468/22 282/467/22 281/469/21
f 330/468/22 281/469/21 329/470/21
f 329/470/21 281/469/21 280/471/20
f 329/470/21 280/471/20 328/472/20
f 328/472/20 280/471/20 279/473/19
f 328/472/20 279/473/19 327/474/19
f 327/474/19 279/473/19 278/475/18
f 327/474/19 278/475/18 326/476/18
f 326/476/18 278/475/18 277/477/17
f 326/476/18 277/477/17 325/478/17
f 325/478/17 277/477/17 276/479/16
f 325/478/17 276/479/16 324/480/16
f 324/480/16 276/479/16 275/481/15
f 324/480/16 275/481/15 323/482/15
f 323/482/15 275/481/15 274/483/14
f 323/482/15 274/483/14 322/484/14
f 322/484/14 274/483/14 273/485/13
f 322/484/14 273/485/13 321/486/13
f 321/486/13 273/485/13 272/487/12
f 321/486/13 272/487/12 320/488/12
f 320/488/12 272/487/12 271/489/11
f 320/488/12 271/489/11 319/490/11
f 319/490/11 271/489/11 270/491/10
f 319/490/11 270/491/10 318/492/10
f 318/492/10 270/491/10 269/493/9
f 318/492/10 269/493/9 317/494/9
f 317/494/9 269/493/9 268/495/8
f 317/494/9 268/495/8 316/496/8
f 316/496/8 268/495/8 267/497/7
f 316/496/8 267/497/7 315/498/7
f 315/498/7 267/497/7 266/499/6
f 315/498/7 266/499/6 314/500/6
f 314/500/6 266/499/6 265/501/5
f 314/500/6 265/501/5 313/502/5
f 313/502/5 265/501/5 264/503/4
f 313/502/5 264/503/4 312/504/4
f 312/504/4 264/503/4 263/505/3
f 312/504/4 263/505/3 311/506/3
f 311/506/3 263/505/3 262/507/2
f 311/506/3 262/507/2 310/508/2
f 310/508/2 262/507/2 309/509/1
f 309/509/1 262/507/2 261/510/1
f 289/59/31 336/60/31 290/61/31
f 290/61/31 336/60/31 291/62/31
f 291/62/31 336/60/31 335/63/31
f 291/62/31 335/63/31 334/64/31
f 333/65/31 367/66/31 334/64/31
f 334/64/31 367/66/31 292/67/31
f 334/64/31 292/67/31 291/62/31
f 333/65/31 332/68/31 367/66/31
f 367/66/31 332/68/31 366/69/30
f 366/69/30 332/68/31 331/70/31
f 366/69/30 331/70/31 330/71/31
f 366/69/30 330/71/31 365/72/30
f 365/72/30 330/71/31 329/73/31
f 365/72/30 329/73/31 364/74/30
f 364/74/30 329/73/31 328/75/31
f 364/74/30 328/75/31 363/76/31
f 363/76/31 328/75/31 327/77/31
f 363/76/31 327/77/31 362/78/31
f 362/78/31 327/77/31 326/79/31
f 362/78/31 326/79/31 325/80/31
f 362/78/31 325/80/31 361/81/30
f 361/81/30 325/80/31 324/82/31
f 361/81/30 324/82/31 360/83/31
f 360/83/31 324/82/31 323/84/31
f 360/83/31 323/84/31 359/85/31
f 359/85/31 323/84/31 322/86/31
f 359/85/31 322/86/31 358/87/31
f 358/87/31 322/86/31 321/88/31
f 358/87/31 321/88/31 357/89/31
f 357/89/31 321/88/31 320/90/31
f 357/89/31 320/90/31 319/91/31
f 357/89/31 319/91/31 356/92/31
f 356/92/31 319/91/31 318/93/31
f 356/92/31 318/93/31 355/94/31
f 355/94/31 318/93/31 317/95/31
f 355/94/31 317/95/31 354/96/31
f 354/96/31 317/95/31 316/97/31
f 354/96/31 316/97/31 353/98/31
f 353/98/31 316/97/31 315/99/31
f 353/98/31 315/99/31 314/100/31
f 353/98/31 314/100/31 352/101/31
f 352/101/31 314/100/31 313/102/31
f 352/101/31 313/102/31 312/103/31
f 311/104/31 307/105/31 312/103/31
f 312/103/31 307/105/31 306/106/31
f 312/103/31 306/106/31 352/101/31
f 352/101/31 306/106/31 351/107/31
f 351/107/31 306/106/31 305/108/31
f 351/107/31 305/108/31 350/109/31
f 350/109/31 305/108/31 304/110/31
f 350/109/31 304/110/31 349/111/31
f 349/111/31 304/110/31 303/112/31
f 349/111/31 303/112/31 348/113/33
f 348/113/33 303/112/31 347/114/33
f 347/114/33 303/112/31 302/115/31
f 347/114/33 302/115/31 346/116/31
f 346/116/31 302/115/31 301/117/31
f 346/116/31 301/117/31 345/118/31
f 345/118/31 301/117/31 344/119/33
f 344/119/33 301/117/31 300/120/31
f 344/119/33 300/120/31 343/121/33
f 343/121/33 300/120/31 342/122/33
f 342/122/33 300/120/31 299/123/31
f 342/122/33 299/123/31 341/124/33
f 341/124/33 299/123/31 298/125/31
f 341/124/33 298/125/31 340/126/30
f 340/126/30 298/125/31 339/127/31
f 339/127/31 298/125/31 297/128/31
f 339/127/31 297/128/31 338/129/33
f 338/129/33 297/128/31 337/130/31
f 337/130/31 297/128/31 296/131/31
f 337/130/31 296/131/31 372/132/33
f 372/132/33 296/131/31 295/133/31
f 372/132/33 295/133/31 371/134/30
f 371/134/30 295/133/31 370/135/31
f 370/135/31 295/133/31 294/136/31
f 370/135/31 294/136/31 369/137/30
f 369/137/30 294/136/31 293/138/31
f 369/137/30 293/138/31 368/139/97
f 368/139/97 293/138/31 292/67/31
f 368/139/97 292/67/31 367/66/31
f 311/104/31 310/140/31 307/105/31
f 307/105/31 310/140/31 308/141/31
f 308/141/31 310/140/31 309/142/31
f 372/511/59 411/512/59 337/513/35
f 337/513/35 411/512/59 414/514/35
f 337/513/35 414/514/35 338/515/60
f 338/515/60 414/514/35 479/516/60
f 338/515/60 479/516/60 339/517/61
f 339/517/61 479/516/60 477/518/61
f 339/517/61 477/518/61 340/519/62
f 340/519/62 477/518/61 475/520/62
f 340/519/62 475/520/62 341/521/63
f 341/521/63 475/520/62 473/522/63
f 341/521/63 473/522/63 342/523/64
f 342/523/64 473/522/63 471/524/64
f 342/523/64 471/524/64 343/525/65
f 343/525/65 471/524/64 469/526/65
f 343/525/65 469/526/65 344/527/66
f 344/527/66 469/526/65 467/528/66
f 344/527/66 467/528/66 345/529/68
f 345/529/68 467/528/66 465/530/68
f 345/529/68 465/530/68 346/531/39
f 346/531/39 465/530/68 463/532/39
f 346/531/39 463/532/39 347/533/69
f 347/533/69 463/532/39 461/534/69
f 347/533/69 461/534/69 348/535/70
f 348/535/70 461/534/69 459/536/70
f 348/535/70 459/536/70 349/537/71
f 349/537/71 459/536/70 457/538/71
f 349/537/71 457/538/71 350/539/72
f 350/539/72 457/538/71 455/540/72
f 350/539/72 455/540/72 351/541/73
f 351/541/73 455/540/72 453/542/73
f 351/541/73 453/542/73 352/543/74
f 352/543/74 453/542/73 451/544/74
f 352/543/74 451/544/74 353/545/75
f 353/545/75 451/544/74 449/546/75
f 353/545/75 449/546/75 354/547/76
f 354/547/76 449/546/75 447/548/76
f 354/547/76 447/548/76 355/549/77
f 355/549/77 447/548/76 409/550/77
f 355/551/77 409/552/77 356/553/78
f 356/553/78 409/552/77 445/554/78
f 356/553/78 445/554/78 357/555/79
f 357/555/79 445/554/78 443/556/79
f 357/555/79 443/556/79 358/557/80
f 358/557/80 443/556/79 441/558/80
f 358/557/80 441/558/80 359/559/81
f 359/559/81 441/558/80 439/560/81
f 359/559/81 439/560/81 360/561/82
f 360/561/82 439/560/81 437/562/82
f 360/561/82 437/562/82 361/563/83
f 361/563/83 437/562/82 435/564/83
f 361/563/83 435/564/83 362/565/84
f 362/565/84 435/564/83 433/566/84
f 362/565/84 433/566/84 363/567/85
f 363/567/85 433/566/84 431/568/85
f 363/567/85 431/568/85 364/569/86
f 364/569/86 431/568/85 429/570/86
f 364/569/86 429/570/86 365/571/87
f 365/571/87 429/570/86 427/572/87
f 365/571/87 427/572/87 366/573/88
f 366/573/88 427/572/87 425/574/88
f 366/573/88 425/574/88 367/575/89
f 367/575/89 425/574/88 423/576/89
f 367/575/89 423/576/89 368/577/90
f 368/577/90 423/576/89 421/578/90
f 368/577/90 421/578/90 369/579/91
f 369/579/91 421/578/90 419/580/91
f 369/579/91 419/580/91 370/581/92
f 370/581/92 419/580/91 417/582/92
f 370/581/92 417/582/92 371/583/93
f 371/583/93 417/582/92 415/584/93
f 371/583/93 415/584/93 372/511/59
f 372/511/59 415/584/93 411/512/59
f 374/585/60 480/586/60 373/587/35
f 373/587/35 480/586/60 413/588/35
f 373/587/35 413/588/35 408/589/59
f 408/589/59 413/588/35 412/590/59
f 408/589/59 412/590/59 407/591/93
f 407/591/93 412/590/59 416/592/93
f 407/591/93 416/592/93 406/593/92
f 406/593/92 416/592/93 418/594/92
f 406/593/92 418/594/92 405/595/91
f 405/595/91 418/594/92 420/596/91
f 405/595/91 420/596/91 404/597/90
f 404/597/90 420/596/91 422/598/90
f 404/597/90 422/598/90 403/599/89
f 403/599/89 422/598/90 424/600/89
f 403/599/89 424/600/89 402/601/88
f 402/601/88 424/600/89 426/602/88
f 402/601/88 426/602/88 401/603/87
f 401/603/87 426/602/88 428/604/87
f 401/603/87 428/604/87 400/605/86
f 400/605/86 428/604/87 430/606/86
f 400/605/86 430/606/86 399/607/85
f 399/607/85 430/606/86 432/608/85
f 399/607/85 432/608/85 398/609/84
f 398/609/84 432/608/85 434/610/84
f 398/609/84 434/610/84 397/611/83
f 397/611/83 434/610/84 436/612/83
f 397/611/83 436/612/83 396/613/82
f 396/613/82 436/612/83 438/614/82
f 396/613/82 438/614/82 395/615/81
f 395/615/81 438/614/82 440/616/81
f 395/615/81 440/616/81 394/617/80
f 394/617/80 440/616/81 442/618/80
f 394/617/80 442/618/80 393/619/79
f 393/619/79 442/618/80 444/620/79
f 393/619/79 444/620/79 392/621/78
f 392/621/78 444/620/79 446/622/78
f 392/621/78 446/622/78 391/623/77
f 391/623/77 446/622/78 410/624/77
f 391/625/77 410/626/77 390/627/76
f 390/627/76 410/626/77 448/628/76
f 390/627/76 448/628/76 389/629/75
f 389/629/75 448/628/76 450/630/75
f 389/629/75 450/630/75 388/631/74
f 388/631/74 450/630/75 452/632/74
f 388/631/74 452/632/74 387/633/73
f 387/633/73 452/632/74 454/634/73
f 387/633/73 454/634/73 386/635/72
f 386/635/72 454/634/73 456/636/72
f 386/635/72 456/636/72 385/637/71
f 385/637/71 456/636/72 458/638/71
f 385/637/71 458/638/71 384/639/70
f 384/639/70 458/638/71 460/640/70
f 384/639/70 460/640/70 383/641/69
f 383/641/69 460/640/70 462/642/69
f 383/641/69 462/642/69 382/643/39
f 382/643/39 462/642/69 464/644/39
f 382/643/39 464/644/39 381/645/68
f 381/645/68 464/644/39 466/646/68
f 381/645/68 466/646/68 380/647/66
f 380/647/66 466/646/68 468/648/66
f 380/647/66 468/648/66 379/649/65
f 379/649/65 468/648/66 470/650/65
f 379/649/65 470/650/65 378/651/64
f 378/651/64 470/650/65 472/652/64
f 378/651/64 472/652/64 377/653/63
f 377/653/63 472/652/64 474/654/63
f 377/653/63 474/654/63 376/655/62
f 376/655/62 474/654/63 476/656/62
f 376/655/62 476/656/62 375/657/61
f 375/657/61 476/656/62 478/658/61
f 375/657/61 478/658/61 374/585/60
f 374/585/60 478/658/61 480/586/60
f 409/552/77 410/624/77 445/554/78
f 445/554/78 410/624/77 446/622/78
f 445/554/78 446/622/78 443/556/79
f 443/556/79 446/622/78 444/620/79
f 443/556/79 444/620/79 441/558/80
f 441/558/80 444/620/79 442/618/80
f 441/558/80 442/618/80 439/560/81
f 439/560/81 442/618/80 440/616/81
f 439/560/81 440/616/81 437/562/82
f 437/562/82 440/616/81 438/614/82
f 437/562/82 438/614/82 435/564/83
f 435/564/83 438/614/82 436/612/83
f 435/564/83 436/612/83 433/566/84
f 433/566/84 436/612/83 434/610/84
f 433/566/84 434/610/84 431/568/85
f 431/568/85 434/610/84 432/608/85
f 431/568/85 432/608/85 429/570/86
f 429/570/86 432/608/85 430/606/86
f 429/570/86 430/606/86 427/572/87
f 427/572/87 430/606/86 428/604/87
f 427/572/87 428/604/87 425/574/88
f 425/574/88 428/604/87 426/602/88
f 425/574/88 426/602/88 423/576/89
f 423/576/89 426/602/88 424/600/89
f 423/576/89 424/600/89 421/578/90
f 421/578/90 424/600/89 422/598/90
f 421/578/90 422/598/90 419/580/91
f 419/580/91 422/598/90 420/596/91
f 419/580/91 420/596/91 417/582/92
f 417/582/92 420/596/91 418/594/92
f 417/582/92 418/594/92 415/584/93
f 415/584/93 418/594/92 416/592/93
f 415/584/93 416/592/93 411/512/59
f 411/512/59 416/592/93 412/590/59
f 411/512/59 412/590/59 414/514/35
f 414/514/35 412/590/59 413/588/35
f 414/514/35 413/588/35 479/516/60
f 479/516/60 413/588/35 480/586/60
f 479/516/60 480/586/60 477/518/61
f 477/518/61 480/586/60 478/658/61
f 477/518/61 478/658/61 475/520/62
f 475/520/62 478/658/61 476/656/62
f 475/520/62 476/656/62 473/522/63
f 473/522/63 476/656/62 474/654/63
f 473/522/63 474/654/63 471/524/64
f 471/524/64 474/654/63 472/652/64
f 471/524/64 472/652/64 469/526/65
f 469/526/65 472/652/64 470/650/65
f 469/526/65 470/650/65 467/528/66
f 467/528/66 470/650/65 468/648/66
f 467/528/66 468/648/66 465/530/68
f 465/530/68 468/648/66 466/646/68
f 465/530/68 466/646/68 463/532/39
f 463/532/39 466/646/68 464/644/39
f 463/532/39 464/644/39 461/534/69
f 461/534/69 464/644/39 462/642/69
f 461/534/69 462/642/69 459/536/70
f 459/536/70 462/642/69 460/640/70
f 459/536/70 460/640/70 457/538/71
f 457/538/71 460/640/70 458/638/71
f 457/538/71 458/638/71 455/540/72
f 455/540/72 458/638/71 456/636/72
f 455/540/72 456/636/72 453/542/73
f 453/542/73 456/636/72 454/634/73
f 453/542/73 454/634/73 451/544/74
f 451/544/74 454/634/73 452/632/74
f 451/544/74 452/632/74 449/546/75
f 449/546/75 452/632/74 450/630/75
f 449/546/75 450/630/75 447/548/76
f 447/548/76 450/630/75 448/628/76
f 447/548/76 448/628/76 409/550/77
f 409/550/77 448/628/76 410/626/77
f 481/147/38 482/148/36 528/149/36
f 528/149/36 482/148/36 483/150/36
f 528/149/36 483/150/36 527/151/36
f 527/151/36 483/150/36 526/152/36
f 526/152/36 483/150/36 484/153/36
f 526/152/36 484/153/36 403/381/36
f 403/381/36 484/153/36 404/382/38
f 404/382/38 484/153/36 485/155/36
f 404/382/38 485/155/36 405/383/36
f 405/383/36 485/155/36 486/158/36
f 405/383/36 486/158/36 406/384/38
f 406/384/38 486/158/36 487/160/36
f 406/384/38 487/160/36 407/385/38
f 407/385/38 487/160/36 408/386/37
f 408/386/37 487/160/36 488/163/36
f 408/386/37 488/163/36 373/387/37
f 373/387/37 488/163/36 489/165/36
f 373/387/37 489/165/36 374/388/36
f 374/388/36 489/165/36 375/389/38
f 375/389/38 489/165/36 490/168/36
f 375/389/38 490/168/36 376/390/36
f 376/390/36 490/168/36 377/391/37
f 377/391/37 490/168/36 491/170/36
f 377/391/37 491/170/36 378/392/37
f 378/392/37 491/170/36 492/173/36
f 378/392/37 492/173/36 379/393/38
f 379/393/38 492/173/36 380/394/38
f 380/394/38 492/173/36 493/175/36
f 380/394/38 493/175/36 381/395/36
f 381/395/36 493/175/36 382/396/36
f 382/396/36 493/175/36 494/185/36
f 382/396/36 494/185/36 383/397/36
f 383/397/36 494/185/36 495/187/36
f 383/397/36 495/187/36 384/398/36
f 384/398/36 495/187/36 385/399/36
f 385/399/36 495/187/36 496/188/36
f 385/399/36 496/188/36 386/400/36
f 386/400/36 496/188/36 497/189/38
f 386/400/36 497/189/38 387/401/36
f 387/401/36 497/189/38 498/191/36
f 387/401/36 498/191/36 388/402/36
f 388/402/36 498/191/36 504/184/36
f 388/402/36 504/184/36 505/183/36
f 498/191/36 499/192/36 504/184/36
f 504/184/36 499/192/36 503/186/36
f 503/186/36 499/192/36 502/190/36
f 502/190/36 499/192/36 500/193/36
f 502/190/36 500/193/36 501/194/36
f 505/183/36 506/182/36 388/402/36
f 388/402/36 506/182/36 389/403/36
f 389/403/36 506/182/36 507/181/36
f 389/403/36 507/181/36 508/180/36
f 389/403/36 508/180/36 390/404/36
f 390/404/36 508/180/36 509/179/36
f 390/404/36 509/179/36 391/405/36
f 391/405/36 509/179/36 510/178/36
f 391/405/36 510/178/36 392/406/36
f 392/406/36 510/178/36 511/177/36
f 392/406/36 511/177/36 393/407/37
f 393/407/37 511/177/36 512/176/36
f 393/407/37 512/176/36 513/174/36
f 393/407/37 513/174/36 394/408/37
f 394/408/37 513/174/36 514/172/36
f 394/408/37 514/172/36 395/409/36
f 395/409/36 514/172/36 515/171/36
f 395/409/36 515/171/36 396/410/36
f 396/410/36 515/171/36 516/169/36
f 396/410/36 516/169/36 397/411/36
f 397/411/36 516/169/36 517/167/36
f 397/411/36 517/167/36 398/412/36
f 398/412/36 517/167/36 518/166/36
f 398/412/36 518/166/36 519/164/36
f 398/412/36 519/164/36 399/413/36
f 399/413/36 519/164/36 520/162/36
f 399/413/36 520/162/36 400/414/36
f 400/414/36 520/162/36 521/161/36
f 400/414/36 521/161/36 401/415/37
f 401/415/37 521/161/36 522/159/36
f 401/415/37 522/159/36 402/416/37
f 402/416/37 522/159/36 523/157/36
f 402/416/37 523/157/36 524/156/36
f 402/416/37 524/156/36 403/381/36
f 403/381/36 524/156/36 525/154/36
f 403/381/36 525/154/36 526/152/36
f 482/143/35 481/144/35 530/145/35
f 530/145/35 481/144/35 529/146/35
f 548/417/58 500/418/58 547/419/57
f 547/419/57 500/418/58 499/420/57
f 547/419/57 499/420/57 498/421/56
f 547/419/57 498/421/56 546/422/56
f 546/422/56 498/421/56 497/423/55
f 546/422/56 497/423/55 545/424/55
f 545/424/55 497/423/55 496/425/54
f 545/424/55 496/425/54 544/426/54
f 544/426/54 496/425/54 495/427/53
f 544/426/54 495/427/53 543/428/53
f 543/428/53 495/427/53 494/429/52
f 543/428/53 494/429/52 542/430/52
f 542/430/52 494/429/52 493/431/51
f 542/430/52 493/431/51 541/432/51
f 541/432/51 493/431/51 492/433/50
f 541/432/51 492/433/50 540/434/50
f 540/434/50 492/433/50 491/435/49
f 540/434/50 491/435/49 539/436/49
f 539/436/49 491/435/49 490/437/48
f 539/436/49 490/437/48 538/438/48
f 538/438/48 490/437/48 489/439/47
f 538/438/48 489/439/47 537/440/47
f 537/440/47 489/439/47 488/441/46
f 537/440/47 488/441/46 536/442/46
f 536/442/46 488/441/46 487/443/45
f 536/442/46 487/443/45 535/444/45
f 535/444/45 487/443/45 486/445/44
f 535/444/45 486/445/44 534/446/44
f 534/446/44 486/445/44 485/447/43
f 534/446/44 485/447/43 533/448/43
f 533/448/43 485/447/43 484/449/42
f 533/448/43 484/449/42 532/450/42
f 532/450/42 484/449/42 483/451/41
f 532/450/42 483/451/41 531/452/41
f 531/452/41 483/451/41 530/195/40
f 530/195/40 483/451/41 482/196/40
f 501/143/39 500/144/39 549/145/39
f 549/145/39 500/144/39 548/146/39
f 529/453/29 481/454/29 576/455/28
f 576/455/28 481/454/29 528/456/28
f 576/455/28 528/456/28 527/457/27
f 576/455/28 527/457/27 575/458/27
f 575/458/27 527/457/27 526/459/26
f 575/458/27 526/459/26 574/460/26
f 574/460/26 526/459/26 525/461/25
f 574/460/26 525/461/25 573/462/25
f 573/462/25 525/461/25 524/463/24
f 573/462/25 524/463/24 572/464/24
f 572/464/24 524/463/24 523/465/23
f 572/464/24 523/465/23 571/466/23
f 571/466/23 523/465/23 522/467/22
f 571/466/23 522/467/22 570/468/22
f 570/468/22 522/467/22 521/469/21
f 570/468/22 521/469/21 569/470/21
f 569/470/21 521/469/21 520/471/20
f 569/470/21 520/471/20 568/472/20
f 568/472/20 520/471/20 519/473/19
f 568/472/20 519/473/19 567/474/19
f 567/474/19 519/473/19 518/475/18
f 567/474/19 518/475/18 566/476/18
f 566/476/18 518/475/18 517/477/17
f 566/476/18 517/477/17 565/478/17
f 565/478/17 517/477/17 516/479/16
f 565/478/17 516/479/16 564/480/16
f 564/480/16 516/479/16 515/481/15
f 564/480/16 515/481/15 563/482/15
f 563/482/15 515/481/15 514/483/14
f 563/482/15 514/483/14 562/484/14
f 562/484/14 514/483/14 513/485/13
f 562/484/14 513/485/13 561/486/13
f 561/486/13 513/485/13 512/487/12
f 561/486/13 512/487/12 560/488/12
f 560/488/12 512/487/12 511/489/11
f 560/488/12 511/489/11 559/490/11
f 559/490/11 511/489/11 510/491/10
f 559/490/11 510/491/10 558/492/10
f 558/492/10 510/491/10 509/493/9
f 558/492/10 509/493/9 557/494/9
f 557/494/9 509/493/9 508/495/8
f 557/494/9 508/495/8 556/496/8
f 556/496/8 508/495/8 507/497/7
f 556/496/8 507/497/7 555/498/7
f 555/498/7 507/497/7 506/499/6
f 555/498/7 506/499/6 554/500/6
f 554/500/6 506/499/6 505/501/5
f 554/500/6 505/501/5 553/502/5
f 553/502/5 505/501/5 504/503/4
f 553/502/5 504/503/4 552/504/4
f 552/504/4 504/503/4 503/505/3
f 552/504/4 503/505/3 551/506/3
f 551/506/3 503/505/3 502/507/2
f 551/506/3 502/507/2 550/508/2
f 550/508/2 502/507/2 549/509/1
f 549/509/1 502/507/2 501/510/1
f 529/59/31 576/60/31 530/61/31
f 530/61/31 576/60/31 531/62/31
f 531/62/31 576/60/31 575/63/31
f 531/62/31 575/63/31 574/64/31
f 573/65/31 607/66/30 574/64/31
f 574/64/31 607/66/30 532/67/31
f 574/64/31 532/67/31 531/62/31
f 573/65/31 572/68/31 607/66/30
f 607/66/30 572/68/31 606/69/32
f 606/69/32 572/68/31 571/70/31
f 606/69/32 571/70/31 570/71/31
f 606/69/32 570/71/31 605/72/30
f 605/72/30 570/71/31 569/73/31
f 605/72/30 569/73/31 604/74/31
f 604/74/31 569/73/31 568/75/31
f 604/74/31 568/75/31 603/76/31
f 603/76/31 568/75/31 567/77/31
f 603/76/31 567/77/31 602/78/33
f 602/78/33 567/77/31 566/79/31
f 602/78/33 566/79/31 565/80/31
f 602/78/33 565/80/31 601/81/33
f 601/81/33 565/80/31 564/82/31
f 601/81/33 564/82/31 600/83/31
f 600/83/31 564/82/31 563/84/31
f 600/83/31 563/84/31 599/85/31
f 599/85/31 563/84/31 562/86/31
f 599/85/31 562/86/31 598/87/33
f 598/87/33 562/86/31 561/88/31
f 598/87/33 561/88/31 597/89/31
f 597/89/31 561/88/31 560/90/31
f 597/89/31 560/90/31 559/91/31
f 597/89/31 559/91/31 596/92/31
f 596/92/31 559/91/31 558/93/31
f 596/92/31 558/93/31 595/94/31
f 595/94/31 558/93/31 557/95/31
f 595/94/31 557/95/31 594/96/31
f 594/96/31 557/95/31 556/97/31
f 594/96/31 556/97/31 593/98/31
f 593/98/31 556/97/31 555/99/31
f 593/98/31 555/99/31 554/100/31
f 593/98/31 554/100/31 592/101/31
f 592/101/31 554/100/31 553/102/31
f 592/101/31 553/102/31 552/103/31
f 551/104/31 547/105/31 552/103/31
f 552/103/31 547/105/31 546/106/31
f 552/103/31 546/106/31 592/101/31
f 592/101/31 546/106/31 591/107/31
f 591/107/31 546/106/31 545/108/31
f 591/107/31 545/108/31 590/109/31
f 590/109/31 545/108/31 544/110/31
f 590/109/31 544/110/31 589/111/31
f 589/111/31 544/110/31 543/112/31
f 589/111/31 543/112/31 588/113/31
f 588/113/31 543/112/31 587/114/31
f 587/114/31 543/112/31 542/115/31
f 587/114/31 542/115/31 586/116/31
f 586/116/31 542/115/31 541/117/31
f 586/116/31 541/117/31 585/118/31
f 585/118/31 541/117/31 584/119/31
f 584/119/31 541/117/31 540/120/31
f 584/119/31 540/120/31 583/121/30
f 583/121/30 540/120/31 582/122/30
f 582/122/30 540/120/31 539/123/31
f 582/122/30 539/123/31 581/124/31
f 581/124/31 539/123/31 538/125/31
f 581/124/31 538/125/31 580/126/31
f 580/126/31 538/125/31 579/127/31
f 579/127/31 538/125/31 537/128/31
f 579/127/31 537/128/31 578/129/31
f 578/129/31 537/128/31 577/130/31
f 577/130/31 537/128/31 536/131/31
f 577/130/31 536/131/31 612/132/31
f 612/132/31 536/131/31 535/133/31
f 612/132/31 535/133/31 611/134/31
f 611/134/31 535/133/31 610/135/30
f 610/135/30 535/133/31 534/136/31
f 610/135/30 534/136/31 609/137/33
f 609/137/33 534/136/31 533/138/31
f 609/137/33 533/138/31 608/139/97
f 608/139/97 533/138/31 532/67/31
f 608/139/97 532/67/31 607/66/30
f 551/104/31 550/140/31 547/105/31
f 547/105/31 550/140/31 548/141/31
f 548/141/31 550/140/31 549/142/31
f 612/659/59 651/660/59 577/661/35
f 577/661/35 651/660/59 654/662/35
f 577/661/35 654/662/35 578/663/60
f 578/663/60 654/662/35 719/664/60
f 578/663/60 719/664/60 579/665/61
f 579/665/61 719/664/60 717/666/61
f 579/665/61 717/666/61 580/667/62
f 580/667/62 717/666/61 715/668/62
f 580/667/62 715/668/62 581/669/63
f 581/669/63 715/668/62 713/670/63
f 581/669/63 713/670/63 582/671/64
f 582/671/64 713/670/63 711/672/64
f 582/671/64 711/672/64 583/673/65
f 583/673/65 711/672/64 709/674/65
f 583/673/65 709/674/65 584/675/66
f 584/675/66 709/674/65 707/676/66
f 584/675/66 707/676/66 585/677/68
f 585/677/68 707/676/66 705/678/68
f 585/677/68 705/678/68 586/679/39
f 586/679/39 705/678/68 703/680/39
f 586/679/39 703/680/39 587/681/69
f 587/681/69 703/680/39 701/682/69
f 587/681/69 701/682/69 588/683/70
f 588/683/70 701/682/69 699/684/70
f 588/683/70 699/684/70 589/685/71
f 589/685/71 699/684/70 697/686/71
f 589/685/71 697/686/71 590/687/72
f 590/687/72 697/686/71 695/688/72
f 590/687/72 695/688/72 591/689/73
f 591/689/73 695/688/72 693/690/73
f 591/689/73 693/690/73 592/691/74
f 592/691/74 693/690/73 691/692/74
f 592/691/74 691/692/74 593/693/75
f 593/693/75 691/692/74 689/694/75
f 593/693/75 689/694/75 594/695/76
f 594/695/76 689/694/75 687/696/76
f 594/695/76 687/696/76 595/697/77
f 595/697/77 687/696/76 649/698/77
f 595/699/77 649/700/77 596/701/78
f 596/701/78 649/700/77 685/702/78
f 596/701/78 685/702/78 597/703/79
f 597/703/79 685/702/78 683/704/79
f 597/703/79 683/704/79 598/705/80
f 598/705/80 683/704/79 681/706/80
f 598/705/80 681/706/80 599/707/81
f 599/707/81 681/706/80 679/708/81
f 599/707/81 679/708/81 600/709/82
f 600/709/82 679/708/81 677/710/82
f 600/709/82 677/710/82 601/711/83
f 601/711/83 677/710/82 675/712/83
f 601/711/83 675/712/83 602/713/84
f 602/713/84 675/712/83 673/714/84
f 602/713/84 673/714/84 603/715/85
f 603/715/85 673/714/84 671/716/85
f 603/715/85 671/716/85 604/717/86
f 604/717/86 671/716/85 669/718/86
f 604/717/86 669/718/86 605/719/87
f 605/719/87 669/718/86 667/720/87
f 605/719/87 667/720/87 606/721/88
f 606/721/88 667/720/87 665/722/88
f 606/721/88 665/722/88 607/723/89
f 607/723/89 665/722/88 663/724/89
f 607/723/89 663/724/89 608/725/90
f 608/725/90 663/724/89 661/726/90
f 608/725/90 661/726/90 609/727/91
f 609/727/91 661/726/90 659/728/91
f 609/727/91 659/728/91 610/729/92
f 610/729/92 659/728/91 657/730/92
f 610/729/92 657/730/92 611/731/93
f 611/731/93 657/730/92 655/732/93
f 611/731/93 655/732/93 612/659/59
f 612/659/59 655/732/93 651/660/59
f 614/733/60 720/734/60 613/735/35
f 613/735/35 720/734/60 653/736/35
f 613/735/35 653/736/35 648/737/59
f 648/737/59 653/736/35 652/738/59
f 648/737/59 652/738/59 647/739/93
f 647/739/93 652/738/59 656/740/93
f 647/739/93 656/740/93 646/741/92
f 646/741/92 656/740/93 658/742/92
f 646/741/92 658/742/92 645/743/91
f 645/743/91 658/742/92 660/744/91
f 645/743/91 660/744/91 644/745/90
f 644/745/90 660/744/91 662/746/90
f 644/745/90 662/746/90 643/747/89
f 643/747/89 662/746/90 664/748/89
f 643/747/89 664/748/89 642/749/88
f 642/749/88 664/748/89 666/750/88
f 642/749/88 666/750/88 641/751/87
f 641/751/87 666/750/88 668/752/87
f 641/751/87 668/752/87 640/753/86
f 640/753/86 668/752/87 670/754/86
f 640/753/86 670/754/86 639/755/85
f 639/755/85 670/754/86 672/756/85
f 639/755/85 672/756/85 638/757/84
f 638/757/84 672/756/85 674/758/84
f 638/757/84 674/758/84 637/759/83
f 637/759/83 674/758/84 676/760/83
f 637/759/83 676/760/83 636/761/82
f 636/761/82 676/760/83 678/762/82
f 636/761/82 678/762/82 635/763/81
f 635/763/81 678/762/82 680/764/81
f 635/763/81 680/764/81 634/765/80
f 634/765/80 680/764/81 682/766/80
f 634/765/80 682/766/80 633/767/79
f 633/767/79 682/766/80 684/768/79
f 633/767/79 684/768/79 632/769/78
f 632/769/78 684/768/79 686/770/78
f 632/769/78 686/770/78 631/771/77
f 631/771/77 686/770/78 650/772/77
f 631/773/77 650/774/77 630/775/76
f 630/775/76 650/774/77 688/776/76
f 630/775/76 688/776/76 629/777/75
f 629/777/75 688/776/76 690/778/75
f 629/777/75 690/778/75 628/779/74
f 628/779/74 690/778/75 692/780/74
f 628/779/74 692/780/74 627/781/73
f 627/781/73 692/780/74 694/782/73
f 627/781/73 694/782/73 626/783/72
f 626/783/72 694/782/73 696/784/72
f 626/783/72 696/784/72 625/785/71
f 625/785/71 696/784/72 698/786/71
f 625/785/71 698/786/71 624/787/70
f 624/787/70 698/786/71 700/788/70
f 624/787/70 700/788/70 623/789/69
f 623/789/69 700/788/70 702/790/69
f 623/789/69 702/790/69 622/791/39
f 622/791/39 702/790/69 704/792/39
f 622/791/39 704/792/39 621/793/68
f 621/793/68 704/792/39 706/794/68
f 621/793/68 706/794/68 620/795/66
f 620/795/66 706/794/68 708/796/66
f 620/795/66 708/796/66 619/797/65
f 619/797/65 708/796/66 710/798/65
f 619/797/65 710/798/65 618/799/64
f 618/799/64 710/798/65 712/800/64
f 618/799/64 712/800/64 617/801/63
f 617/801/63 712/800/64 714/802/63
f 617/801/63 714/802/63 616/803/62
f 616/803/62 714/802/63 716/804/62
f 616/803/62 716/804/62 615/805/61
f 615/805/61 716/804/62 718/806/61
f 615/805/61 718/806/61 614/733/60
f 614/733/60 718/806/61 720/734/60
f 649/700/77 650/772/77 685/702/78
f 685/702/78 650/772/77 686/770/78
f 685/702/78 686/770/78 683/704/79
f 683/704/79 686/770/78 684/768/79
f 683/704/79 684/768/79 681/706/80
f 681/706/80 684/768/79 682/766/80
f 681/706/80 682/766/80 679/708/81
f 679/708/81 682/766/80 680/764/81
f 679/708/81 680/764/81 677/710/82
f 677/710/82 680/764/81 678/762/82
f 677/710/82 678/762/82 675/712/83
f 675/712/83 678/762/82 676/760/83
f 675/712/83 676/760/83 673/714/84
f 673/714/84 676/760/83 674/758/84
f 673/714/84 674/758/84 671/716/85
f 671/716/85 674/758/84 672/756/85
f 671/716/85 672/756/85 669/718/86
f 669/718/86 672/756/85 670/754/86
f 669/718/86 670/754/86 667/720/87
f 667/720/87 670/754/86 668/752/87
f 667/720/87 668/752/87 665/722/88
f 665/722/88 668/752/87 666/750/88
f 665/722/88 666/750/88 663/724/89
f 663/724/89 666/750/88 664/748/89
f 663/724/89 664/748/89 661/726/90
f 661/726/90 664/748/89 662/746/90
f 661/726/90 662/746/90 659/728/91
f 659/728/91 662/746/90 660/744/91
f 659/728/91 660/744/91 657/730/92
f 657/730/92 660/744/91 658/742/92
f 657/730/92 658/742/92 655/732/93
f 655/732/93 658/742/92 656/740/93
f 655/732/93 656/740/93 651/660/59
f 651/660/59 656/740/93 652/738/59
f 651/660/59 652/738/59 654/662/35
f 654/662/35 652/738/59 653/736/35
f 654/662/35 653/736/35 719/664/60
f 719/664/60 653/736/35 720/734/60
f 719/664/60 720/734/60 717/666/61
f 717/666/61 720/734/60 718/806/61
f 717/666/61 718/806/61 715/668/62
f 715/668/62 718/806/61 716/804/62
f 715/668/62 716/804/62 713/670/63
f 713/670/63 716/804/62 714/802/63
f 713/670/63 714/802/63 711/672/64
f 711/672/64 714/802/63 712/800/64
f 711/672/64 712/800/64 709/674/65
f 709/674/65 712/800/64 710/798/65
f 709/674/65 710/798/65 707/676/66
f 707/676/66 710/798/65 708/796/66
f 707/676/66 708/796/66 705/678/68
f 705/678/68 708/796/66 706/794/68
f 705/678/68 706/794/68 703/680/39
f 703/680/39 706/794/68 704/792/39
f 703/680/39 704/792/39 701/682/69
f 701/682/69 704/792/39 702/790/69
f 701/682/69 702/790/69 699/684/70
f 699/684/70 702/790/69 700/788/70
f 699/684/70 700/788/70 697/686/71
f 697/686/71 700/788/70 698/786/71
f 697/686/71 698/786/71 695/688/72
f 695/688/72 698/786/71 696/784/72
f 695/688/72 696/784/72 693/690/73
f 693/690/73 696/784/72 694/782/73
f 693/690/73 694/782/73 691/692/74
f 691/692/74 694/782/73 692/780/74
f 691/692/74 692/780/74 689/694/75
f 689/694/75 692/780/74 690/778/75
f 689/694/75 690/778/75 687/696/76
f 687/696/76 690/778/75 688/776/76
f 687/696/76 688/776/76 649/698/77
f 649/698/77 688/776/76 650/774/77
f 721/147/37 722/148/36 768/149/36
f 768/149/36 722/148/36 723/150/36
f 768/149/36 723/150/36 767/151/36
f 767/151/36 723/150/36 766/152/36
f 766/152/36 723/150/36 724/153/36
f 766/152/36 724/153/36 643/381/37
f 643/381/37 724/153/36 644/382/36
f 644/382/36 724/153/36 725/155/36
f 644/382/36 725/155/36 645/383/38
f 645/383/38 725/155/36 726/158/36
f 645/383/38 726/158/36 646/384/36
f 646/384/36 726/158/36 727/160/36
f 646/384/36 727/160/36 647/385/36
f 647/385/36 727/160/36 648/386/36
f 648/386/36 727/160/36 728/163/36
f 648/386/36 728/163/36 613/387/36
f 613/387/36 728/163/36 729/165/36
f 613/387/36 729/165/36 614/388/36
f 614/388/36 729/165/36 615/389/36
f 615/389/36 729/165/36 730/168/36
f 615/389/36 730/168/36 616/390/36
f 616/390/36 730/168/36 617/391/36
f 617/391/36 730/168/36 731/170/36
f 617/391/36 731/170/36 618/392/36
f 618/392/36 731/170/36 732/173/36
f 618/392/36 732/173/36 619/393/38
f 619/393/38 732/173/36 620/394/38
f 620/394/38 732/173/36 733/175/36
f 620/394/38 733/175/36 621/395/37
f 621/395/37 733/175/36 622/396/36
f 622/396/36 733/175/36 734/185/36
f 622/396/36 734/185/36 623/397/36
f 623/397/36 734/185/36 735/187/36
f 623/397/36 735/187/36 624/398/94
f 624/398/94 735/187/36 625/399/38
f 625/399/38 735/187/36 736/188/36
f 625/399/38 736/188/36 626/400/36
f 626/400/36 736/188/36 737/189/37
f 626/400/36 737/189/37 627/401/95
f 627/401/95 737/189/37 738/191/36
f 627/401/95 738/191/36 628/402/38
f 628/402/38 738/191/36 744/184/36
f 628/402/38 744/184/36 745/183/36
f 738/191/36 739/192/36 744/184/36
f 744/184/36 739/192/36 743/186/36
f 743/186/36 739/192/36 742/190/36
f 742/190/36 739/192/36 740/193/36
f 742/190/36 740/193/36 741/194/36
f 745/183/36 746/182/36 628/402/38
f 628/402/38 746/182/36 629/403/36
f 629/403/36 746/182/36 747/181/36
f 629/403/36 747/181/36 748/180/36
f 629/403/36 748/180/36 630/404/36
f 630/404/36 748/180/36 749/179/36
f 630/404/36 749/179/36 631/405/36
f 631/405/36 749/179/36 750/178/36
f 631/405/36 750/178/36 632/406/36
f 632/406/36 750/178/36 751/177/36
f 632/406/36 751/177/36 633/407/36
f 633/407/36 751/177/36 752/176/36
f 633/407/36 752/176/36 753/174/36
f 633/407/36 753/174/36 634/408/36
f 634/408/36 753/174/36 754/172/36
f 634/408/36 754/172/36 635/409/36
f 635/409/36 754/172/36 755/171/36
f 635/409/36 755/171/36 636/410/38
f 636/410/38 755/171/36 756/169/36
f 636/410/38 756/169/36 637/411/94
f 637/411/94 756/169/36 757/167/36
f 637/411/94 757/167/36 638/412/36
f 638/412/36 757/167/36 758/166/36
f 638/412/36 758/166/36 759/164/36
f 638/412/36 759/164/36 639/413/37
f 639/413/37 759/164/36 760/162/36
f 639/413/37 760/162/36 640/414/36
f 640/414/36 760/162/36 761/161/36
f 640/414/36 761/161/36 641/415/37
f 641/415/37 761/161/36 762/159/36
f 641/415/37 762/159/36 642/416/98
f 642/416/98 762/159/36 763/157/36
f 642/416/98 763/157/36 764/156/36
f 642/416/98 764/156/36 643/381/37
f 643/381/37 764/156/36 765/154/36
f 643/381/37 765/154/36 766/152/36
f 722/143/35 721/144/35 770/145/35
f 770/145/35 721/144/35 769/146/35
f 788/417/58 740/418/58 787/419/57
f 787/419/57 740/418/58 739/420/57
f 787/419/57 739/420/57 738/421/56
f 787/419/57 738/421/56 786/422/56
f 786/422/56 738/421/56 737/423/55
f 786/422/56 737/423/55 785/424/55
f 785/424/55 737/423/55 736/425/54
f 785/424/55 736/425/54 784/426/54
f 784/426/54 736/425/54 735/427/53
f 784/426/54 735/427/53 783/428/53
f 783/428/53 735/427/53 734/429/52
f 783/428/53 734/429/52 782/430/52
f 782/430/52 734/429/52 733/431/51
f 782/430/52 733/431/51 781/432/51
f 781/432/51 733/431/51 732/433/50
f 781/432/51 732/433/50 780/434/50
f 780/434/50 732/433/50 731/435/49
f 780/434/50 731/435/49 779/436/49
f 779/436/49 731/435/49 730/437/48
f 779/436/49 730/437/48 778/438/48
f 778/438/48 730/437/48 729/439/47
f 778/438/48 729/439/47 777/440/47
f 777/440/47 729/439/47 728/441/46
f 777/440/47 728/441/46 776/442/46
f 776/442/46 728/441/46 727/443/45
f 776/442/46 727/443/45 775/444/45
f 775/444/45 727/443/45 726/445/44
f 775/444/45 726/445/44 774/446/44
f 774/446/44 726/445/44 725/447/43
f 774/446/44 725/447/43 773/448/43
f 773/448/43 725/447/43 724/449/42
f 773/448/43 724/449/42 772/450/42
f 772/450/42 724/449/42 723/451/41
f 772/450/42 723/451/41 771/452/41
f 771/452/41 723/451/41 770/195/40
f 770/195/40 723/451/41 722/196/40
f 741/143/39 740/144/39 789/145/39
f 789/145/39 740/144/39 788/146/39
f 769/453/29 721/454/29 816/455/28
f 816/455/28 721/454/29 768/456/28
f 816/455/28 768/456/28 767/457/27
f 816/455/28 767/457/27 815/458/27
f 815/458/27 767/457/27 766/459/26
f 815/458/27 766/459/26 814/460/26
f 814/460/26 766/459/26 765/461/25
f 814/460/26 765/461/25 813/462/25
f 813/462/25 765/461/25 764/463/24
f 813/462/25 764/463/24 812/464/24
f 812/464/24 764/463/24 763/465/23
f 812/464/24 763/465/23 811/466/23
f 811/466/23 763/465/23 762/467/22
f 811/466/23 762/467/22 810/468/22
f 810/468/22 762/467/22 761/469/21
f 810/468/22 761/469/21 809/470/21
f 809/470/21 761/469/21 760/471/20
f 809/470/21 760/471/20 808/472/20
f 808/472/20 760/471/20 759/473/19
f 808/472/20 759/473/19 807/474/19
f 807/474/19 759/473/19 758/475/18
f 807/474/19 758/475/18 806/476/18
f 806/476/18 758/475/18 757/477/17
f 806/476/18 757/477/17 805/478/17
f 805/478/17 757/477/17 756/479/16
f 805/478/17 756/479/16 804/480/16
f 804/480/16 756/479/16 755/481/15
f 804/480/16 755/481/15 803/482/15
f 803/482/15 755/481/15 754/483/14
f 803/482/15 754/483/14 802/484/14
f 802/484/14 754/483/14 753/485/13
f 802/484/14 753/485/13 801/486/13
f 801/486/13 753/485/13 752/487/12
f 801/486/13 752/487/12 800/488/12
f 800/488/12 752/487/12 751/489/11
f 800/488/12 751/489/11 799/490/11
f 799/490/11 751/489/11 750/491/10
f 799/490/11 750/491/10 798/492/10
f 798/492/10 750/491/10 749/493/9
f 798/492/10 749/493/9 797/494/9
f 797/494/9 749/493/9 748/495/8
f 797/494/9 748/495/8 796/496/8
f 796/496/8 748/495/8 747/497/7
f 796/496/8 747/497/7 795/498/7
f 795/498/7 747/497/7 746/499/6
f 795/498/7 746/499/6 794/500/6
f 794/500/6 746/499/6 745/501/5
f 794/500/6 745/501/5 793/502/5
f 793/502/5 745/501/5 744/503/4
f 793/502/5 744/503/4 792/504/4
f 792/504/4 744/503/4 743/505/3
f 792/504/4 743/505/3 791/506/3
f 791/506/3 743/505/3 742/507/2
f 791/506/3 742/507/2 790/508/2
f 790/508/2 742/507/2 789/509/1
f 789/509/1 742/507/2 741/510/1
f 769/59/33 816/60/31 770/61/30
f 770/61/30 816/60/31 771/62/31
f 771/62/31 816/60/31 815/63/31
f 771/62/31 815/63/31 814/64/31
f 813/65/31 847/66/31 814/64/31
f 814/64/31 847/66/31 772/67/31
f 814/64/31 772/67/31 771/62/31
f 813/65/31 812/68/31 847/66/31
f 847/66/31 812/68/31 846/69/30
f 846/69/30 812/68/31 811/70/31
f 846/69/30 811/70/31 810/71/31
f 846/69/30 810/71/31 845/72/30
f 845/72/30 810/71/31 809/73/31
f 845/72/30 809/73/31 844/74/31
f 844/74/31 809/73/31 808/75/31
f 844/74/31 808/75/31 843/76/31
f 843/76/31 808/75/31 807/77/31
f 843/76/31 807/77/31 842/78/31
f 842/78/31 807/77/31 806/79/31
f 842/78/31 806/79/31 805/80/31
f 842/78/31 805/80/31 841/81/31
f 841/81/31 805/80/31 804/82/31
f 841/81/31 804/82/31 840/83/31
f 840/83/31 804/82/31 803/84/31
f 840/83/31 803/84/31 839/85/31
f 839/85/31 803/84/31 802/86/31
f 839/85/31 802/86/31 838/87/30
f 838/87/30 802/86/31 801/88/31
f 838/87/30 801/88/31 837/89/31
f 837/89/31 801/88/31 800/90/31
f 837/89/31 800/90/31 799/91/31
f 837/89/31 799/91/31 836/92/31
f 836/92/31 799/91/31 798/93/31
f 836/92/31 798/93/31 835/94/31
f 835/94/31 798/93/31 797/95/31
f 835/94/31 797/95/31 834/96/31
f 834/96/31 797/95/31 796/97/31
f 834/96/31 796/97/31 833/98/31
f 833/98/31 796/97/31 795/99/31
f 833/98/31 795/99/31 794/100/31
f 833/98/31 794/100/31 832/101/31
f 832/101/31 794/100/31 793/102/31
f 832/101/31 793/102/31 792/103/31
f 791/104/31 787/105/31 792/103/31
f 792/103/31 787/105/31 786/106/31
f 792/103/31 786/106/31 832/101/31
f 832/101/31 786/106/31 831/107/33
f 831/107/33 786/106/31 785/108/30
f 831/107/33 785/108/30 830/109/99
f 830/109/99 785/108/30 784/110/30
f 830/109/99 784/110/30 829/111/31
f 829/111/31 784/110/30 783/112/31
f 829/111/31 783/112/31 828/113/31
f 828/113/31 783/112/31 827/114/31
f 827/114/31 783/112/31 782/115/31
f 827/114/31 782/115/31 826/116/31
f 826/116/31 782/115/31 781/117/31
f 826/116/31 781/117/31 825/118/31
f 825/118/31 781/117/31 824/119/30
f 824/119/30 781/117/31 780/120/31
f 824/119/30 780/120/31 823/121/31
f 823/121/31 780/120/31 822/122/33
f 822/122/33 780/120/31 779/123/31
f 822/122/33 779/123/31 821/124/31
f 821/124/31 779/123/31 778/125/31
f 821/124/31 778/125/31 820/126/31
f 820/126/31 778/125/31 819/127/31
f 819/127/31 778/125/31 777/128/31
f 819/127/31 777/128/31 818/129/31
f 818/129/31 777/128/31 817/130/31
f 817/130/31 777/128/31 776/131/31
f 817/130/31 776/131/31 852/132/31
f 852/132/31 776/131/31 775/133/31
f 852/132/31 775/133/31 851/134/31
f 851/134/31 775/133/31 850/135/30
f 850/135/30 775/133/31 774/136/31
f 850/135/30 774/136/31 849/137/31
f 849/137/31 774/136/31 773/138/31
f 849/137/31 773/138/31 848/139/30
f 848/139/30 773/138/31 772/67/31
f 848/139/30 772/67/31 847/66/31
f 791/104/31 790/140/31 787/105/31
f 787/105/31 790/140/31 788/141/31
f 788/141/31 790/140/31 789/142/31
f 852/807/59 891/808/59 817/809/35
f 817/809/35 891/808/59 894/810/35
f 817/809/35 894/810/35 818/811/60
f 818/811/60 894/810/35 959/812/60
f 818/811/60 959/812/60 819/813/61
f 819/813/61 959/812/60 957/814/61
f 819/813/61 957/814/61 820/815/62
f 820/815/62 957/814/61 955/816/62
f 820/815/62 955/816/62 821/817/63
f 821/817/63 955/816/62 953/818/63
f 821/817/63 953/818/63 822/819/64
f 822/819/64 953/818/63 951/820/64
f 822/819/64 951/820/64 823/821/65
f 823/821/65 951/820/64 949/822/65
f 823/821/65 949/822/65 824/823/66
f 824/823/66 949/822/65 947/824/66
f 824/823/66 947/824/66 825/825/68
f 825/825/68 947/824/66 945/826/68
f 825/825/68 945/826/68 826/827/39
f 826/827/39 945/826/68 943/828/39
f 826/827/39 943/828/39 827/829/69
f 827/829/69 943/828/39 941/830/69
f 827/829/69 941/830/69 828/831/70
f 828/831/70 941/830/69 939/832/70
f 828/831/70 939/832/70 829/833/71
f 829/833/71 939/832/70 937/834/71
f 829/833/71 937/834/71 830/835/72
f 830/835/72 937/834/71 935/836/72
f 830/835/72 935/836/72 831/837/73
f 831/837/73 935/836/72 933/838/73
f 831/837/73 933/838/73 832/839/74
f 832/839/74 933/838/73 931/840/74
f 832/839/74 931/840/74 833/841/75
f 833/841/75 931/840/74 929/842/75
f 833/841/75 929/842/75 834/843/76
f 834/843/76 929/842/75 927/844/76
f 834/843/76 927/844/76 835/845/77
f 835/845/77 927/844/76 889/846/77
f 835/847/77 889/848/77 836/849/78
f 836/849/78 889/848/77 925/850/78
f 836/849/78 925/850/78 837/851/79
f 837/851/79 925/850/78 923/852/79
f 837/851/79 923/852/79 838/853/80
f 838/853/80 923/852/79 921/854/80
f 838/853/80 921/854/80 839/855/81
f 839/855/81 921/854/80 919/856/81
f 839/855/81 919/856/81 840/857/82
f 840/857/82 919/856/81 917/858/82
f 840/857/82 917/858/82 841/859/83
f 841/859/83 917/858/82 915/860/83
f 841/859/83 915/860/83 842/861/84
f 842/861/84 915/860/83 913/862/84
f 842/861/84 913/862/84 843/863/85
f 843/863/85 913/862/84 911/864/85
f 843/863/85 911/864/85 844/865/86
f 844/865/86 911/864/85 909/866/86
f 844/865/86 909/866/86 845/867/87
f 845/867/87 909/866/86 907/868/87
f 845/867/87 907/868/87 846/869/88
f 846/869/88 907/868/87 905/870/88
f 846/869/88 905/870/88 847/871/89
f 847/871/89 905/870/88 903/872/89
f 847/871/89 903/872/89 848/873/90
f 848/873/90 903/872/89 901/874/90
f 848/873/90 901/874/90 849/875/91
f 849/875/91 901/874/90 899/876/91
f 849/875/91 899/876/91 850/877/92
f 850/877/92 899/876/91 897/878/92
f 850/877/92 897/878/92 851/879/93
f 851/879/93 897/878/92 895/880/93
f 851/879/93 895/880/93 852/807/59
f 852/807/59 895/880/93 891/808/59
f 854/881/60 960/882/60 853/883/35
f 853/883/35 960/882/60 893/884/35
f 853/883/35 893/884/35 888/885/59
f 888/885/59 893/884/35 892/886/59
f 888/885/59 892/886/59 887/887/93
f 887/887/93 892/886/59 896/888/93
f 887/887/93 896/888/93 886/889/92
f 886/889/92 896/888/93 898/890/92
f 886/889/92 898/890/92 885/891/91
f 885/891/91 898/890/92 900/892/91
f 885/891/91 900/892/91 884/893/90
f 884/893/90 900/892/91 902/894/90
f 884/893/90 902/894/90 883/895/89
f 883/895/89 902/894/90 904/896/89
f 883/895/89 904/896/89 882/897/88
f 882/897/88 904/896/89 906/898/88
f 882/897/88 906/898/88 881/899/87
f 881/899/87 906/898/88 908/900/87
f 881/899/87 908/900/87 880/901/86
f 880/901/86 908/900/87 910/902/86
f 880/901/86 910/902/86 879/903/85
f 879/903/85 910/902/86 912/904/85
f 879/903/85 912/904/85 878/905/84
f 878/905/84 912/904/85 914/906/84
f 878/905/84 914/906/84 877/907/83
f 877/907/83 914/906/84 916/908/83
f 877/907/83 916/908/83 876/909/82
f 876/909/82 916/908/83 918/910/82
f 876/909/82 918/910/82 875/911/81
f 875/911/81 918/910/82 920/912/81
f 875/911/81 920/912/81 874/913/80
f 874/913/80 920/912/81 922/914/80
f 874/913/80 922/914/80 873/915/79
f 873/915/79 922/914/80 924/916/79
f 873/915/79 924/916/79 872/917/78
f 872/917/78 924/916/79 926/918/78
f 872/917/78 926/918/78 871/919/77
f 871/919/77 926/918/78 890/920/77
f 871/921/77 890/922/77 870/923/76
f 870/923/76 890/922/77 928/924/76
f 870/923/76 928/924/76 869/925/75
f 869/925/75 928/924/76 930/926/75
f 869/925/75 930/926/75 868/927/74
f 868/927/74 930/926/75 932/928/74
f 868/927/74 932/928/74 867/929/73
f 867/929/73 932/928/74 934/930/73
f 867/929/73 934/930/73 866/931/72
f 866/931/72 934/930/73 936/932/72
f 866/931/72 936/932/72 865/933/71
f 865/933/71 936/932/72 938/934/71
f 865/933/71 938/934/71 864/935/70
f 864/935/70 938/934/71 940/936/70
f 864/935/70 940/936/70 863/937/69
f 863/937/69 940/936/70 942/938/69
f 863/937/69 942/938/69 862/939/39
f 862/939/39 942/938/69 944/940/39
f 862/939/39 944/940/39 861/941/68
f 861/941/68 944/940/39 946/942/68
f 861/941/68 946/942/68 860/943/66
f 860/943/66 946/942/68 948/944/66
f 860/943/66 948/944/66 859/945/65
f 859/945/65 948/944/66 950/946/65
f 859/945/65 950/946/65 858/947/64
f 858/947/64 950/946/65 952/948/64
f 858/947/64 952/948/64 857/949/63
f 857/949/63 952/948/64 954/950/63
f 857/949/63 954/950/63 856/951/62
f 856/951/62 954/950/63 956/952/62
f 856/951/62 956/952/62 855/953/61
f 855/953/61 956/952/62 958/954/61
f 855/953/61 958/954/61 854/881/60
f 854/881/60 958/954/61 960/882/60
f 889/848/77 890/920/77 925/850/78
f 925/850/78 890/920/77 926/918/78
f 925/850/78 926/918/78 923/852/79
f 923/852/79 926/918/78 924/916/79
f 923/852/79 924/916/79 921/854/80
f 921/854/80 924/916/79 922/914/80
f 921/854/80 922/914/80 919/856/81
f 919/856/81 922/914/80 920/912/81
f 919/856/81 920/912/81 917/858/82
f 917/858/82 920/912/81 918/910/82
f 917/858/82 918/910/82 915/860/83
f 915/860/83 918/910/82 916/908/83
f 915/860/83 916/908/83 913/862/84
f 913/862/84 916/908/83 914/906/84
f 913/862/84 914/906/84 911/864/85
f 911/864/85 914/906/84 912/904/85
f 911/864/85 912/904/85 909/866/86
f 909/866/86 912/904/85 910/902/86
f 909/866/86 910/902/86 907/868/87
f 907/868/87 910/902/86 908/900/87
f 907/868/87 908/900/87 905/870/88
f 905/870/88 908/900/87 906/898/88
f 905/870/88 906/898/88 903/872/89
f 903/872/89 906/898/88 904/896/89
f 903/872/89 904/896/89 901/874/90
f 901/874/90 904/896/89 902/894/90
f 901/874/90 902/894/90 899/876/91
f 899/876/91 902/894/90 900/892/91
f 899/876/91 900/892/91 897/878/92
f 897/878/92 900/892/91 898/890/92
f 897/878/92 898/890/92 895/880/93
f 895/880/93 898/890/92 896/888/93
f 895/880/93 896/888/93 891/808/59
f 891/808/59 896/888/93 892/886/59
f 891/808/59 892/886/59 894/810/35
f 894/810/35 892/886/59 893/884/35
f 894/810/35 893/884/35 959/812/60
f 959/812/60 893/884/35 960/882/60
f 959/812/60 960/882/60 957/814/61
f 957/814/61 960/882/60 958/954/61
f 957/814/61 958/954/61 955/816/62
f 955/816/62 958/954/61 956/952/62
f 955/816/62 956/952/62 953/818/63
f 953/818/63 956/952/62 954/950/63
f 953/818/63 954/950/63 951/820/64
f 951/820/64 954/950/63 952/948/64
f 951/820/64 952/948/64 949/822/65
f 949/822/65 952/948/64 950/946/65
f 949/822/65 950/946/65 947/824/66
f 947/824/66 950/946/65 948/944/66
f 947/824/66 948/944/66 945/826/68
f 945/826/68 948/944/66 946/942/68
f 945/826/68 946/942/68 943/828/39
f 943/828/39 946/942/68 944/940/39
f 943/828/39 944/940/39 941/830/69
f 941/830/69 944/940/39 942/938/69
f 941/830/69 942/938/69 939/832/70
f 939/832/70 942/938/69 940/936/70
f 939/832/70 940/936/70 937/834/71
f 937/834/71 940/936/70 938/934/71
f 937/834/71 938/934/71 935/836/72
f 935/836/72 938/934/71 936/932/72
f 935/836/72 936/932/72 933/838/73
f 933/838/73 936/932/72 934/930/73
f 933/838/73 934/930/73 931/840/74
f 931/840/74 934/930/73 932/928/74
f 931/840/74 932/928/74 929/842/75
f 929/842/75 932/928/74 930/926/75
f 929/842/75 930/926/75 927/844/76
f 927/844/76 930/926/75 928/924/76
f 927/844/76 928/924/76 889/846/77
f 889/846/77 928/924/76 890/922/77
f 961/147/36 962/148/36 1008/149/36
f 1008/149/36 962/148/36 963/150/36
f 1008/149/36 963/150/36 1007/151/36
f 1007/151/36 963/150/36 1006/152/36
f 1006/152/36 963/150/36 964/153/36
f 1006/152/36 964/153/36 883/381/37
f 883/381/37 964/153/36 884/382/36
f 884/382/36 964/153/36 965/155/36
f 884/382/36 965/155/36 885/383/36
f 885/383/36 965/155/36 966/158/36
f 885/383/36 966/158/36 886/384/37
f 886/384/37 966/158/36 967/160/36
f 886/384/37 967/160/36 887/385/38
f 887/385/38 967/160/36 888/386/37
f 888/386/37 967/160/36 968/163/36
f 888/386/37 968/163/36 853/387/37
f 853/387/37 968/163/36 969/165/36
f 853/387/37 969/165/36 854/388/36
f 854/388/36 969/165/36 855/389/36
f 855/389/36 969/165/36 970/168/36
f 855/389/36 970/168/36 856/390/36
f 856/390/36 970/168/36 857/391/36
f 857/391/36 970/168/36 971/170/36
f 857/391/36 971/170/36 858/392/36
f 858/392/36 971/170/36 972/173/36
f 858/392/36 972/173/36 859/393/37
f 859/393/37 972/173/36 860/394/37
f 860/394/37 972/173/36 973/175/36
f 860/394/37 973/175/36 861/395/36
f 861/395/36 973/175/36 862/396/36
f 862/396/36 973/175/36 974/185/36
f 862/396/36 974/185/36 863/397/36
f 863/397/36 974/185/36 975/187/36
f 863/397/36 975/187/36 864/398/36
f 864/398/36 975/187/36 865/399/36
f 865/399/36 975/187/36 976/188/36
f 865/399/36 976/188/36 866/400/36
f 866/400/36 976/188/36 977/189/36
f 866/400/36 977/189/36 867/401/36
f 867/401/36 977/189/36 978/191/36
f 867/401/36 978/191/36 868/402/36
f 868/402/36 978/191/36 984/184/36
f 868/402/36 984/184/36 985/183/36
f 978/191/36 979/192/36 984/184/36
f 984/184/36 979/192/36 983/186/36
f 983/186/36 979/192/36 982/190/36
f 982/190/36 979/192/36 980/193/36
f 982/190/36 980/193/36 981/194/36
f 985/183/36 986/182/36 868/402/36
f 868/402/36 986/182/36 869/403/36
f 869/403/36 986/182/36 987/181/36
f 869/403/36 987/181/36 988/180/36
f 869/403/36 988/180/36 870/404/36
f 870/404/36 988/180/36 989/179/36
f 870/404/36 989/179/36 871/405/36
f 871/405/36 989/179/36 990/178/36
f 871/405/36 990/178/36 872/406/36
f 872/406/36 990/178/36 991/177/36
f 872/406/36 991/177/36 873/407/36
f 873/407/36 991/177/36 992/176/36
f 873/407/36 992/176/36 993/174/36
f 873/407/36 993/174/36 874/408/36
f 874/408/36 993/174/36 994/172/36
f 874/408/36 994/172/36 875/409/36
f 875/409/36 994/172/36 995/171/36
f 875/409/36 995/171/36 876/410/36
f 876/410/36 995/171/36 996/169/36
f 876/410/36 996/169/36 877/411/36
f 877/411/36 996/169/36 997/167/36
f 877/411/36 997/167/36 878/412/36
f 878/412/36 997/167/36 998/166/36
f 878/412/36 998/166/36 999/164/36
f 878/412/36 999/164/36 879/413/36
f 879/413/36 999/164/36 1000/162/36
f 879/413/36 1000/162/36 880/414/36
f 880/414/36 1000/162/36 1001/161/36
f 880/414/36 1001/161/36 881/415/36
f 881/415/36 1001/161/36 1002/159/36
f 881/415/36 1002/159/36 882/416/37
f 882/416/37 1002/159/36 1003/157/36
f 882/416/37 1003/157/36 1004/156/36
f 882/416/37 1004/156/36 883/381/37
f 883/381/37 1004/156/36 1005/154/36
f 883/381/37 1005/154/36 1006/152/36
f 962/143/35 961/144/35 1010/145/35
f 1010/145/35 961/144/35 1009/146/35
f 1028/417/58 980/418/58 1027/419/57
f 1027/419/57 980/418/58 979/420/57
f 1027/419/57 979/420/57 978/421/56
f 1027/419/57 978/421/56 1026/422/56
f 1026/422/56 978/421/56 977/423/55
f 1026/422/56 977/423/55 1025/424/55
f 1025/424/55 977/423/55 976/425/54
f 1025/424/55 976/425/54 1024/426/54
f 1024/426/54 976/425/54 975/427/53
f 1024/426/54 975/427/53 1023/428/53
f 1023/428/53 975/427/53 974/429/52
f 1023/428/53 974/429/52 1022/430/52
f 1022/430/52 974/429/52 973/431/51
f 1022/430/52 973/431/51 1021/432/51
f 1021/432/51 973/431/51 972/433/50
f 1021/432/51 972/433/50 1020/434/50
f 1020/434/50 972/433/50 971/435/49
f 1020/434/50 971/435/49 1019/436/49
f 1019/436/49 971/435/49 970/437/48
f 1019/436/49 970/437/48 1018/438/48
f 1018/438/48 970/437/48 969/439/47
f 1018/438/48 969/439/47 1017/440/47
f 1017/440/47 969/439/47 968/441/46
f 1017/440/47 968/441/46 1016/442/46
f 1016/442/46 968/441/46 967/443/45
f 1016/442/46 967/443/45 1015/444/45
f 1015/444/45 967/443/45 966/445/44
f 1015/444/45 966/445/44 1014/446/44
f 1014/446/44 966/445/44 965/447/43
f 1014/446/44 965/447/43 1013/448/43
f 1013/448/43 965/447/43 964/449/42
f 1013/448/43 964/449/42 1012/450/42
f 1012/450/42 964/449/42 963/451/41
f 1012/450/42 963/451/41 1011/452/41
f 1011/452/41 963/451/41 1010/195/40
f 1010/195/40 963/451/41 962/196/40
f 981/143/39 980/144/39 1029/145/39
f 1029/145/39 980/144/39 1028/146/39
f 1009/453/29 961/454/29 1056/455/28
f 1056/455/28 961/454/29 1008/456/28
f 1056/455/28 1008/456/28 1007/457/27
f 1056/455/28 1007/457/27 1055/458/27
f 1055/458/27 1007/457/27 1006/459/26
f 1055/458/27 1006/459/26 1054/460/26
f 1054/460/26 1006/459/26 1005/461/25
f 1054/460/26 1005/461/25 1053/462/25
f 1053/462/25 1005/461/25 1004/463/24
f 1053/462/25 1004/463/24 1052/464/24
f 1052/464/24 1004/463/24 1003/465/23
f 1052/464/24 1003/465/23 1051/466/23
f 1051/466/23 1003/465/23 1002/467/22
f 1051/466/23 1002/467/22 1050/468/22
f 1050/468/22 1002/467/22 1001/469/21
f 1050/468/22 1001/469/21 1049/470/21
f 1049/470/21 1001/469/21 1000/471/20
f 1049/470/21 1000/471/20 1048/472/20
f 1048/472/20 1000/471/20 999/473/19
f 1048/472/20 999/473/19 1047/474/19
f 1047/474/19 999/473/19 998/475/18
f 1047/474/19 998/475/18 1046/476/18
f 1046/476/18 998/475/18 997/477/17
f 1046/476/18 997/477/17 1045/478/17
f 1045/478/17 997/477/17 996/479/16
f 1045/478/17 996/479/16 1044/480/16
f 1044/480/16 996/479/16 995/481/15
f 1044/480/16 995/481/15 1043/482/15
f 1043/482/15 995/481/15 994/483/14
f 1043/482/15 994/483/14 1042/484/14
f 1042/484/14 994/483/14 993/485/13
f 1042/484/14 993/485/13 1041/486/13
f 1041/486/13 993/485/13 992/487/12
f 1041/486/13 992/487/12 1040/488/12
f 1040/488/12 992/487/12 991/489/11
f 1040/488/12 991/489/11 1039/490/11
f 1039/490/11 991/489/11 990/491/10
f 1039/490/11 990/491/10 1038/492/10
f 1038/492/10 990/491/10 989/493/9
f 1038/492/10 989/493/9 1037/494/9
f 1037/494/9 989/493/9 988/495/8
f 1037/494/9 988/495/8 1036/496/8
f 1036/496/8 988/495/8 987/497/7
f 1036/496/8 987/497/7 1035/498/7
f 1035/498/7 987/497/7 986/499/6
f 1035/498/7 986/499/6 1034/500/6
f 1034/500/6 986/499/6 985/501/5
f 1034/500/6 985/501/5 1033/502/5
f 1033/502/5 985/501/5 984/503/4
f 1033/502/5 984/503/4 1032/504/4
f 1032/504/4 984/503/4 983/505/3
f 1032/504/4 983/505/3 1031/506/3
f 1031/506/3 983/505/3 982/507/2
f 1031/506/3 982/507/2 1030/508/2
f 1030/508/2 982/507/2 1029/509/1
f 1029/509/1 982/507/2 981/510/1
f 1009/59/31 1056/60/31 1010/61/31
f 1010/61/31 1056/60/31 1011/62/31
f 1011/62/31 1056/60/31 1055/63/31
f 1011/62/31 1055/63/31 1054/64/31
f 1053/65/31 1087/66/31 1054/64/31
f 1054/64/31 1087/66/31 1012/67/31
f 1054/64/31 1012/67/31 1011/62/31
f 1053/65/31 1052/68/31 1087/66/31
f 1087/66/31 1052/68/31 1086/69/31
f 1086/69/31 1052/68/31 1051/70/31
f 1086/69/31 1051/70/31 1050/71/31
f 1086/69/31 1050/71/31 1085/72/31
f 1085/72/31 1050/71/31 1049/73/31
f 1085/72/31 1049/73/31 1084/74/31
f 1084/74/31 1049/73/31 1048/75/31
f 1084/74/31 1048/75/31 1083/76/30
f 1083/76/30 1048/75/31 1047/77/31
f 1083/76/30 1047/77/31 1082/78/30
f 1082/78/30 1047/77/31 1046/79/31
f 1082/78/30 1046/79/31 1045/80/31
f 1082/78/30 1045/80/31 1081/81/31
f 1081/81/31 1045/80/31 1044/82/31
f 1081/81/31 1044/82/31 1080/83/31
f 1080/83/31 1044/82/31 1043/84/31
f 1080/83/31 1043/84/31 1079/85/31
f 1079/85/31 1043/84/31 1042/86/31
f 1079/85/31 1042/86/31 1078/87/30
f 1078/87/30 1042/86/31 1041/88/31
f 1078/87/30 1041/88/31 1077/89/31
f 1077/89/31 1041/88/31 1040/90/31
f 1077/89/31 1040/90/31 1039/91/31
f 1077/89/31 1039/91/31 1076/92/31
f 1076/92/31 1039/91/31 1038/93/31
f 1076/92/31 1038/93/31 1075/94/31
f 1075/94/31 1038/93/31 1037/95/31
f 1075/94/31 1037/95/31 1074/96/31
f 1074/96/31 1037/95/31 1036/97/31
f 1074/96/31 1036/97/31 1073/98/31
f 1073/98/31 1036/97/31 1035/99/31
f 1073/98/31 1035/99/31 1034/100/31
f 1073/98/31 1034/100/31 1072/101/31
f 1072/101/31 1034/100/31 1033/102/31
f 1072/101/31 1033/102/31 1032/103/31
f 1031/104/31 1027/105/31 1032/103/31
f 1032/103/31 1027/105/31 1026/106/31
f 1032/103/31 1026/106/31 1072/101/31
f 1072/101/31 1026/106/31 1071/107/31
f 1071/107/31 1026/106/31 1025/108/33
f 1071/107/31 1025/108/33 1070/109/31
f 1070/109/31 1025/108/33 1024/110/31
f 1070/109/31 1024/110/31 1069/111/33
f 1069/111/33 1024/110/31 1023/112/31
f 1069/111/33 1023/112/31 1068/113/33
f 1068/113/33 1023/112/31 1067/114/30
f 1067/114/30 1023/112/31 1022/115/31
f 1067/114/30 1022/115/31 1066/116/31
f 1066/116/31 1022/115/31 1021/117/31
f 1066/116/31 1021/117/31 1065/118/31
f 1065/118/31 1021/117/31 1064/119/31
f 1064/119/31 1021/117/31 1020/120/31
f 1064/119/31 1020/120/31 1063/121/31
f 1063/121/31 1020/120/31 1062/122/31
f 1062/122/31 1020/120/31 1019/123/31
f 1062/122/31 1019/123/31 1061/124/31
f 1061/124/31 1019/123/31 1018/125/31
f 1061/124/31 1018/125/31 1060/126/31
f 1060/126/31 1018/125/31 1059/127/31
f 1059/127/31 1018/125/31 1017/128/31
f 1059/127/31 1017/128/31 1058/129/31
f 1058/129/31 1017/128/31 1057/130/33
f 1057/130/33 1017/128/31 1016/131/31
f 1057/130/33 1016/131/31 1092/132/31
f 1092/132/31 1016/131/31 1015/133/31
f 1092/132/31 1015/133/31 1091/134/31
f 1091/134/31 1015/133/31 1090/135/31
f 1090/135/31 1015/133/31 1014/136/31
f 1090/135/31 1014/136/31 1089/137/31
f 1089/137/31 1014/136/31 1013/138/31
f 1089/137/31 1013/138/31 1088/139/31
f 1088/139/31 1013/138/31 1012/67/31
f 1088/139/31 1012/67/31 1087/66/31
f 1031/104/31 1030/140/31 1027/105/31
f 1027/105/31 1030/140/31 1028/141/31
f 1028/141/31 1030/140/31 1029/142/31
f 1092/955/59 1131/956/59 1057/957/35
f 1057/957/35 1131/956/59 1134/958/35
f 1057/957/35 1134/958/35 1058/959/60
f 1058/959/60 1134/958/35 1199/960/60
f 1058/959/60 1199/960/60 1059/961/61
f 1059/961/61 1199/960/60 1197/962/61
f 1059/961/61 1197/962/61 1060/963/62
f 1060/963/62 1197/962/61 1195/964/62
f 1060/963/62 1195/964/62 1061/965/63
f 1061/965/63 1195/964/62 1193/966/63
f 1061/965/63 1193/966/63 1062/967/64
f 1062/967/64 1193/966/63 1191/968/64
f 1062/967/64 1191/968/64 1063/969/65
f 1063/969/65 1191/968/64 1189/970/65
f 1063/969/65 1189/970/65 1064/971/66
f 1064/971/66 1189/970/65 1187/972/66
f 1064/971/66 1187/972/66 1065/973/68
f 1065/973/68 1187/972/66 1185/974/68
f 1065/973/68 1185/974/68 1066/975/39
f 1066/975/39 1185/974/68 1183/976/39
f 1066/975/39 1183/976/39 1067/977/69
f 1067/977/69 1183/976/39 1181/978/69
f 1067/977/69 1181/978/69 1068/979/70
f 1068/979/70 1181/978/69 1179/980/70
f 1068/979/70 1179/980/70 1069/981/71
f 1069/981/71 1179/980/70 1177/982/71
f 1069/981/71 1177/982/71 1070/983/72
f 1070/983/72 1177/982/71 1175/984/72
f 1070/983/72 1175/984/72 1071/985/73
f 1071/985/73 1175/984/72 1173/986/73
f 1071/985/73 1173/986/73 1072/987/74
f 1072/987/74 1173/986/73 1171/988/74
f 1072/987/74 1171/988/74 1073/989/75
f 1073/989/75 1171/988/74 1169/990/75
f 1073/989/75 1169/990/75 1074/991/76
f 1074/991/76 1169/990/75 1167/992/76
f 1074/991/76 1167/992/76 1075/993/77
f 1075/993/77 1167/992/76 1129/994/77
f 1075/995/77 1129/996/77 1076/997/78
f 1076/997/78 1129/996/77 1165/998/78
f 1076/997/78 1165/998/78 1077/999/79
f 1077/999/79 1165/998/78 1163/1000/79
f 1077/999/79 1163/1000/79 1078/1001/80
f 1078/1001/80 1163/1000/79 1161/1002/80
f 1078/1001/80 1161/1002/80 1079/1003/81
f 1079/1003/81 1161/1002/80 1159/1004/81
f 1079/1003/81 1159/1004/81 1080/1005/82
f 1080/1005/82 1159/1004/81 1157/1006/82
f 1080/1005/82 1157/1006/82 1081/1007/83
f 1081/1007/83 1157/1006/82 1155/1008/83
f 1081/1007/83 1155/1008/83 1082/1009/84
f 1082/1009/84 1155/1008/83 1153/1010/84
f 1082/1009/84 1153/1010/84 1083/1011/85
f 1083/1011/85 1153/1010/84 1151/1012/85
f 1083/1011/85 1151/1012/85 1084/1013/86
f 1084/1013/86 1151/1012/85 1149/1014/86
f 1084/1013/86 1149/1014/86 1085/1015/87
f 1085/1015/87 1149/1014/86 1147/1016/87
f 1085/1015/87 1147/1016/87 1086/1017/88
f 1086/1017/88 1147/1016/87 1145/1018/88
f 1086/1017/88 1145/1018/88 1087/1019/89
f 1087/1019/89 1145/1018/88 1143/1020/89
f 1087/1019/89 1143/1020/89 1088/1021/90
f 1088/1021/90 1143/1020/89 1141/1022/90
f 1088/1021/90 1141/1022/90 1089/1023/91
f 1089/1023/91 1141/1022/90 1139/1024/91
f 1089/1023/91 1139/1024/91 1090/1025/92
f 1090/1025/92 1139/1024/91 1137/1026/92
f 1090/1025/92 1137/1026/92 1091/1027/93
f 1091/1027/93 1137/1026/92 1135/1028/93
f 1091/1027/93 1135/1028/93 1092/955/59
f 1092/955/59 1135/1028/93 1131/956/59
f 1094/1029/60 1200/1030/60 1093/1031/35
f 1093/1031/35 1200/1030/60 1133/1032/35
f 1093/1031/35 1133/1032/35 1128/1033/59
f 1128/1033/59 1133/1032/35 1132/1034/59
f 1128/1033/59 1132/1034/59 1127/1035/93
f 1127/1035/93 1132/1034/59 1136/1036/93
f 1127/1035/93 1136/1036/93 1126/1037/92
f 1126/1037/92 1136/1036/93 1138/1038/92
f 1126/1037/92 1138/1038/92 1125/1039/91
f 1125/1039/91 1138/1038/92 1140/1040/91
f 1125/1039/91 1140/1040/91 1124/1041/90
f 1124/1041/90 1140/1040/91 1142/1042/90
f 1124/1041/90 1142/1042/90 1123/1043/89
f 1123/1043/89 1142/1042/90 1144/1044/89
f 1123/1043/89 1144/1044/89 1122/1045/88
f 1122/1045/88 1144/1044/89 1146/1046/88
f 1122/1045/88 1146/1046/88 1121/1047/87
f 1121/1047/87 1146/1046/88 1148/1048/87
f 1121/1047/87 1148/1048/87 1120/1049/86
f 1120/1049/86 1148/1048/87 1150/1050/86
f 1120/1049/86 1150/1050/86 1119/1051/85
f 1119/1051/85 1150/1050/86 1152/1052/85
f 1119/1051/85 1152/1052/85 1118/1053/84
f 1118/1053/84 1152/1052/85 1154/1054/84
f 1118/1053/84 1154/1054/84 1117/1055/83
f 1117/1055/83 1154/1054/84 1156/1056/83
f 1117/1055/83 1156/1056/83 1116/1057/82
f 1116/1057/82 1156/1056/83 1158/1058/82
f 1116/1057/82 1158/1058/82 1115/1059/81
f 1115/1059/81 1158/1058/82 1160/1060/81
f 1115/1059/81 1160/1060/81 1114/1061/80
f 1114/1061/80 1160/1060/81 1162/1062/80
f 1114/1061/80 1162/1062/80 1113/1063/79
f 1113/1063/79 1162/1062/80 1164/1064/79
f 1113/1063/79 1164/1064/79 1112/1065/78
f 1112/1065/78 1164/1064/79 1166/1066/78
f 1112/1065/78 1166/1066/78 1111/1067/77
f 1111/1067/77 1166/1066/78 1130/1068/77
f 1111/1069/77 1130/1070/77 1110/1071/76
f 1110/1071/76 1130/1070/77 1168/1072/76
f 1110/1071/76 1168/1072/76 1109/1073/75
f 1109/1073/75 1168/1072/76 1170/1074/75
f 1109/1073/75 1170/1074/75 1108/1075/74
f 1108/1075/74 1170/1074/75 1172/1076/74
f 1108/1075/74 1172/1076/74 1107/1077/73
f 1107/1077/73 1172/1076/74 1174/1078/73
f 1107/1077/73 1174/1078/73 1106/1079/72
f 1106/1079/72 1174/1078/73 1176/1080/72
f 1106/1079/72 1176/1080/72 1105/1081/71
f 1105/1081/71 1176/1080/72 1178/1082/71
f 1105/1081/71 1178/1082/71 1104/1083/70
f 1104/1083/70 1178/1082/71 1180/1084/70
f 1104/1083/70 1180/1084/70 1103/1085/69
f 1103/1085/69 1180/1084/70 1182/1086/69
f 1103/1085/69 1182/1086/69 1102/1087/39
f 1102/1087/39 1182/1086/69 1184/1088/39
f 1102/1087/39 1184/1088/39 1101/1089/68
f 1101/1089/68 1184/1088/39 1186/1090/68
f 1101/1089/68 1186/1090/68 1100/1091/66
f 1100/1091/66 1186/1090/68 1188/1092/66
f 1100/1091/66 1188/1092/66 1099/1093/65
f 1099/1093/65 1188/1092/66 1190/1094/65
f 1099/1093/65 1190/1094/65 1098/1095/64
f 1098/1095/64 1190/1094/65 1192/1096/64
f 1098/1095/64 1192/1096/64 1097/1097/63
f 1097/1097/63 1192/1096/64 1194/1098/63
f 1097/1097/63 1194/1098/63 1096/1099/62
f 1096/1099/62 1194/1098/63 1196/1100/62
f 1096/1099/62 1196/1100/62 1095/1101/61
f 1095/1101/61 1196/1100/62 1198/1102/61
f 1095/1101/61 1198/1102/61 1094/1029/60
f 1094/1029/60 1198/1102/61 1200/1030/60
f 1129/996/77 1130/1068/77 1165/998/78
f 1165/998/78 1130/1068/77 1166/1066/78
f 1165/998/78 1166/1066/78 1163/1000/79
f 1163/1000/79 1166/1066/78 1164/1064/79
f 1163/1000/79 1164/1064/79 1161/1002/80
f 1161/1002/80 1164/1064/79 1162/1062/80
f 1161/1002/80 1162/1062/80 1159/1004/81
f 1159/1004/81 1162/1062/80 1160/1060/81
f 1159/1004/81 1160/1060/81 1157/1006/82
f 1157/1006/82 1160/1060/81 1158/1058/82
f 1157/1006/82 1158/1058/82 1155/1008/83
f 1155/1008/83 1158/1058/82 1156/1056/83
f 1155/1008/83 1156/1056/83 1153/1010/84
f 1153/1010/84 1156/1056/83 1154/1054/84
f 1153/1010/84 1154/1054/84 1151/1012/85
f 1151/1012/85 1154/1054/84 1152/1052/85
f 1151/1012/85 1152/1052/85 1149/1014/86
f 1149/1014/86 1152/1052/85 1150/1050/86
f 1149/1014/86 1150/1050/86 1147/1016/87
f 1147/1016/87 1150/1050/86 1148/1048/87
f 1147/1016/87 1148/1048/87 1145/1018/88
f 1145/1018/88 1148/1048/87 1146/1046/88
f 1145/1018/88 1146/1046/88 1143/1020/89
f 1143/1020/89 1146/1046/88 1144/1044/89
f 1143/1020/89 1144/1044/89 1141/1022/90
f 1141/1022/90 1144/1044/89 1142/1042/90
f 1141/1022/90 1142/1042/90 1139/1024/91
f 1139/1024/91 1142/1042/90 1140/1040/91
f 1139/1024/91 1140/1040/91 1137/1026/92
f 1137/1026/92 1140/1040/91 1138/1038/92
f 1137/1026/92 1138/1038/92 1135/1028/93
f 1135/1028/93 1138/1038/92 1136/1036/93
f 1135/1028/93 1136/1036/93 1131/956/59
f 1131/956/59 1136/1036/93 1132/1034/59
f 1131/956/59 1132/1034/59 1134/958/35
f 1134/958/35 1132/1034/59 1133/1032/35
f 1134/958/35 1133/1032/35 1199/960/60
f 1199/960/60 1133/1032/35 1200/1030/60
f 1199/960/60 1200/1030/60 1197/962/61
f 1197/962/61 1200/1030/60 1198/1102/61
f 1197/962/61 1198/1102/61 1195/964/62
f 1195/964/62 1198/1102/61 1196/1100/62
f 1195/964/62 1196/1100/62 1193/966/63
f 1193/966/63 1196/1100/62 1194/1098/63
f 1193/966/63 1194/1098/63 1191/968/64
f 1191/968/64 1194/1098/63 1192/1096/64
f 1191/968/64 1192/1096/64 1189/970/65
f 1189/970/65 1192/1096/64 1190/1094/65
f 1189/970/65 1190/1094/65 1187/972/66
f 1187/972/66 1190/1094/65 1188/1092/66
f 1187/972/66 1188/1092/66 1185/974/68
f 1185/974/68 1188/1092/66 1186/1090/68
f 1185/974/68 1186/1090/68 1183/976/39
f 1183/976/39 1186/1090/68 1184/1088/39
f 1183/976/39 1184/1088/39 1181/978/69
f 1181/978/69 1184/1088/39 1182/1086/69
f 1181/978/69 1182/1086/69 1179/980/70
f 1179/980/70 1182/1086/69 1180/1084/70
f 1179/980/70 1180/1084/70 1177/982/71
f 1177/982/71 1180/1084/70 1178/1082/71
f 1177/982/71 1178/1082/71 1175/984/72
f 1175/984/72 1178/1082/71 1176/1080/72
f 1175/984/72 1176/1080/72 1173/986/73
f 1173/986/73 1176/1080/72 1174/1078/73
f 1173/986/73 1174/1078/73 1171/988/74
f 1171/988/74 1174/1078/73 1172/1076/74
f 1171/988/74 1172/1076/74 1169/990/75
f 1169/990/75 1172/1076/74 1170/1074/75
f 1169/990/75 1170/1074/75 1167/992/76
f 1167/992/76 1170/1074/75 1168/1072/76
f 1167/992/76 1168/1072/76 1129/994/77
f 1129/994/77 1168/1072/76 1130/1070/77
f 1201/147/36 1202/148/36 1248/149/36
f 1248/149/36 1202/148/36 1203/150/36
f 1248/149/36 1203/150/36 1247/151/36
f 1247/151/36 1203/150/36 1246/152/36
f 1246/152/36 1203/150/36 1204/153/36
f 1246/152/36 1204/153/36 1123/381/36
f 1123/381/36 1204/153/36 1124/382/38
f 1124/382/38 1204/153/36 1205/155/36
f 1124/382/38 1205/155/36 1125/383/36
f 1125/383/36 1205/155/36 1206/158/36
f 1125/383/36 1206/158/36 1126/384/36
f 1126/384/36 1206/158/36 1207/160/36
f 1126/384/36 1207/160/36 1127/385/36
f 1127/385/36 1207/160/36 1128/386/36
f 1128/386/36 1207/160/36 1208/163/36
f 1128/386/36 1208/163/36 1093/387/36
f 1093/387/36 1208/163/36 1209/165/36
f 1093/387/36 1209/165/36 1094/388/36
f 1094/388/36 1209/165/36 1095/389/36
f 1095/389/36 1209/165/36 1210/168/36
f 1095/389/36 1210/168/36 1096/390/36
f 1096/390/36 1210/168/36 1097/391/37
f 1097/391/37 1210/168/36 1211/170/36
f 1097/391/37 1211/170/36 1098/392/36
f 1098/392/36 1211/170/36 1212/173/36
f 1098/392/36 1212/173/36 1099/393/38
f 1099/393/38 1212/173/36 1100/394/36
f 1100/394/36 1212/173/36 1213/175/36
f 1100/394/36 1213/175/36 1101/395/36
f 1101/395/36 1213/175/36 1102/396/36
f 1102/396/36 1213/175/36 1214/185/36
f 1102/396/36 1214/185/36 1103/397/38
f 1103/397/38 1214/185/36 1215/187/36
f 1103/397/38 1215/187/36 1104/398/38
f 1104/398/38 1215/187/36 1105/399/36
f 1105/399/36 1215/187/36 1216/188/36
f 1105/399/36 1216/188/36 1106/400/36
f 1106/400/36 1216/188/36 1217/189/38
f 1106/400/36 1217/189/38 1107/401/36
f 1107/401/36 1217/189/38 1218/191/36
f 1107/401/36 1218/191/36 1108/402/36
f 1108/402/36 1218/191/36 1224/184/36
f 1108/402/36 1224/184/36 1225/183/36
f 1218/191/36 1219/192/36 1224/184/36
f 1224/184/36 1219/192/36 1223/186/36
f 1223/186/36 1219/192/36 1222/190/36
f 1222/190/36 1219/192/36 1220/193/36
f 1222/190/36 1220/193/36 1221/194/36
f 1225/183/36 1226/182/36 1108/402/36
f 1108/402/36 1226/182/36 1109/403/36
f 1109/403/36 1226/182/36 1227/181/36
f 1109/403/36 1227/181/36 1228/180/36
f 1109/403/36 1228/180/36 1110/404/36
f 1110/404/36 1228/180/36 1229/179/36
f 1110/404/36 1229/179/36 1111/405/36
f 1111/405/36 1229/179/36 1230/178/36
f 1111/405/36 1230/178/36 1112/406/36
f 1112/406/36 1230/178/36 1231/177/36
f 1112/406/36 1231/177/36 1113/407/36
f 1113/407/36 1231/177/36 1232/176/36
f 1113/407/36 1232/176/36 1233/174/36
f 1113/407/36 1233/174/36 1114/408/36
f 1114/408/36 1233/174/36 1234/172/36
f 1114/408/36 1234/172/36 1115/409/36
f 1115/409/36 1234/172/36 1235/171/36
f 1115/409/36 1235/171/36 1116/410/36
f 1116/410/36 1235/171/36 1236/169/36
f 1116/410/36 1236/169/36 1117/411/37
f 1117/411/37 1236/169/36 1237/167/36
f 1117/411/37 1237/167/36 1118/412/37
f 1118/412/37 1237/167/36 1238/166/36
f 1118/412/37 1238/166/36 1239/164/36
f 1118/412/37 1239/164/36 1119/413/36
f 1119/413/36 1239/164/36 1240/162/36
f 1119/413/36 1240/162/36 1120/414/36
f 1120/414/36 1240/162/36 1241/161/36
f 1120/414/36 1241/161/36 1121/415/37
f 1121/415/37 1241/161/36 1242/159/36
f 1121/415/37 1242/159/36 1122/416/37
f 1122/416/37 1242/159/36 1243/157/36
f 1122/416/37 1243/157/36 1244/156/36
f 1122/416/37 1244/156/36 1123/381/36
f 1123/381/36 1244/156/36 1245/154/36
f 1123/381/36 1245/154/36 1246/152/36
f 1202/143/35 1201/144/35 1250/145/35
f 1250/145/35 1201/144/35 1249/146/35
f 1268/417/58 1220/418/58 1267/419/57
f 1267/419/57 1220/418/58 1219/420/57
f 1267/419/57 1219/420/57 1218/421/56
f 1267/419/57 1218/421/56 1266/422/56
f 1266/422/56 1218/421/56 1217/423/55
f 1266/422/56 1217/423/55 1265/424/55
f 1265/424/55 1217/423/55 1216/425/54
f 1265/424/55 1216/425/54 1264/426/54
f 1264/426/54 1216/425/54 1215/427/53
f 1264/426/54 1215/427/53 1263/428/53
f 1263/428/53 1215/427/53 1214/429/52
f 1263/428/53 1214/429/52 1262/430/52
f 1262/430/52 1214/429/52 1213/431/51
f 1262/430/52 1213/431/51 1261/432/51
f 1261/432/51 1213/431/51 1212/433/50
f 1261/432/51 1212/433/50 1260/434/50
f 1260/434/50 1212/433/50 1211/435/49
f 1260/434/50 1211/435/49 1259/436/49
f 1259/436/49 1211/435/49 1210/437/48
f 1259/436/49 1210/437/48 1258/438/48
f 1258/438/48 1210/437/48 1209/439/47
f 1258/438/48 1209/439/47 1257/440/47
f 1257/440/47 1209/439/47 1208/441/46
f 1257/440/47 1208/441/46 1256/442/46
f 1256/442/46 1208/441/46 1207/443/45
f 1256/442/46 1207/443/45 1255/444/45
f 1255/444/45 1207/443/45 1206/445/44
f 1255/444/45 1206/445/44 1254/446/44
f 1254/446/44 1206/445/44 1205/447/43
f 1254/446/44 1205/447/43 1253/448/43
f 1253/448/43 1205/447/43 1204/449/42
f 1253/448/43 1204/449/42 1252/450/42
f 1252/450/42 1204/449/42 1203/451/41
f 1252/450/42 1203/451/41 1251/452/41
f 1251/452/41 1203/451/41 1250/195/40
f 1250/195/40 1203/451/41 1202/196/40
f 1221/143/39 1220/144/39 1269/145/39
f 1269/145/39 1220/144/39 1268/146/39
f 1249/453/29 1201/454/29 1296/455/28
f 1296/455/28 1201/454/29 1248/456/28
f 1296/455/28 1248/456/28 1247/457/27
f 1296/455/28 1247/457/27 1295/458/27
f 1295/458/27 1247/457/27 1246/459/26
f 1295/458/27 1246/459/26 1294/460/26
f 1294/460/26 1246/459/26 1245/461/25
f 1294/460/26 1245/461/25 1293/462/25
f 1293/462/25 1245/461/25 1244/463/24
f 1293/462/25 1244/463/24 1292/464/24
f 1292/464/24 1244/463/24 1243/465/23
f 1292/464/24 1243/465/23 1291/466/23
f 1291/466/23 1243/465/23 1242/467/22
f 1291/466/23 1242/467/22 1290/468/22
f 1290/468/22 1242/467/22 1241/469/21
f 1290/468/22 1241/469/21 1289/470/21
f 1289/470/21 1241/469/21 1240/471/20
f 1289/470/21 1240/471/20 1288/472/20
f 1288/472/20 1240/471/20 1239/473/19
f 1288/472/20 1239/473/19 1287/474/19
f 1287/474/19 1239/473/19 1238/475/18
f 1287/474/19 1238/475/18 1286/476/18
f 1286/476/18 1238/475/18 1237/477/17
f 1286/476/18 1237/477/17 1285/478/17
f 1285/478/17 1237/477/17 1236/479/16
f 1285/478/17 1236/479/16 1284/480/16
f 1284/480/16 1236/479/16 1235/481/15
f 1284/480/16 1235/481/15 1283/482/15
f 1283/482/15 1235/481/15 1234/483/14
f 1283/482/15 1234/483/14 1282/484/14
f 1282/484/14 1234/483/14 1233/485/13
f 1282/484/14 1233/485/13 1281/486/13
f 1281/486/13 1233/485/13 1232/487/12
f 1281/486/13 1232/487/12 1280/488/12
f 1280/488/12 1232/487/12 1231/489/11
f 1280/488/12 1231/489/11 1279/490/11
f 1279/490/11 1231/489/11 1230/491/10
f 1279/490/11 1230/491/10 1278/492/10
f 1278/492/10 1230/491/10 1229/493/9
f 1278/492/10 1229/493/9 1277/494/9
f 1277/494/9 1229/493/9 1228/495/8
f 1277/494/9 1228/495/8 1276/496/8
f 1276/496/8 1228/495/8 1227/497/7
f 1276/496/8 1227/497/7 1275/498/7
f 1275/498/7 1227/497/7 1226/499/6
f 1275/498/7 1226/499/6 1274/500/6
f 1274/500/6 1226/499/6 1225/501/5
f 1274/500/6 1225/501/5 1273/502/5
f 1273/502/5 1225/501/5 1224/503/4
f 1273/502/5 1224/503/4 1272/504/4
f 1272/504/4 1224/503/4 1223/505/3
f 1272/504/4 1223/505/3 1271/506/3
f 1271/506/3 1223/505/3 1222/507/2
f 1271/506/3 1222/507/2 1270/508/2
f 1270/508/2 1222/507/2 1269/509/1
f 1269/509/1 1222/507/2 1221/510/1
f 1249/59/31 1296/60/31 1250/61/31
f 1250/61/31 1296/60/31 1251/62/31
f 1251/62/31 1296/60/31 1295/63/31
f 1251/62/31 1295/63/31 1294/64/31
f 1293/65/31 1327/66/30 1294/64/31
f 1294/64/31 1327/66/30 1252/67/31
f 1294/64/31 1252/67/31 1251/62/31
f 1293/65/31 1292/68/31 1327/66/30
f 1327/66/30 1292/68/31 1326/69/32
f 1326/69/32 1292/68/31 1291/70/31
f 1326/69/32 1291/70/31 1290/71/31
f 1326/69/32 1290/71/31 1325/72/30
f 1325/72/30 1290/71/31 1289/73/31
f 1325/72/30 1289/73/31 1324/74/33
f 1324/74/33 1289/73/31 1288/75/31
f 1324/74/33 1288/75/31 1323/76/34
f 1323/76/34 1288/75/31 1287/77/31
f 1323/76/34 1287/77/31 1322/78/33
f 1322/78/33 1287/77/31 1286/79/31
f 1322/78/33 1286/79/31 1285/80/31
f 1322/78/33 1285/80/31 1321/81/33
f 1321/81/33 1285/80/31 1284/82/31
f 1321/81/33 1284/82/31 1320/83/31
f 1320/83/31 1284/82/31 1283/84/31
f 1320/83/31 1283/84/31 1319/85/31
f 1319/85/31 1283/84/31 1282/86/31
f 1319/85/31 1282/86/31 1318/87/31
f 1318/87/31 1282/86/31 1281/88/31
f 1318/87/31 1281/88/31 1317/89/31
f 1317/89/31 1281/88/31 1280/90/31
f 1317/89/31 1280/90/31 1279/91/31
f 1317/89/31 1279/91/31 1316/92/31
f 1316/92/31 1279/91/31 1278/93/31
f 1316/92/31 1278/93/31 1315/94/31
f 1315/94/31 1278/93/31 1277/95/31
f 1315/94/31 1277/95/31 1314/96/31
f 1314/96/31 1277/95/31 1276/97/31
f 1314/96/31 1276/97/31 1313/98/31
f 1313/98/31 1276/97/31 1275/99/31
f 1313/98/31 1275/99/31 1274/100/31
f 1313/98/31 1274/100/31 1312/101/31
f 1312/101/31 1274/100/31 1273/102/31
f 1312/101/31 1273/102/31 1272/103/31
f 1271/104/31 1267/105/31 1272/103/31
f 1272/103/31 1267/105/31 1266/106/31
f 1272/103/31 1266/106/31 1312/101/31
f 1312/101/31 1266/106/31 1311/107/31
f 1311/107/31 1266/106/31 1265/108/31
f 1311/107/31 1265/108/31 1310/109/32
f 1310/109/32 1265/108/31 1264/110/31
f 1310/109/32 1264/110/31 1309/111/31
f 1309/111/31 1264/110/31 1263/112/31
f 1309/111/31 1263/112/31 1308/113/31
f 1308/113/31 1263/112/31 1307/114/31
f 1307/114/31 1263/112/31 1262/115/31
f 1307/114/31 1262/115/31 1306/116/31
f 1306/116/31 1262/115/31 1261/117/31
f 1306/116/31 1261/117/31 1305/118/31
f 1305/118/31 1261/117/31 1304/119/31
f 1304/119/31 1261/117/31 1260/120/31
f 1304/119/31 1260/120/31 1303/121/31
f 1303/121/31 1260/120/31 1302/122/31
f 1302/122/31 1260/120/31 1259/123/31
f 1302/122/31 1259/123/31 1301/124/31
f 1301/124/31 1259/123/31 1258/125/31
f 1301/124/31 1258/125/31 1300/126/31
f 1300/126/31 1258/125/31 1299/127/31
f 1299/127/31 1258/125/31 1257/128/31
f 1299/127/31 1257/128/31 1298/129/31
f 1298/129/31 1257/128/31 1297/130/31
f 1297/130/31 1257/128/31 1256/131/31
f 1297/130/31 1256/131/31 1332/132/31
f 1332/132/31 1256/131/31 1255/133/31
f 1332/132/31 1255/133/31 1331/134/31
f 1331/134/31 1255/133/31 1330/135/31
f 1330/135/31 1255/133/31 1254/136/31
f 1330/135/31 1254/136/31 1329/137/31
f 1329/137/31 1254/136/31 1253/138/31
f 1329/137/31 1253/138/31 1328/139/31
f 1328/139/31 1253/138/31 1252/67/31
f 1328/139/31 1252/67/31 1327/66/30
f 1271/104/31 1270/140/31 1267/105/31
f 1267/105/31 1270/140/31 1268/141/31
f 1268/141/31 1270/140/31 1269/142/31
f 1332/1103/59 1371/1104/59 1297/1105/35
f 1297/1105/35 1371/1104/59 1374/1106/35
f 1297/1105/35 1374/1106/35 1298/1107/60
f 1298/1107/60 1374/1106/35 1439/1108/60
f 1298/1107/60 1439/1108/60 1299/1109/61
f 1299/1109/61 1439/1108/60 1437/1110/61
f 1299/1109/61 1437/1110/61 1300/1111/62
f 1300/1111/62 1437/1110/61 1435/1112/62
f 1300/1111/62 1435/1112/62 1301/1113/63
f 1301/1113/63 1435/1112/62 1433/1114/63
f 1301/1113/63 1433/1114/63 1302/1115/64
f 1302/1115/64 1433/1114/63 1431/1116/64
f 1302/1115/64 1431/1116/64 1303/1117/65
f 1303/1117/65 1431/1116/64 1429/1118/65
f 1303/1117/65 1429/1118/65 1304/1119/66
f 1304/1119/66 1429/1118/65 1427/1120/66
f 1304/1119/66 1427/1120/66 1305/1121/68
f 1305/1121/68 1427/1120/66 1425/1122/68
f 1305/1121/68 1425/1122/68 1306/1123/39
f 1306/1123/39 1425/1122/68 1423/1124/39
f 1306/1123/39 1423/1124/39 1307/1125/69
f 1307/1125/69 1423/1124/39 1421/1126/69
f 1307/1125/69 1421/1126/69 1308/1127/70
f 1308/1127/70 1421/1126/69 1419/1128/70
f 1308/1127/70 1419/1128/70 1309/1129/71
f 1309/1129/71 1419/1128/70 1417/1130/71
f 1309/1129/71 1417/1130/71 1310/1131/72
f 1310/1131/72 1417/1130/71 1415/1132/72
f 1310/1131/72 1415/1132/72 1311/1133/73
f 1311/1133/73 1415/1132/72 1413/1134/73
f 1311/1133/73 1413/1134/73 1312/1135/74
f 1312/1135/74 1413/1134/73 1411/1136/74
f 1312/1135/74 1411/1136/74 1313/1137/75
f 1313/1137/75 1411/1136/74 1409/1138/75
f 1313/1137/75 1409/1138/75 1314/1139/76
f 1314/1139/76 1409/1138/75 1407/1140/76
f 1314/1139/76 1407/1140/76 1315/1141/77
f 1315/1141/77 1407/1140/76 1369/1142/77
f 1315/1143/77 1369/1144/77 1316/1145/78
f 1316/1145/78 1369/1144/77 1405/1146/78
f 1316/1145/78 1405/1146/78 1317/1147/79
f 1317/1147/79 1405/1146/78 1403/1148/79
f 1317/1147/79 1403/1148/79 1318/1149/80
f 1318/1149/80 1403/1148/79 1401/1150/80
f 1318/1149/80 1401/1150/80 1319/1151/81
f 1319/1151/81 1401/1150/80 1399/1152/81
f 1319/1151/81 1399/1152/81 1320/1153/82
f 1320/1153/82 1399/1152/81 1397/1154/82
f 1320/1153/82 1397/1154/82 1321/1155/83
f 1321/1155/83 1397/1154/82 1395/1156/83
f 1321/1155/83 1395/1156/83 1322/1157/84
f 1322/1157/84 1395/1156/83 1393/1158/84
f 1322/1157/84 1393/1158/84 1323/1159/85
f 1323/1159/85 1393/1158/84 1391/1160/85
f 1323/1159/85 1391/1160/85 1324/1161/86
f 1324/1161/86 1391/1160/85 1389/1162/86
f 1324/1161/86 1389/1162/86 1325/1163/87
f 1325/1163/87 1389/1162/86 1387/1164/87
f 1325/1163/87 1387/1164/87 1326/1165/88
f 1326/1165/88 1387/1164/87 1385/1166/88
f 1326/1165/88 1385/1166/88 1327/1167/89
f 1327/1167/89 1385/1166/88 1383/1168/89
f 1327/1167/89 1383/1168/89 1328/1169/90
f 1328/1169/90 1383/1168/89 1381/1170/90
f 1328/1169/90 1381/1170/90 1329/1171/91
f 1329/1171/91 1381/1170/90 1379/1172/91
f 1329/1171/91 1379/1172/91 1330/1173/92
f 1330/1173/92 1379/1172/91 1377/1174/92
f 1330/1173/92 1377/1174/92 1331/1175/93
f 1331/1175/93 1377/1174/92 1375/1176/93
f 1331/1175/93 1375/1176/93 1332/1103/59
f 1332/1103/59 1375/1176/93 1371/1104/59
f 1334/1177/60 1440/1178/60 1333/1179/35
f 1333/1179/35 1440/1178/60 1373/1180/35
f 1333/1179/35 1373/1180/35 1368/1181/59
f 1368/1181/59 1373/1180/35 1372/1182/59
f 1368/1181/59 1372/1182/59 1367/1183/93
f 1367/1183/93 1372/1182/59 1376/1184/93
f 1367/1183/93 1376/1184/93 1366/1185/92
f 1366/1185/92 1376/1184/93 1378/1186/92
f 1366/1185/92 1378/1186/92 1365/1187/91
f 1365/1187/91 1378/1186/92 1380/1188/91
f 1365/1187/91 1380/1188/91 1364/1189/90
f 1364/1189/90 1380/1188/91 1382/1190/90
f 1364/1189/90 1382/1190/90 1363/1191/89
f 1363/1191/89 1382/1190/90 1384/1192/89
f 1363/1191/89 1384/1192/89 1362/1193/88
f 1362/1193/88 1384/1192/89 1386/1194/88
f 1362/1193/88 1386/1194/88 1361/1195/87
f 1361/1195/87 1386/1194/88 1388/1196/87
f 1361/1195/87 1388/1196/87 1360/1197/86
f 1360/1197/86 1388/1196/87 1390/1198/86
f 1360/1197/86 1390/1198/86 1359/1199/85
f 1359/1199/85 1390/1198/86 1392/1200/85
f 1359/1199/85 1392/1200/85 1358/1201/84
f 1358/1201/84 1392/1200/85 1394/1202/84
f 1358/1201/84 1394/1202/84 1357/1203/83
f 1357/1203/83 1394/1202/84 1396/1204/83
f 1357/1203/83 1396/1204/83 1356/1205/82
f 1356/1205/82 1396/1204/83 1398/1206/82
f 1356/1205/82 1398/1206/82 1355/1207/81
f 1355/1207/81 1398/1206/82 1400/1208/81
f 1355/1207/81 1400/1208/81 1354/1209/80
f 1354/1209/80 1400/1208/81 1402/1210/80
f 1354/1209/80 1402/1210/80 1353/1211/79
f 1353/1211/79 1402/1210/80 1404/1212/79
f 1353/1211/79 1404/1212/79 1352/1213/78
f 1352/1213/78 1404/1212/79 1406/1214/78
f 1352/1213/78 1406/1214/78 1351/1215/77
f 1351/1215/77 1406/1214/78 1370/1216/77
f 1351/1217/77 1370/1218/77 1350/1219/76
f 1350/1219/76 1370/1218/77 1408/1220/76
f 1350/1219/76 1408/1220/76 1349/1221/75
f 1349/1221/75 1408/1220/76 1410/1222/75
f 1349/1221/75 1410/1222/75 1348/1223/74
f 1348/1223/74 1410/1222/75 1412/1224/74
f 1348/1223/74 1412/1224/74 1347/1225/73
f 1347/1225/73 1412/1224/74 1414/1226/73
f 1347/1225/73 1414/1226/73 1346/1227/72
f 1346/1227/72 1414/1226/73 1416/1228/72
f 1346/1227/72 1416/1228/72 1345/1229/71
f 1345/1229/71 1416/1228/72 1418/1230/71
f 1345/1229/71 1418/1230/71 1344/1231/70
f 1344/1231/70 1418/1230/71 1420/1232/70
f 1344/1231/70 1420/1232/70 1343/1233/69
f 1343/1233/69 1420/1232/70 1422/1234/69
f 1343/1233/69 1422/1234/69 1342/1235/39
f 1342/1235/39 1422/1234/69 1424/1236/39
f 1342/1235/39 1424/1236/39 1341/1237/68
f 1341/1237/68 1424/1236/39 1426/1238/68
f 1341/1237/68 1426/1238/68 1340/1239/66
f 1340/1239/66 1426/1238/68 1428/1240/66
f 1340/1239/66 1428/1240/66 1339/1241/65
f 1339/1241/65 1428/1240/66 1430/1242/65
f 1339/1241/65 1430/1242/65 1338/1243/64
f 1338/1243/64 1430/1242/65 1432/1244/64
f 1338/1243/64 1432/1244/64 1337/1245/63
f 1337/1245/63 1432/1244/64 1434/1246/63
f 1337/1245/63 1434/1246/63 1336/1247/62
f 1336/1247/62 1434/1246/63 1436/1248/62
f 1336/1247/62 1436/1248/62 1335/1249/61
f 1335/1249/61 1436/1248/62 1438/1250/61
f 1335/1249/61 1438/1250/61 1334/1177/60
f 1334/1177/60 1438/1250/61 1440/1178/60
f 1369/1144/77 1370/1216/77 1405/1146/78
f 1405/1146/78 1370/1216/77 1406/1214/78
f 1405/1146/78 1406/1214/78 1403/1148/79
f 1403/1148/79 1406/1214/78 1404/1212/79
f 1403/1148/79 1404/1212/79 1401/1150/80
f 1401/1150/80 1404/1212/79 1402/1210/80
f 1401/1150/80 1402/1210/80 1399/1152/81
f 1399/1152/81 1402/1210/80 1400/1208/81
f 1399/1152/81 1400/1208/81 1397/1154/82
f 1397/1154/82 1400/1208/81 1398/1206/82
f 1397/1154/82 1398/1206/82 1395/1156/83
f 1395/1156/83 1398/1206/82 1396/1204/83
f 1395/1156/83 1396/1204/83 1393/1158/84
f 1393/1158/84 1396/1204/83 1394/1202/84
f 1393/1158/84 1394/1202/84 1391/1160/85
f 1391/1160/85 1394/1202/84 1392/1200/85
f 1391/1160/85 1392/1200/85 1389/1162/86
f 1389/1162/86 1392/1200/85 1390/1198/86
f 1389/1162/86 1390/1198/86 1387/1164/87
f 1387/1164/87 1390/1198/86 1388/1196/87
f 1387/1164/87 1388/1196/87 1385/1166/88
f 1385/1166/88 1388/1196/87 1386/1194/88
f 1385/1166/88 1386/1194/88 1383/1168/89
f 1383/1168/89 1386/1194/88 1384/1192/89
f 1383/1168/89 1384/1192/89 1381/1170/90
f 1381/1170/90 1384/1192/89 1382/1190/90
f 1381/1170/90 1382/1190/90 1379/1172/91
f 1379/1172/91 1382/1190/90 1380/1188/91
f 1379/1172/91 1380/1188/91 1377/1174/92
f 1377/1174/92 1380/1188/91 1378/1186/92
f 1377/1174/92 1378/1186/92 1375/1176/93
f 1375/1176/93 1378/1186/92 1376/1184/93
f 1375/1176/93 1376/1184/93 1371/1104/59
f 1371/1104/59 1376/1184/93 1372/1182/59
f 1371/1104/59 1372/1182/59 1374/1106/35
f 1374/1106/35 1372/1182/59 1373/1180/35
f 1374/1106/35 1373/1180/35 1439/1108/60
f 1439/1108/60 1373/1180/35 1440/1178/60
f 1439/1108/60 1440/1178/60 1437/1110/61
f 1437/1110/61 1440/1178/60 1438/1250/61
f 1437/1110/61 1438/1250/61 1435/1112/62
f 1435/1112/62 1438/1250/61 1436/1248/62
f 1435/1112/62 1436/1248/62 1433/1114/63
f 1433/1114/63 1436/1248/62 1434/1246/63
f 1433/1114/63 1434/1246/63 1431/1116/64
f 1431/1116/64 1434/1246/63 1432/1244/64
f 1431/1116/64 1432/1244/64 1429/1118/65
f 1429/1118/65 1432/1244/64 1430/1242/65
f 1429/1118/65 1430/1242/65 1427/1120/66
f 1427/1120/66 1430/1242/65 1428/1240/66
f 1427/1120/66 1428/1240/66 1425/1122/68
f 1425/1122/68 1428/1240/66 1426/1238/68
f 1425/1122/68 1426/1238/68 1423/1124/39
f 1423/1124/39 1426/1238/68 1424/1236/39
f 1423/1124/39 1424/1236/39 1421/1126/69
f 1421/1126/69 1424/1236/39 1422/1234/69
f 1421/1126/69 1422/1234/69 1419/1128/70
f 1419/1128/70 1422/1234/69 1420/1232/70
f 1419/1128/70 1420/1232/70 1417/1130/71
f 1417/1130/71 1420/1232/70 1418/1230/71
f 1417/1130/71 1418/1230/71 1415/1132/72
f 1415/1132/72 1418/1230/71 1416/1228/72
f 1415/1132/72 1416/1228/72 1413/1134/73
f 1413/1134/73 1416/1228/72 1414/1226/73
f 1413/1134/73 1414/1226/73 1411/1136/74
f 1411/1136/74 1414/1226/73 1412/1224/74
f 1411/1136/74 1412/1224/74 1409/1138/75
f 1409/1138/75 1412/1224/74 1410/1222/75
f 1409/1138/75 1410/1222/75 1407/1140/76
f 1407/1140/76 1410/1222/75 1408/1220/76
f 1407/1140/76 1408/1220/76 1369/1142/77
f 1369/1142/77 1408/1220/76 1370/1218/77
f 1441/147/36 1442/148/36 1488/149/36
f 1488/149/36 1442/148/36 1443/150/36
f 1488/149/36 1443/150/36 1487/151/36
f 1487/151/36 1443/150/36 1486/152/36
f 1486/152/36 1443/150/36 1444/153/36
f 1486/152/36 1444/153/36 1363/381/37
f 1363/381/37 1444/153/36 1364/382/36
f 1364/382/36 1444/153/36 1445/155/36
f 1364/382/36 1445/155/36 1365/383/36
f 1365/383/36 1445/155/36 1446/158/36
f 1365/383/36 1446/158/36 1366/384/36
f 1366/384/36 1446/158/36 1447/160/36
f 1366/384/36 1447/160/36 1367/385/37
f 1367/385/37 1447/160/36 1368/386/36
f 1368/386/36 1447/160/36 1448/163/36
f 1368/386/36 1448/163/36 1333/387/36
f 1333/387/36 1448/163/36 1449/165/36
f 1333/387/36 1449/165/36 1334/388/36
f 1334/388/36 1449/165/36 1335/389/36
f 1335/389/36 1449/165/36 1450/168/36
f 1335/389/36 1450/168/36 1336/390/36
f 1336/390/36 1450/168/36 1337/391/36
f 1337/391/36 1450/168/36 1451/170/36
f 1337/391/36 1451/170/36 1338/392/36
f 1338/392/36 1451/170/36 1452/173/36
f 1338/392/36 1452/173/36 1339/393/36
f 1339/393/36 1452/173/36 1340/394/38
f 1340/394/38 1452/173/36 1453/175/36
f 1340/394/38 1453/175/36 1341/395/36
f 1341/395/36 1453/175/36 1342/396/36
f 1342/396/36 1453/175/36 1454/185/36
f 1342/396/36 1454/185/36 1343/397/36
f 1343/397/36 1454/185/36 1455/187/36
f 1343/397/36 1455/187/36 1344/398/36
f 1344/398/36 1455/187/36 1345/399/36
f 1345/399/36 1455/187/36 1456/188/36
f 1345/399/36 1456/188/36 1346/400/36
f 1346/400/36 1456/188/36 1457/189/36
f 1346/400/36 1457/189/36 1347/401/95
f 1347/401/95 1457/189/36 1458/191/36
f 1347/401/95 1458/191/36 1348/402/38
f 1348/402/38 1458/191/36 1464/184/36
f 1348/402/38 1464/184/36 1465/183/36
f 1458/191/36 1459/192/36 1464/184/36
f 1464/184/36 1459/192/36 1463/186/36
f 1463/186/36 1459/192/36 1462/190/36
f 1462/190/36 1459/192/36 1460/193/36
f 1462/190/36 1460/193/36 1461/194/36
f 1465/183/36 1466/182/36 1348/402/38
f 1348/402/38 1466/182/36 1349/403/36
f 1349/403/36 1466/182/36 1467/181/36
f 1349/403/36 1467/181/36 1468/180/36
f 1349/403/36 1468/180/36 1350/404/36
f 1350/404/36 1468/180/36 1469/179/36
f 1350/404/36 1469/179/36 1351/405/36
f 1351/405/36 1469/179/36 1470/178/36
f 1351/405/36 1470/178/36 1352/406/36
f 1352/406/36 1470/178/36 1471/177/36
f 1352/406/36 1471/177/36 1353/407/36
f 1353/407/36 1471/177/36 1472/176/36
f 1353/407/36 1472/176/36 1473/174/36
f 1353/407/36 1473/174/36 1354/408/36
f 1354/408/36 1473/174/36 1474/172/36
f 1354/408/36 1474/172/36 1355/409/36
f 1355/409/36 1474/172/36 1475/171/36
f 1355/409/36 1475/171/36 1356/410/36
f 1356/410/36 1475/171/36 1476/169/36
f 1356/410/36 1476/169/36 1357/411/36
f 1357/411/36 1476/169/36 1477/167/36
f 1357/411/36 1477/167/36 1358/412/36
f 1358/412/36 1477/167/36 1478/166/36
f 1358/412/36 1478/166/36 1479/164/36
f 1358/412/36 1479/164/36 1359/413/36
f 1359/413/36 1479/164/36 1480/162/36
f 1359/413/36 1480/162/36 1360/414/36
f 1360/414/36 1480/162/36 1481/161/36
f 1360/414/36 1481/161/36 1361/415/37
f 1361/415/37 1481/161/36 1482/159/36
f 1361/415/37 1482/159/36 1362/416/96
f 1362/416/96 1482/159/36 1483/157/36
f 1362/416/96 1483/157/36 1484/156/36
f 1362/416/96 1484/156/36 1363/381/37
f 1363/381/37 1484/156/36 1485/154/36
f 1363/381/37 1485/154/36 1486/152/36
f 1442/143/35 1441/144/35 1490/145/35
f 1490/145/35 1441/144/35 1489/146/35
f 1508/417/58 1460/418/58 1507/419/57
f 1507/419/57 1460/418/58 1459/420/57
f 1507/419/57 1459/420/57 1458/421/56
f 1507/419/57 1458/421/56 1506/422/56
f 1506/422/56 1458/421/56 1457/423/55
f 1506/422/56 1457/423/55 1505/424/55
f 1505/424/55 1457/423/55 1456/425/54
f 1505/424/55 1456/425/54 1504/426/54
f 1504/426/54 1456/425/54 1455/427/53
f 1504/426/54 1455/427/53 1503/428/53
f 1503/428/53 1455/427/53 1454/429/52
f 1503/428/53 1454/429/52 1502/430/52
f 1502/430/52 1454/429/52 1453/431/51
f 1502/430/52 1453/431/51 1501/432/51
f 1501/432/51 1453/431/51 1452/433/50
f 1501/432/51 1452/433/50 1500/434/50
f 1500/434/50 1452/433/50 1451/435/49
f 1500/434/50 1451/435/49 1499/436/49
f 1499/436/49 1451/435/49 1450/437/48
f 1499/436/49 1450/437/48 1498/438/48
f 1498/438/48 1450/437/48 1449/439/47
f 1498/438/48 1449/439/47 1497/440/47
f 1497/440/47 1449/439/47 1448/441/46
f 1497/440/47 1448/441/46 1496/442/46
f 1496/442/46 1448/441/46 1447/443/45
f 1496/442/46 1447/443/45 1495/444/45
f 1495/444/45 1447/443/45 1446/445/44
f 1495/444/45 1446/445/44 1494/446/44
f 1494/446/44 1446/445/44 1445/447/43
f 1494/446/44 1445/447/43 1493/448/43
f 1493/448/43 1445/447/43 1444/449/42
f 1493/448/43 1444/449/42 1492/450/42
f 1492/450/42 1444/449/42 1443/451/41
f 1492/450/42 1443/451/41 1491/452/41
f 1491/452/41 1443/451/41 1490/195/40
f 1490/195/40 1443/451/41 1442/196/40
f 1461/143/39 1460/144/39 1509/145/39
f 1509/145/39 1460/144/39 1508/146/39
f 1489/453/29 1441/454/29 1536/455/28
f 1536/455/28 1441/454/29 1488/456/28
f 1536/455/28 1488/456/28 1487/457/27
f 1536/455/28 1487/457/27 1535/458/27
f 1535/458/27 1487/457/27 1486/459/26
f 1535/458/27 1486/459/26 1534/460/26
f 1534/460/26 1486/459/26 1485/461/25
f 1534/460/26 1485/461/25 1533/462/25
f 1533/462/25 1485/461/25 1484/463/24
f 1533/462/25 1484/463/24 1532/464/24
f 1532/464/24 1484/463/24 1483/465/23
f 1532/464/24 1483/465/23 1531/466/23
f 1531/466/23 1483/465/23 1482/467/22
f 1531/466/23 1482/467/22 1530/468/22
f 1530/468/22 1482/467/22 1481/469/21
f 1530/468/22 1481/469/21 1529/470/21
f 1529/470/21 1481/469/21 1480/471/20
f 1529/470/21 1480/471/20 1528/472/20
f 1528/472/20 1480/471/20 1479/473/19
f 1528/472/20 1479/473/19 1527/474/19
f 1527/474/19 1479/473/19 1478/475/18
f 1527/474/19 1478/475/18 1526/476/18
f 1526/476/18 1478/475/18 1477/477/17
f 1526/476/18 1477/477/17 1525/478/17
f 1525/478/17 1477/477/17 1476/479/16
f 1525/478/17 1476/479/16 1524/480/16
f 1524/480/16 1476/479/16 1475/481/15
f 1524/480/16 1475/481/15 1523/482/15
f 1523/482/15 1475/481/15 1474/483/14
f 1523/482/15 1474/483/14 1522/484/14
f 1522/484/14 1474/483/14 1473/485/13
f 1522/484/14 1473/485/13 1521/486/13
f 1521/486/13 1473/485/13 1472/487/12
f 1521/486/13 1472/487/12 1520/488/12
f 1520/488/12 1472/487/12 1471/489/11
f 1520/488/12 1471/489/11 1519/490/11
f 1519/490/11 1471/489/11 1470/491/10
f 1519/490/11 1470/491/10 1518/492/10
f 1518/492/10 1470/491/10 1469/493/9
f 1518/492/10 1469/493/9 1517/494/9
f 1517/494/9 1469/493/9 1468/495/8
f 1517/494/9 1468/495/8 1516/496/8
f 1516/496/8 1468/495/8 1467/497/7
f 1516/496/8 1467/497/7 1515/498/7
f 1515/498/7 1467/497/7 1466/499/6
f 1515/498/7 1466/499/6 1514/500/6
f 1514/500/6 1466/499/6 1465/501/5
f 1514/500/6 1465/501/5 1513/502/5
f 1513/502/5 1465/501/5 1464/503/4
f 1513/502/5 1464/503/4 1512/504/4
f 1512/504/4 1464/503/4 1463/505/3
f 1512/504/4 1463/505/3 1511/506/3
f 1511/506/3 1463/505/3 1462/507/2
f 1511/506/3 1462/507/2 1510/508/2
f 1510/508/2 1462/507/2 1509/509/1
f 1509/509/1 1462/507/2 1461/510/1
f 1489/59/31 1536/60/31 1490/61/31
f 1490/61/31 1536/60/31 1491/62/31
f 1491/62/31 1536/60/31 1535/63/31
f 1491/62/31 1535/63/31 1534/64/31
f 1533/65/31 1567/66/30 1534/64/31
f 1534/64/31 1567/66/30 1492/67/31
f 1534/64/31 1492/67/31 1491/62/31
f 1533/65/31 1532/68/31 1567/66/30
f 1567/66/30 1532/68/31 1566/69/32
f 1566/69/32 1532/68/31 1531/70/31
f 1566/69/32 1531/70/31 1530/71/31
f 1566/69/32 1530/71/31 1565/72/30
f 1565/72/30 1530/71/31 1529/73/31
f 1565/72/30 1529/73/31 1564/74/30
f 1564/74/30 1529/73/31 1528/75/31
f 1564/74/30 1528/75/31 1563/76/30
f 1563/76/30 1528/75/31 1527/77/31
f 1563/76/30 1527/77/31 1562/78/31
f 1562/78/31 1527/77/31 1526/79/31
f 1562/78/31 1526/79/31 1525/80/31
f 1562/78/31 1525/80/31 1561/81/31
f 1561/81/31 1525/80/31 1524/82/31
f 1561/81/31 1524/82/31 1560/83/31
f 1560/83/31 1524/82/31 1523/84/31
f 1560/83/31 1523/84/31 1559/85/31
f 1559/85/31 1523/84/31 1522/86/31
f 1559/85/31 1522/86/31 1558/87/31
f 1558/87/31 1522/86/31 1521/88/31
f 1558/87/31 1521/88/31 1557/89/31
f 1557/89/31 1521/88/31 1520/90/31
f 1557/89/31 1520/90/31 1519/91/31
f 1557/89/31 1519/91/31 1556/92/31
f 1556/92/31 1519/91/31 1518/93/31
f 1556/92/31 1518/93/31 1555/94/31
f 1555/94/31 1518/93/31 1517/95/31
f 1555/94/31 1517/95/31 1554/96/31
f 1554/96/31 1517/95/31 1516/97/31
f 1554/96/31 1516/97/31 1553/98/31
f 1553/98/31 1516/97/31 1515/99/31
f 1553/98/31 1515/99/31 1514/100/31
f 1553/98/31 1514/100/31 1552/101/31
f 1552/101/31 1514/100/31 1513/102/31
f 1552/101/31 1513/102/31 1512/103/31
f 1511/104/31 1507/105/31 1512/103/31
f 1512/103/31 1507/105/31 1506/106/31
f 1512/103/31 1506/106/31 1552/101/31
f 1552/101/31 1506/106/31 1551/107/31
f 1551/107/31 1506/106/31 1505/108/31
f 1551/107/31 1505/108/31 1550/109/31
f 1550/109/31 1505/108/31 1504/110/31
f 1550/109/31 1504/110/31 1549/111/31
f 1549/111/31 1504/110/31 1503/112/31
f 1549/111/31 1503/112/31 1548/113/31
f 1548/113/31 1503/112/31 1547/114/31
f 1547/114/31 1503/112/31 1502/115/31
f 1547/114/31 1502/115/31 1546/116/31
f 1546/116/31 1502/115/31 1501/117/31
f 1546/116/31 1501/117/31 1545/118/31
f 1545/118/31 1501/117/31 1544/119/31
f 1544/119/31 1501/117/31 1500/120/31
f 1544/119/31 1500/120/31 1543/121/31
f 1543/121/31 1500/120/31 1542/122/31
f 1542/122/31 1500/120/31 1499/123/31
f 1542/122/31 1499/123/31 1541/124/31
f 1541/124/31 1499/123/31 1498/125/31
f 1541/124/31 1498/125/31 1540/126/31
f 1540/126/31 1498/125/31 1539/127/31
f 1539/127/31 1498/125/31 1497/128/31
f 1539/127/31 1497/128/31 1538/129/31
f 1538/129/31 1497/128/31 1537/130/31
f 1537/130/31 1497/128/31 1496/131/31
f 1537/130/31 1496/131/31 1572/132/33
f 1572/132/33 1496/131/31 1495/133/31
f 1572/132/33 1495/133/31 1571/134/31
f 1571/134/31 1495/133/31 1570/135/33
f 1570/135/33 1495/133/31 1494/136/31
f 1570/135/33 1494/136/31 1569/137/31
f 1569/137/31 1494/136/31 1493/138/31
f 1569/137/31 1493/138/31 1568/139/30
f 1568/139/30 1493/138/31 1492/67/31
f 1568/139/30 1492/67/31 1567/66/30
f 1511/104/31 1510/140/31 1507/105/31
f 1507/105/31 1510/140/31 1508/141/31
f 1508/141/31 1510/140/31 1509/142/31
f 1572/1251/59 1611/1252/59 1537/1253/35
f 1537/1253/35 1611/1252/59 1614/1254/35
f 1537/1253/35 1614/1254/35 1538/1255/60
f 1538/1255/60 1614/1254/35 1679/1256/60
f 1538/1255/60 1679/1256/60 1539/1257/61
f 1539/1257/61 1679/1256/60 1677/1258/61
f 1539/1257/61 1677/1258/61 1540/1259/62
f 1540/1259/62 1677/1258/61 1675/1260/62
f 1540/1259/62 1675/1260/62 1541/1261/63
f 1541/1261/63 1675/1260/62 1673/1262/63
f 1541/1261/63 1673/1262/63 1542/1263/64
f 1542/1263/64 1673/1262/63 1671/1264/64
f 1542/1263/64 1671/1264/64 1543/1265/65
f 1543/1265/65 1671/1264/64 1669/1266/65
f 1543/1265/65 1669/1266/65 1544/1267/66
f 1544/1267/66 1669/1266/65 1667/1268/66
f 1544/1267/66 1667/1268/66 1545/1269/68
f 1545/1269/68 1667/1268/66 1665/1270/68
f 1545/1269/68 1665/1270/68 1546/1271/39
f 1546/1271/39 1665/1270/68 1663/1272/39
f 1546/1271/39 1663/1272/39 1547/1273/69
f 1547/1273/69 1663/1272/39 1661/1274/69
f 1547/1273/69 1661/1274/69 1548/1275/70
f 1548/1275/70 1661/1274/69 1659/1276/70
f 1548/1275/70 1659/1276/70 1549/1277/71
f 1549/1277/71 1659/1276/70 1657/1278/71
f 1549/1277/71 1657/1278/71 1550/1279/72
f 1550/1279/72 1657/1278/71 1655/1280/72
f 1550/1279/72 1655/1280/72 1551/1281/73
f 1551/1281/73 1655/1280/72 1653/1282/73
f 1551/1281/73 1653/1282/73 1552/1283/74
f 1552/1283/74 1653/1282/73 1651/1284/74
f 1552/1283/74 1651/1284/74 1553/1285/75
f 1553/1285/75 1651/1284/74 1649/1286/75
f 1553/1285/75 1649/1286/75 1554/1287/76
f 1554/1287/76 1649/1286/75 1647/1288/76
f 1554/1287/76 1647/1288/76 1555/1289/77
f 1555/1289/77 1647/1288/76 1609/1290/77
f 1555/1291/77 1609/1292/77 1556/1293/78
f 1556/1293/78 1609/1292/77 1645/1294/78
f 1556/1293/78 1645/1294/78 1557/1295/79
f 1557/1295/79 1645/1294/78 1643/1296/79
f 1557/1295/79 1643/1296/79 1558/1297/80
f 1558/1297/80 1643/1296/79 1641/1298/80
f 1558/1297/80 1641/1298/80 1559/1299/81
f 1559/1299/81 1641/1298/80 1639/1300/81
f 1559/1299/81 1639/1300/81 1560/1301/82
f 1560/1301/82 1639/1300/81 1637/1302/82
f 1560/1301/82 1637/1302/82 1561/1303/83
f 1561/1303/83 1637/1302/82 1635/1304/83
f 1561/1303/83 1635/1304/83 1562/1305/84
f 1562/1305/84 1635/1304/83 1633/1306/84
f 1562/1305/84 1633/1306/84 1563/1307/85
f 1563/1307/85 1633/1306/84 1631/1308/85
f 1563/1307/85 1631/1308/85 1564/1309/86
f 1564/1309/86 1631/1308/85 1629/1310/86
f 1564/1309/86 1629/1310/86 1565/1311/87
f 1565/1311/87 1629/1310/86 1627/1312/87
f 1565/1311/87 1627/1312/87 1566/1313/88
f 1566/1313/88 1627/1312/87 1625/1314/88
f 1566/1313/88 1625/1314/88 1567/1315/89
f 1567/1315/89 1625/1314/88 1623/1316/89
f 1567/1315/89 1623/1316/89 1568/1317/90
f 1568/1317/90 1623/1316/89 1621/1318/90
f 1568/1317/90 1621/1318/90 1569/1319/91
f 1569/1319/91 1621/1318/90 1619/1320/91
f 1569/1319/91 1619/1320/91 1570/1321/92
f 1570/1321/92 1619/1320/91 1617/1322/92
f 1570/1321/92 1617/1322/92 1571/1323/93
f 1571/1323/93 1617/1322/92 1615/1324/93
f 1571/1323/93 1615/1324/93 1572/1251/59
f 1572/1251/59 1615/1324/93 1611/1252/59
f 1574/1325/60 1680/1326/60 1573/1327/35
f 1573/1327/35 1680/1326/60 1613/1328/35
f 1573/1327/35 1613/1328/35 1608/1329/59
f 1608/1329/59 1613/1328/35 1612/1330/59
f 1608/1329/59 1612/1330/59 1607/1331/93
f 1607/1331/93 1612/1330/59 1616/1332/93
f 1607/1331/93 1616/1332/93 1606/1333/92
f 1606/1333/92 1616/1332/93 1618/1334/92
f 1606/1333/92 1618/1334/92 1605/1335/91
f 1605/1335/91 1618/1334/92 1620/1336/91
f 1605/1335/91 1620/1336/91 1604/1337/90
f 1604/1337/90 1620/1336/91 1622/1338/90
f 1604/1337/90 1622/1338/90 1603/1339/89
f 1603/1339/89 1622/1338/90 1624/1340/89
f 1603/1339/89 1624/1340/89 1602/1341/88
f 1602/1341/88 1624/1340/89 1626/1342/88
f 1602/1341/88 1626/1342/88 1601/1343/87
f 1601/1343/87 1626/1342/88 1628/1344/87
f 1601/1343/87 1628/1344/87 1600/1345/86
f 1600/1345/86 1628/1344/87 1630/1346/86
f 1600/1345/86 1630/1346/86 1599/1347/85
f 1599/1347/85 1630/1346/86 1632/1348/85
f 1599/1347/85 1632/1348/85 1598/1349/84
f 1598/1349/84 1632/1348/85 1634/1350/84
f 1598/1349/84 1634/1350/84 1597/1351/83
f 1597/1351/83 1634/1350/84 1636/1352/83
f 1597/1351/83 1636/1352/83 1596/1353/82
f 1596/1353/82 1636/1352/83 1638/1354/82
f 1596/1353/82 1638/1354/82 1595/1355/81
f 1595/1355/81 1638/1354/82 1640/1356/81
f 1595/1355/81 1640/1356/81 1594/1357/80
f 1594/1357/80 1640/1356/81 1642/1358/80
f 1594/1357/80 1642/1358/80 1593/1359/79
f 1593/1359/79 1642/1358/80 1644/1360/79
f 1593/1359/79 1644/1360/79 1592/1361/78
f 1592/1361/78 1644/1360/79 1646/1362/78
f 1592/1361/78 1646/1362/78 1591/1363/77
f 1591/1363/77 1646/1362/78 1610/1364/77
f 1591/1365/77 1610/1366/77 1590/1367/76
f 1590/1367/76 1610/1366/77 1648/1368/76
f 1590/1367/76 1648/1368/76 1589/1369/75
f 1589/1369/75 1648/1368/76 1650/1370/75
f 1589/1369/75 1650/1370/75 1588/1371/74
f 1588/1371/74 1650/1370/75 1652/1372/74
f 1588/1371/74 1652/1372/74 1587/1373/73
f 1587/1373/73 1652/1372/74 1654/1374/73
f 1587/1373/73 1654/1374/73 1586/1375/72
f 1586/1375/72 1654/1374/73 1656/1376/72
f 1586/1375/72 1656/1376/72 1585/1377/71
f 1585/1377/71 1656/1376/72 1658/1378/71
f 1585/1377/71 1658/1378/71 1584/1379/70
f 1584/1379/70 1658/1378/71 1660/1380/70
f 1584/1379/70 1660/1380/70 1583/1381/69
f 1583/1381/69 1660/1380/70 1662/1382/69
f 1583/1381/69 1662/1382/69 1582/1383/39
f 1582/1383/39 1662/1382/69 1664/1384/39
f 1582/1383/39 1664/1384/39 1581/1385/68
f 1581/1385/68 1664/1384/39 1666/1386/68
f 1581/1385/68 1666/1386/68 1580/1387/66
f 1580/1387/66 1666/1386/68 1668/1388/66
f 1580/1387/66 1668/1388/66 1579/1389/65
f 1579/1389/65 1668/1388/66 1670/1390/65
f 1579/1389/65 1670/1390/65 1578/1391/64
f 1578/1391/64 1670/1390/65 1672/1392/64
f 1578/1391/64 1672/1392/64 1577/1393/63
f 1577/1393/63 1672/1392/64 1674/1394/63
f 1577/1393/63 1674/1394/63 1576/1395/62
f 1576/1395/62 1674/1394/63 1676/1396/62
f 1576/1395/62 1676/1396/62 1575/1397/61
f 1575/1397/61 1676/1396/62 1678/1398/61
f 1575/1397/61 1678/1398/61 1574/1325/60
f 1574/1325/60 1678/1398/61 1680/1326/60
f 1609/1292/77 1610/1364/77 1645/1294/78
f 1645/1294/78 1610/1364/77 1646/1362/78
f 1645/1294/78 1646/1362/78 1643/1296/79
f 1643/1296/79 1646/1362/78 1644/1360/79
f 1643/1296/79 1644/1360/79 1641/1298/80
f 1641/1298/80 1644/1360/79 1642/1358/80
f 1641/1298/80 1642/1358/80 1639/1300/81
f 1639/1300/81 1642/1358/80 1640/1356/81
f 1639/1300/81 1640/1356/81 1637/1302/82
f 1637/1302/82 1640/1356/81 1638/1354/82
f 1637/1302/82 1638/1354/82 1635/1304/83
f 1635/1304/83 1638/1354/82 1636/1352/83
f 1635/1304/83 1636/1352/83 1633/1306/84
f 1633/1306/84 1636/1352/83 1634/1350/84
f 1633/1306/84 1634/1350/84 1631/1308/85
f 1631/1308/85 1634/1350/84 1632/1348/85
f 1631/1308/85 1632/1348/85 1629/1310/86
f 1629/1310/86 1632/1348/85 1630/1346/86
f 1629/1310/86 1630/1346/86 1627/1312/87
f 1627/1312/87 1630/1346/86 1628/1344/87
f 1627/1312/87 1628/1344/87 1625/1314/88
f 1625/1314/88 1628/1344/87 1626/1342/88
f 1625/1314/88 1626/1342/88 1623/1316/89
f 1623/1316/89 1626/1342/88 1624/1340/89
f 1623/1316/89 1624/1340/89 1621/1318/90
f 1621/1318/90 1624/1340/89 1622/1338/90
f 1621/1318/90 1622/1338/90 1619/1320/91
f 1619/1320/91 1622/1338/90 1620/1336/91
f 1619/1320/91 1620/1336/91 1617/1322/92
f 1617/1322/92 1620/1336/91 1618/1334/92
f 1617/1322/92 1618/1334/92 1615/1324/93
f 1615/1324/93 1618/1334/92 1616/1332/93
f 1615/1324/93 1616/1332/93 1611/1252/59
f 1611/1252/59 1616/1332/93 1612/1330/59
f 1611/1252/59 1612/1330/59 1614/1254/35
f 1614/1254/35 1612/1330/59 1613/1328/35
f 1614/1254/35 1613/1328/35 1679/1256/60
f 1679/1256/60 1613/1328/35 1680/1326/60
f 1679/1256/60 1680/1326/60 1677/1258/61
f 1677/1258/61 1680/1326/60 1678/1398/61
f 1677/1258/61 1678/1398/61 1675/1260/62
f 1675/1260/62 1678/1398/61 1676/1396/62
f 1675/1260/62 1676/1396/62 1673/1262/63
f 1673/1262/63 1676/1396/62 1674/1394/63
f 1673/1262/63 1674/1394/63 1671/1264/64
f 1671/1264/64 1674/1394/63 1672/1392/64
f 1671/1264/64 1672/1392/64 1669/1266/65
f 1669/1266/65 1672/1392/64 1670/1390/65
f 1669/1266/65 1670/1390/65 1667/1268/66
f 1667/1268/66 1670/1390/65 1668/1388/66
f 1667/1268/66 1668/1388/66 1665/1270/68
f 1665/1270/68 1668/1388/66 1666/1386/68
f 1665/1270/68 1666/1386/68 1663/1272/39
f 1663/1272/39 1666/1386/68 1664/1384/39
f 1663/1272/39 1664/1384/39 1661/1274/69
f 1661/1274/69 1664/1384/39 1662/1382/69
f 1661/1274/69 1662/1382/69 1659/1276/70
f 1659/1276/70 1662/1382/69 1660/1380/70
f 1659/1276/70 1660/1380/70 1657/1278/71
f 1657/1278/71 1660/1380/70 1658/1378/71
f 1657/1278/71 1658/1378/71 1655/1280/72
f 1655/1280/72 1658/1378/71 1656/1376/72
f 1655/1280/72 1656/1376/72 1653/1282/73
f 1653/1282/73 1656/1376/72 1654/1374/73
f 1653/1282/73 1654/1374/73 1651/1284/74
f 1651/1284/74 1654/1374/73 1652/1372/74
f 1651/1284/74 1652/1372/74 1649/1286/75
f 1649/1286/75 1652/1372/74 1650/1370/75
f 1649/1286/75 1650/1370/75 1647/1288/76
f 1647/1288/76 1650/1370/75 1648/1368/76
f 1647/1288/76 1648/1368/76 1609/1290/77
f 1609/1290/77 1648/1368/76 1610/1366/77
f 1681/147/36 1682/148/36 1728/149/36
f 1728/149/36 1682/148/36 1683/150/36
f 1728/149/36 1683/150/36 1727/151/36
f 1727/151/36 1683/150/36 1726/152/36
f 1726/152/36 1683/150/36 1684/153/36
f 1726/152/36 1684/153/36 1603/381/36
f 1603/381/36 1684/153/36 1604/382/36
f 1604/382/36 1684/153/36 1685/155/36
f 1604/382/36 1685/155/36 1605/383/36
f 1605/383/36 1685/155/36 1686/158/36
f 1605/383/36 1686/158/36 1606/384/36
f 1606/384/36 1686/158/36 1687/160/36
f 1606/384/36 1687/160/36 1607/385/36
f 1607/385/36 1687/160/36 1608/386/36
f 1608/386/36 1687/160/36 1688/163/36
f 1608/386/36 1688/163/36 1573/387/36
f 1573/387/36 1688/163/36 1689/165/36
f 1573/387/36 1689/165/36 1574/388/36
f 1574/388/36 1689/165/36 1575/389/36
f 1575/389/36 1689/165/36 1690/168/36
f 1575/389/36 1690/168/36 1576/390/36
f 1576/390/36 1690/168/36 1577/391/36
f 1577/391/36 1690/168/36 1691/170/36
f 1577/391/36 1691/170/36 1578/392/36
f 1578/392/36 1691/170/36 1692/173/36
f 1578/392/36 1692/173/36 1579/393/36
f 1579/393/36 1692/173/36 1580/394/38
f 1580/394/38 1692/173/36 1693/175/36
f 1580/394/38 1693/175/36 1581/395/38
f 1581/395/38 1693/175/36 1582/396/38
f 1582/396/38 1693/175/36 1694/185/36
f 1582/396/38 1694/185/36 1583/397/94
f 1583/397/94 1694/185/36 1695/187/37
f 1583/397/94 1695/187/37 1584/398/38
f 1584/398/38 1695/187/37 1585/399/36
f 1585/399/36 1695/187/37 1696/188/36
f 1585/399/36 1696/188/36 1586/400/36
f 1586/400/36 1696/188/36 1697/189/36
f 1586/400/36 1697/189/36 1587/401/36
f 1587/401/36 1697/189/36 1698/191/36
f 1587/401/36 1698/191/36 1588/402/36
f 1588/402/36 1698/191/36 1704/184/36
f 1588/402/36 1704/184/36 1705/183/36
f 1698/191/36 1699/192/36 1704/184/36
f 1704/184/36 1699/192/36 1703/186/36
f 1703/186/36 1699/192/36 1702/190/36
f 1702/190/36 1699/192/36 1700/193/36
f 1702/190/36 1700/193/36 1701/194/36
f 1705/183/36 1706/182/36 1588/402/36
f 1588/402/36 1706/182/36 1589/403/36
f 1589/403/36 1706/182/36 1707/181/36
f 1589/403/36 1707/181/36 1708/180/36
f 1589/403/36 1708/180/36 1590/404/36
f 1590/404/36 1708/180/36 1709/179/36
f 1590/404/36 1709/179/36 1591/405/36
f 1591/405/36 1709/179/36 1710/178/36
f 1591/405/36 1710/178/36 1592/406/36
f 1592/406/36 1710/178/36 1711/177/36
f 1592/406/36 1711/177/36 1593/407/36
f 1593/407/36 1711/177/36 1712/176/36
f 1593/407/36 1712/176/36 1713/174/36
f 1593/407/36 1713/174/36 1594/408/36
f 1594/408/36 1713/174/36 1714/172/36
f 1594/408/36 1714/172/36 1595/409/36
f 1595/409/36 1714/172/36 1715/171/36
f 1595/409/36 1715/171/36 1596/410/36
f 1596/410/36 1715/171/36 1716/169/36
f 1596/410/36 1716/169/36 1597/411/38
f 1597/411/38 1716/169/36 1717/167/36
f 1597/411/38 1717/167/36 1598/412/37
f 1598/412/37 1717/167/36 1718/166/36
f 1598/412/37 1718/166/36 1719/164/36
f 1598/412/37 1719/164/36 1599/413/37
f 1599/413/37 1719/164/36 1720/162/36
f 1599/413/37 1720/162/36 1600/414/36
f 1600/414/36 1720/162/36 1721/161/36
f 1600/414/36 1721/161/36 1601/415/36
f 1601/415/36 1721/161/36 1722/159/36
f 1601/415/36 1722/159/36 1602/416/36
f 1602/416/36 1722/159/36 1723/157/36
f 1602/416/36 1723/157/36 1724/156/36
f 1602/416/36 1724/156/36 1603/381/36
f 1603/381/36 1724/156/36 1725/154/36
f 1603/381/36 1725/154/36 1726/152/36
f 1682/143/35 1681/144/35 1730/145/35
f 1730/145/35 1681/144/35 1729/146/35
f 1748/417/58 1700/418/58 1747/419/57
f 1747/419/57 1700/418/58 1699/420/57
f 1747/419/57 1699/420/57 1698/421/56
f 1747/419/57 1698/421/56 1746/422/56
f 1746/422/56 1698/421/56 1697/423/55
f 1746/422/56 1697/423/55 1745/424/55
f 1745/424/55 1697/423/55 1696/425/54
f 1745/424/55 1696/425/54 1744/426/54
f 1744/426/54 1696/425/54 1695/427/53
f 1744/426/54 1695/427/53 1743/428/53
f 1743/428/53 1695/427/53 1694/429/52
f 1743/428/53 1694/429/52 1742/430/52
f 1742/430/52 1694/429/52 1693/431/51
f 1742/430/52 1693/431/51 1741/432/51
f 1741/432/51 1693/431/51 1692/433/50
f 1741/432/51 1692/433/50 1740/434/50
f 1740/434/50 1692/433/50 1691/435/49
f 1740/434/50 1691/435/49 1739/436/49
f 1739/436/49 1691/435/49 1690/437/48
f 1739/436/49 1690/437/48 1738/438/48
f 1738/438/48 1690/437/48 1689/439/47
f 1738/438/48 1689/439/47 1737/440/47
f 1737/440/47 1689/439/47 1688/441/46
f 1737/440/47 1688/441/46 1736/442/46
f 1736/442/46 1688/441/46 1687/443/45
f 1736/442/46 1687/443/45 1735/444/45
f 1735/444/45 1687/443/45 1686/445/44
f 1735/444/45 1686/445/44 1734/446/44
f 1734/446/44 1686/445/44 1685/447/43
f 1734/446/44 1685/447/43 1733/448/43
f 1733/448/43 1685/447/43 1684/449/42
f 1733/448/43 1684/449/42 1732/450/42
f 1732/450/42 1684/449/42 1683/451/41
f 1732/450/42 1683/451/41 1731/452/41
f 1731/452/41 1683/451/41 1730/195/40
f 1730/195/40 1683/451/41 1682/196/40
f 1701/143/39 1700/144/39 1749/145/39
f 1749/145/39 1700/144/39 1748/146/39
f 1729/453/29 1681/454/29 1776/455/28
f 1776/455/28 1681/454/29 1728/456/28
f 1776/455/28 1728/456/28 1727/457/27
f 1776/455/28 1727/457/27 1775/458/27
f 1775/458/27 1727/457/27 1726/459/26
f 1775/458/27 1726/459/26 1774/460/26
f 1774/460/26 1726/459/26 1725/461/25
f 1774/460/26 1725/461/25 1773/462/25
f 1773/462/25 1725/461/25 1724/463/24
f 1773/462/25 1724/463/24 1772/464/24
f 1772/464/24 1724/463/24 1723/465/23
f 1772/464/24 1723/465/23 1771/466/23
f 1771/466/23 1723/465/23 1722/467/22
f 1771/466/23 1722/467/22 1770/468/22
f 1770/468/22 1722/467/22 1721/469/21
f 1770/468/22 1721/469/21 1769/470/21
f 1769/470/21 1721/469/21 1720/471/20
f 1769/470/21 1720/471/20 1768/472/20
f 1768/472/20 1720/471/20 1719/473/19
f 1768/472/20 1719/473/19 1767/474/19
f 1767/474/19 1719/473/19 1718/475/18
f 1767/474/19 1718/475/18 1766/476/18
f 1766/476/18 1718/475/18 1717/477/17
f 1766/476/18 1717/477/17 1765/478/17
f 1765/478/17 1717/477/17 1716/479/16
f 1765/478/17 1716/479/16 1764/480/16
f 1764/480/16 1716/479/16 1715/481/15
f 1764/480/16 1715/481/15 1763/482/15
f 1763/482/15 1715/481/15 1714/483/14
f 1763/482/15 1714/483/14 1762/484/14
f 1762/484/14 1714/483/14 1713/485/13
f 1762/484/14 1713/485/13 1761/486/13
f 1761/486/13 1713/485/13 1712/487/12
f 1761/486/13 1712/487/12 1760/488/12
f 1760/488/12 1712/487/12 1711/489/11
f 1760/488/12 1711/489/11 1759/490/11
f 1759/490/11 1711/489/11 1710/491/10
f 1759/490/11 1710/491/10 1758/492/10
f 1758/492/10 1710/491/10 1709/493/9
f 1758/492/10 1709/493/9 1757/494/9
f 1757/494/9 1709/493/9 1708/495/8
f 1757/494/9 1708/495/8 1756/496/8
f 1756/496/8 1708/495/8 1707/497/7
f 1756/496/8 1707/497/7 1755/498/7
f 1755/498/7 1707/497/7 1706/499/6
f 1755/498/7 1706/499/6 1754/500/6
f 1754/500/6 1706/499/6 1705/501/5
f 1754/500/6 1705/501/5 1753/502/5
f 1753/502/5 1705/501/5 1704/503/4
f 1753/502/5 1704/503/4 1752/504/4
f 1752/504/4 1704/503/4 1703/505/3
f 1752/504/4 1703/505/3 1751/506/3
f 1751/506/3 1703/505/3 1702/507/2
f 1751/506/3 1702/507/2 1750/508/2
f 1750/508/2 1702/507/2 1749/509/1
f 1749/509/1 1702/507/2 1701/510/1
f 1729/59/31 1776/60/31 1730/61/31
f 1730/61/31 1776/60/31 1731/62/31
f 1731/62/31 1776/60/31 1775/63/31
f 1731/62/31 1775/63/31 1774/64/31
f 1773/65/31 1807/66/30 1774/64/31
f 1774/64/31 1807/66/30 1732/67/31
f 1774/64/31 1732/67/31 1731/62/31
f 1773/65/31 1772/68/31 1807/66/30
f 1807/66/30 1772/68/31 1806/69/30
f 1806/69/30 1772/68/31 1771/70/31
f 1806/69/30 1771/70/31 1770/71/31
f 1806/69/30 1770/71/31 1805/72/31
f 1805/72/31 1770/71/31 1769/73/31
f 1805/72/31 1769/73/31 1804/74/30
f 1804/74/30 1769/73/31 1768/75/31
f 1804/74/30 1768/75/31 1803/76/30
f 1803/76/30 1768/75/31 1767/77/31
f 1803/76/30 1767/77/31 1802/78/31
f 1802/78/31 1767/77/31 1766/79/31
f 1802/78/31 1766/79/31 1765/80/31
f 1802/78/31 1765/80/31 1801/81/31
f 1801/81/31 1765/80/31 1764/82/31
f 1801/81/31 1764/82/31 1800/83/31
f 1800/83/31 1764/82/31 1763/84/31
f 1800/83/31 1763/84/31 1799/85/31
f 1799/85/31 1763/84/31 1762/86/31
f 1799/85/31 1762/86/31 1798/87/31
f 1798/87/31 1762/86/31 1761/88/31
f 1798/87/31 1761/88/31 1797/89/31
f 1797/89/31 1761/88/31 1760/90/31
f 1797/89/31 1760/90/31 1759/91/31
f 1797/89/31 1759/91/31 1796/92/31
f 1796/92/31 1759/91/31 1758/93/31
f 1796/92/31 1758/93/31 1795/94/31
f 1795/94/31 1758/93/31 1757/95/31
f 1795/94/31 1757/95/31 1794/96/31
f 1794/96/31 1757/95/31 1756/97/31
f 1794/96/31 1756/97/31 1793/98/31
f 1793/98/31 1756/97/31 1755/99/31
f 1793/98/31 1755/99/31 1754/100/31
f 1793/98/31 1754/100/31 1792/101/31
f 1792/101/31 1754/100/31 1753/102/31
f 1792/101/31 1753/102/31 1752/103/31
f 1751/104/31 1747/105/31 1752/103/31
f 1752/103/31 1747/105/31 1746/106/31
f 1752/103/31 1746/106/31 1792/101/31
f 1792/101/31 1746/106/31 1791/107/31
f 1791/107/31 1746/106/31 1745/108/31
f 1791/107/31 1745/108/31 1790/109/32
f 1790/109/32 1745/108/31 1744/110/31
f 1790/109/32 1744/110/31 1789/111/31
f 1789/111/31 1744/110/31 1743/112/31
f 1789/111/31 1743/112/31 1788/113/31
f 1788/113/31 1743/112/31 1787/114/31
f 1787/114/31 1743/112/31 1742/115/31
f 1787/114/31 1742/115/31 1786/116/31
f 1786/116/31 1742/115/31 1741/117/31
f 1786/116/31 1741/117/31 1785/118/31
f 1785/118/31 1741/117/31 1784/119/31
f 1784/119/31 1741/117/31 1740/120/31
f 1784/119/31 1740/120/31 1783/121/31
f 1783/121/31 1740/120/31 1782/122/31
f 1782/122/31 1740/120/31 1739/123/31
f 1782/122/31 1739/123/31 1781/124/31
f 1781/124/31 1739/123/31 1738/125/31
f 1781/124/31 1738/125/31 1780/126/31
f 1780/126/31 1738/125/31 1779/127/31
f 1779/127/31 1738/125/31 1737/128/31
f 1779/127/31 1737/128/31 1778/129/31
f 1778/129/31 1737/128/31 1777/130/31
f 1777/130/31 1737/128/31 1736/131/31
f 1777/130/31 1736/131/31 1812/132/31
f 1812/132/31 1736/131/31 1735/133/31
f 1812/132/31 1735/133/31 1811/134/31
f 1811/134/31 1735/133/31 1810/135/30
f 1810/135/30 1735/133/31 1734/136/31
f 1810/135/30 1734/136/31 1809/137/31
f 1809/137/31 1734/136/31 1733/138/31
f 1809/137/31 1733/138/31 1808/139/31
f 1808/139/31 1733/138/31 1732/67/31
f 1808/139/31 1732/67/31 1807/66/30
f 1751/104/31 1750/140/31 1747/105/31
f 1747/105/31 1750/140/31 1748/141/31
f 1748/141/31 1750/140/31 1749/142/31
f 1814/1399/60 1851/1400/60 1813/1401/35
f 1813/1401/35 1851/1400/60 1854/1402/35
f 1813/1401/35 1854/1402/35 1848/1403/59
f 1848/1403/59 1854/1402/35 1919/1404/59
f 1848/1403/59 1919/1404/59 1847/1405/93
f 1847/1405/93 1919/1404/59 1917/1406/93
f 1847/1405/93 1917/1406/93 1846/1407/92
f 1846/1407/92 1917/1406/93 1915/1408/92
f 1846/1407/92 1915/1408/92 1845/1409/91
f 1845/1409/91 1915/1408/92 1913/1410/91
f 1845/1409/91 1913/1410/91 1844/1411/90
f 1844/1411/90 1913/1410/91 1911/1412/90
f 1844/1411/90 1911/1412/90 1843/1413/89
f 1843/1413/89 1911/1412/90 1909/1414/89
f 1843/1413/89 1909/1414/89 1842/1415/88
f 1842/1415/88 1909/1414/89 1907/1416/88
f 1842/1415/88 1907/1416/88 1841/1417/87
f 1841/1417/87 1907/1416/88 1905/1418/87
f 1841/1417/87 1905/1418/87 1840/1419/86
f 1840/1419/86 1905/1418/87 1903/1420/86
f 1840/1419/86 1903/1420/86 1839/1421/85
f 1839/1421/85 1903/1420/86 1901/1422/85
f 1839/1421/85 1901/1422/85 1838/1423/84
f 1838/1423/84 1901/1422/85 1899/1424/84
f 1838/1423/84 1899/1424/84 1837/1425/83
f 1837/1425/83 1899/1424/84 1897/1426/83
f 1837/1425/83 1897/1426/83 1836/1427/82
f 1836/1427/82 1897/1426/83 1895/1428/82
f 1836/1427/82 1895/1428/82 1835/1429/81
f 1835/1429/81 1895/1428/82 1893/1430/81
f 1835/1429/81 1893/1430/81 1834/1431/80
f 1834/1431/80 1893/1430/81 1891/1432/80
f 1834/1431/80 1891/1432/80 1833/1433/79
f 1833/1433/79 1891/1432/80 1889/1434/79
f 1833/1433/79 1889/1434/79 1832/1435/78
f 1832/1435/78 1889/1434/79 1887/1436/78
f 1832/1435/78 1887/1436/78 1831/1437/77
f 1831/1437/77 1887/1436/78 1849/1438/77
f 1831/1439/77 1849/1440/77 1830/1441/76
f 1830/1441/76 1849/1440/77 1885/1442/76
f 1830/1441/76 1885/1442/76 1829/1443/75
f 1829/1443/75 1885/1442/76 1883/1444/75
f 1829/1443/75 1883/1444/75 1828/1445/74
f 1828/1445/74 1883/1444/75 1881/1446/74
f 1828/1445/74 1881/1446/74 1827/1447/73
f 1827/1447/73 1881/1446/74 1879/1448/73
f 1827/1447/73 1879/1448/73 1826/1449/72
f 1826/1449/72 1879/1448/73 1877/1450/72
f 1826/1449/72 1877/1450/72 1825/1451/71
f 1825/1451/71 1877/1450/72 1875/1452/71
f 1825/1451/71 1875/1452/71 1824/1453/70
f 1824/1453/70 1875/1452/71 1873/1454/70
f 1824/1453/70 1873/1454/70 1823/1455/69
f 1823/1455/69 1873/1454/70 1871/1456/69
f 1823/1455/69 1871/1456/69 1822/1457/39
f 1822/1457/39 1871/1456/69 1869/1458/39
f 1822/1457/39 1869/1458/39 1821/1459/68
f 1821/1459/68 1869/1458/39 1867/1460/68
f 1821/1459/68 1867/1460/68 1820/1461/66
f 1820/1461/66 1867/1460/68 1865/1462/66
f 1820/1461/66 1865/1462/66 1819/1463/65
f 1819/1463/65 1865/1462/66 1863/1464/65
f 1819/1463/65 1863/1464/65 1818/1465/64
f 1818/1465/64 1863/1464/65 1861/1466/64
f 1818/1465/64 1861/1466/64 1817/1467/63
f 1817/1467/63 1861/1466/64 1859/1468/63
f 1817/1467/63 1859/1468/63 1816/1469/62
f 1816/1469/62 1859/1468/63 1857/1470/62
f 1816/1469/62 1857/1470/62 1815/1471/61
f 1815/1471/61 1857/1470/62 1855/1472/61
f 1815/1471/61 1855/1472/61 1814/1399/60
f 1814/1399/60 1855/1472/61 1851/1400/60
f 1812/1473/59 1920/1474/59 1777/1475/35
f 1777/1475/35 1920/1474/59 1853/1476/35
f 1777/1475/35 1853/1476/35 1778/1477/60
f 1778/1477/60 1853/1476/35 1852/1478/60
f 1778/1477/60 1852/1478/60 1779/1479/61
f 1779/1479/61 1852/1478/60 1856/1480/61
f 1779/1479/61 1856/1480/61 1780/1481/62
f 1780/1481/62 1856/1480/61 1858/1482/62
f 1780/1481/62 1858/1482/62 1781/1483/63
f 1781/1483/63 1858/1482/62 1860/1484/63
f 1781/1483/63 1860/1484/63 1782/1485/64
f 1782/1485/64 1860/1484/63 1862/1486/64
f 1782/1485/64 1862/1486/64 1783/1487/65
f 1783/1487/65 1862/1486/64 1864/1488/65
f 1783/1487/65 1864/1488/65 1784/1489/66
f 1784/1489/66 1864/1488/65 1866/1490/66
f 1784/1489/66 1866/1490/66 1785/1491/68
f 1785/1491/68 1866/1490/66 1868/1492/68
f 1785/1491/68 1868/1492/68 1786/1493/39
f 1786/1493/39 1868/1492/68 1870/1494/39
f 1786/1493/39 1870/1494/39 1787/1495/69
f 1787/1495/69 1870/1494/39 1872/1496/69
f 1787/1495/69 1872/1496/69 1788/1497/70
f 1788/1497/70 1872/1496/69 1874/1498/70
f 1788/1497/70 1874/1498/70 1789/1499/71
f 1789/1499/71 1874/1498/70 1876/1500/71
f 1789/1499/71 1876/1500/71 1790/1501/72
f 1790/1501/72 1876/1500/71 1878/1502/72
f 1790/1501/72 1878/1502/72 1791/1503/73
f 1791/1503/73 1878/1502/72 1880/1504/73
f 1791/1503/73 1880/1504/73 1792/1505/74
f 1792/1505/74 1880/1504/73 1882/1506/74
f 1792/1505/74 1882/1506/74 1793/1507/75
f 1793/1507/75 1882/1506/74 1884/1508/75
f 1793/1507/75 1884/1508/75 1794/1509/76
f 1794/1509/76 1884/1508/75 1886/1510/76
f 1794/1509/76 1886/1510/76 1795/1511/77
f 1795/1511/77 1886/1510/76 1850/1512/77
f 1795/1513/77 1850/1514/77 1796/1515/78
f 1796/1515/78 1850/1514/77 1888/1516/78
f 1796/1515/78 1888/1516/78 1797/1517/79
f 1797/1517/79 1888/1516/78 1890/1518/79
f 1797/1517/79 1890/1518/79 1798/1519/80
f 1798/1519/80 1890/1518/79 1892/1520/80
f 1798/1519/80 1892/1520/80 1799/1521/81
f 1799/1521/81 1892/1520/80 1894/1522/81
f 1799/1521/81 1894/1522/81 1800/1523/82
f 1800/1523/82 1894/1522/81 1896/1524/82
f 1800/1523/82 1896/1524/82 1801/1525/83
f 1801/1525/83 1896/1524/82 1898/1526/83
f 1801/1525/83 1898/1526/83 1802/1527/84
f 1802/1527/84 1898/1526/83 1900/1528/84
f 1802/1527/84 1900/1528/84 1803/1529/85
f 1803/1529/85 1900/1528/84 1902/1530/85
f 1803/1529/85 1902/1530/85 1804/1531/86
f 1804/1531/86 1902/1530/85 1904/1532/86
f 1804/1531/86 1904/1532/86 1805/1533/87
f 1805/1533/87 1904/1532/86 1906/1534/87
f 1805/1533/87 1906/1534/87 1806/1535/88
f 1806/1535/88 1906/1534/87 1908/1536/88
f 1806/1535/88 1908/1536/88 1807/1537/89
f 1807/1537/89 1908/1536/88 1910/1538/89
f 1807/1537/89 1910/1538/89 1808/1539/90
f 1808/1539/90 1910/1538/89 1912/1540/90
f 1808/1539/90 1912/1540/90 1809/1541/91
f 1809/1541/91 1912/1540/90 1914/1542/91
f 1809/1541/91 1914/1542/91 1810/1543/92
f 1810/1543/92 1914/1542/91 1916/1544/92
f 1810/1543/92 1916/1544/92 1811/1545/93
f 1811/1545/93 1916/1544/92 1918/1546/93
f 1811/1545/93 1918/1546/93 1812/1473/59
f 1812/1473/59 1918/1546/93 1920/1474/59
f 1849/1440/77 1850/1512/77 1885/1442/76
f 1885/1442/76 1850/1512/77 1886/1510/76
f 1885/1442/76 1886/1510/76 1883/1444/75
f 1883/1444/75 1886/1510/76 1884/1508/75
f 1883/1444/75 1884/1508/75 1881/1446/74
f 1881/1446/74 1884/1508/75 1882/1506/74
f 1881/1446/74 1882/1506/74 1879/1448/73
f 1879/1448/73 1882/1506/74 1880/1504/73
f 1879/1448/73 1880/1504/73 1877/1450/72
f 1877/1450/72 1880/1504/73 1878/1502/72
f 1877/1450/72 1878/1502/72 1875/1452/71
f 1875/1452/71 1878/1502/72 1876/1500/71
f 1875/1452/71 1876/1500/71 1873/1454/70
f 1873/1454/70 1876/1500/71 1874/1498/70
f 1873/1454/70 1874/1498/70 1871/1456/69
f 1871/1456/69 1874/1498/70 1872/1496/69
f 1871/1456/69 1872/1496/69 1869/1458/39
f 1869/1458/39 1872/1496/69 1870/1494/39
f 1869/1458/39 1870/1494/39 1867/1460/68
f 1867/1460/68 1870/1494/39 1868/1492/68
f 1867/1460/68 1868/1492/68 1865/1462/66
f 1865/1462/66 1868/1492/68 1866/1490/66
f 1865/1462/66 1866/1490/66 1863/1464/65
f 1863/1464/65 1866/1490/66 1864/1488/65
f 1863/1464/65 1864/1488/65 1861/1466/64
f 1861/1466/64 1864/1488/65 1862/1486/64
f 1861/1466/64 1862/1486/64 1859/1468/63
f 1859/1468/63 1862/1486/64 1860/1484/63
f 1859/1468/63 1860/1484/63 1857/1470/62
f 1857/1470/62 1860/1484/63 1858/1482/62
f 1857/1470/62 1858/1482/62 1855/1472/61
f 1855/1472/61 1858/1482/62 1856/1480/61
f 1855/1472/61 1856/1480/61 1851/1400/60
f 1851/1400/60 1856/1480/61 1852/1478/60
f 1851/1400/60 1852/1478/60 1854/1402/35
f 1854/1402/35 1852/1478/60 1853/1476/35
f 1854/1402/35 1853/1476/35 1919/1404/59
f 1919/1404/59 1853/1476/35 1920/1474/59
f 1919/1404/59 1920/1474/59 1917/1406/93
f 1917/1406/93 1920/1474/59 1918/1546/93
f 1917/1406/93 1918/1546/93 1915/1408/92
f 1915/1408/92 1918/1546/93 1916/1544/92
f 1915/1408/92 1916/1544/92 1913/1410/91
f 1913/1410/91 1916/1544/92 1914/1542/91
f 1913/1410/91 1914/1542/91 1911/1412/90
f 1911/1412/90 1914/1542/91 1912/1540/90
f 1911/1412/90 1912/1540/90 1909/1414/89
f 1909/1414/89 1912/1540/90 1910/1538/89
f 1909/1414/89 1910/1538/89 1907/1416/88
f 1907/1416/88 1910/1538/89 1908/1536/88
f 1907/1416/88 1908/1536/88 1905/1418/87
f 1905/1418/87 1908/1536/88 1906/1534/87
f 1905/1418/87 1906/1534/87 1903/1420/86
f 1903/1420/86 1906/1534/87 1904/1532/86
f 1903/1420/86 1904/1532/86 1901/1422/85
f 1901/1422/85 1904/1532/86 1902/1530/85
f 1901/1422/85 1902/1530/85 1899/1424/84
f 1899/1424/84 1902/1530/85 1900/1528/84
f 1899/1424/84 1900/1528/84 1897/1426/83
f 1897/1426/83 1900/1528/84 1898/1526/83
f 1897/1426/83 1898/1526/83 1895/1428/82
f 1895/1428/82 1898/1526/83 1896/1524/82
f 1895/1428/82 1896/1524/82 1893/1430/81
f 1893/1430/81 1896/1524/82 1894/1522/81
f 1893/1430/81 1894/1522/81 1891/1432/80
f 1891/1432/80 1894/1522/81 1892/1520/80
f 1891/1432/80 1892/1520/80 1889/1434/79
f 1889/1434/79 1892/1520/80 1890/1518/79
f 1889/1434/79 1890/1518/79 1887/1436/78
f 1887/1436/78 1890/1518/79 1888/1516/78
f 1887/1436/78 1888/1516/78 1849/1438/77
f 1849/1438/77 1888/1516/78 1850/1514/77
f 1921/147/36 1922/148/36 1968/149/36
f 1968/149/36 1922/148/36 1923/150/36
f 1968/149/36 1923/150/36 1967/151/36
f 1967/151/36 1923/150/36 1966/152/36
f 1966/152/36 1923/150/36 1924/153/36
f 1966/152/36 1924/153/36 1843/381/37
f 1843/381/37 1924/153/36 1844/382/36
f 1844/382/36 1924/153/36 1925/155/36
f 1844/382/36 1925/155/36 1845/383/36
f 1845/383/36 1925/155/36 1926/158/36
f 1845/383/36 1926/158/36 1846/384/36
f 1846/384/36 1926/158/36 1927/160/36
f 1846/384/36 1927/160/36 1847/385/36
f 1847/385/36 1927/160/36 1848/386/36
f 1848/386/36 1927/160/36 1928/163/36
f 1848/386/36 1928/163/36 1813/387/36
f 1813/387/36 1928/163/36 1929/165/36
f 1813/387/36 1929/165/36 1814/388/36
f 1814/388/36 1929/165/36 1815/389/36
f 1815/389/36 1929/165/36 1930/168/36
f 1815/389/36 1930/168/36 1816/390/36
f 1816/390/36 1930/168/36 1817/391/36
f 1817/391/36 1930/168/36 1931/170/36
f 1817/391/36 1931/170/36 1818/392/36
f 1818/392/36 1931/170/36 1932/173/36
f 1818/392/36 1932/173/36 1819/393/36
f 1819/393/36 1932/173/36 1820/394/36
f 1820/394/36 1932/173/36 1933/175/36
f 1820/394/36 1933/175/36 1821/395/36
f 1821/395/36 1933/175/36 1822/396/36
f 1822/396/36 1933/175/36 1934/185/36
f 1822/396/36 1934/185/36 1823/397/36
f 1823/397/36 1934/185/36 1935/187/36
f 1823/397/36 1935/187/36 1824/398/94
f 1824/398/94 1935/187/36 1825/399/38
f 1825/399/38 1935/187/36 1936/188/36
f 1825/399/38 1936/188/36 1826/400/36
f 1826/400/36 1936/188/36 1937/189/36
f 1826/400/36 1937/189/36 1827/401/94
f 1827/401/94 1937/189/36 1938/191/36
f 1827/401/94 1938/191/36 1828/402/36
f 1828/402/36 1938/191/36 1944/184/36
f 1828/402/36 1944/184/36 1945/183/36
f 1938/191/36 1939/192/36 1944/184/36
f 1944/184/36 1939/192/36 1943/186/36
f 1943/186/36 1939/192/36 1942/190/36
f 1942/190/36 1939/192/36 1940/193/36
f 1942/190/36 1940/193/36 1941/194/36
f 1945/183/36 1946/182/36 1828/402/36
f 1828/402/36 1946/182/36 1829/403/36
f 1829/403/36 1946/182/36 1947/181/36
f 1829/403/36 1947/181/36 1948/180/36
f 1829/403/36 1948/180/36 1830/404/36
f 1830/404/36 1948/180/36 1949/179/36
f 1830/404/36 1949/179/36 1831/405/36
f 1831/405/36 1949/179/36 1950/178/36
f 1831/405/36 1950/178/36 1832/406/36
f 1832/406/36 1950/178/36 1951/177/36
f 1832/406/36 1951/177/36 1833/407/36
f 1833/407/36 1951/177/36 1952/176/36
f 1833/407/36 1952/176/36 1953/174/36
f 1833/407/36 1953/174/36 1834/408/38
f 1834/408/38 1953/174/36 1954/172/36
f 1834/408/38 1954/172/36 1835/409/36
f 1835/409/36 1954/172/36 1955/171/36
f 1835/409/36 1955/171/36 1836/410/38
f 1836/410/38 1955/171/36 1956/169/36
f 1836/410/38 1956/169/36 1837/411/36
f 1837/411/36 1956/169/36 1957/167/36
f 1837/411/36 1957/167/36 1838/412/36
f 1838/412/36 1957/167/36 1958/166/36
f 1838/412/36 1958/166/36 1959/164/36
f 1838/412/36 1959/164/36 1839/413/36
f 1839/413/36 1959/164/36 1960/162/36
f 1839/413/36 1960/162/36 1840/414/36
f 1840/414/36 1960/162/36 1961/161/36
f 1840/414/36 1961/161/36 1841/415/36
f 1841/415/36 1961/161/36 1962/159/36
f 1841/415/36 1962/159/36 1842/416/37
f 1842/416/37 1962/159/36 1963/157/36
f 1842/416/37 1963/157/36 1964/156/36
f 1842/416/37 1964/156/36 1843/381/37
f 1843/381/37 1964/156/36 1965/154/36
f 1843/381/37 1965/154/36 1966/152/36
f 1922/143/35 1921/144/35 1970/145/35
f 1970/145/35 1921/144/35 1969/146/35
f 1988/417/58 1940/418/58 1987/419/57
f 1987/419/57 1940/418/58 1939/420/57
f 1987/419/57 1939/420/57 1938/421/56
f 1987/419/57 1938/421/56 1986/422/56
f 1986/422/56 1938/421/56 1937/423/55
f 1986/422/56 1937/423/55 1985/424/55
f 1985/424/55 1937/423/55 1936/425/54
f 1985/424/55 1936/425/54 1984/426/54
f 1984/426/54 1936/425/54 1935/427/53
f 1984/426/54 1935/427/53 1983/428/53
f 1983/428/53 1935/427/53 1934/429/52
f 1983/428/53 1934/429/52 1982/430/52
f 1982/430/52 1934/429/52 1933/431/51
f 1982/430/52 1933/431/51 1981/432/51
f 1981/432/51 1933/431/51 1932/433/50
f 1981/432/51 1932/433/50 1980/434/50
f 1980/434/50 1932/433/50 1931/435/49
f 1980/434/50 1931/435/49 1979/436/49
f 1979/436/49 1931/435/49 1930/437/48
f 1979/436/49 1930/437/48 1978/438/48
f 1978/438/48 1930/437/48 1929/439/47
f 1978/438/48 1929/439/47 1977/440/47
f 1977/440/47 1929/439/47 1928/441/46
f 1977/440/47 1928/441/46 1976/442/46
f 1976/442/46 1928/441/46 1927/443/45
f 1976/442/46 1927/443/45 1975/444/45
f 1975/444/45 1927/443/45 1926/445/44
f 1975/444/45 1926/445/44 1974/446/44
f 1974/446/44 1926/445/44 1925/447/43
f 1974/446/44 1925/447/43 1973/448/43
f 1973/448/43 1925/447/43 1924/449/42
f 1973/448/43 1924/449/42 1972/450/42
f 1972/450/42 1924/449/42 1923/451/41
f 1972/450/42 1923/451/41 1971/452/41
f 1971/452/41 1923/451/41 1970/195/40
f 1970/195/40 1923/451/41 1922/196/40
f 1941/143/39 1940/144/39 1989/145/39
f 1989/145/39 1940/144/39 1988/146/39
f 1969/453/29 1921/454/29 2016/455/28
f 2016/455/28 1921/454/29 1968/456/28
f 2016/455/28 1968/456/28 1967/457/27
f 2016/455/28 1967/457/27 2015/458/27
f 2015/458/27 1967/457/27 1966/459/26
f 2015/458/27 1966/459/26 2014/460/26
f 2014/460/26 1966/459/26 1965/461/25
f 2014/460/26 1965/461/25 2013/462/25
f 2013/462/25 1965/461/25 1964/463/24
f 2013/462/25 1964/463/24 2012/464/24
f 2012/464/24 1964/463/24 1963/465/23
f 2012/464/24 1963/465/23 2011/466/23
f 2011/466/23 1963/465/23 1962/467/22
f 2011/466/23 1962/467/22 2010/468/22
f 2010/468/22 1962/467/22 1961/469/21
f 2010/468/22 1961/469/21 2009/470/21
f 2009/470/21 1961/469/21 1960/471/20
f 2009/470/21 1960/471/20 2008/472/20
f 2008/472/20 1960/471/20 1959/473/19
f 2008/472/20 1959/473/19 2007/474/19
f 2007/474/19 1959/473/19 1958/475/18
f 2007/474/19 1958/475/18 2006/476/18
f 2006/476/18 1958/475/18 1957/477/17
f 2006/476/18 1957/477/17 2005/478/17
f 2005/478/17 1957/477/17 1956/479/16
f 2005/478/17 1956/479/16 2004/480/16
f 2004/480/16 1956/479/16 1955/481/15
f 2004/480/16 1955/481/15 2003/482/15
f 2003/482/15 1955/481/15 1954/483/14
f 2003/482/15 1954/483/14 2002/484/14
f 2002/484/14 1954/483/14 1953/485/13
f 2002/484/14 1953/485/13 2001/486/13
f 2001/486/13 1953/485/13 1952/487/12
f 2001/486/13 1952/487/12 2000/488/12
f 2000/488/12 1952/487/12 1951/489/11
f 2000/488/12 1951/489/11 1999/490/11
f 1999/490/11 1951/489/11 1950/491/10
f 1999/490/11 1950/491/10 1998/492/10
f 1998/492/10 1950/491/10 1949/493/9
f 1998/492/10 1949/493/9 1997/494/9
f 1997/494/9 1949/493/9 1948/495/8
f 1997/494/9 1948/495/8 1996/496/8
f 1996/496/8 1948/495/8 1947/497/7
f 1996/496/8 1947/497/7 1995/498/7
f 1995/498/7 1947/497/7 1946/499/6
f 1995/498/7 1946/499/6 1994/500/6
f 1994/500/6 1946/499/6 1945/501/5
f 1994/500/6 1945/501/5 1993/502/5
f 1993/502/5 1945/501/5 1944/503/4
f 1993/502/5 1944/503/4 1992/504/4
f 1992/504/4 1944/503/4 1943/505/3
f 1992/504/4 1943/505/3 1991/506/3
f 1991/506/3 1943/505/3 1942/507/2
f 1991/506/3 1942/507/2 1990/508/2
f 1990/508/2 1942/507/2 1989/509/1
f 1989/509/1 1942/507/2 1941/510/1
f 1969/59/31 2016/60/31 1970/61/31
f 1970/61/31 2016/60/31 1971/62/31
f 1971/62/31 2016/60/31 2015/63/31
f 1971/62/31 2015/63/31 2014/64/31
f 1971/62/31 2014/64/31 1972/67/31
f 1972/67/31 2014/64/31 2013/65/31
f 1972/67/31 2013/65/31 1973/138/31
f 1973/138/31 2013/65/31 2012/68/31
f 1973/138/31 2012/68/31 2011/70/31
f 1973/138/31 2011/70/31 1974/136/31
f 1974/136/31 2011/70/31 2010/71/31
f 1974/136/31 2010/71/31 1975/133/31
f 1975/133/31 2010/71/31 2009/73/31
f 1975/133/31 2009/73/31 2008/75/31
f 1975/133/31 2008/75/31 1976/131/31
f 1976/131/31 2008/75/31 2007/77/31
f 1976/131/31 2007/77/31 1977/128/31
f 1977/128/31 2007/77/31 2006/79/31
f 1977/128/31 2006/79/31 2005/80/31
f 1977/128/31 2005/80/31 1978/125/31
f 1978/125/31 2005/80/31 2004/82/31
f 1978/125/31 2004/82/31 1979/123/31
f 1979/123/31 2004/82/31 2003/84/31
f 1979/123/31 2003/84/31 2002/86/31
f 1979/123/31 2002/86/31 1980/120/31
f 1980/120/31 2002/86/31 2001/88/31
f 1980/120/31 2001/88/31 1981/117/31
f 1981/117/31 2001/88/31 2000/90/31
f 1981/117/31 2000/90/31 1999/91/31
f 1999/91/31 1998/93/31 1981/117/31
f 1981/117/31 1998/93/31 1997/95/31
f 1981/117/31 1997/95/31 1996/97/31
f 1996/97/31 1995/99/31 1981/117/31
f 1981/117/31 1995/99/31 1994/100/31
f 1981/117/31 1994/100/31 1993/102/31
f 1993/102/31 1992/103/31 1981/117/31
f 1981/117/31 1992/103/31 1982/115/31
f 1982/115/31 1992/103/31 1991/104/31
f 1982/115/31 1991/104/31 1983/112/31
f 1983/112/31 1991/104/31 1984/110/31
f 1984/110/31 1991/104/31 1985/108/31
f 1985/108/31 1991/104/31 1990/140/31
f 1985/108/31 1990/140/31 1986/106/31
f 1986/106/31 1990/140/31 1987/105/31
f 1987/105/31 1990/140/31 1989/142/31
f 1987/105/31 1989/142/31 1988/141/31
